1.520259128695307815e-15 1.775076522310177385e-14 3.002391025906162213e+03
1.050245812812439190e-14 1.682937891305533001e-14 3.004509312185429735e+03
4.638477147489910182e-15 1.593935923065792860e-14 3.006627689828193070e+03
6.249086785945944934e-15 1.545216606797247553e-14 3.008746158837951043e+03
3.892545490848634215e-15 1.476013547362809840e-14 3.010864719218181563e+03
1.028551691890243623e-14 1.397371607024400820e-14 3.012983370972340708e+03
2.963587917526206041e-15 1.359599001589602161e-14 3.015102114103859094e+03
-5.298826671761791427e-15 1.306187172362652835e-14 3.017220948616149144e+03
-3.271421765454526562e-15 1.258135330648622047e-14 3.019339874512595088e+03
-5.434556898139160414e-16 1.179104981338809271e-14 3.021458891796562966e+03
-2.651637399255712799e-15 1.169798154804905600e-14 3.023578000471393352e+03
-1.310604069949488540e-15 1.121342923023770095e-14 3.025697200540407721e+03
-7.444118171907899633e-16 1.098322737773365357e-14 3.027816492006900262e+03
4.671921077202163789e-15 1.026056216828009866e-14 3.029935874874145156e+03
3.380384653051425080e-15 1.010758049710913950e-14 3.032055349145393848e+03
-4.105290359172847817e-15 9.661823458277484202e-15 3.034174914823875042e+03
-3.944329850220198656e-15 9.323328881984750553e-15 3.036294571912794709e+03
4.663994442689420365e-15 9.048444336922438221e-15 3.038414320415335169e+03
7.887528921726098654e-15 9.146385601033556004e-15 3.040534160334657372e+03
5.086643560804988681e-15 8.852612382535488544e-15 3.042654091673899529e+03
-4.974588047731941276e-16 8.684346925813970110e-15 3.044774114436174841e+03
1.810696661916753153e-15 8.448178966038444009e-15 3.046894228624576499e+03
4.747491451067892144e-16 7.969630352040549687e-15 3.049014434242175412e+03
6.252116173018551616e-16 7.634784153461633499e-15 3.051134731292016113e+03
6.073177401888271584e-16 7.385916745550818689e-15 3.053255119777124492e+03
1.079311145696909869e-15 6.945235635206202741e-15 3.055375599700500970e+03
1.668239495433361289e-15 6.740559718556428790e-15 3.057496171065124145e+03
-5.861621425639456093e-16 6.393426335159855668e-15 3.059616833873950782e+03
-3.592354194278826044e-16 6.187456237183555600e-15 3.061737588129913092e+03
1.539407068859581691e-15 5.933979564592776902e-15 3.063858433835922369e+03
1.787396446213842031e-15 5.985319300117222489e-15 3.065979370994865349e+03
1.677596465300239011e-15 5.684612312267592769e-15 3.068100399609607393e+03
3.128518191660615051e-15 5.620464734632426078e-15 3.070221519682990674e+03
-6.662123484288197232e-16 5.425475524658483156e-15 3.072342731217834626e+03
4.467635455595678718e-16 5.204745689044343139e-15 3.074464034216935943e+03
6.144293928110548344e-15 5.105414214493608388e-15 3.076585428683068130e+03
1.846312593889901667e-15 5.012565308946568731e-15 3.078706914618981500e+03
1.999384483949608177e-15 4.799903020638673627e-15 3.080828492027405446e+03
-1.545020629256265777e-15 4.662812464073632831e-15 3.082950160911045714e+03
9.921651854944408448e-16 4.550557750439792265e-15 3.085071921272583950e+03
1.050826246302297577e-15 4.412864052575509118e-15 3.087193773114679971e+03
-6.171276223523275713e-16 4.293101571962498182e-15 3.089315716439971766e+03
-3.827946182894741567e-16 4.199525230271088003e-15 3.091437751251072768e+03
1.747203609529364610e-15 4.165063480332945888e-15 3.093559877550574129e+03
2.833997980567976962e-15 4.061144165817554536e-15 3.095682095341045169e+03
2.887621346683040980e-15 4.045808237453510145e-15 3.097804404625030656e+03
5.492773593915041590e-16 3.984454790000695198e-15 3.099926805405055347e+03
-9.413225472297035306e-16 3.876585596077352221e-15 3.102049297683616714e+03
1.460991918730067409e-15 3.823799407971450926e-15 3.104171881463193131e+03
1.065059964250948567e-15 3.886662275153556031e-15 3.106294556746240232e+03
3.947964576317657569e-15 4.077318711730799473e-15 3.108417323535187734e+03
-1.277572649205603546e-15 4.146631199087371428e-15 3.110540181832445796e+03
-2.580953664357438864e-15 4.115569566363486138e-15 3.112663131640398205e+03
8.108792398178622851e-16 3.940040552408418300e-15 3.114786172961409648e+03
2.112782162055341584e-15 3.764061218387489866e-15 3.116909305797820252e+03
3.281031062924793902e-15 3.656621921925493797e-15 3.119032530151945139e+03
6.176851845112225364e-16 3.459877088376660984e-15 3.121155846026081235e+03
1.402974201073261069e-15 3.353301741568785161e-15 3.123279253422498186e+03
-2.246714318280351649e-16 3.197145937586248763e-15 3.125402752343444718e+03
1.108653904542235520e-15 3.155078535020277129e-15 3.127526342791146817e+03
-1.999118832901386475e-19 3.050113998889390190e-15 3.129650024767806826e+03
1.605320968583093446e-15 2.965554491918015716e-15 3.131773798275604349e+03
-5.613443877047619284e-16 2.943762157527561952e-15 3.133897663316697162e+03
1.423107911062841317e-15 2.893643904449169892e-15 3.136021619893218030e+03
7.691466828964940047e-16 2.802338220406893292e-15 3.138145668007279255e+03
6.285381054058185468e-19 2.711265870889207494e-15 3.140269807660967672e+03
2.524843605456895185e-16 2.610419199891341974e-15 3.142394038856348743e+03
1.422561188869192514e-15 2.579202909247373104e-15 3.144518361595465649e+03
5.579657657539887625e-16 2.500984660277353056e-15 3.146642775880336558e+03
-2.926822439968457646e-16 2.407070272733605610e-15 3.148767281712957811e+03
6.267367618892940562e-16 2.367867832080831612e-15 3.150891879095303011e+03
1.093457702914729858e-15 2.280946479591221706e-15 3.153016568029323025e+03
3.013365753528780200e-15 2.290461835215149400e-15 3.155141348516944618e+03
-1.034052181419818197e-16 2.293873120074237499e-15 3.157266220560072725e+03
1.592503111374614557e-15 2.254553002888752798e-15 3.159391184160587727e+03
6.485272299184125685e-16 2.226665830978005998e-15 3.161516239320349996e+03
-6.933795230272419162e-16 2.137753430958200007e-15 3.163641386041193527e+03
1.348459845168611182e-15 2.075290538414101790e-15 3.165766624324931399e+03
-1.096039233158186784e-16 2.062116631299297579e-15 3.167891954173353042e+03
9.844064984632482673e-17 2.060013111580494215e-15 3.170017375588225605e+03
8.933908620801374119e-16 2.032677918992860205e-15 3.172142888571291223e+03
7.361154522641331025e-16 2.013836137483487472e-15 3.174268493124271572e+03
1.888857304058737658e-15 2.039275087447976570e-15 3.176394189248864677e+03
1.729106475604844950e-15 2.096229021610560832e-15 3.178519976946743554e+03
8.045557475981516305e-16 2.194117730876042123e-15 3.180645856219559846e+03
8.152477958510676037e-16 2.306560398316218287e-15 3.182771827068942912e+03
1.727115877796703111e-15 2.328446227615516540e-15 3.184897889496496646e+03
1.617865052755096714e-16 2.234396740234919598e-15 3.187024043503804933e+03
1.691736806302358017e-15 2.148588498547607624e-15 3.189150289092427556e+03
1.538146342992525528e-15 2.063395534347874700e-15 3.191276626263898379e+03
9.280522309165137419e-16 1.983567668413380657e-15 3.193403055019733074e+03
8.715919617220436871e-16 1.898149559628511170e-15 3.195529575361419575e+03
1.108736902932791291e-15 1.883924424821866180e-15 3.197656187290426715e+03
1.899978051133129781e-15 1.861504573533496868e-15 3.199782890808197408e+03
2.209635781844284338e-15 1.846287060279056397e-15 3.201909685916153649e+03
-3.768155784158351529e-16 1.788855070870939262e-15 3.204036572615691512e+03
1.178986116539922913e-15 1.776851416196194176e-15 3.206163550908187972e+03
2.612497917823798343e-17 1.757140317164959861e-15 3.208290620794991810e+03
5.240310080280445311e-16 1.726155110084271370e-15 3.210417782277435435e+03
-1.619777673224672762e-16 1.693078994352717416e-15 3.212545035356821245e+03
9.961905530630423922e-16 1.644020578315204850e-15 3.214672380034432990e+03
1.066351057124467370e-15 1.635962425094857585e-15 3.216799816311528957e+03
3.341510237782694019e-16 1.566533756585826519e-15 3.218927344189345604e+03
2.727598190262844823e-16 1.507672308291345306e-15 3.221054963669097560e+03
5.351342130063112532e-16 1.481508356626843378e-15 3.223182674751973082e+03
1.020110007574596780e-15 1.447762570223911277e-15 3.225310477439138594e+03
1.424072917443415157e-15 1.441734421766447368e-15 3.227438371731738698e+03
1.144406811062482610e-15 1.446583305090938827e-15 3.229566357630892981e+03
1.312900039988892531e-15 1.480653436656148076e-15 3.231694435137700111e+03
1.046504140949900735e-15 1.556247843186390427e-15 3.233822604253233294e+03
1.312948314388193475e-15 1.597998319464338438e-15 3.235950864978543450e+03
1.155554723381017953e-15 1.629076114905763018e-15 3.238079217314659218e+03
3.052626313316662078e-16 1.589556819496207905e-15 3.240207661262585134e+03
1.585028655131699428e-15 1.585462123925299036e-15 3.242336196823301634e+03
1.859363790008630545e-15 1.562553149525936942e-15 3.244464823997768690e+03
5.939800258178033594e-16 1.522846533239964070e-15 3.246593542786919897e+03
1.161329451051916809e-15 1.465985397627259262e-15 3.248722353191669754e+03
9.083341070591391274e-16 1.417258639764001144e-15 3.250851255212903197e+03
3.494518433368155152e-16 1.399619408870448963e-15 3.252980248851490160e+03
-3.849047855019056798e-16 1.347264170475304043e-15 3.255109334108269650e+03
1.160572643194259680e-15 1.303626634105130446e-15 3.257238510984062486e+03
9.563762356804320324e-16 1.301500034757746280e-15 3.259367779479664023e+03
9.001761958349264976e-17 1.355966094158488877e-15 3.261497139595848239e+03
1.181772739722885561e-15 1.388178541318087446e-15 3.263626591333362740e+03
1.796014007359389329e-15 1.423937033556543264e-15 3.265756134692936030e+03
1.579370478746949452e-15 1.475648199892883492e-15 3.267885769675269330e+03
1.245225268091575456e-15 1.559498061371984079e-15 3.270015496281043852e+03
2.092008671886886842e-16 1.605823313540860673e-15 3.272145314510916251e+03
3.765203659183352019e-16 1.620621076943255990e-15 3.274275224365517715e+03
1.237316632121654394e-15 1.583850160170507020e-15 3.276405225845461246e+03
9.047110172969898772e-16 1.519947088299044023e-15 3.278535318951332556e+03
1.100577883068306652e-15 1.425977709314910560e-15 3.280665503683694624e+03
5.202215116146925902e-16 1.347677558817196045e-15 3.282795780043088598e+03
1.015557225614620844e-15 1.297631504355593796e-15 3.284926148030031982e+03
5.125327459018093851e-17 1.289425732205447137e-15 3.287056607645018630e+03
2.564770510129176337e-16 1.273585486634416926e-15 3.289187158888516024e+03
4.780277974196512642e-16 1.256422376992678994e-15 3.291317801760975271e+03
9.736873997051323981e-18 1.267246653398855572e-15 3.293448536262818379e+03
3.683314410013682482e-16 1.319939481087749260e-15 3.295579362394446889e+03
-2.832865789435098864e-16 1.346603747991105303e-15 3.297710280156237786e+03
1.107163025748268368e-16 1.351645061827190676e-15 3.299841289548545319e+03
6.297706717956348275e-16 1.327311407571465877e-15 3.301972390571700089e+03
1.165574136534588050e-15 1.309923187723952495e-15 3.304103583226008595e+03
4.267860299049289527e-16 1.287572771446267439e-15 3.306234867511755510e+03
-4.639749031422340750e-16 1.254081762837513878e-15 3.308366243429203223e+03
-3.244459445970867455e-16 1.200537135413151406e-15 3.310497710978586838e+03
5.725954756727083372e-16 1.179271293376036045e-15 3.312629270160121905e+03
1.977294570902959276e-16 1.122981361719488900e-15 3.314760920973998509e+03
-1.385409359092823055e-16 1.068811239231743235e-15 3.316892663420385361e+03
5.868857916905259872e-16 1.069074450956773324e-15 3.319024497499424342e+03
7.448096939333573299e-16 1.079051905135081488e-15 3.321156423211238689e+03
7.218090994972328662e-16 1.100106366651128183e-15 3.323288440555923444e+03
1.033526099363356675e-15 1.127051048824816210e-15 3.325420549533554095e+03
2.497506724654852082e-17 1.117788626546704014e-15 3.327552750144180663e+03
2.630432090879562896e-16 1.113368061450548103e-15 3.329685042387830435e+03
2.259472232202627053e-16 1.123102004406382643e-15 3.331817426264507958e+03
-5.129984933281487706e-16 1.131910636599411906e-15 3.333949901774192767e+03
1.349168494513388651e-16 1.160896677749995343e-15 3.336082468916842572e+03
-3.721799027959864126e-17 1.133382471844745939e-15 3.338215127692391434e+03
-4.337185070173911169e-16 1.091407679213840887e-15 3.340347878100747948e+03
1.114599553945192477e-16 1.047478089110749407e-15 3.342480720141801157e+03
2.621838264162563345e-17 1.029497017746064264e-15 3.344613653815413272e+03
5.750010412122877996e-16 1.063025314785568964e-15 3.346746679121425132e+03
4.238947275761607319e-16 1.138656089551142051e-15 3.348879796059652108e+03
1.092274827374245529e-15 1.186946206408824504e-15 3.351013004629889110e+03
6.176263360845994440e-16 1.217199542126052145e-15 3.353146304831905582e+03
8.931362642426750281e-16 1.190898048498600917e-15 3.355279696665446863e+03
3.932077893244844412e-16 1.154673718788852195e-15 3.357413180130236469e+03
8.303432582657928416e-16 1.148861404979975988e-15 3.359546755225973811e+03
1.184881042164833755e-15 1.126861997840582776e-15 3.361680421952335564e+03
7.208411082150834704e-16 1.108967468812852902e-15 3.363814180308973846e+03
-5.072091953669026180e-16 1.090976186493153482e-15 3.365948030295517128e+03
4.533201866591263437e-16 1.102276804981023970e-15 3.368081971911572055e+03
7.545380422907153866e-16 1.102136663531338019e-15 3.370216005156720712e+03
1.064826578935871815e-15 1.095550968707909386e-15 3.372350130030520631e+03
2.841219317500331097e-16 1.062202158100800203e-15 3.374484346532509335e+03
1.187741299673658904e-15 1.046410878566940111e-15 3.376618654662196604e+03
3.019765262166326752e-16 1.044446249372805020e-15 3.378753054419071304e+03
4.436021410634103939e-16 1.057676713563946822e-15 3.380887545802598197e+03
1.299290791770357021e-15 1.045039760754598271e-15 3.383022128812218398e+03
9.751833568247054718e-16 1.023153086630898438e-15 3.385156803447351194e+03
1.045977025369444695e-15 1.007172456710395698e-15 3.387291569707388135e+03
9.701190715716397365e-16 9.853137149761704373e-16 3.389426427591701213e+03
6.508148695157349840e-16 9.694019347261682175e-16 3.391561377099638776e+03
9.313600702565791777e-16 9.806968048059811633e-16 3.393696418230522795e+03
9.415584182120512433e-16 9.753899297767549987e-16 3.395831550983654324e+03
8.726314085382597586e-16 9.765717868134530568e-16 3.397966775358310770e+03
1.080717129479438046e-15 9.861545556571783550e-16 3.400102091353743162e+03
7.329909698676682160e-16 1.013547520623441433e-15 3.402237498969183889e+03
-1.888110872405596294e-17 1.027517373267989283e-15 3.404372998203835778e+03
-2.246765306603235820e-16 1.025008968189828938e-15 3.406508589056883466e+03
7.245170358724949805e-16 1.025228437795751232e-15 3.408644271527485216e+03
1.411168438117818011e-15 1.015742168588260853e-15 3.410780045614777009e+03
1.172042268534405296e-15 1.021654711819370895e-15 3.412915911317868449e+03
4.177022439850586130e-16 1.017948088428104769e-15 3.415051868635850497e+03
4.955160500761188008e-16 9.978907783211625782e-16 3.417187917567785917e+03
6.908157153948746151e-16 1.002110951769744216e-15 3.419324058112716557e+03
2.957978832751691701e-16 9.761767676083551813e-16 3.421460290269659254e+03
2.860564185495432573e-16 9.658861403390503537e-16 3.423596614037609015e+03
5.899559850470838129e-16 9.057656542800302361e-16 3.425733029415535384e+03
2.604190691286108524e-16 8.694974347552039346e-16 3.427869536402384256e+03
5.492896957230824815e-16 8.624581595156934927e-16 3.430006134997079243e+03
6.185343384993145218e-16 8.867491589028616365e-16 3.432142825198520768e+03
1.129163927916328121e-15 9.292101651123982193e-16 3.434279607005583330e+03
2.685090780240302090e-16 9.661120207809441590e-16 3.436416480417119601e+03
2.290913783658874924e-16 9.933084066663492029e-16 3.438553445431957698e+03
-1.187065253448186399e-16 9.971601965973926294e-16 3.440690502048902999e+03
-9.716013990756281693e-17 9.786588155726242975e-16 3.442827650266736782e+03
1.328371260773634409e-16 9.559268602618516370e-16 3.444964890084217586e+03
-1.388214961739905720e-16 9.249162794334694127e-16 3.447102221500077121e+03
4.405073881147276603e-16 9.208013342996730034e-16 3.449239644513027997e+03
8.073128140611152865e-17 9.094221193710789740e-16 3.451377159121755085e+03
7.708468486743298667e-16 9.177425251427405728e-16 3.453514765324922337e+03
2.518551871439933775e-17 9.091731665376778131e-16 3.455652463121169603e+03
-2.324772086718557273e-16 9.077487485535292977e-16 3.457790252509112179e+03
-4.535153095449294919e-16 8.852870399941582631e-16 3.459928133487340801e+03
-4.035103143803479503e-16 8.639697745755851971e-16 3.462066106054425745e+03
-2.161278248746504170e-16 8.760535240603172345e-16 3.464204170208910455e+03
6.184903628338277437e-16 9.348840509085362107e-16 3.466342325949316546e+03
8.920586654156644068e-16 9.779174688813471010e-16 3.468480573274139715e+03
8.772236469919166978e-16 9.867327012778306863e-16 3.470618912181856103e+03
1.334881651101512719e-15 9.682484027651286534e-16 3.472757342670914113e+03
1.480091989019417094e-15 9.447155124580189084e-16 3.474895864739739409e+03
6.083786370590672680e-16 9.285135525256968739e-16 3.477034478386734008e+03
6.257744990015738450e-16 9.001590839211841820e-16 3.479173183610278102e+03
2.857771184996810807e-16 8.861696636886768350e-16 3.481311980408726413e+03
7.937672503264632625e-16 8.725992481320417242e-16 3.483450868780409110e+03
1.620103038988328766e-15 8.724443853134302466e-16 3.485589848723634077e+03
1.309392497389444800e-15 8.798644675291606845e-16 3.487728920236685553e+03
8.700290840518330981e-16 9.037256740440023302e-16 3.489868083317824130e+03
5.630839069494251389e-16 9.114488756427274350e-16 3.492007337965283568e+03
7.464905772443200455e-16 8.996905827566341283e-16 3.494146684177278985e+03
5.899972048151569061e-17 8.889354001923367572e-16 3.496286121951998211e+03
4.738973723567686446e-16 8.842655601515793078e-16 3.498425651287604978e+03
1.478796143255893810e-15 8.645513531075499725e-16 3.500565272182242552e+03
9.731723414911561269e-16 8.449497428051123676e-16 3.502704984634026914e+03
1.049211101593939354e-15 8.606914702795102025e-16 3.504844788641052219e+03
1.140526910073431098e-15 8.651999168858300274e-16 3.506984684201388063e+03
5.348741475720185581e-16 8.596281279021522862e-16 3.509124671313080398e+03
8.464950802324029070e-16 8.310695979416294664e-16 3.511264749974151528e+03
8.468617298598568914e-16 8.077857272213094814e-16 3.513404920182601018e+03
6.502303904191711479e-16 8.114616327886421126e-16 3.515545181936402059e+03
8.433690535968314224e-16 8.287496761996741905e-16 3.517685535233506016e+03
8.840325958170004769e-16 8.495542402359938489e-16 3.519825980071839695e+03
7.880101382038623599e-16 8.622377251844934638e-16 3.521966516449306255e+03
4.054387594186498074e-16 8.629801132761344611e-16 3.524107144363785665e+03
8.504326412982062189e-16 8.757872512838729771e-16 3.526247863813132426e+03
6.896864351940423510e-16 9.052002043799432581e-16 3.528388674795180123e+03
5.432352447249642332e-16 9.346209843802791653e-16 3.530529577307734144e+03
1.325898260655596687e-15 9.690737023624109348e-16 3.532670571348580324e+03
1.690302517306593606e-15 9.831376493210953260e-16 3.534811656915478579e+03
7.917025003017976422e-16 9.885653578281003220e-16 3.536952834006164267e+03
6.937971344782015212e-16 9.774024629084954647e-16 3.539094102618350007e+03
1.078178643012591509e-15 9.650617868825404461e-16 3.541235462749725230e+03
8.646120256850258974e-16 9.465986187522282274e-16 3.543376914397954806e+03
3.416153976608142336e-16 9.442136123162614307e-16 3.545518457560679053e+03
4.076907670876515916e-16 9.180209873657162466e-16 3.547660092235514639e+03
5.616068320764713746e-16 9.010451279315161920e-16 3.549801818420053678e+03
8.124303113807060804e-16 9.196267006263602120e-16 3.551943636111867818e+03
1.079079482142876030e-15 9.044654441621535090e-16 3.554085545308500514e+03
5.343718183337754029e-16 8.682183910298147504e-16 3.556227546007473393e+03
7.860769711837976082e-16 8.187997940754808052e-16 3.558369638206285344e+03
1.128427252238184736e-15 7.878697030879189772e-16 3.560511821902407064e+03
5.360963356477890510e-16 7.866487757067442288e-16 3.562654097093291512e+03
1.075011685715079121e-15 7.962641336513553998e-16 3.564796463776361634e+03
5.723128483516182465e-16 7.986478762691226377e-16 3.566938921949021278e+03
1.264577433049080913e-15 7.987219770462038485e-16 3.569081471608647917e+03
1.247509978385428954e-15 7.976668313814957974e-16 3.571224112752594010e+03
1.355606271669183363e-15 7.614108865399591568e-16 3.573366845378190192e+03
1.224119267749147511e-15 7.229332383628658241e-16 3.575509669482743902e+03
9.453450641499335162e-16 6.927098465688624068e-16 3.577652585063536208e+03
6.634667085369724632e-16 6.875563430557956406e-16 3.579795592117825890e+03
7.111877732787883666e-16 7.357038055148078743e-16 3.581938690642845359e+03
8.254600921436666872e-16 7.480648619487181478e-16 3.584081880635807011e+03
1.308180298833586158e-15 7.720781694271414864e-16 3.586225162093895051e+03
6.217977596330197134e-16 7.707983642530881740e-16 3.588368535014274130e+03
8.923240203106924123e-16 7.868867960339494751e-16 3.590511999394080249e+03
1.234158608976341130e-15 7.738128509249080789e-16 3.592655555230429854e+03
4.517609458574977164e-16 7.436521102961947669e-16 3.594799202520411200e+03
1.793493041547933363e-15 7.251419982305808681e-16 3.596942941261092074e+03
1.007273268445569998e-15 7.005347923967275475e-16 3.599086771449514345e+03
9.354191139669496512e-16 7.012996750852432602e-16 3.601230693082697144e+03
1.527924938570352198e-15 7.021093483913770314e-16 3.603374706157632318e+03
7.327439346323061460e-16 7.311710575093826265e-16 3.605518810671293068e+03
1.155553971793231990e-15 7.484161447980650632e-16 3.607663006620624401e+03
1.406695953441354522e-15 7.406619407676156336e-16 3.609807294002548133e+03
8.737942319237157821e-16 7.411107863822550778e-16 3.611951672813963341e+03
4.007789412372208179e-16 7.396320430853166255e-16 3.614096143051744093e+03
1.142736771799551762e-15 7.685616266221704860e-16 3.616240704712740353e+03
9.429007482960766764e-16 7.825243998831839385e-16 3.618385357793777985e+03
9.657325676354714257e-16 7.914943073155546394e-16 3.620530102291659205e+03
9.007065490609471043e-16 7.729945859346742772e-16 3.622674938203163038e+03
1.050496172881767568e-15 7.643083651167805894e-16 3.624819865525042133e+03
7.514950804926587047e-16 7.623437642591075482e-16 3.626964884254026401e+03
8.057056516093634408e-16 7.714879657363290905e-16 3.629109994386823473e+03
4.681615046329609910e-16 7.784328917966014074e-16 3.631255195920112783e+03
6.099950680262730248e-16 7.834037381433239441e-16 3.633400488850553756e+03
5.688155695490582642e-16 7.661013790028483722e-16 3.635545873174778535e+03
5.288203460491354234e-16 7.552353706162826597e-16 3.637691348889396977e+03
6.308885511637431352e-16 7.384493576778147859e-16 3.639836915990996204e+03
9.125678132185419974e-16 7.328868836599975105e-16 3.641982574476136051e+03
-4.134410877249776776e-17 7.366610808440885899e-16 3.644128324341352709e+03
2.839291632335585153e-16 7.584062141125533950e-16 3.646274165583160993e+03
8.480061392676521562e-16 7.728487357916448512e-16 3.648420098198050709e+03
9.903063371696155687e-17 7.829479874331009463e-16 3.650566122182483923e+03
1.306888713737735241e-16 7.837126003416470732e-16 3.652712237532903600e+03
2.604714074123774852e-16 7.868910836125333502e-16 3.654858444245724968e+03
2.410519799857615347e-16 7.697097173947685087e-16 3.657004742317341424e+03
2.032670805327829300e-16 7.595987774300125371e-16 3.659151131744121813e+03
9.294482685839718594e-16 7.477711289320584614e-16 3.661297612522409054e+03
2.906189605395746636e-16 7.435852832945614910e-16 3.663444184648524242e+03
8.344176993632727724e-16 7.444823050702699538e-16 3.665590848118763461e+03
3.221393353377818736e-16 7.480589981009779568e-16 3.667737602929396417e+03
1.038873640128298950e-16 7.358541550252829499e-16 3.669884449076672809e+03
3.333843027567810484e-16 7.142749450268075302e-16 3.672031386556816415e+03
5.209085567902745456e-16 7.080141663006705874e-16 3.674178415366025092e+03
3.501442543056493437e-16 7.065440558010967281e-16 3.676325535500474416e+03
7.016665875742306710e-16 7.051478647495313573e-16 3.678472746956314950e+03
-8.482111724152307992e-17 6.960705632996081349e-16 3.680620049729674065e+03
4.302021742733465675e-16 7.056006073794174402e-16 3.682767443816655032e+03
3.203315412747343780e-16 7.188723157601360751e-16 3.684914929213333380e+03
7.525662923930782824e-16 7.335468665801735215e-16 3.687062505915765541e+03
2.929096736657764967e-16 7.354131459413519371e-16 3.689210173919982026e+03
2.660247270292731083e-16 7.325292595543721081e-16 3.691357933221986968e+03
2.375188562986040089e-16 7.524019154929829530e-16 3.693505783817762222e+03
-1.727694912911749282e-17 7.637565854186218913e-16 3.695653725703265081e+03
8.389214398025689901e-16 7.453903129611151448e-16 3.697801758874427833e+03
3.483818103556636805e-16 7.070695449765451465e-16 3.699949883327161842e+03
7.524097409664573386e-17 6.889644378508424827e-16 3.702098099057349827e+03
1.474729121555009681e-16 7.016263812827456997e-16 3.704246406060851768e+03
3.596917304852271274e-16 7.328732897472802385e-16 3.706394804333504908e+03
-8.931256499666784897e-18 7.448483698200005406e-16 3.708543293871120568e+03
9.946189592333013215e-17 7.420504620279722718e-16 3.710691874669486424e+03
5.950883136346484988e-16 7.068412736718311135e-16 3.712840546724366050e+03
6.124941258451831737e-16 6.700144149661225744e-16 3.714989310031497553e+03
9.703777489007450217e-16 6.646770121378586405e-16 3.717138164586596758e+03
3.125487265619865038e-16 6.870579375102769274e-16 3.719287110385353117e+03
6.009983971410916545e-16 7.141450332082532099e-16 3.721436147423435614e+03
6.117798023647263188e-16 7.175923795868265638e-16 3.723585275696481858e+03
1.071142088123527005e-15 7.093027791596152372e-16 3.725734495200113997e+03
4.322471337107533774e-16 6.809005940052419333e-16 3.727883805929922346e+03
1.907783312562818774e-15 6.684949963489390626e-16 3.730033207881477210e+03
3.270414053045242402e-15 6.838002232275896326e-16 3.732182701050322521e+03
3.225372232636386241e-16 7.120506687795810825e-16 3.734332285431981290e+03
4.814436043010194720e-16 7.215543419038914070e-16 3.736481961021945608e+03
3.643153517447687480e-16 7.002578889002208583e-16 3.738631727815691193e+03
4.343923684081495049e-16 6.609568099365600804e-16 3.740781585808662840e+03
2.696231140613908245e-16 6.369611907319313608e-16 3.742931534996286246e+03
7.716951650708172065e-16 6.348548980949389339e-16 3.745081575373956639e+03
2.299173190787983458e-16 6.675218874483621545e-16 3.747231706937051968e+03
3.576584204785945810e-16 7.020872458470755254e-16 3.749381929680921530e+03
2.170011097452924659e-16 6.881225189871496013e-16 3.751532243600890070e+03
4.546223703727240049e-16 6.665309778990603040e-16 3.753682648692259136e+03
5.049188937840284327e-16 6.413791246352544236e-16 3.755833144950306632e+03
1.006540532648690110e-15 6.476599790749589837e-16 3.757983732370285907e+03
4.257691589923173800e-16 6.463495563693444216e-16 3.760134410947424840e+03
2.913636187686038591e-16 6.389527581150085398e-16 3.762285180676926757e+03
4.359426584173412555e-16 6.455691700834559694e-16 3.764436041553971336e+03
3.616871116281652192e-16 6.600739076416061351e-16 3.766586993573714153e+03
4.790855414072979523e-16 6.809238031903317191e-16 3.768738036731286229e+03
4.836170352017414132e-16 6.936711285375070848e-16 3.770889171021794482e+03
3.605243718936146923e-16 6.921832701722733587e-16 3.773040396440320364e+03
7.497711498883567989e-16 6.967579590369468511e-16 3.775191712981920773e+03
9.102070996614279821e-16 6.964063129892724217e-16 3.777343120641631685e+03
9.357670158322371748e-16 6.981956977940573402e-16 3.779494619414458157e+03
7.185661809519940436e-16 6.751736798226284831e-16 3.781646209295387052e+03
1.424928021038088911e-15 6.569284101023114115e-16 3.783797890279377953e+03
8.637564305594444848e-16 6.387964477311984620e-16 3.785949662361366791e+03
7.536658528953830365e-16 6.338632560531179833e-16 3.788101525536264489e+03
8.239859515220082564e-16 6.242359975686651092e-16 3.790253479798956505e+03
7.674454030748105156e-16 6.042789283267038700e-16 3.792405525144306921e+03
7.284451846058822451e-16 6.042919641498395194e-16 3.794557661567153446e+03
1.154797059467048616e-15 6.124339032750253317e-16 3.796709889062307866e+03
9.443849334879028116e-16 6.366418178396957284e-16 3.798862207624560142e+03
8.784580777540812813e-16 6.395884551263708704e-16 3.801014617248674767e+03
9.224744309208799039e-16 6.362842291756332393e-16 3.803167117929392589e+03
7.043818840352615454e-16 6.318396062590401486e-16 3.805319709661428078e+03
1.065425108954505023e-15 6.371187053842445065e-16 3.807472392439472060e+03
1.139455342329242608e-15 6.219647111804890214e-16 3.809625166258191712e+03
1.219569430511997075e-15 6.084077898780634658e-16 3.811778031112227836e+03
5.482793505586162953e-16 5.911027050657281734e-16 3.813930986996200772e+03
1.131266872791720083e-15 5.800945057420800756e-16 3.816084033904700846e+03
5.626365775472709441e-16 5.646174923864431277e-16 3.818237171832298827e+03
6.509570812118467068e-16 5.483542234590570097e-16 3.820390400773537294e+03
1.176207622127678430e-15 5.396367722396260235e-16 3.822543720722936087e+03
8.420155196680643325e-16 5.530529120680342161e-16 3.824697131674990487e+03
5.647311363996461255e-16 5.660740728164986891e-16 3.826850633624169859e+03
7.008776682234594921e-16 5.688396403069453399e-16 3.829004226564924011e+03
9.863487500172174534e-16 5.612482431944593205e-16 3.831157910491670009e+03
1.016287651689625499e-15 5.434469482577928439e-16 3.833311685398807185e+03
7.663047724778827821e-16 5.398010510604769794e-16 3.835465551280706677e+03
5.088801119015582619e-16 5.480707431860047968e-16 3.837619508131719158e+03
6.557410272518479207e-16 5.683744135295097267e-16 3.839773555946164379e+03
6.633929841984069516e-16 5.886624905698646670e-16 3.841927694718342991e+03
4.071344738311806445e-16 5.889001042701362715e-16 3.844081924442528361e+03
3.106233594841412169e-16 5.840966520248296105e-16 3.846236245112972028e+03
1.707340457164768990e-15 5.797487881308512031e-16 3.848390656723896427e+03
5.753077102524485971e-16 5.720917754555494917e-16 3.850545159269503074e+03
1.076741763524025368e-15 5.645949811395830013e-16 3.852699752743969839e+03
8.939823021418973448e-16 5.470305459075481216e-16 3.854854437141445487e+03
4.979927796471971701e-16 5.491861170977085138e-16 3.857009212456057867e+03
6.691541092973462941e-16 5.604157542179054685e-16 3.859164078681908904e+03
1.052458510057788025e-15 5.786920984264837635e-16 3.861319035813075971e+03
7.228518827882513111e-16 5.781593061038904747e-16 3.863474083843613698e+03
5.936504116542828496e-16 5.624093861077542916e-16 3.865629222767547617e+03
7.899907947027730857e-16 5.438554503934739163e-16 3.867784452578883247e+03
4.682738009558705693e-16 5.529409553227801823e-16 3.869939773271600643e+03
1.067370694581619040e-15 5.711407417052649526e-16 3.872095184839652575e+03
1.284903072915156464e-15 5.768596923829109793e-16 3.874250687276968165e+03
8.603208210363628542e-16 5.690161519723832294e-16 3.876406280577455618e+03
6.663471616104832918e-16 5.704502841688966566e-16 3.878561964734993126e+03
1.264120245026582714e-15 5.790574143661834522e-16 3.880717739743437960e+03
7.830625538265987702e-16 5.966859240480596378e-16 3.882873605596620109e+03
8.229776310700658035e-16 6.144640508918596042e-16 3.885029562288347734e+03
1.290886239980690899e-15 6.188012301661005727e-16 3.887185609812401708e+03
6.111228271508208200e-16 6.211443243513037840e-16 3.889341748162540171e+03
5.294215334337703664e-16 6.083041054506418157e-16 3.891497977332495338e+03
1.089587582687981474e-15 6.144523553078936197e-16 3.893654297315975782e+03
1.048989847452941232e-15 6.143654328017797215e-16 3.895810708106665061e+03
6.550970750844766189e-16 6.161241714800864482e-16 3.897967209698220813e+03
1.673233817016408029e-15 6.164772478858385873e-16 3.900123802084276576e+03
1.642432447150470820e-15 6.306503109369142664e-16 3.902280485258443605e+03
3.576492749002560189e-16 6.457839989708465246e-16 3.904437259214304504e+03
6.135153208776356754e-16 6.666464331675086049e-16 3.906594123945420506e+03
5.223466359779255340e-16 7.377862623786719960e-16 3.908751079445325558e+03
8.313341306254444118e-16 7.646277293105700585e-16 3.910908125707532236e+03
1.159939875410568272e-15 7.347940142625592390e-16 3.913065262725524917e+03
6.882167656397802553e-16 6.463502477464164769e-16 3.915222490492764337e+03
4.530138119861515301e-16 5.539639604489957736e-16 3.917379809002687580e+03
1.283801014027679522e-15 5.339723461428985724e-16 3.919537218248704448e+03
1.834639280129571094e-16 5.195975730333184332e-16 3.921694718224204280e+03
6.376904493331339017e-16 5.058260379569287476e-16 3.923852308922548218e+03
9.766843730237570274e-16 4.749680681369151106e-16 3.926009990337073759e+03
1.217836611986229785e-15 4.393855084070588898e-16 3.928167762461092025e+03
8.514540255149458434e-16 4.104662939316896733e-16 3.930325625287893672e+03
1.067693242659343403e-15 4.000700713145394201e-16 3.932483578810739800e+03
6.524199981482059799e-16 4.156712026640463746e-16 3.934641623022868316e+03
1.077385572246435994e-15 4.521294501982027944e-16 3.936799757917495299e+03
1.177744371264953140e-15 4.805848521793533106e-16 3.938957983487806359e+03
9.744240835845792402e-16 5.006100062799350648e-16 3.941116299726968009e+03
9.988734037312684748e-16 5.131796616660421357e-16 3.943274706628118565e+03
8.081141515021022677e-16 5.254068458180800846e-16 3.945433204184371789e+03
9.147189567396540419e-16 5.360420172023094938e-16 3.947591792388818249e+03
1.055032187683031220e-15 5.356454400793084954e-16 3.949750471234523502e+03
1.242915979332107783e-15 5.349189417774762975e-16 3.951909240714526277e+03
7.738880304465848066e-16 5.311481291545922673e-16 3.954068100821842108e+03
7.703293566887649814e-16 5.235690172801315730e-16 3.956227051549461066e+03
1.059825645573100448e-15 5.035635038061437260e-16 3.958386092890350938e+03
1.422323941881991661e-15 4.823267560180899636e-16 3.960545224837449496e+03
1.079243752634442877e-15 4.449730395356617348e-16 3.962704447383674051e+03
1.168571802046899246e-15 4.143524786801653640e-16 3.964863760521916447e+03
6.952240867755303968e-16 3.951619052583280814e-16 3.967023164245041698e+03
8.490183955007079946e-16 4.092546576296137847e-16 3.969182658545892991e+03
9.423607012321974455e-16 4.458486681346447912e-16 3.971342243417285317e+03
6.015037059600536174e-16 4.772297210140152353e-16 3.973501918852010022e+03
5.687437079969612399e-16 5.096877512050688649e-16 3.975661684842835712e+03
1.157875763439348909e-15 5.296093947286206584e-16 3.977821541382503710e+03
6.806271795466701283e-16 5.349482945220832704e-16 3.979981488463731694e+03
7.045751719791780402e-16 5.369389882471748217e-16 3.982141526079210053e+03
9.517750202524926480e-16 5.380748650983791358e-16 3.984301654221608715e+03
8.184263569311548998e-16 5.450268583272598706e-16 3.986461872883568503e+03
5.326608043076303071e-16 5.506862498289876420e-16 3.988622182057708415e+03
6.069481602911869680e-16 5.541930818224465556e-16 3.990782581736619250e+03
4.478074682226792576e-16 5.510835725411132816e-16 3.992943071912871801e+03
5.405388318260843295e-16 5.512160499867303071e-16 3.995103652579006848e+03
6.715495331605224278e-16 5.527434733464921745e-16 3.997264323727542433e+03
7.398825470189573918e-16 5.587788190727650975e-16 3.999425085350972040e+03
8.802969382883693319e-16 5.559866512817236464e-16 4.001585937441765509e+03
7.047825637548886872e-16 5.518185116092797308e-16 4.003746879992364029e+03
4.824548242387575087e-16 5.577775532431128994e-16 4.005907912995186962e+03
1.121389619117740660e-15 5.705254695752491369e-16 4.008069036442627294e+03
7.698984778128387911e-16 5.783859230626972069e-16 4.010230250327054819e+03
6.259842498003198707e-16 5.750422409315566360e-16 4.012391554640811592e+03
8.595751099615642805e-16 5.711030362353048000e-16 4.014552949376216930e+03
7.928658376025504026e-16 5.741571653242070045e-16 4.016714434525564684e+03
6.959982195335163671e-16 5.753929922990480593e-16 4.018876010081124150e+03
7.469081445165391798e-16 5.739740167221750644e-16 4.021037676035137792e+03
9.082435759088258328e-16 5.698312447479709756e-16 4.023199432379824430e+03
5.633306849550227996e-16 5.737401949330060812e-16 4.025361279107379232e+03
5.140025418251105687e-16 5.640658566673541291e-16 4.027523216209970997e+03
4.069419753035438168e-16 5.523578666393022215e-16 4.029685243679743053e+03
6.111859747885612295e-16 5.416586796859766119e-16 4.031847361508814174e+03
8.298397045731650590e-16 5.488798389774278952e-16 4.034009569689277669e+03
7.526976946708118985e-16 5.626333101634879014e-16 4.036171868213204107e+03
6.630127843193963416e-16 5.713745810757297960e-16 4.038334257072637229e+03
4.570101198217473954e-16 5.645857538952391978e-16 4.040496736259595309e+03
7.481155349877864920e-16 5.458258317327311028e-16 4.042659305766072066e+03
6.350313191858049703e-16 5.445676280592616815e-16 4.044821965584037571e+03
7.962278425064400798e-16 5.409099677452350173e-16 4.046984715705434610e+03
6.521166646062278943e-16 5.551169297861972931e-16 4.049147556122182323e+03
3.067397025263001641e-16 5.502779832015860760e-16 4.051310486826174838e+03
7.274787445955933847e-16 5.395905136596952110e-16 4.053473507809281273e+03
6.190066481172269458e-16 5.379735950324736433e-16 4.055636619063344369e+03
3.406990211999104121e-16 5.410889883063680631e-16 4.057799820580184132e+03
6.928991707493076459e-16 5.392623409750950725e-16 4.059963112351592827e+03
6.450649165868999866e-16 5.451333105844342485e-16 4.062126494369341799e+03
6.728794070195001964e-16 5.447747072741478564e-16 4.064289966625171473e+03
6.128348898833585807e-16 5.554214860276956337e-16 4.066453529110802265e+03
7.313970495133178371e-16 5.548608279733907516e-16 4.068617181817927758e+03
8.111961246692213091e-16 5.560921079424197654e-16 4.070780924738215617e+03
6.270216070647357276e-16 5.505971200061464483e-16 4.072944757863308041e+03
7.233680338454783176e-16 5.437889986137391583e-16 4.075108681184826310e+03
7.371746441195735025e-16 5.480446986011325490e-16 4.077272694694361235e+03
6.086008380407075656e-16 5.502194475934345551e-16 4.079436798383483165e+03
2.832195201193714506e-16 5.517365094030844396e-16 4.081600992243731525e+03
4.718401219748768599e-16 5.498162603232410918e-16 4.083765276266627552e+03
6.525243179250625255e-16 5.522516737979410936e-16 4.085929650443662013e+03
3.944513727666057779e-16 5.581864891109321107e-16 4.088094114766304756e+03
3.176398328743734678e-16 5.575443914252346839e-16 4.090258669225995163e+03
7.573265335619308810e-16 5.529012895487762319e-16 4.092423313814152607e+03
8.501153406761480132e-16 5.418986934109530343e-16 4.094588048522170084e+03
8.929284236840435214e-16 5.291422114822844834e-16 4.096752873341414670e+03
4.920165382957072201e-16 5.103391884509211114e-16 4.098917788263226612e+03
7.696673116458771566e-16 5.039665628962085554e-16 4.101082793278923418e+03
7.208286876033922124e-16 5.049435764444201184e-16 4.103247888379798496e+03
5.931391642368100710e-16 5.217959816949862331e-16 4.105413073557117059e+03
6.248179044245676282e-16 5.311652408253088233e-16 4.107578348802120672e+03
3.914610438975781893e-16 5.317468856749121970e-16 4.109743714106026346e+03
5.356705144061750841e-16 5.379480629944409055e-16 4.111909169460024714e+03
4.720325538346926336e-16 5.415716016101277730e-16 4.114074714855281854e+03
7.343901572372832458e-16 5.429019272980248406e-16 4.116240350282939289e+03
5.812623663028847129e-16 5.392159251689502984e-16 4.118406075734111255e+03
5.907398509032067254e-16 5.381892554858641753e-16 4.120571891199889251e+03
5.682813678944566693e-16 5.434806855660750316e-16 4.122737796671339311e+03
5.749251638103291624e-16 5.347379228990531452e-16 4.124903792139499274e+03
4.631967929204701581e-16 5.337165931541898701e-16 4.127069877595385151e+03
5.093665858893092812e-16 5.230897516641925338e-16 4.129236053029987488e+03
2.763300591407412311e-16 5.091357263683841651e-16 4.131402318434269546e+03
6.039383156684239487e-16 5.189191188237249879e-16 4.133568673799170938e+03
4.873733137441317271e-16 5.285648241747914145e-16 4.135735119115606722e+03
5.894102101165626873e-16 5.368899354187565023e-16 4.137901654374464670e+03
8.290613798708891610e-16 5.344005983758585144e-16 4.140068279566608908e+03
6.979697451635512047e-16 5.239486034984380939e-16 4.142234994682878096e+03
5.830737461686364349e-16 5.220487795819843768e-16 4.144401799714083609e+03
8.903553718168493955e-16 5.241945258223219372e-16 4.146568694651015903e+03
5.869838019634906008e-16 5.306221633037825417e-16 4.148735679484434513e+03
6.326139953325742018e-16 5.264017527812032890e-16 4.150902754205080782e+03
6.507851939901839353e-16 5.247515841299019107e-16 4.153069918803663313e+03
2.637751369063096001e-16 5.289795372555572031e-16 4.155237173270872518e+03
5.695414377740925011e-16 5.348382946393175502e-16 4.157404517597366976e+03
5.688272159967537821e-16 5.433541149208777368e-16 4.159571951773784349e+03
8.728239605157319453e-16 5.510867218259584363e-16 4.161739475790735014e+03
4.631626146646746932e-16 5.527874143751434025e-16 4.163907089638804791e+03
5.466409355606109771e-16 5.532596359549004548e-16 4.166074793308555854e+03
4.929508306784649508e-16 5.472469547129513882e-16 4.168242586790522182e+03
6.487620486629984445e-16 5.364818120664355005e-16 4.170410470075214107e+03
7.654506472329760321e-16 5.309775495776419478e-16 4.172578443153115586e+03
5.786979130825353190e-16 5.241297873526453562e-16 4.174746506014687839e+03
7.917747963760380519e-16 5.208930483249901561e-16 4.176914658650362981e+03
8.491689617191382831e-16 5.203268375123630220e-16 4.179082901050550390e+03
6.594124347514352099e-16 5.183166727094789732e-16 4.181251233205633071e+03
4.461898217461160938e-16 5.158116222829639509e-16 4.183419655105970378e+03
5.569095116655563453e-16 5.169281754426751479e-16 4.185588166741893474e+03
4.862210805688742653e-16 5.196110173110776649e-16 4.187756768103710783e+03
7.606697044846315961e-16 5.228201538908128109e-16 4.189925459181704355e+03
1.459518464886475796e-15 5.303408486707330873e-16 4.192094239966130772e+03
7.212477617739149139e-16 5.242930324148048287e-16 4.194263110447222061e+03
7.277842841281564324e-16 5.155780357131166967e-16 4.196432070615182965e+03
6.591300156739130451e-16 5.105632518477140543e-16 4.198601120460194579e+03
9.013698931219761098e-16 5.096571936381151626e-16 4.200770259972414351e+03
1.351393517241012047e-15 5.122586128605720680e-16 4.202939489141969716e+03
8.512157728270619551e-16 5.216988271821530427e-16 4.205108807958965372e+03
5.203677810254987832e-16 5.215262026689664225e-16 4.207278216413484188e+03
3.060751410763110937e-16 5.234013981751093615e-16 4.209447714495574473e+03
4.178538357476379683e-16 5.208293971491085899e-16 4.211617302195269076e+03
2.991446337636245345e-18 5.168054161041987313e-16 4.213786979502567192e+03
4.085910521188974085e-16 5.184258078614090217e-16 4.215956746407450737e+03
6.835188830648373411e-16 5.210705058422564469e-16 4.218126602899870704e+03
8.154000920828202582e-16 5.245558837058912760e-16 4.220296548969752621e+03
6.385693663254519390e-16 5.152121773371749149e-16 4.222466584606998367e+03
1.080210788682263976e-15 4.956262914340103915e-16 4.224636709801485267e+03
7.396152264864709641e-16 4.921857603215290463e-16 4.226806924543062451e+03
6.588697313296389049e-16 5.022296926861707144e-16 4.228977228821557219e+03
1.545629662381621456e-15 5.241037544930835940e-16 4.231147622626765951e+03
6.137204351206376997e-16 5.257490320473708316e-16 4.233318105948465018e+03
6.191392418600284821e-16 5.181423343279139261e-16 4.235488678776406232e+03
6.450698900173555987e-16 5.135681050751651589e-16 4.237659341100308666e+03
4.952421826319495475e-16 5.074104746927670851e-16 4.239830092909871382e+03
7.374529267499151067e-16 5.129703828147726207e-16 4.242000934194767069e+03
7.991787852211936626e-16 5.167029973137679335e-16 4.244171864944644767e+03
6.348568186991962795e-16 5.127661972039633222e-16 4.246342885149125323e+03
8.789903686204348653e-16 5.063743872921701387e-16 4.248513994797803207e+03
1.009291746172317868e-15 5.113563808516447192e-16 4.250685193880250154e+03
5.351133370783951850e-16 5.117681388618491081e-16 4.252856482386012431e+03
6.864090043936408098e-16 5.204976450722659769e-16 4.255027860304608112e+03
8.759202265603657869e-16 5.107610830820671751e-16 4.257199327625532533e+03
1.099631753319664506e-15 5.092357959157236774e-16 4.259370884338255564e+03
5.669623870438121031e-16 5.114001555929594863e-16 4.261542530432217973e+03
5.783027045199050274e-16 5.209890290553303771e-16 4.263714265896840516e+03
5.957476023408585586e-16 5.250451861512046390e-16 4.265886090721513028e+03
3.679957691889350629e-16 5.129505456905886401e-16 4.268058004895602608e+03
5.472317792516272769e-16 4.993843985860007857e-16 4.270230008408452704e+03
7.585414048918093433e-16 4.982249314270884636e-16 4.272402101249375846e+03
6.493519262347946457e-16 5.199462277941403835e-16 4.274574283407665462e+03
7.251773571052634344e-16 5.340974426023753196e-16 4.276746554872583147e+03
7.921494875848103938e-16 5.321698859181035850e-16 4.278918915633371398e+03
6.935083422222580545e-16 5.112979867922187245e-16 4.281091365679241790e+03
4.343691706270710531e-16 4.937919907559546767e-16 4.283263904999381339e+03
6.434883741307473909e-16 4.867505571431404968e-16 4.285436533582955235e+03
6.742646918030597098e-16 4.799380526750737944e-16 4.287609251419098655e+03
8.749413379924455620e-16 4.779516529329619734e-16 4.289782058496924947e+03
8.495855700076880166e-16 4.797055909632831437e-16 4.291954954805518355e+03
9.173397690645459352e-16 4.853584193897567780e-16 4.294127940333939478e+03
7.801530104931753437e-16 4.715229526971981465e-16 4.296301015071221627e+03
4.886885830242284603e-16 4.511116084054085508e-16 4.298474179006376289e+03
3.912395002765084819e-16 4.386620619861015292e-16 4.300647432128387663e+03
1.107706946102091110e-15 4.363244130358632066e-16 4.302820774426209937e+03
5.460467857571794183e-16 4.324144001730765818e-16 4.304994205888779106e+03
5.052330400470988147e-16 4.309274555543654910e-16 4.307167726505001156e+03
9.030482510801218318e-16 4.307403673917999930e-16 4.309341336263755693e+03
6.139593086972793879e-16 4.455501943773727720e-16 4.311515035153899589e+03
5.960669300524566874e-16 4.723758730296266670e-16 4.313688823164264249e+03
9.522955138924356718e-16 5.005184205564197701e-16 4.315862700283651066e+03
6.162267093261694681e-16 5.127997782529602507e-16 4.318036666500841420e+03
5.959369544897620374e-16 5.050056769581606174e-16 4.320210721804586683e+03
6.761381758267142096e-16 4.808530692759740474e-16 4.322384866183614577e+03
6.082181265628733706e-16 4.691665556450867832e-16 4.324559099626627358e+03
7.024943990531122091e-16 4.711036868158868363e-16 4.326733422122301818e+03
1.098925114199757393e-15 4.878644176293977386e-16 4.328907833659287462e+03
7.002698278022781564e-16 5.004379850189718785e-16 4.331082334226210151e+03
7.434899903363476888e-16 4.970281975156789473e-16 4.333256923811668457e+03
5.988479941293868994e-16 4.832971676189488860e-16 4.335431602404235491e+03
7.117951889759146054e-16 4.641611388007102715e-16 4.337606369992460714e+03
7.411055876808761738e-16 4.536520225488244911e-16 4.339781226564865392e+03
4.605568840303308956e-16 4.557077679725911571e-16 4.341956172109947147e+03
4.562022774655178858e-16 4.735201111170183949e-16 4.344131206616175405e+03
8.640181129111524605e-16 4.850247154635008254e-16 4.346306330071995035e+03
4.253020380409634428e-16 4.839737749784157441e-16 4.348481542465828170e+03
6.722749056679966472e-16 4.769840248722892148e-16 4.350656843786067839e+03
5.205412160289670433e-16 4.733985037627606478e-16 4.352832234021079785e+03
5.951562012420147408e-16 4.755001267760320870e-16 4.355007713159209743e+03
3.432041671470631622e-16 4.857792879101794760e-16 4.357183281188772526e+03
3.472131926364784514e-16 4.901679680556827000e-16 4.359358938098059298e+03
5.740528183152912118e-16 4.927768046168835638e-16 4.361534683875336668e+03
4.655708064935931900e-16 4.949958949325614709e-16 4.363710518508842142e+03
5.983670663409273956e-16 4.944786498135046508e-16 4.365886441986792306e+03
9.893171077458108320e-16 4.921507400672743390e-16 4.368062454297372824e+03
9.634722400614461961e-16 4.838472954580170367e-16 4.370238555428746622e+03
2.138244361459522852e-16 4.765487434833934646e-16 4.372414745369052980e+03
6.306928080558897561e-16 4.770322866637336477e-16 4.374591024106399345e+03
8.670255164074668211e-16 4.809316239218262416e-16 4.376767391628871337e+03
8.685642641857437671e-16 4.805552172701660027e-16 4.378943847924531838e+03
7.246377693827843655e-16 4.613533707481200627e-16 4.381120392981409168e+03
7.086324599561998691e-16 4.464918190451558098e-16 4.383297026787517098e+03
3.282089238760585024e-16 4.390713175454698073e-16 4.385473749330833925e+03
6.978928279292826924e-16 4.517151200446656622e-16 4.387650560599316123e+03
5.844767503743227598e-16 4.596670988354367545e-16 4.389827460580895604e+03
6.442281852348777627e-16 4.629464561630882417e-16 4.392004449263476090e+03
7.825490931844413901e-16 4.687990974273514426e-16 4.394181526634936745e+03
5.832318979428584919e-16 4.733936784201149505e-16 4.396358692683132176e+03
6.025255596644783879e-16 4.724060604854022256e-16 4.398535947395888797e+03
7.859762381566189166e-16 4.715262889098097790e-16 4.400713290761008466e+03
6.679016711821907601e-16 4.678651902319154684e-16 4.402890722766265753e+03
6.459052580370733107e-16 4.710165638579155183e-16 4.405068243399413404e+03
8.198744680003896901e-16 4.765076893490154623e-16 4.407245852648172331e+03
7.728676396196671868e-16 4.893216983477571830e-16 4.409423550500243437e+03
5.738638783106283510e-16 4.901976451428511609e-16 4.411601336943296701e+03
1.049139296577804693e-15 4.892148932153352452e-16 4.413779211964982096e+03
5.502885725895429848e-16 4.834684539115408924e-16 4.415957175552917761e+03
6.658047880766250943e-16 4.922637842088915756e-16 4.418135227694700006e+03
5.755722464536366454e-16 4.913780462220998299e-16 4.420313368377898769e+03
8.193128095293704968e-16 4.912656654955984963e-16 4.422491597590055790e+03
5.094110434078760918e-16 4.859270588911803916e-16 4.424669915318688254e+03
7.898468429752367117e-16 4.859514887196452891e-16 4.426848321551289700e+03
9.994572924079452259e-16 4.836578210319163971e-16 4.429026816275324563e+03
5.707522141500271753e-16 4.791739531209284250e-16 4.431205399478232721e+03
2.128743928250602372e-17 4.678703418338665101e-16 4.433384071147428585e+03
5.567541300068403810e-16 4.699009529377714859e-16 4.435562831270301103e+03
4.975402194907901424e-16 4.747171225748641583e-16 4.437741679834211027e+03
7.647882004160423596e-16 4.718832545588141498e-16 4.439920616826495461e+03
5.600424354595310807e-16 4.687062621656573391e-16 4.442099642234465136e+03
3.498176709268807567e-16 4.724757459904292778e-16 4.444278756045402588e+03
4.899539834493188388e-16 4.760067186006069192e-16 4.446457958246568523e+03
5.842597312378571637e-16 4.764866991415850123e-16 4.448637248825197275e+03
8.893946800389425008e-16 4.726664515463207043e-16 4.450816627768492253e+03
7.443536262807023618e-16 4.640293332085169904e-16 4.452996095063635948e+03
6.449129796339797983e-16 4.551163192634198255e-16 4.455175650697781748e+03
3.657660175490861328e-16 4.512307118745668244e-16 4.457355294658062121e+03
7.360046439130861261e-16 4.538037596885496402e-16 4.459535026931577704e+03
9.619333038787707258e-16 4.607111700007325878e-16 4.461714847505406397e+03
6.473373998954000595e-16 4.679632100687214495e-16 4.463894756366598813e+03
7.579190234723921323e-16 4.685352850782258907e-16 4.466074753502181920e+03
6.035629549729563202e-16 4.652303188783841642e-16 4.468254838899152674e+03
8.563519492312598260e-16 4.692627686522494362e-16 4.470435012544487108e+03
6.434507522439765697e-16 4.736766995124442614e-16 4.472615274425130337e+03
4.332057213719995813e-16 4.771187437383428838e-16 4.474795624528005646e+03
5.125776956756973880e-16 4.723479452403058155e-16 4.476976062840008126e+03
4.429191948472851606e-16 4.621599827082683539e-16 4.479156589348005582e+03
9.718446048178036894e-16 4.625937499962695796e-16 4.481337204038843993e+03
3.406497338448209547e-16 4.664477205047382859e-16 4.483517906899341142e+03
9.060687435060445465e-16 4.729482865975630790e-16 4.485698697916284800e+03
9.903609916857902356e-16 4.737395228946515998e-16 4.487879577076444548e+03
8.245048966652825044e-16 4.696278794984014997e-16 4.490060544366559043e+03
3.885310869260864607e-16 4.665140903094382974e-16 4.492241599773340567e+03
2.983637187139109957e-16 4.717854693908774505e-16 4.494422743283477757e+03
2.916876057264082172e-16 4.737328806507460362e-16 4.496603974883632873e+03
7.423142478515316551e-16 4.737877229267211616e-16 4.498785294560439979e+03
5.629541185731518357e-16 4.745662133970815082e-16 4.500966702300509496e+03
6.324603441104635451e-16 4.807593072123911479e-16 4.503148198090424557e+03
6.980688488650636772e-16 4.810791874938402466e-16 4.505329781916742832e+03
5.334216019206261426e-16 4.817959539330435356e-16 4.507511453765995611e+03
8.472235370348745381e-16 4.808420183364801696e-16 4.509693213624688724e+03
7.471570752146053005e-16 4.771607163406098615e-16 4.511875061479300712e+03
7.973875923103031758e-16 4.753823633374439043e-16 4.514056997316285560e+03
6.321080274536654566e-16 4.737907620230074777e-16 4.516239021122069062e+03
8.225697467309788667e-16 4.757520500604067433e-16 4.518421132883055179e+03
2.104313751173395577e-16 4.764433776852739336e-16 4.520603332585616954e+03
3.221535270108583890e-16 4.718807225316213475e-16 4.522785620216104689e+03
6.155729360727634904e-16 4.661980896659770752e-16 4.524967995760838676e+03
4.287794641222342592e-16 4.614955411996375609e-16 4.527150459206121013e+03
4.230005268798880527e-16 4.627795430512939463e-16 4.529333010538217422e+03
3.341488165787269501e-16 4.630792454964190850e-16 4.531515649743373615e+03
8.787654012738106016e-16 4.678369283189717126e-16 4.533698376807809836e+03
8.167309819579780910e-16 4.728361478926679512e-16 4.535881191717717229e+03
3.727274719342724996e-16 4.791101927643075248e-16 4.538064094459263288e+03
8.731906370925669293e-16 4.817643247708004804e-16 4.540247085018589132e+03
7.827822450692991245e-16 4.796233159219686463e-16 4.542430163381806778e+03
8.000080943718041323e-16 4.762821324813494854e-16 4.544613329535004596e+03
3.532614897651107719e-16 4.716193972401016591e-16 4.546796583464245487e+03
7.635545710918102332e-16 4.704564471804669651e-16 4.548979925155565070e+03
6.611479025361686690e-16 4.685478664894333666e-16 4.551163354594973498e+03
3.283983056842535425e-16 4.699480862228672511e-16 4.553346871768451820e+03
1.933390979863513522e-16 4.708602334015459195e-16 4.555530476661961075e+03
4.967622019911186568e-16 4.769297614476787657e-16 4.557714169261431380e+03
6.723101961401252217e-16 4.788768371137173769e-16 4.559897949552767386e+03
6.987687088240696496e-16 4.753525688244969219e-16 4.562081817521846460e+03
3.927155355809360192e-16 4.742912271084842283e-16 4.564265773154524140e+03
3.714468909715026352e-16 4.720962139402139980e-16 4.566449816436625042e+03
4.020519544611828946e-16 4.739592377483322824e-16 4.568633947353950134e+03
5.906636174484137791e-16 4.745044945804962923e-16 4.570818165892275829e+03
6.159707186143210492e-16 4.719905232002924429e-16 4.573002472037347616e+03
4.050621083529765457e-16 4.736848311442906227e-16 4.575186865774889156e+03
3.860988395029128732e-16 4.703882544828171266e-16 4.577371347090595009e+03
3.815742199915998988e-16 4.655897524671478714e-16 4.579555915970135175e+03
4.768545479612638506e-16 4.646014806324542679e-16 4.581740572399152370e+03
6.643759704908186017e-16 4.640886005138204774e-16 4.583925316363263846e+03
4.210289049252400070e-16 4.682446081151478675e-16 4.586110147848062297e+03
6.350693940797534173e-16 4.692862069120269338e-16 4.588295066839109495e+03
1.416628709286316693e-16 4.679947792512838961e-16 4.590480073321947202e+03
5.201396951157646111e-16 4.657348155751542434e-16 4.592665167282086259e+03
8.367109985028800125e-16 4.657477970015338091e-16 4.594850348705011129e+03
4.679920496165946315e-16 4.633976388452624755e-16 4.597035617576184450e+03
7.793683994337005928e-16 4.619548328045497710e-16 4.599220973881037025e+03
5.328061374648685522e-16 4.600920191731582810e-16 4.601406417604977833e+03
4.617040128294136764e-16 4.607905516712256305e-16 4.603591948733388563e+03
5.034269056718158802e-16 4.635297579182874846e-16 4.605777567251623623e+03
4.498401219026948421e-16 4.682745864400125093e-16 4.607963273145010135e+03
3.373290237366608345e-16 4.677596818873564117e-16 4.610149066398852483e+03
6.358791615515778201e-16 4.679838392474095018e-16 4.612334946998425949e+03
4.930958844859290458e-16 4.660016663281305342e-16 4.614520914928978527e+03
5.412527120901635612e-16 4.673905819017729351e-16 4.616706970175736387e+03
4.797659772109045057e-16 4.688753438809944837e-16 4.618893112723897502e+03
6.818873340184797466e-16 4.683046411699662052e-16 4.621079342558628923e+03
7.808807213763258664e-16 4.692021890877048575e-16 4.623265659665078601e+03
4.371935494495099461e-16 4.699266681436352949e-16 4.625452064028362656e+03
4.964663869424605437e-16 4.668914999864302178e-16 4.627638555633576289e+03
4.242478924052204093e-16 4.663595620692308955e-16 4.629825134465781957e+03
6.444760288862470239e-16 4.647171261344094054e-16 4.632011800510021203e+03
5.290924889437018670e-16 4.646227784391711891e-16 4.634198553751306463e+03
7.180395303589874392e-16 4.577425174833664333e-16 4.636385394174623798e+03
9.219144252692031404e-16 4.599131411553581279e-16 4.638572321764935623e+03
5.804665735960805851e-16 4.603045389914267153e-16 4.640759336507173430e+03
4.385686092088264493e-16 4.633600486936170451e-16 4.642946438386248701e+03
9.141254767319008799e-16 4.617466395094707807e-16 4.645133627387040178e+03
6.626056926930239289e-16 4.630468341528311099e-16 4.647320903494404774e+03
5.889831610700859532e-16 4.658910329943818655e-16 4.649508266693168480e+03
9.843910692349321378e-16 4.705955267313715148e-16 4.651695716968137276e+03
1.524965688258589744e-16 4.712917077600889201e-16 4.653883254304084403e+03
5.837085056192432340e-16 4.715475120755002353e-16 4.656070878685762182e+03
5.227823885735514884e-16 4.780388664945095877e-16 4.658258590097892011e+03
6.400988254310506603e-16 4.777311064566304512e-16 4.660446388525171642e+03
5.439081184125765220e-16 4.698223089976098190e-16 4.662634273952271542e+03
4.668853119504194765e-16 4.601699068877339486e-16 4.664822246363836712e+03
4.897511841036750429e-16 4.573070157599723011e-16 4.667010305744484867e+03
8.229033733594397033e-16 4.579944218958301343e-16 4.669198452078807350e+03
5.572455377027829549e-16 4.638937155075709071e-16 4.671386685351368214e+03
7.371054560928617577e-16 4.707985633461343178e-16 4.673575005546708780e+03
7.242000965140528434e-16 4.669820608100817282e-16 4.675763412649337624e+03
3.572125359448856386e-16 4.649502972559279520e-16 4.677951906643742404e+03
5.862936111653765714e-16 4.616489749096900248e-16 4.680140487514385313e+03
7.038737652431110054e-16 4.674434803565447405e-16 4.682329155245695802e+03
5.293319006244582672e-16 4.667174693398857116e-16 4.684517909822081492e+03
4.747847331345162575e-16 4.674785599095048534e-16 4.686706751227922723e+03
5.173082203706020645e-16 4.655109972783455305e-16 4.688895679447574366e+03
5.111977458572181833e-16 4.647795959843569127e-16 4.691084694465361281e+03
6.930446685254614561e-16 4.671276775793204411e-16 4.693273796265588317e+03
4.272816333368270157e-16 4.634367339820683724e-16 4.695462984832525763e+03
3.289062609649839995e-16 4.600150852075222127e-16 4.697652260150423899e+03
9.116589114826726562e-16 4.547645559941252602e-16 4.699841622203504812e+03
8.541956621407692587e-16 4.538342598901499778e-16 4.702031070975961484e+03
4.640615233460417967e-16 4.569410067251175146e-16 4.704220606451965068e+03
3.629785050971379716e-16 4.593532987268175052e-16 4.706410228615654887e+03
3.750645727392134805e-16 4.608377236317583545e-16 4.708599937451148435e+03
1.042156915910903131e-15 4.607680346976075759e-16 4.710789732942535011e+03
2.092206152538047682e-16 4.571571916163955492e-16 4.712979615073877540e+03
8.901455934471498723e-16 4.619717497346204578e-16 4.715169583829211660e+03
7.704285310716673880e-16 4.649048408656133610e-16 4.717359639192546638e+03
4.941856232908606172e-16 4.646468061400918065e-16 4.719549781147866270e+03
2.294127242995847663e-16 4.662360116951660293e-16 4.721740009679128889e+03
3.194995446004418510e-16 4.606088893717511820e-16 4.723930324770261905e+03
7.642542316919105818e-16 4.574971357852087377e-16 4.726120726405171808e+03
5.944298854085946459e-16 4.527185478220345707e-16 4.728311214567732350e+03
5.836420072612822958e-16 4.487098315526993193e-16 4.730501789241796359e+03
1.937550196167718418e-16 4.483462242341250890e-16 4.732692450411190293e+03
5.372259443496934362e-16 4.512854931319590406e-16 4.734883198059707865e+03
5.681332795365773752e-16 4.499928446985126677e-16 4.737074032171121871e+03
4.595534077481685614e-16 4.513271901964450934e-16 4.739264952729176912e+03
5.595559456054223509e-16 4.523803304461637599e-16 4.741455959717590304e+03
3.372647946293302904e-16 4.525141646668302867e-16 4.743647053120055716e+03
2.093055226324188430e-16 4.526416253331441430e-16 4.745838232920235896e+03
5.296431691237503508e-16 4.518675654095738494e-16 4.748029499101769034e+03
6.430327522389084538e-16 4.494923393973329539e-16 4.750220851648267853e+03
2.207564454454685807e-16 4.446495992609740121e-16 4.752412290543317795e+03
3.143545752913501803e-16 4.437330191811888691e-16 4.754603815770477922e+03
7.100443238998819027e-16 4.444796583668588755e-16 4.756795427313278196e+03
2.087574784863865726e-16 4.424336372052882796e-16 4.758987125155226749e+03
5.647651513363298708e-16 4.414208515290273761e-16 4.761178909279800791e+03
6.081519025913091551e-16 4.350981517107046269e-16 4.763370779670452976e+03
5.770398500436279842e-16 4.361947441352079071e-16 4.765562736310608670e+03
4.819706818136321394e-16 4.400270332135695700e-16 4.767754779183667779e+03
5.829368991730216594e-16 4.426230890276028326e-16 4.769946908273003828e+03
3.860301243539748459e-16 4.440280416578099741e-16 4.772139123561959423e+03
4.401215559842588492e-16 4.451567680672212732e-16 4.774331425033856249e+03
4.487102247409921227e-16 4.451886669923592171e-16 4.776523812671986889e+03
6.306737921683818655e-16 4.436073421395039862e-16 4.778716286459616640e+03
5.660600235545262509e-16 4.382923706023514934e-16 4.780908846379986244e+03
5.180526686849499574e-16 4.401705466703400583e-16 4.783101492416307337e+03
3.520566495754083452e-16 4.358611315919841101e-16 4.785294224551766092e+03
9.316961977774013868e-16 4.356616595896882096e-16 4.787487042769522304e+03
5.181301878655920309e-16 4.365403811710168501e-16 4.789679947052707575e+03
7.585430433115388225e-16 4.380080015019011910e-16 4.791872937384432589e+03
7.273994626473140004e-16 4.402200646249646497e-16 4.794066013747769830e+03
3.661042760177748231e-16 4.358601277355464936e-16 4.796259176125777230e+03
5.758005497124082418e-16 4.344652776632708865e-16 4.798452424501479072e+03
4.611698371820768152e-16 4.341103703690782874e-16 4.800645758857875990e+03
5.392924105663748086e-16 4.333553769337719610e-16 4.802839179177941332e+03
8.051387624011631534e-16 4.318046881801609800e-16 4.805032685444619347e+03
2.752409565886679332e-16 4.309604008596964559e-16 4.807226277640829721e+03
4.736198332180072166e-16 4.312035508647218990e-16 4.809419955749466681e+03
5.318804352192845936e-16 4.343609547623541213e-16 4.811613719753397163e+03
7.942226524902583877e-16 4.386658174760938172e-16 4.813807569635457185e+03
6.702646545666920357e-16 4.413915936786191505e-16 4.816001505378460934e+03
5.196563408718026437e-16 4.413817550435588925e-16 4.818195526965195313e+03
5.620646185080551404e-16 4.397316500655453156e-16 4.820389634378419942e+03
4.533738082127084286e-16 4.354945039828039761e-16 4.822583827600865334e+03
5.224660256423248777e-16 4.361846167632479198e-16 4.824778106615239267e+03
3.764875871835846572e-16 4.345922848247468687e-16 4.826972471404219505e+03
1.818535596607772744e-16 4.348939613868853917e-16 4.829166921950458345e+03
8.029853732627923095e-16 4.356909742160537057e-16 4.831361458236584440e+03
7.715075610249587237e-16 4.361063327338390505e-16 4.833556080245190969e+03
4.259531440064788703e-16 4.375600423139171755e-16 4.835750787958855653e+03
6.410919202902857063e-16 4.322845450722085463e-16 4.837945581360121651e+03
6.294907446371089590e-16 4.313990886785217427e-16 4.840140460431506654e+03
5.594968208999340989e-16 4.302463081433623292e-16 4.842335425155502890e+03
5.425922939258087840e-16 4.304376965984945099e-16 4.844530475514577120e+03
7.382111756589800890e-16 4.279519260508333590e-16 4.846725611491167001e+03
6.617392905019639385e-16 4.268764606759454682e-16 4.848920833067681087e+03
5.084828254708097555e-16 4.225347282470979893e-16 4.851116140226508833e+03
5.742916098779050549e-16 4.165701242856438121e-16 4.853311532950005130e+03
5.891512821846560917e-16 4.082753605767589341e-16 4.855507011220503045e+03
4.360788775815406893e-16 4.012277928162645101e-16 4.857702575020304721e+03
5.924480296454173301e-16 4.004951652101133314e-16 4.859898224331690471e+03
7.759886608671001870e-16 3.998116972012022896e-16 4.862093959136908779e+03
7.198763625900954479e-16 4.068578020355772914e-16 4.864289779418184480e+03
5.000004650426270402e-16 4.086862640358951462e-16 4.866485685157716944e+03
4.177464220220360674e-16 4.064042086332617881e-16 4.868681676337671888e+03
3.537600662078140769e-16 4.092178132749141608e-16 4.870877752940197752e+03
5.359814542387945057e-16 4.092760491465584423e-16 4.873073914947407502e+03
3.945075231625609487e-16 4.148410891356886937e-16 4.875270162341392279e+03
7.551355475306769199e-16 4.157400647007947863e-16 4.877466495104215937e+03
4.593004095969447476e-16 4.146025399685447713e-16 4.879662913217912319e+03
6.407513380677289591e-16 4.119186513584760089e-16 4.881859416664495257e+03
5.897405150625853648e-16 4.068859371069216380e-16 4.884056005425942203e+03
5.762571222689863689e-16 4.004596862762963927e-16 4.886252679484212422e+03
5.369213399159680822e-16 3.999057899673325725e-16 4.888449438821232434e+03
6.680134639768521878e-16 4.015785932415221182e-16 4.890646283418906023e+03
5.919280470881975412e-16 4.097611921130726092e-16 4.892843213259106051e+03
4.966348233950601857e-16 4.150880190952876899e-16 4.895040228323681731e+03
5.661659846908788598e-16 4.186566640714946829e-16 4.897237328594457722e+03
4.318838516253348178e-16 4.144894019705350645e-16 4.899434514053222301e+03
6.779887244135277017e-16 4.135386446962386147e-16 4.901631784681747376e+03
4.393777013895586372e-16 4.132844922923345973e-16 4.903829140461770294e+03
4.785573636127815025e-16 4.098935723334095257e-16 4.906026581375009300e+03
4.753320716867407082e-16 4.078579066444833234e-16 4.908224107403147173e+03
7.668055341855473084e-16 4.049776616879646317e-16 4.910421718527844860e+03
5.886919414247250508e-16 4.072426812202084680e-16 4.912619414730736025e+03
3.581037168863075445e-16 4.018982940440236887e-16 4.914817195993427049e+03
1.004006860118993645e-15 3.932464718749071358e-16 4.917015062297497934e+03
5.613035602485725557e-16 3.883207575099126573e-16 4.919213013624497762e+03
7.025625745769408495e-16 3.915724073753815533e-16 4.921411049955953786e+03
4.703602408877431121e-16 4.002937223202895110e-16 4.923609171273364154e+03
5.093901768476453092e-16 4.013497562678772134e-16 4.925807377558201551e+03
5.992355989068443370e-16 4.039469652367658434e-16 4.928005668791909557e+03
6.007957923179108746e-16 4.000372231916839360e-16 4.930204044955903555e+03
7.150507256945986543e-16 3.972257052668479114e-16 4.932402506031578014e+03
4.335256757844777532e-16 3.920093635460534729e-16 4.934601052000293748e+03
6.893085719754183583e-16 3.909363353358934407e-16 4.936799682843387927e+03
6.763918300496407468e-16 3.950135345755503211e-16 4.938998398542171344e+03
6.114984813912667004e-16 3.979982371624109006e-16 4.941197199077926598e+03
5.696930496446702634e-16 3.988730581668160893e-16 4.943396084431908093e+03
4.711787405330740648e-16 3.968503009043343397e-16 4.945595054585345679e+03
5.388324866279913480e-16 3.975175352677454050e-16 4.947794109519440099e+03
2.989985396597765127e-16 3.978724955302738672e-16 4.949993249215367541e+03
7.130525662733424451e-16 3.936782900533173648e-16 4.952192473654276910e+03
4.837100236215012842e-16 3.885022587907337594e-16 4.954391782817285275e+03
9.018882310547891421e-16 3.869765074780047501e-16 4.956591176685488790e+03
5.452187816195039617e-16 3.882715009921215398e-16 4.958790655239953594e+03
5.989026015088635762e-16 3.922935624923773949e-16 4.960990218461720360e+03
5.450446232830010823e-16 3.936851712438537630e-16 4.963189866331800658e+03
3.167265282395461092e-16 3.894438496520625642e-16 4.965389598831181502e+03
2.142329124965271882e-16 3.905671225766531995e-16 4.967589415940820800e+03
2.026486709225616291e-16 3.920980213078231224e-16 4.969789317641649177e+03
2.477483971105624208e-16 3.931255336563274571e-16 4.971989303914573611e+03
5.213750694237707377e-16 3.932622785333521106e-16 4.974189374740470157e+03
6.165156102016601706e-16 3.919512597283162143e-16 4.976389530100188495e+03
5.109357033341921664e-16 3.828650042845734753e-16 4.978589769974554656e+03
3.858219062900458117e-16 3.769663722220081803e-16 4.980790094344361933e+03
7.139254213915266583e-16 3.788553882246303705e-16 4.982990503190382697e+03
5.806589138361737364e-16 3.826531402200425360e-16 4.985190996493357488e+03
5.246930773473971164e-16 3.900302345655175570e-16 4.987391574234002292e+03
8.580376089563937926e-16 3.911631073558752728e-16 4.989592236393003986e+03
7.869439831322357247e-16 3.932793089919235523e-16 4.991792982951024896e+03
4.536540858217466820e-16 3.943742663614729561e-16 4.993993813888698241e+03
4.418662641683720376e-16 3.923511093475142154e-16 4.996194729186632685e+03
2.318428554247499913e-16 3.909944797871520661e-16 4.998395728825405058e+03
2.798446350265461370e-16 3.863138940643979490e-16 5.000596812785570364e+03
5.034572828732651139e-16 3.783208514778426985e-16 5.002797981047653593e+03
6.511754474593580773e-16 3.795550705968972234e-16 5.004999233592152450e+03
5.998748171621695714e-16 3.796544439264182445e-16 5.007200570399538265e+03
8.187908414957742349e-16 3.787467435113553628e-16 5.009401991450257810e+03
6.870854439766116549e-16 3.766575050262859759e-16 5.011603496724725119e+03
4.920456206153060611e-16 3.750143133331524536e-16 5.013805086203332394e+03
8.147496023733035632e-16 3.788499720490200416e-16 5.016006759866440916e+03
6.677858776291105994e-16 3.757236217987020715e-16 5.018208517694386501e+03
3.778646625739545161e-16 3.764071641883628606e-16 5.020410359667477678e+03
6.219717258365118632e-16 3.765233229548354510e-16 5.022612285765999331e+03
5.779069211127863421e-16 3.773442866197689366e-16 5.024814295970199964e+03
4.596212824050861569e-16 3.769315752646501190e-16 5.027016390260310800e+03
5.782402857461715521e-16 3.779452395451124085e-16 5.029218568616532139e+03
5.213663883839784884e-16 3.812843908573472487e-16 5.031420831019032448e+03
6.814645984909565124e-16 3.784803796745088607e-16 5.033623177447962007e+03
5.094736740045287347e-16 3.733098072737941658e-16 5.035825607883436533e+03
5.250944255206355864e-16 3.678102068858088413e-16 5.038028122305549914e+03
4.401197389897647450e-16 3.691401700135289033e-16 5.040230720694363299e+03
5.758483613861131949e-16 3.744882560717480191e-16 5.042433403029915098e+03
5.973803667589848783e-16 3.792238219821738826e-16 5.044636169292214618e+03
5.193598795170096993e-16 3.769216674905687387e-16 5.046839019461244789e+03
6.859369706612917556e-16 3.756265803682204271e-16 5.049041953516962167e+03
4.759535326633481735e-16 3.754997290094237494e-16 5.051244971439292385e+03
6.752530233143652964e-16 3.771594797684229729e-16 5.053448073208138339e+03
5.194833744324719646e-16 3.788922098019177920e-16 5.055651258803372002e+03
5.062082795546889161e-16 3.800614231327759470e-16 5.057854528204839880e+03
4.956348040708095672e-16 3.798493160587166372e-16 5.060057881392363925e+03
4.934939084228618916e-16 3.822372573355669492e-16 5.062261318345732434e+03
6.452925025085559091e-16 3.819950112416343330e-16 5.064464839044713699e+03
8.541273283636313358e-16 3.803827620462896341e-16 5.066668443469043268e+03
5.674212379969587365e-16 3.814641048337766934e-16 5.068872131598431224e+03
7.070601843090038590e-16 3.809364316045261555e-16 5.071075903412561274e+03
8.836035314464944598e-16 3.788656763667097234e-16 5.073279758891088932e+03
5.361316864024595863e-16 3.773999950537541457e-16 5.075483698013643334e+03
3.896790384440024612e-16 3.753674707441904097e-16 5.077687720759826334e+03
5.579806087717444930e-16 3.734962549073956564e-16 5.079891827109209771e+03
3.956905622522417887e-16 3.743082562707371619e-16 5.082096017041340019e+03
4.233584190063715399e-16 3.759381110426080202e-16 5.084300290535740714e+03
4.820088132706660590e-16 3.796946786019624696e-16 5.086504647571900932e+03
4.548627252466500449e-16 3.810802806654760788e-16 5.088709088129284282e+03
7.478487379137291894e-16 3.813118315051199273e-16 5.090913612187332546e+03
6.090591997230974240e-16 3.819650077351206672e-16 5.093118219725452946e+03
2.773234771054351481e-16 3.745787346750925942e-16 5.095322910723028144e+03
7.363999035414840578e-16 3.752149527308604720e-16 5.097527685159415341e+03
7.214818113142384329e-16 3.784237477806796778e-16 5.099732543013942632e+03
4.288360002204282602e-16 3.804175944375788231e-16 5.101937484265910825e+03
3.787426926467858883e-16 3.776496670439461434e-16 5.104142508894594357e+03
4.501862473846745603e-16 3.760686616263129402e-16 5.106347616879238558e+03
6.988330451852783822e-16 3.749522264185115877e-16 5.108552808199063293e+03
8.062527666766725102e-16 3.781217040369719265e-16 5.110758082833260232e+03
3.601753478948791831e-16 3.809689364367526136e-16 5.112963440760992853e+03
6.311648396642342743e-16 3.814806823902479652e-16 5.115168881961400984e+03
5.698095392208292331e-16 3.804808852330071376e-16 5.117374406413590805e+03
4.449462737332583428e-16 3.759355945164089926e-16 5.119580014096647574e+03
7.044098828013312217e-16 3.705715144872540667e-16 5.121785704989624719e+03
3.088101667429052437e-16 3.688101747720141591e-16 5.123991479071550202e+03
4.313620674982508437e-16 3.697634679184169853e-16 5.126197336321423791e+03
7.024892523595225478e-16 3.715278642047481719e-16 5.128403276718221605e+03
1.007101280618861284e-15 3.751196129370654660e-16 5.130609300240884295e+03
7.162915409180822068e-16 3.758107636413177431e-16 5.132815406868334321e+03
6.165066985599382986e-16 3.729526648953057227e-16 5.135021596579459583e+03
5.275252384842850077e-16 3.699136414595226544e-16 5.137227869353127062e+03
6.730327443813686828e-16 3.681636494593370055e-16 5.139434225168168268e+03
5.454124468472738811e-16 3.675431948172225743e-16 5.141640664003392885e+03
5.463706942078452205e-16 3.710660818949493537e-16 5.143847185837585130e+03
3.568803916170322992e-16 3.695426829188996318e-16 5.146053790649498296e+03
4.021077982863601101e-16 3.662641189785400621e-16 5.148260478417856575e+03
5.818767179053155498e-16 3.682221427643260933e-16 5.150467249121358691e+03
5.172489051359250467e-16 3.660961322906071565e-16 5.152674102738678812e+03
7.073949116229629306e-16 3.668991111165359449e-16 5.154881039248459274e+03
4.580688979936723767e-16 3.683268595948613867e-16 5.157088058629315128e+03
5.837460489039482675e-16 3.598628469164145805e-16 5.159295160859841417e+03
4.798200665726195202e-16 3.557723178386643345e-16 5.161502345918594074e+03
6.825303805835347096e-16 3.421898691554848777e-16 5.163709613784110843e+03
7.938616274913787844e-16 3.401066575723137244e-16 5.165916964434898546e+03
6.987818946294121199e-16 3.349246597162123442e-16 5.168124397849433080e+03
6.256989509369368838e-16 3.365062133010865836e-16 5.170331914006170337e+03
4.806542900224963875e-16 3.426854364218399241e-16 5.172539512883535281e+03
4.856401530340480954e-16 3.518523969224280437e-16 5.174747194459921957e+03
6.094853383413921596e-16 3.566510764345815604e-16 5.176954958713702581e+03
4.529010099808698655e-16 3.460303948799311321e-16 5.179162805623216627e+03
6.314214692693744286e-16 3.369346410020517353e-16 5.181370735166783561e+03
4.280320755345293357e-16 3.357571230515789724e-16 5.183578747322686468e+03
6.614930205863418467e-16 3.444934402929752732e-16 5.185786842069185695e+03
4.606118706723603124e-16 3.501161663252236633e-16 5.187995019384512489e+03
4.573400842065996311e-16 3.491039653960041007e-16 5.190203279246876264e+03
5.758630178534752621e-16 3.474669488713884478e-16 5.192411621634448238e+03
5.586226784028717223e-16 3.535130227425178787e-16 5.194620046525380531e+03
4.956844663235970589e-16 3.572490928040702350e-16 5.196828553897797974e+03
6.316003793699161649e-16 3.595410137163998361e-16 5.199037143729791751e+03
5.450617990756136761e-16 3.560921536476867036e-16 5.201245815999430306e+03
5.190795086790178377e-16 3.503656237997674208e-16 5.203454570684753890e+03
5.714538012343136515e-16 3.433966762287740463e-16 5.205663407763773648e+03
4.471708357990786994e-16 3.456488969260724892e-16 5.207872327214474353e+03
5.717045824717151598e-16 3.480184160944741222e-16 5.210081329014813491e+03
5.289381468405595267e-16 3.480769600512926068e-16 5.212290413142719444e+03
6.479689723102576958e-16 3.496150156400725281e-16 5.214499579576094220e+03
6.033936446402713055e-16 3.483556379764339253e-16 5.216708828292813450e+03
3.035536264524514977e-16 3.488840609402745418e-16 5.218918159270722754e+03
7.622760382941982957e-16 3.494483689045830002e-16 5.221127572487643192e+03
4.987990812479419678e-16 3.429639291168653237e-16 5.223337067921363996e+03
8.068319685531091712e-16 3.399788599589508957e-16 5.225546645549651657e+03
5.784968548785123709e-16 3.376985880593407429e-16 5.227756305350240837e+03
5.868986561672638509e-16 3.371319805715065589e-16 5.229966047300840728e+03
4.791765046910335215e-16 3.399612367292104981e-16 5.232175871379133241e+03
5.074482225886313002e-16 3.424158555557865347e-16 5.234385777562773001e+03
4.791747688071200213e-16 3.455400516530762012e-16 5.236595765829384618e+03
2.637540221993190709e-16 3.446128741221818319e-16 5.238805836156565420e+03
4.908654749586927316e-16 3.425459781956462403e-16 5.241015988521890904e+03
7.548497219880754995e-16 3.407465514635751117e-16 5.243226222902900190e+03
5.626961757971791979e-16 3.392475760167451041e-16 5.245436539277110569e+03
6.153629180711685969e-16 3.367369574541069130e-16 5.247646937622011137e+03
4.019793171228697608e-16 3.365701886907635272e-16 5.249857417915060068e+03
7.632054970378530892e-16 3.370554829512639101e-16 5.252067980133691890e+03
6.169428340522576814e-16 3.390911165830173353e-16 5.254278624255311115e+03
6.484034815527491459e-16 3.415507767839487933e-16 5.256489350257295882e+03
3.911845882583737392e-16 3.366279277052567636e-16 5.258700158116997045e+03
4.669621083987183791e-16 3.253969398502861129e-16 5.260911047811734534e+03
7.395017500519125366e-16 3.216696812038888781e-16 5.263122019318803723e+03
6.609155977933843747e-16 3.178076137305402479e-16 5.265333072615472702e+03
5.834544205867279570e-16 3.173124444079985709e-16 5.267544207678980456e+03
7.211524006210700482e-16 3.196373932715417888e-16 5.269755424486538686e+03
6.811256017597301548e-16 3.241142366940746837e-16 5.271966723015331809e+03
4.933881909616683284e-16 3.283888111750528542e-16 5.274178103242513316e+03
5.713513399616549116e-16 3.299634872702104928e-16 5.276389565145214874e+03
4.383594863930622735e-16 3.278140488403431185e-16 5.278601108700537225e+03
7.768594582847990257e-16 3.270045210459713949e-16 5.280812733885552007e+03
4.732526349563044694e-16 3.275044515323693927e-16 5.283024440677306302e+03
5.562430901484418084e-16 3.319398907622556798e-16 5.285236229052818089e+03
4.004531423481713486e-16 3.347019327939221211e-16 5.287448098989076243e+03
5.768382926219372213e-16 3.356301201804822252e-16 5.289660050463044172e+03
4.736526131154852903e-16 3.340560705222113416e-16 5.291872083451655271e+03
5.425789095703704082e-16 3.282704997998437190e-16 5.294084197931817471e+03
4.473917488048039806e-16 3.290505289877076990e-16 5.296296393880411415e+03
5.497848306895890217e-16 3.286797245128166118e-16 5.298508671274286826e+03
5.562669441861553990e-16 3.312927858772848139e-16 5.300721030090267959e+03
6.593984293764732105e-16 3.329868752700009902e-16 5.302933470305152696e+03
4.561410530776159460e-16 3.348279969651949789e-16 5.305145991895706175e+03
5.970690959277310148e-16 3.347106835746949858e-16 5.307358594838672616e+03
7.016266130916053903e-16 3.346588718743366220e-16 5.309571279110761679e+03
5.037035235513449418e-16 3.363596702785760396e-16 5.311784044688660288e+03
5.091976945474836402e-16 3.330910824661985993e-16 5.313996891549026259e+03
6.569143930178403034e-16 3.321849472875890965e-16 5.316209819668487398e+03
4.525802480516563522e-16 3.324572679406180431e-16 5.318422829023646955e+03
8.987270924266184259e-16 3.331461697187326295e-16 5.320635919591079073e+03
5.370966693586220632e-16 3.290178202263266272e-16 5.322849091347328795e+03
6.859145105800449010e-16 3.244680162209149815e-16 5.325062344268915695e+03
5.530519242451841938e-16 3.253306786150718297e-16 5.327275678332330244e+03
5.022223654780274944e-16 3.295835464847592128e-16 5.329489093514035631e+03
7.291117197538649598e-16 3.314060352884294075e-16 5.331702589790467755e+03
7.554580112278083726e-16 3.352863773057797656e-16 5.333916167138030687e+03
5.949507965513298663e-16 3.320736580821791235e-16 5.336129825533108487e+03
6.478174187392681534e-16 3.325720832183993247e-16 5.338343564952048837e+03
4.556744724507702973e-16 3.302814697892210956e-16 5.340557385371178498e+03
5.736972368102711410e-16 3.325348696601531630e-16 5.342771286766792400e+03
7.870961479225982240e-16 3.353849506790082622e-16 5.344985269115159099e+03
5.345992993636551719e-16 3.362720037222593843e-16 5.347199332392518954e+03
7.746557969353048830e-16 3.365852581937146446e-16 5.349413476575085951e+03
7.105627197537526869e-16 3.373861333003401152e-16 5.351627701639041334e+03
5.773389858731903482e-16 3.423814155070938372e-16 5.353842007560544516e+03
6.138652867086499569e-16 3.410030600019991319e-16 5.356056394315724901e+03
6.497891456844887007e-16 3.416920227921080120e-16 5.358270861880684606e+03
6.160722291811524831e-16 3.417302327635006354e-16 5.360485410231493006e+03
5.741424619147855565e-16 3.377729660421417310e-16 5.362700039344199467e+03
5.035264420754737831e-16 3.391263725150918585e-16 5.364914749194820615e+03
5.594062818977954486e-16 3.358238972982616822e-16 5.367129539759345789e+03
7.755062581019629312e-16 3.380541169418808986e-16 5.369344411013737044e+03
7.569130314968995138e-16 3.370934747805183230e-16 5.371559362933929151e+03
6.455867495708740622e-16 3.428860673721913243e-16 5.373774395495825956e+03
5.956482643791408714e-16 3.469758663192380994e-16 5.375989508675309480e+03
7.479993485945031354e-16 3.451307824226489406e-16 5.378204702448227181e+03
4.826303592798793981e-16 3.448206190269905477e-16 5.380419976790403780e+03
7.107615864752423172e-16 3.434453360946053877e-16 5.382635331677630347e+03
5.013760152409161500e-16 3.452123960366680546e-16 5.384850767085677944e+03
4.746489221319658474e-16 3.460541602032782268e-16 5.387066282990283071e+03
5.597703322388089053e-16 3.455583195964836892e-16 5.389281879367154033e+03
6.210989143725116105e-16 3.456488049947726863e-16 5.391497556191978219e+03
4.572186998634754914e-16 3.427815178762586409e-16 5.393713313440410275e+03
2.858572598058464660e-16 3.441523946100292186e-16 5.395929151088074832e+03
5.307158598377128027e-16 3.441560203773885248e-16 5.398145069110572877e+03
4.018885875483253889e-16 3.454650527077908181e-16 5.400361067483474471e+03
3.349332884066887702e-16 3.427342092634854699e-16 5.402577146182322394e+03
6.146412825526718782e-16 3.448055935230159543e-16 5.404793305182634867e+03
6.202886340388897550e-16 3.430198719532700631e-16 5.407009544459895551e+03
8.539352615382642633e-16 3.487427398787256249e-16 5.409225863989566278e+03
7.327951160589605560e-16 3.497737879557917716e-16 5.411442263747079778e+03
3.246255648555352331e-16 3.495637063695983909e-16 5.413658743707836038e+03
5.636595506492440173e-16 3.521964253906504644e-16 5.415875303847211399e+03
4.458913316802045952e-16 3.542278367763222613e-16 5.418091944140556734e+03
7.533061421493346747e-16 3.536158217762970117e-16 5.420308664563188358e+03
4.228345096795393446e-16 3.536891859186254014e-16 5.422525465090397120e+03
6.997318356902867178e-16 3.538033667626111204e-16 5.424742345697450219e+03
6.292249241672290236e-16 3.532640343054412122e-16 5.426959306359580296e+03
5.832673796872941448e-16 3.552565668997607711e-16 5.429176347051996345e+03
4.854705190039008809e-16 3.527163952266137536e-16 5.431393467749877345e+03
5.988279088644925027e-16 3.577061141035112595e-16 5.433610668428374993e+03
5.417872856583361472e-16 3.589456039524327994e-16 5.435827949062613698e+03
4.663200439992680597e-16 3.634903335231132054e-16 5.438045309627688766e+03
3.948342654985398476e-16 3.632230242684638035e-16 5.440262750098667311e+03
5.149881933083438393e-16 3.639244595474191003e-16 5.442480270450588250e+03
5.478565353946368627e-16 3.602735882343404895e-16 5.444697870658463216e+03
4.644934897717822867e-16 3.608132416865642018e-16 5.446915550697278377e+03
7.478180617924147879e-16 3.619839441136728615e-16 5.449133310541986248e+03
2.889302741191135329e-16 3.640125475469058246e-16 5.451351150167516607e+03
3.761511543985775218e-16 3.655029204099956543e-16 5.453569069548764674e+03
9.973081027324575625e-16 3.651737977859890298e-16 5.455787068660605655e+03
5.370003096578842314e-16 3.689642155181016208e-16 5.458005147477882929e+03
5.362806275590541221e-16 3.704478713731132057e-16 5.460223305975408039e+03
5.922589784324821744e-16 3.695365995865367066e-16 5.462441544127970701e+03
3.728565800095452492e-16 3.683567968703943036e-16 5.464659861910331529e+03
5.064150583808180814e-16 3.698630126869027522e-16 5.466878259297218392e+03
5.123387159242991456e-16 3.730175389670075436e-16 5.469096736263334606e+03
4.815550698716544800e-16 3.711188883218569914e-16 5.471315292783358018e+03
7.286026335135939328e-16 3.715579632913321490e-16 5.473533928831931917e+03
4.738093534285273677e-16 3.695421919926668233e-16 5.475752644383676852e+03
5.854466707163819287e-16 3.705405031185929804e-16 5.477971439413180633e+03
6.143037612278246823e-16 3.729781947137830979e-16 5.480190313895010149e+03
4.421644084059128905e-16 3.724954671580450835e-16 5.482409267803695911e+03
5.251252949814182577e-16 3.754173020048777509e-16 5.484628301113747511e+03
5.708480744032096152e-16 3.763476431945482179e-16 5.486847413799639980e+03
5.419963697759917977e-16 3.790177516419576245e-16 5.489066605835821974e+03
5.516696319655656851e-16 3.786011146859916736e-16 5.491285877196722140e+03
5.648062325906806352e-16 3.778717353396380458e-16 5.493505227856727288e+03
5.840753362646462563e-16 3.816399250342472017e-16 5.495724657790206038e+03
4.541821321819464952e-16 3.819722414790804374e-16 5.497944166971494269e+03
3.994473559213648809e-16 3.856213320516301962e-16 5.500163755374904213e+03
8.193250825897407588e-16 3.867676001627465010e-16 5.502383422974715359e+03
8.604912435032142126e-16 3.848208308451953437e-16 5.504603169745178093e+03
4.107759092410064414e-16 3.836436565773641513e-16 5.506822995660522793e+03
4.547746459097526990e-16 3.870457781209643049e-16 5.509042900694942546e+03
7.236264185033573530e-16 3.869045844790285653e-16 5.511262884822604974e+03
7.429416451123808272e-16 3.912244867895972830e-16 5.513482948017652234e+03
7.992705185229423375e-16 3.907902069162349408e-16 5.515703090254197377e+03
5.475320062478754776e-16 3.921993858997128774e-16 5.517923311506323444e+03
5.224355670080332808e-16 3.944250153387414007e-16 5.520143611748084368e+03
8.315512380542142753e-16 3.948789802940428787e-16 5.522363990953509528e+03
4.226113238210770937e-16 3.960773793200203860e-16 5.524584449096599201e+03
3.435818479103979010e-16 3.920654212602679268e-16 5.526804986151323646e+03
6.153352224089183451e-16 3.918189125660752589e-16 5.529025602091625842e+03
4.886328996677965567e-16 3.933311119533920374e-16 5.531246296891420570e+03
8.384946047596990671e-16 3.950649844587549342e-16 5.533467070524595329e+03
5.848475700355059108e-16 3.993026245619111950e-16 5.535687922965006692e+03
7.630066649373123363e-16 4.021581054381842846e-16 5.537908854186487588e+03
3.568588322140650959e-16 4.035962093771965664e-16 5.540129864162836384e+03
7.968578242175005602e-16 4.113520081748560604e-16 5.542350952867829619e+03
5.415810551874820869e-16 4.127936450681808859e-16 5.544572120275212001e+03
5.464221025075702331e-16 4.125130692465927828e-16 5.546793366358700041e+03
8.673696790018249013e-16 4.159495551177914439e-16 5.549014691091982968e+03
3.775124084438428412e-16 4.135252179615152428e-16 5.551236094448722724e+03
5.857434450336975734e-16 4.158690307176774184e-16 5.553457576402552149e+03
4.926241542513769639e-16 4.182652632802890988e-16 5.555679136927074069e+03
6.758441209160620646e-16 4.173728689097680898e-16 5.557900775995864024e+03
5.698016681555165961e-16 4.195922747062736718e-16 5.560122493582470270e+03
6.902310239299434020e-16 4.245455667457100122e-16 5.562344289660413779e+03
5.549217953827012000e-16 4.270724893827937003e-16 5.564566164203183689e+03
4.806089611708197862e-16 4.280825437806624138e-16 5.566788117184241855e+03
4.858599518722453758e-16 4.304086328565342909e-16 5.569010148577027394e+03
4.012907832554340247e-16 4.337718574558048634e-16 5.571232258354943951e+03
2.561445083891114532e-16 6.500406566190664920e-16 5.573454446491367889e+03
1.046497539363418037e-15 1.150538061477146886e-15 5.575676712959651013e+03
7.331015752493918011e-16 1.421825980785965989e-15 5.577899057733115114e+03
2.912600928157470074e-16 1.431390177231227932e-15 5.580121480785051972e+03
3.405743908618020696e-16 1.077248336026009262e-15 5.582343982088726989e+03
7.070181343894975274e-16 6.287384138495952931e-16 5.584566561617377374e+03
8.090433356953619741e-16 4.635451302623947580e-16 5.586789219344209414e+03
6.130128712942768412e-16 4.456241708290648758e-16 5.589011955242405747e+03
6.624241883262531678e-16 4.391798976996750799e-16 5.591234769285115362e+03
5.373923467628629421e-16 4.398990017106454070e-16 5.593457661445460872e+03
5.950978420831407926e-16 4.415561058078623276e-16 5.595680631696541241e+03
5.577789637394876916e-16 4.400260517334730229e-16 5.597903680011419056e+03
3.751578554220807746e-16 3.219399268920736366e-16 5.601368974436986719e+03
6.637256173873491241e-16 3.209871242627408438e-16 5.602921834967544783e+03
-7.421874484413206035e-17 3.231811977355226461e-16 5.604474771134884577e+03
1.208621599190746658e-16 3.258427424498426802e-16 5.606027783100733359e+03
6.508176872875012001e-16 3.173660519054104782e-16 5.607580871025757006e+03
1.185831643034923506e-15 3.115157708942311308e-16 5.609134035069564561e+03
3.373309915817222918e-16 3.086603071514828931e-16 5.610687275390708237e+03
-3.631497496201397491e-16 3.013822412105628408e-16 5.612240592146688869e+03
9.837978791904124834e-16 2.974436470641396489e-16 5.613793985493954096e+03
3.800108649896417418e-16 2.963741466982476428e-16 5.615347455587909280e+03
1.605748882038296786e-15 2.925555244833523451e-16 5.616901002582915680e+03
5.347328955626690283e-16 2.906434106681139628e-16 5.618454626632291365e+03
6.963701275666102217e-16 2.863742922229906286e-16 5.620008327888319400e+03
1.275048870938974714e-15 2.912857184560644884e-16 5.621562106502246024e+03
8.510593290203909411e-16 2.861983478009081800e-16 5.623115962624284293e+03
1.016432688213912158e-15 2.853566717217914523e-16 5.624669896403625899e+03
7.998266185638092425e-16 2.779737827963124440e-16 5.626223907988427527e+03
7.135214420899609903e-16 2.792486465736408349e-16 5.627777997525827232e+03
8.894777938333930623e-16 2.746792438815795796e-16 5.629332165161944431e+03
9.803796146520366474e-16 2.691977312103527683e-16 5.630886411041877182e+03
1.360096579367817498e-15 2.731027853282492449e-16 5.632440735309713091e+03
-3.672851758047127860e-17 2.671763755422451350e-16 5.633995138108525680e+03
5.894032276094257393e-16 2.606127732209352011e-16 5.635549619580381659e+03
1.028247878018714188e-15 2.635403835740535669e-16 5.637104179866340019e+03
6.017247129370466743e-16 2.614173010388815032e-16 5.638658819106462033e+03
7.469488403906782856e-16 2.614434959123980278e-16 5.640213537439803076e+03
1.499074566208041117e-16 2.587715196295220611e-16 5.641768335004425353e+03
7.465815034566974924e-16 2.575805127205053516e-16 5.643323211937396081e+03
6.672434793027098083e-16 2.605533671818872041e-16 5.644878168374791130e+03
9.904560163119725705e-16 2.573058156388362240e-16 5.646433204451696838e+03
1.498719276423342774e-16 2.565856016150525797e-16 5.647988320302216380e+03
7.254359841747223600e-16 2.515450980315126959e-16 5.649543516059469766e+03
6.255665020688753523e-16 2.487427831490859614e-16 5.651098791855596573e+03
-2.753274922638285660e-17 2.427971249560169084e-16 5.652654147821756851e+03
1.111886432907872307e-15 2.407437611622180299e-16 5.654209584088142947e+03
7.247994126597511087e-16 2.984458411943836865e-16 5.655765100783970411e+03
5.103672083598361390e-15 3.460044985824843319e-16 5.657320698037487091e+03
1.124621612586922834e-15 2.617434168996110948e-16 5.658876375975978590e+03
4.888011202118341701e-16 2.377435681572655373e-16 5.660432134725762808e+03
1.319363536784575103e-15 2.349333829061670618e-16 5.661987974412199947e+03
7.467238178349905092e-16 2.360073555782851323e-16 5.663543895159693420e+03
1.129785070103730144e-15 2.369071100978542171e-16 5.665099897091692583e+03
-1.929241457973461695e-16 2.388953272054523541e-16 5.666655980330692728e+03
1.196179082101952631e-15 2.389862963280585661e-16 5.668212144998242366e+03
2.073352222748827931e-16 2.331914796781065683e-16 5.669768391214943222e+03
5.628372062934477973e-16 2.317338565507202029e-16 5.671324719100453876e+03
9.850666358240739454e-16 2.316914025993616339e-16 5.672881128773493401e+03
6.122910959767044993e-16 2.299837071775410402e-16 5.674437620351836813e+03
3.313245575377925467e-16 2.297419220957759485e-16 5.675994193952334172e+03
1.961103763470100238e-16 2.273010194663352815e-16 5.677550849690896939e+03
9.588367059600382175e-16 2.313466778340366018e-16 5.679107587682506164e+03
2.806277241070496397e-16 2.289771792717340057e-16 5.680664408041219758e+03
3.039236913944950034e-16 2.256657574868018654e-16 5.682221310880167948e+03
6.845509408411530934e-16 2.262923428522193411e-16 5.683778296311564191e+03
7.734317979898011713e-16 2.251260514724006390e-16 5.685335364446696985e+03
1.021022035528374106e-15 2.237703498613263599e-16 5.686892515395944429e+03
2.693641033366325503e-16 2.236466868047854634e-16 5.688449749268769665e+03
7.158342602905925538e-16 2.238459185919820631e-16 5.690007066173724525e+03
6.442023036000767631e-16 2.239773050233536206e-16 5.691564466218453163e+03
9.218333401502233717e-17 2.226638233595292396e-16 5.693121949509694787e+03
1.282429023655757345e-15 2.208211201062454654e-16 5.694679516153285476e+03
-2.819050078228590660e-16 2.184761574965920014e-16 5.696237166254164549e+03
9.823786766678890481e-16 2.161366383790039538e-16 5.697794899916370923e+03
-5.990353067715083265e-17 2.155422730269447204e-16 5.699352717243051302e+03
4.939227713548318650e-16 2.143658461148487051e-16 5.700910618336455627e+03
4.259300525935695936e-16 2.173041721960478888e-16 5.702468603297954360e+03
7.751993687011903848e-16 2.164852002970489708e-16 5.704026672228021198e+03
3.911190257353696881e-16 2.135762917986664302e-16 5.705584825226254907e+03
1.052009757887878918e-15 2.124942914791380794e-16 5.707143062391366584e+03
-2.199574608886425825e-16 2.111168649955963708e-16 5.708701383821193303e+03
3.966390548651167115e-16 2.076938587708503815e-16 5.710259789612693567e+03
4.433748636609492456e-16 2.083652918875997173e-16 5.711818279861951851e+03
2.034608024227249215e-16 2.064736549639281893e-16 5.713376854664185885e+03
9.506655102456151400e-16 2.068851805714468958e-16 5.714935514113743920e+03
5.205313328074422246e-16 2.055404961983933777e-16 5.716494258304107461e+03
1.219166374824618975e-15 2.063681457038521471e-16 5.718053087327894900e+03
5.860940569451236044e-16 2.089790768458407815e-16 5.719612001276867886e+03
4.570482743095265335e-16 2.087721207277391007e-16 5.721171000241927686e+03
3.724265210252387413e-16 2.083886356314085769e-16 5.722730084313121552e+03
6.290887373442674811e-16 2.073890756204309889e-16 5.724289253579645447e+03
7.138875852385383154e-16 2.066641732897808922e-16 5.725848508129842230e+03
5.561891853644078069e-16 2.072209877663204399e-16 5.727407848051212568e+03
8.482431160653441148e-16 2.042802103851010137e-16 5.728967273430409477e+03
5.323611012398155450e-16 2.041019506588780972e-16 5.730526784353241965e+03
3.575240257080175074e-16 2.029142550511888891e-16 5.732086380904685939e+03
9.419409075098391784e-16 2.018931470616728037e-16 5.733646063168875116e+03
4.241723809413720874e-16 2.020237991551025904e-16 5.735205831229108298e+03
7.823473461728987731e-16 2.028096148966875034e-16 5.736765685167859374e+03
1.044933953895272955e-15 1.998533988290331517e-16 5.738325625066764587e+03
7.175721208994770083e-16 1.994876733236771465e-16 5.739885651006639819e+03
4.388895112410727152e-16 1.971627508750630455e-16 5.741445763067471489e+03
9.950044578527156679e-16 1.979380642379068178e-16 5.743005961328429294e+03
4.776690612613199576e-16 1.971581654122206150e-16 5.744566245867861653e+03
7.253286074157113451e-16 1.969885720923792337e-16 5.746126616763300262e+03
7.916174055525228192e-16 1.952505273005632637e-16 5.747687074091462819e+03
7.187458080432450783e-16 1.948644090079358175e-16 5.749247617928256659e+03
1.323738852803547266e-15 1.935947728859784832e-16 5.750808248348777852e+03
2.823878111056151032e-15 1.991214851250094299e-16 5.752368965427318471e+03
5.757139001603463613e-15 2.059949569048013067e-16 5.753929769237367509e+03
9.084837497115968292e-16 1.827600312193013595e-16 5.755490659851604505e+03
6.949310770310572339e-16 1.799888305735691587e-16 5.757051637341921378e+03
5.932755020084856878e-16 1.844946449873002201e-16 5.758612701779406052e+03
9.526476552228368730e-16 1.841325326834796629e-16 5.760173853234354283e+03
6.064553584637471725e-16 1.848751849634372957e-16 5.761735091776268746e+03
8.633473101591038849e-16 1.868546208055178024e-16 5.763296417473866313e+03
6.509800879761183438e-16 1.904834342250522481e-16 5.764857830395075325e+03
1.249430454063143058e-15 1.904539274842314360e-16 5.766419330607039228e+03
1.193576185488343463e-16 1.908578082186317096e-16 5.767980918176118394e+03
5.766664527396315954e-16 1.910378223313285141e-16 5.769542593167898303e+03
1.358589796498010070e-15 1.902253480133047270e-16 5.771104355647184093e+03
2.944459850701443681e-17 1.889437373128027275e-16 5.772666205678006008e+03
9.296077012090661581e-16 1.880266565233463493e-16 5.774228143323626682e+03
2.350568755677087184e-16 1.861945663873409700e-16 5.775790168646532038e+03
1.165567749478921613e-15 1.893422537786648630e-16 5.777352281708448572e+03
3.692374946743134682e-16 1.859027181486533061e-16 5.778914482570332439e+03
7.617060650254682013e-16 1.852265775554992039e-16 5.780476771292378544e+03
8.927395785349055018e-16 1.850255663327694857e-16 5.782039147934023276e+03
5.734992639687961779e-16 1.845725457504094037e-16 5.783601612553944506e+03
5.303556452373447766e-16 1.841612045455895672e-16 5.785164165210064311e+03
2.326220675768111830e-16 1.851928815944121172e-16 5.786726805959555350e+03
1.086216223539196859e-15 1.851735952087698721e-16 5.788289534858835395e+03
4.177804939105620531e-16 1.867150155466216549e-16 5.789852351963576439e+03
6.702890088627316476e-16 1.931447386115291533e-16 5.791415257328706502e+03
6.247091742822985877e-16 1.940637457912963733e-16 5.792978251008406005e+03
4.563799735284317870e-16 1.916662812998007598e-16 5.794541333056118674e+03
2.796609334319437785e-16 1.989955323916320524e-16 5.796104503524546089e+03
6.998169817553544045e-16 1.958778545403928797e-16 5.797667762465658598e+03
5.608242316372865648e-16 1.907062829269711626e-16 5.799231109930688035e+03
4.583817047386353289e-15 1.956316034962149349e-16 5.800794545970135005e+03
3.915611955128227251e-16 1.783558564669462988e-16 5.802358070633777970e+03
8.031829523187753080e-16 1.792513921599077406e-16 5.803921683970656886e+03
2.597076650911679745e-16 1.824293235858647305e-16 5.805485386029096844e+03
6.412535409572807074e-16 1.827324337571547897e-16 5.807049176856697159e+03
1.048222128182698088e-15 1.837229821090921919e-16 5.808613056500338644e+03
5.023819323518323363e-16 1.843869112977414315e-16 5.810177025006183612e+03
2.966320535613606533e-16 1.872873281157613493e-16 5.811741082419675877e+03
-1.459136652320365517e-16 1.852555813106179047e-16 5.813305228785555300e+03
1.104644698885212811e-15 1.866355074018140644e-16 5.814869464147841427e+03
4.303989199801640429e-16 1.819980198405205373e-16 5.816433788549854398e+03
3.133567128369243445e-16 1.829574198153595025e-16 5.817998202034199494e+03
8.761685058181815528e-16 1.850744943127788644e-16 5.819562704642786230e+03
4.180621117662074506e-16 1.864939957828063926e-16 5.821127296416818353e+03
1.185512214418069148e-15 1.880710185176023230e-16 5.822691977396800212e+03
5.025577080138062531e-16 1.879266647872348834e-16 5.824256747622542207e+03
7.173073551655155385e-16 1.875612058732632434e-16 5.825821607133158977e+03
1.473626668433841168e-15 1.879927964208707118e-16 5.827386555967073036e+03
5.802164666169091018e-16 1.874185508667044778e-16 5.828951594162013862e+03
7.276488636204516926e-16 1.885984228329844605e-16 5.830516721755028811e+03
1.118580023820381697e-15 1.872860742335007613e-16 5.832081938782475845e+03
-1.151561113461322088e-16 1.882788495113778145e-16 5.833647245280029892e+03
9.215191981558378349e-16 1.872293807027539769e-16 5.835212641282685581e+03
4.961869119153912033e-16 1.875946425682257049e-16 5.836778126824759966e+03
2.126999000387652691e-16 1.869036598246332839e-16 5.838343701939891616e+03
4.787180967945590293e-16 1.882578309142651594e-16 5.839909366661046079e+03
6.351470485372749946e-16 1.877183618832066388e-16 5.841475121020515871e+03
3.269786205594264225e-16 1.876419686378737205e-16 5.843040965049924125e+03
1.752140630267682785e-16 1.868033347839691487e-16 5.844606898780228221e+03
1.175155855326498392e-15 1.877705474080609409e-16 5.846172922241716151e+03
2.226047642025943390e-16 1.859070202170203846e-16 5.847739035464013796e+03
5.377012944607294631e-16 1.870720701910812142e-16 5.849305238476090381e+03
4.889056997415591842e-16 1.868446778707309913e-16 5.850871531306250290e+03
2.376735723937057974e-16 1.859230587834115265e-16 5.852437913982144892e+03
5.070547058668503237e-16 1.847946803345475151e-16 5.854004386530770716e+03
5.197803170511164309e-16 1.830990132060791854e-16 5.855570948978470369e+03
4.097530852689738490e-16 1.809148814117659609e-16 5.857137601350937985e+03
8.475556742331351011e-16 1.814200643969452089e-16 5.858704343673220137e+03
4.718658426822393656e-15 2.017657211565407930e-16 5.860271175969716751e+03
1.610934570760834702e-14 2.745774810120513755e-16 5.861838098264182008e+03
8.957342414386253674e-15 2.284447726799404041e-16 5.863405110579733446e+03
4.544047003166375161e-16 1.947579252565818040e-16 5.864972212938847406e+03
2.604107977211834629e-16 2.009024876251390184e-16 5.866539405363360856e+03
1.278644458223667263e-15 2.036591229493107665e-16 5.868106687874476847e+03
7.484771425188295258e-16 1.965692616364145334e-16 5.869674060492769058e+03
2.202222909119112886e-16 1.923278814086452018e-16 5.871241523238174523e+03
1.385989021490052981e-15 1.901810954429739117e-16 5.872809076130007270e+03
2.806643400447730003e-16 1.896652268537102022e-16 5.874376719186951959e+03
6.646952615183324654e-17 1.882756273967602676e-16 5.875944452427070246e+03
1.324894637225510002e-15 1.881689829729640402e-16 5.877512275867800781e+03
3.365725576752353895e-16 1.869877006923301679e-16 5.879080189525961032e+03
4.918928340336964443e-16 1.894306490482639056e-16 5.880648193417751827e+03
1.924099900065786626e-16 1.878177094691031003e-16 5.882216287558760996e+03
8.129508243719080359e-16 1.893742491195951962e-16 5.883784471963957003e+03
2.257607655443100848e-16 1.928817912242728432e-16 5.885352746647701679e+03
7.930909555230649328e-16 2.307579519604795385e-16 5.886921111623742036e+03
-1.077371659777273494e-15 3.814173441323985275e-16 5.888489566905223001e+03
2.695227221182249197e-15 4.634238414031984082e-16 5.890058112504681958e+03
2.682006193462106460e-15 4.288927804617023866e-16 5.891626748434053297e+03
-1.351184459663868127e-15 3.111932019377049258e-16 5.893195474704665685e+03
7.861725418732529187e-17 3.325838082847104884e-16 5.894764291327257524e+03
1.521391082309036949e-15 3.664455361848444119e-16 5.896333198311963315e+03
4.405499180304014713e-16 3.257469184043075736e-16 5.897902195668324566e+03
7.549971015738667172e-16 2.323020362728989323e-16 5.899471283405287977e+03
2.460781695207214742e-16 1.911766554809283292e-16 5.901040461531214532e+03
1.108343414956922235e-15 1.889680870736374600e-16 5.902609730053871317e+03
-2.196046340542127575e-16 1.892606533301169734e-16 5.904179088980437882e+03
5.061920939751032985e-16 1.917949770087947270e-16 5.905748538317515340e+03
6.159008203511464037e-16 1.938730889066454350e-16 5.907318078071113632e+03
8.371244291196095104e-16 1.911276427603848085e-16 5.908887708246669717e+03
3.698162020732770387e-16 1.884207061716257412e-16 5.910457428849036660e+03
7.419291279582045985e-16 1.895281274372133892e-16 5.912027239882492722e+03
3.743609151669910718e-16 1.949085257595948955e-16 5.913597141350741367e+03
5.520379960189593635e-16 2.013844002108887763e-16 5.915167133256914894e+03
7.291406427183501254e-16 2.020532998224437515e-16 5.916737215603570803e+03
1.007774567530811498e-15 1.933428028783565147e-16 5.918307388392702705e+03
1.115914311779973555e-15 1.890532296970449168e-16 5.919877651625733051e+03
9.592175062278398027e-16 1.891818282954103398e-16 5.921448005303524042e+03
2.072105073661197050e-16 1.906612787361943843e-16 5.923018449426373991e+03
4.476133080900478275e-16 1.947506730449591516e-16 5.924588983994015507e+03
1.200339436649319023e-15 1.913898698779686055e-16 5.926159609005630955e+03
3.145330941392213479e-16 1.875524868704487721e-16 5.927730324459840631e+03
5.046844767546608773e-16 1.840188996826306883e-16 5.929301130354710040e+03
6.044981389533667649e-16 1.918317519841345263e-16 5.930872026687753532e+03
8.483177342926305571e-16 2.040853326063806850e-16 5.932443013455933396e+03
1.221679134036984562e-15 2.047779997549190474e-16 5.934014090655666223e+03
2.405684054314381595e-16 1.957306247912559544e-16 5.935585258282815630e+03
8.766047159626881061e-16 1.904048364339302560e-16 5.937156516332706815e+03
9.617282172334244504e-16 1.875081676845822091e-16 5.938727864800117459e+03
5.085990031474219938e-16 1.884751142356235868e-16 5.940299303679286822e+03
7.079173922527163141e-16 1.862568521801747294e-16 5.941870832963913927e+03
2.704411460320890110e-16 1.870492773770621754e-16 5.943442452647159371e+03
1.009860612714273449e-15 1.931173962796199972e-16 5.945014162721649882e+03
3.866376644563563432e-16 1.932547983263248055e-16 5.946585963179480132e+03
6.714766068378585912e-16 1.902751207508252357e-16 5.948157854012210009e+03
7.470721745357151566e-16 1.874033847933343483e-16 5.949729835210873716e+03
7.482055877694759593e-16 1.916400879940466028e-16 5.951301906765975218e+03
4.708146498301585463e-16 2.015034861465254937e-16 5.952874068667491883e+03
1.354758399743000990e-15 2.028182601973113716e-16 5.954446320904880849e+03
7.762417350722528064e-16 1.950811043437529533e-16 5.956018663467074475e+03
1.143215301669323082e-15 1.884101580957723927e-16 5.957591096342486708e+03
3.879763670671831899e-16 1.884056269019102516e-16 5.959163619519011263e+03
7.075215203500327984e-16 1.881706201609213341e-16 5.960736232984028902e+03
3.457263133264219478e-16 1.874103018396004015e-16 5.962308936724403793e+03
6.861107633810133495e-16 1.871467959000489311e-16 5.963881730726487149e+03
4.528287800006898853e-16 1.870883007689142953e-16 5.965454614976121775e+03
7.577606508100500960e-16 1.857967760981731386e-16 5.967027589458639341e+03
9.335942074044185384e-16 1.896363748818084444e-16 5.968600654158866746e+03
5.886552578285934530e-16 1.901865220609500955e-16 5.970173809061123393e+03
7.456765282798248526e-16 1.914321256554581645e-16 5.971747054149229371e+03
8.356050991063526088e-16 1.892966738622171862e-16 5.973320389406499089e+03
4.584250362753896289e-16 1.891184068580135275e-16 5.974893814815750375e+03
3.720565779101172475e-16 1.920842275599193701e-16 5.976467330359304469e+03
4.161232983674068420e-16 1.943113240128908345e-16 5.978040936018983302e+03
2.655940207596660591e-16 1.899108284709653406e-16 5.979614631776115857e+03
2.702783114070404477e-16 1.870430459702388093e-16 5.981188417611541809e+03
3.198405212645593563e-16 1.848344275430322188e-16 5.982762293505606976e+03
8.070155644948068267e-16 1.834492728557433440e-16 5.984336259438170600e+03
1.610558692036940002e-16 1.835171928906666097e-16 5.985910315388606250e+03
5.441159750003185907e-16 1.840328151155095651e-16 5.987484461335800006e+03
6.681831040955518185e-16 1.837912236327577678e-16 5.989058697258156826e+03
5.352240886866659090e-16 1.837757156612958430e-16 5.990633023133599636e+03
6.549515772629696176e-16 1.852335048281958219e-16 5.992207438939574786e+03
8.008895277576047670e-16 1.851460610729462393e-16 5.993781944653044775e+03
7.830681030444366614e-16 1.852064084181496727e-16 5.995356540250501894e+03
7.308378727002745747e-16 1.867802120561374633e-16 5.996931225707963677e+03
4.050025634362108099e-16 1.861190034522424663e-16 5.998506001000971992e+03
5.406859623306881182e-16 1.857812672535241839e-16 6.000080866104603047e+03
5.189396403615656921e-16 1.853228755032903209e-16 6.001655820993459201e+03
1.204092948258968668e-15 1.879017209629416932e-16 6.003230865641681703e+03
4.242449937905732415e-16 1.886518539009725750e-16 6.004806000022940680e+03
9.395961848780977385e-16 1.852502688400532830e-16 6.006381224110447874e+03
1.851777861449129178e-16 1.820686215443643787e-16 6.007956537876949369e+03
4.567137182991811793e-16 1.809609270018962064e-16 6.009531941294735589e+03
6.606442616485585070e-16 1.816341500954142030e-16 6.011107434335634025e+03
9.952394400360949999e-16 1.830072076020394782e-16 6.012683016971021061e+03
6.507177390083755767e-16 1.812090359897900062e-16 6.014258689171814694e+03
9.766649120910808165e-16 1.812191216702581528e-16 6.015834450908478175e+03
4.488412329553084139e-16 1.810887218264963533e-16 6.017410302151030919e+03
5.334206899769056751e-16 1.802403475703371385e-16 6.018986242869037596e+03
7.184476771319967755e-16 1.803063329278066003e-16 6.020562273031611767e+03
3.039544348019188795e-17 1.793018593255167376e-16 6.022138392607431342e+03
6.087195435644744521e-16 1.799567761026264928e-16 6.023714601564720397e+03
-4.295582063052526191e-17 1.796248211745007286e-16 6.025290899871264628e+03
6.206179372250833468e-17 1.815315908120880252e-16 6.026867287494409538e+03
8.944285290519774235e-16 1.827497347922662847e-16 6.028443764401058615e+03
2.339197526099543497e-16 1.815168638982055040e-16 6.030020330557679699e+03
5.992728454923297217e-16 1.827299862342410891e-16 6.031596985930306801e+03
6.352400076749236369e-16 1.846852892139938191e-16 6.033173730484535554e+03
-3.741450991210917764e-16 1.846610934693887676e-16 6.034750564185533221e+03
1.220001963320355729e-15 1.824974712268577241e-16 6.036327486998033237e+03
4.111898015321674779e-16 1.822491996640889004e-16 6.037904498886342481e+03
9.712899882636905763e-16 1.811605125013660366e-16 6.039481599814340370e+03
-6.751103548091827399e-18 1.822383126390089639e-16 6.041058789745478862e+03
1.401012242214089840e-15 1.795036258398872597e-16 6.042636068642788814e+03
2.494665113974322616e-16 1.768339555642174870e-16 6.044213436468875443e+03
5.870224462628106818e-16 1.774364155227680980e-16 6.045790893185923778e+03
8.866027764021234865e-16 1.785725578150502331e-16 6.047368438755704119e+03
1.367994910957413731e-16 1.782072272736536165e-16 6.048946073139563850e+03
4.951505935772599338e-16 1.782602831981224606e-16 6.050523796298439265e+03
3.150033888336600520e-16 1.794558631410193162e-16 6.052101608192850108e+03
-5.227758446652835031e-17 1.788103311779395828e-16 6.053679508782902303e+03
1.337241016771317375e-15 1.808375101469403326e-16 6.055257498028296141e+03
1.834721162574483162e-16 1.799817860895907967e-16 6.056835575888317180e+03
5.465093399981854230e-16 1.798725100795573803e-16 6.058413742321847167e+03
6.260184409436482820e-16 1.775362349921799815e-16 6.059991997287361301e+03
4.292520864910925993e-16 1.764918957280854965e-16 6.061570340742928238e+03
9.369347734423441975e-16 1.773111998867572636e-16 6.063148772646216457e+03
6.038230425362952563e-16 1.754423674583170974e-16 6.064727292954494260e+03
7.018172225387603259e-16 1.815879658503605802e-16 6.066305901624627950e+03
3.116648705363279721e-16 1.815711265537504029e-16 6.067884598613087292e+03
4.092136308194464078e-16 1.829641111066212698e-16 6.069463383875944601e+03
1.748198702685199420e-16 1.802885957541552640e-16 6.071042257368881110e+03
1.216337893210968330e-15 1.813384965385328070e-16 6.072621219047182421e+03
1.157933418381958703e-17 1.803147723136187615e-16 6.074200268865741236e+03
8.534903458557751712e-16 1.803916502013514531e-16 6.075779406779063720e+03
5.023845869781713245e-16 1.797602052167503547e-16 6.077358632741264955e+03
8.402502666728834306e-16 1.798130152386379245e-16 6.078937946706075309e+03
7.610740315583989818e-16 1.788381933680223753e-16 6.080517348626841340e+03
5.449076958003627283e-16 1.781690294349972315e-16 6.082096838456522164e+03
5.013059183474766235e-16 1.779039054795400429e-16 6.083676416147696727e+03
4.449375332700122583e-17 1.791077320033365312e-16 6.085256081652565626e+03
7.779649866024400901e-16 1.776995778798189347e-16 6.086835834922949289e+03
4.026314929380559145e-16 1.771162640629507491e-16 6.088415675910286154e+03
4.133921564753522229e-16 1.757020914299723722e-16 6.089995604565648136e+03
1.368964390138688365e-16 1.747259944136718969e-16 6.091575620839726980e+03
8.489772054577274215e-16 1.757436319770201356e-16 6.093155724682840628e+03
8.035612508345912286e-16 1.795806904244859548e-16 6.094735916044939586e+03
1.770616687649021910e-15 1.827819970004202749e-16 6.096316194875604197e+03
2.070321773713601426e-16 1.782768241046076100e-16 6.097896561124045547e+03
9.338000728936006643e-16 1.770071769466045409e-16 6.099477014739107290e+03
2.756033010704709650e-16 1.745256896678767498e-16 6.101057555669271096e+03
8.241335742769036575e-16 1.760066897273430508e-16 6.102638183862653023e+03
2.483171057109905112e-16 1.776942473694065015e-16 6.104218899267008055e+03
1.023864441204967900e-15 1.814081825352802561e-16 6.105799701829730111e+03
5.294760129716502769e-16 1.787831969852384397e-16 6.107380591497852947e+03
9.886991037003487359e-16 1.760081375069812854e-16 6.108961568218056527e+03
5.161702926530968100e-16 1.748844504558751799e-16 6.110542631936661564e+03
4.655906087175052684e-16 1.755431167803070052e-16 6.112123782599637707e+03
6.031719218490935580e-16 1.756025007636690781e-16 6.113705020152595353e+03
5.455546567655260347e-16 1.741208248559987238e-16 6.115286344540800201e+03
2.611450231377176429e-16 1.764950875425268805e-16 6.116867755709166886e+03
1.048217460111771498e-15 1.748579941236514982e-16 6.118449253602257158e+03
3.861945842528921050e-16 1.748307846070273423e-16 6.120030838164288980e+03
4.956377732498929616e-16 1.748095520201024157e-16 6.121612509339136523e+03
1.030686087294025957e-15 1.763263055369304565e-16 6.123194267070324713e+03
4.880628806740263846e-16 1.783917001346263762e-16 6.124776111301041965e+03
2.144230005722688329e-16 1.782155716409653056e-16 6.126358041974131993e+03
8.716153550166789841e-16 1.786426595552129508e-16 6.127940059032098361e+03
5.255158374509805462e-16 1.798949222925255406e-16 6.129522162417106301e+03
6.061881827622524960e-16 1.794543128791381372e-16 6.131104352070989080e+03
4.171584431839067509e-16 1.771334999104298652e-16 6.132686627935237993e+03
1.918494147768931541e-15 1.812533073956697264e-16 6.134268989951013282e+03
4.290539765920211489e-17 1.747086157530617918e-16 6.135851438059144130e+03
8.134469757734696245e-16 1.741859622294854342e-16 6.137433972200127755e+03
4.215493265705380879e-16 1.747019327647398522e-16 6.139016592314130321e+03
9.754185990584450454e-16 1.760760597268115649e-16 6.140599298340992391e+03
1.761162356948178904e-16 1.744987872844096857e-16 6.142182090220226200e+03
8.250610550794746275e-16 1.766912106778429044e-16 6.143764967891016568e+03
8.257162265667217606e-16 1.788833680487981515e-16 6.145347931292229987e+03
7.112884534280668995e-16 1.756504943390738833e-16 6.146930980362403716e+03
6.984050953042145825e-16 1.734606481091094266e-16 6.148514115039761236e+03
2.852118712812732687e-16 1.750532007234523015e-16 6.150097335262198612e+03
1.013308234194295351e-15 1.757141468709919627e-16 6.151680640967299951e+03
5.887812799080979419e-16 1.791519454571271275e-16 6.153264032092329217e+03
7.321765526092705739e-16 1.789569338030989551e-16 6.154847508574237509e+03
3.678271512717893968e-16 1.768985207165325615e-16 6.156431070349659421e+03
5.121949180245518864e-17 1.770894860507463108e-16 6.158014717354913955e+03
1.174340660436916674e-15 1.768211021342809097e-16 6.159598449526018157e+03
1.862216829860696033e-16 1.745818748390747188e-16 6.161182266798669843e+03
8.011650946227064224e-16 1.732634275425726570e-16 6.162766169108261238e+03
3.612727088599445371e-16 1.738674078207590300e-16 6.164350156389879885e+03
4.194110909248567253e-16 1.755894450117034771e-16 6.165934228578304101e+03
1.046540401784180681e-15 1.774895696235480615e-16 6.167518385608009339e+03
7.468142447806983205e-17 1.784968129439702257e-16 6.169102627413169103e+03
8.082022154684749032e-16 1.820679554130993554e-16 6.170686953927652212e+03
2.738013578788948567e-16 1.809906653571875770e-16 6.172271365085028265e+03
6.110202051185017774e-16 1.801154206703037811e-16 6.173855860818568544e+03
2.369598141145929651e-16 1.782283773553913045e-16 6.175440441061248748e+03
6.274233648869259920e-16 1.777158761097648719e-16 6.177025105745741712e+03
8.400484564154899967e-16 1.772752335943580526e-16 6.178609854804431961e+03
6.008744893497911806e-16 1.763333162985906933e-16 6.180194688169407527e+03
2.883417945259270771e-16 1.768997295945926213e-16 6.181779605772462673e+03
1.007502552871536562e-15 1.780337811012957655e-16 6.183364607545102444e+03
5.396918375061603765e-16 1.767086239420387381e-16 6.184949693418544484e+03
7.181031820825368722e-16 1.786981101481594621e-16 6.186534863323711761e+03
7.296572279131597994e-16 1.762350356990021902e-16 6.188120117191245299e+03
8.218395874305310689e-16 1.755279196230604616e-16 6.189705454951501451e+03
8.364167568332898507e-16 1.748351541507015093e-16 6.191290876534543713e+03
2.789217211436565111e-16 1.764745300838061015e-16 6.192876381870164550e+03
1.032782997419412577e-15 1.766031805984319481e-16 6.194461970887864481e+03
5.959512847559174783e-16 1.755096168874866930e-16 6.196047643516869357e+03
3.781346681346839488e-16 1.760387302886774397e-16 6.197633399686121265e+03
6.900778076044163549e-16 1.755313278967113671e-16 6.199219239324288537e+03
7.953073902259411784e-16 1.769390641433966925e-16 6.200805162359762107e+03
3.790754416238612705e-16 1.812533083549331907e-16 6.202391168720654605e+03
9.050837758937056643e-16 1.809024553664817199e-16 6.203977258334805811e+03
1.032910341626813998e-15 1.780611299347564423e-16 6.205563431129785386e+03
1.680620103338639275e-16 1.756718939381375150e-16 6.207149687032888323e+03
7.824280271179266942e-16 1.767623655238290621e-16 6.208736025971141316e+03
5.409225124208309677e-16 1.755908999159407521e-16 6.210322447871299119e+03
7.495339238798653952e-16 1.764298850764458828e-16 6.211908952659850911e+03
-1.764080551042371426e-17 1.754092848143324451e-16 6.213495540263022122e+03
9.320518064066233030e-16 1.750526149152598981e-16 6.215082210606766239e+03
4.537486793137808127e-16 1.738905388853047106e-16 6.216668963616776637e+03
1.076741629606092485e-15 1.734973357101550405e-16 6.218255799218486572e+03
2.071101882308526769e-16 1.755834144007427371e-16 6.219842717337061003e+03
1.031428111693328611e-15 1.797098666742653592e-16 6.221429717897412047e+03
1.071118046466575939e-15 1.795947293423703335e-16 6.223016800824185339e+03
3.670581443302664902e-16 1.767957614373994620e-16 6.224603966041777312e+03
4.731172802718206431e-16 1.735374309544667462e-16 6.226191213474319738e+03
6.762162715823223016e-16 1.724759864808484610e-16 6.227778543045693368e+03
1.235628239352919729e-15 1.715976312655313649e-16 6.229365954679522474e+03
4.961817223647113349e-16 1.712576439559644347e-16 6.230953448299182128e+03
2.791683160353339535e-16 1.767777137026756205e-16 6.232541023827792742e+03
3.606121810498416896e-16 1.940484478260683347e-16 6.234128681188223709e+03
8.972283614176036426e-16 2.067854443815894394e-16 6.235716420303095219e+03
5.036686878301012099e-16 2.046898635555551831e-16 6.237304241094784629e+03
3.784281913746208422e-16 1.903712410762937886e-16 6.238892143485415545e+03
5.950535932272249542e-16 1.842908582096796341e-16 6.240480127396867829e+03
8.110544342463568288e-16 1.835402001361982493e-16 6.242068192750779417e+03
7.271848828878393458e-16 1.805679099770794494e-16 6.243656339468541773e+03
5.829365660068193171e-16 1.746278695594680512e-16 6.245244567471307164e+03
1.493469619729804498e-16 1.716682931896444381e-16 6.246832876679984111e+03
3.722874901264754945e-16 1.720641628923545103e-16 6.248421267015242847e+03
5.539058850467535308e-16 1.716568779924298125e-16 6.250009738397516230e+03
2.522323961282109409e-16 1.695764534680183996e-16 6.251598290746997918e+03
6.027743251526996489e-16 1.680827613750366057e-16 6.253186923983645102e+03
6.461719259922574036e-16 1.702056499117459181e-16 6.254775638027180321e+03
8.845857275365799960e-16 1.866595925760140051e-16 6.256364432797095105e+03
3.042660049896207514e-16 1.975658238821260529e-16 6.257953308212642696e+03
6.187995076930920545e-16 1.955987274545574660e-16 6.259542264192850780e+03
4.639032668521328038e-16 1.801695936943589298e-16 6.261131300656510575e+03
1.155493420806093121e-15 1.743318669174373876e-16 6.262720417522188654e+03
2.971428687821349971e-16 1.779395079548943022e-16 6.264309614708223307e+03
5.538663664239205864e-16 1.804423808161022640e-16 6.265898892132720903e+03
3.587028091981431812e-16 1.770317468624018620e-16 6.267488249713568621e+03
5.690843063397996691e-16 1.736742499312801758e-16 6.269077687368424449e+03
2.195352441602285579e-16 1.698689742128409383e-16 6.270667205014725369e+03
5.275542746268021162e-16 1.694160999461162267e-16 6.272256802569684623e+03
-1.033047117332142326e-16 1.706234225313611897e-16 6.273846479950292633e+03
7.633737407425338007e-16 1.702960975779357487e-16 6.275436237073321536e+03
-1.032812530855087123e-17 1.690750473519802425e-16 6.277026073855325194e+03
5.468777593597889208e-16 1.643371892701750657e-16 6.278615990212637371e+03
1.126633097868393469e-15 1.615688108502074355e-16 6.280205986061376279e+03
4.438394089202034830e-16 1.614560228611684933e-16 6.281796061317443673e+03
1.291936854196801025e-16 1.635555165104094268e-16 6.283386215896529393e+03
7.926902105352521134e-16 1.710201091651371603e-16 6.284976449714104092e+03
5.367253166328413975e-16 1.854231093283192504e-16 6.286566762685430149e+03
1.031026752286754829e-15 1.916411435563050755e-16 6.288157154725558030e+03
6.675733751791897571e-16 1.827296748799392135e-16 6.289747625749327199e+03
1.351752217135433771e-15 1.699571250307969125e-16 6.291338175671369754e+03
3.166622239393473704e-16 1.648310058908687798e-16 6.292928804406107702e+03
1.066534023308495912e-15 1.662651831813613678e-16 6.294519511867755682e+03
8.835243617014633320e-16 1.726347858859267717e-16 6.296110297970323700e+03
-2.524079646140282514e-15 2.405198314631597739e-16 6.297701162627616213e+03
-9.660725366561360387e-16 3.846017797392725988e-16 6.299292105753234864e+03
1.302482057649022767e-15 4.386166954547290765e-16 6.300883127260578476e+03
1.650812273647386041e-15 3.683459422983805640e-16 6.302474227062841237e+03
1.736292146387315505e-15 2.369019527969891282e-16 6.304065405073020884e+03
5.090888777975723950e-16 1.911081020863477777e-16 6.305656661203915974e+03
3.981677089238356449e-16 1.956056342295333682e-16 6.307247995368120428e+03
6.812882482476372952e-16 1.870619295050791196e-16 6.308839407478037174e+03
6.988978926611149415e-16 1.726138269785936920e-16 6.310430897445869050e+03
2.546252115154911695e-16 1.660681084651499445e-16 6.312022465183625172e+03
8.107258648230638404e-16 1.651126806918878074e-16 6.313614110603120935e+03
8.278273927121201218e-16 1.632882375526321918e-16 6.315205833615976189e+03
4.425774154432313674e-16 1.619726948424042329e-16 6.316797634133620704e+03
6.546829798233964038e-16 1.637581741290768341e-16 6.318389512067293253e+03
2.654194808357844983e-16 1.702268249525967190e-16 6.319981467328039798e+03
6.831475273668259998e-16 1.751886832042519577e-16 6.321573499826718034e+03
4.618755975595292455e-16 1.733903700689631825e-16 6.323165609474000121e+03
4.828167289183902701e-16 1.677925079139966221e-16 6.324757796180369041e+03
5.997928360443880514e-16 1.665838923616617045e-16 6.326350059856120424e+03
3.334126355895649568e-16 1.779331729392517393e-16 6.327942400411367998e+03
8.724697428900458673e-16 1.887135904381046847e-16 6.329534817756037228e+03
8.103108177416466559e-17 1.888390892096921701e-16 6.331127311799877134e+03
2.552292538418192621e-16 1.780410872951905886e-16 6.332719882452445745e+03
6.725723634588079413e-16 1.640967375726438735e-16 6.334312529623127375e+03
3.983618734114974056e-16 1.592717589926130142e-16 6.335905253221122621e+03
4.548539443324212969e-16 1.574254030923606982e-16 6.337498053155453817e+03
-2.674624192851592209e-17 1.565123722270996292e-16 6.339090929334966859e+03
8.456595098245986601e-16 1.599564762013432155e-16 6.340683881668326649e+03
2.855375589031311123e-16 1.633676041122371058e-16 6.342276910064027106e+03
4.267904188758000948e-16 1.672133701869270198e-16 6.343870014430380252e+03
9.248978783559094365e-16 1.674088847619324987e-16 6.345463194675532577e+03
1.175947495953169061e-16 1.704742779639529675e-16 6.347056450707447766e+03
5.500157878857716992e-16 1.735368430241701727e-16 6.348649782433925793e+03
8.949874672085307229e-16 1.733062639941848498e-16 6.350243189762589282e+03
5.538809052632490708e-16 1.700061344004207038e-16 6.351836672600895326e+03
6.052797886351594880e-16 1.688821010222618829e-16 6.353430230856125490e+03
2.647034175440554341e-16 1.772043710909340397e-16 6.355023864435400355e+03
-2.120095999314559161e-16 1.822520895126036669e-16 6.356617573245667700e+03
1.105952889988507112e-15 1.802612958972708133e-16 6.358211357193710683e+03
5.037441736542754910e-16 1.710916093297415377e-16 6.359805216186146026e+03
-2.407850847075494042e-16 1.993615158992419692e-16 6.361399150129427653e+03
-2.965700267012716282e-16 2.555408835565709073e-16 6.362993158929843048e+03
1.432590019934549660e-15 2.768290112962636198e-16 6.364587242493520534e+03
4.448183155511882628e-16 2.394148206552512863e-16 6.366181400726421998e+03
1.898406465171551868e-15 1.880311212773199943e-16 6.367775633534354711e+03
5.361220331215208783e-16 1.682880988026664409e-16 6.369369940822958597e+03
5.595448024151131823e-16 1.667952610641651364e-16 6.370964322497721696e+03
9.676395696314303406e-16 1.657182665432809821e-16 6.372558778463968338e+03
1.009050943735281878e-17 1.670848356798691832e-16 6.374153308626868238e+03
7.016124856105158451e-16 1.679231418036017293e-16 6.375747912891432861e+03
7.687998383337159490e-16 1.696371237780412014e-16 6.377342591162523604e+03
5.513014267934168377e-16 1.720074746741437907e-16 6.378937343344841793e+03
1.074055605064365474e-15 1.721769976904647143e-16 6.380532169342937777e+03
5.557459072479338504e-16 1.691707805103715125e-16 6.382127069061207294e+03
2.570006748687557930e-16 1.708764612536613244e-16 6.383722042403896921e+03
1.418606477732704239e-16 1.749280425077337922e-16 6.385317089275100443e+03
4.481599341193868614e-16 1.780335353179355575e-16 6.386912209578762486e+03
6.580016597729821411e-16 1.748582407400998022e-16 6.388507403218679428e+03
8.311470339014440847e-16 1.707105656805306938e-16 6.390102670098496674e+03
5.452742160609956458e-16 1.670245906944150631e-16 6.391698010121715015e+03
4.316339527802013258e-16 1.666131501782699521e-16 6.393293423191687907e+03
1.339260834503158876e-16 1.656974674947348198e-16 6.394888909211624195e+03
8.337454840581364788e-16 1.656423946443277660e-16 6.396484468084587206e+03
5.448638605584260933e-16 1.658819676551424504e-16 6.398080099713494747e+03
5.599968149931608813e-16 1.640751201895040733e-16 6.399675804001124561e+03
3.006385351802001451e-16 1.655665830037173150e-16 6.401271580850110695e+03
8.096533835682977572e-16 1.685766794388824504e-16 6.402867430162947130e+03
6.404548589818494709e-16 1.678487061761824810e-16 6.404463351841985059e+03
9.647095392863634263e-16 1.679664795566458620e-16 6.406059345789441068e+03
2.452173973977655499e-17 1.646509251687413455e-16 6.407655411907386224e+03
9.742040860141560178e-16 1.649003323180070199e-16 6.409251550097760628e+03
5.194832111598831197e-16 1.657693395092700182e-16 6.410847760262363408e+03
6.639224150835107951e-16 1.677228385934163597e-16 6.412444042302857270e+03
3.725996433120002617e-16 1.684617623056847084e-16 6.414040396120770311e+03
7.169119619948851537e-16 1.690799489010248196e-16 6.415636821617499663e+03
2.462379229618164431e-16 1.674183838803026756e-16 6.417233318694305126e+03
7.558039909451742322e-16 1.693986777546682796e-16 6.418829887252312801e+03
3.427779083715554216e-16 1.701265823869652692e-16 6.420426527192520552e+03
3.731805210595423400e-16 1.702684043949592362e-16 6.422023238415791639e+03
5.787668681029714608e-16 1.675694096988116364e-16 6.423620020822861079e+03
4.806347578887768971e-16 1.680311678976566499e-16 6.425216874314334746e+03
5.289992776297116583e-16 1.682946274215422110e-16 6.426813798790690271e+03
8.334702057760043215e-16 1.685055733847964584e-16 6.428410794152271592e+03
2.851856486960342720e-16 1.665672718737924127e-16 6.430007860299305321e+03
3.441533297263937252e-16 1.660093288277106209e-16 6.431604997131882556e+03
9.016517121136875724e-16 1.668457731028915679e-16 6.433202204549976159e+03
3.972809288994323920e-16 1.670748613925594753e-16 6.434799482453430755e+03
6.454760269005047745e-16 1.675321493698062534e-16 6.436396830741967278e+03
1.220534547987254438e-15 1.673266359457893638e-16 6.437994249315184788e+03
3.378347232758995722e-16 1.661705691361198695e-16 6.439591738072558655e+03
7.150981161490272516e-16 1.664736117236272921e-16 6.441189296913444196e+03
3.910879079892184927e-16 1.676259396114501018e-16 6.442786925737074853e+03
4.400071009531335509e-16 1.686727510776509120e-16 6.444384624442564927e+03
4.717203363864611431e-16 1.751121025889743305e-16 6.445982392928910485e+03
6.110849620419828183e-15 1.862469073470288105e-16 6.447580231094987539e+03
6.852381620449202481e-16 1.689233204065052856e-16 6.449178138839554776e+03
8.036489158591678882e-16 1.670279860617924481e-16 6.450776116061255379e+03
5.362752279146523898e-16 1.689732519936935833e-16 6.452374162658616115e+03
5.602946786706002867e-16 1.689236718721748142e-16 6.453972278530046424e+03
3.026108528031692003e-16 1.672984075516749427e-16 6.455570463573845700e+03
2.599181816223838347e-16 1.611890842543314769e-16 6.457168717688195102e+03
2.346135665087648254e-15 1.741447734607976846e-16 6.458767040771164829e+03
6.261181115898161040e-15 2.236586896333576745e-16 6.460365432720713216e+03
1.231831306288259066e-15 1.623949267279310713e-16 6.461963893434684906e+03
1.786367732291548771e-16 1.738403492094254343e-16 6.463562422810818134e+03
9.514528593213222424e-16 1.829299362196492503e-16 6.465161020746737449e+03
9.929387793995237541e-16 1.806705334679684339e-16 6.466759687139957350e+03
2.008487253386952924e-16 1.743353927547745660e-16 6.468358421887889563e+03
3.486763402970715161e-17 1.736731210724413139e-16 6.469957224887832126e+03
6.897219233982033797e-16 1.755566086151565110e-16 6.471556096036976669e+03
8.334139910100342702e-16 1.696154332607457222e-16 6.473155035232413866e+03
3.920504959900033179e-16 1.613904535058319577e-16 6.474754042371121614e+03
1.326009986102568333e-16 1.605906764407361035e-16 6.476353117349978675e+03
3.093963047448104817e-16 1.657453284790933167e-16 6.477952260065756491e+03
5.085216516834379740e-16 1.667070693323490630e-16 6.479551470415123731e+03
3.391372547071546922e-16 1.677140798050207237e-16 6.481150748294647201e+03
1.055243147435952571e-15 1.655931854592559980e-16 6.482750093600790933e+03
1.505146816727451599e-16 1.652088590589950513e-16 6.484349506229917097e+03
8.166852717716407102e-16 1.651550831485729175e-16 6.485948986078290545e+03
4.939718244298385384e-16 1.661714926891924357e-16 6.487548533042073359e+03
6.841351201577084813e-16 1.675475584238653792e-16 6.489148147017327574e+03
1.896744918101593446e-16 1.666193945133936840e-16 6.490747827900019729e+03
1.472358926465602512e-15 1.656862470023776875e-16 6.492347575586016319e+03
2.066664944078634313e-16 1.636685599899646717e-16 6.493947389971088342e+03
7.265533474147102635e-16 1.650159040048618929e-16 6.495547270950910388e+03
4.502052971362681006e-16 1.791290480451683735e-16 6.497147218421057914e+03
3.387264552869662795e-16 1.890749666653993634e-16 6.498747232277017247e+03
1.194284738754570154e-15 1.867275387038078833e-16 6.500347312414176486e+03
5.187252267782024494e-16 1.757162885991554488e-16 6.501947458727830963e+03
8.120623218381321930e-16 1.736426420310653227e-16 6.503547671113183242e+03
5.145325038581915274e-16 1.753991031828489591e-16 6.505147949465341298e+03
7.246231522494687745e-16 1.774972214843003736e-16 6.506748293679327617e+03
9.741313218846560254e-16 1.738907113600685755e-16 6.508348703650066454e+03
1.079941326988223046e-15 1.701385320779376310e-16 6.509949179272398396e+03
1.345372578455793425e-16 1.705935580244365319e-16 6.511549720441067620e+03
4.806642277761402006e-16 1.690799227799061580e-16 6.513150327050734631e+03
1.495607166421419452e-16 1.692652861797897998e-16 6.514750998995970804e+03
9.171465944213953211e-16 1.665881365970202342e-16 6.516351736171256562e+03
3.259398819255657362e-16 1.650541013093537624e-16 6.517952538470990476e+03
8.648820245550506923e-16 1.666653945263652208e-16 6.519553405789481985e+03
5.500311218094706864e-16 1.729449132836465188e-16 6.521154338020952309e+03
3.948151613080320670e-16 1.757653116090911856e-16 6.522755335059542631e+03
9.408217290179589469e-16 1.749226332220250691e-16 6.524356396799306822e+03
2.500182571454378737e-16 1.719380945675669988e-16 6.525957523134215080e+03
7.250226183558454686e-16 1.716513549929608868e-16 6.527558713958154840e+03
1.005585142980346599e-15 1.716179386556750806e-16 6.529159969164930772e+03
2.931007147925980545e-16 1.765032535157087445e-16 6.530761288648268419e+03
8.201495323283241558e-16 1.870600944321381906e-16 6.532362672301806924e+03
2.783746101144602005e-16 1.900743416146899848e-16 6.533964120019109032e+03
7.916131375091016660e-16 1.826990386486377252e-16 6.535565631693656542e+03
2.126228990497816269e-16 1.747116435984990984e-16 6.537167207218849398e+03
9.097750940154312433e-16 1.726355608069815249e-16 6.538768846488012059e+03
4.160581730136060202e-16 1.747999187729289969e-16 6.540370549394389855e+03
7.402970910594554312e-16 1.769261406139551607e-16 6.541972315831150809e+03
4.976300384448309883e-16 1.810446172564168966e-16 6.543574145691383819e+03
6.630640113203973931e-16 1.799745448557438549e-16 6.545176038868104115e+03
6.604245755110300657e-16 1.758024584827720056e-16 6.546777995254250527e+03
6.346972952427655666e-16 1.728351552577821905e-16 6.548380014742686399e+03
5.813317411508859418e-16 1.721637518906066377e-16 6.549982097226200494e+03
-2.865643280917151059e-18 1.796614351462560765e-16 6.551584242597507000e+03
5.938477621643527843e-16 1.916295593352382059e-16 6.553186450749249161e+03
6.586094734768495783e-16 1.921997994963648538e-16 6.554788721573995645e+03
8.790999835543257439e-16 1.806221444064055120e-16 6.556391054964240539e+03
9.192632116143731620e-16 1.702703086427843835e-16 6.557993450812414267e+03
-1.493802568798230048e-17 1.719342050160005125e-16 6.559595909010866308e+03
3.038786196266286049e-16 2.055282275335904197e-16 6.561198429451882475e+03
-2.973876343504195562e-16 2.335905030567997931e-16 6.562801012027678553e+03
1.761852812665441398e-15 2.268742378607082294e-16 6.564403656630396654e+03
3.457903125734630536e-16 1.939360524155676480e-16 6.566006363152113408e+03
5.184509148001252340e-16 1.756927704333062777e-16 6.567609131484838144e+03
3.124697178801222204e-16 1.765901844618512855e-16 6.569211961520510158e+03
6.871338507967778956e-16 1.756998945323342347e-16 6.570814853151003263e+03
7.015305187431228957e-16 1.731291533997803639e-16 6.572417806268124878e+03
8.011607451760253871e-16 1.718504870387602348e-16 6.574020820763615120e+03
7.212790148792452527e-16 1.822174066074255835e-16 6.575623896529150443e+03
3.436744344305619699e-15 1.957845337862298377e-16 6.577227033456343634e+03
2.966454254562094177e-15 1.963927487874479375e-16 6.578830231436739268e+03
2.550076387823235040e-15 1.861494189861516342e-16 6.580433490361821896e+03
4.232472353593672908e-16 1.773385543302312091e-16 6.582036810123011492e+03
7.957411657591237838e-16 1.751879356871415020e-16 6.583640190611667094e+03
3.177248132594512684e-16 1.738874231943800918e-16 6.585243631719082259e+03
7.349761243540687308e-16 1.739058477963995293e-16 6.586847133336490515e+03
6.092650948336327195e-16 1.726951136511808913e-16 6.588450695355068092e+03
4.995220991106610885e-16 1.746009339933675303e-16 6.590054317665925737e+03
6.453516828301668036e-16 1.735353188827185606e-16 6.591658000160117808e+03
7.926060733907417906e-16 1.718577497794882142e-16 6.593261742728636818e+03
8.504568370835939494e-17 1.747064265202349877e-16 6.594865545262417072e+03
1.033512120217218883e-15 1.769642278961001736e-16 6.596469407652336486e+03
1.892317032098073636e-16 1.791172882029782446e-16 6.598073329789212949e+03
7.847505100842746895e-16 1.774426398623450519e-16 6.599677311563807962e+03
5.907327537743454641e-16 1.759767796686318177e-16 6.601281352866826637e+03
5.458440318595520077e-16 1.808112311530719444e-16 6.602885453588916789e+03
8.453245795310718522e-16 1.821532178412122188e-16 6.604489613620672571e+03
6.998368452031112956e-16 1.793496136577666946e-16 6.606093832852629930e+03
5.956263027551137241e-16 1.742653237348148699e-16 6.607698111175272061e+03
7.878564954819099865e-16 1.714863496868533741e-16 6.609302448479027589e+03
5.548171926044370225e-16 1.737380817804044489e-16 6.610906844654271481e+03
6.888940386278708233e-16 1.744403955834025592e-16 6.612511299591327770e+03
3.128932669213876300e-16 1.744921814006011920e-16 6.614115813180461373e+03
9.634758841990332159e-16 1.739460342406960567e-16 6.615720385311891732e+03
4.810365645775567517e-16 1.736919411010260475e-16 6.617325015875784629e+03
1.427547373335824087e-16 1.735163359190476820e-16 6.618929704762251276e+03
5.488898653674851884e-16 1.748031261701446999e-16 6.620534451861357411e+03
8.041074274722545141e-16 1.746778832962711413e-16 6.622139257063114201e+03
7.977622581406976002e-16 1.751617741522020850e-16 6.623744120257486429e+03
5.239892512285722673e-16 1.746599328335525770e-16 6.625349041334386129e+03
2.679746345428194564e-16 1.765779078541910364e-16 6.626954020183679859e+03
1.238805659939470999e-15 1.776206237024871306e-16 6.628559056695183244e+03
2.258586081174912176e-16 1.765182812504548480e-16 6.630164150758664618e+03
7.906594410936058753e-16 1.760475636365548164e-16 6.631769302263848658e+03
4.216194570336094435e-16 1.777490815371879649e-16 6.633374511100404561e+03
5.182550304777434055e-16 1.779371661248145838e-16 6.634979777157963326e+03
8.238666704866008843e-16 1.789428219172408041e-16 6.636585100326106840e+03
8.562005951801007711e-16 1.766383974879064067e-16 6.638190480494371513e+03
3.538271724978586755e-16 1.764533608265290620e-16 6.639795917552249193e+03
6.367529792913747279e-16 1.734494589848588178e-16 6.641401411389184432e+03
3.481920479038353213e-16 1.724494556846565421e-16 6.643006961894581764e+03
5.610770804800459912e-16 1.710200683609586050e-16 6.644612568957801159e+03
8.164088144479995157e-16 1.721292465592986654e-16 6.646218232468154383e+03
-3.006060947285676853e-16 1.716103814385394054e-16 6.647823952314916824e+03
4.287759470437646894e-16 1.724545990818720149e-16 6.649429728387317482e+03
7.539360017136573458e-16 1.732412922165701602e-16 6.651035560574546253e+03
-3.480527309687269671e-16 1.728378880659625371e-16 6.652641448765747555e+03
9.103598794779999785e-16 1.737685153937872427e-16 6.654247392850030337e+03
3.748077919240351734e-16 1.753801450855291627e-16 6.655853392716457165e+03
3.702613991216169601e-16 1.777386830861038773e-16 6.657459448254053314e+03
7.261974742780192232e-16 1.776538651447715628e-16 6.659065559351804040e+03
4.557415535730856184e-16 1.786539442156495141e-16 6.660671725898657314e+03
1.930829590615891452e-16 1.778694425531232698e-16 6.662277947783516538e+03
8.095325575689616239e-16 1.774447391578839969e-16 6.663884224895251464e+03
-2.496242121912865643e-16 1.780257187465133949e-16 6.665490557122693644e+03
4.090516691577581649e-16 1.781978608502393444e-16 6.667096944354634616e+03
4.873657537160083234e-16 1.813822604425848526e-16 6.668703386479830442e+03
5.697129123440585781e-16 1.792875333271787893e-16 6.670309883386997171e+03
1.353301063647255972e-16 1.781465496010979146e-16 6.671916434964819928e+03
5.899874214441125567e-16 1.755077639023767910e-16 6.673523041101945637e+03
8.541515316905906542e-16 1.756879003119635347e-16 6.675129701686981207e+03
9.337330083692581965e-16 1.743001488300033297e-16 6.676736416608504442e+03
-1.287829983821198658e-16 1.751163379213740387e-16 6.678343185755054947e+03
7.240201939673391110e-16 1.756265441190639520e-16 6.679950009015139585e+03
1.728085143339959843e-16 1.751751915077712430e-16 6.681556886277228841e+03
6.733423771490534121e-16 1.786422902839073782e-16 6.683163817429764094e+03
7.689994600565385197e-16 1.808439489435076294e-16 6.684770802361149435e+03
4.649131786812056244e-16 1.813223642355216998e-16 6.686377840959757123e+03
8.784190265487796490e-17 1.831122047952907468e-16 6.687984933113926672e+03
6.784916719080822640e-16 1.899277931836693257e-16 6.689592078711968497e+03
-1.359207747431305513e-16 2.013054744669073862e-16 6.691199277642155721e+03
9.153170675567119863e-16 2.092087532468495796e-16 6.692806529792738729e+03
9.904321472987353643e-16 2.116533243120314371e-16 6.694413835051924252e+03
3.909498677448295360e-16 2.012199688089179991e-16 6.696021193307903559e+03
1.185967074016294352e-15 1.922272846251152925e-16 6.697628604448826081e+03
1.874378641001426524e-17 1.919524452435101169e-16 6.699236068362817605e+03
5.557065529192328714e-16 1.950074455863769302e-16 6.700843584937972992e+03
4.421878496768193513e-16 1.887030035324478815e-16 6.702451154062355272e+03
8.315911820053739116e-16 1.803206293630833435e-16 6.704058775624004738e+03
4.491987051159775352e-17 1.773213653277897176e-16 6.705666449510927123e+03
1.185622127985042504e-15 1.803115667658344739e-16 6.707274175611104511e+03
6.919052618145646767e-16 1.784386933443748814e-16 6.708881953812489883e+03
8.749110722062276868e-17 1.771941466633369279e-16 6.710489784003009845e+03
1.031782027741063078e-15 1.759699868705250191e-16 6.712097666070561900e+03
3.456664078199432577e-16 1.776819258254540756e-16 6.713705599903021721e+03
8.574734795186518398e-16 1.798060588704535645e-16 6.715313585388233150e+03
2.451438911562482844e-16 1.806159079934839315e-16 6.716921622414016383e+03
6.815241525263552714e-16 1.795224932008996368e-16 6.718529710868171605e+03
7.904360919274783752e-16 1.795621861269033870e-16 6.720137850638462623e+03
7.509767375683855856e-16 1.790550700169332887e-16 6.721746041612639601e+03
1.180499364320005518e-15 1.766945555428112554e-16 6.723354283678421780e+03
2.876751281107928736e-16 1.751678330250757437e-16 6.724962576723506572e+03
8.052265270467545487e-16 1.764262107516509589e-16 6.726570920635567745e+03
6.027151040519159558e-16 1.778021253152592006e-16 6.728179315302255418e+03
1.084172057439550524e-16 1.796924878522578874e-16 6.729787760611196973e+03
3.377756957128277343e-15 1.900767370457824647e-16 6.731396256449995235e+03
3.786172473913101230e-15 1.908054353529332351e-16 6.733004802706233022e+03
4.764818075175895016e-16 1.789462284380181263e-16 6.734613399267469504e+03
1.116455746885988515e-15 1.762777432733464410e-16 6.736222046021244751e+03
1.421050648736623058e-16 1.773649064518909685e-16 6.737830742855074277e+03
4.944559612928853281e-16 1.778740032772207826e-16 6.739439489656451769e+03
6.728446115516746705e-16 1.774924297768323909e-16 6.741048286312856362e+03
5.284061878198622294e-16 1.760916093254939481e-16 6.742657132711738086e+03
6.657411253657267045e-16 1.747540031970081836e-16 6.744266028740534239e+03
4.667349702190537022e-15 1.906147797918054394e-16 6.745874974286659381e+03
3.578892628484481826e-15 1.839377136670397432e-16 6.747483969237508063e+03
2.348140858534540860e-16 1.783330546298427460e-16 6.749093013480453919e+03
2.944900270957107817e-16 1.783442595296244556e-16 6.750702106902857849e+03
5.747119373357287596e-16 1.806397049540556479e-16 6.752311249392054378e+03
3.138774411042656900e-16 1.794389379861382514e-16 6.753920440835367117e+03
1.043185640967178517e-16 1.799700696819318558e-16 6.755529681120096939e+03
1.912523666445597218e-16 1.795363258478125306e-16 6.757138970133527437e+03
7.457313464241896041e-16 1.801138867203090084e-16 6.758748307762926743e+03
7.735021918759674848e-16 1.815830833599815687e-16 6.760357693895544799e+03
6.838925640702099691e-16 1.808581491873743712e-16 6.761967128418615175e+03
5.684765288824702107e-16 1.809990142495650395e-16 6.763576611219355982e+03
5.915914843125099334e-16 1.808015141096818427e-16 6.765186142184964410e+03
7.865106328572355813e-16 1.798867989153100772e-16 6.766795721202627647e+03
4.713807288252303579e-16 1.809194430294758134e-16 6.768405348159514688e+03
6.677856632069592384e-16 1.797535599121751905e-16 6.770015022942779979e+03
3.126197975349761466e-16 1.798927037571133873e-16 6.771624745439561593e+03
6.054144251899256610e-16 1.792260555414513478e-16 6.773234515536982144e+03
2.932912435023894321e-16 1.796475935552844863e-16 6.774844333122153330e+03
7.247950648044972575e-16 1.804268256390563524e-16 6.776454198082170478e+03
6.414202060669671519e-16 1.812041503699929304e-16 6.778064110304112546e+03
4.144728002175032958e-16 1.808705913891133384e-16 6.779674069675051214e+03
8.305995522428749383e-16 1.811306028483002204e-16 6.781284076082037245e+03
5.561996470050110910e-16 1.796878354413127889e-16 6.782894129412114125e+03
4.475465029926993325e-16 1.809414038848918438e-16 6.784504229552308061e+03
5.691010375594002683e-16 1.809631632257744005e-16 6.786114376389637073e+03
4.257564691919916011e-16 1.813531939811580575e-16 6.787724569811103720e+03
1.021745430944289279e-16 1.816666129099719691e-16 6.789334809703700557e+03
6.966053009163575429e-16 1.814977780254344352e-16 6.790945095954404678e+03
9.045666026439979247e-16 1.801925773473137824e-16 6.792555428450186810e+03
7.444758522000150095e-16 1.798816997100665158e-16 6.794165807078003127e+03
3.343233304503370685e-17 1.790268511902635051e-16 6.795776231724797981e+03
9.338376734438164875e-16 1.801975712064799420e-16 6.797386702277508448e+03
-1.755925609331225289e-16 1.791873294270477818e-16 6.798997218623058870e+03
9.886789940980477072e-16 1.796548062105496261e-16 6.800607780648360858e+03
2.062184612370884002e-16 1.800118049053996876e-16 6.802218388240322383e+03
5.785867489285795649e-16 1.799495888761121809e-16 6.803829041285835046e+03
8.305702924777721197e-16 1.801982493713067940e-16 6.805439739671786811e+03
4.365575098797432753e-16 1.798871550529627109e-16 6.807050483285050177e+03
5.229182208655450385e-16 1.792881476429810033e-16 6.808661272012493100e+03
9.844412736708386422e-16 1.798148672540522191e-16 6.810272105740973529e+03
3.616726886347576049e-16 1.789237450866689406e-16 6.811882984357341229e+03
3.464460065328679372e-16 1.799480137202231711e-16 6.813493907748435049e+03
9.409814076357561591e-16 1.791897215396077838e-16 6.815104875801089293e+03
6.044309667021571892e-16 1.799988320865706010e-16 6.816715888402130076e+03
1.212630756304250760e-15 1.798966087618779957e-16 6.818326945438373514e+03
6.759366673839635929e-16 1.801981927759630241e-16 6.819938046796627532e+03
5.846797215185210713e-16 1.791722207598705186e-16 6.821549192363698239e+03
3.314843100913189106e-16 1.784016668576280212e-16 6.823160382026379011e+03
-1.567299487421427177e-16 1.802549454180265567e-16 6.824771615671460495e+03
1.054061597802823706e-15 1.908608415361186478e-16 6.826382893185724242e+03
5.334244393981787919e-16 2.088103989023176882e-16 6.827994214455946349e+03
6.276621814918764177e-16 2.218456100193780697e-16 6.829605579368897452e+03
8.217400612686818100e-16 2.160701015213063837e-16 6.831216987811341824e+03
7.473044696283584752e-16 2.124641266116637854e-16 6.832828439670037369e+03
2.426848109444734344e-16 2.149717585122505606e-16 6.834439934831738356e+03
2.921488658662860564e-16 2.071312916617171457e-16 6.836051473183191774e+03
5.614661074755066982e-16 1.880636303873702513e-16 6.837663054611142798e+03
5.608307914947714489e-16 1.804706575424078872e-16 6.839274679002325684e+03
5.582428570172282227e-16 1.819692525753837829e-16 6.840886346243478329e+03
7.862295722884711255e-16 1.831397016207928602e-16 6.842498056221325896e+03
4.734629337370425360e-16 1.804753703409168370e-16 6.844109808822596278e+03
6.590462806565529664e-16 1.769618594420980982e-16 6.845721603934010091e+03
8.908082258438755693e-16 1.755353500056511902e-16 6.847333441442284311e+03
1.319983931242309036e-16 1.767906427995572498e-16 6.848945321234130461e+03
6.967084427129084498e-16 1.773790448010403650e-16 6.850557243196264608e+03
4.388518982419331233e-16 1.806996843840466966e-16 6.852169207215387360e+03
9.657199932913756392e-16 1.778442988263896285e-16 6.853781213178206599e+03
5.476572334229295063e-16 1.769856813720364183e-16 6.855393260971421114e+03
6.173338908957208955e-16 1.755841728824657238e-16 6.857005350481733331e+03
5.392554620538512731e-16 1.771258604100600914e-16 6.858617481595835670e+03
6.764510845624556158e-16 1.774913839981977517e-16 6.860229654200424193e+03
-2.859445481398917588e-16 1.951969160897263506e-16 6.861841868182189501e+03
3.030620098420394992e-16 2.263067944527746926e-16 6.863454123427824015e+03
7.479764292738627365e-16 2.286976621774927823e-16 6.865066419824013792e+03
4.578104872952717109e-16 1.943575163765151654e-16 6.866678757257446705e+03
5.668268134172509409e-16 1.501670639138200263e-16 6.868291135614808809e+03
2.736386560404218842e-16 1.334155458024574603e-16 6.869903554782783431e+03
7.814258926443154062e-16 1.344251831556493679e-16 6.871516014648053897e+03
4.554512587607138211e-16 1.336013114755129510e-16 6.873128515097305353e+03
4.603986352729385724e-16 1.287560159682487363e-16 6.874741056017216579e+03
3.442794033269570734e-16 1.297769416744275483e-16 6.876353637294470900e+03
3.825570676367705305e-17 1.349445017128991742e-16 6.877966258815749825e+03
7.500080531211246111e-16 1.486620716670736010e-16 6.879578920467733042e+03
1.502742746759914007e-16 1.599255410502860139e-16 6.881191622137102058e+03
1.050983108485825474e-15 1.655558987617047198e-16 6.882804363710540201e+03
5.003848802405414065e-16 1.533551666805023982e-16 6.884417145074728069e+03
6.589382170890031134e-16 1.439656348848953306e-16 6.886029966116348078e+03
4.107017901548118040e-16 1.464915897944972965e-16 6.887642826722082646e+03
8.796576473421851310e-16 1.533409957445280181e-16 6.889255726778616008e+03
3.752246723481982221e-16 1.542039729130032663e-16 6.890868666172635130e+03
9.182918837709156947e-16 1.463347074008713628e-16 6.892481644790823339e+03
3.748240895173256908e-16 1.445856655392515000e-16 6.894094662519868507e+03
7.978053344139474363e-16 1.449967329238015792e-16 6.895707719246462148e+03
-1.779621699524868735e-16 1.457413088395654564e-16 6.897320814857292135e+03
5.610963751927570264e-16 1.521242729886397862e-16 6.898933949239051799e+03
2.071125710823835818e-16 1.645083210160110034e-16 6.900547122278434472e+03
3.109219502853205129e-16 1.683578762804165794e-16 6.902160333862139851e+03
9.490494327016135329e-16 1.590491010636515595e-16 6.903773583876863995e+03
2.101200614368658538e-16 1.518113924847098211e-16 6.905386872209308422e+03
1.002502961104508095e-15 1.523778077018707613e-16 6.907000198746176466e+03
3.677856697236109928e-16 1.536065039742192255e-16 6.908613563374174191e+03
8.937646387050691503e-16 1.585026731055946862e-16 6.910226965980013119e+03
8.120300911231107488e-17 1.735376553369139718e-16 6.911840406450402043e+03
3.520078830389696510e-16 1.791037392821008887e-16 6.913453884672058848e+03
2.970165418336656350e-16 1.702128516595751160e-16 6.915067400531698695e+03
1.017874819380633780e-15 1.617919087344425424e-16 6.916680953916045837e+03
2.500191335655790880e-16 1.593831015864487788e-16 6.918294544711825438e+03
4.056311979427945559e-16 1.596050306276561455e-16 6.919908172805765389e+03
-3.463923112609270272e-17 1.788056626835565262e-16 6.921521838084598130e+03
-5.156065265530967729e-17 1.989858904357179341e-16 6.923135540435061557e+03
1.447743292266664146e-15 1.992010672345331372e-16 6.924749279743895386e+03
7.673061653446604673e-16 1.811074301480617892e-16 6.926363055897843878e+03
9.838604196033898262e-16 1.675246212250232485e-16 6.927976868783656755e+03
8.004071918299698834e-16 1.647193359401885993e-16 6.929590718288087373e+03
4.439266448227391188e-16 1.622616163709134961e-16 6.931204604297892729e+03
6.358281810897008527e-16 1.634523671410308332e-16 6.932818526699837093e+03
1.936282349544403738e-16 1.621784807601699671e-16 6.934432485380684739e+03
4.533781434543091193e-16 1.647289117068867550e-16 6.936046480227210850e+03
2.293978860770617966e-16 1.710455343003243353e-16 6.937660511126191523e+03
-3.114871783124584706e-16 1.808552870616417833e-16 6.939274577964408309e+03
9.279114194527861874e-16 1.814712799824704109e-16 6.940888680628650036e+03
6.693261090091469035e-16 1.715552841571438653e-16 6.942502819005709171e+03
1.720662844922979535e-16 1.655116352713953699e-16 6.944116992982382726e+03
7.008938471587453134e-16 1.665008641514031311e-16 6.945731202445476811e+03
1.305668760106303790e-16 1.828100231067997732e-16 6.947345447281801171e+03
4.932930025198677840e-16 2.039111808102835854e-16 6.948959727378169191e+03
5.104016508262795061e-16 2.051672755499397728e-16 6.950574042621403350e+03
3.231425896715155463e-16 1.850635497894958649e-16 6.952188392898329766e+03
1.026470466579290863e-15 1.688997870176070028e-16 6.953802778095785470e+03
2.996921148560888529e-16 1.668428519407630143e-16 6.955417198100605674e+03
8.535858001131430646e-16 1.666131461343227287e-16 6.957031652799640142e+03
5.589858951688519168e-16 1.666524361946759633e-16 6.958646142079737729e+03
6.312831167260547836e-16 1.665065237589729749e-16 6.960260665827761841e+03
3.570224004066853013e-16 1.669970662036845835e-16 6.961875223930573156e+03
2.550166787609967278e-16 1.678634720061649344e-16 6.963489816275048724e+03
3.413408330392899064e-16 1.706742627857277541e-16 6.965104442748064685e+03
8.846141016377293183e-16 1.706945113646002347e-16 6.966719103236508090e+03
-2.778638250383554964e-16 1.771379398598095378e-16 6.968333797627272361e+03
7.865485211022806693e-16 1.822361168042986748e-16 6.969948525807258193e+03
2.881391427460112932e-16 1.813807242036058859e-16 6.971563287663369920e+03
6.295183345225338767e-16 1.737369532303768979e-16 6.973178083082526427e+03
-7.781422279184228949e-17 1.705095345611651032e-16 6.974792911951647511e+03
4.483517419169964502e-16 1.756943878431580437e-16 6.976407774157663880e+03
2.416535151187820409e-16 1.897898541368280524e-16 6.978022669587511700e+03
6.534895068799426916e-16 1.924604399077366234e-16 6.979637598128136233e+03
3.858405866825721408e-16 1.824374188663412888e-16 6.981252559666490924e+03
7.058068819038925180e-16 1.707437144598573597e-16 6.982867554089533769e+03
1.095598674677283276e-16 1.685773296958496317e-16 6.984482581284235494e+03
4.984421778268130154e-16 1.671523114907371187e-16 6.986097641137572282e+03
4.563609297657155238e-16 1.657876462829175216e-16 6.987712733536527594e+03
4.291508483583561758e-16 1.639707120271934307e-16 6.989327858368094894e+03
5.815417839283676170e-16 1.636363958815486013e-16 6.990943015519273104e+03
-1.341014551780883413e-16 1.633522886630850941e-16 6.992558204877072058e+03
1.280116263141257797e-15 1.644510951666790764e-16 6.994173426328510686e+03
3.773122789449272788e-16 1.652277572698805070e-16 6.995788679760615196e+03
1.865472727920360775e-16 1.656628912162230083e-16 6.997403965060417249e+03
5.744343987764839783e-16 1.648155335584970876e-16 6.999019282114961243e+03
-8.891454981562049551e-17 1.659565785892157395e-16 7.000634630811298848e+03
9.839345800023586544e-16 1.693406793772810480e-16 7.002250011036490832e+03
6.008059736572420170e-16 1.708399791930571307e-16 7.003865422677608876e+03
2.827517461170830911e-16 1.646445893424049440e-16 7.005480865621726480e+03
5.059092978435197354e-16 1.607680300537865156e-16 7.007096339755934423e+03
5.265682537831857158e-16 1.604288596563021377e-16 7.008711844967328943e+03
3.735517247573297314e-16 1.725868759657463534e-16 7.010327381143011735e+03
5.872214523091125618e-16 1.766469201994993813e-16 7.011942948170102682e+03
3.967353322714586792e-16 1.726229393970440730e-16 7.013558545935722577e+03
6.181001239634810480e-16 1.621501352573706108e-16 7.015174174327004039e+03
7.947800676506079994e-16 1.573001559708436059e-16 7.016789833231090597e+03
2.574055407638482856e-16 1.598310950210326350e-16 7.018405522535134878e+03
7.344700048064272209e-16 1.617471367432891339e-16 7.020021242126294965e+03
2.572943138543967842e-17 1.619758978483693527e-16 7.021636991891746220e+03
8.805392347151408933e-16 1.609027350296761703e-16 7.023252771718665826e+03
4.549405719468067033e-16 1.600132093792389439e-16 7.024868581494245518e+03
5.636270036989714447e-16 1.595787798208667174e-16 7.026484421105686124e+03
5.569809986928470748e-16 1.597484182734167801e-16 7.028100290440194840e+03
5.411214350864597893e-16 1.618203725591364071e-16 7.029716189384991594e+03
-4.723718529343784762e-17 1.681207482046037782e-16 7.031332117827308139e+03
1.023682223281075731e-15 1.728496840870008572e-16 7.032948075654380773e+03
7.407080837581487457e-16 1.704653439905116966e-16 7.034564062753462167e+03
3.724938517650604600e-16 1.641026389005839448e-16 7.036180079011808630e+03
6.919406681498124723e-16 1.618983734537718831e-16 7.037796124316691021e+03
2.796378515437804159e-16 1.612478468570572604e-16 7.039412198555389296e+03
2.524322181908859949e-16 1.641545233256943880e-16 7.041028301615191594e+03
2.809002961454291258e-16 1.674800366870656041e-16 7.042644433383400610e+03
3.230310238404942362e-16 1.683515755667227789e-16 7.044260593747324492e+03
7.857856985859000503e-16 1.699074912623411046e-16 7.045876782594285942e+03
3.278357244541716079e-16 1.767118698789650955e-16 7.047492999811614936e+03
2.941201588019652317e-16 1.792805248276785915e-16 7.049109245286651458e+03
8.252129953050640547e-16 1.746821794042699814e-16 7.050725518906750040e+03
4.408593533881874143e-16 1.686238924268716632e-16 7.052341820559271582e+03
9.481598504450524812e-16 1.667118306892978258e-16 7.053958150131589719e+03
4.093222065651965339e-16 1.656496283525826069e-16 7.055574507511088996e+03
1.055515002642651842e-15 1.631351965962932741e-16 7.057190892585162146e+03
-7.708301752179491902e-17 1.613659733316861251e-16 7.058807305241216454e+03
5.968387263851435914e-16 1.605870042890773040e-16 7.060423745366664662e+03
5.065900433192777115e-16 1.627294725163439949e-16 7.062040212848934971e+03
8.180020528604296650e-16 1.653761859076374078e-16 7.063656707575464679e+03
3.573853150147534549e-16 1.689820343539006728e-16 7.065273229433701090e+03
5.711939286338654764e-16 1.687494307710297249e-16 7.066889778311104237e+03
4.995156509374803017e-16 1.672249244065615946e-16 7.068506354095144161e+03
-1.158460972015208277e-17 1.680123091856175668e-16 7.070122956673299996e+03
1.128604127355906750e-15 1.674664889522359599e-16 7.071739585933064518e+03
1.622648751729747956e-16 1.669782256296194734e-16 7.073356241761941419e+03
8.852685988121662251e-16 1.667433842865320408e-16 7.074972924047442575e+03
3.823953761212967080e-16 1.658124039531364532e-16 7.076589632677096233e+03
7.738694699007080374e-16 1.653779932726421753e-16 7.078206367538434279e+03
7.240263608329480907e-16 1.653643287228680892e-16 7.079823128519006787e+03
5.859168287867459715e-16 1.679652846179077331e-16 7.081439915506371108e+03
7.220872757325748540e-16 1.700375299026234773e-16 7.083056728388096417e+03
6.542831010968463900e-16 1.676550450974755500e-16 7.084673567051762802e+03
3.707037211374796999e-16 1.650310350472614975e-16 7.086290431384964904e+03
5.895941115442891766e-17 1.683243211560862598e-16 7.087907321275304639e+03
1.116256546783590002e-15 1.698532479996693252e-16 7.089524236610394837e+03
-1.343417872565540028e-16 1.691761831866642628e-16 7.091141177277862880e+03
9.505370918128299615e-16 1.661295162349029900e-16 7.092758143165347064e+03
5.371807447745948766e-16 1.644267391083872125e-16 7.094375134160493872e+03
6.801205266198759731e-16 1.632216547035685450e-16 7.095992150150963425e+03
4.794063034817497069e-17 1.631250624658918501e-16 7.097609191024429492e+03
4.935862799894289473e-16 1.624527083845799441e-16 7.099226256668572205e+03
5.193370198693695824e-16 1.626539480453374923e-16 7.100843346971087158e+03
1.925917896107526227e-16 1.622350155220273084e-16 7.102460461819679040e+03
5.745821523531413816e-16 1.638812054221557013e-16 7.104077601102066183e+03
4.333394862090910054e-16 1.619912565726234184e-16 7.105694764705977832e+03
4.207135870203966119e-16 1.625205345264576488e-16 7.107311952519152328e+03
4.138279340696081679e-16 1.627883955559571399e-16 7.108929164429344382e+03
1.716936666004783433e-16 1.629490213933698182e-16 7.110546400324314163e+03
6.339344948123601722e-16 1.626496410624676526e-16 7.112163660091839120e+03
3.051823291059190874e-16 1.625611969819741036e-16 7.113780943619705795e+03
2.159033965629517438e-16 1.633357856111402583e-16 7.115398250795711647e+03
5.789934115035412204e-16 1.636054957193029792e-16 7.117015581507665047e+03
3.501048783842620144e-16 1.635591205786933717e-16 7.118632935643391647e+03
3.899926851877006885e-16 1.594876164292901761e-16 7.120250313090721647e+03
6.271487701198148264e-16 1.583897670070849606e-16 7.121867713737499798e+03
-1.315164538012645576e-16 1.561985121278369220e-16 7.123485137471583585e+03
3.996063513239167749e-16 1.578017229878920607e-16 7.125102584180842314e+03
3.577405296624327362e-16 1.607696257035122845e-16 7.126720053753154389e+03
7.396715655825777831e-16 1.630720790638712627e-16 7.128337546076412764e+03
-6.931471516902591074e-17 1.605400647311570462e-16 7.129955061038519489e+03
2.354325312596853378e-16 1.606580047345346194e-16 7.131572598527392074e+03
5.029346513812001119e-16 1.630767229743624522e-16 7.133190158430954398e+03
6.559737001601056435e-16 1.668594869244262105e-16 7.134807740637148527e+03
4.884780647129577296e-16 1.650546092965325464e-16 7.136425345033923804e+03
5.914945826049430895e-16 1.629101275606636701e-16 7.138042971509241397e+03
5.799919832119422551e-16 1.611721045348163954e-16 7.139660619951075205e+03
3.309192348982786551e-16 1.633615916180963680e-16 7.141278290247413679e+03
6.197834995169349566e-16 1.668337066242403855e-16 7.142895982286254366e+03
4.710230832992179064e-16 1.683355341977217346e-16 7.144513695955603907e+03
4.902123326000898273e-17 1.675433478590587882e-16 7.146131431143486225e+03
9.309531269611033790e-16 1.641365779279797117e-16 7.147749187737933426e+03
1.050562429606060823e-16 1.615597080141620201e-16 7.149366965626992169e+03
9.479138845655152780e-16 1.607222495752271621e-16 7.150984764698716390e+03
6.860581535429801068e-16 1.615752297134699672e-16 7.152602584841177304e+03
2.101688101432651410e-16 1.634260221341361250e-16 7.154220425942455222e+03
9.638967072304335528e-16 1.643204248123081966e-16 7.155838287890643187e+03
2.009648945708890495e-16 1.642350539233176817e-16 7.157456170573843337e+03
6.946526701769017321e-16 1.654289815521377145e-16 7.159074073880172364e+03
-2.023289665565701595e-17 1.659381530467803517e-16 7.160691997697760598e+03
7.350656067973278019e-16 1.649663050532041530e-16 7.162309941914745650e+03
3.528515822629982196e-17 1.615089210780166943e-16 7.163927906419279680e+03
2.543461158257111528e-16 1.593792865948435867e-16 7.165545891099526671e+03
1.096763929326634425e-15 1.577190495340404728e-16 7.167163895843661521e+03
4.276009038334650054e-16 1.567779917488565779e-16 7.168781920539871862e+03
3.494328704373087072e-16 1.553800574587867873e-16 7.170399965076358058e+03
4.538568074396588717e-16 1.560439933537975076e-16 7.172018029341328656e+03
4.946228649854130898e-16 1.547200931739083512e-16 7.173636113223008579e+03
3.408534368127626998e-16 1.565805350970547154e-16 7.175254216609632749e+03
1.977849300867047927e-16 1.559162558713416980e-16 7.176872339389447006e+03
6.543732569695571344e-16 1.563136756405161532e-16 7.178490481450708103e+03
3.422178698304170490e-16 1.585304285975208105e-16 7.180108642681690071e+03
5.544545816056110317e-16 1.586398520598124122e-16 7.181726822970673311e+03
4.201520340178298758e-16 1.566137630893788455e-16 7.183345022205950954e+03
4.858949103327817582e-16 1.531228931449313429e-16 7.184963240275829776e+03
1.829024478608361474e-16 1.470686050333983456e-16 7.186581477068630193e+03
8.609784066946625817e-16 1.494905037119156419e-16 7.188199732472676260e+03
3.275139018282485613e-16 1.533045671685768660e-16 7.189818006376313861e+03
9.612259021854170523e-16 1.549034585801767174e-16 7.191436298667895244e+03
4.432770276687779931e-16 1.489811398029357901e-16 7.193054609235783573e+03
8.306236863490892153e-16 1.475137284472121094e-16 7.194672937968359292e+03
1.005865419574238531e-16 1.491216996302587834e-16 7.196291284754008302e+03
7.211705993887447501e-16 1.503978072542940004e-16 7.197909649481132874e+03
3.192377102410633249e-16 1.489387468953396338e-16 7.199528032038144374e+03
9.115673872184687727e-16 1.447082761900101637e-16 7.201146432313467812e+03
2.798971599812427523e-16 1.444145344829672612e-16 7.202764850195539111e+03
5.043089750607055994e-16 1.447404605298003912e-16 7.204383285572805107e+03
6.362023753659238103e-16 1.447856175038930110e-16 7.206001738333726280e+03
3.066706047190746026e-16 1.482682357408233570e-16 7.207620208366774023e+03
2.335466963573247449e-16 1.510970245829273640e-16 7.209238695560432461e+03
6.757470697480216755e-16 1.555720045469805428e-16 7.210857199803194817e+03
5.049834147646890535e-16 1.562721411623911857e-16 7.212475720983568863e+03
5.105694947795172461e-16 1.585908609982094013e-16 7.214094258990071467e+03
5.023529581934586589e-16 1.569892994190569605e-16 7.215712813711235867e+03
5.541768051030224215e-16 1.556722504190097930e-16 7.217331385035601670e+03
5.663180413170747305e-16 1.559761665677851189e-16 7.218949972851722123e+03
4.996961558502243405e-16 1.599329117807352986e-16 7.220568577048166844e+03
7.963449118166887251e-16 1.624781789400775754e-16 7.222187197513507272e+03
8.708323137375832009e-16 1.619992355652365971e-16 7.223805834136335761e+03
4.420604195675751978e-16 1.599632610366848814e-16 7.225424486805251945e+03
4.140977771038795802e-16 1.581764294992215230e-16 7.227043155408870007e+03
1.888544182482915347e-16 1.578044806198011130e-16 7.228661839835809587e+03
5.858032639962713082e-16 1.595406145532077094e-16 7.230280539974711246e+03
4.723480004567759556e-17 1.569096254879385614e-16 7.231899255714219180e+03
5.417947838903975202e-16 1.525197827155241959e-16 7.233517986942993957e+03
1.550803271825381022e-16 1.489052131415276584e-16 7.235136733549704331e+03
4.418909883076801066e-16 1.582839365225891962e-16 7.236755495423034517e+03
-8.718563037498472628e-17 1.941482234300842970e-16 7.238374272451677825e+03
-7.215132388881000581e-17 2.359846209317149842e-16 7.239993064524340298e+03
9.310256810320571110e-16 2.441649847973155491e-16 7.241611871529737982e+03
6.999602189788941039e-16 2.308290078982816982e-16 7.243230693356601478e+03
4.915104001669071908e-16 2.381238090563472956e-16 7.244849529893670478e+03
1.246141193888979496e-15 2.441021626572228554e-16 7.246468381029695593e+03
7.341856292705251378e-16 2.103249793523965463e-16 7.248087246653441980e+03
5.827416057055307528e-16 1.703388765600261599e-16 7.249706126653683896e+03
4.062975531378080562e-16 1.628140050042645038e-16 7.251325020919210147e+03
4.887117811580645548e-16 1.703264914893281363e-16 7.252943929338815906e+03
4.573829060623866096e-16 1.763370776178736973e-16 7.254562851801312718e+03
4.915133517839672871e-16 1.737122725562493587e-16 7.256181788195523040e+03
8.686577710927260886e-16 1.629262325071157026e-16 7.257800738410278427e+03
5.327208047986507083e-16 1.553579578839262244e-16 7.259419702334423164e+03
5.336452903273023969e-16 1.499686646911498308e-16 7.261038679856814269e+03
5.442403062777263664e-17 1.507656920437379088e-16 7.262657670866319677e+03
7.719955041320262485e-16 1.475431619722638872e-16 7.264276675251814595e+03
-3.286936327845890255e-16 1.499758602826937824e-16 7.265895692902195151e+03
7.596331580441182917e-16 1.587916761628987678e-16 7.267514723706359291e+03
3.021731669408964201e-16 1.631640096902006807e-16 7.269133767553222242e+03
-6.501059785066807213e-17 1.618367716925239715e-16 7.270752824331706506e+03
5.156215730927619148e-16 1.574124523153441593e-16 7.272371893930752776e+03
-2.711178735107581537e-16 1.749382021427764353e-16 7.273990976239304473e+03
-7.091821898601607164e-16 2.392801923169155207e-16 7.275610071146324117e+03
5.918044210999709472e-16 2.679568186255300756e-16 7.277229178540779685e+03
1.092737534254474511e-15 2.387987238912810814e-16 7.278848298311654617e+03
8.351551430899900900e-16 1.751754426328185640e-16 7.280467430347942354e+03
3.078378384022615178e-16 1.649370353748626744e-16 7.282086574538649074e+03
-2.627788897690577208e-16 1.922013676497737207e-16 7.283705730772788229e+03
5.526250631307868569e-16 2.089204173037884755e-16 7.285324898939390550e+03
6.940571818753384172e-16 1.953571272266959670e-16 7.286944078927492228e+03
9.926322521058177507e-16 1.634634634442768726e-16 7.288563270626145822e+03
3.417756050228920597e-16 1.497226158247684413e-16 7.290182473924412079e+03
6.260130199162751732e-16 1.488075220865719265e-16 7.291801688711365387e+03
8.170241642205867405e-16 1.498310532407113440e-16 7.293420914876089228e+03
1.829718352803576485e-17 1.597952804382143925e-16 7.295040152307679818e+03
6.278987835441006271e-16 1.686940251161442631e-16 7.296659400895242470e+03
1.178697017073514688e-17 1.682251846982649472e-16 7.298278660527899774e+03
7.276006748035501726e-16 1.561566334846833209e-16 7.299897931094777960e+03
5.168792420662766498e-16 1.542254946488851020e-16 7.301517212485019627e+03
4.731399356062037565e-17 1.717340515788786922e-16 7.303136504587777381e+03
3.813974872985407550e-16 1.811899931366875838e-16 7.304755807292215650e+03
6.574470920861874271e-16 1.742581646960899120e-16 7.306375120487507957e+03
3.997810757518016138e-16 1.586910331557380464e-16 7.307994444062842376e+03
7.248456722786036476e-16 1.518101247085122695e-16 7.309613777907416079e+03
4.063838962352631388e-16 1.518704161291809871e-16 7.311233121910436239e+03
2.396334537604349339e-16 1.532523471161081835e-16 7.312852475961126402e+03
-6.981834239515993327e-16 1.785690895538069371e-16 7.314471839948714660e+03
5.759895425271381968e-17 2.274987058375159579e-16 7.316091213762447296e+03
7.595748723961837800e-16 2.353686002609548642e-16 7.317710597291575141e+03
9.399588356715427007e-16 2.032487156970397726e-16 7.319329990425367214e+03
1.212984150860005788e-15 1.724996773486825269e-16 7.320949393053096173e+03
7.160855792541837075e-17 1.659559225743415203e-16 7.322568805064051958e+03
6.887597942050030500e-16 1.636741633748556137e-16 7.324188226347534510e+03
5.691503127500618386e-16 1.556594183688928462e-16 7.325807656792852868e+03
6.177620410338955301e-16 1.770795327821525411e-16 7.327427096289329711e+03
-5.103516901964321748e-16 2.071031218443805935e-16 7.329046544726295906e+03
2.654647054865983175e-15 2.154971362737268150e-16 7.330666001993098689e+03
2.052592676287139869e-16 1.859144161282093339e-16 7.332285467979090754e+03
7.553617169693617645e-16 1.586242951829538958e-16 7.333904942573640255e+03
4.247848079192687924e-17 1.521003071673656471e-16 7.335524425666124444e+03
1.097818945704934537e-15 1.548348526365371128e-16 7.337143917145933301e+03
-8.255246296358493877e-16 1.748239374015526291e-16 7.338763416902465906e+03
-1.209393372429101274e-16 2.396614454284559655e-16 7.340382924825136797e+03
1.005500458397180171e-15 2.616135307031894577e-16 7.342002440803364152e+03
9.915924135991650277e-16 2.282515315517906035e-16 7.343621964726585247e+03
1.229439019599585145e-15 1.678901368988898416e-16 7.345241496484245545e+03
4.191663768902701057e-16 1.564244774199419019e-16 7.346861035965800511e+03
6.901806044275743203e-16 1.531677022263321973e-16 7.348480583060718345e+03
3.564124105731966059e-16 1.521466412025730469e-16 7.350100137658479980e+03
2.392901334378316320e-16 1.542814773892677866e-16 7.351719699648572714e+03
7.407546354639129370e-16 1.544112471894087730e-16 7.353339268920500217e+03
-2.961481426627952325e-16 1.537790502617447431e-16 7.354958845363775254e+03
9.363877944844190695e-16 1.602028963187218308e-16 7.356578428867921502e+03
2.709579325485355698e-17 1.871087515316296297e-16 7.358198019322476284e+03
4.176317746116626301e-16 1.965027490605850018e-16 7.359817616616983287e+03
2.744316159260778948e-16 1.819512949052024784e-16 7.361437220641002568e+03
8.083379188413606601e-16 1.580990666042144132e-16 7.363056831284104192e+03
4.795147172439487806e-16 1.554596802955142215e-16 7.364676448435866405e+03
4.124157086293883817e-16 1.589414486976445941e-16 7.366296071985882008e+03
3.114760320369514274e-16 1.927179063748612848e-16 7.367915701823756535e+03
-8.115643547999264569e-16 2.393574316898205993e-16 7.369535337839100976e+03
1.603663209850840922e-15 2.386230294842695781e-16 7.371154979921546328e+03
9.001093496050694741e-16 1.936524989109445801e-16 7.372774627960723592e+03
4.676489397597856518e-16 1.607894696019506651e-16 7.374394281846285594e+03
6.076462528937009610e-16 1.578555358731269587e-16 7.376013941467892437e+03
6.380810286701286409e-16 1.559394883453601530e-16 7.377633606715214228e+03
1.922096831153762956e-16 1.549066550142406378e-16 7.379253277477931988e+03
8.358103597542733793e-16 1.557850554491930446e-16 7.380872953645742200e+03
7.068862444918088237e-16 1.532128968713056409e-16 7.382492635108352260e+03
7.301047168932456723e-16 1.516460870565353078e-16 7.384112321755474113e+03
4.791958736776940251e-16 1.521744134524660815e-16 7.385732013476839711e+03
5.707176665885901040e-16 1.534300140932112748e-16 7.387351710162188283e+03
4.070080358296674865e-16 1.521890911957312309e-16 7.388971411701271791e+03
4.524919692624994842e-16 1.608254203271421739e-16 7.390591117983851291e+03
6.418122817289232278e-16 1.794638696013097278e-16 7.392210828899700573e+03
3.278549055342086148e-16 1.818444301843346598e-16 7.393830544338607979e+03
8.998701364140141829e-16 1.669900926046867340e-16 7.395450264190369126e+03
2.873416792179505086e-16 1.521449092271171239e-16 7.397069988344793273e+03
1.801960168850762946e-16 1.519367844364155301e-16 7.398689716691701506e+03
7.439365108876661305e-17 1.737178602322034325e-16 7.400309449120923091e+03
-2.319054491461508957e-16 2.080949049899553596e-16 7.401929185522305488e+03
8.710852753473012232e-16 2.099075774380365638e-16 7.403548925785700703e+03
1.133717353323518221e-15 1.793730633143716903e-16 7.405168669800976204e+03
6.854405568580773061e-16 1.526481593657536988e-16 7.406788417458012191e+03
2.360373798991858581e-16 1.512911253387632834e-16 7.408408168646697959e+03
8.101477294276284361e-16 1.481103247437329590e-16 7.410027923256932809e+03
-1.146097991655613757e-17 1.497074778405464768e-16 7.411647681178633320e+03
8.986439321135220803e-16 1.521254642223299958e-16 7.413267442301724259e+03
5.365276895621306112e-17 1.551508090016133921e-16 7.414887206516141305e+03
5.255079479059941758e-16 1.529252713336937939e-16 7.416506973711833780e+03
2.943096882668649989e-16 1.533411012870389343e-16 7.418126743778762830e+03
4.704608971114348197e-16 1.541509963852931639e-16 7.419746516606901423e+03
8.131082602115187840e-16 1.521740498257752138e-16 7.421366292086233443e+03
-6.335470711258602084e-17 1.497757435896159669e-16 7.422986070106753687e+03
4.212928447718902876e-16 1.511919818759002733e-16 7.424605850558471502e+03
8.421912092602255340e-16 1.512033595016299328e-16 7.426225633331407153e+03
-2.629140086950576962e-16 1.560276716059435249e-16 7.427845418315593633e+03
1.045327127629461829e-15 1.699187457304432527e-16 7.429465205401073035e+03
4.435982631918105205e-16 1.730032464608080966e-16 7.431084994477902001e+03
1.396587820778393193e-16 1.643976922674713319e-16 7.432704785436150814e+03
5.898256211894545914e-16 1.543142821408519972e-16 7.434324578165897037e+03
5.066889732700167372e-16 1.558712902961299489e-16 7.435944372557234601e+03
-7.649974134723585343e-17 1.765720840702382050e-16 7.437564168500268352e+03
1.151395810297770832e-15 1.915685313225037305e-16 7.439183965885113139e+03
3.069521030171975269e-16 1.859706531176045753e-16 7.440803764601901094e+03
1.114482196440533097e-15 1.601423012855678940e-16 7.442423564540770712e+03
3.417120836781992654e-16 1.524954442307381169e-16 7.444043365591878683e+03
1.085441921920584221e-15 1.508332038811291855e-16 7.445663167645387148e+03
-5.442073850421147193e-16 1.505552522067546816e-16 7.447282970591479170e+03
9.528273213488995238e-16 1.505502968605830460e-16 7.448902774320341450e+03
7.561901948623612566e-16 1.512222844081284877e-16 7.450522578722180697e+03
-2.903469229923046214e-17 1.507161746609898955e-16 7.452142383687209076e+03
1.090454612935715643e-15 1.523796983863462930e-16 7.453762189105658763e+03
2.174626888625322373e-16 1.521991994456878380e-16 7.455381994867768299e+03
5.776700544114290714e-16 1.519307645438878190e-16 7.457001800863790777e+03
6.690122834111721928e-16 1.534713308367279389e-16 7.458621606983996571e+03
1.237092663541884851e-16 1.529601445129578176e-16 7.460241413118661512e+03
3.847008009385845094e-16 1.543042568802372085e-16 7.461861219158075983e+03
3.486256610905697804e-16 1.566257904160278488e-16 7.463481024992548555e+03
4.085859737062686420e-16 1.584550361624799714e-16 7.465100830512392349e+03
9.752588418129647984e-17 1.627356649926780389e-16 7.466720635607942313e+03
3.445629233813490170e-16 1.660700072196819537e-16 7.468340440169538851e+03
1.575660072671553715e-16 1.675575803621258807e-16 7.469960244087539650e+03
4.602025348097256657e-16 1.752631654783385886e-16 7.471580047252313307e+03
1.990962101061553977e-16 1.820456451017573771e-16 7.473199849554244793e+03
7.042782459692624272e-15 1.931374338344241034e-16 7.474819650883726354e+03
7.305951203772864052e-16 1.599143998914051275e-16 7.476439451131169335e+03
4.471997099585167655e-16 1.601636194801744240e-16 7.478059250186995087e+03
2.143895516149662028e-16 1.725024634942738439e-16 7.479679047941639510e+03
7.591126834894360217e-16 1.748958024663398559e-16 7.481298844285551240e+03
6.681584991674631879e-16 1.740587008841939811e-16 7.482918639109195283e+03
8.534306050075070321e-16 1.694371153091791913e-16 7.484538432303043010e+03
5.717184271093000079e-16 1.656515734156348982e-16 7.486158223757588530e+03
6.557726074580703944e-16 1.550738977862130461e-16 7.487778013363333230e+03
4.486460633748116614e-16 1.527664749204102545e-16 7.489397801010793046e+03
5.198363180754747622e-17 1.511749384825246281e-16 7.491017586590500287e+03
1.032322826021114635e-15 1.533223219506641564e-16 7.492637369992998174e+03
5.243643292120573429e-16 1.545248830685058769e-16 7.494257151108846301e+03
1.289236720454667398e-16 1.534331594357814946e-16 7.495876929828615175e+03
7.356979562266401292e-16 1.490024564623041454e-16 7.497496706042892583e+03
-1.498429192777750156e-16 1.495887559843111128e-16 7.499116479642278136e+03
4.478796998957378785e-16 1.493244667177628274e-16 7.500736250517388726e+03
2.957015550358224881e-16 1.511521344638672380e-16 7.502356018558849428e+03
7.685907102527613896e-16 1.488021311426897058e-16 7.503975783657306238e+03
2.444673286464150633e-16 1.486797634987959224e-16 7.505595545703414246e+03
5.963212923097722656e-16 1.472083758882412831e-16 7.507215304587847641e+03
4.005095335710618023e-16 1.475212149576406662e-16 7.508835060201290617e+03
8.974035940176428464e-16 1.469579489283987985e-16 7.510454812434445557e+03
1.010509619935896542e-16 1.451705022770283749e-16 7.512074561178029398e+03
4.112616648514430919e-16 1.468241112525055324e-16 7.513694306322768171e+03
7.094205998004983480e-16 1.490775362991639302e-16 7.515314047759411551e+03
-3.959726955945173407e-16 1.557036848802087085e-16 7.516933785378716493e+03
1.222912530198861701e-15 1.580292024806880162e-16 7.518553519071461778e+03
-4.315762328248919120e-16 1.542132289948838284e-16 7.520173248728433464e+03
6.545682702394726516e-16 1.595476163752784180e-16 7.521792974240438525e+03
-6.359137604930989328e-16 1.900901065924598564e-16 7.523412695498296671e+03
2.988291920895301946e-16 2.066541397056587492e-16 7.525032412392844890e+03
1.414068872250369627e-15 1.904040787032576276e-16 7.526652124814932904e+03
4.437452252058567383e-16 1.587135168315394116e-16 7.528271832655429534e+03
-1.248913824921992043e-18 1.590882873382384017e-16 7.529891535805214517e+03
6.172159964436065131e-16 1.634713391695359779e-16 7.531511234155186685e+03
4.506105363313487581e-16 1.594309382834519947e-16 7.533130927596259426e+03
4.058883784223725771e-16 1.512550856324852436e-16 7.534750616019360677e+03
4.861235671502382512e-16 1.491183179070715567e-16 7.536370299315440207e+03
4.735115260544105156e-16 1.488055488250998135e-16 7.537989977375455055e+03
4.678774680212969216e-16 1.509920394093238229e-16 7.539609650090384093e+03
5.451424756098619241e-16 1.532404961706056223e-16 7.541229317351220743e+03
7.571744017111643693e-16 1.515362333007809939e-16 7.542848979048975707e+03
1.347789231008724571e-16 1.489946178568847540e-16 7.544468635074674239e+03
5.748855647495218411e-16 1.468380900023946952e-16 7.546088285319359784e+03
1.541916998380189615e-16 1.469973289325315026e-16 7.547707929674092156e+03
7.090058052604612852e-16 1.462459289712577625e-16 7.549327568029946633e+03
1.198978899764272792e-16 1.464611032471919077e-16 7.550947200278018499e+03
7.661465844409743691e-16 1.467729336807085594e-16 7.552566826309414864e+03
3.461920269187316291e-16 1.470430640581446344e-16 7.554186446015262845e+03
6.638852000880180454e-16 1.486402299081181098e-16 7.555806059286707750e+03
2.867552439714469802e-16 1.557491056921024116e-16 7.557425666014911258e+03
3.639801534982557220e-16 1.573712299609405450e-16 7.559045266091050507e+03
3.716519692813647988e-16 1.529081273118532186e-16 7.560664859406320829e+03
9.610431505772980322e-16 1.467284983998183028e-16 7.562284445851939381e+03
-3.422023057169612609e-16 1.466971263219668161e-16 7.563904025319134234e+03
5.085868893214350773e-16 1.465027091303903255e-16 7.565523597699155289e+03
8.581201305801616441e-16 1.507374034027982150e-16 7.567143162883270634e+03
3.259692326682830522e-16 1.512565834176931970e-16 7.568762720762762910e+03
9.828354766857058620e-16 1.633652024784186945e-16 7.570382271228938407e+03
3.313315459217889177e-16 1.822683461554866770e-16 7.572001814173116145e+03
5.502975642585562743e-16 1.853504861788485236e-16 7.573621349486636973e+03
6.738848259874095389e-16 1.666389586423045831e-16 7.575240877060858111e+03
4.289812508676566641e-16 1.504572321555999823e-16 7.576860396787158606e+03
3.320461274806334143e-16 1.438538492857130818e-16 7.578479908556932060e+03
4.786229797695382614e-16 1.438779841568050189e-16 7.580099412261592988e+03
2.734067080921621270e-16 1.426103713002787610e-16 7.581718907792575919e+03
7.139397471356110144e-16 1.418982900178708161e-16 7.583338395041333570e+03
-6.074441826302476923e-17 1.482089258180245432e-16 7.584957873899336846e+03
3.909407695603437155e-16 1.552416221064590255e-16 7.586577344258078483e+03
3.503918701642997275e-16 1.536815828754147638e-16 7.588196806009068496e+03
2.787088536209457146e-16 1.442130673753600710e-16 7.589816259043836908e+03
5.212662690406852538e-16 1.377937029403169538e-16 7.591435703253934662e+03
4.639652780776123226e-16 1.299063873086131831e-16 7.593055138530932709e+03
1.450111142247866695e-16 1.149468224714321955e-16 7.594674564766419280e+03
2.087715538002181255e-16 1.040009770338853357e-16 7.596293981852007164e+03
2.967186078731250667e-16 1.162131677974947470e-16 7.597913389679326428e+03
1.534875937846815249e-16 1.236688077913804567e-16 7.599532788140028060e+03
5.962298580220923584e-16 1.112594353962431668e-16 7.601152177125783965e+03
3.409957498582994747e-16 9.145427992827353022e-17 7.602771556528286965e+03
1.664121328905702474e-16 8.647406387878499251e-17 7.604390926239251712e+03
2.171162088912504958e-17 8.720288864720033268e-17 7.606010286150411048e+03
5.388295423829611496e-16 8.805868609452033256e-17 7.607629636153522370e+03
8.855549229787072626e-17 9.026525176490704289e-17 7.609248976140363993e+03
3.987820097368559468e-16 9.246216402973622277e-17 7.610868306002732425e+03
1.978065763462619883e-16 9.461955887922825034e-17 7.612487625632447816e+03
3.819855900853922957e-16 9.575052000143466228e-17 7.614106934921356697e+03
1.898912219501718790e-16 9.749214282868677622e-17 7.615726233761319236e+03
4.432662147754343682e-16 1.129848524920901931e-16 7.617345522044224708e+03
4.466195872790371250e-16 1.239787616226583809e-16 7.618964799661979669e+03
1.175633896357973289e-16 1.236970263453608455e-16 7.620584066506517047e+03
3.394035404307005086e-16 1.132203472583800944e-16 7.622203322469789782e+03
-3.800433671144630974e-17 1.072079958655963876e-16 7.623822567443776279e+03
3.860430056494105697e-16 1.042407512334155741e-16 7.625441801320475861e+03
2.169643845468772396e-16 1.089883316348972428e-16 7.627061023991907859e+03
1.210365800099851943e-16 1.270561889612814137e-16 7.628680235350124349e+03
4.743994084462529398e-16 1.281298809563442306e-16 7.630299435287189226e+03
5.852478885778424273e-16 1.122482243179875422e-16 7.631918623695199130e+03
5.584447198017405157e-16 9.883483384984909586e-17 7.633537800466271619e+03
-4.600503411111422642e-17 9.691615404913421365e-17 7.635156965492545169e+03
2.302013826486556321e-16 9.667191284976508832e-17 7.636776118666186449e+03
-7.336810060426737349e-17 9.784349732525932445e-17 7.638395259879383957e+03
5.264438107799112146e-16 9.987236858473780775e-17 7.640014389024354386e+03
1.000129210484935564e-16 1.014969376710810477e-16 7.641633505993335348e+03
5.061944047786261482e-16 1.027649116595306389e-16 7.643252610678588098e+03
2.828517816038155799e-16 1.030670977645767704e-16 7.644871702972403000e+03
5.070779890528074290e-16 1.032253662940586819e-16 7.646490782767095880e+03
3.448700243579921752e-16 1.051415259962965914e-16 7.648109849955004393e+03
4.979653942989531430e-16 1.035659732896496281e-16 7.649728904428492569e+03
3.099934755851690321e-16 1.059352595995850067e-16 7.651347946079953545e+03
2.832688366405010166e-16 1.159956244405828245e-16 7.652966974801802280e+03
5.115789091919054050e-16 1.169060792583127070e-16 7.654585990486484661e+03
2.854226315883757528e-16 1.123880368270660223e-16 7.656204993026467491e+03
2.052073506642304663e-16 1.111709235340381809e-16 7.657823982314246678e+03
3.157548175951753519e-16 1.098751297963616211e-16 7.659442958242347231e+03
5.400118408409312463e-17 1.165833043933808139e-16 7.661061920703317810e+03
1.837100409432499320e-16 1.328030309847589608e-16 7.662680869589736176e+03
5.378788720029841835e-16 1.347990815883390493e-16 7.664299804794205556e+03
6.749283385893267902e-16 1.220112674078676807e-16 7.665918726209360102e+03
5.702830284255909284e-16 1.180547193522288926e-16 7.667537633727858520e+03
2.899082578756395684e-16 1.239887035846381200e-16 7.669156527242388620e+03
6.531254848374770512e-16 1.223401674208378589e-16 7.670775406645667317e+03
4.152406704684905350e-16 1.219445878534429437e-16 7.672394271830438811e+03
2.982033377131253523e-16 1.279750448714645233e-16 7.674013122689475495e+03
5.021565311798495504e-16 1.312301144827248421e-16 7.675631959115582504e+03
2.615827600725122409e-16 1.274448894132196338e-16 7.677250781001586802e+03
6.846946915044999705e-16 1.271547927100805175e-16 7.678869588240351732e+03
1.180066734626683863e-16 1.350166740356033489e-16 7.680488380724768831e+03
3.748307202276285627e-16 1.397584283357774848e-16 7.682107158347755103e+03
7.391438136627578213e-16 1.383485726322052785e-16 7.683725921002262112e+03
1.098932503842258993e-16 1.386179912816697224e-16 7.685344668581268706e+03
9.400656772880718260e-16 1.449809652624309883e-16 7.686963400977787387e+03
2.646897597126345990e-16 1.462161419620560685e-16 7.688582118084856120e+03
8.730460714888342203e-16 1.428909274563645498e-16 7.690200819795549251e+03
3.814432688347457936e-16 1.436623178663652500e-16 7.691819506002970229e+03
8.005106416259785507e-16 1.466855751261192173e-16 7.693438176600253428e+03
1.496679994552105778e-16 1.459152780921524233e-16 7.695056831480563233e+03
8.540352580367597303e-16 1.440177926348853780e-16 7.696675470537099500e+03
5.912404790252689024e-16 1.516350871901834650e-16 7.698294093663091189e+03
6.914300492727734548e-16 1.603297127123370849e-16 7.699912700751802731e+03
5.882636457644927476e-16 1.582205251033818136e-16 7.701531291696525841e+03
-3.638862085119474042e-17 1.479744600480685510e-16 7.703149866390591342e+03
5.808180747123496517e-16 1.436980394447280130e-16 7.704768424727356432e+03
2.071351324377728035e-17 1.443276969754664070e-16 7.706386966600218329e+03
6.246951184659236352e-17 1.446053782874268951e-16 7.708005491902604263e+03
1.067942804653116997e-15 1.468476872490000717e-16 7.709624000527972385e+03
-1.037131838641187107e-15 1.919691182170705964e-16 7.711242492369824504e+03
-1.660377071823045875e-16 2.446466372904092278e-16 7.712860967321685166e+03
9.582131677787138918e-16 2.613135708606468021e-16 7.714479425277119844e+03
5.565394382613692701e-16 2.635612191833685427e-16 7.716097866129728573e+03
6.722823809981238281e-16 2.712912159843753915e-16 7.717716289773145036e+03
1.252889356605304184e-15 2.440539147851978365e-16 7.719334696101039299e+03
1.349522722074322165e-15 1.812672451983697618e-16 7.720953085007116897e+03
6.029683442982385254e-16 1.600326298801657461e-16 7.722571456385117926e+03
-5.805925561471511420e-16 1.706809918043064405e-16 7.724189810128820682e+03
1.216078118428843460e-15 1.866007105082741848e-16 7.725808146132036200e+03
-4.933111456874479194e-16 1.800885066198773358e-16 7.727426464288620082e+03
1.459064747961417583e-15 1.652939620457148705e-16 7.729044764492455215e+03
3.160816600616642685e-16 1.502044312613208157e-16 7.730663046637468142e+03
2.985972023410700880e-16 1.490221252540169740e-16 7.732281310617621784e+03
6.370946092852796178e-16 1.510307261516766264e-16 7.733899556326914535e+03
7.234061596073760941e-16 1.569306585876490462e-16 7.735517783659385714e+03
6.384045723459557243e-16 1.577284402757084010e-16 7.737135992509111020e+03
3.692815051888712793e-16 1.529389493488180449e-16 7.738754182770206171e+03
5.489478952594738648e-16 1.502276117622354285e-16 7.740372354336823264e+03
8.410792054328211546e-16 1.489772264708694557e-16 7.741990507103158961e+03
7.518596561886187493e-16 1.470430184146976234e-16 7.743608640963444486e+03
7.222108646777028872e-16 1.469372215437615555e-16 7.745226755811952899e+03
4.090667402145455185e-16 1.494646753762135967e-16 7.746844851542995457e+03
7.504900093454851552e-16 1.743082061063386857e-16 7.748462928050926166e+03
-2.234144955126661033e-15 2.609824596878331000e-16 7.750080985230140868e+03
8.795160130189936302e-16 2.957337483737859637e-16 7.751699022975072694e+03
2.195285044609319325e-15 2.562180472486630057e-16 7.753317041180200249e+03
1.635544994237835711e-16 1.711428040553111049e-16 7.754935039740037610e+03
4.514486839533790005e-16 1.516142145990270977e-16 7.756553018549147964e+03
2.651224061160381728e-16 1.640486820443664041e-16 7.758170977502131791e+03
6.929295664080951011e-16 1.988488464939975154e-16 7.759788916493635043e+03
-1.211811490532664266e-16 2.060210209838929163e-16 7.761406835418344599e+03
1.645882876626969913e-15 1.783793873544112711e-16 7.763024734170990996e+03
4.628757177547328712e-16 1.471866376409856356e-16 7.764642612646349335e+03
5.076481998085697906e-16 1.430048387100504301e-16 7.766260470739238372e+03
3.527863802076197302e-16 1.437660257880887513e-16 7.767878308344517791e+03
2.375179877490716679e-16 1.442212406902599759e-16 7.769496125357098208e+03
8.529406881241389443e-16 1.555560009809126304e-16 7.771113921671927528e+03
1.797767324467636046e-16 1.744700617016945480e-16 7.772731697184004588e+03
7.480713654970412352e-16 1.857079733728573939e-16 7.774349451788371880e+03
2.031412386727496937e-16 1.754955044965364350e-16 7.775967185380115552e+03
1.169359498404877915e-15 1.559705632185636813e-16 7.777584897854371775e+03
-2.356402544820751698e-16 1.640170124767931384e-16 7.779202589106320374e+03
4.127016595380832638e-16 1.861183137732981075e-16 7.780820259031189380e+03
5.652130368429637803e-16 1.844626072911389361e-16 7.782437907524252296e+03
3.477943875947613996e-16 1.620131469039007517e-16 7.784055534480830829e+03
4.753750474070597114e-16 1.498864174105012751e-16 7.785673139796297619e+03
-1.520731127277021667e-16 1.513955226461497429e-16 7.787290723366067141e+03
6.725110914863572786e-16 1.506862759375378595e-16 7.788908285085608441e+03
-5.058771223063436937e-16 1.561698899184335835e-16 7.790525824850436038e+03
-6.182648811748471158e-16 1.752502629212831940e-16 7.792143342556115385e+03
9.392622527200496588e-17 2.418372143564025646e-16 7.793760838098260137e+03
1.259782078911428899e-15 2.598292838859246827e-16 7.795378311372535791e+03
1.746272873042480958e-16 2.238612550330011320e-16 7.796995762274656954e+03
1.032365914007013443e-15 1.570462425924953158e-16 7.798613190700387349e+03
3.886965670183188807e-16 1.457378936550512344e-16 7.800230596545543449e+03
-3.332763552158650119e-16 1.439850842309990341e-16 7.801847979705993566e+03
8.296200185754118246e-16 1.447997391056356329e-16 7.803465340077658766e+03
2.364375504680483324e-16 1.459308860528524924e-16 7.805082677556509225e+03
1.405859277585263600e-17 1.595451884915073431e-16 7.806699992038566052e+03
-5.860056681497758744e-16 1.956406437915202318e-16 7.808317283419913110e+03
5.221301662797473883e-16 2.053890944214816921e-16 7.809934551596676101e+03
7.990141706314196310e-16 1.815337500397219852e-16 7.811551796465038933e+03
2.619954834962907879e-16 1.540021978886316954e-16 7.813169017921241903e+03
4.796467612946961247e-17 1.526283001266507679e-16 7.814786215861575329e+03
6.307802379148489567e-16 1.531328164116056962e-16 7.816403390182389558e+03
2.271806099947306698e-16 1.528529624546697774e-16 7.818020540780082229e+03
-4.721932918998518658e-16 1.794836261848310395e-16 7.819637667551116465e+03
-1.347321330085360398e-15 2.630161821650977597e-16 7.821254770392001774e+03
1.551505159862776980e-15 2.843068272821835315e-16 7.822871849199313147e+03
2.057789305971308638e-15 2.363985111963731641e-16 7.824488903869672868e+03
7.061131710185157397e-16 1.607989733358561670e-16 7.826105934299769615e+03
-6.013925239429010056e-17 1.499532436483930970e-16 7.827722940386342998e+03
7.308863512239352433e-16 1.506331355162466463e-16 7.829339922026192653e+03
-6.888806870219109602e-17 1.488036731982018807e-16 7.830956879116176424e+03
1.747154400213291864e-16 1.464002380491913091e-16 7.832573811553213091e+03
1.168632644664914505e-15 1.461850623787253725e-16 7.834190719234278731e+03
-3.040524663573366846e-16 1.464832804952505415e-16 7.835807602056407632e+03
1.001260682702911688e-15 1.444852237958747309e-16 7.837424459916697742e+03
4.529053882772832272e-16 1.495254645081285995e-16 7.839041292712302493e+03
-1.611375918824109844e-16 1.832526485024664290e-16 7.840658100340440797e+03
1.866131910955932045e-16 2.020474539342782915e-16 7.842274882698393412e+03
1.759354902659711385e-15 1.885750658658479370e-16 7.843891639683497488e+03
5.028193688211713949e-16 1.532518071219189809e-16 7.845508371193154744e+03
9.678141957634298799e-16 1.459518886078272132e-16 7.847125077124831478e+03
9.890033137707420547e-17 1.552331951492146196e-16 7.848741757376056739e+03
2.802639514289100748e-16 1.676021016489026216e-16 7.850358411844420516e+03
-2.294040352428771022e-15 2.175180970683586381e-16 7.851975040427577369e+03
-5.022202369601870290e-17 2.850711818455057232e-16 7.853591643023247343e+03
2.611307760109792314e-15 2.860845199523200941e-16 7.855208219529215967e+03
5.612680106421556641e-16 2.177291999770379462e-16 7.856824769843333343e+03
1.448059745966929445e-15 1.719457743389434706e-16 7.858441293863510509e+03
-5.691958551191194921e-16 1.967913975256246267e-16 7.860057791487732175e+03
1.297850446326962547e-15 2.036180597166503557e-16 7.861674262614045801e+03
1.369732595836135170e-15 1.856343708691267362e-16 7.863290707140564336e+03
2.314746284709067775e-16 1.520654956430498981e-16 7.864907124965471667e+03
2.702717994618195396e-16 1.529424936307368243e-16 7.866523515987017163e+03
-1.535502173658784957e-16 1.701055201014558301e-16 7.868139880103521136e+03
1.095679194690422320e-16 1.959524809139035000e-16 7.869756217213367563e+03
1.201967916295657164e-15 2.088079850012443076e-16 7.871372527215014998e+03
6.037314476457385876e-16 1.966560936966811260e-16 7.872988810006991116e+03
6.913420819933401092e-16 1.592182982089668848e-16 7.874605065487889078e+03
7.656687890155313661e-16 1.443174569201507601e-16 7.876221293556380260e+03
-3.917331979014343280e-16 1.670979725533603155e-16 7.877837494111199703e+03
4.704914749191915637e-16 1.909549642508157366e-16 7.879453667051158845e+03
7.804339397540685927e-16 2.019633945441835592e-16 7.881069812275141885e+03
-1.676670984861403753e-16 1.856065038131717210e-16 7.882685929682101232e+03
9.516929967942475055e-16 1.726667834649236555e-16 7.884302019171064785e+03
3.279962791565367405e-16 1.565489475235479091e-16 7.885918080641136839e+03
6.476115529581299623e-17 1.614280463150004612e-16 7.887534113991489903e+03
5.310761290235130646e-17 2.081470294056967299e-16 7.889150119121375610e+03
8.112330098191308794e-16 2.386626114449099184e-16 7.890766095930120173e+03
-4.014562352421296082e-17 2.212301620634746653e-16 7.892382044317123473e+03
1.008924750780405467e-15 1.682649577758744617e-16 7.893997964181863608e+03
5.138600854520753946e-16 1.502602154523712614e-16 7.895613855423893256e+03
4.696975692740144286e-16 1.484215993746443832e-16 7.897229717942842399e+03
3.941503656623652728e-16 1.486298416072887761e-16 7.898845551638420147e+03
-1.544354746728296792e-16 1.454777309386053308e-16 7.900461356410412918e+03
3.977332358990762767e-16 1.430306513455704593e-16 7.902077132158685345e+03
4.664802162943158386e-16 1.435999111418933898e-16 7.903692878783180277e+03
2.574300490797711384e-16 1.468953299107002882e-16 7.905308596183924237e+03
5.876414021677913098e-16 1.492445018704107902e-16 7.906924284261018329e+03
7.899468555523200967e-16 1.471085033930974961e-16 7.908539942914649146e+03
-3.644623342543141261e-16 1.477253749298577728e-16 7.910155572045079680e+03
2.840097397523744434e-16 1.799873861145437515e-16 7.911771171552658416e+03
1.516474299867494326e-16 2.642165897065629270e-16 7.913386741337817512e+03
-5.962138946081421881e-16 2.862441224496577963e-16 7.915002281301067342e+03
3.077814243541977022e-15 2.374546491052328359e-16 7.916617791343001954e+03
1.351623154932673912e-16 1.657259644376267254e-16 7.918233271364303619e+03
-5.242798688517027439e-16 1.833071256440476279e-16 7.919848721265734639e+03
8.321496250123876714e-16 2.223831506555751653e-16 7.921464140948146451e+03
6.550792018229889536e-16 2.190920318236636739e-16 7.923079530312470524e+03
9.470998717966320634e-16 1.779975881657769091e-16 7.924694889259730189e+03
1.184242190391970085e-15 1.492125133509533344e-16 7.926310217691029720e+03
1.209514013425151588e-16 1.436395206526666492e-16 7.927925515507564342e+03
1.789637759723786848e-16 1.574780708445087307e-16 7.929540782610616588e+03
-1.349344698726118462e-16 1.933231197669623870e-16 7.931156018901557218e+03
3.388423033220560038e-16 2.028489918122996508e-16 7.932771224281845207e+03
1.565503415520071416e-15 1.815814607235839893e-16 7.934386398653026845e+03
5.053895225732249302e-16 1.492757621341512901e-16 7.936001541916741189e+03
3.088411601580965444e-16 1.414120800415091799e-16 7.937616653974717337e+03
5.136950669024103979e-16 1.428811902003952964e-16 7.939231734728776246e+03
4.135991363046715745e-16 1.446818988622605713e-16 7.940846784080829821e+03
4.647640228125338206e-16 1.456434319525001205e-16 7.942461801932879098e+03
3.429202548325774492e-16 1.453987691627080944e-16 7.944076788187023340e+03
6.931192278449189299e-16 1.477620081775621396e-16 7.945691742745451847e+03
1.355541939367973201e-16 1.527737401681916606e-16 7.947306665510447601e+03
7.635585129544546798e-16 1.741802910623318880e-16 7.948921556384389987e+03
6.523588880796294708e-16 1.807427624193074673e-16 7.950536415269753888e+03
3.680627527012599692e-16 1.690435535213663250e-16 7.952151242069106956e+03
4.968240814357487483e-16 1.464046574507722664e-16 7.953766036685115978e+03
8.597066673171415782e-16 1.423229540638309305e-16 7.955380799020545055e+03
-9.650232001919416084e-17 1.401648969210300334e-16 7.956995528978251969e+03
1.076183201339079043e-15 1.391955180327431038e-16 7.958610226461196362e+03
-1.182154838637426745e-16 1.371391443100330171e-16 7.960224891372435195e+03
5.808152654023126559e-16 1.376548618091817262e-16 7.961839523615127291e+03
-2.251174836162199457e-16 1.835786624962392894e-16 7.963454123092526061e+03
-6.727758825593477911e-16 2.436036061610468076e-16 7.965068689707989506e+03
1.130814201959601448e-15 2.460485952741713500e-16 7.966683223364976584e+03
8.989986709205676007e-16 1.967390197268245160e-16 7.968297723967049023e+03
1.407417045654684185e-15 1.589221663426381363e-16 7.969912191417866779e+03
-1.158736768625526388e-16 1.501401243554719331e-16 7.971526625621198946e+03
7.575577478404180723e-16 1.426789912681149752e-16 7.973141026480911933e+03
5.440627266966763275e-16 1.435612908758367635e-16 7.974755393900980380e+03
9.277581006608264722e-17 1.564374997941944881e-16 7.976369727785483519e+03
-1.971273146558104721e-16 1.770476718330483402e-16 7.977984028038606084e+03
1.002486706959701521e-15 2.034225919810694355e-16 7.979598294564638309e+03
-1.776893332977054224e-16 1.979715815129183187e-16 7.981212527267978658e+03
7.306588834640247363e-16 1.730720425544461414e-16 7.982826726053129278e+03
9.993270898230018401e-16 1.438005287889131212e-16 7.984440890824708731e+03
3.166083872065952911e-16 1.409335794607687055e-16 7.986055021487433805e+03
7.401320438547926626e-16 1.443550340486083809e-16 7.987669117946138613e+03
3.098710020563058852e-16 1.458688752112770143e-16 7.989283180105763677e+03
2.859539217729920769e-16 1.523796373930542644e-16 7.990897207871365936e+03
-1.209534861883386741e-15 2.180008972757775817e-16 7.992511201148105101e+03
4.150424505303672478e-16 2.665612254752500540e-16 7.994125159841256391e+03
6.483383009385120692e-16 2.532254937965671965e-16 7.995739083856213256e+03
5.256208463909308833e-16 1.790511399796830968e-16 7.997352973098473740e+03
8.118831166740625549e-16 1.468375793576357936e-16 7.998966827473656849e+03
4.369945841078681698e-16 1.438379078526168984e-16 8.000580646887494368e+03
1.355999437162545616e-16 1.442651491487608169e-16 8.002194431245830856e+03
7.128179844691099054e-16 1.460989917725049115e-16 8.003808180454631838e+03
7.339641150034015164e-16 1.445628819723007911e-16 8.005421894419976525e+03
-1.899724809937596670e-16 1.399158130544182267e-16 8.007035573048060542e+03
1.268003611534314183e-15 1.385117498004518033e-16 8.008649216245204116e+03
-4.490652811948678718e-16 1.405292618796286882e-16 8.010262823917837522e+03
1.032334118650180304e-15 1.447577588605753664e-16 8.011876395972516548e+03
-2.774385222510458005e-16 1.700093898900525478e-16 8.013489932315916121e+03
9.896689761542921937e-16 1.859876278123016005e-16 8.015103432854832135e+03
4.362311994907244862e-16 1.782105433598735394e-16 8.016716897496182355e+03
7.119958992682874146e-16 1.529011198518173601e-16 8.018330326147004598e+03
1.229473375758680489e-16 1.517385341916703715e-16 8.019943718714463103e+03
7.683250601933221042e-16 1.537424821886990501e-16 8.021557075105844888e+03
-4.512859296614689469e-17 1.498891125965018900e-16 8.023170395228562484e+03
-5.638765648676649655e-16 1.848168334577509388e-16 8.024783678990152112e+03
6.639118783447214590e-16 2.290002473221620359e-16 8.026396926298273684e+03
6.117364863962320318e-16 2.301708098368530661e-16 8.028010137060721718e+03
8.094248499636173019e-16 1.843953785218893740e-16 8.029623311185408966e+03
1.257036760853022515e-15 1.546523919682476206e-16 8.031236448580383694e+03
7.780598322082688796e-17 1.446562527887412371e-16 8.032849549153817861e+03
5.330951504704494384e-16 1.389937125391409742e-16 8.034462612814017120e+03
4.392236815710403498e-16 1.380262631936705182e-16 8.036075639469416274e+03
5.191153438649650312e-16 1.375123427603061396e-16 8.037688629028578362e+03
4.121411204482390598e-17 1.380949071271152572e-16 8.039301581400201030e+03
9.222759923916111050e-16 1.382473427783742355e-16 8.040914496493116530e+03
-3.795699360962754490e-16 1.378231214002837406e-16 8.042527374216287171e+03
2.958587079195442294e-15 1.441059831591820058e-16 8.044140214478810776e+03
3.676073663596312665e-15 1.560725858127261592e-16 8.045753017189919774e+03
7.518364028240780249e-16 1.453278244112967565e-16 8.047365782258983018e+03
2.906857674232043110e-16 1.391382343472148164e-16 8.048978509595503056e+03
1.059113248695028818e-16 1.511461088468683832e-16 8.050591199109125228e+03
7.861061529900110789e-16 1.691776699256832584e-16 8.052203850709627659e+03
4.112382385892079848e-16 1.688450829553225473e-16 8.053816464306927628e+03
6.311464316515111322e-16 1.528264998123866649e-16 8.055429039811087023e+03
5.159603785481607050e-16 1.406162074413990217e-16 8.057041577132299608e+03
2.655097008088740146e-16 1.410620400734422561e-16 8.058654076180911034e+03
8.137064427800550014e-16 1.481453230076962653e-16 8.060266536867397008e+03
3.867211193047257031e-16 1.844955171998048583e-16 8.061878959102386943e+03
-1.762632449581920593e-16 1.972394409792033569e-16 8.063491342796643949e+03
1.578292039457930760e-15 1.812298054586064310e-16 8.065103687861083017e+03
1.494537215995830577e-16 1.485877614134070868e-16 8.066715994206759206e+03
5.926334265710131425e-16 1.404963666971306788e-16 8.068328261744878546e+03
2.438125108062314285e-16 1.377838857259153350e-16 8.069940490386786223e+03
4.963144991069290417e-16 1.376064581024099852e-16 8.071552680043983855e+03
7.476432531208732342e-16 1.379285156593385738e-16 8.073164830628112213e+03
-1.085209049080649506e-16 1.385687514858150330e-16 8.074776942050968501e+03
7.368899964944440622e-16 1.421390508086945957e-16 8.076389014224496350e+03
2.849432646650159411e-16 1.439042088035814915e-16 8.078001047060792189e+03
9.926106997311852368e-16 1.427311859137962705e-16 8.079613040472099783e+03
-1.816701300439411577e-16 1.398983650348084272e-16 8.081224994370819331e+03
3.242604478020599048e-16 1.387791841235913438e-16 8.082836908669504737e+03
1.272561811895118648e-16 1.427958139007201467e-16 8.084448783280859061e+03
3.033401763979537051e-16 1.444650059202456847e-16 8.086060618117746344e+03
3.825456929492309537e-16 1.429456800407174248e-16 8.087672413093181603e+03
6.174429241881282161e-16 1.394821421220284737e-16 8.089284168120339018e+03
9.334512620506435603e-17 1.406490723656847923e-16 8.090895883112549200e+03
5.628740793822638002e-16 2.081526007584819362e-16 8.092507557983300103e+03
1.862214427797667672e-16 1.932925466553154426e-16 8.094119192646241572e+03
7.767496623522752559e-16 1.615097028573654678e-16 8.095730787015179885e+03
4.618190554481516345e-16 1.406494866183124479e-16 8.097342341004083210e+03
2.565775924258912114e-16 1.342946856807799389e-16 8.098953854527085241e+03
8.588498509251466552e-17 1.397847786824261777e-16 8.100565327498477927e+03
2.585957779777338904e-16 1.589116095928117030e-16 8.102176759832715106e+03
3.964205408444550807e-16 1.680669681031727770e-16 8.103788151444419782e+03
1.162980562866406793e-17 1.531826188766451872e-16 8.105399502248376848e+03
7.267582643736803511e-16 1.322507269435163134e-16 8.107010812159538546e+03
1.170225374759723747e-15 1.281374935877030658e-16 8.108622081093022643e+03
2.081656228034022423e-15 1.275608526640449963e-16 8.110233308964118805e+03
7.308267496089105494e-16 1.209045228061299250e-16 8.111844495688277675e+03
-4.017626059116933214e-17 1.245262653848739264e-16 8.113455641181125429e+03
5.435542695657906914e-16 1.274161021589996826e-16 8.115066745358458320e+03
3.312575854001196422e-16 1.337704690311079377e-16 8.116677808136241765e+03
7.881438286702308039e-16 1.349300500787863453e-16 8.118288829430615806e+03
3.128063775900235839e-16 1.341750383322082442e-16 8.119899809157890559e+03
4.662965134110796586e-16 1.324035983639482459e-16 8.121510747234551673e+03
-4.332954646269324561e-17 1.328013447452881416e-16 8.123121643577260329e+03
6.761145792909031079e-16 1.312521878557342500e-16 8.124732498102854152e+03
-4.515034381738278892e-17 1.339560700979856496e-16 8.126343310728345386e+03
3.552961682788408183e-16 1.349017492737174962e-16 8.127954081370926360e+03
1.815715081138461018e-17 1.354296234299199415e-16 8.129564809947965841e+03
5.647186817018868159e-16 1.335803796344983576e-16 8.131175496377012678e+03
4.101266874963504092e-16 1.319998372330978169e-16 8.132786140575796708e+03
1.876187462723593341e-16 1.295583824513062534e-16 8.134396742462229668e+03
5.324556568164531805e-16 1.296681830594792362e-16 8.136007301954405193e+03
2.127201920405909003e-16 1.324895100312205496e-16 8.137617818970597000e+03
8.656692525761929782e-16 1.399496992922666754e-16 8.139228293429270707e+03
6.269766702036147784e-17 1.376392417392840421e-16 8.140838725249069284e+03
5.090684327348332350e-16 1.315238956854314578e-16 8.142449114348824878e+03
-2.416575374709855143e-16 1.260397870382694686e-16 8.144059460647557898e+03
7.762484603320153073e-16 1.335374695038357115e-16 8.145669764064474293e+03
1.748570417559020557e-16 1.440197913680721736e-16 8.147280024518971004e+03
5.580702683258080592e-16 1.423061113921712725e-16 8.148890241930634147e+03
5.034035281474946756e-16 1.322899822357874621e-16 8.150500416219238105e+03
5.258930647663907670e-16 1.275298521480371844e-16 8.152110547304756437e+03
2.427867459857557960e-16 1.258417760855928237e-16 8.153720635107345515e+03
3.523748827370627631e-16 1.242170976620654381e-16 8.155330679547364525e+03
2.101126346927843034e-16 1.249241633922250602e-16 8.156940680545363648e+03
3.271715311562367026e-16 1.266011143897443011e-16 8.158550638022085877e+03
1.464730240216193193e-16 1.275740334869097937e-16 8.160160551898476115e+03
2.483035944433365111e-16 1.253662098239456183e-16 8.161770422095672984e+03
3.436871420010301354e-16 1.211947436742156237e-16 8.163380248535017017e+03
3.549651616797698542e-16 1.199516854895665591e-16 8.164990031138047016e+03
4.623166326470264177e-16 1.230467104716789403e-16 8.166599769826501870e+03
4.129998279731544689e-16 1.253740674894291764e-16 8.168209464522324197e+03
-1.338974358713085892e-16 1.220189662721245630e-16 8.169819115147654884e+03
4.387237745215649017e-16 1.225910370275322926e-16 8.171428721624843092e+03
1.494099267614644854e-16 1.268152593321142902e-16 8.173038283876441710e+03
2.398356016918936213e-16 1.297913518767506677e-16 8.174647801825210081e+03
3.446774062480504639e-16 1.276631067265684452e-16 8.176257275394111275e+03
4.168967538514678973e-16 1.222200265161178751e-16 8.177866704506316637e+03
3.506081757804472351e-16 1.181926661032987341e-16 8.179476089085210333e+03
3.405011091072623428e-16 1.196313755376586096e-16 8.181085429054382985e+03
2.064251447702189391e-16 1.213928120596678246e-16 8.182694724337636217e+03
2.161412409956026587e-16 1.231179647418697860e-16 8.184303974858984475e+03
4.968903467512961683e-16 1.247895114877772625e-16 8.185913180542654118e+03
2.550692962451662545e-16 1.274794767044567508e-16 8.187522341313086145e+03
5.658103552350540766e-16 1.281012627490138749e-16 8.189131457094937105e+03
4.037146197340173656e-16 1.290746287449740930e-16 8.190740527813080917e+03
3.322799083247644938e-16 1.245596014205981910e-16 8.192349553392603411e+03
2.879668730441466327e-16 1.245595668187355566e-16 8.193958533758814156e+03
5.649337495469563999e-16 1.295337476632069369e-16 8.195567468837238266e+03
4.376807600509788597e-16 1.293109450444130685e-16 8.197176358553624596e+03
2.816107810366552424e-16 1.225071725780083191e-16 8.198785202833940275e+03
5.893336125334078589e-16 1.178985418241442763e-16 8.200394001604377991e+03
3.352199177242618323e-16 1.226947252243101974e-16 8.202002754791348707e+03
5.386106823542080178e-16 1.299684734363447857e-16 8.203611462321492581e+03
-5.850816633493345926e-17 1.338452220770134660e-16 8.205220124121675326e+03
2.711561151598662732e-16 1.369010463589408281e-16 8.206828740118988208e+03
6.066721768535774544e-16 1.368175336331496312e-16 8.208437310240751685e+03
3.948736663331307421e-17 1.340298584812632238e-16 8.210045834414511774e+03
5.019552534095095312e-16 1.449309774093063546e-16 8.211654312568045498e+03
2.083476211186754238e-16 1.598368731967839717e-16 8.213262744629366352e+03
1.599856382330411460e-15 1.454209866874104783e-16 8.214871130526709749e+03
8.079991398360290209e-16 1.290006030871825660e-16 8.216479470188558480e+03
8.936835008453235454e-16 1.276492095997859720e-16 8.218087763543615438e+03
1.382347247622039910e-15 1.355170243728270575e-16 8.219696010520827258e+03
4.458967212018016898e-16 1.481387894739125801e-16 8.221304211049377045e+03
8.072414449157222074e-17 1.407700455820700016e-16 8.222912365058682553e+03
4.256557601335251828e-16 1.371728762332904156e-16 8.224520472478401643e+03
6.878162319343910602e-16 1.271615277499942122e-16 8.226128533238432283e+03
4.874699313902573227e-16 1.186972568414127056e-16 8.227736547268919821e+03
5.027499848570660337e-16 1.144443629677049025e-16 8.229344514500236983e+03
1.239858459916931198e-16 1.133889902000921418e-16 8.230952434863014787e+03
4.543467771372936533e-16 1.170476482055009413e-16 8.232560308288120723e+03
1.640237307219096095e-16 1.195786953696949555e-16 8.234168134706673300e+03
2.175795234885852167e-16 1.243260555813202895e-16 8.235775914050031133e+03
1.167842483645033682e-17 1.260671951588603975e-16 8.237383646249803860e+03
3.629419035832829638e-16 1.284000511373608849e-16 8.238991331237855775e+03
1.261470728868956953e-16 1.300334254895565903e-16 8.240598968946294917e+03
8.258992969486177552e-17 1.320625790688105168e-16 8.242206559307483985e+03
6.954027651401503246e-16 1.321900916010022474e-16 8.243814102254029422e+03
6.987737826316100255e-16 1.375321682247290948e-16 8.245421597718810517e+03
1.868999893336118622e-15 1.421319783778471449e-16 8.247029045634939393e+03
2.834361023943231463e-16 1.362897355716830757e-16 8.248636445935804659e+03
4.303572178601918815e-16 1.356290895082004835e-16 8.250243798555038666e+03
3.198704310460508897e-16 1.317582938403685347e-16 8.251851103426535701e+03
5.449067093025420553e-16 1.290994642989437658e-16 8.253458360484450168e+03
1.825554518985726013e-16 1.289989142808403041e-16 8.255065569663198403e+03
6.998743926546348507e-16 1.280008579317310036e-16 8.256672730897458678e+03
1.936840765416029556e-16 1.276328663574073978e-16 8.258279844122174836e+03
8.131042351787082198e-16 1.258280684968814733e-16 8.259886909272547200e+03
7.651095764369155373e-17 1.285306616248003583e-16 8.261493926284048939e+03
4.890066219275551452e-16 1.282224070119340765e-16 8.263100895092418796e+03
4.240181767974083126e-17 1.301092342979436702e-16 8.264707815633664723e+03
1.133690263876982782e-15 1.314927807421281297e-16 8.266314687844060245e+03
1.021156043301959407e-16 1.343094642027811184e-16 8.267921511660155375e+03
5.131793681468675240e-16 1.345010461347876047e-16 8.269528287018762057e+03
3.970370310622475850e-16 1.337170200126251278e-16 8.271135013856979640e+03
3.004616228318239455e-16 1.299044786476426922e-16 8.272741692112165765e+03
1.538070227541965943e-16 1.232230204003774355e-16 8.274348321721965476e+03
5.004310725928158286e-16 1.219816582395195385e-16 8.275954902624296665e+03
-1.450457639586542111e-16 1.489388848837833982e-16 8.277561434757353709e+03
5.873296256316123197e-16 1.747285065942964233e-16 8.279167918059614749e+03
3.161871251728486849e-16 2.084339317198939211e-16 8.280774352469830774e+03
-8.520457933496719037e-16 2.254278574050075273e-16 8.282380737927043810e+03
9.360789427815010801e-16 2.123138186448661853e-16 8.283987074370568735e+03
6.830178803410977021e-17 1.816549040195059792e-16 8.285593361740015098e+03
-4.382938852791967667e-16 1.960809409024576413e-16 8.287199599975268939e+03
1.570713710284804780e-15 2.504981496936912918e-16 8.288805789016510971e+03
-7.982790907795621016e-16 2.475995449598109420e-16 8.290411928804202034e+03
1.463836820078320200e-15 1.963779949022979392e-16 8.292018019279099462e+03
7.914773253714676810e-16 1.427433414117984710e-16 8.293624060382247990e+03
-4.444702119436258339e-16 1.496632371168539404e-16 8.295230052054983389e+03
9.503603293283435758e-16 1.849578200181818140e-16 8.296835994238936109e+03
-1.238978452447915805e-15 2.454737155927831126e-16 8.298441886876027638e+03
-1.421024118575352519e-16 2.594182412580505761e-16 8.300047729908485053e+03
1.447531388701444252e-15 2.255920419310635662e-16 8.301653523278817374e+03
-3.959657800986100400e-17 1.592496963013423018e-16 8.303259266929846490e+03
2.834621272540593369e-16 1.347546112196931015e-16 8.304864960804685325e+03
5.309072660794200527e-16 1.275534654178890945e-16 8.306470604846752394e+03
4.053787987003394917e-16 1.300234239498958895e-16 8.308076198999764529e+03
-1.128678433756788609e-16 1.574708790375296557e-16 8.309681743207744148e+03
3.576001748609288523e-16 1.827175081473033352e-16 8.311287237415019263e+03
1.159163679957593809e-15 1.814498485323819441e-16 8.312892681566223473e+03
5.174834850567453713e-16 1.502118177320385024e-16 8.314498075606297789e+03
5.821157830705561242e-16 1.328397617041233094e-16 8.316103419480492448e+03
3.931594416395567859e-16 1.339891298016876830e-16 8.317708713134368736e+03
4.211312601366880705e-16 1.379431409617889342e-16 8.319313956513797166e+03
4.991803490585528794e-16 1.343871436216830934e-16 8.320919149564964755e+03
3.433355872380771065e-16 1.300448678510670646e-16 8.322524292234367749e+03
-9.804852892093950646e-17 1.301695513293571489e-16 8.324129384468826174e+03
4.455192983145715761e-16 1.329868461538940554e-16 8.325734426215467465e+03
-3.487510562587469801e-17 1.283042557365170085e-16 8.327339417421744656e+03
4.017493334745635864e-16 1.277673218581658734e-16 8.328944358035429104e+03
1.011983740729865445e-16 1.253294846460708755e-16 8.330549248004610490e+03
6.474328033821014432e-16 1.228774034810531693e-16 8.332154087277704093e+03
2.404315996727771457e-16 1.222526786415148380e-16 8.333758875803445335e+03
5.187717394505824684e-16 1.221475164335293291e-16 8.335363613530898874e+03
7.856248655807431733e-16 1.308434026459741507e-16 8.336968300409454969e+03
3.804162804490955611e-16 1.364201999615984429e-16 8.338572936388831295e+03
5.940620417739263688e-16 1.361830477927770176e-16 8.340177521419074765e+03
-8.303354894255717995e-17 1.517907528649371965e-16 8.341782055450559710e+03
-6.456212954745953267e-17 2.590586205382139752e-16 8.343386538434002432e+03
-1.145622465312252067e-15 3.769652840366556852e-16 8.344990970320446650e+03
1.313344459962345839e-15 3.742130171013035055e-16 8.346595351061267138e+03
2.903883933890765963e-15 2.562052644710959694e-16 8.348199680608180643e+03
2.218158983325822118e-16 1.558795661719943127e-16 8.349803958913242241e+03
-5.705049538459048738e-16 1.761772592612596046e-16 8.351408185928841704e+03
1.106298184059910300e-15 2.335902872047405184e-16 8.353012361607712592e+03
-1.259899273916014352e-15 2.402717743667554011e-16 8.354616485902932254e+03
1.654320734970428657e-15 1.952306349635657474e-16 8.356220558767918192e+03
9.312104907290426771e-16 1.413950685401954317e-16 8.357824580156437150e+03
2.298199279467251448e-16 1.357552817209406644e-16 8.359428550022592390e+03
4.498402432035923724e-17 1.439825690578446168e-16 8.361032468320849148e+03
8.555532188333785358e-16 1.523924072406124593e-16 8.362636335006012814e+03
1.650548239568939916e-16 1.753004493926891474e-16 8.364240150033241662e+03
6.727181573400470623e-16 1.859446687969365510e-16 8.365843913358046848e+03
9.388600740443330972e-16 1.761545364399516756e-16 8.367447624936288776e+03
7.329088371298941954e-16 1.470413897916925416e-16 8.369051284724193465e+03
2.290460798291635529e-16 1.350536870220375071e-16 8.370654892678332544e+03
3.293380761925459235e-16 1.314829624310871601e-16 8.372258448755641439e+03
5.067693753398016629e-17 1.306529416824160043e-16 8.373861952913412097e+03
5.919821669520741870e-16 1.309611137462710384e-16 8.375465405109302083e+03
1.266899911436796645e-16 1.389753071222927813e-16 8.377068805301325483e+03
1.071121193552891685e-16 1.474999551922892227e-16 8.378672153447867458e+03
9.376900558386660802e-16 1.606233114267774231e-16 8.380275449507673329e+03
-4.178674002057094820e-16 1.992147570806285937e-16 8.381878693439859489e+03
4.832922282733903601e-16 2.183693538621668546e-16 8.383481885203902493e+03
1.067010915314214924e-15 1.964873318274304559e-16 8.385085024759657244e+03
3.523339306018249235e-16 1.451413682569975344e-16 8.386688112067349721e+03
3.260814608779444763e-17 1.299053123790926258e-16 8.388291147087576974e+03
8.795611595237269307e-16 1.340487512436717154e-16 8.389894129781310767e+03
3.273050940231042207e-16 1.383977188547798898e-16 8.391497060109893937e+03
4.941894960205785822e-16 1.407048445079590189e-16 8.393099938035056766e+03
6.980816194664614207e-16 1.362347102278972927e-16 8.394702763518900611e+03
5.701566047961188985e-16 1.361003207657970276e-16 8.396305536523914270e+03
-2.173951619768823383e-15 2.135397744058304651e-16 8.397908257012961258e+03
2.403636749052389060e-15 3.204605259509555401e-16 8.399510924949296168e+03
-2.374072344871963844e-16 3.294720375212383890e-16 8.401113540296551946e+03
2.332468189420371971e-15 2.415962783964610406e-16 8.402716103018752619e+03
1.686470990298105989e-15 1.467099371689354238e-16 8.404318613080309660e+03
-8.560623250392144002e-17 1.336349982358673513e-16 8.405921070446027443e+03
3.235752668222118450e-17 1.317473283682731256e-16 8.407523475081092329e+03
4.962076745117636866e-16 1.325236261240016272e-16 8.409125826951098134e+03
1.012189875126163815e-16 1.318860354313036684e-16 8.410728126022018841e+03
4.702321349869850385e-16 1.346967994040149786e-16 8.412330372260235890e+03
2.149671578025079322e-16 1.697905808350490446e-16 8.413932565632523620e+03
4.671387634652565735e-16 2.253648684644950063e-16 8.415534706106056547e+03
1.392312002049620398e-16 2.319544866254377222e-16 8.417136793648405728e+03
9.477989675868825044e-16 1.860850097779946163e-16 8.418738828227551494e+03
7.960324549105838898e-16 1.408174464164250038e-16 8.420340809811874351e+03
1.922326049260465276e-16 1.370198832023256026e-16 8.421942738370165898e+03
3.139530596322482757e-16 1.391387613063127914e-16 8.423544613871617912e+03
7.830372911125293458e-16 1.426616340239756932e-16 8.425146436285831442e+03
-4.270978422859583800e-17 1.442570581377916146e-16 8.426748205582825904e+03
-8.364775822188397947e-16 1.838019386401230600e-16 8.428349921733024530e+03
9.717302149617213881e-16 3.126877632587243649e-16 8.429951584707268921e+03
-4.459211906392632351e-16 3.599321840000151308e-16 8.431553194476819044e+03
2.195105766697150480e-15 3.050183820605140227e-16 8.433154751013338682e+03
1.848656362482784109e-15 1.790509348477478237e-16 8.434756254288928176e+03
3.148943691623847073e-16 1.408607936302498203e-16 8.436357704276091681e+03
2.142157467136757111e-16 1.328683677219109613e-16 8.437959100947769912e+03
8.403314637949964509e-16 1.318251185031845582e-16 8.439560444277318311e+03
9.865811858965673961e-17 1.313263899354011816e-16 8.441161734238517965e+03
2.428500173018810238e-16 1.320190606422295554e-16 8.442762970805579243e+03
8.476011988916760546e-16 1.372547789185781103e-16 8.444364153953141795e+03
-3.147841382428307765e-16 1.703392405285656608e-16 8.445965283656274551e+03
3.015083314000498217e-16 1.896687381347075388e-16 8.447566359890475724e+03
1.039150720185662164e-15 1.807512258156874563e-16 8.449167382631680084e+03
-1.085243486209102392e-16 1.695279838307099209e-16 8.450768351856258960e+03
3.693426497307162838e-16 2.129778704862241323e-16 8.452369267541012960e+03
1.412943556036299149e-15 2.266270593567284861e-16 8.453970129663193802e+03
5.891436632842131099e-16 1.898204058188082317e-16 8.455570938200482487e+03
4.987157156122480916e-16 1.434291745254624197e-16 8.457171693131009306e+03
7.294195015363616550e-16 1.353351974071877023e-16 8.458772394433341105e+03
4.925460576951514739e-16 1.351004199447105531e-16 8.460373042086497662e+03
-6.248330711792324510e-19 1.366246056597895779e-16 8.461973636069940767e+03
8.889300375478444372e-16 1.717192859526314744e-16 8.463574176363583319e+03
-6.785683814728293383e-16 2.768529469032366491e-16 8.465174662947787510e+03
2.352343184265505513e-16 3.131759539339746709e-16 8.466775095803368458e+03
2.395590021482440763e-15 2.644115861838143744e-16 8.468375474911594210e+03
1.094959412122018485e-16 1.615978025888008683e-16 8.469975800254191199e+03
1.484152230481075591e-16 1.338939916674105265e-16 8.471576071813340604e+03
5.491456413593536294e-16 1.350644045090923915e-16 8.473176289571681991e+03
2.661224099376253927e-16 1.386214708323718635e-16 8.474776453512320586e+03
2.170994884288011676e-16 1.391476499940320277e-16 8.476376563618820001e+03
1.850697518095620533e-16 1.359142362489502728e-16 8.477976619875211327e+03
4.358678109265864745e-16 1.319685297852113648e-16 8.479576622265984042e+03
2.022278724692485975e-16 1.303244822762905568e-16 8.481176570776107837e+03
3.906930667004159448e-16 1.307185615486829975e-16 8.482776465391012607e+03
-5.518293874539234208e-17 1.315567631488859223e-16 8.484376306096603003e+03
5.124869880366503605e-16 1.328155516475368084e-16 8.485976092879258431e+03
2.770441517055251692e-16 1.316624211442087843e-16 8.487575825725827599e+03
1.006752648968445476e-16 1.312235472608530869e-16 8.489175504623643064e+03
3.244690963389743789e-16 1.329980020041631360e-16 8.490775129560512141e+03
-2.028071059591558238e-16 1.603658278555425115e-16 8.492374700524724176e+03
2.374673338279664050e-16 1.945417872871600034e-16 8.493974217505046909e+03
1.907908852194311058e-16 2.003111468778467875e-16 8.495573680490735569e+03
9.182218695359999216e-16 1.661924699874084178e-16 8.497173089471532876e+03
6.193428871346577034e-16 1.358740501012315001e-16 8.498772444437665399e+03
1.260595333611757910e-16 1.305524498099214987e-16 8.500371745379847198e+03
5.489844583139641328e-17 1.374372791733145875e-16 8.501970992289287096e+03
5.940784405022098227e-16 1.796645967923127637e-16 8.503570185157688684e+03
-5.839646110396161066e-16 2.406853407153532418e-16 8.505169323977246677e+03
6.067275291077749966e-16 2.457991006606591602e-16 8.506768408740656014e+03
1.376286751341549200e-15 1.937649857695348304e-16 8.508367439441102761e+03
5.572460161769305361e-16 1.398370681791288553e-16 8.509966416072282300e+03
-2.037185070070095445e-16 1.302300046365568884e-16 8.511565338628388417e+03
4.221331438882570877e-16 1.287360773623387072e-16 8.513164207104113302e+03
2.065906759684509546e-16 1.270200208272386061e-16 8.514763021494665736e+03
2.611285861155453869e-16 1.259597428417017834e-16 8.516361781795756542e+03
4.155272068202007708e-16 1.260022913602569519e-16 8.517960488003602222e+03
2.271755723905108238e-16 1.263637097053029330e-16 8.519559140114939510e+03
2.740156123578944630e-16 1.281948410895877820e-16 8.521157738127014454e+03
1.432770762719964909e-16 1.282630748448123749e-16 8.522756282037582423e+03
2.252580921328697399e-16 1.281837842580240104e-16 8.524354771844922652e+03
4.088813965021683566e-16 1.274664309113899664e-16 8.525953207547838247e+03
4.469065616943618241e-16 1.296952719242893414e-16 8.527551589145634352e+03
5.422536434121051578e-16 1.288659334177687439e-16 8.529149916638165450e+03
1.855448143974330835e-16 1.292225848441735053e-16 8.530748190025784425e+03
4.633428686606013790e-16 1.293309684149839833e-16 8.532346409309389855e+03
8.240630890953553758e-16 1.293367780134893939e-16 8.533944574490396917e+03
5.707177822290246645e-17 1.280113832780583732e-16 8.535542685570757385e+03
2.817925101350807266e-16 1.343318373700131962e-16 8.537140742552957818e+03
3.076396666289377337e-16 1.550491833561950885e-16 8.538738745440005005e+03
-1.006984829978265910e-16 1.593790397032221839e-16 8.540336694235458708e+03
9.641072098567518435e-16 1.410637351999973775e-16 8.541934588943411654e+03
6.287415471367843833e-17 1.189976099823031109e-16 8.543532429568485895e+03
2.416315474535459152e-16 1.199528184796989476e-16 8.545130216115861913e+03
1.622797963989543761e-16 1.324736815949306277e-16 8.546727948591251334e+03
4.540344230961969714e-17 1.719363787712226269e-16 8.548325627000918757e+03
-4.590316562269221295e-17 1.928692977280865036e-16 8.549923251351672661e+03
9.401950242496014693e-16 1.805778588855846632e-16 8.551520821650872676e+03
5.686891458672478770e-16 1.458214065445337561e-16 8.553118337906431407e+03
3.155782846340781971e-16 1.312148160442089305e-16 8.554715800126810791e+03
3.189609865251499309e-16 1.284293549343386854e-16 8.556313208321034836e+03
1.694419251919276856e-16 1.264155582885808866e-16 8.557910562498676882e+03
4.372303761395696676e-16 1.276592103351796592e-16 8.559507862669879614e+03
3.813283616515956516e-16 1.276709330741963386e-16 8.561105108845338691e+03
2.627543474977764831e-16 1.274812420731034353e-16 8.562702301036317294e+03
3.508049306865959363e-16 1.276204538335302213e-16 8.564299439254644312e+03
3.736599874083147337e-16 1.286762990404843991e-16 8.565896523512714339e+03
1.428365301896014647e-16 1.292024684573076646e-16 8.567493553823493130e+03
3.736767850746578718e-16 1.284933526358156984e-16 8.569090530200519424e+03
3.128255768695190976e-16 1.288128733422866256e-16 8.570687452657901304e+03
3.324572487066399003e-16 1.315613107114274012e-16 8.572284321210321650e+03
2.620401352992863722e-16 1.327225464658328862e-16 8.573881135873049061e+03
5.566587785814605382e-16 1.348802097029078058e-16 8.575477896661923296e+03
4.753504971998630108e-16 1.349115887591860556e-16 8.577074603593369829e+03
3.269740032503735504e-16 1.357756867200560303e-16 8.578671256684396212e+03
1.799855692046870516e-16 1.317141666275879407e-16 8.580267855952599348e+03
1.876965799251037929e-16 1.292982435713158523e-16 8.581864401416160035e+03
3.465707492647844882e-16 1.274313226851769776e-16 8.583460893093846607e+03
-9.725565690793331055e-17 1.282484914221162991e-16 8.585057331005025844e+03
3.633823143730353690e-16 1.329790636228182319e-16 8.586653715169653879e+03
8.843655264605018165e-17 1.464328236398957296e-16 8.588250045608283472e+03
3.655110898908718895e-16 1.512525000296489782e-16 8.589846322342069470e+03
3.652529645711113906e-16 1.436106348244177946e-16 8.591442545392757893e+03
3.467608984507154654e-16 1.333811459913190006e-16 8.593038714782709576e+03
2.985557422501788361e-16 1.312917434796606131e-16 8.594634830534876528e+03
1.956238383077862068e-16 1.441598078156724975e-16 8.596230892672825576e+03
8.929087952451114764e-16 1.592984062021136641e-16 8.597826901220731088e+03
-5.907071767550297413e-17 1.562912508068718010e-16 8.599422856203374977e+03
8.461309530217402090e-16 1.420620554945378972e-16 8.601018757646153972e+03
4.904818032990692637e-16 1.638108898431862661e-16 8.602614605575079622e+03
5.438372916918342013e-15 1.851955295606124857e-16 8.604210400016778294e+03
1.630921908548520522e-15 1.478498954681727466e-16 8.605806140998502087e+03
2.355398085327706156e-15 1.504107192806378452e-16 8.607401828548114281e+03
1.467916384602788081e-15 1.414794883969221062e-16 8.608997462694107526e+03
3.988771870386310497e-16 1.430196369512571338e-16 8.610593043465600203e+03
2.709362490449133870e-16 1.510819519892907598e-16 8.612188570892336429e+03
2.634422450135941316e-16 1.607255357121955971e-16 8.613784045004689688e+03
8.858565497995766655e-16 1.744703977091388150e-16 8.615379465833662834e+03
1.093307865489805388e-16 1.865081919824035381e-16 8.616974833410906285e+03
3.206618466949776825e-17 2.005796115942293348e-16 8.618570147768685274e+03
-5.521688051419529194e-17 2.144053336432449271e-16 8.620165408939919871e+03
-1.668264499408124953e-16 2.291145452566199132e-16 8.621760616958164974e+03
1.323870348689027649e-16 2.410333329623447062e-16 8.623355771857615764e+03
1.384097401551209796e-16 2.536418836868126574e-16 8.624950873673118622e+03
8.577938551886323975e-16 2.648417213135584896e-16 8.626545922440160211e+03
4.046695776315534064e-16 2.748855521320035150e-16 8.628140918194882033e+03
2.265209256722943922e-16 2.745287697525982027e-16 8.629735860974071329e+03
3.077486232736050481e-16 2.764555934204577589e-16 8.631330750815173815e+03
3.025608912549037636e-15 2.713620444438001710e-16 8.632925587756288223e+03
1.144990833136616807e-15 2.571581125609721108e-16 8.634520371836173581e+03
1.136881950797536492e-15 2.473006212555126406e-16 8.636115103094247388e+03
6.120006028354269849e-16 2.332624080452384496e-16 8.637709781570587438e+03
9.198465901163309222e-16 2.152916378113699762e-16 8.639304407305942732e+03
7.651995625031521595e-16 1.955843160008616796e-16 8.640898980341720744e+03
7.986968406133033804e-16 1.807540124669647446e-16 8.642493500720007432e+03
8.150879854663661516e-16 1.560252042316370229e-16 8.644087968483552686e+03
-1.611785221662493029e-16 1.466983657297653094e-16 8.645682383675783058e+03
3.312823552907169383e-16 1.623513814771187868e-16 8.647276746340798127e+03
-3.167165152685618117e-16 1.887646589722843965e-16 8.648871056523377774e+03
-1.633582608766202383e-18 2.200613398774818902e-16 8.650465314268985821e+03
4.635473520706513019e-16 2.368346087047715506e-16 8.652059519623766391e+03
-8.537923799878715652e-17 2.366091949869892777e-16 8.653653672634540271e+03
7.136800105148040109e-16 2.496067068028406039e-16 8.655247773348830378e+03
-1.770232555452800792e-16 2.590177467650968628e-16 8.656841821814834475e+03
1.260451654627804478e-15 2.510973347475004296e-16 8.658435818081452453e+03
-1.331103695313208742e-15 2.571881558322524271e-16 8.660029762198271783e+03
1.337116312411853270e-15 2.626344105596952687e-16 8.661623654215582064e+03
9.117494618654266777e-17 2.420734480807959597e-16 8.663217494184365933e+03
4.321853005076466714e-16 2.427305390821272572e-16 8.664811282156308152e+03
3.663929367375861865e-16 2.569906501942118279e-16 8.666405018183804714e+03
4.094848024927343425e-17 2.368041574527650927e-16 8.667998702319942822e+03
4.315512511983220702e-16 2.259663099836990033e-16 8.669592334618526365e+03
-2.051045840156916085e-17 2.405084535630824847e-16 8.671185915134068637e+03
1.661201547930110061e-16 2.246196274705617892e-16 8.672779443921799611e+03
7.164278244997116961e-16 2.014043761468768778e-16 8.674372921037651395e+03
-5.592839115146985042e-16 2.099886643336245465e-16 8.675966346538287326e+03
4.701927961978301076e-16 2.097298048810978245e-16 8.677559720481080149e+03
1.104450069711209478e-15 1.836799558725987536e-16 8.679153042924128385e+03
2.721500288163181947e-16 1.814535708978956998e-16 8.680746313926259973e+03
6.544398846767777153e-16 1.904794892277052566e-16 8.682339533547017709e+03
-5.228967809880208114e-17 1.760773528126862224e-16 8.683932701846682903e+03
1.886549347356034982e-16 1.554633190947374761e-16 8.685525818886268098e+03
5.096811152639917372e-16 1.582758751462718053e-16 8.687118884727507975e+03
-1.231905802504734990e-16 1.556888980036796740e-16 8.688711899432892096e+03
1.154725483862309688e-15 1.391881716059696709e-16 8.690304863065633981e+03
-2.863124612770002068e-16 1.330596804619336945e-16 8.691897775689687478e+03
4.833325347066363790e-16 1.420396294734566738e-16 8.693490637369763135e+03
3.254447345147943905e-16 1.454234114051775993e-16 8.695083448171300915e+03
7.754612038818646704e-16 1.370548832281744885e-16 8.696676208160501119e+03
3.035571661260743533e-16 1.348710220427919461e-16 8.698268917404308013e+03
3.028040565335979302e-16 1.431970111344704679e-16 8.699861575970420745e+03
6.031907399037317644e-16 1.445898014695380029e-16 8.701454183927293343e+03
1.536397570013268415e-16 1.388375776218981607e-16 8.703046741344140173e+03
1.570949471764079761e-16 1.328893300981566295e-16 8.704639248290930482e+03
1.597026280916525636e-16 1.361937911619537385e-16 8.706231704838399310e+03
2.290526419502684357e-16 1.406561038106337851e-16 8.707824111058047492e+03
6.633338867229117227e-16 1.396005637704162009e-16 8.709416467022141660e+03
6.211350146461325600e-16 1.315849321166318274e-16 8.711008772803717875e+03
5.094393500619507947e-16 1.270159248882785704e-16 8.712601028476590727e+03
1.987312733618113543e-16 1.246090693181324840e-16 8.714193234115336963e+03
2.453863419956641124e-16 1.236340647599320074e-16 8.715785389795326410e+03
4.629449611752484072e-16 1.242286281900291074e-16 8.717377495592696505e+03
3.462054383030543787e-16 1.245491393295797602e-16 8.718969551584368674e+03
4.932674522865860984e-16 1.242439378778268577e-16 8.720561557848057419e+03
2.036643573739240475e-16 1.238765851054232254e-16 8.722153514462253952e+03
7.500245409948549489e-16 1.237116205586103997e-16 8.723745421506248022e+03
2.386931584596160731e-16 1.245932721642496034e-16 8.725337279060116998e+03
6.602097008852756707e-16 1.262872217675379008e-16 8.726929087204731331e+03
-6.144192250676605253e-17 1.253984481256099470e-16 8.728520846021761827e+03
6.191926552702359632e-16 1.243511207843540784e-16 8.730112555593681464e+03
6.536758498348801334e-16 1.225459834621793634e-16 8.731704216003759939e+03
-2.854114936999118951e-17 1.220829160709775049e-16 8.733295827336074581e+03
5.363015977862094510e-16 1.223166175158119292e-16 8.734887389675513987e+03
-1.172561578739885352e-16 1.212535914959809236e-16 8.736478903107765291e+03
2.173937993048912193e-16 1.241298090641076664e-16 8.738070367719341448e+03
4.063002844040732354e-16 1.259814805517739940e-16 8.739661783597563044e+03
-1.945648978969576976e-16 1.277334191270385177e-16 8.741253150830572849e+03
2.702325453228868727e-16 1.293505150078518309e-16 8.742844469507326721e+03
-8.072753024218651838e-17 1.333937418129159327e-16 8.744435739717608158e+03
3.182262852429609984e-16 1.304877717705191775e-16 8.746026961552026478e+03
1.205489242062269593e-16 1.307109548489096272e-16 8.747618135102016822e+03
4.751934537055101244e-16 1.290014669703050055e-16 8.749209260459847428e+03
