5.211460227284951825e-15 1.260549451185928562e-15 3.364868001924930923e+03
3.235839838925374398e-15 1.251003873328282166e-15 3.365578899674807872e+03
8.042614375206065159e-17 1.247469794810538460e-15 3.366289808107636418e+03
2.399477612307395792e-15 1.238383900629832174e-15 3.367000727223412014e+03
4.828193855558426120e-15 1.229887223232891481e-15 3.367711657022128747e+03
3.780201655840579288e-15 1.220061076056590784e-15 3.368422597503781162e+03
6.639504292940423733e-15 1.218250857644706740e-15 3.369133548668363801e+03
3.424354409715862670e-15 1.214458244909092396e-15 3.369844510515871661e+03
3.817701410133642241e-16 1.201845413896545539e-15 3.370555483046299742e+03
3.545749724074190603e-15 1.188100702681906976e-15 3.371266466259641675e+03
1.988985477625818609e-15 1.180286555945562528e-15 3.371977460155893823e+03
6.956612111635493709e-15 1.175216018562295597e-15 3.372688464735048910e+03
2.777703099866313307e-15 1.159637087210565925e-15 3.373399479997103299e+03
6.005771829797980050e-15 1.159694738337423825e-15 3.374110505942050622e+03
3.414889637479823133e-15 1.155665961979878209e-15 3.374821542569886333e+03
3.305735464628616492e-15 1.132338216056638262e-15 3.375532589880604974e+03
3.208570036072431438e-16 1.133427517656331536e-15 3.376243647874200633e+03
1.737871492805052417e-15 1.114560413714656502e-15 3.376954716550667854e+03
4.862784137684901255e-15 1.115433975149987245e-15 3.377665795910002998e+03
4.091185965122911689e-15 1.108669323325523858e-15 3.378376885952199700e+03
5.088090074314046984e-15 1.090641547073157842e-15 3.379087986677253411e+03
2.421684142257871355e-15 1.078882835388542763e-15 3.379799098085156402e+03
3.073649886728437415e-15 1.072797008377913978e-15 3.380510220175907307e+03
5.155777304351233717e-15 1.066787929578294981e-15 3.381221352949498396e+03
6.711053052940084893e-16 1.066717187953110285e-15 3.381932496405924667e+03
1.906089320995410230e-15 1.036233403251355753e-15 3.384777177059880160e+03
4.336443976466566565e-15 1.029144464509732788e-15 3.385488373930405942e+03
3.264336839818938560e-15 1.015953000668694635e-15 3.386199581483736438e+03
7.321604505443003447e-15 1.012647914242062223e-15 3.386910799719864372e+03
3.891304164360969797e-15 1.015579624497789154e-15 3.387622028638787924e+03
-3.152625981197075270e-16 9.814132936856523251e-16 3.390467051142315540e+03
3.557127232736156935e-15 9.894389826040441926e-16 3.391178333475130785e+03
5.054376576377832866e-15 9.740794357950697798e-16 3.391889626490708451e+03
2.304001663413715956e-15 9.790896938686148574e-16 3.392600930189044902e+03
4.907297447685035167e-15 9.664458806735664268e-16 3.393312244570132862e+03
5.069785493739208494e-15 9.769363758007028085e-16 3.394023569633968691e+03
3.428071570220905727e-15 9.664199358788626822e-16 3.394734905380547389e+03
5.749450419786396482e-15 9.675994487867716522e-16 3.395446251809863497e+03
4.088193366030420429e-15 1.087968435184136201e-15 3.396157608921911560e+03
3.658560024004054457e-15 1.004586101577505793e-15 3.396868976716687030e+03
4.137019474663712952e-15 9.520116054767121643e-16 3.397580355194184449e+03
1.573448561392511688e-15 9.408327284173886791e-16 3.398291744354398361e+03
2.926117598445164962e-15 9.461268753843640191e-16 3.399003144197325128e+03
6.349089927974948306e-15 9.356068575229207535e-16 3.399714554722957928e+03
1.809595213025523490e-15 9.347995954718421605e-16 3.400425975931293578e+03
4.009345474285674998e-15 9.289047508101249466e-16 3.401137407822324349e+03
3.873357066318343584e-15 9.223641992647529381e-16 3.401848850396047055e+03
4.060792699089550948e-15 9.165585390622827325e-16 3.402560303652457151e+03
5.177405740174973125e-15 9.033927694923015134e-16 3.403271767591548269e+03
5.422230730925761030e-15 9.037897893196740074e-16 3.403983242213315862e+03
4.390699333266882309e-15 8.952019816721830428e-16 3.404694727517754473e+03
2.991700752502260818e-15 8.884838825721033503e-16 3.405406223504860463e+03
1.278030051734753028e-15 8.744090647662788686e-16 3.406117730174627013e+03
3.993926713496059164e-15 8.777049208980334812e-16 3.406829247527050029e+03
4.182068965195090747e-15 8.661155098983593946e-16 3.407540775562124509e+03
6.865898351816233218e-15 8.714322536541816320e-16 3.408252314279845450e+03
2.629718200017387669e-15 8.761732726923037771e-16 3.408963863680207851e+03
8.389590365709922405e-16 8.604746374793085835e-16 3.409675423763206709e+03
3.661537404123134963e-15 8.522776873919962042e-16 3.410386994528836112e+03
2.662090309069143124e-15 8.487953670610137497e-16 3.411098575977092878e+03
6.012285429047170959e-15 8.474028683499767211e-16 3.411810168107971549e+03
2.795589082483739507e-15 8.445114276386343463e-16 3.412521770921464849e+03
3.933627259073433646e-15 8.413897809709815653e-16 3.413233384417570505e+03
2.730272283541633705e-15 8.410764225701802267e-16 3.413945008596282605e+03
9.618267352111797288e-16 8.317967291728543183e-16 3.414656643457597056e+03
5.828599899620565109e-15 8.258399469153059946e-16 3.415368289001507037e+03
3.501880841915959596e-15 8.251842777342611688e-16 3.416079945228009819e+03
5.141786695203750229e-15 8.279741544752645794e-16 3.416791612137098127e+03
3.403899181215284501e-15 8.303339018753584509e-16 3.417503289728768323e+03
3.045802484435822712e-15 8.220394393273668476e-16 3.418214978003014949e+03
4.429971857949868185e-15 8.242647389733289299e-16 3.418926676959834367e+03
6.056247896497863187e-15 8.349914149908600872e-16 3.419638386599222031e+03
5.604936943086236536e-15 8.248794522850776123e-16 3.420350106921170209e+03
4.132407736342445667e-15 8.179771094827412016e-16 3.421061837925675263e+03
4.857646982651452330e-15 8.214146736583094314e-16 3.421773579612733556e+03
1.032132521441132724e-15 8.204482718324017730e-16 3.422485331982339630e+03
3.663729352576680232e-15 8.199463530478723866e-16 3.423197095034487575e+03
1.945730132678257855e-15 8.164017160654631489e-16 3.423908868769172841e+03
5.965314060333587932e-15 8.122676917852720070e-16 3.424620653186391792e+03
3.366110940062653711e-15 8.113948022476677327e-16 3.425332448286137151e+03
2.122376718021938957e-15 8.151903769604114203e-16 3.426044254068407099e+03
1.600885798623817984e-15 8.064195951858458383e-16 3.426756070533195270e+03
6.117987129774372733e-15 7.965197908590569159e-16 3.427467897680496208e+03
3.021221688534250985e-15 7.913436780828964077e-16 3.428179735510305363e+03
6.439752128394403179e-15 7.984464627035686464e-16 3.428891584022618190e+03
4.752222563886647542e-15 7.935905418769562217e-16 3.429603443217430140e+03
2.113589919946208078e-15 7.903556088370696250e-16 3.430315313094736211e+03
-2.949361027542156804e-16 7.843297553869698120e-16 3.431027193654530947e+03
4.966065622435061219e-15 7.853952839403697513e-16 3.431739084896810709e+03
6.042350170030300177e-15 7.832232463141004132e-16 3.432450986821569131e+03
3.223791587086439651e-15 7.763295368741888730e-16 3.433162899428802575e+03
6.550889512583460030e-16 7.799038087295957344e-16 3.433874822718506039e+03
2.563006704204051190e-15 7.694122892403114618e-16 3.434586756690674520e+03
2.373060574214366566e-15 7.690848078496954205e-16 3.435298701345303471e+03
5.627953053783971422e-15 7.634194814649412099e-16 3.436010656682387889e+03
3.362550179334773860e-15 7.568358643584049727e-16 3.436722622701923683e+03
5.016379598474656728e-15 7.557792131874045873e-16 3.437434599403904940e+03
3.797585235552028607e-15 7.648686055723533921e-16 3.438146586788327113e+03
2.518816923966809088e-15 7.520835254862087409e-16 3.438858584855184745e+03
6.931017471233048784e-15 7.457417072765269992e-16 3.439570593604476016e+03
4.563011719087781417e-15 7.451728002092723995e-16 3.440282613036193652e+03
2.031405445021018845e-15 7.397366664578234084e-16 3.440994643150332649e+03
5.780589703909886109e-15 7.358387170245939378e-16 3.441706683946889825e+03
1.727903883848312406e-15 7.325245455487541176e-16 3.442418735425859268e+03
6.454070111909106848e-15 7.298853093422885712e-16 3.443130797587236430e+03
4.818696797179879625e-15 7.235196713011230488e-16 3.443842870431017673e+03
4.259359823925047925e-16 7.389527111766820960e-16 3.444554953957196631e+03
5.942318328612711771e-15 7.221029261736110537e-16 3.448115531823905258e+03
7.531712316191896888e-15 7.215614211857184611e-16 3.448827679444376827e+03
1.723198951503925518e-15 7.211091377735867778e-16 3.449539837747213824e+03
5.600531587716703662e-15 7.182192097059393847e-16 3.450252006732412156e+03
4.679667071082037420e-15 7.154351020009564740e-16 3.450964186399965911e+03
3.576069587640721961e-15 7.080908217709369053e-16 3.451676376749871451e+03
4.438547391910534326e-15 7.118626880832601900e-16 3.452388577782123321e+03
1.798115100827645462e-15 7.098394728601266484e-16 3.453100789496718789e+03
2.855570744669439117e-15 7.032593175996773455e-16 3.453813011893650582e+03
5.868097990202317190e-15 7.018795211064783600e-16 3.454525244972915971e+03
2.300633074104261372e-15 7.076545148261890411e-16 3.455237488734509952e+03
4.057734237027183787e-15 7.032836386828230674e-16 3.455949743178427525e+03
1.957012974458393425e-15 6.985039765451900591e-16 3.456662008304663232e+03
3.987219811876847775e-15 7.002864737308254832e-16 3.457374284113213889e+03
4.954497038246545307e-15 6.969246925375363050e-16 3.458086570604074041e+03
5.056506781851000965e-15 7.623553677319606765e-16 3.458798867777240048e+03
4.218642766989595308e-15 7.028208443022084471e-16 3.459511175632706454e+03
1.556584687607559298e-15 6.902677889225263220e-16 3.460223494170468257e+03
6.604327396174419285e-15 7.074834384266518142e-16 3.460935823390521364e+03
2.835476087692841773e-15 6.899527534371404242e-16 3.461648163292862137e+03
3.489542589270793374e-15 6.827508740820115785e-16 3.462360513877484209e+03
4.434816652184854762e-15 6.792825011228422377e-16 3.463072875144383488e+03
5.783390269755171733e-15 6.756004517498767904e-16 3.463785247093556791e+03
4.409202217104192131e-15 6.752158407153169949e-16 3.464497629724997751e+03
2.398639675515847902e-15 6.643261587442588584e-16 3.467347267073354942e+03
4.348185373008157180e-15 6.645802742186024026e-16 3.468059703116069613e+03
4.840960838824498174e-15 6.525441902165585730e-16 3.468772149841025566e+03
4.533659843977681648e-15 6.519452117729447172e-16 3.469484607248217799e+03
4.248285444060382534e-15 6.486297257967719977e-16 3.470197075337642673e+03
3.547925627874679393e-15 6.472312957217310423e-16 3.470909554109294277e+03
2.462168976508444163e-15 6.488988276707080870e-16 3.471622043563168518e+03
5.021840940982401024e-15 6.469483865557870260e-16 3.472334543699261303e+03
4.726230110001113344e-15 6.450178468761455939e-16 3.473047054517568540e+03
4.862008260413091561e-15 6.436360633787553143e-16 3.473759576018084772e+03
4.180105622475321666e-15 6.448944884534019010e-16 3.474472108200806360e+03
3.733414061250673603e-15 6.509778356546019804e-16 3.475184651065727849e+03
5.134219907289158435e-15 6.412733581466729202e-16 3.475897204612845144e+03
3.382048519797140151e-15 6.400442577142704639e-16 3.476609768842154153e+03
3.631122018169792366e-15 6.409606702501070128e-16 3.477322343753649875e+03
3.696562200406779140e-15 6.404406586797009458e-16 3.478034929347327306e+03
3.399705963029259516e-15 6.370128332325274151e-16 3.480885378543775005e+03
5.150468306494002134e-15 6.382023864978214039e-16 3.481598017548298230e+03
3.533306737670024783e-15 6.328661086723804034e-16 3.482310667234976790e+03
3.879432753696631694e-15 6.357141627138546395e-16 3.483023327603807047e+03
3.655907527572673742e-15 6.301753571886152662e-16 3.483735998654784453e+03
5.332889480433682456e-15 6.327439484383254758e-16 3.484448680387902641e+03
4.519490345217089333e-15 6.308611634093989970e-16 3.485161372803159793e+03
3.496697994986382454e-15 6.269199409720181863e-16 3.485874075900550906e+03
3.683744661900319505e-15 6.215226921513719932e-16 3.486586789680070524e+03
5.152052529854517589e-15 6.217000696559733338e-16 3.487299514141714553e+03
2.877288304809216130e-15 6.166690701353115261e-16 3.488012249285478902e+03
1.572207334894974065e-15 6.134780023043097662e-16 3.488724995111359021e+03
3.617441614293603037e-15 6.150369122701852889e-16 3.489437751619350820e+03
5.840673299923797321e-15 6.124091545487411714e-16 3.490150518809449750e+03
5.195609414806884620e-15 6.085431219688619778e-16 3.490863296681650354e+03
3.343095574534137244e-15 6.083393276972520696e-16 3.491576085235950359e+03
5.963764178989641681e-15 6.084879609915253121e-16 3.492288884472343852e+03
4.501124697911206766e-15 6.055441408634210982e-16 3.493001694390827197e+03
3.216435838620394116e-15 6.032930399018492679e-16 3.493714514991394935e+03
2.541281253981926408e-15 6.036127798830200660e-16 3.494427346274042975e+03
3.392284995627109967e-15 6.037138249315582346e-16 3.495140188238768587e+03
4.260548934874083968e-15 6.007230160258210903e-16 3.495853040885565406e+03
4.994996404228264445e-15 6.032475511098520937e-16 3.496565904214430702e+03
7.203467362482790570e-15 5.966361255022538104e-16 3.497278778225358110e+03
1.352523246223776235e-15 5.963772051251797517e-16 3.497991662918346265e+03
1.969661953394996801e-15 5.914272880669236886e-16 3.498704558293387890e+03
3.859117739113642882e-15 5.902648333209955175e-16 3.499417464350480259e+03
3.769338610509283161e-15 5.850784236059854755e-16 3.500130381089618822e+03
2.982294880843227325e-15 5.722518233151674908e-16 3.502982154866543624e+03
2.316393609359923683e-15 5.651614445462772169e-16 3.503695125015846315e+03
3.455221360849323857e-15 5.655334889686406927e-16 3.504408105847170191e+03
6.209070474466190890e-15 5.623619016003251249e-16 3.505121097360509339e+03
2.099734673778677115e-15 5.562671879982544856e-16 3.505834099555860121e+03
3.564762173436399164e-15 5.562681121904044472e-16 3.506547112433218444e+03
4.267513786720576539e-15 5.568465300908993572e-16 3.507260135992579308e+03
2.441634746009881716e-15 5.599109651382899638e-16 3.507973170233939072e+03
4.878709618784236779e-15 5.565914185286983643e-16 3.508686215157292281e+03
3.773769192604651405e-15 5.537511542942918029e-16 3.509399270762636661e+03
4.335997553793804755e-15 5.526170286911451951e-16 3.510112337049966300e+03
5.803880090302507584e-15 5.536278848150809176e-16 3.510825414019278469e+03
5.406147574600477588e-15 5.550504550501668534e-16 3.511538501670567712e+03
4.900114940041638997e-15 5.524708800856257447e-16 3.512251600003829935e+03
1.599046858897080940e-15 5.517911740634518341e-16 3.512964709019060138e+03
5.067593729677139045e-15 5.553572031179994771e-16 3.513677828716256045e+03
2.855523898940425690e-15 5.587632436029173175e-16 3.514390959095412654e+03
6.145138800061090690e-15 5.540318419957818182e-16 3.515104100156524510e+03
2.022362813595638140e-15 5.529605821050933809e-16 3.515817251899588882e+03
4.532626623991994591e-15 5.524885888531601176e-16 3.516530414324600315e+03
3.546330121986535721e-15 5.485681970394266044e-16 3.517243587431556534e+03
4.494575097534344097e-15 5.423816956115657384e-16 3.517956771220451174e+03
3.432757484509324426e-15 5.439208884030198354e-16 3.518669965691280595e+03
5.219185557733277927e-15 5.380564347201014632e-16 3.519383170844041160e+03
6.753004812212491954e-15 5.350166817776350107e-16 3.520096386678728777e+03
3.251031831928773947e-15 5.299811830162852736e-16 3.520809613195337988e+03
3.025171820705966491e-15 5.285032478354826401e-16 3.521522850393866975e+03
5.161938724864831693e-15 5.275301498090318497e-16 3.522236098274309370e+03
3.673464282177392134e-15 5.269240277979992630e-16 3.522949356836661536e+03
4.670301992689001032e-15 5.273967267265772491e-16 3.523662626080918926e+03
5.468907549689552865e-15 5.233037048279562078e-16 3.524375906007079266e+03
2.289381219105144899e-15 5.151985597620969383e-16 3.525089196615136643e+03
4.525169453490475439e-15 5.210017000398682167e-16 3.525802497905086511e+03
5.356936595618511573e-15 5.117793307362714218e-16 3.526515809876926141e+03
3.751572448613637595e-15 5.120278759845465772e-16 3.527229132530650531e+03
4.423995719947962873e-15 5.092342115260176232e-16 3.527942465866256498e+03
3.687481732107655888e-15 5.115884655793143794e-16 3.528655809883738129e+03
2.663528938689758349e-15 5.101981124172674554e-16 3.529369164583092243e+03
3.757736177520253705e-15 5.101036162341229768e-16 3.530082529964315654e+03
5.683604606613270504e-15 5.087203186231676861e-16 3.530795906027402452e+03
4.714658239769006832e-15 5.151980147059768799e-16 3.531509292772350818e+03
2.612348322202402465e-15 5.141804587309109676e-16 3.532222690199153476e+03
3.069806163041987656e-15 5.134539815479514466e-16 3.532936098307809061e+03
4.007854620261997067e-15 5.127523529775847441e-16 3.533649517098311662e+03
4.208428271659284454e-15 5.128781263561247730e-16 3.534362946570659005e+03
3.415588072299798445e-15 5.132848503169689904e-16 3.535076386724845634e+03
3.734698321562442393e-15 5.140876699589096781e-16 3.535789837560867454e+03
2.988095969404656256e-15 5.169423559581408359e-16 3.536503299078720374e+03
3.971421594796542380e-15 5.185988903443667645e-16 3.537216771278402121e+03
5.599042677202929451e-15 5.172554302147229905e-16 3.537930254159904962e+03
2.619761961218640843e-15 5.139379992096797911e-16 3.538643747723227989e+03
4.338685184965079082e-15 5.185893594235812383e-16 3.539357251968365745e+03
4.739304109934146254e-15 5.171973529588258450e-16 3.540070766895315046e+03
3.883295940529281248e-15 5.161121110362635941e-16 3.540784292504071345e+03
4.043683369083831590e-15 5.171244664139805105e-16 3.541497828794631005e+03
4.027620918673253094e-15 5.153224764379900973e-16 3.542211375766987658e+03
5.481141534805325180e-15 5.106465297783238324e-16 3.542924933421140395e+03
5.017169423911001521e-15 5.111337583114031960e-16 3.543638501757083304e+03
3.581884699568461214e-15 5.064083098763129087e-16 3.544352080774812748e+03
5.521244206460301237e-15 5.056616418729802369e-16 3.545065670474325998e+03
4.792537652222621123e-15 5.046645383924353560e-16 3.545779270855616687e+03
3.204550277978495342e-15 5.040947658968272711e-16 3.546492881918682542e+03
4.307940494761128436e-15 5.024936141594674693e-16 3.547206503663518561e+03
3.418949820797565298e-15 5.030658872222879859e-16 3.547920136090120650e+03
3.776447600614282535e-15 4.997188236372486803e-16 3.548633779198486081e+03
5.605140872537457919e-15 5.002529453127917856e-16 3.549347432988609398e+03
3.031224778095943301e-15 4.991498880285766005e-16 3.550061097460487872e+03
6.337270924107031898e-15 5.011208074852942507e-16 3.550774772614116046e+03
5.966892562135622925e-15 5.020808826167157225e-16 3.551488458449490281e+03
3.969206205693095908e-15 5.054337569961468729e-16 3.552202154966608305e+03
2.520440362533352175e-15 5.193481394713393304e-16 3.552915862165464205e+03
3.972159714091645100e-15 5.062278521247680909e-16 3.553629580046053889e+03
4.953866129741885578e-15 5.061578839124755781e-16 3.554343308608375082e+03
4.202089860931516576e-15 5.058137066307706875e-16 3.555057047852422329e+03
2.770787628378422097e-15 5.058327297416075051e-16 3.555770797778191536e+03
3.172635511404120580e-15 5.018719808282659340e-16 3.556484558385680884e+03
5.928710360935508556e-15 5.058199261704045428e-16 3.557198329674882643e+03
3.520448251687901779e-15 5.015524947029328108e-16 3.557912111645796358e+03
2.316918396772494015e-15 4.985563384799730385e-16 3.558625904298417026e+03
3.632874715743094491e-15 4.945531560244246752e-16 3.559339707632739646e+03
5.277402337987889268e-15 4.924864329713022785e-16 3.560053521648761489e+03
4.427429927796362276e-15 4.917060607706651147e-16 3.560767346346478007e+03
3.845706793303631648e-15 4.911261147589443856e-16 3.561481181725885108e+03
3.168118894864195324e-15 4.882040615524520157e-16 3.562195027786979153e+03
3.213502997137781211e-15 4.846807700399250179e-16 3.562908884529756506e+03
5.086010215758425809e-15 4.845754942849866319e-16 3.563622751954213072e+03
2.650848902744291165e-15 4.826334596475726272e-16 3.564336630060343850e+03
5.004385572339168282e-15 4.804430267652132619e-16 3.565050518848147476e+03
3.981746756487560784e-15 4.799313057605024920e-16 3.565764418317617128e+03
4.327958269877878553e-15 4.772597766343024938e-16 3.566478328468750078e+03
3.618607700907183202e-15 4.797263241470666074e-16 3.567192249301543143e+03
2.763841962620819572e-15 4.958029522980240485e-16 3.567906180815991320e+03
2.764731354262813837e-15 4.721685298839971235e-16 3.568620123012091881e+03
4.329338710993408292e-15 4.736693418121772708e-16 3.569334075889839369e+03
4.761959357512514778e-15 4.703604395185644360e-16 3.570048039449231510e+03
4.112870802690601778e-15 4.683771333882611795e-16 3.570762013690263302e+03
3.240207396082415301e-15 4.685589957300308625e-16 3.571475998612931107e+03
3.498614928446241976e-15 4.691947315611093603e-16 3.572189994217230833e+03
4.488609776554606038e-15 4.647631335640116553e-16 3.572904000503159295e+03
3.489799804704874970e-15 4.609804757887286346e-16 3.573618017470712857e+03
2.477727882270735839e-15 4.599457686704475015e-16 3.574332045119885606e+03
4.728357240969274070e-15 4.618188217920000919e-16 3.575046083450676178e+03
4.046670299822462009e-15 4.557377463975676712e-16 3.575760132463080481e+03
2.758686054411848764e-15 4.526339509845436702e-16 3.576474192157092148e+03
4.150031981969991325e-15 4.502900933932972631e-16 3.577188262532709814e+03
2.656389218569977704e-15 4.511068788250631894e-16 3.577902343589928023e+03
2.830176181162289580e-15 4.467762574809476461e-16 3.578616435328744956e+03
3.589825547243806980e-15 4.437545323620765798e-16 3.579330537749155155e+03
5.039973655612606367e-15 4.431494126109075027e-16 3.580044650851154529e+03
4.995464225769543429e-15 4.413715557113499741e-16 3.580758774634740348e+03
3.719182202698229521e-15 4.394701377711083152e-16 3.581472909099908065e+03
1.110373898719315504e-15 4.382224284884637237e-16 3.582187054246654043e+03
4.858622200860692657e-15 4.405335646200239251e-16 3.582901210074976007e+03
4.447578504864250307e-15 4.358675579687456036e-16 3.583615376584866681e+03
2.446880307488653003e-15 4.356093609562086341e-16 3.584329553776326065e+03
3.616089629347555255e-15 4.304830630148763355e-16 3.585043741649346885e+03
4.258350396308958665e-15 4.307860292153355585e-16 3.585757940203928229e+03
3.403785919714898945e-15 4.354437652097135382e-16 3.586472149440064186e+03
2.942636179442662596e-15 4.327028314666541823e-16 3.587186369357752483e+03
4.767570953378967465e-15 4.325771703662489757e-16 3.587900599956989026e+03
2.542830653153717027e-15 4.370361485520702640e-16 3.588614841237769269e+03
3.357050115014572992e-15 4.373746224311592163e-16 3.589329093200089574e+03
2.273886159268580256e-15 4.361811502599014268e-16 3.590043355843946301e+03
3.881137014752708216e-15 4.376817256540927261e-16 3.590757629169336269e+03
5.825690968586801471e-15 4.422159804754526791e-16 3.591471913176255839e+03
2.159595179895118879e-15 4.370429223729586492e-16 3.592186207864700009e+03
5.434589330803156587e-15 4.355935871632684009e-16 3.592900513234665596e+03
3.664730905547256207e-15 4.381172419721596208e-16 3.593614829286148961e+03
2.735724281263353076e-15 4.354221032495589175e-16 3.594329156019146467e+03
4.145242789297910417e-15 4.371799805436229724e-16 3.595043493433654476e+03
3.052598595478193873e-15 4.338470980972099283e-16 3.595757841529667985e+03
4.691618740396362107e-15 4.374162073531718427e-16 3.596472200307184721e+03
5.640490427497473867e-15 4.365653664151953702e-16 3.597186569766201501e+03
1.832358088508154384e-15 4.290816277241870863e-16 3.597900949906712412e+03
3.149034625675848071e-15 4.317061818721996574e-16 3.598615340728715637e+03
3.179930217060256533e-15 4.258535370718694210e-16 3.599329742232205717e+03
4.760288432456199066e-15 4.252627200375985259e-16 3.600044154417180835e+03
2.605067548132899549e-15 4.247806179322287319e-16 3.600758577283635532e+03
3.920164439948235907e-15 4.218932879081861042e-16 3.601473010831567535e+03
4.386356148742287947e-15 4.205443880806838896e-16 3.602187455060972752e+03
2.692332242530257252e-15 4.158143440106651361e-16 3.602901909971846180e+03
3.767290767311605014e-15 4.158224600117941816e-16 3.603616375564185546e+03
3.292524561999267850e-15 4.111494690177445506e-16 3.604330851837987211e+03
2.278781625775517744e-15 4.081169920338455866e-16 3.605045338793246628e+03
3.612781446672606831e-15 4.078127122954596765e-16 3.605759836429961069e+03
4.638582868928526526e-15 4.074878629860676230e-16 3.606474344748125532e+03
3.102860614504930601e-15 4.098645771781477900e-16 3.607188863747737742e+03
5.117147874545818385e-15 4.140670656060865935e-16 3.607903393428793606e+03
3.340063352076356324e-15 4.169796474759467807e-16 3.608617933791287214e+03
3.861843338678145860e-15 4.192954276601036737e-16 3.609332484835219020e+03
3.895859350550914702e-15 4.210759952518719098e-16 3.610047046560582203e+03
4.539630476263060068e-15 4.249869388580242835e-16 3.610761618967373579e+03
3.834807004487947462e-15 4.241976711986655624e-16 3.611476202055591784e+03
4.659095691400353835e-15 4.266837810244201190e-16 3.612190795825230452e+03
2.423175019182887000e-15 4.262982676726967995e-16 3.612905400276286855e+03
4.061221305607836175e-15 4.286108880147468917e-16 3.613620015408757808e+03
4.920155130263652255e-15 4.303944786214721357e-16 3.614334641222638311e+03
2.881682142675728556e-15 4.272900478564851372e-16 3.615049277717925634e+03
3.981752785048694763e-15 4.259334585418718882e-16 3.615763924894617048e+03
3.466159666757107561e-15 4.231670043140739336e-16 3.616478582752707553e+03
4.528625167619252173e-15 4.223255831579494952e-16 3.617193251292194418e+03
1.552201687111359146e-15 4.216056587304862478e-16 3.617907930513073552e+03
4.819095565363362510e-15 4.177677597856610601e-16 3.618622620415340862e+03
4.041445813082112091e-15 4.107105869945882217e-16 3.619337320998993164e+03
3.703942935264370419e-15 4.112813052849918395e-16 3.620052032264027730e+03
3.019890711122177239e-15 4.084821576915443906e-16 3.620766754210438648e+03
4.897277973190922782e-15 4.111485856092396867e-16 3.621481486838224555e+03
3.269128206320272578e-15 4.058556426639362393e-16 3.622196230147381357e+03
3.492075438477246579e-15 4.044200041293160963e-16 3.622910984137905416e+03
2.804911935608393297e-15 4.049814914522002388e-16 3.623625748809792640e+03
3.912678243145667100e-15 4.064216527459281796e-16 3.624340524163038936e+03
2.939198797299138988e-15 4.067394078099400840e-16 3.625055310197642029e+03
3.983887099367691564e-15 4.054351619568172221e-16 3.625770106913598283e+03
5.146579404549448612e-15 4.057976486500313912e-16 3.626484914310902695e+03
4.341775344524310730e-15 4.080059551232476698e-16 3.627199732389552992e+03
2.875872269903294246e-15 4.099281983149283368e-16 3.627914561149545534e+03
2.163295613989298657e-15 8.823380409928987073e-16 3.628629400590876230e+03
4.733010008906171747e-15 4.432942337972556060e-16 3.629344250713541896e+03
3.946508269968125901e-15 4.061261485755023483e-16 3.630059111517538440e+03
3.321540829308520995e-15 4.015722259786762012e-16 3.630773983002862678e+03
3.680842548621640307e-15 3.982804261487580917e-16 3.631488865169511882e+03
3.610575908859829689e-15 3.992213093843997388e-16 3.632203758017480595e+03
3.578441324327795434e-15 3.998898008477154135e-16 3.632918661546766089e+03
3.373892562237831560e-15 3.999113609907004595e-16 3.633633575757365634e+03
5.856510580315715620e-15 4.017341498335686548e-16 3.634348500649275593e+03
2.872830852242187267e-15 3.977396222523725675e-16 3.635063436222491418e+03
2.342077755341577557e-15 4.010630924752223112e-16 3.635778382477010382e+03
3.257232164606769683e-15 4.030883303918434457e-16 3.636493339412827936e+03
4.705549391962301188e-15 4.216959882525536429e-16 3.637208307029942262e+03
5.369317355922018191e-15 4.062697854707617501e-16 3.637923285328347902e+03
3.554073103745107700e-15 4.015830189595894546e-16 3.638638274308043037e+03
4.304504830132155847e-15 3.995161695850779298e-16 3.639353273969022666e+03
2.821038594445399269e-15 4.001162461665779266e-16 3.640068284311284515e+03
3.406522279607253733e-15 4.035628099205816070e-16 3.640783305334824036e+03
5.490243577733547394e-15 4.026397426479985573e-16 3.641498337039639409e+03
4.193240670920050203e-15 4.006039582210288946e-16 3.642213379425726089e+03
4.377434045842041843e-15 4.018855646853190643e-16 3.642928432493079526e+03
3.330007967277155294e-15 3.987300287072662879e-16 3.643643496241697449e+03
3.424246492767987703e-15 3.976111156045615137e-16 3.644358570671575762e+03
3.267649652302315224e-15 3.952406597739002555e-16 3.645073655782712194e+03
5.418283430059633479e-15 3.983620766691729757e-16 3.645788751575101742e+03
2.109820052563944301e-15 3.908126805910261221e-16 3.646503858048742131e+03
2.677639150288567701e-15 3.905643045325318684e-16 3.647218975203629270e+03
4.084769266840873625e-15 3.878319271464227614e-16 3.647934103039759520e+03
4.940635515704359477e-15 3.866899126541289198e-16 3.648649241557129699e+03
3.019163076404741352e-15 3.838368272055643433e-16 3.649364390755736167e+03
4.319367775402850184e-15 3.819794043441123537e-16 3.650079550635575288e+03
4.874714405807219946e-15 3.796109663860985660e-16 3.650794721196644787e+03
2.703772494321708302e-15 3.796702742391706895e-16 3.651509902438939662e+03
3.689881188936742210e-15 3.781126464954842561e-16 3.652225094362457639e+03
4.193514677332911494e-15 3.741305246750604834e-16 3.652940296967194172e+03
3.788761384649110928e-15 3.745106887504323152e-16 3.653655510253147440e+03
2.911641476508138606e-15 3.741119100938610175e-16 3.654370734220311533e+03
3.582374110260275900e-15 3.708584702632304148e-16 3.655085968868685086e+03
4.234348339634082304e-15 3.729740923212018920e-16 3.655801214198263551e+03
3.335707244015209342e-15 3.734125338377478332e-16 3.656516470209046020e+03
2.918319421991984388e-15 3.698188062527489635e-16 3.657231736901025215e+03
4.426052076836129596e-15 3.711747136289485681e-16 3.657947014274199319e+03
4.215693892150518215e-15 3.728782941612459775e-16 3.658662302328566057e+03
3.377341783400751600e-15 3.697018953788885381e-16 3.659377601064120881e+03
4.084057616783254766e-15 3.673276386292424804e-16 3.660092910480860155e+03
2.536548727651893986e-15 3.698460456086535267e-16 3.660808230578781149e+03
3.105642098754681426e-15 3.667228671740403050e-16 3.661523561357880226e+03
4.448217082468511495e-15 3.684245959187492594e-16 3.662238902818154202e+03
5.063246658772054575e-15 3.689360277342742955e-16 3.662954254959598984e+03
2.727079621100013876e-15 3.677574025199356081e-16 3.663669617782212299e+03
3.114275269322991540e-15 3.664902299887050139e-16 3.664384991285990509e+03
3.294514698582554516e-15 3.664447802828592631e-16 3.665100375470928157e+03
3.506501720269526722e-15 3.624274237470168976e-16 3.665815770337024787e+03
3.457448234234224051e-15 3.657059730138403927e-16 3.666531175884274489e+03
4.973635682211437525e-15 3.648584498942399423e-16 3.667246592112677263e+03
3.957618808557686186e-15 3.592950633984459047e-16 3.667962019022225832e+03
4.563466684319383220e-15 3.620480355244644057e-16 3.668677456612919286e+03
3.494179022117974474e-15 3.621697299267226863e-16 3.669392904884753534e+03
3.202687358768446984e-15 3.592123055415980776e-16 3.670108363837725392e+03
2.947568339349389131e-15 3.585744201080591724e-16 3.670823833471831676e+03
4.275362561783259174e-15 3.574860262003886289e-16 3.671539313787067385e+03
4.447060008904172929e-15 3.553201638148327735e-16 3.672254804783431609e+03
3.048205367265250703e-15 3.540007506434944460e-16 3.672970306460919346e+03
4.035555612833102085e-15 3.527160148916740327e-16 3.673685818819527867e+03
4.271324861274654138e-15 3.515430234139286260e-16 3.674401341859253989e+03
2.859318599475060342e-15 3.492479371644024799e-16 3.675116875580094529e+03
3.604293954139738622e-15 3.478961283616290836e-16 3.675832419982045394e+03
4.015401887301973612e-15 3.460444312419926075e-16 3.676547975065103856e+03
3.540388514915114424e-15 3.451192015804928039e-16 3.677263540829266731e+03
4.089999693017809338e-15 3.434333158483482514e-16 3.677979117274529017e+03
4.669608732787878611e-15 3.429422778050191249e-16 3.678694704400889805e+03
4.654753096153710247e-15 3.411590373394452912e-16 3.679410302208344547e+03
3.434743807893573731e-15 3.413651561008087005e-16 3.680125910696890060e+03
3.647406645174000284e-15 3.410046446870345930e-16 3.680841529866522251e+03
2.840096345914518567e-15 3.397053224356906845e-16 3.681557159717239301e+03
4.719872789794062542e-15 3.406294196964923055e-16 3.682272800249037118e+03
4.047634141720787954e-15 3.379887636790512025e-16 3.682988451461912518e+03
3.506039643621512245e-15 3.397372211127158993e-16 3.683704113355862319e+03
2.899738442115543061e-15 3.360080751125938335e-16 3.684419785930882426e+03
3.331129758665428194e-15 3.359713719714773080e-16 3.685135469186970568e+03
4.233026132406930568e-15 3.379222679763350824e-16 3.685851163124123104e+03
2.576099150403665989e-15 3.382094045846138873e-16 3.686566867742336854e+03
4.047151282426051063e-15 3.373683720503458274e-16 3.687282583041608632e+03
4.863220595313946977e-15 3.351279735517755292e-16 3.687998309021933892e+03
4.725640142726260674e-15 3.353459680484282818e-16 3.688714045683311269e+03
4.301243386715436254e-15 3.369421271442302102e-16 3.689429793025736217e+03
3.025358956059561788e-15 3.355401160880466630e-16 3.690145551049206915e+03
3.301452684574540043e-15 3.352545982837417749e-16 3.690861319753717453e+03
4.956556661180257430e-15 3.342090606358861650e-16 3.691577099139267375e+03
4.115322120471373970e-15 3.355602981843584987e-16 3.692292889205851225e+03
4.188709986648045784e-15 3.376058265647172803e-16 3.693008689953468092e+03
2.462117758761093820e-15 3.363964504478605457e-16 3.693724501382111612e+03
4.634161615101257451e-15 3.339616388346190958e-16 3.694440323491781328e+03
4.591597232307171638e-15 3.358514120978107222e-16 3.695156156282473148e+03
4.160728189517918814e-15 3.364857768545866878e-16 3.695871999754182980e+03
3.162526411718185981e-15 3.374875801341816697e-16 3.696587853906908549e+03
3.520298090595477550e-15 3.379590938272454459e-16 3.697303718740646218e+03
4.600594422545914535e-15 3.373914964765343981e-16 3.698019594255393258e+03
4.729034494200122879e-15 3.373329247797335843e-16 3.698735480451146032e+03
5.492146836585273272e-15 3.377005377915227062e-16 3.699451377327900900e+03
3.071833865109368225e-15 3.340199342563616448e-16 3.700167284885655590e+03
4.050173179237680635e-15 3.251854240863853279e-16 3.704462954532987169e+03
2.951307327073635586e-15 3.239301669941869131e-16 3.707326947917453253e+03
4.375105460568988252e-15 3.227157722613565283e-16 3.708042972965988611e+03
4.689852506428446269e-15 3.234382954809413248e-16 3.708759008695483772e+03
3.622543854897040229e-15 3.223721980977450519e-16 3.709475055105936917e+03
4.837741762726517144e-15 3.224880276544961900e-16 3.710191112197345319e+03
3.979965836795626318e-15 3.226305732280836335e-16 3.710907179969703975e+03
2.533230078483235771e-15 3.228818197195421992e-16 3.711623258423011066e+03
4.352730553887552225e-15 3.229853379982972533e-16 3.712339347557263864e+03
4.590422662445964671e-15 3.216023011103951075e-16 3.713055447372457820e+03
1.135254674723160511e-15 3.228038871627993152e-16 3.713771557868591117e+03
4.525941102975372055e-15 3.202538426728773644e-16 3.714487679045660116e+03
3.641636232374636625e-15 3.175851037719587750e-16 3.715203810903660269e+03
5.782286694782840925e-15 3.190186219063775901e-16 3.715919953442590668e+03
3.116876086747595699e-15 3.182972871710586700e-16 3.716636106662445854e+03
4.062195451859321144e-15 3.157441359587667275e-16 3.717352270563224920e+03
4.155710206055884600e-15 3.141638786364496384e-16 3.718068445144924681e+03
4.328514460931322665e-15 3.124919337525439506e-16 3.718784630407539225e+03
4.056479785357417136e-15 3.115794896856697635e-16 3.719500826351068099e+03
4.142343212439858024e-15 3.066664791105475006e-16 3.720217032975508118e+03
4.130125922476566360e-15 3.060203196677002642e-16 3.720933250280853827e+03
4.342174171169896648e-15 3.066749101230969273e-16 3.721649478267104314e+03
2.934128044878847699e-15 3.059234013100586216e-16 3.722365716934256852e+03
3.484772844357377245e-15 3.053907984030208843e-16 3.723081966282305984e+03
4.354975277924857685e-15 3.039834012283208601e-16 3.723798226311249891e+03
3.926875561823258350e-15 3.019288400075766335e-16 3.724514497021085845e+03
4.620661031060865114e-15 3.052179602985887634e-16 3.725230778411810206e+03
4.297904533285305762e-15 3.041215226786220425e-16 3.725947070483420248e+03
4.169943340259299627e-15 3.041869388533445529e-16 3.726663373235911877e+03
3.366606406226743737e-15 3.038043719280163615e-16 3.727379686669283728e+03
4.968566989691790411e-15 3.030315674087091500e-16 3.728096010783530801e+03
2.778242441361487061e-15 3.000142825636740773e-16 3.728812345578650820e+03
4.556795897000518281e-15 3.015981565824660661e-16 3.729528691054641058e+03
4.130301576570175365e-15 3.003585515484537183e-16 3.730245047211498331e+03
4.073532320236229255e-15 2.979375248511881129e-16 3.730961414049218547e+03
6.151881615541553596e-15 2.980647556284902533e-16 3.731677791567800796e+03
7.138006143403893100e-15 2.975578179710142486e-16 3.732394179767240075e+03
6.973145696796778332e-15 2.976692124018788251e-16 3.733110578647532748e+03
8.249716475574883289e-15 2.984775463607264579e-16 3.733826988208678358e+03
8.730418262174199945e-15 2.969626700449317521e-16 3.734543408450671450e+03
8.917257132593334269e-15 3.043845506292830187e-16 3.735259839373509749e+03
9.955065249657247365e-15 3.256575631497478440e-16 3.735976280977190982e+03
9.002568008078004532e-15 3.007100032712128136e-16 3.736692733261711055e+03
8.225336604579680197e-15 2.977973748197402607e-16 3.737409196227067241e+03
8.437940576497870843e-15 2.986063151798483623e-16 3.738125669873256356e+03
9.240920261193669848e-15 3.005274406913822425e-16 3.738842154200275218e+03
8.411491029071152916e-15 2.989478892715300866e-16 3.739558649208122006e+03
7.278759851797825833e-15 3.000212352497523928e-16 3.740275154896791719e+03
8.978480512767734868e-15 3.000956259708016487e-16 3.740991671266282083e+03
8.837668165393071469e-15 2.978263367342581118e-16 3.741708198316590369e+03
7.859315299069102459e-15 2.983572123719267947e-16 3.742424736047714759e+03
8.264381140787396179e-15 2.970318265587741934e-16 3.743141284459649341e+03
5.941892993224377694e-15 2.975993895263307921e-16 3.743857843552392751e+03
7.410276461516027396e-15 2.936914732589146870e-16 3.744574413325942260e+03
7.046928521983612615e-15 2.952825354607026326e-16 3.745290993780294230e+03
7.595737113417758383e-15 2.963275497272378550e-16 3.746007584915446387e+03
7.563760352706164855e-15 2.925362785966828085e-16 3.746724186731394184e+03
5.454345073629605104e-15 2.901601945164371693e-16 3.747440799228136257e+03
4.430755972237917306e-15 2.859700001304219696e-16 3.748157422405668967e+03
3.929191857984261510e-15 2.843229727199544481e-16 3.748874056263989587e+03
3.541548250350078770e-15 2.836337618056933423e-16 3.749590700803093114e+03
5.593789207314565888e-15 2.780337430903860853e-16 3.752457385767298092e+03
4.098354517777619481e-15 2.744826768649832280e-16 3.753174083710280229e+03
3.702694210029638543e-15 2.742718693607617276e-16 3.753890792334028902e+03
4.212297381247792483e-15 2.737654449114058332e-16 3.754607511638541837e+03
3.889605555133503390e-15 2.734685159291201825e-16 3.755324241623814487e+03
3.558326241198521368e-15 2.729148065351007443e-16 3.756040982289845488e+03
5.019942142979676426e-15 2.714765732876953647e-16 3.756757733636630292e+03
3.407831912213728737e-15 2.727706417489643102e-16 3.757474495664167989e+03
4.256311608845650015e-15 2.710493719678452813e-16 3.758191268372453578e+03
4.666228480731164776e-15 2.720950108344198757e-16 3.758908051761484330e+03
4.397223211190901798e-15 2.685733777461571203e-16 3.759624845831258426e+03
3.718844760538645496e-15 2.710391966895968900e-16 3.760341650581772683e+03
4.294608851076452764e-15 2.700220734660256728e-16 3.761058466013023462e+03
4.732038519191856716e-15 2.689677808810132357e-16 3.761775292125008036e+03
4.881042125182090141e-15 2.697453185609485472e-16 3.762492128917723676e+03
4.178047325263601626e-15 2.698009886380516499e-16 3.763208976391167198e+03
3.990260291875614844e-15 2.693574803766791721e-16 3.763925834545335420e+03
3.695918290633002328e-15 2.692854378743107195e-16 3.764642703380225612e+03
4.428368870169986922e-15 2.686299149309450434e-16 3.765359582895836411e+03
3.842005398902197031e-15 2.676613127872482222e-16 3.766076473092161905e+03
5.073885174076647164e-15 2.676493502663173109e-16 3.766793373969200729e+03
4.483434960189812810e-15 2.655520118975581467e-16 3.767510285526950611e+03
5.085965678268745423e-15 2.665876558366388450e-16 3.768227207765407456e+03
4.614584166461522771e-15 2.611654857060970566e-16 3.768944140684567628e+03
4.164046557109570371e-15 2.636135761156202614e-16 3.769661084284430217e+03
4.682797765583233163e-15 2.621149801642526970e-16 3.770378038564992494e+03
5.664181717851007365e-15 2.597296695698224558e-16 3.771095003526249457e+03
4.758186250746766498e-15 2.588742449379498073e-16 3.771811979168199741e+03
4.603997634866103779e-15 2.590740165868314323e-16 3.772528965490837891e+03
5.285126456150181093e-15 2.599238544108448904e-16 3.773245962494164814e+03
4.224405623577049885e-15 2.602526826112607930e-16 3.773962970178175055e+03
4.936848120986506935e-15 2.604448014919086547e-16 3.774679988542865885e+03
4.384729575649319137e-15 2.619534310078886980e-16 3.775397017588236849e+03
5.299366160945392076e-15 2.606663572161583490e-16 3.776114057314282036e+03
3.853996658024744081e-15 2.606553045752841286e-16 3.776831107720999626e+03
4.846642366972682941e-15 2.613996569471247442e-16 3.777548168808386890e+03
4.003175495290123045e-15 2.581460698030032207e-16 3.778265240576440192e+03
4.805674453311187480e-15 2.596197860248296192e-16 3.778982323025157712e+03
4.751456421058622892e-15 2.584020894493884855e-16 3.779699416154535356e+03
4.456790897107890992e-15 2.577985613625298553e-16 3.780416519964572217e+03
3.751145692555510378e-15 2.568018574567648142e-16 3.781133634455263291e+03
4.576611945137468948e-15 2.547722609492903481e-16 3.781850759626607214e+03
5.129758263237014475e-15 2.548801577218476875e-16 3.782567895478598984e+03
4.023863178043370243e-15 2.543162983539025706e-16 3.783285042011239057e+03
3.831712223833466897e-15 2.507031097687424116e-16 3.784002199224521519e+03
4.600950103836415106e-15 2.511063658329530684e-16 3.784719367118445007e+03
4.598783241229225508e-15 2.494001030370795302e-16 3.785436545693007247e+03
4.640984816633440487e-15 2.501319329413390615e-16 3.786153734948203237e+03
4.348245663962380087e-15 2.487713343049743496e-16 3.786870934884031612e+03
4.809370363808384803e-15 2.472340506751693216e-16 3.787588145500489190e+03
4.892108504863441081e-15 2.465768628843874922e-16 3.788305366797573697e+03
5.289378725817578013e-15 2.455589702774543894e-16 3.789022598775281494e+03
5.545983133137594530e-15 2.472858381579271340e-16 3.789739841433609854e+03
5.443772016918621875e-15 2.463672597374042266e-16 3.790457094772556957e+03
4.787354685508931961e-15 2.461231277613348985e-16 3.791174358792118255e+03
6.082256074289298910e-15 2.474745526451129108e-16 3.791891633492291476e+03
6.029605421546627094e-15 2.461830947046177627e-16 3.792608918873074799e+03
5.068723371943572857e-15 2.452876684513957984e-16 3.793326214934464133e+03
5.881918613137546920e-15 2.458917377257208835e-16 3.794043521676457658e+03
6.062056464493983185e-15 2.450113127366492705e-16 3.794760839099051736e+03
5.387264476021080930e-15 2.452961396054623284e-16 3.795478167202243640e+03
5.601360371687017602e-15 2.449954599775121061e-16 3.796195505986031549e+03
6.055108973811956625e-15 2.466012389592906431e-16 3.796912855450411826e+03
6.038468338470046861e-15 2.456709048621244106e-16 3.797630215595379923e+03
5.665531851214382777e-15 2.443336609827249518e-16 3.798347586420936295e+03
5.476704611037064144e-15 2.440017113905610193e-16 3.799064967927076395e+03
6.107943412801593539e-15 2.428785119666310122e-16 3.799782360113797495e+03
6.219927546642088647e-15 2.416300958659925458e-16 3.800499762981097774e+03
5.252488074146043705e-15 2.409787714893047987e-16 3.801217176528972232e+03
5.244363451925873003e-15 2.389431263574749744e-16 3.801934600757420412e+03
5.153237810066394177e-15 2.383552128154463619e-16 3.802652035666437769e+03
5.181399251872385301e-15 2.371503942252737525e-16 3.803369481256023391e+03
5.032057079022387261e-15 2.362228895419785754e-16 3.804086937526172278e+03
4.819330245107606262e-15 2.364178113914022361e-16 3.804804404476883974e+03
4.154360432391815067e-15 2.349177466645792822e-16 3.805521882108153022e+03
4.572605630182023307e-15 2.376624411810657888e-16 3.806239370419978513e+03
4.960033528975937468e-15 2.358272312285100324e-16 3.806956869412357719e+03
5.377890843810386862e-15 2.344447639541219989e-16 3.807674379085287001e+03
4.957188786156626100e-15 2.339200393326157416e-16 3.808391899438763176e+03
3.604941422835479569e-15 2.337156286735729640e-16 3.809109430472784879e+03
3.975187672952634028e-15 2.344746640447854778e-16 3.809826972187349384e+03
2.727252674494279224e-15 2.319105902917886520e-16 3.810544524582453505e+03
5.240786261556683275e-15 2.319839291729534023e-16 3.811262087658092241e+03
4.795857214315362118e-15 2.326541924350768247e-16 3.811979661414265593e+03
4.130914423701358145e-15 2.314814349650464652e-16 3.812697245850970830e+03
4.574469440759813136e-15 2.322954152224477166e-16 3.813414840968203407e+03
5.312834922605496235e-15 2.312133937701098339e-16 3.814132446765961504e+03
4.724327836742034032e-15 2.316420867850420713e-16 3.814850063244242847e+03
5.908396621220128145e-15 2.313433823382180001e-16 3.815567690403044708e+03
4.911864838686023600e-15 2.317863293511275759e-16 3.816285328242362539e+03
4.935065020678270546e-15 2.312964819500420442e-16 3.817002976762196340e+03
5.976749652765439470e-15 2.295656762475493449e-16 3.817720635962540655e+03
6.251983320615046124e-15 2.293804639426764236e-16 3.818438305843395028e+03
5.997551522398070419e-15 2.291375862699795814e-16 3.819155986404754913e+03
5.639058366929720290e-15 2.291464309217723202e-16 3.819873677646618944e+03
5.785363761225394357e-15 2.306114540411462243e-16 3.820591379568983939e+03
6.497681938099903033e-15 2.291394327589074678e-16 3.821309092171845805e+03
5.909196419435127974e-15 2.290823585196873613e-16 3.822026815455204087e+03
6.379147790178125516e-15 2.282329571772413304e-16 3.822744549419055147e+03
6.359572991587784885e-15 2.283036109199031488e-16 3.823462294063396257e+03
6.366802331748425406e-15 2.291152551722715234e-16 3.824180049388224688e+03
6.826130763654392039e-15 2.297105519405447650e-16 3.824897815393536348e+03
6.033857816110776299e-15 2.311553517289935235e-16 3.825615592079330781e+03
5.981058304124674136e-15 2.287369217775849053e-16 3.826333379445604351e+03
6.490774892155867974e-15 2.315493288733485672e-16 3.827051177492354327e+03
6.043081788066045218e-15 2.300763447589917037e-16 3.827768986219577528e+03
6.250626107362290796e-15 2.303720761813374533e-16 3.828486805627271679e+03
6.447228936932425858e-15 2.318723827592884466e-16 3.829204635715434961e+03
5.619681515314331450e-15 2.307676532660045277e-16 3.829922476484063736e+03
5.428370291668662719e-15 2.291870050090921442e-16 3.830640327933154367e+03
6.483073266447835917e-15 2.274324753411817281e-16 3.831358190062705944e+03
5.870171968198637830e-15 2.270507235150746383e-16 3.832076062872714829e+03
5.802743807038774134e-15 2.268609513758813733e-16 3.832793946363178293e+03
6.525378619526935690e-15 2.248981873808107071e-16 3.833511840534094517e+03
5.440774323637523094e-15 2.247483740777551899e-16 3.834229745385459864e+03
6.574535882705902250e-15 2.240909047981460186e-16 3.834947660917271151e+03
5.324209757408805544e-15 2.219127823983713038e-16 3.837819429848933396e+03
5.575018840173691226e-15 2.242700020579231309e-16 3.838537398782938908e+03
5.388474061497058251e-15 2.223765671122282269e-16 3.839255378397375807e+03
4.959063948114544973e-15 2.228543086731538304e-16 3.839973368692240001e+03
4.516374411009830762e-15 2.200964959753115890e-16 3.840691369667530125e+03
5.383841380078662925e-15 2.220706862949800128e-16 3.841409381323242087e+03
4.709031421172179919e-15 2.202810186301924067e-16 3.842127403659375886e+03
4.878564949722153755e-15 2.194354321270382796e-16 3.842845436675925612e+03
5.233114131788033306e-15 2.191335578310794230e-16 3.843563480372890808e+03
4.549176700459516309e-15 2.182433920101341440e-16 3.844281534750267383e+03
3.964615122691535241e-15 2.194148089544974199e-16 3.844999599808053972e+03
4.225344847723879967e-15 2.171978627422306612e-16 3.845717675546247847e+03
4.354072067759591435e-15 2.205683950543502935e-16 3.846435761964845369e+03
4.018803556800086609e-15 2.194218637540541371e-16 3.847153859063844720e+03
4.187147972788708280e-15 2.146532392281595385e-16 3.847871966843243172e+03
5.602132110422277827e-15 2.156193362146151632e-16 3.848590085303037995e+03
3.734358259537603382e-15 2.133061823344611689e-16 3.849308214443226461e+03
4.768645942646531931e-15 2.126526324120038071e-16 3.850026354263805388e+03
4.801652943661753974e-15 2.132843103917187429e-16 3.850744504764773410e+03
4.401626137048554626e-15 2.119034843842366645e-16 3.851462665946126890e+03
4.938932424598335226e-15 2.118390889088836843e-16 3.852180837807864009e+03
4.876881567322046184e-15 2.106291428357508759e-16 3.852899020349981583e+03
5.824311832464199359e-15 2.103382344072440037e-16 3.853617213572477340e+03
5.499232131146044929e-15 2.105767618840852404e-16 3.854335417475347640e+03
5.078282942092065845e-15 2.104264308685523009e-16 3.855053632058590665e+03
5.930714163202817603e-15 2.083542120478883380e-16 3.855771857322204596e+03
5.309692424812211721e-15 2.078599839178194510e-16 3.856490093266185795e+03
5.669917849063638705e-15 2.080009638676490653e-16 3.857208339890531988e+03
6.645047186956287369e-15 2.057917217277161416e-16 3.857926597195240902e+03
6.733070134152277002e-15 2.059487423852936620e-16 3.858644865180308443e+03
5.817073997824727636e-15 2.044026783039018098e-16 3.859363143845734157e+03
6.226579255740079753e-15 2.038276362769935210e-16 3.860081433191514407e+03
6.607126317508688526e-15 2.034305698521538636e-16 3.860799733217645553e+03
7.087743483954560939e-15 2.034949407812463537e-16 3.861518043924126687e+03
6.124678282176949501e-15 2.019976800575388265e-16 3.862236365310955080e+03
6.765802507096324447e-15 2.024425185140680051e-16 3.862954697378127094e+03
6.663785581619294153e-15 2.018341004089070307e-16 3.863673040125640910e+03
6.906651782709207093e-15 2.042094817694136438e-16 3.864391393553493344e+03
6.416725226819016724e-15 2.291953416616056383e-16 3.865109757661683034e+03
6.958787450108172635e-15 2.023156538400430692e-16 3.865828132450205885e+03
6.262065669153867399e-15 1.993847169100676887e-16 3.866546517919060534e+03
6.188089812835445324e-15 1.984048611807795922e-16 3.867264914068243343e+03
6.972242010290479395e-15 1.987098567409641798e-16 3.867983320897753401e+03
6.252592131568294639e-15 1.999243386680504029e-16 3.868701738407587072e+03
6.847017144268446191e-15 1.991790778041679107e-16 3.869420166597740717e+03
6.786824932628175309e-15 1.984302472402165241e-16 3.870138605468213427e+03
6.951579932877819860e-15 1.985330561963419381e-16 3.870857055019002019e+03
6.677618913695941162e-15 1.978699434810911806e-16 3.871575515250104218e+03
6.658342354616509083e-15 1.974465932183739951e-16 3.872293986161516841e+03
7.024552764488137762e-15 1.982361905204416770e-16 3.873012467753238525e+03
7.407465950224180448e-15 1.968513144574325566e-16 3.873730960025265631e+03
6.886619894225444190e-15 1.960029927855677793e-16 3.874449462977595431e+03
7.115657243845401727e-15 1.945336894070199913e-16 3.875167976610225651e+03
6.978013253814638838e-15 1.942078455207884646e-16 3.875886500923154927e+03
7.598109949378306541e-15 1.938746418196352619e-16 3.876605035916379165e+03
7.213303971183261343e-15 1.921093763552483612e-16 3.877323581589897458e+03
7.181675457114847347e-15 1.899201846939517767e-16 3.881635079917016355e+03
6.952022603508574083e-15 1.902884433287607662e-16 3.882353700352514352e+03
6.878923583762473183e-15 1.891457256595639232e-16 3.883072331468285483e+03
6.873208818193509840e-15 1.887517467020915912e-16 3.883790973264327022e+03
6.614403774689676781e-15 1.884125225519212749e-16 3.884509625740635784e+03
6.814376458518837872e-15 1.871769709668973647e-16 3.887384342448502139e+03
5.766617477597150464e-15 1.870160495485931821e-16 3.888103048326112457e+03
5.954845773447855516e-15 1.883268999753217058e-16 3.888821764883976357e+03
5.772864133014373735e-15 1.873069804844515190e-16 3.889540492122090200e+03
5.771689407462849606e-15 1.869887436921130039e-16 3.890259230040452167e+03
5.687963062262128535e-15 1.863177970299407774e-16 3.890977978639059984e+03
6.518842785629240749e-15 1.862367134232734064e-16 3.891696737917909559e+03
5.523307164538931241e-15 1.860882726323228853e-16 3.892415507877000437e+03
5.157385278362882520e-15 1.853803827281525238e-16 3.893134288516328525e+03
5.895541802574671619e-15 1.859287613623919932e-16 3.893853079835892459e+03
5.311089816275198505e-15 1.847003453051132402e-16 3.894571881835689965e+03
4.793466246036059201e-15 1.840744089703394968e-16 3.895290694515717405e+03
5.293481851252710964e-15 1.834929369748546923e-16 3.896009517875971142e+03
5.258339709236031818e-15 1.835257603600013782e-16 3.896728351916452993e+03
4.422113590753434473e-15 1.815926654511366063e-16 3.897447196637156594e+03
4.630236679529380457e-15 1.826625166368460822e-16 3.898166052038080579e+03
4.670692419764310185e-15 1.821967647825102577e-16 3.898884918119224494e+03
4.729690870202161766e-15 1.823277720061953126e-16 3.899603794880581518e+03
4.930100753454406960e-15 1.880998284939994713e-16 3.900322682322153014e+03
4.269093385625138640e-15 1.845695603458869007e-16 3.901041580443935345e+03
4.416430901600612676e-15 1.827928368703873974e-16 3.901760489245925783e+03
5.048363140183779428e-15 1.821800173624204453e-16 3.902479408728121598e+03
4.837432298870109573e-15 1.821945824103084592e-16 3.903198338890520972e+03
4.400288574477554598e-15 1.818230100045374930e-16 3.903917279733122086e+03
4.790544418396823947e-15 1.827743073188519212e-16 3.904636231255921302e+03
4.946777055301090879e-15 1.841008900199582906e-16 3.905355193458916347e+03
5.424494553562061860e-15 1.838493654238201417e-16 3.906074166342104036e+03
4.882687103594825928e-15 1.847399496111126555e-16 3.906793149905484825e+03
5.271575562557032249e-15 1.849015910142566507e-16 3.907512144149053711e+03
5.634584307575422751e-15 1.853303008547160650e-16 3.908231149072807511e+03
4.818877839590983821e-15 1.847413175764040923e-16 3.908950164676745771e+03
5.524970484491270144e-15 1.851936522887746936e-16 3.909669190960866672e+03
5.749257968731237373e-15 1.833038621783895296e-16 3.910388227925166120e+03
6.171570278283538231e-15 1.843267789524633381e-16 3.911107275569641388e+03
6.218714566272309970e-15 1.841844811010484167e-16 3.911826333894291565e+03
6.060105403253845161e-15 1.847463797602080824e-16 3.912545402899113469e+03
6.566717855943008203e-15 1.844279005267758516e-16 3.913264482584103462e+03
6.484713655243845334e-15 1.836750281097824211e-16 3.913983572949261543e+03
6.119649500139779887e-15 1.824640218172546682e-16 3.914702673994583620e+03
5.744187084235823830e-15 1.820152463970301541e-16 3.915421785720067419e+03
7.155965553547154290e-15 1.800625624043287424e-16 3.916140908125711576e+03
5.815515727660849390e-15 1.796985739663315463e-16 3.916860041211512907e+03
6.846387178746176708e-15 1.793329479984119677e-16 3.917579184977468230e+03
6.880700534433752357e-15 1.789811480339945819e-16 3.918298339423577090e+03
6.887027391084561361e-15 1.785965975940419370e-16 3.919017504549835849e+03
7.381817842955510084e-15 1.776700746981201357e-16 3.919736680356242232e+03
7.259948944467639740e-15 1.771986708609586434e-16 3.920455866842793512e+03
6.858306252615818482e-15 1.763123171184652057e-16 3.921175064009487869e+03
6.776914995569778255e-15 1.767782441309477901e-16 3.921894271856322121e+03
6.248848385471887185e-15 1.744124330356429039e-16 3.922613490383294447e+03
6.300735753550066438e-15 1.730397707578018633e-16 3.923332719590403030e+03
6.169096046828169293e-15 1.732333031062708679e-16 3.924051959477644687e+03
7.068301733194404456e-15 1.734886358224857405e-16 3.924771210045017142e+03
6.786361755559940348e-15 1.730502428232194634e-16 3.925490471292518123e+03
6.030704445557034355e-15 1.739194361266979609e-16 3.926209743220145810e+03
6.518965271223375319e-15 1.725128329193093749e-16 3.926929025827896112e+03
7.367822149977716541e-15 1.722297537804054703e-16 3.927648319115768572e+03
7.003505728727718095e-15 1.703231057349127863e-16 3.928367623083760009e+03
6.526301881608703556e-15 1.707674648077809995e-16 3.929086937731867692e+03
7.335572035873396648e-15 1.700303405797591837e-16 3.929806263060090714e+03
6.679892940910713119e-15 1.693253441190496986e-16 3.930525599068424526e+03
6.765523852617940259e-15 1.687154360182679839e-16 3.931244945756868219e+03
6.767683227649874269e-15 1.683694441610068747e-16 3.931964303125419974e+03
7.597314823872178489e-15 1.669633144004722941e-16 3.932683671174075698e+03
5.833575547652955431e-15 1.666488521585348180e-16 3.933403049902833573e+03
6.913220790881206349e-15 1.656931604845213108e-16 3.934122439311692688e+03
6.729558227516815717e-15 1.651056986140534507e-16 3.934841839400648496e+03
6.503827628162991689e-15 1.642083645292087569e-16 3.935561250169700088e+03
6.316863355706910924e-15 1.650025801553562925e-16 3.936280671618844735e+03
6.473062280234702583e-15 1.658782963509751391e-16 3.937000103748079255e+03
5.963196630986761022e-15 1.660028722268881317e-16 3.937719546557403191e+03
6.109679415704820022e-15 1.665238691341066651e-16 3.938439000046812907e+03
5.890475734511538312e-15 1.665882563395064308e-16 3.939158464216307038e+03
6.924949755528912195e-15 1.659940044061416699e-16 3.939877939065881947e+03
7.094859601390250152e-15 1.650566403078525516e-16 3.940597424595534903e+03
6.705461457937309022e-15 1.658527997751749001e-16 3.941316920805264999e+03
-4.473905539530473315e-15 2.679564092230180336e-16 3.942036427695070415e+03
-1.274262813203691743e-15 1.957097453275886417e-16 3.942755945264947059e+03
6.483219833471319792e-15 1.693755011185722476e-16 3.943475473514893565e+03
7.069718314476142259e-15 1.690729010581332746e-16 3.944195012444906752e+03
6.616553124501524348e-15 1.692680940916237688e-16 3.944914562054986163e+03
6.279932222807529005e-15 1.702139865518439988e-16 3.945634122345128162e+03
5.969175477831237293e-15 1.693429159559136150e-16 3.946353693315330929e+03
5.473863193657338607e-15 1.688512595993867686e-16 3.947073274965590826e+03
5.729158072994863633e-15 1.683658382669000506e-16 3.947792867295906035e+03
5.605512835100179940e-15 1.679546340135735909e-16 3.948512470306275645e+03
6.223356360510901113e-15 1.672638787656425418e-16 3.949232083996696474e+03
5.907308321958361048e-15 1.674397238314399692e-16 3.949951708367166248e+03
5.929209998667937325e-15 1.658359675091523002e-16 3.950671343417681783e+03
5.458652943176418570e-15 1.665475168570004798e-16 3.951390989148241715e+03
5.619460609865200133e-15 1.659149128810421233e-16 3.952110645558843771e+03
6.627887968651991405e-15 1.657331804661604431e-16 3.952830312649486132e+03
6.082222294324832131e-15 1.653056244062265087e-16 3.953549990420164249e+03
6.666639746955676746e-15 1.646673231205296094e-16 3.954269678870878579e+03
6.537955414042849306e-15 1.646692101750262856e-16 3.954989378001625937e+03
6.847840396919033908e-15 1.637119297633027038e-16 3.955709087812403141e+03
6.689633486894776016e-15 1.633417043606701903e-16 3.956428808303208825e+03
6.141307838079621457e-15 1.619857480318386300e-16 3.957148539474039808e+03
7.013332386647840775e-15 1.618376849196357129e-16 3.957868281324894269e+03
6.263718026045328566e-15 1.617320474919725201e-16 3.958588033855770846e+03
6.834017467395691118e-15 1.605153179552510349e-16 3.959307797066666353e+03
6.780014170757486664e-15 1.608394941389934101e-16 3.960027570957577154e+03
6.762075802669858308e-15 1.604434845822587703e-16 3.960747355528504158e+03
6.619988636611968594e-15 1.599605063875870030e-16 3.961467150779443728e+03
7.094435780862705518e-15 1.598084866518248934e-16 3.962186956710391314e+03
5.514613875401189394e-15 1.585821262733860448e-16 3.962906773321347828e+03
6.224496137162423914e-15 1.579601004406235723e-16 3.963626600612309176e+03
6.807002352001140478e-15 1.579128025678784975e-16 3.964346438583273539e+03
6.820569391491367992e-15 1.555561777579567571e-16 3.965066287234240008e+03
5.407870503470176996e-15 1.536648101768296927e-16 3.967945788638065096e+03
5.761238408126794565e-15 1.529794668697899388e-16 3.968665690689001167e+03
5.953761006335920709e-15 1.515964424084166388e-16 3.969385603419923427e+03
5.783069559485028048e-15 1.509652682069602122e-16 3.970105526830832787e+03
6.457795961451052122e-15 1.513460995858711691e-16 3.970825460921723788e+03
5.600931149505530811e-15 1.510159648820446348e-16 3.971545405692595523e+03
5.474457689318033532e-15 1.510710025286185665e-16 3.972265361143445261e+03
5.488334329072566006e-15 1.504664919304426956e-16 3.972985327274271185e+03
4.867969098275870596e-15 1.502758692205560503e-16 3.973705304085070566e+03
5.577069761043461587e-15 1.504760743864580799e-16 3.974425291575842493e+03
4.853475604981453223e-15 1.514919444822207588e-16 3.975145289746583330e+03
4.293239645061888099e-15 1.515225592077123101e-16 3.975865298597291257e+03
4.204002115377950449e-15 1.521998624875904174e-16 3.976585318127963546e+03
4.986369802509274089e-15 1.521568809854609295e-16 3.977305348338599288e+03
4.429315834705152901e-15 1.534395189608612108e-16 3.978025389229195753e+03
4.181767071604489284e-15 1.525611237966270318e-16 3.978745440799749304e+03
4.007289569197087668e-15 1.518573474746077022e-16 3.979465503050259031e+03
4.207826152667034872e-15 1.526102644576595875e-16 3.980185575980724025e+03
4.578866546860692551e-15 1.520504939504954928e-16 3.980905659591137919e+03
3.551289072090538135e-15 1.516693207590264880e-16 3.981625753881503897e+03
4.221309943755930032e-15 1.510113334491354952e-16 3.982345858851815137e+03
3.962927084569846394e-15 1.497718193242819471e-16 3.983065974502072095e+03
4.973716130967126702e-15 1.509167860973824893e-16 3.983786100832272496e+03
4.133804829563424021e-15 1.509084121602222359e-16 3.984506237842412702e+03
4.098253432703652782e-15 1.498838955632721228e-16 3.985226385532489530e+03
4.323846106398612671e-15 1.495062821969992082e-16 3.985946543902504345e+03
4.152505001467388781e-15 1.497794986369622786e-16 3.986666712952452144e+03
4.856683274203342848e-15 1.500879774225031759e-16 3.987386892682332473e+03
5.225303800733209167e-15 1.502632204890912341e-16 3.988107083092141693e+03
5.164613023431718062e-15 1.511560105610067931e-16 3.988827284181877985e+03
6.106858354543634794e-15 1.508168828528103214e-16 3.989547495951539531e+03
5.451485797317561842e-15 1.523613328000390362e-16 3.990267718401123602e+03
5.817550558432003991e-15 1.528721178613646284e-16 3.990987951530629289e+03
5.579949189571316841e-15 1.533531158769301238e-16 3.991708195340052498e+03
5.944791630147207570e-15 1.533598116077326439e-16 3.992428449829392321e+03
6.549475901998605952e-15 1.536502330454503783e-16 3.993148714998646483e+03
6.071382651311739190e-15 1.540697602998034076e-16 3.993868990847812256e+03
6.280573549648128165e-15 1.546204576382715912e-16 3.994589277376888276e+03
6.130829862539665401e-15 1.539585343134065379e-16 3.995309574585870905e+03
7.069847730645490077e-15 1.533692916646141933e-16 3.996029882474760598e+03
6.539967054289715347e-15 1.524236143860704152e-16 3.996750201043551897e+03
6.596056686067694781e-15 1.517972277570475430e-16 3.997470530292244803e+03
6.742542166119770414e-15 1.524100298392266864e-16 3.998190870220836587e+03
6.250792951296521507e-15 1.518000411878762807e-16 3.998911220829324975e+03
6.418711287998066158e-15 1.511343242401095804e-16 3.999631582117707694e+03
7.161257614250013735e-15 1.516188199403031748e-16 4.000351954085982925e+03
7.362777801659826161e-15 1.506268933658270923e-16 4.001072336734147939e+03
6.929227432547495004e-15 1.516157659936325412e-16 4.001792730062202736e+03
6.905157471752557876e-15 1.514416728571247729e-16 4.002513134070140950e+03
7.193438159947614835e-15 1.518253176811718159e-16 4.003233548757963945e+03
7.167196904100613324e-15 1.523801089062782542e-16 4.003953974125669447e+03
7.279836313836818533e-15 1.524849216547323757e-16 4.004674410173252909e+03
7.499381070051812973e-15 1.529667204372838398e-16 4.005394856900714331e+03
6.931462496906797869e-15 1.538365750104889672e-16 4.006115314308050074e+03
6.870591144304867678e-15 1.531422468578785869e-16 4.006835782395260139e+03
6.914830045069190578e-15 1.533821120240267004e-16 4.007556261162340888e+03
7.004805658314205347e-15 1.535722037515004344e-16 4.008276750609289138e+03
6.538892628291776495e-15 1.529372070279217329e-16 4.008997250736104434e+03
6.770534735900931147e-15 1.527778839578716535e-16 4.009717761542783592e+03
7.733642283361244376e-15 1.531145047271584926e-16 4.010438283029325248e+03
7.436524135126266297e-15 1.534597735941364917e-16 4.011158815195726675e+03
7.742524846507618257e-15 1.537817516247510220e-16 4.011879358041986961e+03
6.662636155240400263e-15 1.534419187001801149e-16 4.012599911568102470e+03
7.188606282541350661e-15 1.541289418844310491e-16 4.013320475774072293e+03
6.913511600876102914e-15 1.530833601157502520e-16 4.016202839396443778e+03
7.733818692043661864e-15 1.534472984882028779e-16 4.016923457001649695e+03
7.473443027870169091e-15 1.535733350664668706e-16 4.017644085286697191e+03
6.986472897185865310e-15 1.531357396894076998e-16 4.018364724251582174e+03
7.660342220751463124e-15 1.534798917224833591e-16 4.019085373896304645e+03
7.155079762860187522e-15 1.527024381854636750e-16 4.019806034220861875e+03
7.170202781877196217e-15 1.535050538804615520e-16 4.020526705225251135e+03
7.599882467466295029e-15 1.537548823533076585e-16 4.021247386909471061e+03
6.986935941173876928e-15 1.534394038778344101e-16 4.021968079273518924e+03
7.241279168987185577e-15 1.536749347742169296e-16 4.022688782317392452e+03
7.764922912906151183e-15 1.539917895934082820e-16 4.023409496041091188e+03
7.419608805911759220e-15 1.539783245981437238e-16 4.026292457734081836e+03
7.794642493636195501e-15 1.538519703381649886e-16 4.027013224856868874e+03
7.259328975589229156e-15 1.532085379914860024e-16 4.027734002659467023e+03
7.586992553929616907e-15 1.520135965927656567e-16 4.028454791141874011e+03
7.722933919533162698e-15 1.523549536905232365e-16 4.029175590304089383e+03
7.540886198559631539e-15 1.522947533271584138e-16 4.029896400146109045e+03
7.571296756782090801e-15 1.512785476027053562e-16 4.030617220667932088e+03
7.623233872039692874e-15 1.501427871842397377e-16 4.031338051869556693e+03
7.801964610159020385e-15 1.496377743633273566e-16 4.032058893750979678e+03
7.612881391000351861e-15 1.488408569609647980e-16 4.032779746312198768e+03
7.175561840240503034e-15 1.485682060765191270e-16 4.033500609553213508e+03
7.647875429610589833e-15 1.480821429972190197e-16 4.034221483474020715e+03
7.066923689801107841e-15 1.471472342522403648e-16 4.034942368074619026e+03
7.312998187867867376e-15 1.468809763466011249e-16 4.035663263355005256e+03
7.510833012117977207e-15 1.473155324702465444e-16 4.036384169315178042e+03
7.366695852531384764e-15 1.467713936012768297e-16 4.037105085955135110e+03
7.566286132416603632e-15 1.467959528707960597e-16 4.037826013274874640e+03
7.399466662980531191e-15 1.463006978307661763e-16 4.038546951274393905e+03
6.935014670493545108e-15 1.468203593878828350e-16 4.039267899953692449e+03
6.716575490464591738e-15 1.472859421509384803e-16 4.039988859312766181e+03
7.202169447725602920e-15 1.478611044116616686e-16 4.040709829351613735e+03
7.590548511460897550e-15 1.486234468201982103e-16 4.041430810070234656e+03
7.761532591709987012e-15 1.497226642743058337e-16 4.042151801468624399e+03
7.662362602000833328e-15 1.505374477158420987e-16 4.042872803546782961e+03
7.596544912597833426e-15 1.507193764969484696e-16 4.043593816304705797e+03
7.404044418460674711e-15 1.507089928970225475e-16 4.044314839742393360e+03
7.396761230683609199e-15 1.503075828269090742e-16 4.045035873859842468e+03
7.903653567036441963e-15 1.496785777752056967e-16 4.045756918657051756e+03
7.847692354589327588e-15 1.495079675982251722e-16 4.046477974134018950e+03
6.981803838209290548e-15 1.489446638933796444e-16 4.047199040290739958e+03
7.538815053860244102e-15 1.494099833304423545e-16 4.047920117127216145e+03
7.904092625990286023e-15 1.484819902188831502e-16 4.048641204643442506e+03
7.754169507770892495e-15 1.481105867066612712e-16 4.049362302839419499e+03
7.591429887280123167e-15 1.477216016268502386e-16 4.050083411715143484e+03
7.475617176574433338e-15 1.467892813598927823e-16 4.050804531270612642e+03
7.727250414689448546e-15 1.463038815592372685e-16 4.051525661505825610e+03
7.482463252120123550e-15 1.461812460507857147e-16 4.052246802420779204e+03
7.435721013444953872e-15 1.464472828304918114e-16 4.052967954015472060e+03
7.554888679024568977e-15 1.456258897283713147e-16 4.053689116289902813e+03
7.915460122227340305e-15 1.458429268646890800e-16 4.054410289244069190e+03
7.707501472641290551e-15 1.457217298812570953e-16 4.055131472877968008e+03
7.345385245374226243e-15 1.454825370377781061e-16 4.055852667191598812e+03
8.296246790961950052e-15 1.459367007679796717e-16 4.056573872184957963e+03
7.162725100242315617e-15 1.460051814357558974e-16 4.057295087858043189e+03
7.937432670360039661e-15 1.466611302783204264e-16 4.058016314210854944e+03
7.777271042977195833e-15 1.461814837456494518e-16 4.058737551243390044e+03
7.382900789834977376e-15 1.462088781062328938e-16 4.059458798955645761e+03
7.812384308804481460e-15 1.468259967208863512e-16 4.060180057347621187e+03
7.606111256821712371e-15 1.462936869329508645e-16 4.060901326419312682e+03
7.392839340884698593e-15 1.459836610998436686e-16 4.061622606170720246e+03
7.052876174868150018e-15 1.454186845422417606e-16 4.062343896601840243e+03
7.219113279766003421e-15 1.446998383240866697e-16 4.063065197712670852e+03
7.750303240749344441e-15 1.438408795197194427e-16 4.063786509503211164e+03
7.697515231923794069e-15 1.444600775487421084e-16 4.064507831973458451e+03
7.196731253719234885e-15 1.440785076833779787e-16 4.065229165123410894e+03
7.761959004815019803e-15 1.443087403269961593e-16 4.065950508953065764e+03
7.429669466128899386e-15 1.437960714874980209e-16 4.066671863462422152e+03
7.476332526778767826e-15 1.433333748363972866e-16 4.067393228651477330e+03
7.663974799043608403e-15 1.431099804173197457e-16 4.068114604520229477e+03
7.565273307329638152e-15 1.430430041319760445e-16 4.068835991068676776e+03
7.689720244646153878e-15 1.435991305946925212e-16 4.069557388296817408e+03
7.522079420234594861e-15 1.435578062857701929e-16 4.070278796204648643e+03
7.465276709575037762e-15 1.438376375721096942e-16 4.071000214792169572e+03
7.395149760828697905e-15 1.436545272835594698e-16 4.071721644059377468e+03
7.810543487696143034e-15 1.439952309689495855e-16 4.072443084006270055e+03
8.058281042815355699e-15 1.438095376915659944e-16 4.073164534632845516e+03
7.610689587631068743e-15 1.436310599658634350e-16 4.073885995939103850e+03
7.600293421473303118e-15 1.434783374212481094e-16 4.074607467925039600e+03
7.326638619503738375e-15 1.430261521988094615e-16 4.075328950590653221e+03
7.273552464264406513e-15 1.431623608426754798e-16 4.076050443935941985e+03
7.764279710836513696e-15 1.432800977434694349e-16 4.076771947960904072e+03
7.550966665972126229e-15 1.438254028973290003e-16 4.077493462665537663e+03
7.454056069600037459e-15 1.486519668163581022e-16 4.078214988049839576e+03
8.075067168334306199e-15 1.426014961847824202e-16 4.078936524113809355e+03
7.143485853072061418e-15 1.414136842015322396e-16 4.079658070857445182e+03
7.703460865009313873e-15 1.408519170811933371e-16 4.080379628280744328e+03
7.822068315720727801e-15 1.414871061779695899e-16 4.081101196383703609e+03
7.983850834927354984e-15 1.409567809616155909e-16 4.081822775166323936e+03
7.415837505885318750e-15 1.410412058471265416e-16 4.082544364628601215e+03
7.327314471519429252e-15 1.397781410191876707e-16 4.083265964770534083e+03
7.312575682610376415e-15 1.394956314708483862e-16 4.083987575592120265e+03
7.204356256117548545e-15 1.388665432681459185e-16 4.084709197093358853e+03
7.593690275251078344e-15 1.380366727542951585e-16 4.085430829274247117e+03
6.927352624911993460e-15 1.380560426118074912e-16 4.086152472134781874e+03
7.811654134096675261e-15 1.374875986316735563e-16 4.086874125674964034e+03
7.610907461816187477e-15 1.372567393792879582e-16 4.087595789894789050e+03
7.586860515490004395e-15 1.346769819587636199e-16 4.090482553570489472e+03
7.355206612967574501e-15 1.341806645146065848e-16 4.091204271188505118e+03
7.054031358622775586e-15 1.340530688237311248e-16 4.091925999486153614e+03
6.917540604988200887e-15 1.333767463455976444e-16 4.092647738463430414e+03
7.393717873731889682e-15 1.334008005671317397e-16 4.093369488120337792e+03
7.005726256498592979e-15 1.329354876831933426e-16 4.094091248456869835e+03
6.820825245232254958e-15 1.320414948111675291e-16 4.094813019473027452e+03
6.910302415845087610e-15 1.315739671327281171e-16 4.095534801168807462e+03
7.435734620985425115e-15 1.309459539181502889e-16 4.096256593544207135e+03
6.928870039904958936e-15 1.300818489515274585e-16 4.096978396599226471e+03
6.837771000275483337e-15 1.297262969341358888e-16 4.097700210333862742e+03
6.858466364689468318e-15 1.292956340383539024e-16 4.098422034748113219e+03
7.081373483629162774e-15 1.290066680667049622e-16 4.099143869841976993e+03
7.093841143962068003e-15 1.287268056698785006e-16 4.099865715615452245e+03
6.772174031124275707e-15 1.278882074877773110e-16 4.100587572068536247e+03
6.404184376019485048e-15 1.283137237136535084e-16 4.101309439201228088e+03
6.264058183859145217e-15 1.282139607609098562e-16 4.102031317013523221e+03
5.926077697574344093e-15 1.281238428834800749e-16 4.102753205505423466e+03
6.379661501768722922e-15 1.262634438951959148e-16 4.105640866269017351e+03
6.252126052778589000e-15 1.255879068224319538e-16 4.106362808158904954e+03
6.040401580997986955e-15 1.256617423844156185e-16 4.107084760728384936e+03
6.111490496812187192e-15 1.249274774668164194e-16 4.107806723977454567e+03
5.671284601596632471e-15 1.249917592469833461e-16 4.108528697906112939e+03
6.008347332810595036e-15 1.245970133268635533e-16 4.109250682514357322e+03
5.446838029190856232e-15 1.238622599392088428e-16 4.109972677802184990e+03
5.226708820541901194e-15 1.230524095178760050e-16 4.110694683769595940e+03
5.532276531663602603e-15 1.228846230089402374e-16 4.111416700416587446e+03
5.534746413429537397e-15 1.225313175615775214e-16 4.112138727743158597e+03
4.953301203256517238e-15 1.215706765525926444e-16 4.112860765749304846e+03
5.012682764605990336e-15 1.215263247465473439e-16 4.113582814435027103e+03
5.309429960874819116e-15 1.204965137532491921e-16 4.114304873800321730e+03
4.537646838113615517e-15 1.201189759262049460e-16 4.115026943845186906e+03
5.069139284607426033e-15 1.208497072132662531e-16 4.115749024569622634e+03
5.071845686961848710e-15 1.199432697446979726e-16 4.116471115973625274e+03
4.733520876315561530e-15 1.199581747231492545e-16 4.117193218057192098e+03
5.416042593453673150e-15 1.208421523657652484e-16 4.117915330820324016e+03
5.439748592692213796e-15 1.207837392250059180e-16 4.118637454263017389e+03
4.492083517839128911e-15 1.206316007912839237e-16 4.119359588385271309e+03
5.482933143639823505e-15 1.210878826697597587e-16 4.120081733187081227e+03
5.702399118129501822e-15 1.221426461485332991e-16 4.120803888668448053e+03
5.903432649466103751e-15 1.223999408522687440e-16 4.121526054829369969e+03
5.172214325831844847e-15 1.227232347778718655e-16 4.122248231669844245e+03
5.617760949969118289e-15 1.228196693591556077e-16 4.122970419189867243e+03
6.161177970846596088e-15 1.232361974929754166e-16 4.123692617389440784e+03
5.917553531442946739e-15 1.233582190802408378e-16 4.124414826268560319e+03
6.559976072835836300e-15 1.233975552191092619e-16 4.125137045827224938e+03
6.622495513537876141e-15 1.232866358262391239e-16 4.125859276065431914e+03
6.120486107591920927e-15 1.223519323794766262e-16 4.126581516983180336e+03
6.435063733611572665e-15 1.216852326641610982e-16 4.127303768580467477e+03
6.211325770192419612e-15 1.217386512861452156e-16 4.128026030857293335e+03
6.325927259324800073e-15 1.215667656051243654e-16 4.128748303813654275e+03
6.764526713446710092e-15 1.215902394888131792e-16 4.129470587449548475e+03
6.563257894366362923e-15 1.218247897278910351e-16 4.130192881764975027e+03
6.909522948026104916e-15 1.215605250044763185e-16 4.130915186759932112e+03
6.696487477115648958e-15 1.224029297490489661e-16 4.131637502434416092e+03
6.677811817361231088e-15 1.225705642600759673e-16 4.132359828788428786e+03
6.752002693965933094e-15 1.223767031666865219e-16 4.133082165821964736e+03
6.569826007240784284e-15 1.225274630663871953e-16 4.133804513535022124e+03
6.849840719155483342e-15 1.226192033663386860e-16 4.134526871927600951e+03
7.045392577526392737e-15 1.241990823223132415e-16 4.135249240999699396e+03
7.127129978263541539e-15 2.016478610748482256e-16 4.135971620751315641e+03
6.956002134271707674e-15 1.241320752585551064e-16 4.136694011182446047e+03
6.977612234011180791e-15 1.232119311352385929e-16 4.137416412293090616e+03
6.782505525731002552e-15 1.228191106740202153e-16 4.138138824083245709e+03
7.530276162353613510e-15 1.231173171069797907e-16 4.138861246552911325e+03
6.886977677240847128e-15 1.228861603503053820e-16 4.139583679702085647e+03
6.731622449929079698e-15 1.220561092923772635e-16 4.140306123530765035e+03
7.139799044772955527e-15 1.218464156846528012e-16 4.141028578038949490e+03
7.354619575559313880e-15 1.205116953187292651e-16 4.141751043226636284e+03
6.865351925815306551e-15 1.200610304039620956e-16 4.142473519093822688e+03
7.118334710443297806e-15 1.196591879223365592e-16 4.143196005640509611e+03
6.947480730004785728e-15 1.194659250941301035e-16 4.143918502866692506e+03
7.127241431517836187e-15 1.190935255395824959e-16 4.144641010772370464e+03
7.334898380896132209e-15 1.188785326198894917e-16 4.145363529357542575e+03
7.346024403045226537e-15 1.184561488349920310e-16 4.146086058622206110e+03
6.767446338861756364e-15 1.180198354546393717e-16 4.146808598566358341e+03
7.364996347958395864e-15 1.176322267762383557e-16 4.147531149190000178e+03
7.850941914339180075e-15 1.178963452938367788e-16 4.148253710493127073e+03
7.599355295206232450e-15 1.182941151922101444e-16 4.148976282475738117e+03
6.976421441534627530e-15 1.189600916019076674e-16 4.149698865137832399e+03
7.637315072483799678e-15 1.194892491166890567e-16 4.152589302580998265e+03
7.247595141128045613e-15 1.196518396000203011e-16 4.153311938640479639e+03
7.402315531513838243e-15 1.201721010166007392e-16 4.154034585379429700e+03
6.885728271602135760e-15 1.219922292701445633e-16 4.154757242797851177e+03
7.710474239879352464e-15 1.201219809628926740e-16 4.155479910895741341e+03
7.529327178307098316e-15 1.194090306702054806e-16 4.156202589673095645e+03
7.428696654713742895e-15 1.195247832558972867e-16 4.156925279129916817e+03
7.426320279481129396e-15 1.192635834122874483e-16 4.157647979266199400e+03
6.657024034295878051e-15 1.197754361152250166e-16 4.158370690081943394e+03
7.435574001427318692e-15 1.199307156443579836e-16 4.159093411577146981e+03
7.011958747155706669e-15 1.196878354935971696e-16 4.159816143751805612e+03
7.274608929752823339e-15 1.203203028001570587e-16 4.160538886605922016e+03
7.737339132544669423e-15 1.202524325425814667e-16 4.161261640139492556e+03
7.338315337502012528e-15 1.212688836383309952e-16 4.164152761068273321e+03
7.363875149543859469e-15 1.222376167281914329e-16 4.164875567999085433e+03
7.243674062618356039e-15 1.223056874288570939e-16 4.165598385609340767e+03
7.166391300566860303e-15 1.224141563435663406e-16 4.166321213899036593e+03
7.569791002261319586e-15 1.225553347135729775e-16 4.169212633852200270e+03
7.392051673979604846e-15 1.217609578933177206e-16 4.169935515539076732e+03
7.527816446263554767e-15 1.214215551538724224e-16 4.170658407905384593e+03
7.408910862223305624e-15 1.215541589950690214e-16 4.171381310951121122e+03
7.579694297787944807e-15 1.211099319346149307e-16 4.172104224676284502e+03
7.215297113389532619e-15 1.202901860613839189e-16 4.172827149080872914e+03
7.424305931374389048e-15 1.198655541168397714e-16 4.173550084164886357e+03
7.615929330236367188e-15 1.195997904035605307e-16 4.174273029928321193e+03
7.286686676395456178e-15 1.192104503259808058e-16 4.174995986371174695e+03
7.056632680916769137e-15 1.189029296778929161e-16 4.175718953493446861e+03
7.231456927017486454e-15 1.184984977796849167e-16 4.176441931295137692e+03
7.492257955801157236e-15 1.181978075107661548e-16 4.177164919776243551e+03
7.448688167546153773e-15 1.175207284253825557e-16 4.177887918936760798e+03
7.724723482189984356e-15 1.175824282757031110e-16 4.178610928776690344e+03
7.684532519802726195e-15 1.172401934537856613e-16 4.179333949296029459e+03
7.599818000070816112e-15 1.171179316645711273e-16 4.180056980494775416e+03
6.993287097105959853e-15 1.170083775643056961e-16 4.180780022372929125e+03
7.614414408241399292e-15 1.171516069434116665e-16 4.181503074930486036e+03
7.475365388253744235e-15 1.166633526152279454e-16 4.182226138167447061e+03
7.288039901549741715e-15 1.165826910467745378e-16 4.182949212083808561e+03
7.160609815991775894e-15 1.169461403476586795e-16 4.183672296679567808e+03
7.346019080892411885e-15 1.165553736508869089e-16 4.184395391954727529e+03
7.674048096863539997e-15 1.166866427433735653e-16 4.185118497909279540e+03
7.685259721919394645e-15 1.164447680627184250e-16 4.185841614543227479e+03
7.708653604478450609e-15 1.164789732083161203e-16 4.186564741856567707e+03
7.304602717159860054e-15 1.164294897505849293e-16 4.187287879849298406e+03
7.579023743579533625e-15 1.158005801377061454e-16 4.188011028521417757e+03
7.380836227444985365e-15 1.157138890924750141e-16 4.188734187872924849e+03
7.151398908578506181e-15 1.162714937516960177e-16 4.189457357903816046e+03
7.040413450780762185e-15 1.158407858945839023e-16 4.190180538614091347e+03
7.176763193288958039e-15 1.146455241215562884e-16 4.190903730003748933e+03
7.076062788999222203e-15 1.146219755642340110e-16 4.191626932072786076e+03
7.795031126827968773e-15 1.144358682249564137e-16 4.192350144821202775e+03
7.101114609391386603e-15 1.140231332961233115e-16 4.193073368248995394e+03
7.414020535290142671e-15 1.135923098088967606e-16 4.193796602356162111e+03
7.550642202651908538e-15 1.140660851818909993e-16 4.194519847142703838e+03
7.390430282915868552e-15 1.132991071000658867e-16 4.195243102608617846e+03
7.275706882774734436e-15 1.136057988483161322e-16 4.195966368753898678e+03
6.778033912431892808e-15 1.129705135820172677e-16 4.196689645578549971e+03
7.551808434095591704e-15 1.133034647093978217e-16 4.197412933082567179e+03
7.545900971108928231e-15 1.127770141077610183e-16 4.198136231265949391e+03
7.549199769279645870e-15 1.127170940031763692e-16 4.198859540128694789e+03
7.324900011635032914e-15 1.124889239121075399e-16 4.199582859670799735e+03
7.278533563891511305e-15 1.132443742318866230e-16 4.200306189892266957e+03
7.370631221483102085e-15 1.131214938813781567e-16 4.201029530793090998e+03
7.584007634154356474e-15 1.131934236085951012e-16 4.201752882373270950e+03
7.626226134458749890e-15 1.129638002321981473e-16 4.202476244632805901e+03
7.876276092540173311e-15 1.130521862239630875e-16 4.203199617571692215e+03
7.461957739993150992e-15 1.129564752217146911e-16 4.203923001189931711e+03
7.419179339306612674e-15 1.126543641020527901e-16 4.204646395487519840e+03
7.306866463908853307e-15 1.124107734602604566e-16 4.205369800464455693e+03
7.230416515477260348e-15 1.121705077600504269e-16 4.206093216120738361e+03
7.380153329670805207e-15 1.119040578479666569e-16 4.206816642456364207e+03
7.733999860660956450e-15 1.115462583276920572e-16 4.207540079471333229e+03
7.748042550175031579e-15 1.117046978615401672e-16 4.208263527165641790e+03
6.932729105908579529e-15 1.113371261660432846e-16 4.208986985539292618e+03
7.044799433771048301e-15 1.111884436110979856e-16 4.209710454592279348e+03
7.651958349204746265e-15 1.107533254376753321e-16 4.210433934324601069e+03
6.953006428599658695e-15 1.100263350172476345e-16 4.211157424736258690e+03
7.353248334420057493e-15 1.103762762505857276e-16 4.211880925827248575e+03
7.357410840247773738e-15 1.101713421962602298e-16 4.212604437597568904e+03
7.119015850406079777e-15 1.096457189033752908e-16 4.213327960047217857e+03
7.920091093924062632e-15 1.100486574640491223e-16 4.214051493176195436e+03
7.281484618620324184e-15 1.102285022853419048e-16 4.214775036984498001e+03
7.399192058805942919e-15 1.088826131723637798e-16 4.215498591472125554e+03
7.419083828290832614e-15 1.091138678151708053e-16 4.216222156639074456e+03
7.397451874877902465e-15 1.090234982079140570e-16 4.216945732485344706e+03
7.309397044891540845e-15 1.092564007963853384e-16 4.217669319010935396e+03
7.385778508688531518e-15 1.092588286262897983e-16 4.218392916215841979e+03
6.764205434966127450e-15 1.088479832411455214e-16 4.219116524100063543e+03
7.274051711431345145e-15 1.091133489085350348e-16 4.219840142663601000e+03
7.550867809004132495e-15 1.089827704418134984e-16 4.220563771906450711e+03
7.964782659401549939e-15 1.092385337019737106e-16 4.221287411828611766e+03
7.653339679152484814e-15 1.089302609487761300e-16 4.222011062430080528e+03
7.377217096763174456e-15 1.085379350098516516e-16 4.222734723710856088e+03
7.344291404348673655e-15 1.082866799017289338e-16 4.223458395670939353e+03
7.468274093693693099e-15 1.085410699255470383e-16 4.224182078310326688e+03
7.266311480054346268e-15 1.083359175052092151e-16 4.224905771629015362e+03
8.114670056900360170e-15 1.085069297177457137e-16 4.225629475627005377e+03
7.660941545375337570e-15 1.084213968299957586e-16 4.226353190304294912e+03
7.101389322181678583e-15 1.082973375729012279e-16 4.229248155806410978e+03
7.154484106886913771e-15 1.080284011141023714e-16 4.229971923880171744e+03
7.473475958145201095e-15 1.083824188827404968e-16 4.230695702633222027e+03
7.599638973834573143e-15 1.075232319610665660e-16 4.231419492065559098e+03
7.413721025309952827e-15 1.074865628268536692e-16 4.232143292177182047e+03
7.223967172231948059e-15 1.072642584172983830e-16 4.232867102968089966e+03
7.282734002870010062e-15 1.069417966994779828e-16 4.233590924438281036e+03
7.417829806428898580e-15 1.064986667876214505e-16 4.234314756587751617e+03
7.529747862047842009e-15 1.061406086637682575e-16 4.235038599416503530e+03
7.149084896388817733e-15 1.055878179241673577e-16 4.235762452924532226e+03
7.257838552643526419e-15 1.058156773775256107e-16 4.236486317111836797e+03
6.909864070033038961e-15 1.048011871034649579e-16 4.237210191978416333e+03
7.789906103604477758e-15 1.053984314542590598e-16 4.237934077524269014e+03
7.365459856602689657e-15 1.051749926319490949e-16 4.238657973749392113e+03
7.436269090342019131e-15 1.052256110113255847e-16 4.239381880653785629e+03
6.639682661230412544e-15 1.044117297242523652e-16 4.240105798237447743e+03
7.175057794645548903e-15 1.046425187575779709e-16 4.240829726500374818e+03
7.005073539839201952e-15 1.052491445312518519e-16 4.241553665442568672e+03
7.206716252663331255e-15 1.055231523592560706e-16 4.242277615064023848e+03
6.992032819546641270e-15 1.055280006474097644e-16 4.243001575364740347e+03
7.210310250121187342e-15 1.053675441968437742e-16 4.243725546344718168e+03
7.244397266596440334e-15 1.051694024176096293e-16 4.244449528003951855e+03
7.182774969323794402e-15 1.055395951497437800e-16 4.245173520342444135e+03
7.322648043241808444e-15 1.054446762138946644e-16 4.245897523360190462e+03
7.246318446154016791e-15 1.086857449197801789e-16 4.246621537057192654e+03
7.486801793843385320e-15 1.055249527882758023e-16 4.247345561433444345e+03
7.832467930354942073e-15 1.065511000651004627e-16 4.248069596488945535e+03
7.326836073843430191e-15 1.059507317208297749e-16 4.248793642223696224e+03
6.487395449209074345e-15 1.055715547776868423e-16 4.249517698637695503e+03
7.930268266821549739e-15 1.057383772103253227e-16 4.250241765730937914e+03
7.582334816000300290e-15 1.060809983331900642e-16 4.250965843503425276e+03
7.183075286943145869e-15 1.057379201976528698e-16 4.251689931955153952e+03
7.663836219327804717e-15 1.062727857357472118e-16 4.252414031086123941e+03
7.597160976845157883e-15 1.062744861960942058e-16 4.253138140896331606e+03
7.253782678971837761e-15 1.058022833107068270e-16 4.253862261385776947e+03
7.374507909012859280e-15 1.053812402080514853e-16 4.254586392554458143e+03
7.310165901100214216e-15 1.055576264587447533e-16 4.255310534402375197e+03
6.959324358536035534e-15 1.052992041228545158e-16 4.256034686929522650e+03
7.274481720215609404e-15 1.050037922736769529e-16 4.256758850135902321e+03
7.152573036909959682e-15 1.050595474673786865e-16 4.257483024021510573e+03
7.075318609846908342e-15 1.048754811244475266e-16 4.258207208586345587e+03
7.971357954800317804e-15 1.052660189867732822e-16 4.258931403830409181e+03
6.840755690315579406e-15 1.054582539942117609e-16 4.259655609753694080e+03
7.324973738067247890e-15 1.051672053753978904e-16 4.260379826356205740e+03
7.522111270348349180e-15 1.052371437696503469e-16 4.261104053637935067e+03
7.025098770905616194e-15 1.049640230666147395e-16 4.261828291598885698e+03
7.030027493721352739e-15 1.042884134136637708e-16 4.262552540239054906e+03
7.193751245130522921e-15 1.043290308045664118e-16 4.263276799558441780e+03
7.195538655098788672e-15 1.041876613523194255e-16 4.264001069557041774e+03
7.205131579191352201e-15 1.029163936447981382e-16 4.264725350234854886e+03
7.775845156277361849e-15 1.030191209989859081e-16 4.265449641591880209e+03
7.379900620188422345e-15 1.024581606839170167e-16 4.266173943628116831e+03
7.090007921734614203e-15 1.020562360374378674e-16 4.266898256343560206e+03
6.792320592050715502e-15 1.022524807630914519e-16 4.267622579738213062e+03
7.113069619393126448e-15 1.011698930469096184e-16 4.268346913812070852e+03
6.759151598294623042e-15 1.010826597059079431e-16 4.269071258565130847e+03
7.201500594298474540e-15 1.012267985517944127e-16 4.269795613997394867e+03
7.448337724816614562e-15 1.011923086795847245e-16 4.270519980108858363e+03
7.023621527540188963e-15 1.013805019089863992e-16 4.271244356899522245e+03
6.572096131683125014e-15 1.016457725091056187e-16 4.271968744369383785e+03
7.273454044368793685e-15 1.017191853944444456e-16 4.272693142518441164e+03
7.328231910766678150e-15 1.017091353888525286e-16 4.273417551346692562e+03
6.546236114532141151e-15 1.017548389522305015e-16 4.274141970854137071e+03
7.309609438720896920e-15 1.015899276011081453e-16 4.274866401040772871e+03
7.305474724323636084e-15 1.015268262241874230e-16 4.275590841906599053e+03
7.331783739305077744e-15 1.012890518229344784e-16 4.276315293451612888e+03
7.271348948284423469e-15 1.013594680289909626e-16 4.277039755675814376e+03
7.382128618334507319e-15 1.008980122104277350e-16 4.277764228579200790e+03
7.242572749661509217e-15 1.007064948218453700e-16 4.278488712161768490e+03
7.317447119043568806e-15 1.005896801162327449e-16 4.279213206423521115e+03
7.099968914822452136e-15 1.003834209780433376e-16 4.279937711364453207e+03
7.184862924383333258e-15 1.004511653023112797e-16 4.280662226984562949e+03
7.095474249305216405e-15 1.003732678563972205e-16 4.281386753283850339e+03
6.925139398651178471e-15 1.004520861922559161e-16 4.282111290262314469e+03
7.405341322338511402e-15 1.000548894035263083e-16 4.282835837919952610e+03
7.277111184203206522e-15 9.996263762634408057e-17 4.283560396256763852e+03
7.219719339887549279e-15 1.024327275535475917e-16 4.284284965272744557e+03
7.283568828275535424e-15 9.954417441555390847e-17 4.287183348128353828e+03
6.931226306272520495e-15 9.946022515176734906e-17 4.287907970540167298e+03
6.984168388257185717e-15 1.000789757326580449e-16 4.288632603631143866e+03
7.004168613359909891e-15 9.946178059944054219e-17 4.289357247401279892e+03
7.216558277270988728e-15 9.913879447699858336e-17 4.290081901850575377e+03
6.835246063744679237e-15 9.911535467276150911e-17 4.290806566979027593e+03
6.934819821919469941e-15 9.865715255486961933e-17 4.291531242786635630e+03
7.302423211358563883e-15 9.857201865886547449e-17 4.292255929273396760e+03
6.853096288405017073e-15 9.794415405088980303e-17 4.292980626439313710e+03
7.176407225619479748e-15 9.764804977136212675e-17 4.293705334284379205e+03
7.050071228498103076e-15 9.668708213109355566e-17 4.294430052808595065e+03
7.172699656079851223e-15 9.649631936041784427e-17 4.295154782011958559e+03
7.141284758721845636e-15 9.582144305196911468e-17 4.295879521894468780e+03
6.993916749474437646e-15 9.510267496867048157e-17 4.296604272456122999e+03
6.956955509981163743e-15 9.521023825284747424e-17 4.297329033696922124e+03
6.974566804749833899e-15 9.525728924340815374e-17 4.298053805616862519e+03
6.543647239365696910e-15 9.476759825201398725e-17 4.298778588215942364e+03
6.937558877260627723e-15 9.467044758467929898e-17 4.299503381494162568e+03
6.926410211314731790e-15 9.472404984337466189e-17 4.300228185451520403e+03
6.867106846602276143e-15 9.469714914138575632e-17 4.300953000088013141e+03
7.035082443148923169e-15 9.476992049134583517e-17 4.301677825403639872e+03
6.599117966210053666e-15 9.455600550907753738e-17 4.302402661398398777e+03
6.816556946479366071e-15 9.444178689815333726e-17 4.303127508072290766e+03
6.803897309397301267e-15 9.407170341388560376e-17 4.303852365425313110e+03
6.825993244164266279e-15 9.402532251095190439e-17 4.304577233457461261e+03
6.703204705485975869e-15 9.391047316335578060e-17 4.305302112168737949e+03
6.619324865918912078e-15 9.345149332707498895e-17 4.306027001559137716e+03
6.644322373203961156e-15 9.341386097691536693e-17 4.306751901628663290e+03
6.561045235744047747e-15 9.342148061170226008e-17 4.307476812377310125e+03
6.445418476841659680e-15 9.275646058093237976e-17 4.308201733805077311e+03
6.939045227338523613e-15 9.285153271457099477e-17 4.308926665911965756e+03
6.336083225535919375e-15 9.274577750789340322e-17 4.309651608697968186e+03
6.543434653709452609e-15 9.283447931695362160e-17 4.310376562163090057e+03
6.209938861215193974e-15 9.262685690988935783e-17 4.311101526307325003e+03
6.447046960481240912e-15 9.275864504869645761e-17 4.311826501130673023e+03
6.510445399647079363e-15 9.269519776707632597e-17 4.312551486633134118e+03
6.099074510913645980e-15 9.265016981323081381e-17 4.313276482814704650e+03
6.646633461728769602e-15 9.217019875906990663e-17 4.314001489675383709e+03
6.362941529150751527e-15 9.160773913654323539e-17 4.314726507215170386e+03
6.248227656077053678e-15 9.159363375016680644e-17 4.315451535434061952e+03
5.810509325708203770e-15 9.143945577978393868e-17 4.316176574332057498e+03
6.184390510490678784e-15 9.126753160472554524e-17 4.316901623909156115e+03
5.952516108688269316e-15 9.098949882493777210e-17 4.317626684165355982e+03
5.815405192884376463e-15 9.044354893303611556e-17 4.318351755100656192e+03
6.109816905417768228e-15 9.026831535645906996e-17 4.319076836715054014e+03
5.975539900381426952e-15 9.027180012746134154e-17 4.319801929008548541e+03
5.786237146244004112e-15 8.995539683021090788e-17 4.320527031981137043e+03
6.019443274099533471e-15 8.971557194787123811e-17 4.321252145632821339e+03
5.879543091343203245e-15 8.901605227488504199e-17 4.321977269963595973e+03
6.411147920133521451e-15 8.897984356106836472e-17 4.322702404973462762e+03
6.135725081976480062e-15 8.872268764725989389e-17 4.323427550662418071e+03
6.044810736128763291e-15 8.831814930505912258e-17 4.324152707030461897e+03
6.061132384024292170e-15 8.817525580090113042e-17 4.324877874077590604e+03
6.364998479769632268e-15 8.774787537915635175e-17 4.325603051803806011e+03
6.023534572375785812e-15 8.691281271347340566e-17 4.326328240209104479e+03
6.211026526375452458e-15 8.683122871147301799e-17 4.327053439293483279e+03
6.044321752948474969e-15 8.636242147286259320e-17 4.327778649056943323e+03
6.218318159866584663e-15 8.601813769333445522e-17 4.328503869499483699e+03
6.087952353804150196e-15 8.627249108310656767e-17 4.329229100621099860e+03
6.291157298736349697e-15 8.592334230038803043e-17 4.329954342421791807e+03
6.090190097367627609e-15 8.590791479590755126e-17 4.330679594901559540e+03
6.137291900444604012e-15 8.585553208354448392e-17 4.331404858060399420e+03
6.195590435116786994e-15 8.552594309114428116e-17 4.332130131898311447e+03
5.911233606581518355e-15 8.536573858125589561e-17 4.332855416415291984e+03
6.142694362060894021e-15 8.551291679187346216e-17 4.333580711611342849e+03
6.196603826804192588e-15 8.513184029298193330e-17 4.334306017486460405e+03
6.033755185931801448e-15 8.509654154994156740e-17 4.335031334040642832e+03
5.972503138415813619e-15 8.476785582495159885e-17 4.335756661273891950e+03
5.672552992982600746e-15 8.496503504110175817e-17 4.336481999186200483e+03
6.025202200260703310e-15 8.495401928321808817e-17 4.337207347777572977e+03
6.071353191651274961e-15 8.533544233427307321e-17 4.337932707048003977e+03
6.218284056955137126e-15 8.525733173346145831e-17 4.338658076997494391e+03
5.966012295643866365e-15 8.476531918115862037e-17 4.339383457626041491e+03
5.783466810330792122e-15 8.482755355570252272e-17 4.340108848933643458e+03
5.923205804036577811e-15 8.533732649017149860e-17 4.340834250920298473e+03
5.614157653828762562e-15 8.519129785023778473e-17 4.341559663586009265e+03
5.987633774442908738e-15 8.540625160387733305e-17 4.342285086930767648e+03
5.587461113945065852e-15 8.503955278383486941e-17 4.343010520954576350e+03
5.608773391836346708e-15 8.499865603921283700e-17 4.343735965657435372e+03
5.308152697257103406e-15 8.450413769370695184e-17 4.344461421039340166e+03
5.642118020849919355e-15 8.476218691983390765e-17 4.345186887100288914e+03
5.500852066653416821e-15 8.465570692942858026e-17 4.345912363840284343e+03
5.629186920102464384e-15 8.478760895783091995e-17 4.346637851259320087e+03
5.779838544171431709e-15 8.491625638118730075e-17 4.347363349357397965e+03
5.859146809589305153e-15 8.485057813217496867e-17 4.348088858134513430e+03
5.426564452606812510e-15 8.466979934975603431e-17 4.348814377590668300e+03
5.699042393113797260e-15 8.487407733992600130e-17 4.349539907725858939e+03
5.486458262668994843e-15 8.497480380000888909e-17 4.350265448540087164e+03
5.386361515429400605e-15 8.487968146445480164e-17 4.350991000033346609e+03
4.901651238026806497e-15 8.515838544375830190e-17 4.351716562205640003e+03
5.191759155759699806e-15 8.541210178579995515e-17 4.352442135056962798e+03
5.192949611798165218e-15 8.575121708927165965e-17 4.353167718587316813e+03
5.297531030486263063e-15 8.582078564558171507e-17 4.353893312796697501e+03
4.969362702613990262e-15 8.632009025758149956e-17 4.354618917685105771e+03
5.151649398820502385e-15 8.640619758595342359e-17 4.355344533252538895e+03
4.984056151079014870e-15 8.646024717854755889e-17 4.356070159498995054e+03
5.081165856257800499e-15 8.660365295575551348e-17 4.356795796424472428e+03
5.107686917465086730e-15 8.689354220056859871e-17 4.357521444028972837e+03
5.458827842202367899e-15 8.699450658483759411e-17 4.358247102312492643e+03
5.405496021738776346e-15 8.737919292693928662e-17 4.358972771275030027e+03
5.476977776281684117e-15 8.759594624811426369e-17 4.359698450916583170e+03
5.663390301662028023e-15 8.776731528638105901e-17 4.360424141237152980e+03
5.465147958691122422e-15 8.815848480722777477e-17 4.361149842236734912e+03
5.555032140292722884e-15 8.843586711742597189e-17 4.361875553915329874e+03
5.850466199539234708e-15 8.887514444212534607e-17 4.362601276272935138e+03
5.727279670967067257e-15 8.954488646159474743e-17 4.363327009309550704e+03
5.808881129918128494e-15 8.869984750633867685e-17 4.364052753025174752e+03
5.899032507839370992e-15 8.903884402352395973e-17 4.364778507419804555e+03
6.227084519974045866e-15 8.924195814727191146e-17 4.365504272493440112e+03
6.067074515437915002e-15 8.904794864807154075e-17 4.366230048246079605e+03
6.117103999433067768e-15 8.889749807051556564e-17 4.366955834677720304e+03
6.455909573430840187e-15 8.905582919982808465e-17 4.367681631788363120e+03
6.496402022847932273e-15 9.278319361925867309e-17 4.368407439578005324e+03
6.723419343882836506e-15 8.903880324686380634e-17 4.369133258046646006e+03
6.214134063557580379e-15 8.888786607592740403e-17 4.369859087194281528e+03
6.807705577352938129e-15 8.888403600987419387e-17 4.370584927020914620e+03
6.545077837463161223e-15 8.938449182379073909e-17 4.371310777526541642e+03
7.122396014722178036e-15 8.975019207747745258e-17 4.372036638711159867e+03
7.062551540711644903e-15 8.926512824783024899e-17 4.372762510574770204e+03
7.169181069494734665e-15 8.932935355734127821e-17 4.373488393117369924e+03
6.491581810832156091e-15 8.961951567055759564e-17 4.374214286338957208e+03
6.763897671520473136e-15 8.928991490319984755e-17 4.374940190239532967e+03
6.800970970914808438e-15 8.957438156196997817e-17 4.375666104819092652e+03
7.017421374666261444e-15 8.973904035609216276e-17 4.376392030077637173e+03
7.180947255818143190e-15 8.933539944772041849e-17 4.377117966015164711e+03
7.169248639668066795e-15 8.964305466855289761e-17 4.377843912631673447e+03
7.432465406564856963e-15 8.963932549507765223e-17 4.378569869927161562e+03
6.876452261803646380e-15 8.988728030954669099e-17 4.379295837901627237e+03
7.053250695894601253e-15 8.962350257838123220e-17 4.380021816555072292e+03
6.995376124012645514e-15 8.976473588679441317e-17 4.380747805887492177e+03
7.770643495248041287e-15 9.009733382382006183e-17 4.381473805898885985e+03
7.535374489401275076e-15 8.997121928031594725e-17 4.382199816589252805e+03
6.772081022202304800e-15 9.012382036419862858e-17 4.382925837958591728e+03
6.887547477878987444e-15 8.995593511547506526e-17 4.383651870006900026e+03
7.041685035638382878e-15 8.978144774545755859e-17 4.384377912734178608e+03
7.827398886600465015e-15 8.987298223670915505e-17 4.385103966140422926e+03
6.950000208249833678e-15 8.975681972515643191e-17 4.385830030225633891e+03
7.505642149475229045e-15 8.961782262975319745e-17 4.386556104989809683e+03
7.233134920581242139e-15 8.966665267536811486e-17 4.387282190432948482e+03
7.042797918099875822e-15 9.017243560884151476e-17 4.388008286555049381e+03
7.225232860715733049e-15 8.907791310564753210e-17 4.388734393356109649e+03
7.586584723488300569e-15 8.938411591811884213e-17 4.389460510836130197e+03
7.177013555818199819e-15 8.925916653144272816e-17 4.390186638995108297e+03
6.807779391325681212e-15 8.893840593248098360e-17 4.390912777833043037e+03
7.091694252058164028e-15 8.885229832274568304e-17 4.391638927349931691e+03
7.124043956901546618e-15 8.873058458874395272e-17 4.392365087545775168e+03
6.949733217905909994e-15 8.879586914273266382e-17 4.393091258420571648e+03
7.327313516672292524e-15 8.890131969546876128e-17 4.393817439974316585e+03
6.939870978927784517e-15 8.813653913269111313e-17 4.394543632207012706e+03
7.221149968082097121e-15 8.827568319747614201e-17 4.395269835118657284e+03
7.144154909358879963e-15 8.789844225422134302e-17 4.395996048709246679e+03
7.019301726130178906e-15 8.765224821565131628e-17 4.396722272978780893e+03
6.974937220920847000e-15 8.764553052047302892e-17 4.397448507927260835e+03
6.785847212596075884e-15 8.756011112858221894e-17 4.398174753554682866e+03
7.091751559498281140e-15 8.755432133106489844e-17 4.398901009861047896e+03
6.637664858889040657e-15 8.747019844472096961e-17 4.399627276846349559e+03
6.822812262388420469e-15 8.751413297629348137e-17 4.400353554510591493e+03
6.727828212006521193e-15 8.746943595985562523e-17 4.401079842853770970e+03
6.753122501529877313e-15 8.729053965613819218e-17 4.401806141875886169e+03
6.672513221820056963e-15 8.740570597023923965e-17 4.402532451576935273e+03
6.903307800458361470e-15 8.738683016295639483e-17 4.403258771956918281e+03
6.950270152976247558e-15 8.739225419571383373e-17 4.403985103015833374e+03
7.027345597928248620e-15 8.760922046194217973e-17 4.404711444753676915e+03
6.916852761843037690e-15 8.801467636393632241e-17 4.405437797170450722e+03
6.923891827310827062e-15 8.809130289993060512e-17 4.406164160266151157e+03
6.761615711678369807e-15 8.848898022658086483e-17 4.406890534040778221e+03
6.802646114165202264e-15 8.848210900704221551e-17 4.407616918494331003e+03
7.033641034407521533e-15 8.862447862981252299e-17 4.408343313626806776e+03
6.952743154406011870e-15 8.859046174534100135e-17 4.409069719438206448e+03
7.020189742500253853e-15 8.865624289915932227e-17 4.409796135928525473e+03
6.962131830648556329e-15 8.874939110983239503e-17 4.410522563097762941e+03
6.841911257353983573e-15 8.916191702039172726e-17 4.411249000945919761e+03
7.160990479020691844e-15 8.946574922573292621e-17 4.411975449472994114e+03
7.105338737335847743e-15 8.945604329664734522e-17 4.412701908678982363e+03
6.779064191967780583e-15 8.874098348717289119e-17 4.413428378563885417e+03
7.170612303762638889e-15 8.894868181340016816e-17 4.414154859127702366e+03
7.078243352351482148e-15 8.916546447016065392e-17 4.414881350370430482e+03
7.088710034569528821e-15 8.890226140548804622e-17 4.415607852292067946e+03
6.989942220965826601e-15 8.875868063303485899e-17 4.416334364892614758e+03
7.317637069926796920e-15 8.872647433968804219e-17 4.417060888172067280e+03
6.840040685767605528e-15 8.832858277295097012e-17 4.417787422130429150e+03
6.898601763138613470e-15 8.822530339305778387e-17 4.418513966767694001e+03
7.053141255223904594e-15 8.781965549046272152e-17 4.419240522083861833e+03
6.894606314596076496e-15 8.787297444993937545e-17 4.419967088078932647e+03
6.669188244102220406e-15 8.737427354294482838e-17 4.420693664752903715e+03
6.934328838084698007e-15 8.721274202934337542e-17 4.421420252105774125e+03
7.277468962757305218e-15 8.736531579584371278e-17 4.422146850137542060e+03
7.228086652935201631e-15 8.712253170540889420e-17 4.422873458848207520e+03
6.974272857288942142e-15 8.671173633357484887e-17 4.423600078237770504e+03
7.147049756526143017e-15 8.665846820630034188e-17 4.424326708306224646e+03
6.794748766221811086e-15 8.657296671906734681e-17 4.425053349053572674e+03
6.526964170282412893e-15 8.657358849771433407e-17 4.425780000479811861e+03
6.950898696325360119e-15 8.661587254161575950e-17 4.426506662584941296e+03
7.007050123614169507e-15 8.631741393960209010e-17 4.427233335368959160e+03
7.138392384229775128e-15 8.626619352838375488e-17 4.427960018831865455e+03
7.150520398011437070e-15 8.610463691838711531e-17 4.428686712973657450e+03
6.979200666667028919e-15 8.583626815416996796e-17 4.429413417794334237e+03
7.260930689046207318e-15 8.572493453119190986e-17 4.430140133293893086e+03
7.028981076459121982e-15 8.578641333393448437e-17 4.430866859472335818e+03
7.127699323102193498e-15 8.584665944797014122e-17 4.431593596329659704e+03
7.035633334865818400e-15 8.567372574050496641e-17 4.432320343865862924e+03
7.272473360456657187e-15 8.541395520774579890e-17 4.433047102080943660e+03
7.123279229541132426e-15 8.534597534255073796e-17 4.433773870974901001e+03
7.117521601470231864e-15 8.497876431937742050e-17 4.434500650547734040e+03
7.133365222902751219e-15 8.476762134150516979e-17 4.435227440799441865e+03
6.767250157249351317e-15 8.448197269495221509e-17 4.435954241730023568e+03
7.054417257840683049e-15 8.446554270892789661e-17 4.436681053339476421e+03
6.737541969311654038e-15 8.440217413490354356e-17 4.437407875627797694e+03
7.304256742411837974e-15 8.371555388696107576e-17 4.438134708594990116e+03
6.969935023276196849e-15 8.356230448490147611e-17 4.438861552241049139e+03
7.294199378219078066e-15 8.360897148107670312e-17 4.439588406565975674e+03
6.984068425604398596e-15 8.333779634530529765e-17 4.440315271569766992e+03
6.898528281868509366e-15 8.310746621948962975e-17 4.441042147252421273e+03
7.206178784104277732e-15 8.286798174066189069e-17 4.441769033613940337e+03
7.530889554078393198e-15 8.307475301192459802e-17 4.442495930654318727e+03
6.927869279209624908e-15 8.278605583481173797e-17 4.443222838373557352e+03
6.849416885590726406e-15 8.285498106525249427e-17 4.443949756771654393e+03
7.095560755503995672e-15 8.272698158528294775e-17 4.444676685848608031e+03
7.326922576711615050e-15 8.296852070588919607e-17 4.445403625604420085e+03
7.089065202567344576e-15 8.268756504564890378e-17 4.446130576039085099e+03
7.251832852064670287e-15 8.274200951261278892e-17 4.446857537152603982e+03
7.300275867170402008e-15 8.242371238929593293e-17 4.447584508944974004e+03
7.082107413679811191e-15 8.225339606282227464e-17 4.448311491416195167e+03
7.222560608454516816e-15 8.229870185489154181e-17 4.449038484566265652e+03
7.409383406535071146e-15 8.229098412317995477e-17 4.449765488395185457e+03
6.891574985132390554e-15 8.211257672369064483e-17 4.450492502902952765e+03
7.076888283951063505e-15 8.205963620084249031e-17 4.451219528089564847e+03
7.176551051947697614e-15 8.202080950048042052e-17 4.451946563955019883e+03
7.036888144542143735e-15 8.169876307946224216e-17 4.452673610499318784e+03
6.949113368610767048e-15 8.155708723839098963e-17 4.453400667722460639e+03
7.335830621428382370e-15 8.122394924101971133e-17 4.454127735624441812e+03
7.120618905993139915e-15 8.104084635617729011e-17 4.454854814205262301e+03
6.866759194197099468e-15 8.082875699150177742e-17 4.455581903464921197e+03
7.256586983119770934e-15 8.047279209925516617e-17 4.456309003403416682e+03
7.154022319219811648e-15 8.026594716731993790e-17 4.457036114020747846e+03
7.177773525206154633e-15 8.039248761487099790e-17 4.457763235316911960e+03
7.223047445740623011e-15 8.052994154762754097e-17 4.458490367291909024e+03
6.928744849151664276e-15 8.044040766565552164e-17 4.459217509945738129e+03
7.330782073579517885e-15 8.046527159436034649e-17 4.459944663278397456e+03
7.435733387389682156e-15 8.067963067214704011e-17 4.460671827289885186e+03
7.237837671887686276e-15 8.065224627244839675e-17 4.461399001980200410e+03
7.028163700889362104e-15 8.075844450858179970e-17 4.462126187349342217e+03
6.888708794832984826e-15 8.055042251927175627e-17 4.462853383397310608e+03
7.353448529296316227e-15 8.056380613519427602e-17 4.463580590124100127e+03
7.535336625533896037e-15 8.063626178813644005e-17 4.464307807529716229e+03
7.147510877884655180e-15 8.063135525282907534e-17 4.465035035614149820e+03
7.339049672106070147e-15 8.046784863386840571e-17 4.465762274377404538e+03
7.302146343877935695e-15 8.047335736241097660e-17 4.466489523819478563e+03
7.422339278147915481e-15 8.005915604842139159e-17 4.467216783940370078e+03
7.338357269573036223e-15 7.951301768978337589e-17 4.470125931212081923e+03
7.187801470858654879e-15 7.938077925472823536e-17 4.470853244727042693e+03
7.050680265541247299e-15 7.912966256646471391e-17 4.471580568920811857e+03
6.654349931954874393e-15 7.886119899929385816e-17 4.472307903793389414e+03
7.081892638881265770e-15 7.883385026456665487e-17 4.473035249344775366e+03
7.114635417782135722e-15 7.852481210622880164e-17 4.473762605574966074e+03
7.131699960881598120e-15 7.833690229409363179e-17 4.474489972483961537e+03
6.781376004060771646e-15 7.805164540041304387e-17 4.475217350071762667e+03
7.100119174102714147e-15 7.808888182065902760e-17 4.475944738338364914e+03
6.805994087994431622e-15 7.811976537664316094e-17 4.476672137283766460e+03
7.042098833898121452e-15 7.840678080107968422e-17 4.477399546907970944e+03
7.275187910974975452e-15 7.866660795324015517e-17 4.478126967210971088e+03
6.975033600336889562e-15 7.871246930447280307e-17 4.478854398192769622e+03
7.196287534761403184e-15 7.892158727645346557e-17 4.479581839853364727e+03
6.705170000806044713e-15 7.900870246417176231e-17 4.480309292192754583e+03
6.781537702740291930e-15 7.901153517971518107e-17 4.481036755210937372e+03
7.457202146422032394e-15 7.915054069166074634e-17 4.481764228907913093e+03
7.121677953305386913e-15 7.936293605048102685e-17 4.482491713283679019e+03
6.947672959318719810e-15 7.904709371878077128e-17 4.483219208338236058e+03
6.884402075986814533e-15 7.901593297895001364e-17 4.483946714071578754e+03
7.600133424813916467e-15 7.895189833249687887e-17 4.484674230483711654e+03
7.429996836464656956e-15 7.883718334625783759e-17 4.485401757574629301e+03
7.327177544618965711e-15 7.882311858986670643e-17 4.486129295344331695e+03
7.295002437619093116e-15 7.888038315504030832e-17 4.486856843792817926e+03
7.594180206051699732e-15 7.884984018262433773e-17 4.487584402920087086e+03
7.116253072310799064e-15 7.890560827401017845e-17 4.488311972726135537e+03
7.344018998110641007e-15 7.894745843882921342e-17 4.489039553210966005e+03
7.240471527845700950e-15 7.897492545102425111e-17 4.489767144374574855e+03
7.205704661600756816e-15 7.900604642488867333e-17 4.490494746216958447e+03
7.387242355671517134e-15 7.891923071040155058e-17 4.491222358738121329e+03
7.327044959453280671e-15 7.875433989048613121e-17 4.491949981938058045e+03
7.434034173834427901e-15 7.873821537144372322e-17 4.492677615816766775e+03
7.523577552933439544e-15 7.847256449774444241e-17 4.493405260374248428e+03
7.115271782313855079e-15 7.806339849031206561e-17 4.494132915610502096e+03
7.526675087461675520e-15 7.786131317722272237e-17 4.494860581525525049e+03
7.219365311652165491e-15 7.762503324593328704e-17 4.495588258119316379e+03
7.365894613418549465e-15 7.750325251865942817e-17 4.496315945391877904e+03
6.971145895321092062e-15 7.739777880359905907e-17 4.497043643343202348e+03
7.052217995134013669e-15 7.721548092304662667e-17 4.497771351973293349e+03
7.461588573124867456e-15 7.712636503494776744e-17 4.498499071282147270e+03
7.249215811783565451e-15 7.701346693004791948e-17 4.499226801269765019e+03
7.355565448031940110e-15 7.691211675656227493e-17 4.499954541936142050e+03
7.251373740781143725e-15 7.668201039433594076e-17 4.500682293281281090e+03
7.162673558171489289e-15 7.674887438028159166e-17 4.501410055305179412e+03
7.206898443866551147e-15 7.678557129630028773e-17 4.502137828007833377e+03
7.291171972955562191e-15 7.689285703844089255e-17 4.502865611389245714e+03
7.058972731480029969e-15 7.680182408074958463e-17 4.503593405449411875e+03
7.093762014640533394e-15 7.675516489568381631e-17 4.504321210188332770e+03
7.431198072085450132e-15 7.690107089182312361e-17 4.505049025606005671e+03
7.010482898045971567e-15 7.660817172949123881e-17 4.505776851702429667e+03
7.278250669451730000e-15 7.655720937989590757e-17 4.506504688477603850e+03
7.663735350946601743e-15 7.661062106465925089e-17 4.507232535931528218e+03
7.286269515884461435e-15 7.666708713829629569e-17 4.507960394064200955e+03
7.419565740188625282e-15 7.645294389966533098e-17 4.508688262875619330e+03
7.294021097129661699e-15 7.634670791854913455e-17 4.509416142365782434e+03
7.179154309390893602e-15 7.633080420053376251e-17 4.510144032534692087e+03
7.370179688995630421e-15 7.608194027181651183e-17 4.510871933382342831e+03
7.433513624170027320e-15 7.609694453088787776e-17 4.511599844908735577e+03
7.429002110625015517e-15 7.588867280309151867e-17 4.512327767113871232e+03
7.337574134118962944e-15 7.545460301026313500e-17 4.513055699997743432e+03
7.401966620231800141e-15 7.536798745487995170e-17 4.513783643560353994e+03
7.463303015667374606e-15 7.530732397477726080e-17 4.514511597801702919e+03
7.371883210280553259e-15 7.528577796279685631e-17 4.515239562721785660e+03
7.581466699503103136e-15 7.513553678664971259e-17 4.515967538320604945e+03
7.221096261107555601e-15 7.499020915516024147e-17 4.516695524598157135e+03
7.254689192092097481e-15 7.527339440627024276e-17 4.517423521554440413e+03
7.408594614352961995e-15 7.525896320216121264e-17 4.518151529189455687e+03
7.372210876076321602e-15 7.508547688465099013e-17 4.518879547503200229e+03
7.490725231525417385e-15 7.548269256998053298e-17 4.519607576495673129e+03
7.536744273364563836e-15 7.548764066079738697e-17 4.520335616166873479e+03
7.382440400993971088e-15 7.545184736945669515e-17 4.521063666516800367e+03
7.484213429372186980e-15 7.539231572409541815e-17 4.521791727545451977e+03
7.501539192903060354e-15 7.546412109396028818e-17 4.522519799252826488e+03
7.557650199714490742e-15 7.534783730316146860e-17 4.523247881638922991e+03
7.533295387778396115e-15 7.545182957221247940e-17 4.523975974703743304e+03
7.409932950732644656e-15 7.538603407531095561e-17 4.524704078447282882e+03
7.356468000622499379e-15 7.568074309520576484e-17 4.525432192869540813e+03
7.310977985881630056e-15 7.560352797648631368e-17 4.526160317970516189e+03
7.692630446597093519e-15 7.569621041658855155e-17 4.526888453750209010e+03
7.580978903036495800e-15 7.563975303685890955e-17 4.527616600208617456e+03
7.524002959157956702e-15 7.547239900142008634e-17 4.528344757345738799e+03
7.319561298417851816e-15 7.551080866881114625e-17 4.529072925161573949e+03
7.307111344990730372e-15 7.563637439533440044e-17 4.529801103656121086e+03
7.358570383520709796e-15 7.523047782921625048e-17 4.530529292829378392e+03
7.236659067946992359e-15 7.511206194647947574e-17 4.531257492681344957e+03
7.549752504957502094e-15 7.503739424824777312e-17 4.531985703212019871e+03
7.392001455155076590e-15 7.503757907144032047e-17 4.532713924421401316e+03
7.120746225633402730e-15 7.507694475307069735e-17 4.533442156309489292e+03
6.896748659309820215e-15 7.503422465624561398e-17 4.534170398876281979e+03
7.372348458554058448e-15 7.500404679329975619e-17 4.534898652121777559e+03
7.143542859200851945e-15 7.495097563762830670e-17 4.535626916045976031e+03
7.306788275401944420e-15 7.535034612646673005e-17 4.536355190648875578e+03
7.192271270066471181e-15 7.534410600480664321e-17 4.537083475930474378e+03
6.904546014398145353e-15 7.508747951521578688e-17 4.537811771890772434e+03
7.131092716858010383e-15 7.551171537701356757e-17 4.538540078529767015e+03
7.235479067804689197e-15 7.524863082253730594e-17 4.539268395847459942e+03
7.026088278284875247e-15 7.522677503360529513e-17 4.539996723843847576e+03
7.295361417018094757e-15 7.534726383988829045e-17 4.540725062518928098e+03
7.193131906482910835e-15 7.543784993603399739e-17 4.541453411872702418e+03
7.014861144580450196e-15 7.554995667240062333e-17 4.542181771905168716e+03
7.005932570366981408e-15 7.537642506491894523e-17 4.542910142616325174e+03
6.938663112549253770e-15 7.522202755808297535e-17 4.543638524006169973e+03
6.961761415081629243e-15 7.524479296503540511e-17 4.544366916074704022e+03
7.107735156518772491e-15 7.522999855854936680e-17 4.545095318821926412e+03
7.083014522753461273e-15 7.502236297399767807e-17 4.545823732247830776e+03
7.140027755831461555e-15 7.480561430752141997e-17 4.546552156352423481e+03
7.162918699221157117e-15 7.454455102624025095e-17 4.547280591135699069e+03
7.200560833698232234e-15 7.416550396508825178e-17 4.548009036597655722e+03
6.969872047079753896e-15 7.382741056865019274e-17 4.548737492738294350e+03
7.089676958716732569e-15 7.355718763049845633e-17 4.549465959557612223e+03
7.033538654850815108e-15 7.355554768836294392e-17 4.550194437055609342e+03
6.819196822541934497e-15 7.310201862990148718e-17 4.550922925232283887e+03
6.988770152830608190e-15 7.242506417267390583e-17 4.553836984725738148e+03
7.030577551068098334e-15 7.220944716107637169e-17 4.554565526295783457e+03
7.344127071247476453e-15 7.218595454945084211e-17 4.555294078544498916e+03
7.312114433762841669e-15 7.205251397085600548e-17 4.556022641471886345e+03
7.168202838674970340e-15 7.214927743278924155e-17 4.556751215077940287e+03
7.319431047196885824e-15 7.211776477935751240e-17 4.557479799362661652e+03
7.038043125145349696e-15 7.205133227229684194e-17 4.558208394326049529e+03
7.387027424733888938e-15 7.193244631440237817e-17 4.558936999968102100e+03
7.017146536994966788e-15 7.191653774115598702e-17 4.559665616288817546e+03
7.215021150450605270e-15 7.189221529206911016e-17 4.560394243288197686e+03
7.059473778630446374e-15 7.188767702694033681e-17 4.561122880966238881e+03
7.181474127552939633e-15 7.190014394875204428e-17 4.561851529322939314e+03
7.121804162835490236e-15 7.134527744834078099e-17 4.562580188358298983e+03
7.084464437452062833e-15 7.128818466208671254e-17 4.563308858072317889e+03
7.021564906777748887e-15 7.118343051662611981e-17 4.564037538464992394e+03
7.029985204644572159e-15 7.139468211625179145e-17 4.564766229536322498e+03
6.794485428820230635e-15 7.098769425132316805e-17 4.565494931286307292e+03
6.748082056353071005e-15 7.114411831112342921e-17 4.566223643714945865e+03
7.146629647623158142e-15 7.172914993567757771e-17 4.566952366822235490e+03
7.263607525991366392e-15 7.075751906341441849e-17 4.567681100608178895e+03
7.446440277762818392e-15 7.087248966251142693e-17 4.568409845072770622e+03
6.971363692814679247e-15 7.074870612903546689e-17 4.569138600216011582e+03
6.815558523031286505e-15 7.108024980642055242e-17 4.569867366037899046e+03
7.029825888206040406e-15 7.098286253154040831e-17 4.570596142538435743e+03
7.096263480257843157e-15 7.097601987011427219e-17 4.571324929717615305e+03
7.197489954634331554e-15 7.118941885442076392e-17 4.572053727575439552e+03
7.232984195603989259e-15 7.157724304858057883e-17 4.572782536111907575e+03
7.183893643993982453e-15 7.150304277000184206e-17 4.573511355327016645e+03
7.384172592424761767e-15 7.165321537160545622e-17 4.574240185220768581e+03
7.483213920347675113e-15 7.187644714576609792e-17 4.574969025793157925e+03
7.004309747992534834e-15 7.155478007265696261e-17 4.575697877044189227e+03
7.150465084828257592e-15 7.168216866871697260e-17 4.576426738973854299e+03
7.446014075143083326e-15 7.167195213164218428e-17 4.577155611582156780e+03
7.290012616545928968e-15 7.181347993989110837e-17 4.577884494869094851e+03
7.401324338858654093e-15 7.172406799936225734e-17 4.578613388834666694e+03
7.358714406250623804e-15 7.161071981301026000e-17 4.579342293478873216e+03
7.173178314778092486e-15 7.151393585440872250e-17 4.580071208801709872e+03
7.170291795282640654e-15 7.153846636639122988e-17 4.580800134803177571e+03
7.305537656312451959e-15 7.136236929420572379e-17 4.581529071483274492e+03
7.165523500745082959e-15 7.143527123895015081e-17 4.582258018841999728e+03
7.361810113352001320e-15 7.153968209134914171e-17 4.582986976879352369e+03
7.346532482897684337e-15 7.130094235256490223e-17 4.583715945595331505e+03
7.429736651403507915e-15 7.102495858859124457e-17 4.584444924989936226e+03
7.080171684873141427e-15 7.076522325299353126e-17 4.585173915063162895e+03
7.068985502419425881e-15 7.088974001408178509e-17 4.585902915815015149e+03
7.273159783441961922e-15 7.097335764710570627e-17 4.586631927245487532e+03
7.619934049292935303e-15 7.014470887589542818e-17 4.587360949354579134e+03
7.259110033223974857e-15 7.024118385396419301e-17 4.588089982142292683e+03
7.045428241996272576e-15 7.026750587653767859e-17 4.588819025608623633e+03
7.151082436293775852e-15 7.012006093462288363e-17 4.589548079753571074e+03
7.237159629109986134e-15 7.006974585814921524e-17 4.590277144577134095e+03
7.277151247972584974e-15 7.006304548658423943e-17 4.591006220079314517e+03
7.291875723258370696e-15 7.009031747863958238e-17 4.591735306260106881e+03
7.068360300762668640e-15 6.974402557685515603e-17 4.592464403119513008e+03
6.771752000596229824e-15 6.980644482869983407e-17 4.593193510657529259e+03
7.169603575320303297e-15 6.951897372909732430e-17 4.593922628874157454e+03
7.226611655175055924e-15 6.958529902858669325e-17 4.594651757769393953e+03
6.902946623765298280e-15 6.948564230362088413e-17 4.595380897343238757e+03
6.989451058265106148e-15 6.935443608108749845e-17 4.596110047595691867e+03
6.931497798406502080e-15 6.911464002808513014e-17 4.596839208526751463e+03
7.032139888840539279e-15 6.903282576123773883e-17 4.597568380136412998e+03
6.970028624383054399e-15 6.830300691455120203e-17 4.600485173361095804e+03
7.189411488387625832e-15 6.827600450660952453e-17 4.601214398363767032e+03
6.895031059858868199e-15 6.824426695586637442e-17 4.604131405160425857e+03
7.134284418816761130e-15 6.819665715077019419e-17 4.604860683556075855e+03
7.245409225946438702e-15 6.813394303063580746e-17 4.605589972630321427e+03
6.970740268243837159e-15 6.790588011780062887e-17 4.606319272383156203e+03
7.521100951098857707e-15 6.791201704767821058e-17 4.607048582814584734e+03
6.868200343462681867e-15 6.786740662304446304e-17 4.607777903924601560e+03
7.097005784250654413e-15 6.791474074995005770e-17 4.608507235713206683e+03
7.454165266424111125e-15 6.794291573608453870e-17 4.609236578180397373e+03
7.065897714150152569e-15 6.805840044660086403e-17 4.609965931326176360e+03
7.272416062437759139e-15 6.816399736073528694e-17 4.610695295150540005e+03
7.067658783059853769e-15 6.822136698704142391e-17 4.611424669653487399e+03
7.044043512066869345e-15 6.781363164705755508e-17 4.612154054835016723e+03
7.132310545705847520e-15 6.783224972939059617e-17 4.612883450695128886e+03
6.987630243609714957e-15 6.802683700014501291e-17 4.613612857233822069e+03
6.783664223600039612e-15 6.798849898030586608e-17 4.614342274451095363e+03
6.992250466341624310e-15 6.808539249989748930e-17 4.615071702346946040e+03
7.139590598683400229e-15 6.806219969778144745e-17 4.615801140921374099e+03
7.380417200462048296e-15 6.800245641423693027e-17 4.616530590174379540e+03
7.168505286078539567e-15 6.791243465654483533e-17 4.617260050105959635e+03
7.355988188090140310e-15 6.782760202699793873e-17 4.617989520716115294e+03
7.231004010182384864e-15 6.769241452723017989e-17 4.618719002004841968e+03
7.089797236374259453e-15 6.753972445170565118e-17 4.619448493972140568e+03
7.155515394240055583e-15 6.767153606596803731e-17 4.620177996618012003e+03
7.338656230428801817e-15 6.744727561967472191e-17 4.620907509942451725e+03
7.113650011986750857e-15 6.755885111090714988e-17 4.621637033945461553e+03
7.181803605329300725e-15 6.724764102295348222e-17 4.622366568627037850e+03
7.242185568939119598e-15 6.716733159956269652e-17 4.623096113987179706e+03
7.388652892619262889e-15 6.702847854419955543e-17 4.623825670025889849e+03
7.418325220027270981e-15 6.692064683331846839e-17 4.624555236743162823e+03
7.289632329863951136e-15 6.696045956493047652e-17 4.625284814138999536e+03
6.977446368720697636e-15 6.698207182840668494e-17 4.626014402213399080e+03
6.926576002634115193e-15 6.676466618866412663e-17 4.626744000966359636e+03
7.240253593250070055e-15 6.662677223213563523e-17 4.627473610397878474e+03
7.394183466321645675e-15 6.650745317461714215e-17 4.628203230507957414e+03
7.239640385639591231e-15 6.634722769284062486e-17 4.628932861296594638e+03
7.176106498228243263e-15 6.633964335017914915e-17 4.629662502763789234e+03
6.992277908806580928e-15 6.621440421843850193e-17 4.630392154909539386e+03
6.902154127441290600e-15 6.606366708989147970e-17 4.631121817733844182e+03
7.161181514971623749e-15 6.605034903809976276e-17 4.631851491236702714e+03
7.203580579341144252e-15 6.598176675334213415e-17 4.632581175418112252e+03
7.291092790834608729e-15 6.599463477701489886e-17 4.633310870278075527e+03
7.150208274405909834e-15 6.594010102696560192e-17 4.634040575816588898e+03
7.437514513667315358e-15 6.605493969745101836e-17 4.634770292033650549e+03
7.118666130874918601e-15 6.603279455887484873e-17 4.635500018929261387e+03
7.126722821835982498e-15 6.617502501832730310e-17 4.636229756503418685e+03
7.119118146017205314e-15 6.581984783495930673e-17 4.636959504756123351e+03
7.193941296937598644e-15 6.583666884362024636e-17 4.637689263687372659e+03
7.288618489154977692e-15 6.578742100961781289e-17 4.638419033297165697e+03
7.351201250312890428e-15 6.605508804261452686e-17 4.639148813585501557e+03
7.164624019252347727e-15 6.588096891750917328e-17 4.639878604552379329e+03
6.950831775242383685e-15 6.582787463129678128e-17 4.640608406197799923e+03
7.267945366075965395e-15 6.595324176076300607e-17 4.641338218521757881e+03
7.332682762065239587e-15 6.587487701006640552e-17 4.642068041524255023e+03
7.334821153421387690e-15 6.551758420147824179e-17 4.642797875205291348e+03
7.350262329147894560e-15 6.572275452163249928e-17 4.643527719564863219e+03
7.419411326181878661e-15 6.582172986286971967e-17 4.644257574602970635e+03
7.202542459390000719e-15 6.556517314233132815e-17 4.644987440319612688e+03
7.131322039273180354e-15 6.563654224438885111e-17 4.645717316714788467e+03
7.206260772595216235e-15 6.553859634151606898e-17 4.646447203788497063e+03
7.153553178541210677e-15 6.563110568893328544e-17 4.647177101540735748e+03
7.161055771765013583e-15 6.552601264494589921e-17 4.647907009971505431e+03
7.195907480943635685e-15 6.571976700832791191e-17 4.648636929080804293e+03
7.166259402462879681e-15 6.560869078669921370e-17 4.649366858868630516e+03
7.290717222741657655e-15 6.545812310790826884e-17 4.650096799334984098e+03
7.069232675161884716e-15 6.538154376773461129e-17 4.650826750479864131e+03
7.409270658539071091e-15 6.552027287982103504e-17 4.651556712303269705e+03
7.157954700329614708e-15 6.549067733030890129e-17 4.652286684805198092e+03
7.064846014828367077e-15 6.562463368853950006e-17 4.653016667985650201e+03
7.168710635303793855e-15 6.563965500535209402e-17 4.653746661844625123e+03
7.192528190176822853e-15 6.564943311349978391e-17 4.654476666382119220e+03
7.019200840737446890e-15 6.563325338554304415e-17 4.655206681598134310e+03
7.182670324741902422e-15 6.560727190857130040e-17 4.655936707492666756e+03
6.970385238589833152e-15 6.568698837147753230e-17 4.656666744065718376e+03
6.857095730553952442e-15 6.577993710930030962e-17 4.657396791317286443e+03
6.913269408478881847e-15 6.561914807761613283e-17 4.658126849247369137e+03
6.907689545864813340e-15 6.557318457112798330e-17 4.658856917855964639e+03
7.032354764963784091e-15 6.550073006053475378e-17 4.659586997143076587e+03
7.079640436469247836e-15 6.544250074270131620e-17 4.660317087108700434e+03
7.324095333935745469e-15 6.545982828602719526e-17 4.661047187752835271e+03
6.707653660128959210e-15 6.505042609190093632e-17 4.661777299075482006e+03
7.016445861986002894e-15 6.484867955184474210e-17 4.662507421076636092e+03
6.799708255855406572e-15 6.475424711892340104e-17 4.663237553756298439e+03
6.924041898412552372e-15 6.463548261614083663e-17 4.663967697114469047e+03
6.730789911758919884e-15 6.448971837072340768e-17 4.664697851151145187e+03
6.874618420598257085e-15 6.423656993946157992e-17 4.665428015866327769e+03
6.658575323202616193e-15 6.405813769908788565e-17 4.666158191260012245e+03
6.856724761783114220e-15 6.390984171814026333e-17 4.666888377332201344e+03
6.939778291631523350e-15 6.388015383956787026e-17 4.667618574082893247e+03
6.923344634277643380e-15 6.365897341003877368e-17 4.668348781512084315e+03
7.022761111300894296e-15 6.365881643088555823e-17 4.669078999619776368e+03
6.969082753898639273e-15 6.354760667167493917e-17 4.669809228405967588e+03
6.939427193320143330e-15 6.333818758968543923e-17 4.670539467870657973e+03
6.797183770329233320e-15 6.329696276795766432e-17 4.671269718013842066e+03
6.942209355958617235e-15 6.327177300102088649e-17 4.671999978835525326e+03
6.632708338455604364e-15 6.309482218973501570e-17 4.672730250335700475e+03
6.880369091327663538e-15 6.305508549328874412e-17 4.673460532514371153e+03
6.871556152214063443e-15 6.298598235913237849e-17 4.674190825371534629e+03
6.961847453543739673e-15 6.280140678858932078e-17 4.674921128907189086e+03
6.842217349154789048e-15 6.279607176575247460e-17 4.675651443121334523e+03
6.727783967112500788e-15 6.281305431371089051e-17 4.676381768013970031e+03
7.001980532441656379e-15 6.281540009674365127e-17 4.677112103585095610e+03
6.854343867329773836e-15 6.279453246072191605e-17 4.677842449834706713e+03
6.792101694527528086e-15 6.274915591607443985e-17 4.678572806762804248e+03
6.534753802647930787e-15 6.264009885404036282e-17 4.679303174369390035e+03
6.872377075235290776e-15 6.257073824978423844e-17 4.680033552654456798e+03
6.631852515736497320e-15 6.235293866643265443e-17 4.680763941618009085e+03
6.783798065660819178e-15 6.231247753744333803e-17 4.681494341260045076e+03
6.775766025723905290e-15 6.204037270029207999e-17 4.682224751580561133e+03
6.690230472462859011e-15 6.191567062810027891e-17 4.682955172579559076e+03
6.748579356586539518e-15 6.182942666344068465e-17 4.683685604257034356e+03
6.860805652391841594e-15 6.159650771926695064e-17 4.684416046612989703e+03
6.739959035214989985e-15 6.137870048043354596e-17 4.685146499647422388e+03
6.911355478444421890e-15 6.137440376708067048e-17 4.685876963360330592e+03
6.553557678396832261e-15 6.082506608448332022e-17 4.686607437751714315e+03
6.700618896585437470e-15 6.049114642362207396e-17 4.687337922821572647e+03
6.654592714434269417e-15 6.049586412677648726e-17 4.688068418569904679e+03
6.691119325710779327e-15 6.055730424449881108e-17 4.688798924996710412e+03
6.685961716581976894e-15 6.055745931499086365e-17 4.689529442101984387e+03
6.553600617719180390e-15 6.048312194710173008e-17 4.690259969885730243e+03
6.464905612716603030e-15 6.065361022525065293e-17 4.690990508347946161e+03
6.672789812286466929e-15 6.056320369180244690e-17 4.691721057488630322e+03
6.966476701785037763e-15 6.162551186695274071e-17 4.692451617307780907e+03
6.602371351806705048e-15 6.048408712457150791e-17 4.693182187805398826e+03
6.748671397125987055e-15 6.041255168314176890e-17 4.693912768981480440e+03
6.542203219421513211e-15 6.039251464498109684e-17 4.694643360836029387e+03
6.867406493840597658e-15 6.039767368421854578e-17 4.695373963369039302e+03
6.893409081117205617e-15 6.040149866161807687e-17 4.696104576580512003e+03
6.668893503410899208e-15 6.034783942554901512e-17 4.696835200470444761e+03
6.876892614799820167e-15 6.041373102494837276e-17 4.697565835038840305e+03
6.830560257169553125e-15 6.042087085618173508e-17 4.698296480285693178e+03
6.845356986634540521e-15 6.051651796411848034e-17 4.699027136211005200e+03
6.608737115629302651e-15 6.047020741103340020e-17 4.699757802814774550e+03
6.756613496385418147e-15 6.054271827428788078e-17 4.700488480096999410e+03
6.809025051737011987e-15 6.042062279036785643e-17 4.701219168057680690e+03
6.671113717151432508e-15 6.036675509536413789e-17 4.701949866696815661e+03
7.026006045184996438e-15 6.042633257602328712e-17 4.702680576014403414e+03
6.786136074362582422e-15 6.027845731695367400e-17 4.703411296010443039e+03
6.731058943728196433e-15 6.012809867650833757e-17 4.704142026684936354e+03
6.795007540638718189e-15 5.989995282691381323e-17 4.704872768037877904e+03
6.829858066463615906e-15 5.994528670236780296e-17 4.705603520069268598e+03
6.842514103119175821e-15 5.990711008009670744e-17 4.706334282779109344e+03
6.832824244644261291e-15 5.989402153244359945e-17 4.707065056167395596e+03
6.853690645877077079e-15 5.987074779409422394e-17 4.707795840234128264e+03
7.080474015274522533e-15 5.991340913694555433e-17 4.708526634979307346e+03
6.713021507098231263e-15 6.014199574434761701e-17 4.709257440402930115e+03
6.646597283901520719e-15 6.020577765181280987e-17 4.709988256504995661e+03
6.949423598211436346e-15 6.030362018674831435e-17 4.710719083285503984e+03
6.677138010804291646e-15 6.019712045920497807e-17 4.711449920744454175e+03
7.026163953676881316e-15 6.001094925835933673e-17 4.712180768881844415e+03
7.042946186874244849e-15 6.024119763046375172e-17 4.712911627697673794e+03
6.845990162096359015e-15 6.052992154332360124e-17 4.715835169745364510e+03
6.884395208601983545e-15 6.042461051937972088e-17 4.716566081953375033e+03
6.640710785079665921e-15 6.041588165327355197e-17 4.717297004839820147e+03
6.923253923602087121e-15 6.044496354613029629e-17 4.718027938404698034e+03
6.650259552426593923e-15 6.044387857626819529e-17 4.718758882648007784e+03
6.739653500249129307e-15 6.055744329772232414e-17 4.719489837569746669e+03
6.735912776225032086e-15 6.056423631330314765e-17 4.720220803169914689e+03
6.597697397252164336e-15 6.057804921347966611e-17 4.720951779448510933e+03
6.772472120573328914e-15 6.045457634074103363e-17 4.721682766405536313e+03
6.694702475473905870e-15 6.063177586460040169e-17 4.722413764040988099e+03
6.631309196736920466e-15 6.062777165029143576e-17 4.723144772354864472e+03
7.055701211591589619e-15 6.072366815513508696e-17 4.723875791347165432e+03
6.607071533098450013e-15 6.069815347619975825e-17 4.724606821017890979e+03
7.090372243559862305e-15 6.068036340544127516e-17 4.725337861367039295e+03
6.855391146638774266e-15 6.049061495004243532e-17 4.726068912394608560e+03
6.944485570984384983e-15 6.057723729494692998e-17 4.726799974100596955e+03
6.730209202956796914e-15 6.038162881720954111e-17 4.727531046485007209e+03
6.596806914359964572e-15 6.032089095444854030e-17 4.728262129547835684e+03
7.079883846790854946e-15 6.036563404589895717e-17 4.728993223289082380e+03
6.929747243910409488e-15 6.020016061625004625e-17 4.729724327708745477e+03
6.919606308829874252e-15 6.018709713852009761e-17 4.730455442806824067e+03
6.935699712449733709e-15 6.007884844672738470e-17 4.731186568583316330e+03
7.068786793615801563e-15 5.995961696537931273e-17 4.731917705038224085e+03
6.989989848437700263e-15 6.000596971752260270e-17 4.732648852171545514e+03
6.733073426287586407e-15 5.996418782131405624e-17 4.733380009983276977e+03
6.773949396872980286e-15 5.998581136204294172e-17 4.734111178473420296e+03
6.863094495672547349e-15 6.002821524877508843e-17 4.734842357641973649e+03
6.781500582667504895e-15 5.999120490476513162e-17 4.735573547488936129e+03
7.017507687423987667e-15 6.010728598485545581e-17 4.736304748014306824e+03
7.038195345551687420e-15 5.966904363593162856e-17 4.737035959218083917e+03
7.112359355330054260e-15 5.975816131508952416e-17 4.737767181100267408e+03
6.936292330627499528e-15 5.975964499504416486e-17 4.738498413660856386e+03
6.953798663109189309e-15 5.976585114257725123e-17 4.739229656899848123e+03
6.800499067061715719e-15 5.969493337043103485e-17 4.739960910817244439e+03
7.034112240364453559e-15 5.977101327473469713e-17 4.740692175413042605e+03
6.914930235397257423e-15 5.973736255023417385e-17 4.741423450687242621e+03
6.938465833140187916e-15 5.981125390764035566e-17 4.742154736639842668e+03
6.919246530069014684e-15 5.968694199943722215e-17 4.742886033270841835e+03
7.056189383757243613e-15 5.969912122594507877e-17 4.743617340580240125e+03
6.715272002248847979e-15 5.961594685970520534e-17 4.744348658568034807e+03
6.849499157703817524e-15 5.964529413347819351e-17 4.745079987234226792e+03
6.710784936030237804e-15 5.954076237503115799e-17 4.745811326578814260e+03
6.804832090394298117e-15 5.940863334710188974e-17 4.746542676601795392e+03
6.928127923799294940e-15 5.944367772209959857e-17 4.747274037303172008e+03
6.638490276863190328e-15 5.935162068261219772e-17 4.748005408682939560e+03
6.812896301173172446e-15 5.927789177184525333e-17 4.748736790741098048e+03
6.723524275856638319e-15 5.931642515766997254e-17 4.749468183477650200e+03
7.082481738619396726e-15 5.920335043218246989e-17 4.750199586892590560e+03
6.907539753855830097e-15 5.903129179760288086e-17 4.750931000985918217e+03
6.808969371944396978e-15 5.909337998727027247e-17 4.751662425757634992e+03
6.641377914799117591e-15 5.889641766254922411e-17 4.752393861207739064e+03
6.915901517886475923e-15 5.885578445789914048e-17 4.753125307336228616e+03
6.716701982296910621e-15 5.888986800289300245e-17 4.753856764143104556e+03
7.043567710122166753e-15 5.935174268592910413e-17 4.754588231628364156e+03
6.808133210714639217e-15 5.923848848365238436e-17 4.755319709792006506e+03
6.898885829284448267e-15 5.888541912636805770e-17 4.756051198634030698e+03
6.826308907422201042e-15 5.883638082881150513e-17 4.756782698154436730e+03
6.910077433230963771e-15 5.873099780145860985e-17 4.757514208353222784e+03
6.854811434836010403e-15 5.865293759163901574e-17 4.758245729230387042e+03
6.936530011248336811e-15 5.881764841331153192e-17 4.758977260785930412e+03
6.964348569226754513e-15 5.875044697736153008e-17 4.759708803019851985e+03
7.044120226927638938e-15 5.889516628066452781e-17 4.760440355932149942e+03
6.598867192995476427e-15 5.897266407723052377e-17 4.761171919522823373e+03
6.839019174900981191e-15 5.839797914326936415e-17 4.761903493791871369e+03
6.994391945354522068e-15 5.858094694697268310e-17 4.762635078739293021e+03
7.134776999468973640e-15 5.867916101018918350e-17 4.763366674365088329e+03
6.859341694384269254e-15 5.859991808861345361e-17 4.764098280669253654e+03
6.980914359397500458e-15 5.869209943430580094e-17 4.764829897651789906e+03
6.689353426375066498e-15 5.876938524565946169e-17 4.765561525312697995e+03
6.806147942985124551e-15 5.877965379165637088e-17 4.766293163651973373e+03
7.119596371428471521e-15 5.875322076163746843e-17 4.767024812669616949e+03
6.948508224419954620e-15 5.870822781029744616e-17 4.767756472365626905e+03
7.015913714614664492e-15 5.871655487918110791e-17 4.768488142740005060e+03
6.886776437358183032e-15 5.869574068296385996e-17 4.769219823792746865e+03
7.025474807580693047e-15 5.892876089749002686e-17 4.769951515523853232e+03
6.778034215951808257e-15 5.887813444918657287e-17 4.770683217933323249e+03
6.936648117416096322e-15 5.887542195698109326e-17 4.771414931021156008e+03
6.690391929655968967e-15 5.879763252006257799e-17 4.772146654787349689e+03
6.821632576712337674e-15 5.868721664962139788e-17 4.772878389231904293e+03
6.831287015531802259e-15 5.867364335268077280e-17 4.773610134354818001e+03
6.983512881885533786e-15 5.864688114674706444e-17 4.774341890156090813e+03
6.634196141004183160e-15 5.856290505309757780e-17 4.775073656635720909e+03
6.777129971227042122e-15 5.863242203812397214e-17 4.775805433793708289e+03
6.836139597441801354e-15 5.870860723380898320e-17 4.776537221630051135e+03
6.946124225519706475e-15 5.871008324696719592e-17 4.777269020144749447e+03
6.593498639841563402e-15 5.871101223308527568e-17 4.778000829337801406e+03
6.941363262556181346e-15 5.881447447766086299e-17 4.778732649209206102e+03
6.788191782267868648e-15 5.868766239620402395e-17 4.779464479758964444e+03
6.944182518641804279e-15 5.864725274853376207e-17 4.780196320987071886e+03
6.812929725319704914e-15 5.837057337767692570e-17 4.780928172893531155e+03
6.908392184353885674e-15 5.828172009934521618e-17 4.781660035478339523e+03
6.999107900258949740e-15 5.807658334691598765e-17 4.782391908741496081e+03
6.965994126464331993e-15 5.799739150491994012e-17 4.783123792682999920e+03
7.173034673249899136e-15 5.803731248612585274e-17 4.783855687302851948e+03
6.726670240584971188e-15 5.807713308595780458e-17 4.784587592601048527e+03
6.685257580061397568e-15 5.806438311803879602e-17 4.785319508577589659e+03
7.149813564838294029e-15 5.805031402990595038e-17 4.786051435232474432e+03
7.050517288800865679e-15 5.759560195275267460e-17 4.786783372565702848e+03
6.812862804195698247e-15 5.760472739593647792e-17 4.787515320577273087e+03
6.883987705808993903e-15 5.760893485344419612e-17 4.788247279267183330e+03
6.845864944623586611e-15 5.749639147730286828e-17 4.788979248635436306e+03
6.971839311459831508e-15 5.730264201305438763e-17 4.789711228682025649e+03
6.972582758198920594e-15 5.731190238905418669e-17 4.790443219406954086e+03
6.568353155748855947e-15 5.453838197931162250e-17 4.912071907267645656e+03
7.001126403866480331e-15 5.468580989516140604e-17 4.912803699859166954e+03
6.741341779604313365e-15 5.464894684894850004e-17 4.913535500512840372e+03
6.897883449241874053e-15 5.459205817312819655e-17 4.914267309227194346e+03
6.653331444654702287e-15 5.452274816105994221e-17 4.914999126000754586e+03
6.772611159464335842e-15 5.454699184515745300e-17 4.915730950832052258e+03
6.791112334562117903e-15 5.445547183836558621e-17 4.916462783719614890e+03
6.674931956950245813e-15 5.442525463246714199e-17 4.917194624661966373e+03
6.553086955872140861e-15 5.438811145314759184e-17 4.917926473657639690e+03
6.886832941139733803e-15 5.448429778727061607e-17 4.918658330705160552e+03
6.806995529182958210e-15 5.450895407859635004e-17 4.919390195803056486e+03
6.497444983499934462e-15 5.443600257239538168e-17 4.920122068949858658e+03
6.838885733767011353e-15 5.458681782964608563e-17 4.920853950144090049e+03
6.805615159072219526e-15 5.468224713051353649e-17 4.921585839384281826e+03
6.775129370835874080e-15 5.464040707383277288e-17 4.922317736668961516e+03
6.870402768251014190e-15 5.477851086797460357e-17 4.923049641996658465e+03
6.971401542921130001e-15 5.473241106948358583e-17 4.923781555365898384e+03
6.838539044124601311e-15 5.430971576573983927e-17 4.924513476775210620e+03
6.810915468604072636e-15 5.447347967474700616e-17 4.925245406223121790e+03
6.797476639602369119e-15 5.457946607187393938e-17 4.925977343708161243e+03
6.646760190906790798e-15 5.448167845864642070e-17 4.926709289228856505e+03
6.716336371995283692e-15 5.460315251759796000e-17 4.927441242783734197e+03
6.635397942173119390e-15 5.455416285939979868e-17 4.928173204371325482e+03
6.749580273351523151e-15 5.458077039214278145e-17 4.928905173990156982e+03
6.774001959053802828e-15 5.466008119198144476e-17 4.929637151638754403e+03
6.549971934195913153e-15 5.463542975576550417e-17 4.930369137315648913e+03
6.650768074802962412e-15 5.455981487370688997e-17 4.931101131019366221e+03
6.570064459868234291e-15 5.453133110648201415e-17 4.931833132748436583e+03
6.536419160508604632e-15 5.449438104847581105e-17 4.932565142501385708e+03
6.420020456691905146e-15 5.451101035484998566e-17 4.933297160276742943e+03
6.428300125246926014e-15 5.436606048707323290e-17 4.934029186073035817e+03
6.339610690340604459e-15 5.436316996506120851e-17 4.934761219888792766e+03
6.567648505132834326e-15 5.431036287507328292e-17 4.935493261722541320e+03
6.388625283097683128e-15 5.432466212514783564e-17 4.936225311572809915e+03
6.687809561866871854e-15 5.441050056269912621e-17 4.936957369438126989e+03
6.734649947783833237e-15 5.450994170644407349e-17 4.937689435317019161e+03
6.436890641899701149e-15 5.445736551129849601e-17 4.938421509208014868e+03
6.548837244103695289e-15 5.441741798834766034e-17 4.939153591109642548e+03
6.639254612874286411e-15 5.436560614709539856e-17 4.939885681020430638e+03
6.646341110174414422e-15 5.434568542493678083e-17 4.940617778938904848e+03
6.597428137890751540e-15 5.429581529963110015e-17 4.941349884863597254e+03
6.636778413388413996e-15 5.431462870477232408e-17 4.942081998793031744e+03
6.484205427220049970e-15 5.430944659289385789e-17 4.942814120725738576e+03
6.820602700327045897e-15 5.432638213219401368e-17 4.943546250660246187e+03
6.565306788656249570e-15 5.433408820232072880e-17 4.944278388595081196e+03
6.748405784399129687e-15 5.439020644647238520e-17 4.945010534528771132e+03
6.965056981158815539e-15 5.441812867769207530e-17 4.945742688459846249e+03
6.708069234363297247e-15 5.453337953716397044e-17 4.946474850386832259e+03
6.703710467630553066e-15 5.467178441602224801e-17 4.947207020308258507e+03
6.883241004098023560e-15 5.485222219428912246e-17 4.947939198222651612e+03
6.710024406089110158e-15 5.499341138328034560e-17 4.948671384128543650e+03
6.756312699407793280e-15 5.465249417749824352e-17 4.949403578024457602e+03
6.715526785678961806e-15 5.472740421677675352e-17 4.950135779908922814e+03
6.765552539323528102e-15 5.473074259480052069e-17 4.950867989780468633e+03
6.710966519925108013e-15 5.473360999998617744e-17 4.951600207637622589e+03
6.698437367817602617e-15 5.456305189849583834e-17 4.952332433478912208e+03
6.713558778138178216e-15 5.452130114031784232e-17 4.953064667302867747e+03
6.855117782545940160e-15 5.444464543665935277e-17 4.953796909108014006e+03
7.154255644001618834e-15 5.448048191862272545e-17 4.954529158892879423e+03
6.758052975616226280e-15 5.442438040364458717e-17 4.955261416655992434e+03
6.632807706817191793e-15 5.443802683394584894e-17 4.955993682395884207e+03
6.731797681415938149e-15 5.434893387643031726e-17 4.956725956111078631e+03
6.747761949696113684e-15 5.423588792092791638e-17 4.957458237800105053e+03
6.773192459665345750e-15 5.426950742859418537e-17 4.958190527461492820e+03
6.969808095588688137e-15 5.436562274958064097e-17 4.958922825093768552e+03
6.933088965705971547e-15 5.445798492498656999e-17 4.959655130695458865e+03
6.753384056859397375e-15 5.457918578706104779e-17 4.960387444265094018e+03
6.818863950562227290e-15 5.474237391088407796e-17 4.961119765801201538e+03
6.735397295238094240e-15 5.508488646278364403e-17 4.961852095302308044e+03
7.033323426127138506e-15 5.534231395912459701e-17 4.962584432766943792e+03
7.132596088444546047e-15 5.584734506683883614e-17 4.963316778193637219e+03
7.239264670256271686e-15 5.605610944524901583e-17 4.964049131580914036e+03
6.927420227570217714e-15 5.640396587713611976e-17 4.964781492927302679e+03
6.972290062793555584e-15 5.658584319913525708e-17 4.965513862231331586e+03
7.249869041419454799e-15 5.668587727862606169e-17 4.966246239491530105e+03
8.010338085342283854e-15 5.676614676554331793e-17 4.966978624706423943e+03
8.153147609848040147e-15 5.683852198222103504e-17 4.967711017874542449e+03
8.243135688778856000e-15 5.688460829314945687e-17 4.968443418994413150e+03
8.658488943110899999e-15 5.687474525691811415e-17 4.969175828064564485e+03
8.313913503214182597e-15 5.698679241218215589e-17 4.969908245083524889e+03
8.096184405869102005e-15 5.694032355391329857e-17 4.970640670049820983e+03
8.076332104775134061e-15 5.689491538593150048e-17 4.971373102961983022e+03
7.894698189301127422e-15 5.682364019520702282e-17 4.972105543818535807e+03
7.568536099430830180e-15 5.678043361559952768e-17 4.972837992618009594e+03
7.690271526093104782e-15 5.680430103119326433e-17 4.973570449358932819e+03
7.522369451311080610e-15 5.624210588187929680e-17 4.974302914039833013e+03
7.586945631100225835e-15 5.616880324473671227e-17 4.975035386659237702e+03
7.509021362153398222e-15 5.598490481866729626e-17 4.975767867215674414e+03
7.612372849362561498e-15 5.568730204779203483e-17 4.976500355707673407e+03
7.449267280167219727e-15 5.549538378446382418e-17 4.977232852133760389e+03
7.389587862482719438e-15 5.527747735026400023e-17 4.977965356492463798e+03
7.327899341904876564e-15 5.511001939349268058e-17 4.978697868782311161e+03
7.373990660363185664e-15 5.525403957099165170e-17 4.979430389001833646e+03
7.446874671311953192e-15 5.544957378024518874e-17 4.980162917149556051e+03
7.076692555758495041e-15 5.508395096438097476e-17 4.980895453224007724e+03
7.139798791497177531e-15 5.504562510065784510e-17 4.981627997223715283e+03
6.907340626889228611e-15 5.503673371920418850e-17 4.982360549147208985e+03
6.747337954770922758e-15 5.495389420967494364e-17 4.983093108993016358e+03
6.880893183775793477e-15 5.496815033125447438e-17 4.983825676759663111e+03
6.722449481381394351e-15 5.484484737511145830e-17 4.984558252445679500e+03
6.764087866962168656e-15 5.461215629068993997e-17 4.985290836049593963e+03
6.612040165142680507e-15 5.463126998975619037e-17 4.986023427569933119e+03
6.948755920240849170e-15 5.461474129356462604e-17 4.986756027005225405e+03
6.984239987664200283e-15 5.496770350974703409e-17 4.987488634354000169e+03
6.779684071022067723e-15 5.489430224431079678e-17 4.988221249614784028e+03
7.015186702929048539e-15 5.468944050539217306e-17 4.988953872786103602e+03
6.779389706488035382e-15 5.471113260913595913e-17 4.989686503866489147e+03
6.781436268624861503e-15 5.468829359319138175e-17 4.990419142854469101e+03
6.893736290184466203e-15 5.469960629081663406e-17 4.991151789748570081e+03
6.949683269211104343e-15 5.477263362982730335e-17 4.991884444547320527e+03
7.029525488419023826e-15 5.484955066029577635e-17 4.992617107249249784e+03
6.692936861873248059e-15 5.489001129714418987e-17 4.993349777852883562e+03
6.865412391662850188e-15 5.489412377549248398e-17 4.994082456356753028e+03
6.841997213572044277e-15 5.494362069992887484e-17 4.994815142759380251e+03
6.994237447755945032e-15 5.493766917168351946e-17 4.995547837059300946e+03
6.851862092105819707e-15 5.477572273136616067e-17 4.996280539255036274e+03
6.581664638559482099e-15 5.481067810104231121e-17 4.997013249345120130e+03
6.929997458945591023e-15 5.482858292843970498e-17 4.997745967328075494e+03
6.748598970401863334e-15 5.485599694642633109e-17 4.998478693202435352e+03
6.899984670493731181e-15 5.457314793608574002e-17 4.999211426966725412e+03
6.641856048791542535e-15 5.459308442152238402e-17 4.999944168619471384e+03
6.982647318858661513e-15 5.450552187712100898e-17 5.000676918159204433e+03
6.737750914478777623e-15 5.450702587278624211e-17 5.001409675584451179e+03
6.751885428489741755e-15 5.443012814050860411e-17 5.002142440893740968e+03
6.613002729794539083e-15 5.429688453511649314e-17 5.002875214085601328e+03
6.706456765194082964e-15 5.418093259916807251e-17 5.003607995158557969e+03
6.629425395931259930e-15 5.407266779065844762e-17 5.004340784111143876e+03
6.825949832871264807e-15 5.401565642819659726e-17 5.005073580941882028e+03
6.593733423160592648e-15 5.397739931578004925e-17 5.005806385649302683e+03
6.799085037089223080e-15 5.384354443660644967e-17 5.006539198231935188e+03
6.748216163704984373e-15 5.381775172416383198e-17 5.007272018688305252e+03
6.561640194883788787e-15 5.385185259951222869e-17 5.008004847016942222e+03
6.547177815629278703e-15 5.378476978667900716e-17 5.008737683216373625e+03
6.938317160875043981e-15 5.378702059193258540e-17 5.009470527285127901e+03
6.628330344803633693e-15 5.375879329561291275e-17 5.010203379221733485e+03
6.650122675589793025e-15 5.366324498772191078e-17 5.010936239024718816e+03
6.463804222858324550e-15 5.363782290927363352e-17 5.011669106692608693e+03
6.691829850482207541e-15 5.354608854830008497e-17 5.012401982223935192e+03
6.750469461120472309e-15 5.358246737820712331e-17 5.013134865617223113e+03
7.227368267552006890e-15 5.365389251766232660e-17 5.013867756871004531e+03
8.387951467662364422e-15 5.372471007007002463e-17 5.014600655983802426e+03
1.004054726046077200e-14 5.371999621777693162e-17 5.015333562954149784e+03
1.104964608360012600e-14 5.379659407108644618e-17 5.016066477780572313e+03
1.181549790889700994e-14 5.375214748582380581e-17 5.016799400461596633e+03
1.128862604852454741e-14 5.367421981414003512e-17 5.017532330995753000e+03
1.070445899680756490e-14 5.356623122009988043e-17 5.018265269381568942e+03
1.018999028426779478e-14 5.347957702375720611e-17 5.018998215617571987e+03
9.819688935502047860e-15 5.343084364706116666e-17 5.019731169702289662e+03
9.512202761405902902e-15 5.328262074394332835e-17 5.020464131634253135e+03
9.335682328965904966e-15 5.320890493737985109e-17 5.021197101411987205e+03
8.863183323682335633e-15 5.312736897443207305e-17 5.021930079034020309e+03
8.916523815948851447e-15 5.316135280781775358e-17 5.022663064498881795e+03
8.650065960783383547e-15 5.319050834032031968e-17 5.023396057805100099e+03
8.589422737093252028e-15 5.289414239437717127e-17 5.024129058951200932e+03
8.532433050876525370e-15 5.300946429248076900e-17 5.024862067935715459e+03
8.479538902638881653e-15 5.308745778385194186e-17 5.025595084757169388e+03
8.564656872676726133e-15 5.318374676803614275e-17 5.026328109414091159e+03
8.855516214103591979e-15 5.317870333626765071e-17 5.027061141905009208e+03
8.453109845703872817e-15 5.317628315909721173e-17 5.027794182228451064e+03
8.188459099691582902e-15 5.321178461838878848e-17 5.028527230382945163e+03
7.489350466103128122e-15 5.328905777046289899e-17 5.029260286367019944e+03
6.833914763202229166e-15 5.324999909824003003e-17 5.029993350179203844e+03
6.621845325624633637e-15 5.332519893787609674e-17 5.030726421818024392e+03
6.420251988989653562e-15 5.327369972525286179e-17 5.031459501282007295e+03
6.641116557319932593e-15 5.328114386596507117e-17 5.032192588569684631e+03
6.609476338125542773e-15 5.320885579291845063e-17 5.032925683679582107e+03
6.402094977703841023e-15 5.311929963795560684e-17 5.033658786610229072e+03
6.530543848195514510e-15 5.306112767663041251e-17 5.034391897360152143e+03
6.467442420241087321e-15 5.283254956837035854e-17 5.035125015927880668e+03
6.421869855366741819e-15 5.265705480650225801e-17 5.035858142311942174e+03
6.638611804254446455e-15 5.252718248025143010e-17 5.036591276510865100e+03
6.445577650432781455e-15 5.240145971513960991e-17 5.037324418523177883e+03
6.538842940008767234e-15 5.220858521219439225e-17 5.038057568347405322e+03
6.314640654544449664e-15 5.214972691094131684e-17 5.038790725982080403e+03
6.504251985076508828e-15 5.219572738356180846e-17 5.039523891425729744e+03
6.406221659680236703e-15 5.211241705581710705e-17 5.040257064676878144e+03
6.481800047183520171e-15 5.217679042498972521e-17 5.040990245734055861e+03
6.544524625745496481e-15 5.248558699154967807e-17 5.041723434595793151e+03
6.323949059661817610e-15 5.208019759938087104e-17 5.042456631260614813e+03
6.602852167122072913e-15 5.222918803274840401e-17 5.043189835727051104e+03
6.583316137092170112e-15 5.238050627352726026e-17 5.043923047993628643e+03
6.476407719362708732e-15 5.242031306224774413e-17 5.044656268058875867e+03
6.809264093426100797e-15 5.228505511116954322e-17 5.045389495921323032e+03
6.679599927080675784e-15 5.211831765827691429e-17 5.046122731579494939e+03
6.631470515669711712e-15 5.207583097059261530e-17 5.046855975031920934e+03
6.616449036991898869e-15 5.215047256319431774e-17 5.047589226277128546e+03
6.492193217876981739e-15 5.222823290947298030e-17 5.048322485313646212e+03
6.853221005602029038e-15 5.210471796954711892e-17 5.049055752140003278e+03
6.485178707251989267e-15 5.194768273939247255e-17 5.049789026754727274e+03
6.483785198335959913e-15 5.204115225596889205e-17 5.050522309156343908e+03
6.781597644064812519e-15 5.199406073065634180e-17 5.051255599343386166e+03
6.449970527638201794e-15 5.190075041476295128e-17 5.051988897314377027e+03
6.553162583689912367e-15 5.197518743892893994e-17 5.052722203067847659e+03
6.629977422763604751e-15 5.190641585769720386e-17 5.053455516602325588e+03
6.514730519511530979e-15 5.189834715602597044e-17 5.054188837916336524e+03
6.390947848172198079e-15 5.189396103663310459e-17 5.054922167008411634e+03
6.714731813512295720e-15 5.192384717525192238e-17 5.055655503877076626e+03
6.452579016423450399e-15 5.197414379586394440e-17 5.056388848520863576e+03
6.455116938826037336e-15 5.202797556226870132e-17 5.057122200938296373e+03
6.553423473688407581e-15 5.209476243938596658e-17 5.057855561127904366e+03
6.645759393702229393e-15 5.212165901681883396e-17 5.058588929088216901e+03
6.456480599649431237e-15 5.206664841527020832e-17 5.059322304817759687e+03
6.349476756377893656e-15 5.205352595685994350e-17 5.060055688315062071e+03
6.531671622432388305e-15 5.212070195221352049e-17 5.060789079578653400e+03
6.654743141782120369e-15 5.206742520495743629e-17 5.061522478607059384e+03
6.335722397212095249e-15 5.204915913323756414e-17 5.062255885398810278e+03
6.571817430326861393e-15 5.204199850349770686e-17 5.062989299952433612e+03
6.580845419596442891e-15 5.210376662646145685e-17 5.063722722266456003e+03
6.679197615805575863e-15 5.200678219877014128e-17 5.064456152339405890e+03
6.418790561948029111e-15 5.205548613519415838e-17 5.065189590169813528e+03
6.474671369176812308e-15 5.195764388281149709e-17 5.065923035756204627e+03
6.497709971031404507e-15 5.201440254725400919e-17 5.066656489097109443e+03
6.861824958408085632e-15 5.183957148760075553e-17 5.067389950191053686e+03
6.529277540608995803e-15 5.173781655050423203e-17 5.068123419036568521e+03
6.429570772244909529e-15 5.163628109385045377e-17 5.068856895632177839e+03
6.587105392400233849e-15 5.161152133893135207e-17 5.069590379976412805e+03
6.532980589388683877e-15 5.158445726278205934e-17 5.070323872067800039e+03
6.694033175241530130e-15 5.160527017512460335e-17 5.071057371904869797e+03
6.653495268157587554e-15 5.173585204263927025e-17 5.071790879486146878e+03
6.569964750523436724e-15 5.175626396197418189e-17 5.072524394810162448e+03
6.629332511940505064e-15 5.178580289842347258e-17 5.073257917875444036e+03
6.587026752690032117e-15 5.175707080741167757e-17 5.073991448680517351e+03
6.772721587230190879e-15 5.159511063222430364e-17 5.074724987223911739e+03
6.836897443373488711e-15 5.172744051520475828e-17 5.075458533504157458e+03
6.991511773982963801e-15 5.178346167425683310e-17 5.076192087519781126e+03
6.858910659971073200e-15 5.175782445744067230e-17 5.076925649269309361e+03
6.577855441184159886e-15 5.169900125792735747e-17 5.077659218751272419e+03
6.733596528106068261e-15 5.177811932005710126e-17 5.078392795964196011e+03
6.591963228229954041e-15 5.164898255726105581e-17 5.079126380906609484e+03
6.590053518045472490e-15 5.170603824328541390e-17 5.079859973577045821e+03
6.925942022007641851e-15 5.166502139520965100e-17 5.080593573974023457e+03
6.556645508740020097e-15 5.173661244633822712e-17 5.081327182096076285e+03
6.528872556725710006e-15 5.175628640380065343e-17 5.082060797941732744e+03
6.481174477079514204e-15 5.167090934351591384e-17 5.082794421509519452e+03
6.665725870911570881e-15 5.176075828931225804e-17 5.083528052797964847e+03
6.504571920898197377e-15 5.185349731433149676e-17 5.086462655128895676e+03
6.572149539334108503e-15 5.198031311955656531e-17 5.087196324998556520e+03
6.731798546617955016e-15 5.204688052959590515e-17 5.087930002580045766e+03
6.834071836952205028e-15 5.210725635696608001e-17 5.088663687871888214e+03
6.390962233407416456e-15 5.204380629464245445e-17 5.089397380872615031e+03
6.519780077828217409e-15 5.206633713918692366e-17 5.090131081580755563e+03
6.541593112220961454e-15 5.201990994519665249e-17 5.090864789994831881e+03
6.511667528582934459e-15 5.207889081518224441e-17 5.091598506113377880e+03
6.633429708004939459e-15 5.200324450022429978e-17 5.092332229934921997e+03
6.378819317352483314e-15 5.188911665942388435e-17 5.093065961457987214e+03
6.532405228979668423e-15 5.177768224695160698e-17 5.093799700681105605e+03
6.941545265826982828e-15 5.174860969897146774e-17 5.094533447602805609e+03
6.605872216619877542e-15 5.173920744655595390e-17 5.095267202221612024e+03
6.460697793766509328e-15 5.176572385385562804e-17 5.096000964536055108e+03
6.421006643839430594e-15 5.172138816374875087e-17 5.096734734544663297e+03
6.616895654847865701e-15 5.167889875847206753e-17 5.097468512245965030e+03
6.657078202472940908e-15 5.171218840929765594e-17 5.098202297638486925e+03
6.770994812168142315e-15 5.173847689647323803e-17 5.098936090720757420e+03
6.373401289012363058e-15 5.163572079530900463e-17 5.099669891491305862e+03
6.537785731510565352e-15 5.167444096401117929e-17 5.100403699948658868e+03
6.511240662725475333e-15 5.182216190776694841e-17 5.101137516091344878e+03
6.531090534609767957e-15 5.179468292945813318e-17 5.101871339917892328e+03
6.602084736296909536e-15 5.175362995359800224e-17 5.102605171426830566e+03
6.793891503214082184e-15 5.165759867252822489e-17 5.103339010616685300e+03
6.621857698625539546e-15 5.164340683549967227e-17 5.104072857485985878e+03
6.608127824489715811e-15 5.161512484407454601e-17 5.104806712033262556e+03
6.905402794421631681e-15 5.162408865542078355e-17 5.105540574257038315e+03
6.866818580964151403e-15 5.154845057664265629e-17 5.106274444155845231e+03
6.765055190707029605e-15 5.168093556744983624e-17 5.107008321728209921e+03
6.587935397967713222e-15 5.165152367735580385e-17 5.107742206972661734e+03
6.665061999823142030e-15 5.166072497678120101e-17 5.108476099887728196e+03
6.643134993360071203e-15 5.166401552713844180e-17 5.109210000471937747e+03
6.718986361372646977e-15 5.162500418357950547e-17 5.109943908723817003e+03
6.626059062450289146e-15 5.162751262846061639e-17 5.110677824641893494e+03
6.830850450380034601e-15 5.170420832506111708e-17 5.111411748224698385e+03
6.772083281395817969e-15 5.221212481837444763e-17 5.112145679470759205e+03
6.503438354794945986e-15 5.191117754472537441e-17 5.112879618378601663e+03
6.564871000619650573e-15 5.174924528272757279e-17 5.113613564946756014e+03
6.665026281057204596e-15 5.165865740650533868e-17 5.114347519173749788e+03
6.643816831308354732e-15 5.177775453601156838e-17 5.115081481058112331e+03
6.678434959101645032e-15 5.185528726331006702e-17 5.115815450598368443e+03
6.519550701552641434e-15 5.191767673909568444e-17 5.116549427793050199e+03
6.610950495336792903e-15 5.181157247953157218e-17 5.117283412640682400e+03
6.600647449152041724e-15 5.174462519757917139e-17 5.118017405139795301e+03
6.753689709295115263e-15 5.171527337291415147e-17 5.118751405288916430e+03
6.392796823808293710e-15 5.165707257831618887e-17 5.119485413086573317e+03
6.421349951690857989e-15 5.173102072834381013e-17 5.120219428531296217e+03
6.473727778878552169e-15 5.157917692697255853e-17 5.120953451621609929e+03
6.282722271272141595e-15 5.154860713847759987e-17 5.121687482356043802e+03
6.768736728353977245e-15 5.143388400106605341e-17 5.122421520733128091e+03
6.630772087100403577e-15 5.145221744821671530e-17 5.123155566751388506e+03
6.748839707167500534e-15 5.140606104905034347e-17 5.123889620409354393e+03
6.602894166049159300e-15 5.121913049153617902e-17 5.124623681705552372e+03
6.635213567425423992e-15 5.135422271267129443e-17 5.125357750638511789e+03
6.502827781811142997e-15 5.146018169760827513e-17 5.126091827206762900e+03
6.525019572906807829e-15 5.151811656338530864e-17 5.126825911408830507e+03
6.666811389022174270e-15 5.158731887340679253e-17 5.127560003243241226e+03
6.711411256946525822e-15 5.161147080208566755e-17 5.128294102708528044e+03
6.631390766919588611e-15 5.151333120694214961e-17 5.129028209803215759e+03
6.737975090876108115e-15 5.166981186665340178e-17 5.129762324525835538e+03
6.709746706692183576e-15 5.171813372566507930e-17 5.130496446874911271e+03
6.956572272391516774e-15 5.190132873479087652e-17 5.131230576848974124e+03
6.775552684436689941e-15 5.200578599044678520e-17 5.131964714446552534e+03
6.856362987113727851e-15 5.202530707913482947e-17 5.132698859666172211e+03
6.556711687549800091e-15 5.205526494612454496e-17 5.133433012506362502e+03
6.776033811058651224e-15 5.215484030295049791e-17 5.134167172965651844e+03
6.718261085492030922e-15 5.219314914940171586e-17 5.134901341042568674e+03
6.769317649044383117e-15 5.230767372527603870e-17 5.135635516735639612e+03
6.759547330004986041e-15 5.234027821287262407e-17 5.136369700043394914e+03
6.686333575721272163e-15 5.238629617352275844e-17 5.137103890964361199e+03
6.538271974206685265e-15 5.230677223930880515e-17 5.137838089497067813e+03
6.578289817766195079e-15 5.244348544670407037e-17 5.138572295640042285e+03
6.547613213802963652e-15 5.235867155888753537e-17 5.139306509391811232e+03
6.607511495784745896e-15 5.244001980854622326e-17 5.140040730750903094e+03
6.598912492002716799e-15 5.227407290794746419e-17 5.140774959715849036e+03
6.586693025273993475e-15 5.224911160090201829e-17 5.141509196285174767e+03
6.658333624038911433e-15 5.230641006438574140e-17 5.142243440457406905e+03
6.400107864790503166e-15 5.227420919125160634e-17 5.142977692231079345e+03
6.641240883931152297e-15 5.224846634787360007e-17 5.143711951604712340e+03
6.464449312598214841e-15 5.233056526104204959e-17 5.144446218576840693e+03
6.487638872468258259e-15 5.241828956145181376e-17 5.145180493145990113e+03
6.432998101003123174e-15 5.238082132695611788e-17 5.145914775310686309e+03
6.684735521826040088e-15 5.235422736633781133e-17 5.146649065069460448e+03
6.648875074223690046e-15 5.237029811741104993e-17 5.147383362420840058e+03
6.502336887666925369e-15 5.240927189604973572e-17 5.148117667363354485e+03
6.739077101582215530e-15 5.258371053023107617e-17 5.148851979895529439e+03
6.555364867855938379e-15 5.211710296872160798e-17 5.149586300015895176e+03
6.595002852615136573e-15 5.222209160284479994e-17 5.150320627722978315e+03
6.597017005067407184e-15 5.238581569415978766e-17 5.151054963015305475e+03
6.512435417214484624e-15 5.234947298159686376e-17 5.151789305891409640e+03
6.690805357400830716e-15 5.225012802741104675e-17 5.152523656349814701e+03
6.429429934540678681e-15 5.229818077027967649e-17 5.153258014389050004e+03
6.573076641386365969e-15 5.222201113179677633e-17 5.153992380007643987e+03
6.628338364316637646e-15 5.231354632921391993e-17 5.154726753204124179e+03
6.443001319361847551e-15 5.238007011765228684e-17 5.155461133977021746e+03
6.550746630662068094e-15 5.241865473518032339e-17 5.156195522324859667e+03
6.514616386884879005e-15 5.243724549304632234e-17 5.156929918246170928e+03
6.506725112849965931e-15 5.245178744168791262e-17 5.157664321739479419e+03
6.795228900562284256e-15 5.237775803675843526e-17 5.158398732803316307e+03
6.571105889320726418e-15 5.236549492600683629e-17 5.159133151436208209e+03
6.574646644755268787e-15 5.216695577294034731e-17 5.159867577636684473e+03
6.561330105142942824e-15 5.207245823034033364e-17 5.160602011403273536e+03
6.685612396042273545e-15 5.198681465174519558e-17 5.161336452734502018e+03
6.750842358658452328e-15 5.187724121910900382e-17 5.162070901628897445e+03
6.124099420872906505e-15 5.189875550797262518e-17 5.162805358084990075e+03
6.628782207118919838e-15 5.169787534545575628e-17 5.163539822101307436e+03
6.661156326310958460e-15 5.168681311610570019e-17 5.164274293676378875e+03
6.588796159914494574e-15 5.146581465403932119e-17 5.165008772808728281e+03
6.779765129991753455e-15 5.139544485601703479e-17 5.165743259496888641e+03
6.672195674003214115e-15 5.127367466319786722e-17 5.166477753739385662e+03
6.439336518994420135e-15 5.118943814267887420e-17 5.167212255534748692e+03
6.525989966149787817e-15 5.106166572617433239e-17 5.167946764881503441e+03
6.767438907827749593e-15 5.117600803039389413e-17 5.168681281778180164e+03
6.445903983170357977e-15 5.120106542455472518e-17 5.169415806223307300e+03
6.604477475286620034e-15 5.085729953763099249e-17 5.170150338215412376e+03
6.499599729566965253e-15 5.075431031611137373e-17 5.170884877753022010e+03
6.842190891726093821e-15 5.068084580968760385e-17 5.171619424834667370e+03
6.579010542391638801e-15 5.073332222353750206e-17 5.172353979458874164e+03
6.602925173048768596e-15 5.079039273515732692e-17 5.173088541624171739e+03
6.802004195635345144e-15 5.089611942482155922e-17 5.173823111329089443e+03
6.743859654239996374e-15 5.054049773514536011e-17 5.174557688572151164e+03
6.456394643839992593e-15 5.066078408690160084e-17 5.175292273351889889e+03
6.619979483003926354e-15 5.074760615961355462e-17 5.176026865666832236e+03
6.666625122095645392e-15 5.074900013887496272e-17 5.176761465515503915e+03
6.477422697753204782e-15 5.062149072517591177e-17 5.177496072896436090e+03
6.621795614524452992e-15 5.061075313917564359e-17 5.178230687808154471e+03
6.418078429919193665e-15 5.056899283534531713e-17 5.178965310249190225e+03
6.373901075162698122e-15 5.060889341132666139e-17 5.179699940218068150e+03
6.400267659933763091e-15 5.065917605382363001e-17 5.180434577713320323e+03
6.278519619692118810e-15 5.070823025411651559e-17 5.181169222733471543e+03
6.275158943031574497e-15 5.083285114607670584e-17 5.181903875277051156e+03
6.237250404383705631e-15 5.086059485559919592e-17 5.182638535342587602e+03
5.991739403210082417e-15 5.091912605388513026e-17 5.183373202928609317e+03
6.130778662120536254e-15 5.096830986550968803e-17 5.184107878033642919e+03
5.998166230567053817e-15 5.093134138462996783e-17 5.184842560656217756e+03
6.265234464161265958e-15 5.101191096927830328e-17 5.185577250794862266e+03
6.116175276094158735e-15 5.098149528011555301e-17 5.186311948448103067e+03
6.147010334276221311e-15 5.086630112302046363e-17 5.187046653614471325e+03
6.189539510317937847e-15 5.101805073023906233e-17 5.187781366292490929e+03
6.206743013224559478e-15 5.094295159452509678e-17 5.188516086480694867e+03
5.935554557865637373e-15 5.092965046007374793e-17 5.189250814177607026e+03
6.360683092529637981e-15 5.108749815975457590e-17 5.189985549381757664e+03
6.256536183201081979e-15 5.126743809908501762e-17 5.190720292091673400e+03
6.168211464937380055e-15 5.159496841840116249e-17 5.191455042305884490e+03
6.423140318524925977e-15 5.203959980778898221e-17 5.192189800022921190e+03
6.309307910872051362e-15 5.258014260934866429e-17 5.192924565241305572e+03
6.278553568669671656e-15 5.295784356520979065e-17 5.193659337959568802e+03
6.231135550551183159e-15 5.320584266948018582e-17 5.194394118176240227e+03
6.253254606411804202e-15 5.344879691186942276e-17 5.195128905889845555e+03
6.404551652738639503e-15 5.361561597224813051e-17 5.195863701098916863e+03
6.301964456566162177e-15 5.366380004944978226e-17 5.196598503801978950e+03
6.411851828322987340e-15 5.367632152673566035e-17 5.197333313997558434e+03
6.319674857947792073e-15 5.374194755174232945e-17 5.198068131684189211e+03
6.507958302470278144e-15 5.381929412880842695e-17 5.198802956860394261e+03
6.493004717830344118e-15 5.375367880856785778e-17 5.201742332431542309e+03
6.285703269092286711e-15 5.375774737591947280e-17 5.202477195033551652e+03
6.357684288138134057e-15 5.378954365337747835e-17 5.203212065116305894e+03
6.182051208040500397e-15 5.365752144694602341e-17 5.203946942678332562e+03
6.120832868695197224e-15 5.348267682800893099e-17 5.204681827718161912e+03
6.227283779153563095e-15 5.313938499244939834e-17 5.205416720234321474e+03
6.417529616748267272e-15 5.285329375878633599e-17 5.206151620225338775e+03
6.285395161366559543e-15 5.242245589793949917e-17 5.206886527689741342e+03
6.490324571155882471e-15 5.210649146735561026e-17 5.207621442626059434e+03
6.719465190818799345e-15 5.184431392678612147e-17 5.208356365032818758e+03
6.627120901657729001e-15 5.158132442469720181e-17 5.209091294908548662e+03
6.407198413796610786e-15 5.136995610531298636e-17 5.209826232251776673e+03
6.555525829965506476e-15 5.120307110817300325e-17 5.210561177061033050e+03
6.498025031582936683e-15 5.110688983021696086e-17 5.211296129334842590e+03
6.691282116349108885e-15 5.101507002164951854e-17 5.212031089071736460e+03
6.577625442740258619e-15 5.103749453624931432e-17 5.212766056270242188e+03
6.541518755905728352e-15 5.106792953497968516e-17 5.213501030928887303e+03
6.550864711598957211e-15 5.110151858416133880e-17 5.214236013046201151e+03
6.432497229855026304e-15 5.119422938902340389e-17 5.214971002620710351e+03
6.492507345247064084e-15 5.125520659924499321e-17 5.215705999650943340e+03
6.512836502532105631e-15 5.130257886002053302e-17 5.216441004135428557e+03
6.450550014489533497e-15 5.135986939431069541e-17 5.217176016072693528e+03
6.574976587675860390e-15 5.148766414201184309e-17 5.217911035461268511e+03
6.345668421048727381e-15 5.157397822241267152e-17 5.218646062299681944e+03
6.455470728280138691e-15 5.163138796418926539e-17 5.219381096586457716e+03
6.534457502162113657e-15 5.169099010559845736e-17 5.220116138320126993e+03
6.326495752825171747e-15 5.156685094929886834e-17 5.220851187499219122e+03
6.548472546373076327e-15 5.154410820971040613e-17 5.221586244122259814e+03
6.432607872310675951e-15 5.152160576560020517e-17 5.224526545024485131e+03
6.556019522890868026e-15 5.146305887462088060e-17 5.225261638845195193e+03
6.253945025825787382e-15 5.152355453039616702e-17 5.225996740101027171e+03
6.588221721978074321e-15 5.159925978044595890e-17 5.226731848790504955e+03
6.319481148142139955e-15 5.157500743437289600e-17 5.227466964912156982e+03
6.358705701734460113e-15 5.153535916804996400e-17 5.228202088464511689e+03
6.548183433739042141e-15 5.156120761348027717e-17 5.228937219446099334e+03
6.378398863859695128e-15 5.146828634585524818e-17 5.229672357855444716e+03
6.766948131842034767e-15 5.137956801905554289e-17 5.230407503691081729e+03
6.522771260372658538e-15 5.127146798653583654e-17 5.231142656951531535e+03
6.643295353922321874e-15 5.116774853294677675e-17 5.231877817635326210e+03
6.921043788875874250e-15 5.119143763479592268e-17 5.232612985740992372e+03
6.677311422642283458e-15 5.117614637239274099e-17 5.233348161267061187e+03
6.862424260444620953e-15 5.128823491604441907e-17 5.234083344212056545e+03
6.520320645008716220e-15 5.137646219956167548e-17 5.234818534574511432e+03
6.398019235545467260e-15 5.126593087323008907e-17 5.235553732352949737e+03
6.470884484707297821e-15 5.127777300510998446e-17 5.236288937545901717e+03
6.687302893966013082e-15 5.131930071534012051e-17 5.237024150151893991e+03
6.512159185926563524e-15 5.116778923418056785e-17 5.237759370169457725e+03
6.423173281500690337e-15 5.120441290746320446e-17 5.238494597597118627e+03
6.333193532682960139e-15 5.110943777546653913e-17 5.239229832433406045e+03
6.652911601682514067e-15 5.102405104010313730e-17 5.239965074676846598e+03
6.383221317913651616e-15 5.103426357317034777e-17 5.240700324325971451e+03
6.531137285967912172e-15 5.112466364453643752e-17 5.241435581379305404e+03
6.475434459043172834e-15 5.121086414444573326e-17 5.242170845835379623e+03
6.618885854025087546e-15 5.126413945651181446e-17 5.242906117692718908e+03
6.534168627690783726e-15 5.128816171912554274e-17 5.243641396949855334e+03
6.491166273704081398e-15 5.121487636594765844e-17 5.244376683605313701e+03
6.431678626516388535e-15 5.127380616501644403e-17 5.245111977657625175e+03
6.549994785976368891e-15 5.122692488549664994e-17 5.245847279105314556e+03
6.372313139033807728e-15 5.118834712178243983e-17 5.246582587946913009e+03
6.564938086126259957e-15 5.116751704847197822e-17 5.247317904180947153e+03
6.621990243218750601e-15 5.119263803734226222e-17 5.248053227805947245e+03
6.303877328284549268e-15 5.118337704762448693e-17 5.248788558820437174e+03
6.408900861743829405e-15 5.104223270213361821e-17 5.249523897222950836e+03
6.514424086509951472e-15 5.096441379301904457e-17 5.250259243012012121e+03
6.834833445512496940e-15 5.122112037235188021e-17 5.250994596186151284e+03
6.572253996322252681e-15 5.126390820125096121e-17 5.251729956743894945e+03
6.559532802046364159e-15 5.129382533676066428e-17 5.252465324683773360e+03
6.663114102021943157e-15 5.132267272777420706e-17 5.253200700004312239e+03
6.700320193819730715e-15 5.133857393982879864e-17 5.253936082704041837e+03
6.690846977869108411e-15 5.130291523455817778e-17 5.254671472781488774e+03
6.594602172873114163e-15 5.128649428155100717e-17 5.255406870235183305e+03
6.596844529486318329e-15 5.120875212729841968e-17 5.256142275063652050e+03
6.719481798987962212e-15 5.120036440577165908e-17 5.256877687265421628e+03
6.686515562833092616e-15 5.106664211917520778e-17 5.257613106839024113e+03
6.760110367595514140e-15 5.112737520894433328e-17 5.258348533782984305e+03
6.694923455073373236e-15 5.098513268246024126e-17 5.259083968095833370e+03
6.703159031165250919e-15 5.074576234014086647e-17 5.259819409776097018e+03
6.506858185223914737e-15 5.060638409455752185e-17 5.260554858822306414e+03
6.548777530722720775e-15 5.054996687739310476e-17 5.261290315232986359e+03
6.648706596857887081e-15 5.049443215707791694e-17 5.262025779006666198e+03
6.773274479293225294e-15 5.029429757062229436e-17 5.262761250141874370e+03
6.673203102632543108e-15 5.029080554607948568e-17 5.263496728637139313e+03
6.601744629096373066e-15 5.048598989757302080e-17 5.264232214490990373e+03
6.760197369698364991e-15 4.968693464543124675e-17 5.267909754087497276e+03
6.549386729845866350e-15 4.968740502925092404e-17 5.268645284061949496e+03
6.656422816372382583e-15 4.970615650560129322e-17 5.269380821384682349e+03
6.601822147479198197e-15 4.978677625204045537e-17 5.270116366054225182e+03
6.560004117408683581e-15 4.983385774947556283e-17 5.270851918069107342e+03
6.580883177463259175e-15 4.991368400087030593e-17 5.271587477427857266e+03
6.726498587079971605e-15 4.997832845390422651e-17 5.272323044129001573e+03
6.563908878390384547e-15 4.996144304463414328e-17 5.273058618171067792e+03
6.548255584133052552e-15 5.008579636396464224e-17 5.273794199552587997e+03
6.592459326823828233e-15 4.999162981183211678e-17 5.274529788272086080e+03
6.523357289390973404e-15 4.991357134879714749e-17 5.275265384328091386e+03
6.496061122093584666e-15 5.004311039349984599e-17 5.276000987719135082e+03
6.388921002288125280e-15 5.007302832113373765e-17 5.276736598443741968e+03
6.284374277191962848e-15 5.004121729395585310e-17 5.277472216500440481e+03
6.431564768885143763e-15 5.003143980708151023e-17 5.278207841887760878e+03
6.252429644197002490e-15 4.995657273139453859e-17 5.278943474604229777e+03
6.371011615205454746e-15 4.997004230766665167e-17 5.279679114648375617e+03
6.407031405895123670e-15 4.995462772194015663e-17 5.280414762018725924e+03
6.139881104364050007e-15 4.999018891578728179e-17 5.281150416713811865e+03
6.057539205475990350e-15 4.994940846938268727e-17 5.281886078732158239e+03
6.208150261424652488e-15 4.985685257773581823e-17 5.282621748072295304e+03
6.321603680709314677e-15 4.985191159358971697e-17 5.283357424732750587e+03
6.271275661786244971e-15 4.992654067488114075e-17 5.284093108712051617e+03
6.079838343838406367e-15 4.985817857998621938e-17 5.284828800008728649e+03
6.105966666906788733e-15 4.983818840885412409e-17 5.285564498621306484e+03
6.125670955257254471e-15 4.985723251253740673e-17 5.286300204548317197e+03
6.006353411218116850e-15 4.990608689213378984e-17 5.287035917788285587e+03
5.917663252611390124e-15 4.984442277207072307e-17 5.287771638339741912e+03
6.381626637576190294e-15 4.995021496094237626e-17 5.288507366201214609e+03
6.127725253212815056e-15 4.982959244636624073e-17 5.289243101371231205e+03
6.385920082183656349e-15 4.983178666300510041e-17 5.289978843848319229e+03
6.462405696405158500e-15 4.980027426088115346e-17 5.290714593631009848e+03
6.409702614774725313e-15 4.979935838366924268e-17 5.291450350717826950e+03
6.281672080844105419e-15 4.980317400652237333e-17 5.292186115107298974e+03
6.235316789970379362e-15 4.978099668080453724e-17 5.292921886797957995e+03
6.414560455366402782e-15 4.985470794679879468e-17 5.293657665788331542e+03
6.411112277927371061e-15 4.984939153313211741e-17 5.294393452076945323e+03
6.415364758301935992e-15 4.994327927161558034e-17 5.295129245662328685e+03
6.387361751272047874e-15 4.993183604228323005e-17 5.295865046543010976e+03
6.476721654351372289e-15 4.994648676066558268e-17 5.296600854717516995e+03
6.572655450567975734e-15 5.024786123241079286e-17 5.297336670184378818e+03
6.534143034025639593e-15 5.362053608879399858e-17 5.298072492942123063e+03
6.555754913421969729e-15 5.043207718764955942e-17 5.298808322989278167e+03
6.614240142084097882e-15 5.024080968557072953e-17 5.299544160324372569e+03
6.674169051923994981e-15 4.995377773323272410e-17 5.300280004945934706e+03
6.482341726548332819e-15 5.001510145490006687e-17 5.301015856852491197e+03
6.622384661151800119e-15 4.999747174620129756e-17 5.301751716042570479e+03
6.641440101060924123e-15 5.000481329292073621e-17 5.302487582514704627e+03
6.694462954816008233e-15 4.997500472799936100e-17 5.303223456267416623e+03
6.618691009992131990e-15 4.999769344728068708e-17 5.303959337299236722e+03
6.596932306424378364e-15 4.997327956037245461e-17 5.304695225608693363e+03
6.583743660647172119e-15 5.008619179957523931e-17 5.305431121194315892e+03
6.497193364849968475e-15 5.007725899046315628e-17 5.306167024054630019e+03
6.673681358321885934e-15 5.015955008661073877e-17 5.306902934188166910e+03
6.599794514525717771e-15 5.010012275409889481e-17 5.307638851593452273e+03
6.564752428871223255e-15 5.016719830529996178e-17 5.308374776269015456e+03
6.535457797716191968e-15 5.016629590485491901e-17 5.309110708213383987e+03
6.456016849175510301e-15 5.022412137563748522e-17 5.309846647425089031e+03
6.671720352332157029e-15 5.013958090522728869e-17 5.310582593902653571e+03
6.295278069457944053e-15 5.010415974205436600e-17 5.311318547644610589e+03
6.432883023560062968e-15 5.013548989765193946e-17 5.312054508649484887e+03
6.592374990790296791e-15 5.007264222936901261e-17 5.312790476915807631e+03
6.212129155186332481e-15 5.004610759668170093e-17 5.313526452442103619e+03
6.361678323263078930e-15 5.002863365677008456e-17 5.314262435226904017e+03
6.495223461998260433e-15 4.999635555751398059e-17 5.314998425268737265e+03
6.581989199783482566e-15 4.992880216039687019e-17 5.315734422566129979e+03
6.452756866098372976e-15 4.989978538541295555e-17 5.316470427117610598e+03
6.397584011726502737e-15 5.000542439646805677e-17 5.317206438921706649e+03
6.509755089537539360e-15 5.006658798966423454e-17 5.317942457976949299e+03
6.412809669955293901e-15 5.007183178737819558e-17 5.318678484281863348e+03
6.534830289911039047e-15 5.004967879361509360e-17 5.319414517834978142e+03
6.565955822571477371e-15 5.014879705936004744e-17 5.320150558634823028e+03
6.602726673111465133e-15 5.014127796015278201e-17 5.320886606679925535e+03
6.450999419137029765e-15 5.021492157287604926e-17 5.321622661968813190e+03
6.408987120508450598e-15 5.027349009466043217e-17 5.322358724500016251e+03
6.611978205866972470e-15 5.069348945209668697e-17 5.323094794272059517e+03
6.554129381317835509e-15 5.123664115258869059e-17 5.323830871283475062e+03
6.401241928166192945e-15 5.182469829346771904e-17 5.324566955532787688e+03
6.861685020883649433e-15 5.207467059660347706e-17 5.325303047018529469e+03
6.562639097973601564e-15 5.259932554251139611e-17 5.326039145739225205e+03
6.749032166528004979e-15 5.281966030280094943e-17 5.326775251693403334e+03
6.619535191305933548e-15 5.299328108805264330e-17 5.327511364879594112e+03
6.577388495270212912e-15 5.302985997447119418e-17 5.328247485296324157e+03
6.258535730654046262e-15 5.302572999002146471e-17 5.328983612942123727e+03
6.437453420025592114e-15 5.308521300200813777e-17 5.329719747815517621e+03
6.387249415160962247e-15 5.311717548242466128e-17 5.330455889915037915e+03
6.433849382566576631e-15 5.310358957256754235e-17 5.331192039239209407e+03
6.440617044025449778e-15 5.310541957095925550e-17 5.331928195786563265e+03
6.524646697145968131e-15 5.298553994993106100e-17 5.332664359555627016e+03
6.363877106133900885e-15 5.289273002478654864e-17 5.333400530544926369e+03
6.463999398639581984e-15 5.273851468938727949e-17 5.334136708752993400e+03
6.629862412589902509e-15 5.270138315396373283e-17 5.334872894178353818e+03
6.506231154897233321e-15 5.260410920273190840e-17 5.335609086819536060e+03
6.364631823501761359e-15 5.239629322777832106e-17 5.336345286675068564e+03
6.457225925723490520e-15 5.191537457131052181e-17 5.337081493743479768e+03
6.373163963130370153e-15 5.145777103179408745e-17 5.337817708023298110e+03
6.406416381619705322e-15 5.083605893839396637e-17 5.338553929513051116e+03
6.413136948218759643e-15 5.016203337063560295e-17 5.339290158211268135e+03
6.218041377435061474e-15 4.967386488041514761e-17 5.342971409777794179e+03
6.557312592335229023e-15 4.968233953576721329e-17 5.343707681695885185e+03
6.325795654621080481e-15 4.965551448288780621e-17 5.344443960812137448e+03
6.333804341396824666e-15 4.974837420851392989e-17 5.345180247125077585e+03
6.308351082042943701e-15 4.977335162494907651e-17 5.345916540633238583e+03
6.609736129463443538e-15 4.977752069579816591e-17 5.346652841335142512e+03
6.202978607213157084e-15 4.972328247912583251e-17 5.347389149229321447e+03
6.578909922550236892e-15 4.995486657757102939e-17 5.348125464314302917e+03
6.423687153241772398e-15 5.010602931812337745e-17 5.348861786588614450e+03
6.295678626672124034e-15 5.012937468866812650e-17 5.349598116050784483e+03
6.295157266171564960e-15 4.997129823584969476e-17 5.350334452699342364e+03
6.340420835960351809e-15 5.007804672750166493e-17 5.351070796532814711e+03
6.420522529453057480e-15 5.007291836288436261e-17 5.351807147549732690e+03
6.485260110146777011e-15 5.008422660397862249e-17 5.352543505748621101e+03
6.285371773996958911e-15 5.016283537133919890e-17 5.353279871128009290e+03
6.499395887010934848e-15 5.028872778067030754e-17 5.354016243686424787e+03
6.476270582340146126e-15 5.024551070059218726e-17 5.354752623422398756e+03
6.443987828344917373e-15 5.029413717875012182e-17 5.355489010334458726e+03
6.431884712693455753e-15 5.015258457335121884e-17 5.356225404421127678e+03
6.654871964635761269e-15 5.019604092745075526e-17 5.356961805680941325e+03
6.275384885354576145e-15 5.018723812640099832e-17 5.357698214112422647e+03
6.640181163896811493e-15 4.999132555269375661e-17 5.358434629714103721e+03
6.501307577537271282e-15 4.992640420591605774e-17 5.359171052484508436e+03
6.341664855227799068e-15 4.984104645603651179e-17 5.359907482422169778e+03
6.468096427484004838e-15 4.989138005698928386e-17 5.360643919525611636e+03
6.316709850699059419e-15 4.982933473477338669e-17 5.361380363793365177e+03
6.536432967509129736e-15 4.981018073230347400e-17 5.362116815223957019e+03
6.375718632179313884e-15 4.976399814225050360e-17 5.362853273815917419e+03
6.600155861549010727e-15 4.986476195727370325e-17 5.363589739567772995e+03
6.466083067431358240e-15 4.965394955858832675e-17 5.364326212478052184e+03
6.680698109585042021e-15 4.962352627695987546e-17 5.365062692545283426e+03
6.564475417456105574e-15 4.955117999152812921e-17 5.365799179767995156e+03
6.611772954872604498e-15 4.944344585435246836e-17 5.366535674144714903e+03
6.523734226120545395e-15 4.934041901553938400e-17 5.367272175673972015e+03
6.526570079019006355e-15 4.938285978064812607e-17 5.368008684354294019e+03
6.450078710746789688e-15 4.933783914262926615e-17 5.368745200184210262e+03
6.742465876333680628e-15 4.936743692574863076e-17 5.369481723162246453e+03
6.497675385162863044e-15 4.941586341434272573e-17 5.370218253286933759e+03
6.587213023423497227e-15 4.947176734604023135e-17 5.370954790556797889e+03
6.825653827516799276e-15 4.947464769079634613e-17 5.371691334970369098e+03
6.643727332495689338e-15 4.965647081292073449e-17 5.372427886526174916e+03
6.533197988181760126e-15 4.975426801534873159e-17 5.373164445222742870e+03
6.758996503266740278e-15 4.974163600936845487e-17 5.373901011058602307e+03
6.335184100813678252e-15 4.986518265593662684e-17 5.374637584032281666e+03
6.543769623102880538e-15 4.960541473878906129e-17 5.375374164142307563e+03
6.652798163292879644e-15 4.975750789816205344e-17 5.376110751387212076e+03
6.597373817945483812e-15 4.974517809790166669e-17 5.376847345765516366e+03
6.595558285014117991e-15 4.974212257163822326e-17 5.377583947275754326e+03
6.687220975862898309e-15 4.964485457926028315e-17 5.378320555916456215e+03
6.636840295023173508e-15 4.974121365642459125e-17 5.379057171686145011e+03
6.583159836927409943e-15 4.973202101154278902e-17 5.379793794583349154e+03
6.589079682079437574e-15 4.975890151872074736e-17 5.380530424606600718e+03
6.367878488211794247e-15 4.972073056667508350e-17 5.381267061754425413e+03
6.338787480695518408e-15 4.977061026782776882e-17 5.382003706025352585e+03
6.415284363113273870e-15 4.974638564756297348e-17 5.382740357417909763e+03
6.403387545859487380e-15 4.964536423493926810e-17 5.383477015930624475e+03
6.433246914249648844e-15 4.958515403695681254e-17 5.384213681562026977e+03
6.518926375293312948e-15 4.942756348458706200e-17 5.384950354310642979e+03
6.531894031197859043e-15 4.943084044569929881e-17 5.385687034175002736e+03
6.465247079892264894e-15 4.935361197048919670e-17 5.386423721153634688e+03
6.299662499044296432e-15 4.929537374096494391e-17 5.387160415245067270e+03
6.174071345211834706e-15 4.917683109796993969e-17 5.387897116447827102e+03
6.544805586793289048e-15 4.922904222342762901e-17 5.388633824760441712e+03
6.575476441404999885e-15 4.920470084000345547e-17 5.389370540181442266e+03
6.502627910856781927e-15 4.913974479552945215e-17 5.390107262709355382e+03
6.421337607039678726e-15 4.910114130821663761e-17 5.390843992342709498e+03
6.484173927091192846e-15 4.908216584198154058e-17 5.391580729080033052e+03
6.463498942767625799e-15 4.902786116783020985e-17 5.392317472919854481e+03
6.508320042884980303e-15 4.912317022807183483e-17 5.393054223860701313e+03
6.634850792421261012e-15 4.908282873971300412e-17 5.393790981901101986e+03
6.560220198586443986e-15 4.910126901493966714e-17 5.394527747039584938e+03
6.624291289503482240e-15 4.911420535435143682e-17 5.395264519274680424e+03
6.680791650365778962e-15 4.912532588440782452e-17 5.396001298604913245e+03
6.777673529175057880e-15 4.925686506890130119e-17 5.396738085028812748e+03
6.534620093435775258e-15 4.933935141873656864e-17 5.397474878544908279e+03
6.422168244183523745e-15 4.914638213047257881e-17 5.398211679151729186e+03
6.282621166961461724e-15 4.913705682345366711e-17 5.398948486847799359e+03
6.695362556026746969e-15 4.920475217303480360e-17 5.399685301631651782e+03
6.523972944585702527e-15 4.887684110250307167e-17 5.400422123501810347e+03
6.525712858605078134e-15 4.876769288329813797e-17 5.403369481816103871e+03
6.640217031756623032e-15 4.869891762669477042e-17 5.404106339095729709e+03
6.595556004218005498e-15 4.864587348915041769e-17 5.404843203452835041e+03
6.395728944007027339e-15 4.866746397964210382e-17 5.405580074885946487e+03
6.571504397717775296e-15 4.863742431226215258e-17 5.406316953393592485e+03
6.424564473889131197e-15 4.861584635571143267e-17 5.407053838974299651e+03
6.494393361939638959e-15 4.867637451308919789e-17 5.407790731626600973e+03
6.451521036866522380e-15 4.857287907210410932e-17 5.408527631349021249e+03
6.571751583022870079e-15 4.859437321076932667e-17 5.409264538140087097e+03
6.523275741622917767e-15 4.866367408974370829e-17 5.410001451998331504e+03
6.221446188781355099e-15 4.866083496830234452e-17 5.410738372922279268e+03
6.362090720680580156e-15 4.874567408826772799e-17 5.411475300910459737e+03
6.437831546134821819e-15 4.878587439522320441e-17 5.412212235961400438e+03
6.440933920026951043e-15 4.873762014535466111e-17 5.412949178073629810e+03
6.312286998296187069e-15 4.877638046739913654e-17 5.413686127245679018e+03
6.350163407316994136e-15 4.880332354810377643e-17 5.414423083476071952e+03
6.398777038100586981e-15 4.874362286548609116e-17 5.415160046763339778e+03
6.171010073717773702e-15 4.871603213141705467e-17 5.415897017106009116e+03
6.439496593192280701e-15 4.876159030569850871e-17 5.416633994502610221e+03
6.217975964671667467e-15 4.878591645515118119e-17 5.419581974598879242e+03
6.121541613495547765e-15 4.880371950895829586e-17 5.420318987243055744e+03
6.250808821801996263e-15 4.882849686247657044e-17 5.421056006932332821e+03
6.527614243730406871e-15 4.885054376616716384e-17 5.421793033665237090e+03
6.418949154386312819e-15 4.880835322154622620e-17 5.422530067440299717e+03
6.332652139967003993e-15 4.885766360586542636e-17 5.423267108256046413e+03
6.226256425272154821e-15 4.883314980182551540e-17 5.424004156111006523e+03
6.420058154245052201e-15 4.892942122719099927e-17 5.424741211003707576e+03
6.271533445263362535e-15 4.876990548687506555e-17 5.425478272932678010e+03
6.367993754108132475e-15 4.862008328564409600e-17 5.426215341896448081e+03
6.403989741574871068e-15 4.863618005328358272e-17 5.426952417893544407e+03
6.240105871980070353e-15 4.879711744921081810e-17 5.427689500922495426e+03
6.425671490233759083e-15 4.878441010171443892e-17 5.428426590981827758e+03
6.448344133165528638e-15 4.900689628127578176e-17 5.429163688070072567e+03
6.358303745651317596e-15 4.919216160578810436e-17 5.429900792185756472e+03
6.199853811450290857e-15 4.936723197575617515e-17 5.430637903327408821e+03
6.515443395851095920e-15 4.951189171400112585e-17 5.431375021493555323e+03
6.529433698345650020e-15 4.970642397547355624e-17 5.432112146682728053e+03
6.431044320887241014e-15 4.982343604212482141e-17 5.432849278893453629e+03
6.404997106817609161e-15 4.988949663230517372e-17 5.433586418124259581e+03
6.668087274895970098e-15 4.994298692133098041e-17 5.434323564373674344e+03
6.659552986302395319e-15 4.997321452815091879e-17 5.435060717640226358e+03
6.603920271187331295e-15 4.997722853600465488e-17 5.435797877922444968e+03
6.351129623437258253e-15 5.000215269441914549e-17 5.436535045218856794e+03
6.438121410573151154e-15 4.995722503350196388e-17 5.437272219527989364e+03
6.544082934179538012e-15 5.002601637640165918e-17 5.438009400848375662e+03
6.476010390168204097e-15 4.994547587287625371e-17 5.438746589178540489e+03
6.398247633532708281e-15 4.996013284178885533e-17 5.439483784517011372e+03
6.394519829875210540e-15 4.989109396884178238e-17 5.440220986862315840e+03
6.576220980470668354e-15 4.984066530221078572e-17 5.440958196212986877e+03
6.541970292964207989e-15 4.985412447426664695e-17 5.441695412567549283e+03
6.269772824336674870e-15 4.973235764624110887e-17 5.442432635924531496e+03
6.375001854696982072e-15 4.960932131624887082e-17 5.443169866282461953e+03
6.394218373849990185e-15 4.939760007669565158e-17 5.443907103639870911e+03
6.422515622291869781e-15 4.914811897404383809e-17 5.444644347995283169e+03
6.347273831579524746e-15 4.893730357489211222e-17 5.445381599347228985e+03
6.385199902575795450e-15 4.875156160915049089e-17 5.446118857694238613e+03
6.250621480186875154e-15 4.869242877289105102e-17 5.446856123034835946e+03
6.216564881783829959e-15 4.863646036797063679e-17 5.447593395367552148e+03
6.372333483082283985e-15 4.868027897847772436e-17 5.448330674690914748e+03
6.404054307629868607e-15 4.866921379807631172e-17 5.449067961003453092e+03
6.206310613427854208e-15 4.872824360577429932e-17 5.449805254303694710e+03
6.358792446587988524e-15 4.857087680461986581e-17 5.450542554590167128e+03
6.433604380654798982e-15 4.848493964553594534e-17 5.451279861861399695e+03
6.540606792928461696e-15 4.851819352473388062e-17 5.452017176115919938e+03
6.375580042890881906e-15 4.854184343476759221e-17 5.452754497352257204e+03
6.428925356511904947e-15 4.875801496835290585e-17 5.453491825568937202e+03
6.465592631473763877e-15 4.963001926036394865e-17 5.454229160764491098e+03
6.474764952311336633e-15 4.928102937233417018e-17 5.454966502937448240e+03
6.442440095800150888e-15 4.940581281659010227e-17 5.455703852086331608e+03
6.461141415290724086e-15 4.957078308521628207e-17 5.456441208209675096e+03
6.546454614082958334e-15 4.979249674203209378e-17 5.457178571306003505e+03
6.596446368803050299e-15 4.982931925177190848e-17 5.457915941373846181e+03
6.548296135984134975e-15 4.981982860683598981e-17 5.458653318411732471e+03
6.672919242653583436e-15 4.981645779518619003e-17 5.459390702418188084e+03
6.443100657098011860e-15 4.989496806803581887e-17 5.460128093391744187e+03
6.648609222574229757e-15 4.983812734418926410e-17 5.460865491330927398e+03
6.577064656277280561e-15 4.994922623775928294e-17 5.461602896234267064e+03
6.579314182572967710e-15 4.993824799932400422e-17 5.462340308100290713e+03
6.624602912138597057e-15 4.994032680775032941e-17 5.463077726927525873e+03
6.534196564496988546e-15 4.995849766465082786e-17 5.463815152714503711e+03
6.421852258597513781e-15 4.994815518747853430e-17 5.464552585459749025e+03
6.469178364137507838e-15 4.994322268095394030e-17 5.465290025161791164e+03
6.421285673471192152e-15 4.986026090487627564e-17 5.466027471819159473e+03
6.527291674931201963e-15 4.975821604469105555e-17 5.466764925430381481e+03
6.391962583759566875e-15 4.952181942362749452e-17 5.467502385993986536e+03
6.467813872484788562e-15 4.935233727898792925e-17 5.468239853508501255e+03
6.486817292479877004e-15 4.915637834842929521e-17 5.468977327972454987e+03
6.198567880698263830e-15 4.899704830163187577e-17 5.469714809384375258e+03
6.500838374373200745e-15 4.880406340354048195e-17 5.470452297742791416e+03
6.521366680143012109e-15 4.867085313616905435e-17 5.471189793046230989e+03
6.461534004739500744e-15 4.865381261000684734e-17 5.471927295293223324e+03
6.438744560384020788e-15 4.871691181698241830e-17 5.472664804482294130e+03
6.574092038940233144e-15 4.862100656595586322e-17 5.473402320611976393e+03
6.164532670155945493e-15 4.866803374560688936e-17 5.474139843680794002e+03
6.407668942100906632e-15 4.883952415508924068e-17 5.474877373687275394e+03
6.407193026829792981e-15 4.884105875564020388e-17 5.475614910629952647e+03
6.452853084893543381e-15 4.866598956334370130e-17 5.476352454507348739e+03
6.404015499908032525e-15 4.880490102942837528e-17 5.477090005317997566e+03
6.454605770240115209e-15 4.896952379484738038e-17 5.477827563060422108e+03
6.506392724056385792e-15 4.899635846258249547e-17 5.478565127733156260e+03
6.366795605469332046e-15 4.889825765434668466e-17 5.479302699334724821e+03
6.390064754354332610e-15 4.900952937499176509e-17 5.482253054999911001e+03
6.589792367381134543e-15 4.892150841178099715e-17 5.482990661223579082e+03
6.642647439666551296e-15 4.894746749934223080e-17 5.483728274367249469e+03
6.220822149544323557e-15 4.882573811395987295e-17 5.484465894429454238e+03
6.520597971354884246e-15 4.880223459969932262e-17 5.485203521408720917e+03
6.630411759910455683e-15 4.874573528716562184e-17 5.485941155303577034e+03
6.404164997751584116e-15 4.871441236452865276e-17 5.486678796112550117e+03
6.258629216685694623e-15 4.876368109744093759e-17 5.487416443834170423e+03
6.359675332784809241e-15 4.880114519171111215e-17 5.488154098466964570e+03
6.554632926080833354e-15 4.880960950613319349e-17 5.488891760009462814e+03
6.401471770369242857e-15 4.865859134605181409e-17 5.489629428460191775e+03
6.527640196343679863e-15 4.862357585012351546e-17 5.490367103817679890e+03
6.515652862590498081e-15 4.859356753853118648e-17 5.491104786080455597e+03
6.442787297563273753e-15 4.861014640331792807e-17 5.491842475247049151e+03
6.337679246745793564e-15 4.861913842182169421e-17 5.492580171315985353e+03
6.369922726823841166e-15 4.870352312194093472e-17 5.493317874285794460e+03
6.285829306446632013e-15 4.871105897222671544e-17 5.494055584155004908e+03
6.368613549023354023e-15 4.868678790515272513e-17 5.494793300922143317e+03
6.346827479479777285e-15 4.896612444904135560e-17 5.497744236940563496e+03
6.497370177259920118e-15 4.901241110607144419e-17 5.498481988175275546e+03
6.271992753639666835e-15 4.898532945640272797e-17 5.499219746299084363e+03
6.412708416315652275e-15 4.908732206111546174e-17 5.499957511310522023e+03
6.320449225891278445e-15 4.920350884966657891e-17 5.500695283208116052e+03
6.475450128993600360e-15 4.894015628618825713e-17 5.501433061990393981e+03
6.314952165528093661e-15 4.906162654654714248e-17 5.502170847655883335e+03
6.736494516865543935e-15 4.917585163614002362e-17 5.502908640203114373e+03
6.516208608811525518e-15 4.916520134933656445e-17 5.503646439630614623e+03
6.372078203162200535e-15 4.923451801339169493e-17 5.504384245936911611e+03
6.397157872301536786e-15 4.928963406091856813e-17 5.505122059120532867e+03
6.366722464901763737e-15 4.922110281520231105e-17 5.505859879180011376e+03
6.673093822415242647e-15 4.926219994927384917e-17 5.506597706113869208e+03
6.429097357456339277e-15 4.920090176693450650e-17 5.507335539920639349e+03
6.498544170922927937e-15 4.925805725290270413e-17 5.508073380598849326e+03
6.563022245128882802e-15 4.925234469422162713e-17 5.508811228147023940e+03
6.403915688574996261e-15 4.926924717345567867e-17 5.509549082563695265e+03
6.496601238427892187e-15 4.927064502159582374e-17 5.510286943847389921e+03
6.483395522037674672e-15 4.930910098502122940e-17 5.511024811996638164e+03
6.392219427865180347e-15 4.926348749032100233e-17 5.511762687009964793e+03
6.607532172202737006e-15 4.930188582962788167e-17 5.512500568885901885e+03
6.450382649084828287e-15 4.929646133678583338e-17 5.513238457622976057e+03
6.142041832087998435e-15 4.930950262575598131e-17 5.513976353219713928e+03
6.635449285658887694e-15 4.950100052733504654e-17 5.514714255674649394e+03
6.465220205038913453e-15 4.946492334515069908e-17 5.515452164986303615e+03
6.446405652953125803e-15 4.940470107527117682e-17 5.516190081153208666e+03
6.337910526014374524e-15 4.949891897999745117e-17 5.516928004173891168e+03
6.485594136542874458e-15 4.949901833994708887e-17 5.517665934046881375e+03
6.283530171165350034e-15 4.938996311787853389e-17 5.518403870770709545e+03
6.420072040263607969e-15 4.936319052838732471e-17 5.519141814343898659e+03
6.317267834864223425e-15 4.928171595368705799e-17 5.519879764764980791e+03
6.559479438615817271e-15 4.931283076165915929e-17 5.520617722032481652e+03
6.330600492338793386e-15 4.918664556139752035e-17 5.521355686144932406e+03
6.265359634751249848e-15 4.911171062713041595e-17 5.522093657100859673e+03
6.529950393358476957e-15 4.910224942151471579e-17 5.522831634898793709e+03
6.426903872893158869e-15 4.902953558952892708e-17 5.523569619537260223e+03
6.413758122131922489e-15 4.905461704925457086e-17 5.524307611014786744e+03
6.489298381562993237e-15 4.912590164923077719e-17 5.525045609329905346e+03
6.204171524076646709e-15 4.925474847750016678e-17 5.525783614481140830e+03
6.292460936410983757e-15 4.876524546241909026e-17 5.526521626467025271e+03
6.273521076140465708e-15 4.886233065088848577e-17 5.527259645286083469e+03
6.539839979437063522e-15 4.883963339152108831e-17 5.527997670936847499e+03
6.376279595304548843e-15 4.889513180971663709e-17 5.528735703417838522e+03
6.385575833773941218e-15 4.888684592212082881e-17 5.529473742727594072e+03
6.565719454700655511e-15 4.881467594136260278e-17 5.530211788864637128e+03
6.321872574303433301e-15 4.881861220482361438e-17 5.530949841827495220e+03
6.405490862715498777e-15 4.890104971655439958e-17 5.531687901614698603e+03
6.450400814853784539e-15 4.882815826596493415e-17 5.532425968224777534e+03
6.334950739141025125e-15 4.881275866730959781e-17 5.533164041656254994e+03
6.395749762157750613e-15 4.888554250571055104e-17 5.533902121907664878e+03
6.555943119183268659e-15 4.881050773312709539e-17 5.534640208977531074e+03
6.520252875974750920e-15 4.882301833900849990e-17 5.535378302864384750e+03
6.349056312674876403e-15 4.887763270818041729e-17 5.536116403566754343e+03
6.322514533355849232e-15 4.895271117864171732e-17 5.536854511083167381e+03
6.493303140938517530e-15 4.910567786035646862e-17 5.537592625412149573e+03
6.300216760220777949e-15 4.918036021999813489e-17 5.538330746552235723e+03
6.399545455187189255e-15 4.923166309826649329e-17 5.539068874501946993e+03
6.621366873633204135e-15 4.937453080005216620e-17 5.539807009259815459e+03
6.162322246014732200e-15 4.941723132727225038e-17 5.540545150824369557e+03
6.321730546667956629e-15 4.940788893642386422e-17 5.541283299194135907e+03
6.280815560929073219e-15 4.948273592620458329e-17 5.542021454367643855e+03
6.409443491251002088e-15 4.946328370220924785e-17 5.542759616343422749e+03
6.256822044453601213e-15 4.956682718541384048e-17 5.543497785120000117e+03
6.150139298359306097e-15 4.956520818143698618e-17 5.544235960695902577e+03
6.357574433876084303e-15 4.955014355367456346e-17 5.544974143069661295e+03
6.438573520633884620e-15 4.966381270823150860e-17 5.545712332239801981e+03
6.263349070281820235e-15 4.971438344991916450e-17 5.546450528204853981e+03
6.268537193007263601e-15 4.977353884683288273e-17 5.547188730963347552e+03
6.293859581774056033e-15 4.983332956993777772e-17 5.547926940513807494e+03
6.119906086053532020e-15 5.000406920311322967e-17 5.548665156854764973e+03
6.341496339342684085e-15 4.998970223850632041e-17 5.549403379984747517e+03
6.409944320984960875e-15 4.993875203870660965e-17 5.550141609902282653e+03
6.204542563181834935e-15 5.009050647233731435e-17 5.550879846605898820e+03
6.366602424602100247e-15 4.966305650119991835e-17 5.551618090094125364e+03
6.389776725125206490e-15 4.964717626490046083e-17 5.552356340365489814e+03
6.473783474490459968e-15 4.934612658077110123e-17 5.555309409252897240e+03
6.336930725530972883e-15 4.927286425693727677e-17 5.556047693417876872e+03
6.574456119685352426e-15 4.925648402862516291e-17 5.556785984357165944e+03
6.252638463889070905e-15 4.921877072472534381e-17 5.557524282069289256e+03
6.235247674120625317e-15 4.925606681754107646e-17 5.558262586552780704e+03
6.352925410493249193e-15 4.933644028898275998e-17 5.559000897806163266e+03
6.441312301677292740e-15 4.945224686693989716e-17 5.559739215827967200e+03
6.432090895978006672e-15 4.948239124721037166e-17 5.560477540616720944e+03
6.372191330761944645e-15 4.963784878223986073e-17 5.561215872170953844e+03
6.263519590666206976e-15 4.970826379990517390e-17 5.561954210489191610e+03
6.403762997352292504e-15 4.990365711915345065e-17 5.562692555569965407e+03
6.368650512639394250e-15 4.991854443996405401e-17 5.563430907411802764e+03
6.409527878018507062e-15 4.996367838203456055e-17 5.564169266013229390e+03
6.468908094593895177e-15 5.011908456514938670e-17 5.564907631372778269e+03
6.370762611924228697e-15 5.032702813351001721e-17 5.565646003488973292e+03
6.515207789653666417e-15 5.045094172512398567e-17 5.566384382360345626e+03
6.484516115077188279e-15 5.077578911648009651e-17 5.567122767985422797e+03
6.412786848940927804e-15 5.103925199673636647e-17 5.567861160362732335e+03
5.588865652273851752e-15 5.212243847156063661e-17 5.568599559490803586e+03
2.569457895632451215e-15 5.681843830558870280e-17 5.569337965368165897e+03
8.557615986978581026e-16 7.029125480712702172e-17 5.570076377993344067e+03
6.490571925674825267e-15 5.021205985944101563e-17 5.588538882359109266e+03
6.355101043468660917e-15 4.960027611073570439e-17 5.589277469911006847e+03
6.411527767778517089e-15 4.946618303928051539e-17 5.590016064170987192e+03
6.351444822048311695e-15 4.944948118810898297e-17 5.590754665137579650e+03
6.521137440533850341e-15 4.955584790363164004e-17 5.591493272809311748e+03
6.208487469216854093e-15 4.953257798849574806e-17 5.592231887184712832e+03
6.532409118332196724e-15 4.967207210726424061e-17 5.592970508262309522e+03
6.334786033494008976e-15 4.992651675391393414e-17 5.593709136040632075e+03
6.334050785176828205e-15 4.972868844558471959e-17 5.594447770518208017e+03
6.523458021980477964e-15 4.963705052709002217e-17 5.595186411693563969e+03
6.271743289074448261e-15 4.960648765288340450e-17 5.595925059565232004e+03
6.297615487582027718e-15 4.952400628215698548e-17 5.596663714131738743e+03
6.446827645881387493e-15 4.934259411038406568e-17 5.597402375391608985e+03
6.324093970652909262e-15 4.929074992255029828e-17 5.598141043343377532e+03
6.171061588639085018e-15 4.930999382622183751e-17 5.598879717985568277e+03
6.250312403334863677e-15 4.930661008176925439e-17 5.599618399316709656e+03
6.230713539101750102e-15 4.935845162278792812e-17 5.600357087335334654e+03
6.369876486937482538e-15 4.939081322641221845e-17 5.601095782039965343e+03
6.264562565262968862e-15 4.927525553229128563e-17 5.601834483429132888e+03
6.151119811240233395e-15 4.917239756355883672e-17 5.602573191501365727e+03
6.178758017536631747e-15 4.920685678762817715e-17 5.603311906255192298e+03
6.100768615776819125e-15 4.918799765975227217e-17 5.604050627689140128e+03
6.074542175571216449e-15 4.927201356477095899e-17 5.604789355801738566e+03
6.178979121697642310e-15 4.924356311012761704e-17 5.605528090591515138e+03
6.062443107955847801e-15 4.957956581241839436e-17 5.609221864646571703e+03
6.363240758555890219e-15 4.984281276077636134e-17 5.609960639468516092e+03
6.077377551137380252e-15 5.030875635902973542e-17 5.610699420957336770e+03
6.216350341466625016e-15 4.981151592333039466e-17 5.611438209111562173e+03
6.129686518918460903e-15 4.975450347749562760e-17 5.612177003929722559e+03
6.348678603935620653e-15 4.960526901247480015e-17 5.612915805410343637e+03
6.207935403918245783e-15 4.973707865044642950e-17 5.613654613551956572e+03
6.161542901164911492e-15 4.929431208876235018e-17 5.614393428353087074e+03
6.351893789055643631e-15 4.898977882224396053e-17 5.615132249812263581e+03
6.183176860140493955e-15 4.898834802930867979e-17 5.615871077928017257e+03
6.148223351779300751e-15 4.888911265278077208e-17 5.616609912698875632e+03
6.107063882123430909e-15 4.892578963221291227e-17 5.617348754123364415e+03
6.288659564795825436e-15 4.902352279434409518e-17 5.618087602200013862e+03
6.324826517307389457e-15 4.903417035444250151e-17 5.618826456927352410e+03
6.267929762948606770e-15 4.911269769092886722e-17 5.619565318303908498e+03
6.234998461453252208e-15 4.898687228705449092e-17 5.620304186328210562e+03
6.350177636669120623e-15 4.894639521467321226e-17 5.621043060998785222e+03
6.204036280631627921e-15 4.878605928407408705e-17 5.621781942314163643e+03
6.161363914299995284e-15 4.872365784687942771e-17 5.622520830272871535e+03
6.231543816558502386e-15 4.872316181785937535e-17 5.623259724873438245e+03
6.319071235456543904e-15 4.868244978507564693e-17 5.623998626114393119e+03
6.348071713844366415e-15 4.876065862049503576e-17 5.624737533994263686e+03
6.318954371330533686e-15 4.878862053003566881e-17 5.625476448511577473e+03
6.086677119919314773e-15 4.880159414245051841e-17 5.626215369664863829e+03
6.145751451842116293e-15 4.868146239582968330e-17 5.626954297452652099e+03
6.282841805596364467e-15 4.853582125966574267e-17 5.627693231873467994e+03
6.259363226403343537e-15 4.863480547548083090e-17 5.628432172925842679e+03
6.168472916803246982e-15 4.861908310550993444e-17 5.629171120608301862e+03
6.179593027891434108e-15 4.865449129754914984e-17 5.629910074919376711e+03
6.116812615155172504e-15 4.854172464575493509e-17 5.630649035857592025e+03
6.106122623307508621e-15 4.851531045448190735e-17 5.631388003421481699e+03
6.196041994845122973e-15 4.836832586449782278e-17 5.632126977609566893e+03
6.160727550922839336e-15 4.829369436681819820e-17 5.632865958420382412e+03
5.966361858547691930e-15 4.823837610456951568e-17 5.633604945852452147e+03
6.202021368742572579e-15 4.823473635537720527e-17 5.634343939904305444e+03
6.435253181543404798e-15 4.831694976440960193e-17 5.635082940574473469e+03
6.175245033719526123e-15 4.823047738236068323e-17 5.635821947861481021e+03
5.953228671556550506e-15 4.823690585794137929e-17 5.636560961763860178e+03
6.104856987187015999e-15 4.821468595791575634e-17 5.637299982280133918e+03
6.277524705100113780e-15 4.822919572558507779e-17 5.638039009408837046e+03
6.161999292483238354e-15 4.822404520326912639e-17 5.638778043148491633e+03
6.175726669618502605e-15 4.831403813042122746e-17 5.639517083497630665e+03
6.204089898649237633e-15 4.837521237067736236e-17 5.640256130454781669e+03
6.191234411917548318e-15 4.835685327314479114e-17 5.640995184018470354e+03
6.189044093617093047e-15 4.843193251789600208e-17 5.641734244187227887e+03
6.163418778118032383e-15 4.842694213362056684e-17 5.642473310959581795e+03
6.110447744613562419e-15 4.837419609820480249e-17 5.643212384334059607e+03
6.186363488052468846e-15 4.828344439692648866e-17 5.643951464309191579e+03
6.190680243272407044e-15 4.830498228126284857e-17 5.644690550883504329e+03
6.262027897188065166e-15 4.827816521432393328e-17 5.645429644055526296e+03
6.157196822931949588e-15 4.824522962623383623e-17 5.646168743823787736e+03
6.335141579847539558e-15 4.834700505962334828e-17 5.646907850186816177e+03
6.336318881154459860e-15 4.818376135272524689e-17 5.647646963143137327e+03
6.139523666073308519e-15 4.804497054917575484e-17 5.648386082691282354e+03
6.346243761261626496e-15 4.804598075223838484e-17 5.649125208829778785e+03
6.179997075995450139e-15 4.805152014010364109e-17 5.649864341557155967e+03
6.284516969894732392e-15 4.800224081488897093e-17 5.650603480871939610e+03
6.148948893973254992e-15 4.803860340101665498e-17 5.651342626772661788e+03
6.120808849961952023e-15 4.803435183421922551e-17 5.652081779257848211e+03
6.220084376088628732e-15 4.768155237904142738e-17 5.652820938326028227e+03
5.993689878630306132e-15 4.761010403859757453e-17 5.653560103975729362e+03
6.184348965230082909e-15 4.762594402217415769e-17 5.654299276205481874e+03
6.203007229800778994e-15 4.760714856978838124e-17 5.655038455013811472e+03
6.052671311480621276e-15 4.743556115240763673e-17 5.655777640399247503e+03
5.983156405611897943e-15 4.743789368559370760e-17 5.656516832360319313e+03
6.027970939014763848e-15 4.731139455044165486e-17 5.657256030895556250e+03
6.230993033947590282e-15 4.741122529773560316e-17 5.657995236003484024e+03
5.920242029016216854e-15 4.742872463659955393e-17 5.658734447682631981e+03
5.902999894019779478e-15 4.733502543129866027e-17 5.659473665931527648e+03
6.082718073356787663e-15 4.734269048021895152e-17 5.660212890748700374e+03
5.978304830074504810e-15 4.720363862719198285e-17 5.660952122132681325e+03
5.983185276722503192e-15 4.739873102167470431e-17 5.661691360081993480e+03
6.136659210787926059e-15 4.738864874531688523e-17 5.662430604595167097e+03
6.307161381199699927e-15 4.737549341112217687e-17 5.663169855670734250e+03
6.024022426710328514e-15 4.743836183570264068e-17 5.663909113307217922e+03
6.108292007272970305e-15 4.753970015175415514e-17 5.664648377503148367e+03
6.007517821963744428e-15 4.760425640378717970e-17 5.665387648257056753e+03
6.216724345897616207e-15 4.776372272305914783e-17 5.666126925567466969e+03
6.130041145415632177e-15 4.786885868338728252e-17 5.666866209432910182e+03
6.189551520136954427e-15 4.792679747904402128e-17 5.667605499851914828e+03
6.168590713746764474e-15 4.833399024146338719e-17 5.668344796823006618e+03
6.108871894509740952e-15 4.889221919182928242e-17 5.669084100344716717e+03
6.108098479959288734e-15 4.949902744024180147e-17 5.669823410415573562e+03
6.068934257095667187e-15 4.836720307879082276e-17 5.670562727034104682e+03
6.197565672378870247e-15 4.819812136961486054e-17 5.671302050198837605e+03
6.237940165663826175e-15 4.821837558192577296e-17 5.672041379908301678e+03
5.893988171547803162e-15 4.831633132654540129e-17 5.672780716161025339e+03
6.038616108006434312e-15 4.839525585482584749e-17 5.673520058955537024e+03
5.905024671583311485e-15 4.849969688176790722e-17 5.674259408290362444e+03
6.095571789691573765e-15 4.863841943968898657e-17 5.674998764164034583e+03
6.089390249508071158e-15 4.876632190558196619e-17 5.675738126575078240e+03
5.967884674483885585e-15 4.885004953033300313e-17 5.676477495522025492e+03
6.112186660920148104e-15 4.908497236256182343e-17 5.679435036639385544e+03
6.140995795518701451e-15 4.922918656265224327e-17 5.680174438243763689e+03
5.906525162526287841e-15 4.940562804730798871e-17 5.680913846375209687e+03
6.044451542229107486e-15 4.938084912920909992e-17 5.681653261032258342e+03
6.005838504236545206e-15 4.932984292655536089e-17 5.682392682213434455e+03
5.964166407644834366e-15 4.959705790665262674e-17 5.683132109917265552e+03
5.955625747013200720e-15 4.979140660648110657e-17 5.683871544142285529e+03
5.977382348904408363e-15 5.004285508268994016e-17 5.684610984887014638e+03
6.063533915091590130e-15 5.012272080113465502e-17 5.685350432149987682e+03
6.028349781130978313e-15 5.026908474792719500e-17 5.686089885929730372e+03
6.048032949514818247e-15 5.050521054588030760e-17 5.686829346224771143e+03
6.101229717970755501e-15 5.059843786459440480e-17 5.687568813033638435e+03
5.830471617080988998e-15 5.067590275069034720e-17 5.688308286354861593e+03
6.110246921017020780e-15 5.084118336411730534e-17 5.689047766186968147e+03
6.143130611610542351e-15 5.084855993134609201e-17 5.689787252528486533e+03
6.132872375697286151e-15 5.075641925341112010e-17 5.690526745377945190e+03
6.209545097689196249e-15 5.078722911642511536e-17 5.691266244733871645e+03
6.255464536022336970e-15 5.081829808223673527e-17 5.692005750594797064e+03
6.249201111749670272e-15 5.075056895743694814e-17 5.692745262959246247e+03
6.197703024021142694e-15 5.068877645869316085e-17 5.693484781825749451e+03
6.161216509755680503e-15 5.066002594441102090e-17 5.694224307192835113e+03
5.957649357389544290e-15 5.061534981294204433e-17 5.694963839059031670e+03
6.132356673063590162e-15 5.060511648223028036e-17 5.695703377422865742e+03
6.118877595755094683e-15 5.042074569746919045e-17 5.696442922282869404e+03
6.273671202152468335e-15 5.023410579379338028e-17 5.697182473637567455e+03
6.095426440654089914e-15 5.008807249481214215e-17 5.697922031485490152e+03
6.155425774506935791e-15 4.990690477937630285e-17 5.698661595825164113e+03
6.126336919218064340e-15 4.969115284905669131e-17 5.699401166655119596e+03
6.118551763406660789e-15 4.957014429508276572e-17 5.700140743973883218e+03
6.110808552969571285e-15 4.933367539226347281e-17 5.700880327779987056e+03
6.246014992347364279e-15 4.925265810948535055e-17 5.701619918071954999e+03
6.063609901751350050e-15 4.910051287562295406e-17 5.702359514848318213e+03
5.889167752451442668e-15 4.903491035291117078e-17 5.703099118107602408e+03
6.171305718406776749e-15 4.890814817941150527e-17 5.703838727848339659e+03
6.058521890519548663e-15 4.884392160314059633e-17 5.704578344069055674e+03
6.099979786759326477e-15 4.874914327910725387e-17 5.705317966768277984e+03
6.177794162015729520e-15 4.870368409098691717e-17 5.706057595944539571e+03
5.974726687696355529e-15 4.868532947487645759e-17 5.706797231596364327e+03
6.127477504051474812e-15 4.856289401112118435e-17 5.707536873722281598e+03
6.141492465992286715e-15 4.895853175322317609e-17 5.708276522320820732e+03
6.186952882010406059e-15 4.888184895044662114e-17 5.709016177390509256e+03
6.120555766645290288e-15 4.890250814647227159e-17 5.709755838929876518e+03
6.079795064927734828e-15 4.865536841366815485e-17 5.710495506937450045e+03
6.147670085677531282e-15 4.860252287484211712e-17 5.711235181411759186e+03
6.069638697886304785e-15 4.862119655573444117e-17 5.711974862351331467e+03
6.157227829667456141e-15 4.868680948974732853e-17 5.712714549754695327e+03
6.020580073210066412e-15 4.872357023998673854e-17 5.713454243620379202e+03
6.161255906451834797e-15 4.869213893553655264e-17 5.714193943946911531e+03
6.345542340882949662e-15 4.864841026286807235e-17 5.714933650732819842e+03
6.192079693434525537e-15 4.869025974565444229e-17 5.715673363976635301e+03
6.126282315577561557e-15 4.868806820807382503e-17 5.716413083676881797e+03
6.198773914066920758e-15 4.871547665055794873e-17 5.717152809832090497e+03
6.068589223033143765e-15 4.877204626107127139e-17 5.717892542440791658e+03
6.207287399598362918e-15 4.874875995378958056e-17 5.718632281501511898e+03
6.136193299245138428e-15 4.865602517228333200e-17 5.719372027012776925e+03
6.036347353414762756e-15 4.863197270793747004e-17 5.720111778973119726e+03
5.972747856796384849e-15 4.865955618984002339e-17 5.720851537381066009e+03
6.018739571180089900e-15 4.857624440527878971e-17 5.721591302235143303e+03
6.028902364477856297e-15 4.855915997101925709e-17 5.722331073533881863e+03
5.912386405352061198e-15 4.861592401299297758e-17 5.723070851275810128e+03
5.858621433664735643e-15 4.851204219646496096e-17 5.723810635459455625e+03
5.927372483845333506e-15 4.854331758794564295e-17 5.724550426083347702e+03
5.994771251272765496e-15 4.847494811269903753e-17 5.725290223146013886e+03
5.842533563833769385e-15 4.839356638931663942e-17 5.726030026645982616e+03
6.081910788383945971e-15 4.827330223640707414e-17 5.726769836581781419e+03
6.071314982445903008e-15 4.820159091272178904e-17 5.727509652951939643e+03
6.065358371346336198e-15 4.816206267032054319e-17 5.728249475754986634e+03
6.029177154871779737e-15 4.813645084862557066e-17 5.728989304989449010e+03
5.973014871445717291e-15 4.820722185711950560e-17 5.729729140653857030e+03
5.968561018622832578e-15 4.877445653243742966e-17 5.730468982746738220e+03
6.045012308589110800e-15 5.229984395994952846e-17 5.731208831266621019e+03
6.292965960999691985e-15 4.987705175111025493e-17 5.731948686212032044e+03
6.214942351827209664e-15 4.794726937938268930e-17 5.734908170219543535e+03
6.245041068327085567e-15 4.795646675388819624e-17 5.735648057270530444e+03
6.076599419042956593e-15 4.795637256305644437e-17 5.736387950738217114e+03
6.388363941051391070e-15 4.792693857898792833e-17 5.737127850621131074e+03
6.161555178666138721e-15 4.802292610820702739e-17 5.737867756917803490e+03
6.127741119148837473e-15 4.796175147212104378e-17 5.738607669626761890e+03
6.160189516229796786e-15 4.794275066453228518e-17 5.739347588746531983e+03
6.484002610190232202e-15 4.794801494848435202e-17 5.740087514275645844e+03
6.228170034623775258e-15 4.789181747325237020e-17 5.740827446212630093e+03
6.057880970561254380e-15 4.787286386269918733e-17 5.741567384556012257e+03
5.996316299360203292e-15 4.785685817758527204e-17 5.742307329304321684e+03
6.100098940850768398e-15 4.782543328392653256e-17 5.743047280456085900e+03
5.865708965263092017e-15 4.775605228232553105e-17 5.743787238009836074e+03
6.152213153784517653e-15 4.771103995999234635e-17 5.744527201964098822e+03
6.280409387272423430e-15 4.770789263737683561e-17 5.745267172317400764e+03
6.202578942815133066e-15 4.768785593597649595e-17 5.746007149068273065e+03
6.079866859496464267e-15 4.762271232610785554e-17 5.746747132215243255e+03
6.307975301122357038e-15 4.782777779198527000e-17 5.747487121756839770e+03
6.197279155471280247e-15 4.782081240164106432e-17 5.748227117691587409e+03
6.143527077077534213e-15 4.778102884511100841e-17 5.748967120018021888e+03
6.417873070919564642e-15 4.770885797174148871e-17 5.751927193211149643e+03
6.327875311104241819e-15 4.769622576858262457e-17 5.752667227473921230e+03
6.111457281760446264e-15 4.759416925262907519e-17 5.753407268119548462e+03
6.319543653181599357e-15 4.760164303911549853e-17 5.754147315146556139e+03
6.092209346967081234e-15 4.764290189943395948e-17 5.754887368553472697e+03
6.239027833503357638e-15 4.772633241162127692e-17 5.755627428338830214e+03
6.164794094517732831e-15 4.774557767764706375e-17 5.756367494501151668e+03
6.222013597467601530e-15 4.783465600861245680e-17 5.757107567038972775e+03
6.068281954456249728e-15 4.753324395078425538e-17 5.757847645950811966e+03
6.236931869060625832e-15 4.766809344640995999e-17 5.758587731235205865e+03
6.206129608440126762e-15 4.779074126942857611e-17 5.759327822890681091e+03
6.022170883883654963e-15 4.789545447545930812e-17 5.760067920915762443e+03
6.012794618008558891e-15 4.787499036262316503e-17 5.760808025308982906e+03
6.105175189229440289e-15 4.791813067830743737e-17 5.761548136068869098e+03
6.157261965608400916e-15 4.791998590643197689e-17 5.762288253193949458e+03
6.159552282198579064e-15 4.793677500567779908e-17 5.763028376682750604e+03
6.025683513116532157e-15 4.788728772938471067e-17 5.763768506533804612e+03
6.268013753479723808e-15 4.799624592511580963e-17 5.764508642745635370e+03
6.175441559770961863e-15 4.807820662404390107e-17 5.765248785316776775e+03
6.270730609397015160e-15 4.812498510032207491e-17 5.765988934245750897e+03
6.196934443440116986e-15 4.815143988562601857e-17 5.766729089531090722e+03
6.014203815939302883e-15 4.818700277307891697e-17 5.767469251171323776e+03
6.075503530369384486e-15 4.829031195384426592e-17 5.770429961251751592e+03
6.182176690943180648e-15 4.827549777832562939e-17 5.771170154644372815e+03
6.195879615425566086e-15 4.838614578678066030e-17 5.771910354383058802e+03
6.286808140058719288e-15 4.851405450698486224e-17 5.772650560466336174e+03
6.132203088545773543e-15 4.837825069931375155e-17 5.773390772892733366e+03
6.100967425278043379e-15 4.825804382531729754e-17 5.774130991660779728e+03
6.026110899375062274e-15 4.818310158278599911e-17 5.774871216769001876e+03
6.083111505686202572e-15 4.816289100796471665e-17 5.775611448215930068e+03
6.151242287296622314e-15 4.806011779026450902e-17 5.776351686000092741e+03
5.968765314161328259e-15 4.788528407449782123e-17 5.777091930120014695e+03
6.149135087461997477e-15 4.787681200475944247e-17 5.777832180574228914e+03
6.075553606345569542e-15 4.788824986433269469e-17 5.778572437361261109e+03
6.192328159887381941e-15 4.770622796357147714e-17 5.781533527808149302e+03
6.224955413181056477e-15 4.780991902468594302e-17 5.782273816237202482e+03
6.192021172598915438e-15 4.743000971683760697e-17 5.783014110990244262e+03
6.308992817909335068e-15 4.763539521864979673e-17 5.783754412065803990e+03
6.034819401503974186e-15 4.772973419800837502e-17 5.784494719462410103e+03
6.139866459106034386e-15 4.779744194927990064e-17 5.785235033178591038e+03
6.049414031219412397e-15 4.780931569079975763e-17 5.785975353212873415e+03
5.955355325703480769e-15 4.786076000321277301e-17 5.786715679563789308e+03
6.206388030572790148e-15 4.789849442741785274e-17 5.787456012229863518e+03
6.090455733946759409e-15 4.796815796899910607e-17 5.788196351209626300e+03
6.258363892956968075e-15 4.801044687953081872e-17 5.788936696501605184e+03
6.035267927896973672e-15 4.798442135492699091e-17 5.789677048104329515e+03
6.245597736448874766e-15 4.810580433459596596e-17 5.790417406016325913e+03
6.156909024502934277e-15 4.813120529592266499e-17 5.791157770236124634e+03
5.885764881262359994e-15 4.808645840087005624e-17 5.791898140762254116e+03
6.073315838481227999e-15 4.811012601418995974e-17 5.792638517593242796e+03
6.151036503379542928e-15 4.814043808007623197e-17 5.795600087936347336e+03
6.176169899891307936e-15 4.811499619049674657e-17 5.796340496269553114e+03
5.823058813147718127e-15 4.805453616210261189e-17 5.797080910898788716e+03
5.923877678330189678e-15 4.800871952945289369e-17 5.797821331822580760e+03
6.115778984147715800e-15 4.791754185873256916e-17 5.798561759039461322e+03
6.139644837140118526e-15 4.787898920480288181e-17 5.799302192547955201e+03
6.028707551756352013e-15 4.785763274135851186e-17 5.800042632346590835e+03
6.074393770625420558e-15 4.781141279166694661e-17 5.800783078433896662e+03
6.122826590617323063e-15 4.776871465934245542e-17 5.801523530808402938e+03
5.971562897432773490e-15 4.778083636577531611e-17 5.802263989468638101e+03
6.041783142417621582e-15 4.774363925675483300e-17 5.803004454413126950e+03
5.834389650159620279e-15 4.781175640163123041e-17 5.803744925640403380e+03
6.005371993823068868e-15 4.789051390113887784e-17 5.804485403148992191e+03
6.035188263915651990e-15 4.794079840090918632e-17 5.805225886937421819e+03
6.292602518144595280e-15 4.795835655286484121e-17 5.805966377004221613e+03
6.122683483374756114e-15 4.807351395966025264e-17 5.806706873347920919e+03
6.081081905035576299e-15 4.815890373007662416e-17 5.807447375967045446e+03
6.034809547240756269e-15 4.788122830227000172e-17 5.808187884860124541e+03
6.150252374502643379e-15 4.797202517392743486e-17 5.808928400025689371e+03
6.144214314027876960e-15 4.807140049408448805e-17 5.809668921462265644e+03
6.035181398584947746e-15 4.814087246976700563e-17 5.810409449168380888e+03
6.025291037009578533e-15 4.814205640748496552e-17 5.811149983142566271e+03
6.094860508811178438e-15 4.828074639924317727e-17 5.811890523383349318e+03
6.059365588673565585e-15 4.824523487734479673e-17 5.812631069889257560e+03
6.174841687774959107e-15 4.814384105928327715e-17 5.813371622658819433e+03
6.045085436130010721e-15 4.809156130190932013e-17 5.814112181690563375e+03
6.241898408003452420e-15 4.809082630981838701e-17 5.814852746983018733e+03
6.197614062480686123e-15 4.800239032722464795e-17 5.815593318534714854e+03
6.253134788894685010e-15 4.806191720347261370e-17 5.816333896344178356e+03
6.217661874245521401e-15 4.803975526452907358e-17 5.817074480409935859e+03
6.154829514219648493e-15 4.803794070059989434e-17 5.817815070730519437e+03
6.170496269220185223e-15 4.800661483573767731e-17 5.818555667304455710e+03
6.156153525509752266e-15 4.808549164018310267e-17 5.821518116104300134e+03
5.862590341967138670e-15 4.816830891379789317e-17 5.822258743922928261e+03
6.252456899831328525e-15 4.821959410332243312e-17 5.822999377986079708e+03
6.257841759052727558e-15 4.821940127224903980e-17 5.823740018292282912e+03
6.245317054235584337e-15 4.824097291081550616e-17 5.824480664840066311e+03
6.261947733068291386e-15 4.826802681062390013e-17 5.825221317627957433e+03
6.245531579584660841e-15 4.838642972689856488e-17 5.825961976654487444e+03
6.329345105481560419e-15 4.837068262164216469e-17 5.826702641918182053e+03
6.325031839261311255e-15 4.835822741210167609e-17 5.827443313417571517e+03
6.068168396626777567e-15 4.836011704653002821e-17 5.828183991151183363e+03
6.214305054881879815e-15 4.837980182960541994e-17 5.828924675117546030e+03
6.076616621206580445e-15 4.834534743331014771e-17 5.829665365315187955e+03
6.122211232214352594e-15 4.830804418768433430e-17 5.830406061742634847e+03
6.277922876557130505e-15 4.834674402490395543e-17 5.831146764398422420e+03
6.304323121942125935e-15 4.838031562880595348e-17 5.831887473281071834e+03
6.393321661475990327e-15 4.845092109097493916e-17 5.832628188389115167e+03
6.222481392868533171e-15 4.817146264548457889e-17 5.833368909721079035e+03
6.378083215451345099e-15 4.820815268151398366e-17 5.834109637275492787e+03
6.088662124505411260e-15 4.835588315827228569e-17 5.834850371050884860e+03
6.275121466793739366e-15 4.836789779637579418e-17 5.835591111045781872e+03
6.199710698754598261e-15 4.843470712947293439e-17 5.836331857258717719e+03
6.318806430207892924e-15 4.843494350821917625e-17 5.837072609688213561e+03
6.134579692935878820e-15 4.848198625095873790e-17 5.837813368332804203e+03
6.251254194470564678e-15 4.845895125217237531e-17 5.838554133191013534e+03
6.251397011421507947e-15 4.858597010782047563e-17 5.842998852743889074e+03
6.142204492966181174e-15 4.858741196282442249e-17 5.843739661056237310e+03
6.390039255712460646e-15 4.856761308896522008e-17 5.844480475570433555e+03
6.093931157606765412e-15 4.857478869081775697e-17 5.845221296285004428e+03
6.225072197290541651e-15 4.870393216885419602e-17 5.845962123198480185e+03
6.338719410157578802e-15 4.882096486840258992e-17 5.846702956309389265e+03
6.170343968733640870e-15 4.855678569642003960e-17 5.847443795616261013e+03
6.281382205698384002e-15 4.843691473101780032e-17 5.848184641117621140e+03
6.299839232899326094e-15 4.835286698770586487e-17 5.848925492811998993e+03
6.326474067207788653e-15 4.832817697862902347e-17 5.849666350697923917e+03
6.240880323948164123e-15 4.826846954691667687e-17 5.850407214773924352e+03
6.330494223764347283e-15 4.825053812843234918e-17 5.851148085038526915e+03
6.094360153774801850e-15 4.823625540745063731e-17 5.851888961490262773e+03
6.239620819386756946e-15 4.820349851432528806e-17 5.852629844127659453e+03
6.216025175403225695e-15 4.817253728934946888e-17 5.853370732949244484e+03
6.165125919798882280e-15 4.816160574721553615e-17 5.854111627953547213e+03
6.136951082638407087e-15 4.828292827617216565e-17 5.854852529139094258e+03
6.203154042365456117e-15 4.847263422134773943e-17 5.855593436504417696e+03
6.226871525686235496e-15 4.816364191718221701e-17 5.856334350048041415e+03
5.983018396564043193e-15 4.820565457151334164e-17 5.857075269768496582e+03
6.177943955710258449e-15 4.838891049758318764e-17 5.857816195664310726e+03
6.144725190673354351e-15 4.832699628643093333e-17 5.858557127734014102e+03
6.222530581594057992e-15 4.846865344472360926e-17 5.859298065976132420e+03
6.137497174926300428e-15 4.890525119160862133e-17 5.860039010389195028e+03
6.247701102812898062e-15 4.927102062264609927e-17 5.860779960971732180e+03
6.001500581658472859e-15 4.970420570774524724e-17 5.861520917722269587e+03
6.153366051659968408e-15 5.003589626567932651e-17 5.862261880639340234e+03
6.351344455078121255e-15 5.029972618651398316e-17 5.863002849721464372e+03
6.011495457981626001e-15 5.041873878004761982e-17 5.863743824967178625e+03
6.302985255040019267e-15 5.056478354608252268e-17 5.864484806375005064e+03
5.969284251236308197e-15 5.063173497199547932e-17 5.865225793943478493e+03
5.954737987658378194e-15 5.071339328911409405e-17 5.865966787671120983e+03
6.116710036854424184e-15 5.075488537028518353e-17 5.866707787556466428e+03
5.928812581046826825e-15 5.072170424876554991e-17 5.867448793598039629e+03
6.070714912632584538e-15 5.087550822626178678e-17 5.868189805794369931e+03
6.141930302953210390e-15 5.086192942039569089e-17 5.868930824143987593e+03
6.021867963585753581e-15 5.091020280687720127e-17 5.869671848645417413e+03
5.882038433164553299e-15 5.052355625093245203e-17 5.872636008139851583e+03
6.040296068921847900e-15 5.032185415372800668e-17 5.873377063378280582e+03
6.057562900032710153e-15 4.996955510924107748e-17 5.874118124759694183e+03
5.908137027282253030e-15 4.961195354483356093e-17 5.874859192282619915e+03
5.920230483459989164e-15 4.914779146643341078e-17 5.875600265945588035e+03
5.907033439635472340e-15 4.888564258078985200e-17 5.876341345747126979e+03
5.925837040063689284e-15 4.860452732991061427e-17 5.877082431685763368e+03
5.952595493548739450e-15 4.835728007855844951e-17 5.877823523760027456e+03
6.085485998587905195e-15 4.823430452820428652e-17 5.878564621968445863e+03
5.947676280970717327e-15 4.815027312270242150e-17 5.879305726309550664e+03
5.829806706473714212e-15 4.815054022506551546e-17 5.880046836781864840e+03
5.768330019317955194e-15 4.829847501538500693e-17 5.880787953383920467e+03
5.825025995219762294e-15 4.868257575625698970e-17 5.881529076114246891e+03
5.886962858906677432e-15 4.949771542291741098e-17 5.882270204971369822e+03
5.717149593980189312e-15 5.106788003145093805e-17 5.883011339953818606e+03
5.693356746169492285e-15 5.289786593148543122e-17 5.883752481060120772e+03
5.792871341137870673e-15 5.447469847470595184e-17 5.884493628288806576e+03
5.818969258052316726e-15 5.601070065046411601e-17 5.885234781638404456e+03
5.718163211005527101e-15 5.702994531185267481e-17 5.885975941107441940e+03
5.965548373735548632e-15 5.759937889552553715e-17 5.886717106694447466e+03
6.035817912779975721e-15 5.785495331825751256e-17 5.887458278397949471e+03
5.983185632257251426e-15 5.822378568509032940e-17 5.888199456216476392e+03
5.903080128740939779e-15 5.887379083374847480e-17 5.888940640148557577e+03
5.698953623552075174e-15 5.983121543537693717e-17 5.889681830192720554e+03
5.794481431419720048e-15 6.071835731860145061e-17 5.890423026347492851e+03
5.588095607068417973e-15 6.146610014740722966e-17 5.891164228611404724e+03
5.860975682199224319e-15 6.204451959539567541e-17 5.891905436982984611e+03
5.932198802269826416e-15 6.230387834454663464e-17 5.892646651460758221e+03
5.817037614618892609e-15 6.231435646290933093e-17 5.893387872043258540e+03
5.713723274862107395e-15 6.221820182198562012e-17 5.894129098729007637e+03
5.644028091636987232e-15 6.200370140025729080e-17 5.894870331516542137e+03
5.854032991901547283e-15 6.160204403993254518e-17 5.895611570404382292e+03
5.563933952896511613e-15 6.080233959904859602e-17 5.896352815391061995e+03
5.715797587540939860e-15 5.911257649228906721e-17 5.897094066475108775e+03
5.614151777293446238e-15 5.736259302903467474e-17 5.897835323655049251e+03
5.855543700116168261e-15 5.583080136426295542e-17 5.898576586929411860e+03
5.872098040731709967e-15 5.450882200940663243e-17 5.899317856296728678e+03
6.006631511434572811e-15 5.362834331167458845e-17 5.900059131755522685e+03
5.717524009021586798e-15 5.332458499342575968e-17 5.900800413304326867e+03
5.796834124789195869e-15 5.382866479158523314e-17 5.901541700941668751e+03
5.455377205913405102e-15 5.272398182543279497e-17 5.902282994666074956e+03
5.614311689718785289e-15 5.175182400259000883e-17 5.903024294476075738e+03
5.506961825482148944e-15 5.076033933816380575e-17 5.903765600370197717e+03
5.714145495340607257e-15 4.975071968232519663e-17 5.904506912346969330e+03
5.759522616862605201e-15 4.896920114387676682e-17 5.905248230404922651e+03
5.976840895077721874e-15 4.837846966959987206e-17 5.905989554542582482e+03
5.620519838346972045e-15 4.872949961469035353e-17 5.906730884758478169e+03
5.584238738465012784e-15 4.951590136845914365e-17 5.910437626959994304e+03
5.835974155115003386e-15 4.980926938259547150e-17 5.911178993614403225e+03
5.589366686716434470e-15 4.988786600509656433e-17 5.911920366336747065e+03
5.695902878976938515e-15 4.993601276850642978e-17 5.912661745125556081e+03
5.564647589090969397e-15 4.972577790130321091e-17 5.913403129979354162e+03
5.693116974080012521e-15 4.962505753700346926e-17 5.914144520896674294e+03
5.636746127806314930e-15 4.954974521655244606e-17 5.914885917876043095e+03
5.765065230919191466e-15 4.946019302980205572e-17 5.915627320915990822e+03
5.757593369031304771e-15 4.926979071926513541e-17 5.916368730015042274e+03
5.701668454769937095e-15 4.930319816357871106e-17 5.917110145171728618e+03
5.774327423601354907e-15 4.944132544454273442e-17 5.917851566384577382e+03
5.802657180850971099e-15 4.952785489319232426e-17 5.918592993652117002e+03
5.665290510816644695e-15 4.946854159832711961e-17 5.919334426972876827e+03
5.566003426839373854e-15 4.953516098659510568e-17 5.920075866345385293e+03
5.833549998855299225e-15 4.964216046430126531e-17 5.920817311768169020e+03
5.707112272642220326e-15 4.956502936972906430e-17 5.921558763239758264e+03
5.786750781121786502e-15 4.940607714108311196e-17 5.922300220758681462e+03
5.836403565258690453e-15 4.917828220667450288e-17 5.923041684323464324e+03
5.865169911570670800e-15 4.890141724534445310e-17 5.923783153932638925e+03
5.711549120319314772e-15 4.876439328908310565e-17 5.924524629584731883e+03
5.932393874975942343e-15 4.872582660345732369e-17 5.925266111278271637e+03
6.046300266314452507e-15 4.895327828081677418e-17 5.926007599011786624e+03
5.884665181032195613e-15 4.935108088109865741e-17 5.926749092783808010e+03
5.808661803957217070e-15 4.985810894247060976e-17 5.927490592592859684e+03
5.790352265668067658e-15 5.017465042644636454e-17 5.928232098437470995e+03
5.762180022781064516e-15 5.048247254621865900e-17 5.928973610316174927e+03
5.874082440536705209e-15 5.061826663010266901e-17 5.929715128227493551e+03
5.880325690639965608e-15 5.055615860501136886e-17 5.930456652169959852e+03
5.842587430420372749e-15 5.047447560153803670e-17 5.931198182142100450e+03
6.036245132851339625e-15 5.036403631466686104e-17 5.931939718142445599e+03
5.956776779088175717e-15 5.019356231797443968e-17 5.932681260169520101e+03
5.982260016673491400e-15 5.006436369044870876e-17 5.933422808221856030e+03
5.890718723501306110e-15 5.007537796068843804e-17 5.934164362297979096e+03
5.698823689894557601e-15 4.966571879166450413e-17 5.934905922396420465e+03
5.659577998995272751e-15 5.051119949234305951e-17 5.935647488515706755e+03
5.865190089480257554e-15 5.003352334728697928e-17 5.936389060654366403e+03
5.812131442123573104e-15 5.001032324624292454e-17 5.937130638810928758e+03
5.732356023179108514e-15 5.063623075034050312e-17 5.937872222983923166e+03
5.982621750958838988e-15 4.927601932319454132e-17 5.940838619810769160e+03
5.956990570958424669e-15 4.866344777077402219e-17 5.943805112782783908e+03
6.001813014787287450e-15 4.869361421871869672e-17 5.944546751037433751e+03
5.998673321954731357e-15 4.865117123216119656e-17 5.945288395293797294e+03
6.069719535871757993e-15 4.880184513931795093e-17 5.946030045550406612e+03
5.704468455447548069e-15 4.908820434618164432e-17 5.946771701805786506e+03
5.779914361143197191e-15 4.930680156394485106e-17 5.947513364058468142e+03
6.037355517148772669e-15 4.958713786446023974e-17 5.948255032306977228e+03
5.817410944370416250e-15 4.987476015589631611e-17 5.948996706549845840e+03
5.947941953933041776e-15 4.997350282166984798e-17 5.949738386785598777e+03
5.892242680086964799e-15 5.004131830895750537e-17 5.950480073012765388e+03
5.935007713884993027e-15 5.003285514835815551e-17 5.951221765229875928e+03
5.784621166281877966e-15 5.013884972546188843e-17 5.955672044238932358e+03
5.813579350991927321e-15 5.000767835135929510e-17 5.956413778344437560e+03
6.026761612678745077e-15 5.004800159162102553e-17 5.957155518428115101e+03
5.884952646604369358e-15 5.012093379154526065e-17 5.957897264488492510e+03
5.940551316292649985e-15 5.012861796151162475e-17 5.958639016524095496e+03
6.043630293897105303e-15 5.017448221427461470e-17 5.959380774533454314e+03
5.676176467417001690e-15 4.967678871556367567e-17 5.960122538515098313e+03
6.007439819190193738e-15 4.941051125232401985e-17 5.960864308467553201e+03
5.822988976914369552e-15 4.912892694330185012e-17 5.961606084389350144e+03
5.806332343069525029e-15 4.878233081260919340e-17 5.962347866279018490e+03
5.767083016656378417e-15 4.853958837050803598e-17 5.963089654135083038e+03
5.973236635819336793e-15 4.843811080082181697e-17 5.963831447956075863e+03
5.802741332896062068e-15 4.847706316354851360e-17 5.964573247740520856e+03
5.956530302816534504e-15 4.848503230553597619e-17 5.965315053486950092e+03
5.841833230246577328e-15 4.845361633596015077e-17 5.966056865193891099e+03
5.805770473136228137e-15 4.839850254056638294e-17 5.966798682859874134e+03
5.831175577750254911e-15 4.830594605238329796e-17 5.967540506483426725e+03
5.866966705402366946e-15 4.825995970616910983e-17 5.968282336063073672e+03
5.829519169304974359e-15 4.826058819308879663e-17 5.969024171597347959e+03
5.657888457406551540e-15 4.835400196724758217e-17 5.969766013084776205e+03
5.881633859252722497e-15 4.852220791352951542e-17 5.970507860523886848e+03
5.893545522886518282e-15 4.869447641502576674e-17 5.971249713913208325e+03
5.965176130342986010e-15 4.887748811129157071e-17 5.971991573251269074e+03
5.864110230243341211e-15 4.898547840152662642e-17 5.972733438536599351e+03
5.953041337059147007e-15 4.915529843671207219e-17 5.973475309767724866e+03
6.073922717703344481e-15 4.926141849846728320e-17 5.974217186943175875e+03
5.939107592985501706e-15 4.926157457553682207e-17 5.974959070061479906e+03
5.971218492476345909e-15 4.918488446227762367e-17 5.975700959121166306e+03
5.911337605497271848e-15 4.927619847898950149e-17 5.976442854120761695e+03
5.836495180157617721e-15 4.915186081637971302e-17 5.977184755058795417e+03
5.797697311039796780e-15 4.895363418388889119e-17 5.977926661933798641e+03
5.848003565356151487e-15 4.886583154212475638e-17 5.978668574744295256e+03
5.829393835647660273e-15 4.879416964714640088e-17 5.979410493488818247e+03
5.937530409187874788e-15 4.861889230866784334e-17 5.980152418165893323e+03
5.936524804588686738e-15 4.857297911685856787e-17 5.980894348774047103e+03
6.024660289006848881e-15 4.850212659105813758e-17 5.981636285311813481e+03
5.852294274878175721e-15 4.839551737561311603e-17 5.982378227777716347e+03
5.897641305134599277e-15 4.832751370073925277e-17 5.983120176170286868e+03
5.959708184646981880e-15 4.831570608725720464e-17 5.983862130488048933e+03
5.889087673802505237e-15 4.821121189202674511e-17 5.984604090729537347e+03
5.909046732480589526e-15 4.773124913338482028e-17 5.985346056893276909e+03
6.004478484349807012e-15 4.760110215830858865e-17 5.986088028977797876e+03
6.031435225998676724e-15 4.752500607177497125e-17 5.986830006981625047e+03
5.905910048800019252e-15 4.744129718407823660e-17 5.987571990903292317e+03
5.980993584479279554e-15 4.736738065238123566e-17 5.988313980741322666e+03
5.757677614031456053e-15 4.733294587256660602e-17 5.989055976494248171e+03
5.801168907015052643e-15 4.728550962631612212e-17 5.989797978160595449e+03
5.973475656445959341e-15 4.726388691106313927e-17 5.990539985738894757e+03
5.849800511945456051e-15 4.725148468085133982e-17 5.991281999227674532e+03
5.973961441536983736e-15 4.728012653885063096e-17 5.992024018625459576e+03
6.094974019842338833e-15 4.731869892097755642e-17 5.992766043930783781e+03
5.762580018128627724e-15 4.734096843925430392e-17 5.993508075142171037e+03
6.064779558146003316e-15 4.730757860752373645e-17 5.994250112258152512e+03
5.861868493130758004e-15 4.736712671698113297e-17 5.994992155277253914e+03
5.878754865007631674e-15 4.731178159400591961e-17 5.995734204198006410e+03
5.835614557177858932e-15 4.731789981317689441e-17 5.996476259018940254e+03
5.821241224275270804e-15 4.745036850179685469e-17 5.997218319738578430e+03
5.798644127952143849e-15 4.761074797879317257e-17 5.997960386355454830e+03
5.758088148518064038e-15 4.777823418631732175e-17 5.998702458868092435e+03
5.789130728086575401e-15 4.797241666208454566e-17 5.999444537275024231e+03
5.812726843362204721e-15 4.846839741100725215e-17 6.000186621574775927e+03
5.984561228070025899e-15 4.905023486616185056e-17 6.000928711765878688e+03
6.044127065640265147e-15 4.811955361223806462e-17 6.001670807846859134e+03
5.912939563247042476e-15 4.801694854023245858e-17 6.002412909816245701e+03
5.738349126895304600e-15 4.799241887737891746e-17 6.003155017672567737e+03
5.797541914158304724e-15 4.796634935251664825e-17 6.003897131414351861e+03
5.799858601106605198e-15 4.789038094213397787e-17 6.004639251040129238e+03
6.159185154285440214e-15 4.772580985087796579e-17 6.005381376548425578e+03
5.832517222688781976e-15 4.771378360911146315e-17 6.006123507937771137e+03
5.912487931894784271e-15 4.759379454925199189e-17 6.006865645206694353e+03
5.823012426289245916e-15 4.752065743309210143e-17 6.007607788353722754e+03
5.851457536964126667e-15 4.739427165719782697e-17 6.008349937377386595e+03
5.958600780578813366e-15 4.740774135253788105e-17 6.009092092276212497e+03
5.860305153438122510e-15 4.742135405544890085e-17 6.009834253048727987e+03
6.012515446497478247e-15 4.707728304874444764e-17 6.010576419693464231e+03
5.857348538340273612e-15 4.695940704547602654e-17 6.011318592208948758e+03
5.901614448612232003e-15 4.696443605687027112e-17 6.012060770593709094e+03
6.099549702276840655e-15 4.692684471539606931e-17 6.012802954846276407e+03
6.093666830616744130e-15 4.686784008670029864e-17 6.013545144965175496e+03
5.743508520298507718e-15 4.690876367364386799e-17 6.014287340948935707e+03
5.998704451981025586e-15 4.687100083947783514e-17 6.015029542796088208e+03
5.947214960608077406e-15 4.686705568685354618e-17 6.015771750505156888e+03
5.834359778606854728e-15 4.686645892988991249e-17 6.016513964074675641e+03
5.944747353577180391e-15 4.685372757734845291e-17 6.017256183503167449e+03
6.044224676431364620e-15 4.683220868309171257e-17 6.017998408789166206e+03
5.902192902327722676e-15 4.681288729965917802e-17 6.018740639931196711e+03
5.993840678084808487e-15 4.684727597223445472e-17 6.019482876927788311e+03
6.030833434018466520e-15 4.674437317447084566e-17 6.020225119777469445e+03
5.867258202359351364e-15 4.675439496761296960e-17 6.020967368478768549e+03
5.813011379592898778e-15 4.677808606802444329e-17 6.021709623030214971e+03
5.906120462334856830e-15 4.675127336485372565e-17 6.022451883430335329e+03
5.864801504200127277e-15 4.675730132695951943e-17 6.023194149677659880e+03
5.966746432516960930e-15 4.681798437848995891e-17 6.023936421770717971e+03
5.813542274601644748e-15 4.678949621303970612e-17 6.024678699708034401e+03
5.737055040882085617e-15 4.678133492531544959e-17 6.025420983488140337e+03
6.016226593640190921e-15 4.682070439511879267e-17 6.026163273109563306e+03
5.751706140800401585e-15 4.680681216584817533e-17 6.026905568570834475e+03
5.897497477364689198e-15 4.690815102871890243e-17 6.027647869870477734e+03
5.704271611669941626e-15 4.693161396606135808e-17 6.028390177007022430e+03
5.901378688730048228e-15 4.694934053980380402e-17 6.029132489979001548e+03
5.807921654202239574e-15 4.702969425012634132e-17 6.029874808784938068e+03
5.982092089725009954e-15 4.703110207555641789e-17 6.030617133423363157e+03
5.962638450658288329e-15 4.702906651072507917e-17 6.031359463892806161e+03
5.834538404521046093e-15 4.698448830086882323e-17 6.032101800191794609e+03
5.999274348550293122e-15 4.691824601607511435e-17 6.032844142318856939e+03
5.958924767321269888e-15 4.697896197112850384e-17 6.033586490272518859e+03
5.917752280959827526e-15 4.697087905138898438e-17 6.034328844051313354e+03
5.809086521560222241e-15 4.694906547271168344e-17 6.035071203653766133e+03
5.910717457984190985e-15 4.674037127458863757e-17 6.035813569078407454e+03
5.946661351869637453e-15 4.669456904824151531e-17 6.036555940323763934e+03
5.850921360244267403e-15 4.669888429132506477e-17 6.037298317388365831e+03
5.885689858831854398e-15 4.670278737511595085e-17 6.038040700270739762e+03
5.777202303640035808e-15 4.668942819070654066e-17 6.038783088969415076e+03
6.018056570178458915e-15 4.666936196783496923e-17 6.039525483482921118e+03
5.891498155869516334e-15 4.668534085281589997e-17 6.040267883809785417e+03
5.697935160695876031e-15 4.662272847214115212e-17 6.041010289948536411e+03
5.868729770708088110e-15 4.662289296451449169e-17 6.041752701897701627e+03
5.961559171718755877e-15 4.655729246005918903e-17 6.042495119655812232e+03
5.766429875247748994e-15 4.647928419023402661e-17 6.043237543221394844e+03
5.923349921945242950e-15 4.638835154540534245e-17 6.043979972592976992e+03
5.954186060643274005e-15 4.633418797291846755e-17 6.044722407769088932e+03
5.716253254370438464e-15 4.633725144606441408e-17 6.045464848748260010e+03
6.049649926408966333e-15 4.631442342331107887e-17 6.046207295529015937e+03
5.964376282326548791e-15 4.627108809099266175e-17 6.046949748109887878e+03
5.954799590982602504e-15 4.630614572096279513e-17 6.047692206489400633e+03
5.772265612358468709e-15 4.627550427381436398e-17 6.048434670666085367e+03
5.992626116598365139e-15 4.631342120138829681e-17 6.049177140638472338e+03
6.019943244360956368e-15 4.627862515343799872e-17 6.049919616405086344e+03
5.913439300777732671e-15 4.628266735469909736e-17 6.050662097964456734e+03
5.924589822671127526e-15 4.625705802598991834e-17 6.051404585315114673e+03
6.066146666086209384e-15 4.626992757159648447e-17 6.052147078455585870e+03
5.919936865295506784e-15 4.623889206318286415e-17 6.052889577384396944e+03
5.971918489676903571e-15 4.618840494023649773e-17 6.053632082100082698e+03
6.016711803231261411e-15 4.615990558940209022e-17 6.054374592601167024e+03
6.070743127259934977e-15 4.610180044870371535e-17 6.055117108886178357e+03
6.109189132446537256e-15 4.608528789353825554e-17 6.055859630953646956e+03
5.824048899515325284e-15 4.599338289985969290e-17 6.056602158802098529e+03
6.141332481276567347e-15 4.602329726170343496e-17 6.057344692430066061e+03
5.952461976822500747e-15 4.595036097109218970e-17 6.058087231836073443e+03
5.974153385573108669e-15 4.598897371390660234e-17 6.058829777018650930e+03
5.931409848639069693e-15 4.598935102841656679e-17 6.059572327976327870e+03
5.913010476500056213e-15 4.600657968220768669e-17 6.060314884707631791e+03
5.903441061114793919e-15 4.592534396814592630e-17 6.061057447211092949e+03
5.783930810862966446e-15 4.579997340501753508e-17 6.061800015485236145e+03
5.776712050082766076e-15 4.594650074269907123e-17 6.062542589528593453e+03
6.114266298321227996e-15 4.593115697789234458e-17 6.063285169339691492e+03
5.987998856982295125e-15 4.594250197396105364e-17 6.064027754917058701e+03
6.036009115958398357e-15 4.589163013244431724e-17 6.064770346259225335e+03
5.904553710316551927e-15 4.589014797879868543e-17 6.065512943364716193e+03
6.095285331765262981e-15 4.589786627976102229e-17 6.066255546232065171e+03
5.994464926727500352e-15 4.586931177211617602e-17 6.066998154859795250e+03
5.801575994943373026e-15 4.587114478152555514e-17 6.067740769246438504e+03
5.830560398208017012e-15 4.591736643367743205e-17 6.068483389390521552e+03
5.955276641302730245e-15 4.590325428411067312e-17 6.069226015290576470e+03
6.205876875544927313e-15 4.589455320017718543e-17 6.069968646945125329e+03
5.931614418154934957e-15 4.589732718736130039e-17 6.070711284352701114e+03
6.122299668729157870e-15 4.595143433573314220e-17 6.071453927511833172e+03
6.032650646179846208e-15 4.599937954376154602e-17 6.072196576421044483e+03
5.803429742136340016e-15 4.603003584525440727e-17 6.072939231078871671e+03
5.939139614574833728e-15 4.601831599116845202e-17 6.073681891483834988e+03
5.756959852888300213e-15 4.600680256944255996e-17 6.074424557634469238e+03
6.034221558804530385e-15 4.599305526428791012e-17 6.075167229529299220e+03
6.002172279105733720e-15 4.589063130487567483e-17 6.075909907166853372e+03
6.117434610121031426e-15 4.585226395988537495e-17 6.076652590545662861e+03
5.861682222901267727e-15 4.575327907322272641e-17 6.077395279664254303e+03
5.954288350377591691e-15 4.587006959222154618e-17 6.078137974521157957e+03
5.885100359917240655e-15 4.586446330950156045e-17 6.078880675114897713e+03
5.979132259898806677e-15 4.579417820608629158e-17 6.079623381444007464e+03
5.992597823252165846e-15 4.577837474402337964e-17 6.080366093507012920e+03
5.909078287516041565e-15 4.574716060977366918e-17 6.081108811302443428e+03
6.028829332315302726e-15 4.572116190031434975e-17 6.081851534828825606e+03
5.885601604290357823e-15 4.567539760913186821e-17 6.082594264084690622e+03
5.868419852072421257e-15 4.565636986982097701e-17 6.083336999068566001e+03
6.141957556781683141e-15 4.568678540028677322e-17 6.084079739778979274e+03
6.113143992747251337e-15 4.580809108822283121e-17 6.084822486214459786e+03
6.066435855179487136e-15 4.560523133383657362e-17 6.087793529177626624e+03
6.131109586615572563e-15 4.564111778269233874e-17 6.088536304216369899e+03
6.064193943859160912e-15 4.562930165068366451e-17 6.089279084971351040e+03
5.931517789199143869e-15 4.558608258171295636e-17 6.090021871441100302e+03
6.069493606034627449e-15 4.563434251896789157e-17 6.090764663624143395e+03
6.136182598683645729e-15 4.565426713847002863e-17 6.091507461519010576e+03
6.071687989683869738e-15 4.565236687639474193e-17 6.092250265124230282e+03
5.870457090326635819e-15 4.577674213015346311e-17 6.092993074438329131e+03
6.036409394927895665e-15 4.564417744240980161e-17 6.098192899362071330e+03
5.971242274194815945e-15 4.579507017500983323e-17 6.101164353258681331e+03
5.850125051039562054e-15 4.575650045968906182e-17 6.101907230964568953e+03
5.942617706111504162e-15 4.575973694170362021e-17 6.102650114360206317e+03
5.813978200421747313e-15 4.574517143875043873e-17 6.103393003444122769e+03
5.859910284754558695e-15 4.577736624157977367e-17 6.104135898214848567e+03
5.947529238993859161e-15 4.569278249485522877e-17 6.104878798670909418e+03
5.862492550655758640e-15 4.565308562282886879e-17 6.105621704810834672e+03
5.996583476784689205e-15 4.562438540441253988e-17 6.106364616633153673e+03
5.864889414239402245e-15 4.553379499170071304e-17 6.107107534136395770e+03
5.967318281621734349e-15 4.546614615402008220e-17 6.107850457319085763e+03
5.766651490635039010e-15 4.541300441778845275e-17 6.108593386179756635e+03
6.021390570303922575e-15 4.540502533233480734e-17 6.109336320716934097e+03
6.027538712129093338e-15 4.535877713927866811e-17 6.110079260929145676e+03
5.914026792855261698e-15 4.546525443870424671e-17 6.110822206814922538e+03
6.192183236595628737e-15 4.577668155593582780e-17 6.111565158372790393e+03
6.065411749978620060e-15 4.520811910736261699e-17 6.112308115601283134e+03
5.855479454962705361e-15 4.524937331764800282e-17 6.113051078498921925e+03
5.949164941815798964e-15 4.528177855089585823e-17 6.113794047064240658e+03
5.836884460401879945e-15 4.526011300583773384e-17 6.114537021295766863e+03
5.956814947568844830e-15 4.521309730433239770e-17 6.115280001192026248e+03
5.948234170963167670e-15 4.520137444847773303e-17 6.116022986751549979e+03
5.927883000698894325e-15 4.518649022901654915e-17 6.116765977972866494e+03
5.944910065910909310e-15 4.562783076496035263e-17 6.119737999446620051e+03
6.033896834814930342e-15 4.535349425839323038e-17 6.120481018954824322e+03
6.021132175945346144e-15 4.531742327741069807e-17 6.121224044115991092e+03
5.832630368165881247e-15 4.521624193347166757e-17 6.121967074928648799e+03
5.850361230185393797e-15 4.520851194545948027e-17 6.122710111391327700e+03
6.004415661541110624e-15 4.514055464405890026e-17 6.123453153502554414e+03
5.916283744659526925e-15 4.516311715199151218e-17 6.124196201260860107e+03
6.038141914461997245e-15 4.507779132337703172e-17 6.124939254664768669e+03
5.877341321217095553e-15 4.513259410930638468e-17 6.125682313712812174e+03
6.109299619103133943e-15 4.508885790141179656e-17 6.126425378403519062e+03
5.725124463596039216e-15 4.507565312433766847e-17 6.127168448735415041e+03
5.998683336267233331e-15 4.501149734496118974e-17 6.127911524707033095e+03
5.899460265098415695e-15 4.504375298686224315e-17 6.128654606316896206e+03
6.138723155156019244e-15 4.502149234487717613e-17 6.129397693563538269e+03
6.145051351015130358e-15 4.503155771388103919e-17 6.130140786445482263e+03
6.019001830729785332e-15 4.509650753244232590e-17 6.130883884961262083e+03
6.136685709388407100e-15 4.516706534963339678e-17 6.131626989109403439e+03
6.003393196949561783e-15 4.520714715784141337e-17 6.132370098888435678e+03
5.934821444764795010e-15 4.531879844861895423e-17 6.133113214296885417e+03
5.902656986879240327e-15 4.540931246054416196e-17 6.133856335333284733e+03
6.097396689002206762e-15 4.553511902298923608e-17 6.134599461996159334e+03
6.012403390941496634e-15 4.568933582615489526e-17 6.135342594284036750e+03
5.826049463458228330e-15 4.578549656312724704e-17 6.136085732195448145e+03
5.979691511895200921e-15 4.589315211839697827e-17 6.136828875728921048e+03
5.756111034219548528e-15 4.577834388964044492e-17 6.137572024882985716e+03
5.868199190645842325e-15 4.601893670860772676e-17 6.138315179656165128e+03
6.007608507819900141e-15 4.618327669061694693e-17 6.139058340046994999e+03
5.816084094143146864e-15 4.629638412807785241e-17 6.139801506053998310e+03
5.818725685994769946e-15 4.631496870788553884e-17 6.140544677675705316e+03
5.932909150852206196e-15 4.633951135010517941e-17 6.141287854910645365e+03
5.952504765943178191e-15 4.631198850893216880e-17 6.142031037757344166e+03
5.921544035471976702e-15 4.621610152045661177e-17 6.142774226214336522e+03
5.829011080248440138e-15 4.619436959503147554e-17 6.143517420280144506e+03
5.716470969935919450e-15 4.614097974465167708e-17 6.144260619953298374e+03
5.911074975098819735e-15 4.616251959541466747e-17 6.145003825232328381e+03
5.896272715904172023e-15 4.622420654953790880e-17 6.145747036115761148e+03
5.965274325103784916e-15 4.660433583243134855e-17 6.146490252602125111e+03
5.902688436815149972e-15 4.617451478724426387e-17 6.147233474689948707e+03
5.870559108228039973e-15 4.614056076942265178e-17 6.147976702377763104e+03
5.884245420784436334e-15 4.626584626730114343e-17 6.148719935664094010e+03
5.829098422127459535e-15 4.674301367767403580e-17 6.149463174547470771e+03
5.593526208941198672e-15 4.747508633921389480e-17 6.150206419026423646e+03
5.673762048467666629e-15 4.847468015557985375e-17 6.150949669099478342e+03
5.583404867407967029e-15 4.962163304715626097e-17 6.151692924765162388e+03
5.821520042689033528e-15 5.069119557449587180e-17 6.152436186022008769e+03
5.815333811076797380e-15 5.150216024590811363e-17 6.153179452868541375e+03
5.877167525363823891e-15 5.211124600017617750e-17 6.153922725303293191e+03
5.820077345113527522e-15 5.261921415653459744e-17 6.156895870895034022e+03
5.759137056281508167e-15 5.259699609998751603e-17 6.157639171248796629e+03
5.743085292714397075e-15 5.263237737458041742e-17 6.158382477181947252e+03
5.658490789666209312e-15 5.253244137325226696e-17 6.159125788693014329e+03
5.746027814033123568e-15 5.260967915856927648e-17 6.159869105780526297e+03
5.608479171800716345e-15 5.262546103056555274e-17 6.160612428443011595e+03
5.515975565555482085e-15 5.253469375349456692e-17 6.161355756678995931e+03
5.723098035009072501e-15 5.088925350361534919e-17 6.164329125328533337e+03
5.531795684460594727e-15 4.998306262526852719e-17 6.165072481409957618e+03
6.031540194296532650e-15 4.886537790268463688e-17 6.165815843056052472e+03
6.064083732428069532e-15 4.784686113215732180e-17 6.166559210265351794e+03
5.928558132472841275e-15 4.705862567844782399e-17 6.167302583036380383e+03
5.755868808164798334e-15 4.640958760449613228e-17 6.168045961367664859e+03
5.794693308115309230e-15 4.605079024981654873e-17 6.168789345257737295e+03
5.816256531885505559e-15 4.587810812554327344e-17 6.169532734705126131e+03
5.971355770835726379e-15 4.588715952703362926e-17 6.170276129708358894e+03
5.896447989185545453e-15 4.587264871167988371e-17 6.171019530265963112e+03
5.897919136048788559e-15 4.585998548020714202e-17 6.171762936376469042e+03
5.804283827090015795e-15 4.593769509302675149e-17 6.172506348038402393e+03
5.780643605574703447e-15 4.597962432100052061e-17 6.173249765250297060e+03
5.859931121314549472e-15 4.597425657172941582e-17 6.173993188010676022e+03
5.630233521823074255e-15 4.595678779363824736e-17 6.174736616318070446e+03
5.665859903121708131e-15 4.590556136485673129e-17 6.175480050171006951e+03
5.680652068167705027e-15 4.528080868990980417e-17 6.179197302567343286e+03
5.693232054328822986e-15 4.502263853218639084e-17 6.179940769662639468e+03
5.689352434635554544e-15 4.487952013274484328e-17 6.180684242293179523e+03
5.770323523094170835e-15 4.480778971908627881e-17 6.181427720457489158e+03
5.650937472883794575e-15 4.471556573167443040e-17 6.182171204154101360e+03
5.579552558621751182e-15 4.469013763164852692e-17 6.182914693381539109e+03
5.731259833536836569e-15 4.467220763306909158e-17 6.183658188138336300e+03
5.667148024548327590e-15 4.472198854231219091e-17 6.184401688423017731e+03
5.684299305791531019e-15 4.498980188901843773e-17 6.185145194234112751e+03
5.737153870243031326e-15 4.464548690620309216e-17 6.185888705570150705e+03
5.721678995176975128e-15 4.461888107589364291e-17 6.186632222429660033e+03
5.864621768905370205e-15 4.472958361850186935e-17 6.187375744811169170e+03
5.641004778899421383e-15 4.440474531028474940e-17 6.188119272713205646e+03
5.579251463274929052e-15 4.449536517325909669e-17 6.188862806134298808e+03
5.695977878510626964e-15 4.459616608323118074e-17 6.189606345072976183e+03
5.804402568036767131e-15 4.455067275525887225e-17 6.190349889527769847e+03
5.875613069097963860e-15 4.448988334875541532e-17 6.193324122478639765e+03
5.767099073318228564e-15 4.444128044187373529e-17 6.194067694491925067e+03
5.819706405253281851e-15 4.445946635844813807e-17 6.194811272012497284e+03
5.934308698239098595e-15 4.455356128448138519e-17 6.195554855038881215e+03
5.616851006067439606e-15 4.472206020393296369e-17 6.196298443569606206e+03
5.678995504185439785e-15 4.491865075066504384e-17 6.197042037603203426e+03
5.768860011761146591e-15 4.509629188823066810e-17 6.197785637138196762e+03
5.899331577289698821e-15 4.517167752504095574e-17 6.198529242173119201e+03
5.709117696182731649e-15 4.523747037080902569e-17 6.199272852706495541e+03
5.768356613710660826e-15 4.531676613500618563e-17 6.200016468736857860e+03
5.628112677891876683e-15 4.541633480915216989e-17 6.200760090262730955e+03
5.870736330979931979e-15 4.517431818638586602e-17 6.201503717282645084e+03
5.852666159696524819e-15 4.509413603721711902e-17 6.202247349795131413e+03
5.689094502321565080e-15 4.512424656266528477e-17 6.202990987798712922e+03
5.894735019299919989e-15 4.511331253006714010e-17 6.203734631291921687e+03
5.593111648584057370e-15 4.502167792585061837e-17 6.204478280273287965e+03
5.721018913819235582e-15 4.500181190333391598e-17 6.205221934741335645e+03
5.653255833904800585e-15 4.495902857246404022e-17 6.205965594694596803e+03
5.607493628404628283e-15 4.498676462485321700e-17 6.206709260131597148e+03
5.828080676343839253e-15 4.510545229095077559e-17 6.207452931050868756e+03
5.810990034090768562e-15 4.595501841956479956e-17 6.208196607450933698e+03
5.667982816269377125e-15 4.473782299122500908e-17 6.211171367829755582e+03
5.780463977752555922e-15 4.452361071725092011e-17 6.211915071611740132e+03
5.671574195498690267e-15 4.444563940348223828e-17 6.212658780865691369e+03
5.575802180727775465e-15 4.426649445226760564e-17 6.213402495590142280e+03
5.669622478571320406e-15 4.440535476194532278e-17 6.214146215783619482e+03
5.723100020270485659e-15 4.459855204253757830e-17 6.214889941444648684e+03
5.903635268615098558e-15 4.479064718852775355e-17 6.215633672571762872e+03
5.583074633208831533e-15 4.505710032360403418e-17 6.216377409163485936e+03
5.861266728797800910e-15 4.552325397905332362e-17 6.219352410147068440e+03
5.723123931013298026e-15 4.554656270028624775e-17 6.220096174039776997e+03
5.856490546953098644e-15 4.543229458476146658e-17 6.220839943388268694e+03
5.948889070646681040e-15 4.532787522024102421e-17 6.221583718191071966e+03
5.839007398117783273e-15 4.537195315510408244e-17 6.222327498446711616e+03
5.950650436616605248e-15 4.537592646034678722e-17 6.223071284153722445e+03
5.666255484741054753e-15 4.536361793544070661e-17 6.223815075310627435e+03
5.696446026508997458e-15 4.532514394843432520e-17 6.224558871915958662e+03
5.958614978999591740e-15 4.532771247577125318e-17 6.225302673968243653e+03
5.909695069067143447e-15 4.533403747675797782e-17 6.226046481466009936e+03
5.865589185067191299e-15 4.538546775287455760e-17 6.226790294407786860e+03
5.583188563403277856e-15 4.554975575016276932e-17 6.227534112792103770e+03
5.730220417842958638e-15 4.584821597856053310e-17 6.228277936617487285e+03
5.824641085701380689e-15 4.763748187617291864e-17 6.231253286300267064e+03
5.689617307466945582e-15 4.795947686225750129e-17 6.231997137308916535e+03
5.776155078695581877e-15 4.836547369349599395e-17 6.232740993749803238e+03
5.581765251170355662e-15 4.855193833968758686e-17 6.233484855621458337e+03
5.595347190793941374e-15 4.872279570939677862e-17 6.234228722922409361e+03
5.612505380552326687e-15 4.883919127072434331e-17 6.234972595651182928e+03
5.441082939261624534e-15 4.900178165250141276e-17 6.235716473806311114e+03
5.626784021880894823e-15 4.923053012696800479e-17 6.236460357386320538e+03
5.455255441106731078e-15 4.944806408812622499e-17 6.237204246389737818e+03
5.597403574963570350e-15 4.977831345678423509e-17 6.237948140815093211e+03
5.645685231296243333e-15 4.981185710324153939e-17 6.238692040660918792e+03
5.582013830370254488e-15 4.981143415407012632e-17 6.239435945925736632e+03
5.493781809175953899e-15 4.994537811828520685e-17 6.240179856608078808e+03
5.627398572947383287e-15 4.986403138133676762e-17 6.240923772706473756e+03
5.643505138819974684e-15 4.966851617354899112e-17 6.241667694219449913e+03
5.746565633860560445e-15 4.933671881938024578e-17 6.242411621145533900e+03
5.434432969656712675e-15 4.871369324716602692e-17 6.243155553483256881e+03
5.528878900903486558e-15 4.807590450788411336e-17 6.243899491231146385e+03
5.733361760501057844e-15 4.739123739919559755e-17 6.244643434387729940e+03
5.679026288288154661e-15 4.680750490390667358e-17 6.245387382951537802e+03
5.568623910332603714e-15 4.633053662659128897e-17 6.246131336921097500e+03
5.728616714596510455e-15 4.603976123856392490e-17 6.246875296294935652e+03
5.571113173074852940e-15 4.578088282285461557e-17 6.247619261071584333e+03
5.744631871712616320e-15 4.559513446227603775e-17 6.248363231249571982e+03
5.610393092804919070e-15 4.538896897872099696e-17 6.249107206827424307e+03
5.589031887550771165e-15 4.519718052206312028e-17 6.249851187803671564e+03
5.551863565774290251e-15 4.525643593679495120e-17 6.250595174176840374e+03
5.503683797934292415e-15 4.554599526644404032e-17 6.251339165945461900e+03
5.477731294750880617e-15 4.601634522250696230e-17 6.252083163108062763e+03
5.528443696631413738e-15 4.649559312333840220e-17 6.252827165663173218e+03
5.766209125154094151e-15 4.691451492325092889e-17 6.253571173609319885e+03
5.684518635912661355e-15 4.718637495625117492e-17 6.254315186945032110e+03
5.595720426991793382e-15 4.739498975146300505e-17 6.255059205668839240e+03
5.438407083369758675e-15 4.741067746848322974e-17 6.255803229779268804e+03
5.585551828403058263e-15 4.743916300306462658e-17 6.256547259274850148e+03
5.530058882845788872e-15 4.748285174221822488e-17 6.257291294154110801e+03
5.400203314749691145e-15 4.765252968984543960e-17 6.258035334415579200e+03
5.533116181019135877e-15 4.791652630780360476e-17 6.258779380057784692e+03
5.771488670208161930e-15 4.810009736204097501e-17 6.259523431079254806e+03
5.527347176345488940e-15 4.829458306309883538e-17 6.260267487478520707e+03
5.588002008751365436e-15 4.852323037799525825e-17 6.261011549254106285e+03
5.346874425729689277e-15 4.874776466435007454e-17 6.261755616404543616e+03
5.466135861875720395e-15 4.887294651569979051e-17 6.262499688928360229e+03
5.500651243109067798e-15 4.898228991322295580e-17 6.263243766824085469e+03
5.431139217227704027e-15 4.872198007732168748e-17 6.263987850090247775e+03
5.487141643667287300e-15 4.807359858661445418e-17 6.264731938725372856e+03
5.565558011565199453e-15 4.760378537382392869e-17 6.265476032727993697e+03
5.518316833328528265e-15 4.692240183514937140e-17 6.266220132096636007e+03
5.417510578478505673e-15 4.627207791599957983e-17 6.266964236829827314e+03
5.525235860672829506e-15 4.579390468198463597e-17 6.267708346926099694e+03
5.575630579519639852e-15 4.544050046821773550e-17 6.268452462383977036e+03
5.513610494200703235e-15 4.533520394431266942e-17 6.269196583201991416e+03
5.411701155925143477e-15 4.551359694457769057e-17 6.269940709378670363e+03
5.528100340542236929e-15 4.540917833700763895e-17 6.270684840912543223e+03
5.436346620357518755e-15 4.525822282810344740e-17 6.271428977802137524e+03
5.202189668104064610e-15 4.509175921340633050e-17 6.272173120045982614e+03
5.371066923458126088e-15 4.482973778296408985e-17 6.272917267642605111e+03
5.315901621477360524e-15 4.452600188470662977e-17 6.273661420590534362e+03
5.354572989872229786e-15 4.433775888922029842e-17 6.274405578888301534e+03
5.208823284963368754e-15 4.402659121661444624e-17 6.275149742534429606e+03
5.285032933916546165e-15 4.381787250761750941e-17 6.275893911527453383e+03
5.324415831158356854e-15 4.368893017247663097e-17 6.276638085865896755e+03
5.257825481557140932e-15 4.360183326976869528e-17 6.277382265548291798e+03
5.167432016653158278e-15 4.350208366340740292e-17 6.278126450573161492e+03
5.273933151932258300e-15 4.351643129600205810e-17 6.278870640939041550e+03
5.092241822678972973e-15 4.372046313979909975e-17 6.279614836644455863e+03
5.218469847374016744e-15 4.389456776981419432e-17 6.280359037687934688e+03
5.458497737367350537e-15 4.444643812118477932e-17 6.281103244068004642e+03
5.134305624163130203e-15 4.499485675873198455e-17 6.281847455783195983e+03
5.165086470526046693e-15 4.547293624813896366e-17 6.282591672832037148e+03
5.042163362353003322e-15 4.585895205273865592e-17 6.283335895213057483e+03
5.392374648018095492e-15 4.610814681628129229e-17 6.284080122924782700e+03
5.302560021170570897e-15 4.611756061936337278e-17 6.284824355965742143e+03
5.503691509054903442e-15 4.616063787615058883e-17 6.285568594334467889e+03
5.467975850377265742e-15 4.609815546031604051e-17 6.286312838029484737e+03
5.585744042431876718e-15 4.606668574028824446e-17 6.287057087049321126e+03
5.247119864348385094e-15 4.609281191558654806e-17 6.287801341392507311e+03
5.273923263222107614e-15 4.621939005023593303e-17 6.288545601057569911e+03
5.226458013575891192e-15 4.629242310999198057e-17 6.289289866043041911e+03
5.418082120038486441e-15 4.618882246640197120e-17 6.290034136347447202e+03
5.442286575695149114e-15 4.652714061963955292e-17 6.290778411969314220e+03
5.298710263442999615e-15 4.709122689486301763e-17 6.291522692907174132e+03
4.408047996797835968e-15 4.882558749543408768e-17 6.292266979159552648e+03
3.002947447829657558e-15 5.401007528192144046e-17 6.293011270724982751e+03
3.065239761079773215e-15 6.353240841499968195e-17 6.293755567601987423e+03
3.802190484035874981e-15 7.453246263717443171e-17 6.294499869789102377e+03
5.181504622561377955e-15 1.188967657167246143e-16 6.295244177284846955e+03
4.319469744750918751e-15 7.763245928581203165e-17 6.307898215507750137e+03
5.293509660589524794e-15 6.954329640482226290e-17 6.308642618307294470e+03
5.967117914310901008e-15 6.132466518466032181e-17 6.309387026387515107e+03
6.322741029694069169e-15 5.359497464952376473e-17 6.310131439746939577e+03
5.840488504984152419e-15 4.863888771954817130e-17 6.310875858384099047e+03
5.614631769801281955e-15 4.715801434055179882e-17 6.311620282297521044e+03
5.517161734453119400e-15 4.693523033871275125e-17 6.312364711485732187e+03
5.603010740186037235e-15 4.675962880619366209e-17 6.313109145947264551e+03
5.710423954243749310e-15 4.638526418250925189e-17 6.313853585680642936e+03
5.787220290910351146e-15 4.589453538028971580e-17 6.314598030684397600e+03
5.883817671417649954e-15 4.519471006823804302e-17 6.315342480957056978e+03
5.985769932287059471e-15 4.491028226738845297e-17 6.316086936497149509e+03
5.722353955927744271e-15 4.467466729201856464e-17 6.316831397303205449e+03
5.752046353547593401e-15 4.456323101533525471e-17 6.317575863373750508e+03
5.840183001456216349e-15 4.455601523686084823e-17 6.318320334707313123e+03
5.872199168427119033e-15 4.455015229693191392e-17 6.319064811302427188e+03
5.909567979136855879e-15 4.453845604980556587e-17 6.319809293157612046e+03
6.045954960906400642e-15 4.450957734486468229e-17 6.320553780271402502e+03
5.989668157434987702e-15 4.455910173507457522e-17 6.321298272642328811e+03
5.988217720874033944e-15 4.477306383813114725e-17 6.322042770268913955e+03
5.889292654111028908e-15 4.515238789452405525e-17 6.322787273149689099e+03
5.678232697966067582e-15 4.570061076930176143e-17 6.323531781283183591e+03
5.892466156059380223e-15 4.624278186245757882e-17 6.324276294667924958e+03
5.937599501194271686e-15 4.674673958007209921e-17 6.325020813302442548e+03
5.912451358943599889e-15 4.713454784778043782e-17 6.325765337185263888e+03
5.889807377746449840e-15 4.734618991652461592e-17 6.326509866314918327e+03
5.703202177346472743e-15 4.736900320021731476e-17 6.327254400689932481e+03
5.914577681191608694e-15 4.732840557746920815e-17 6.327998940308838428e+03
5.660820077284809727e-15 4.707891458649604656e-17 6.328743485170160056e+03
5.538292644278640175e-15 4.696297822372675244e-17 6.329488035272431262e+03
5.676482708601959206e-15 4.678610701487870464e-17 6.330232590614175933e+03
5.455574185666381232e-15 4.661895384961881921e-17 6.330977151193927057e+03
5.614351798729118141e-15 4.650211056082756401e-17 6.331721717010206703e+03
5.650086476808515016e-15 4.639880107589327653e-17 6.332466288061550586e+03
5.635453023721807041e-15 4.647213049804225902e-17 6.333210864346481685e+03
5.659021562757050638e-15 4.665892486315936712e-17 6.333955445863532987e+03
5.616854647047268092e-15 4.670074812062607489e-17 6.334700032611228380e+03
5.557340633057977863e-15 4.648797467807228574e-17 6.335444624588102670e+03
5.554458997911490869e-15 4.630164124584731496e-17 6.336189221792676108e+03
5.428461527696702447e-15 4.587069587045983119e-17 6.336933824223482588e+03
5.689455655421226433e-15 4.536698593267065981e-17 6.337678431879052368e+03
5.735579835679404914e-15 4.487347598941809680e-17 6.338423044757909338e+03
5.705542195058043218e-15 4.450928591922844103e-17 6.339167662858584663e+03
5.838144346687328362e-15 4.424086401209714108e-17 6.339912286179605871e+03
5.675674671068270048e-15 4.384146805872196062e-17 6.340656914719502311e+03
5.548190888050537517e-15 4.400491639257378587e-17 6.341401548476802418e+03
5.564716171055310634e-15 4.422214455987957677e-17 6.342146187450032812e+03
5.724071927468092935e-15 4.437844239465361919e-17 6.342890831637725569e+03
5.619986831706155284e-15 4.462172550406978221e-17 6.343635481038407306e+03
5.720196127079233080e-15 4.495760123967501412e-17 6.344380135650606462e+03
5.840965800913223148e-15 4.487776830242179686e-17 6.345124795472849655e+03
5.776770757981469079e-15 4.476357987203118900e-17 6.345869460503668051e+03
5.699490144255288307e-15 4.469587880761518376e-17 6.346614130741590998e+03
5.589478077026799627e-15 4.468046740447167622e-17 6.347358806185144203e+03
5.716887423203688150e-15 4.468401988150797360e-17 6.348103486832858835e+03
5.555557661916005404e-15 4.474094925853583856e-17 6.348848172683262419e+03
5.600947366937810888e-15 4.497177426578098871e-17 6.349592863734882485e+03
5.574998558345325136e-15 4.532803868156098261e-17 6.350337559986248380e+03
5.716909527849689938e-15 4.566230770319060372e-17 6.351082261435887631e+03
5.780345793400183883e-15 4.589299857979781872e-17 6.351826968082330495e+03
5.684545739728886278e-15 4.608884358031640669e-17 6.352571679924105410e+03
5.573590623504481241e-15 4.619370264628956844e-17 6.353316396959738995e+03
5.591341734587783434e-15 4.619590388509996288e-17 6.354061119187764234e+03
5.740447169515559081e-15 4.615484668187424518e-17 6.354805846606705018e+03
5.431495058761415909e-15 4.651111790137329646e-17 6.355550579215089783e+03
4.818844498546921371e-15 4.798437560785283864e-17 6.356295317011448788e+03
4.592145135950247224e-15 5.134853953521430002e-17 6.357040059994311378e+03
4.878495266775030079e-15 5.519835784421312861e-17 6.357784808162205081e+03
5.443262023647936242e-15 5.864851942092635710e-17 6.358529561513658336e+03
5.882678474679668682e-15 6.150988962212256848e-17 6.359274320047199581e+03
5.673787522492876089e-15 6.373983324039411156e-17 6.360019083761357251e+03
5.308943374040879270e-15 6.488885985865524428e-17 6.360763852654661605e+03
5.150457975916562544e-15 6.511921644743860134e-17 6.361508626725640170e+03
5.307636473370715325e-15 6.515664873230040887e-17 6.362253405972818655e+03
5.302345780055056808e-15 6.510586417466154225e-17 6.362998190394730045e+03
5.305785565494759152e-15 6.493033516278056358e-17 6.363742979989900050e+03
5.359220414183416418e-15 6.468895721121668395e-17 6.364487774756858016e+03
5.369781802701921896e-15 6.416827469141428389e-17 6.368211826116970769e+03
5.412933613750488818e-15 6.411408671176585625e-17 6.368956651883754603e+03
5.114703123101294132e-15 6.359956840621825511e-17 6.369701482812030008e+03
5.722176839212076265e-15 4.571766929481355924e-17 6.495192097384007866e+03
5.665238474405152345e-15 4.594368555978088409e-17 6.495937897021465687e+03
5.710772514660292676e-15 4.601472017721426365e-17 6.496683701400166683e+03
5.762052106341506324e-15 4.598485299080531079e-17 6.497429510519526957e+03
5.653312457134136079e-15 4.607535428340895287e-17 6.498175324378963523e+03
5.673388807557373355e-15 4.612500399909437102e-17 6.498921142977893396e+03
5.662524314045540202e-15 4.628646871974869772e-17 6.499666966315735408e+03
5.647603772277368678e-15 4.646673785565550050e-17 6.500412794391902935e+03
5.650034242112627933e-15 4.657729622398676018e-17 6.501158627205813900e+03
5.622434394425433288e-15 4.658558919490869599e-17 6.501904464756888956e+03
5.545465775329006009e-15 4.668996232690054837e-17 6.502650307044539659e+03
5.772168933368792898e-15 4.671936622095270042e-17 6.503396154068184842e+03
5.862559618514311063e-15 4.666104110307293721e-17 6.504142005827243338e+03
5.518039798767029400e-15 4.640496294971775663e-17 6.504887862321130342e+03
5.602856720457631120e-15 4.586975061051164075e-17 6.505633723549262868e+03
5.576483050909072745e-15 4.518441433519309439e-17 6.506379589511056110e+03
5.749079265252366133e-15 4.425190715715982382e-17 6.507125460205932541e+03
5.563965678475969990e-15 4.367040938892204197e-17 6.507871335633301896e+03
5.454341285492252323e-15 4.308343838175314645e-17 6.508617215792584830e+03
5.676901907030505153e-15 4.272641448279112339e-17 6.509363100683197445e+03
5.714930812476542638e-15 4.258512868116278428e-17 6.510108990304558574e+03
5.502296344455038477e-15 4.244377276829837715e-17 6.510854884656080685e+03
5.364287856941429123e-15 4.222409364749722716e-17 6.511600783737185338e+03
5.468685020355803319e-15 4.190632967415974063e-17 6.512346687547287729e+03
5.165815150932380026e-15 4.157070778084731860e-17 6.513092596085803962e+03
5.454199996891982064e-15 4.131441629140868292e-17 6.513838509352151959e+03
5.306098620725223723e-15 4.109975697280139649e-17 6.514584427345747827e+03
5.341087633949879222e-15 4.098558244424638213e-17 6.515330350066008577e+03
5.351082451799688853e-15 4.103491719453806941e-17 6.516076277512351226e+03
5.352073591203260936e-15 4.120668968730955788e-17 6.516822209684193695e+03
5.346663291352882440e-15 4.129499973883505665e-17 6.517568146580952089e+03
5.395798443890748879e-15 4.132671709495716547e-17 6.518314088202040693e+03
5.309342310999175153e-15 4.140501685948780955e-17 6.519060034546881980e+03
5.439455512699454664e-15 4.157926552961617666e-17 6.519805985614886595e+03
5.438120766502535440e-15 4.159629309281451434e-17 6.520551941405476100e+03
5.329264685805749716e-15 4.140208931940866212e-17 6.521297901918065691e+03
5.454665244716758716e-15 4.124780485140904368e-17 6.522043867152071471e+03
5.347196298302060985e-15 4.119298000737355379e-17 6.522789837106912273e+03
5.310495289259433821e-15 4.114204258105332292e-17 6.523535811782003293e+03
5.314475088710081099e-15 4.116226021385495867e-17 6.524281791176761544e+03
5.448425876663022936e-15 4.119125577506320351e-17 6.525027775290605859e+03
5.345125261957975061e-15 4.142110440864671859e-17 6.525773764122952343e+03
5.409926495793844703e-15 4.195368870682819194e-17 6.526519757673215281e+03
5.497148354843364663e-15 4.248509739067857359e-17 6.527265755940814415e+03
5.400399974132252962e-15 4.300149710649424415e-17 6.528011758925164941e+03
5.612470358439985947e-15 4.331876650745698462e-17 6.528757766625685690e+03
5.408419814126290464e-15 4.356553428989127736e-17 6.529503779041791859e+03
5.366979432082828262e-15 4.355735604985268940e-17 6.530249796172901370e+03
5.468787414711051232e-15 4.350046347264750753e-17 6.530995818018429418e+03
5.350511099189136229e-15 4.331198641730260196e-17 6.531741844577795746e+03
5.581162774467221930e-15 4.287127595294153213e-17 6.532487875850414639e+03
5.339684797808881986e-15 4.277582093302377765e-17 6.533233911835704930e+03
5.413457934927708578e-15 4.280510043012306244e-17 6.533979952533081814e+03
5.271042486269618875e-15 4.285819597257658890e-17 6.534725997941963215e+03
5.426605706679173289e-15 4.274650512506334437e-17 6.535472048061765236e+03
5.359812030655413493e-15 4.273868413119416350e-17 6.536218102891905801e+03
5.305736564450794185e-15 4.288058901060270084e-17 6.536964162431801014e+03
5.510479755363079151e-15 4.309212753063622073e-17 6.537710226680868800e+03
5.340371522868478273e-15 4.324455719048871686e-17 6.538456295638522533e+03
5.358808541629882346e-15 4.321336048547635581e-17 6.539202369304183776e+03
5.192194908784065943e-15 4.294893881413447199e-17 6.539948447677267723e+03
5.257209061871205143e-15 4.249489394237968908e-17 6.540694530757191387e+03
5.214298432998432525e-15 4.193535726882238371e-17 6.541440618543369965e+03
5.338889793323255144e-15 4.136950014181988983e-17 6.542186711035222288e+03
5.401582615567065588e-15 4.082008797987601370e-17 6.542932808232166281e+03
5.214041783262773957e-15 4.050145080148113541e-17 6.543678910133614409e+03
5.358570786563153598e-15 4.040588459265838544e-17 6.544425016738987324e+03
5.465201680228497735e-15 4.032016192966126580e-17 6.545171128047701131e+03
5.085941269289285761e-15 4.050506732041618313e-17 6.545917244059172845e+03
5.087997888813540014e-15 4.082719919349657913e-17 6.546663364772819477e+03
5.342842457450570578e-15 4.284650332906904419e-17 6.549647894637485479e+03
5.276530032659395821e-15 4.301641832154005841e-17 6.550394038853258280e+03
5.356377653564274047e-15 4.296339627410292816e-17 6.551140187767705356e+03
5.177680407438619995e-15 4.282212693929511982e-17 6.551886341380247359e+03
5.295198813151662567e-15 4.255690654587093306e-17 6.552632499690296754e+03
5.235330002515655155e-15 4.228387205632011593e-17 6.553378662697274194e+03
5.256029369731966019e-15 4.212651636937321644e-17 6.554124830400593055e+03
5.178331894199868174e-15 4.214980803130596316e-17 6.554871002799673988e+03
5.145507253643021949e-15 4.245738484861452919e-17 6.555617179893932189e+03
5.103632699325008771e-15 4.316299987747645748e-17 6.556363361682784671e+03
5.080777971183201495e-15 4.375010920288250145e-17 6.557109548165646629e+03
5.247119097891987862e-15 4.403780994742058073e-17 6.557855739341939625e+03
5.235631757795003527e-15 4.458182544663922065e-17 6.558601935211073396e+03
5.201594562245302599e-15 4.487063204567018581e-17 6.559348135772471323e+03
5.227800429675348425e-15 4.480458988320658677e-17 6.560094341025547692e+03
5.132484913332745664e-15 4.427208196696874210e-17 6.560840550969718606e+03
5.421844119245569530e-15 4.376648576855019452e-17 6.561586765604402899e+03
5.496169504054485931e-15 4.340373317025668495e-17 6.562332984929015765e+03
5.606352213785911189e-15 4.545796964872437305e-17 6.563079208942975129e+03
5.492343707783801532e-15 4.637276315573888111e-17 6.563825437645698912e+03
5.490974257112580731e-15 4.270132314471295443e-17 6.564571671036601401e+03
5.310500834024055661e-15 4.272003712007223757e-17 6.565317909115101429e+03
5.582497075807154616e-15 4.275489551350941742e-17 6.566064151880614190e+03
5.465354070569471202e-15 4.276421091442535362e-17 6.566810399332558518e+03
5.501087363386731425e-15 4.280445757962978808e-17 6.567556651470349607e+03
5.315191556614166405e-15 4.284051255875779017e-17 6.568302908293404471e+03
5.189580143045705362e-15 4.256621367196084860e-17 6.569049169801142853e+03
5.209109049633867691e-15 4.226897687775257617e-17 6.569795435992977218e+03
5.304797667613086921e-15 4.198223849624490999e-17 6.570541706868329129e+03
5.421865023677287725e-15 4.175390381273616668e-17 6.571287982426612871e+03
5.269031006249424886e-15 4.164706623359835608e-17 6.572034262667243638e+03
5.368489171609019811e-15 4.160199537784696814e-17 6.572780547589640264e+03
5.111502123062496030e-15 4.167802075426076862e-17 6.573526837193221581e+03
5.162992536421615154e-15 4.174966344775583217e-17 6.574273131477400966e+03
5.664956705250452547e-15 4.176382898378051373e-17 6.575019430441598161e+03
7.763262837238020610e-15 4.170461257101505828e-17 6.575765734085229269e+03
1.198557137895228245e-14 4.165895675081038422e-17 6.576512042407708577e+03
1.336897833050846036e-14 4.161671589864903031e-17 6.577258355408456737e+03
1.320554959161482614e-14 4.194619695606013268e-17 6.578004673086887124e+03
1.251823096898127579e-14 4.317892449447071237e-17 6.578750995442420390e+03
1.226439941869751764e-14 4.162063964884833709e-17 6.579497322474471730e+03
1.178060512972143550e-14 4.147851425821360551e-17 6.580243654182456339e+03
1.161469468865641935e-14 4.142251412482470181e-17 6.580989990565793960e+03
1.111659771139642229e-14 4.144945782338529396e-17 6.581736331623899787e+03
1.129567345814001840e-14 4.153160980194739159e-17 6.582482677356191743e+03
1.103825828080122781e-14 4.123541251087840365e-17 6.583229027762085025e+03
1.066644320757714156e-14 4.096774981688190439e-17 6.583975382840999373e+03
1.059879852335889129e-14 4.056925415408364273e-17 6.584721742592348164e+03
1.035248346405460376e-14 4.008797751105047662e-17 6.585468107015551141e+03
1.032118052738939038e-14 3.964938916080546703e-17 6.586214476110024407e+03
1.019372507681478810e-14 3.923389474475984461e-17 6.586960849875183158e+03
1.003002002957133498e-14 3.892945308877475991e-17 6.587707228310448045e+03
9.875935039453030083e-15 3.870627065732952687e-17 6.588453611415231535e+03
8.998842375207491394e-15 3.871511117575597618e-17 6.589199999188953370e+03
7.045991778694953099e-15 3.879886156882358764e-17 6.589946391631028746e+03
5.590947340941927874e-15 3.888383546371033366e-17 6.590692788740876495e+03
5.076205928445307058e-15 3.890405583570765477e-17 6.591439190517913630e+03
4.844958290413146232e-15 3.893269815510372681e-17 6.592185596961555348e+03
4.932457354266178875e-15 3.895542640744340463e-17 6.592932008071217751e+03
5.116821835559745576e-15 3.898948486279122261e-17 6.593678423846320584e+03
5.111033496733462583e-15 3.895159542871006367e-17 6.594424844286279040e+03
5.021405686206638158e-15 3.898506864777171263e-17 6.595171269390510133e+03
5.021366108761013972e-15 3.915302805211046869e-17 6.595917699158431788e+03
5.407955255567848592e-15 3.921752711723259775e-17 6.596664133589458288e+03
5.983462420491265458e-15 3.949509003291396762e-17 6.597410572683011196e+03
6.199944811312212771e-15 3.980858195129233701e-17 6.598157016438501159e+03
6.360367136504015551e-15 4.007836374031074318e-17 6.598903464855351558e+03
6.478665086535659073e-15 4.033265171156576725e-17 6.599649917932974859e+03
6.433137078867385047e-15 4.051478623373149305e-17 6.600396375670789894e+03
6.191032727965172190e-15 4.064153318604259995e-17 6.601142838068211859e+03
6.339765850581468612e-15 4.064303127987990242e-17 6.601889305124657767e+03
6.177604777277660705e-15 4.068190219862211174e-17 6.602635776839548271e+03
6.142553974366840976e-15 4.068095512312514186e-17 6.603382253212295836e+03
6.227600242822749836e-15 4.052110087042939017e-17 6.604128734242318387e+03
6.424884410460357512e-15 4.048073257719828965e-17 6.604875219929035666e+03
6.314322516337053721e-15 4.039442024563486235e-17 6.605621710271861957e+03
6.409362682967820148e-15 4.035417901733150523e-17 6.606368205270212457e+03
6.326964041337227927e-15 4.039581989747794952e-17 6.607114704923507816e+03
6.123696464405204731e-15 4.057544738901048591e-17 6.607861209231163230e+03
6.197539090632309378e-15 4.190630710284610255e-17 6.608607718192597531e+03
6.078552717241465867e-15 4.055702652625914974e-17 6.609354231807223186e+03
5.796830368003750304e-15 4.027437898266719584e-17 6.610100750074461757e+03
5.639844373059975433e-15 4.010745085783718015e-17 6.610847272993726619e+03
5.267962083290140964e-15 3.982670804552066083e-17 6.611593800564434787e+03
5.269428364980192111e-15 3.961580634754287314e-17 6.612340332786007821e+03
5.230718717267352059e-15 3.942091051610467067e-17 6.613086869657857278e+03
5.369950922900726205e-15 3.919786687675605042e-17 6.613833411179402901e+03
5.218300019849607226e-15 3.908739485430396501e-17 6.614579957350060795e+03
5.446186489814962512e-15 3.908282954809769063e-17 6.615326508169247063e+03
5.320654927905885194e-15 3.902607433523255484e-17 6.616073063636380539e+03
5.289381919129238396e-15 3.952387322840108781e-17 6.616819623750876417e+03
5.387142687114283422e-15 3.938765597545079834e-17 6.617566188512153531e+03
5.312829052325558955e-15 3.917853201334126929e-17 6.618312757919625255e+03
5.359492116845698903e-15 3.913361569157818694e-17 6.619059331972712243e+03
5.119385233888014388e-15 3.916000064588970651e-17 6.619805910670829689e+03
5.383512121748070999e-15 3.923249236332088067e-17 6.620552494013394607e+03
5.375038879643218797e-15 3.931907554339616999e-17 6.621299081999823102e+03
5.426275727209231265e-15 3.936788851343584053e-17 6.622045674629533096e+03
5.379980373766114495e-15 3.939461638078913067e-17 6.622792271901943423e+03
5.400408669225183944e-15 3.948942658821441900e-17 6.623538873816465639e+03
5.196665699487748515e-15 3.959435940841879551e-17 6.624285480372523125e+03
5.509042048914695919e-15 3.968885313441719414e-17 6.625032091569528347e+03
5.382419991649533796e-15 3.965866697844227634e-17 6.625778707406899230e+03
5.255744990546329932e-15 3.969592983128392926e-17 6.626525327884051876e+03
5.420697213597291335e-15 3.980401370606107547e-17 6.627271953000406029e+03
5.445991663458873906e-15 3.990711543749516413e-17 6.628018582755375064e+03
5.446529905393665052e-15 3.992964227814520156e-17 6.628765217148378724e+03
5.315516558216009867e-15 4.000584294716190780e-17 6.629511856178833114e+03
5.316281273749244710e-15 4.011625358964129382e-17 6.630258499846153427e+03
5.382530962241359078e-15 4.025266572407969865e-17 6.631005148149759407e+03
5.368913600378458435e-15 4.031093785432096739e-17 6.631751801089065339e+03
5.324783774137938945e-15 4.034290512896937830e-17 6.632498458663490965e+03
5.464130688563857993e-15 4.047153857544609885e-17 6.633245120872448751e+03
5.513706262388765579e-15 4.039706614906671288e-17 6.633991787715360260e+03
5.472781855311634983e-15 4.040423024011600636e-17 6.634738459191639777e+03
5.536818471150732098e-15 4.045959220975018687e-17 6.635485135300705224e+03
5.381118493718284476e-15 4.040874550515165142e-17 6.636231816041974525e+03
5.380146654729074675e-15 4.043417050441448710e-17 6.636978501414860148e+03
5.536062050406966929e-15 4.044378947970916188e-17 6.637725191418785471e+03
5.546043276659137670e-15 4.045355385198153201e-17 6.640711997733185854e+03
5.601420255610698411e-15 4.008764107711738657e-17 6.641458710883543972e+03
5.418005804986332021e-15 3.986835551062204194e-17 6.642205428661442056e+03
5.331555642988948411e-15 3.970711877615171591e-17 6.642952151066294391e+03
5.580683424675498092e-15 3.961420501605415656e-17 6.643698878097517991e+03
5.477406891227864921e-15 3.967106346218524997e-17 6.644445609754530778e+03
5.535084786160642303e-15 3.952217833096052751e-17 6.645192346036747949e+03
5.308717146828999776e-15 3.945763004840812846e-17 6.645939086943588336e+03
5.431338206514291029e-15 3.962308994178690481e-17 6.646685832474468043e+03
5.301283602070926497e-15 4.009142509974233800e-17 6.647432582628804084e+03
5.473093502741150555e-15 3.948968220124943613e-17 6.648179337406012564e+03
5.346893767808136276e-15 3.946684669998153021e-17 6.648926096805511406e+03
5.534005872930626272e-15 3.951913022053334634e-17 6.651913180614744306e+03
5.531109388716660738e-15 3.951616431411981328e-17 6.652659963116947438e+03
5.598295848110745413e-15 3.951546290444130355e-17 6.653406750237940287e+03
5.328783862538157477e-15 3.955183840586309560e-17 6.654153541977142595e+03
5.356411099496403426e-15 3.959656891228333173e-17 6.654900338333969557e+03
5.443524790891783268e-15 3.963592955474191530e-17 6.655647139307840007e+03
5.275330421389136324e-15 3.968481654904215642e-17 6.656393944898167319e+03
5.374341544015932502e-15 3.969818491690433504e-17 6.657140755104372147e+03
5.483961586332316436e-15 3.973375806088902331e-17 6.657887569925871503e+03
5.365183939492908598e-15 3.976266944968485579e-17 6.658634389362079673e+03
5.416900948837186634e-15 3.968137895101810571e-17 6.659381213412412762e+03
5.421478123910756081e-15 3.950835901980995980e-17 6.660128042076292331e+03
5.544268631201718272e-15 3.962287649922594447e-17 6.660874875353129028e+03
5.252208239188696520e-15 3.968850818484727887e-17 6.661621713242346232e+03
5.449513335887095256e-15 3.976089011458691321e-17 6.662368555743356410e+03
5.488305290654347001e-15 3.974870720168441902e-17 6.663115402855577486e+03
5.280386756416707010e-15 3.975957320781452010e-17 6.663862254578427383e+03
5.282607510610892820e-15 3.978164245363980584e-17 6.664609110911323114e+03
5.330741259834914378e-15 3.986463850946369329e-17 6.665355971853679875e+03
5.439895022814314145e-15 3.988499047805785166e-17 6.666102837404914681e+03
5.431573539121955389e-15 4.006807142295032015e-17 6.666849707564447272e+03
5.251289731724383902e-15 4.008902808021537204e-17 6.667596582331691025e+03
5.299130616236210980e-15 3.985997687229360319e-17 6.668343461706065682e+03
5.491045163526380257e-15 3.985588364600927759e-17 6.669090345686987348e+03
5.402149468939884271e-15 3.981147393247333853e-17 6.669837234273871218e+03
5.308907676762642781e-15 3.973566049257877446e-17 6.670584127466135214e+03
5.489768508806152436e-15 3.972139688533327297e-17 6.671331025263198171e+03
5.399038451209004820e-15 3.970471690202382732e-17 6.672077927664475283e+03
5.409158482807850205e-15 3.970293179585490933e-17 6.672824834669382653e+03
5.347398137048770792e-15 3.960806921421798227e-17 6.673571746277337297e+03
5.222693190119025589e-15 3.951166855382590531e-17 6.674318662487758047e+03
5.460465956405607446e-15 3.948579344682325225e-17 6.675065583300060098e+03
5.418609083600626302e-15 3.940568132243475839e-17 6.675812508713661373e+03
5.317945039258378915e-15 3.933477921689485060e-17 6.676559438727978886e+03
5.386992902564260084e-15 3.923922782761647424e-17 6.677306373342426923e+03
5.437619779589867501e-15 3.920997836189607406e-17 6.678053312556425226e+03
5.425745811562843327e-15 3.923125607903418845e-17 6.678800256369391718e+03
5.425760084178318555e-15 3.921167203195453399e-17 6.679547204780739776e+03
5.385282171324130855e-15 3.922535185953425587e-17 6.680294157789888231e+03
5.429676731299551414e-15 3.925054343852260786e-17 6.681041115396255918e+03
5.465122929671197461e-15 3.935217022362797041e-17 6.681788077599254393e+03
5.238350781549016217e-15 3.938143546508230718e-17 6.682535044398306127e+03
5.266187168966145919e-15 3.937330323791737364e-17 6.683282015792826314e+03
5.512037170131389561e-15 3.938828026051666006e-17 6.684028991782230150e+03
5.284616746970393958e-15 3.936587719245181132e-17 6.684775972365936468e+03
5.325721087379864660e-15 3.942357768798523758e-17 6.685522957543360462e+03
5.459160134964614184e-15 3.925802609347712819e-17 6.686269947313920966e+03
5.251417773574799763e-15 3.923439076509992485e-17 6.687016941677033174e+03
5.431395633917705577e-15 3.922054669509592512e-17 6.687763940632115919e+03
5.443435700832846944e-15 3.942609714579296767e-17 6.690751982360476177e+03
5.343220571066924882e-15 4.461045314221428615e-17 6.691499004266659540e+03
5.360925984486798705e-15 3.938656809715095361e-17 6.692246030761312795e+03
5.446636795852967958e-15 3.923651059328549009e-17 6.692993061843853866e+03
5.571684218026121587e-15 3.925509197965885876e-17 6.693740097513700675e+03
5.330920075271679990e-15 3.930184198012402338e-17 6.694487137770269328e+03
5.226278985006476134e-15 3.928129522631292319e-17 6.695234182612975928e+03
5.319255930122426008e-15 3.930556179272237666e-17 6.695981232041238400e+03
5.455114363448627338e-15 3.934950369966399757e-17 6.696728286054471027e+03
5.373475777880016654e-15 3.935684716094455761e-17 6.697475344652094464e+03
5.426847586613249600e-15 3.938401722560049887e-17 6.698222407833525722e+03
5.398780232564558104e-15 3.945607369623606249e-17 6.698969475598178178e+03
5.246623093695633759e-15 3.947432129525642202e-17 6.699716547945470666e+03
5.428031499606408595e-15 3.949374246994167516e-17 6.700463624874821107e+03
5.339261531714332432e-15 3.952223845240944329e-17 6.701210706385643789e+03
5.371837322143155048e-15 3.951673569053848538e-17 6.701957792477359362e+03
5.269073790037247206e-15 3.964801923083549702e-17 6.702704883149381203e+03
5.315628176564718514e-15 3.968964085482229943e-17 6.703451978401128144e+03
5.311553775748216631e-15 3.957572172840984251e-17 6.704199078232017200e+03
5.337648257884554098e-15 3.954469649786270594e-17 6.704946182641464475e+03
5.314997494259621936e-15 3.956568168630129974e-17 6.705693291628886072e+03
5.385322406592378918e-15 3.952297422209213860e-17 6.706440405193702645e+03
5.481732797298025500e-15 3.949763250373028477e-17 6.707187523335325750e+03
5.324088855585478670e-15 3.946343103639568575e-17 6.707934646053176039e+03
5.249106151947557667e-15 3.943094148579223532e-17 6.708681773346669615e+03
5.182421872691355929e-15 3.951001370717607323e-17 6.709428905215222585e+03
5.376852980747676893e-15 3.954461040949317189e-17 6.710176041658252871e+03
5.486822415652377559e-15 3.934988762484361346e-17 6.710923182675174758e+03
5.293292817482120032e-15 3.942120165705839699e-17 6.711670328265410717e+03
5.238291540073191980e-15 3.945434595353047854e-17 6.712417478428373215e+03
5.442699400313804903e-15 3.943616582318323853e-17 6.713164633163479266e+03
5.320693808862656032e-15 3.946309454288998334e-17 6.713911792470147702e+03
5.388837228991076015e-15 3.936495847909603257e-17 6.714658956347794629e+03
5.338742539556269674e-15 3.930363038611777396e-17 6.715406124795837968e+03
5.294874723820217425e-15 3.926281432040338748e-17 6.716153297813691097e+03
5.236668106582183902e-15 3.920249222671472149e-17 6.716900475400775576e+03
5.395328987069958626e-15 3.915691018357758977e-17 6.717647657556504782e+03
5.293097788108000312e-15 3.912914211683738475e-17 6.718394844280296638e+03
5.546159141975600705e-15 3.910681721610921994e-17 6.719142035571569068e+03
5.331387257702488112e-15 3.902407493917573357e-17 6.719889231429737265e+03
5.356000195179706680e-15 3.902696866418605893e-17 6.720636431854220064e+03
5.283587347953911765e-15 3.897726680054263585e-17 6.721383636844434477e+03
5.236820808396191759e-15 3.895990109431154109e-17 6.722130846399795701e+03
5.349372276419907794e-15 3.888389753911520313e-17 6.722878060519720748e+03
5.270577000795770038e-15 3.880827947679222387e-17 6.723625279203628452e+03
5.256298383593143226e-15 3.884449755749940935e-17 6.724372502450933098e+03
5.327889557498836789e-15 3.879506915111349459e-17 6.725119730261054428e+03
5.175581024114693150e-15 3.877790144934546555e-17 6.725866962633408548e+03
5.290791848012957784e-15 3.885073344925542282e-17 6.726614199567408832e+03
5.192480125220090906e-15 3.885459179832078292e-17 6.727361441062476842e+03
5.215231099220837293e-15 3.891568884752745206e-17 6.728108687118028683e+03
5.276081581532461751e-15 3.898336633376274701e-17 6.728855937733479550e+03
5.577040721169171011e-15 3.908936759957574333e-17 6.729603192908247365e+03
6.314064678011585209e-15 3.922533383448013167e-17 6.730350452641747324e+03
6.899990149955483299e-15 3.930047771983623720e-17 6.731097716933400079e+03
7.034464841460438941e-15 3.937087235969714613e-17 6.731844985782619915e+03
6.713208901351829400e-15 3.943559906645626387e-17 6.732592259188822936e+03
7.008049931106804950e-15 3.953729754494970459e-17 6.733339537151428885e+03
7.069064081062623041e-15 3.956294892052628202e-17 6.734086819669851138e+03
7.014925380390830706e-15 3.971515130100357906e-17 6.734834106743512166e+03
6.789850517600102489e-15 3.983020332961135690e-17 6.735581398371823525e+03
6.696734095611791913e-15 3.954469322737736069e-17 6.736328694554202229e+03
6.799560386284160164e-15 3.964639413731693325e-17 6.737075995290068931e+03
6.853753720204144494e-15 3.971158152195544691e-17 6.737823300578837006e+03
6.976998737421786219e-15 3.973289972622662621e-17 6.738570610419926197e+03
6.785709316829671065e-15 3.979547813597044355e-17 6.739317924812750789e+03
6.734655755787508441e-15 3.970416031623825120e-17 6.740065243756730524e+03
6.774040579676520307e-15 3.969880856575154709e-17 6.740812567251281507e+03
6.823899996334162890e-15 3.978352939323526739e-17 6.741559895295818023e+03
6.612558040117714484e-15 3.965727730625698528e-17 6.742307227889757996e+03
6.530259481733420697e-15 3.951834560586899651e-17 6.743054565032522987e+03
6.367908740758355654e-15 3.951355321183184400e-17 6.743801906723523643e+03
6.312749808567086143e-15 3.962153171499152026e-17 6.744549252962180617e+03
6.479246870368818793e-15 3.937788308199366751e-17 6.745296603747909103e+03
6.495971254088954297e-15 3.932543358389237452e-17 6.746043959080127024e+03
6.499771860648965068e-15 3.927577053971869202e-17 6.746791318958250486e+03
6.482314018366544655e-15 3.925164734903397747e-17 6.747538683381696501e+03
6.476992858635825831e-15 3.926643535657701363e-17 6.748286052349882993e+03
6.481781840231441385e-15 3.922026162663070766e-17 6.749033425862226068e+03
6.427289464664284916e-15 3.914031184762689542e-17 6.749780803918143647e+03
6.432723876372376805e-15 3.909864488742388552e-17 6.750528186517051836e+03
6.384101466683384478e-15 3.900425283740679527e-17 6.751275573658365829e+03
6.345491433393286989e-15 3.890525076777312970e-17 6.752022965341504460e+03
6.458023713268801445e-15 3.881851035353876143e-17 6.752770361565886560e+03
6.341797576979529955e-15 3.879116415094467268e-17 6.753517762330924597e+03
6.303461548536973629e-15 3.870014654434627405e-17 6.754265167636040132e+03
6.232168575425143092e-15 3.864594458047406370e-17 6.755012577480645632e+03
6.185331148260674964e-15 3.867228524395218109e-17 6.755759991864160838e+03
6.202010474211838705e-15 3.863563185707414817e-17 6.756507410786001856e+03
6.071837924490127693e-15 3.859981814342063853e-17 6.757254834245586608e+03
5.824148099221131726e-15 3.857739864541631825e-17 6.758002262242329380e+03
5.742669714109174822e-15 3.849615740090282323e-17 6.758749694775649914e+03
5.309747661936356492e-15 3.854100963069779613e-17 6.759497131844964315e+03
5.276600718360214223e-15 3.852145384352605330e-17 6.760244573449690506e+03
5.257461443605070452e-15 3.865975240153737456e-17 6.760992019589242773e+03
5.310788485405034260e-15 3.844412978606467982e-17 6.761739470263039038e+03
5.196823071164138747e-15 3.851966173978873006e-17 6.762486925470498136e+03
5.067296637518451789e-15 3.856200103112818910e-17 6.763234385211035260e+03
5.280656003637924394e-15 3.856656514859965108e-17 6.763981849484065606e+03
5.043472977554907623e-15 3.855051495305802323e-17 6.764729318289009825e+03
5.247127365393214236e-15 3.852738830875471032e-17 6.765476791625284022e+03
5.273637474461195282e-15 3.855367770219993612e-17 6.766224269492302483e+03
5.299222042991623816e-15 3.854668337218782508e-17 6.766971751889484949e+03
5.095683015865310453e-15 3.846131196434698837e-17 6.767719238816245706e+03
5.038055666639120883e-15 3.846967653929572648e-17 6.768466730272004497e+03
5.138866088688944468e-15 3.846231221670647491e-17 6.769214226256175607e+03
5.155320088550518875e-15 3.845025038868226894e-17 6.769961726768179687e+03
5.260436138161626562e-15 3.836075459758727543e-17 6.770709231807430115e+03
5.055826922807149421e-15 3.835406182437759919e-17 6.771456741373345722e+03
5.065110618644620872e-15 3.836020391324560263e-17 6.772204255465341703e+03
5.300899501878015030e-15 3.836877944819994356e-17 6.772951774082834163e+03
5.095205392336102963e-15 3.836927024217292435e-17 6.773699297225245573e+03
5.150873398596447039e-15 3.832465227842155652e-17 6.774446824891987490e+03
5.038133863847552885e-15 3.833753104586262876e-17 6.775194357082477836e+03
5.060013231345217845e-15 3.831402809395847976e-17 6.775941893796134536e+03
5.303623368604263046e-15 3.838929051458655155e-17 6.776689435032375513e+03
5.382055845484378436e-15 3.839058217496430363e-17 6.777436980790615053e+03
5.284803149881638947e-15 3.846442990467671449e-17 6.778184531070271987e+03
5.257823212003601904e-15 3.852442317604094009e-17 6.778932085870761512e+03
5.288165053580631962e-15 3.869361903825193954e-17 6.779679645191503369e+03
5.292110866430107558e-15 3.866679533969480786e-17 6.780427209031911843e+03
5.277296848318621629e-15 3.865951002572062915e-17 6.781174777391403950e+03
5.209028750379032271e-15 3.871033804364497715e-17 6.781922350269398521e+03
5.421697136444458203e-15 3.880550114949907008e-17 6.782669927665311661e+03
5.305972835984760308e-15 3.884270746198061985e-17 6.783417509578559475e+03
5.231854875322973770e-15 3.885563600987795839e-17 6.784165096008560795e+03
5.150150326747192226e-15 3.884405910153221135e-17 6.784912686954730816e+03
5.231370442976445919e-15 3.886708717725299672e-17 6.785660282416485643e+03
5.269433222297635807e-15 3.894901751430943268e-17 6.786407882393244108e+03
5.310047318651195431e-15 3.869875750665430757e-17 6.787155486884422317e+03
5.237572189239034032e-15 3.871408144251699555e-17 6.787903095889438191e+03
5.318334066549662659e-15 3.869190536252127748e-17 6.788650709407706017e+03
5.205433006103102969e-15 3.872107141890854446e-17 6.789398327438646447e+03
5.137349851815765100e-15 3.871769889838766860e-17 6.790145949981673766e+03
5.149358990739472596e-15 3.871054225735085282e-17 6.790893577036205897e+03
5.069593897387777530e-15 3.869647764499739676e-17 6.791641208601659855e+03
5.440997874333725959e-15 3.865793044377731277e-17 6.792388844677452653e+03
5.285249968225367907e-15 3.865193826890767260e-17 6.793136485262999486e+03
5.214623237564383009e-15 3.859383191553865205e-17 6.793884130357719187e+03
5.144388728182082065e-15 3.855978857252827275e-17 6.794631779961027860e+03
5.176431414144322699e-15 3.854172064330937970e-17 6.795379434072341610e+03
5.153408226204516233e-15 3.852639489802643707e-17 6.796127092691080179e+03
5.202900464000019517e-15 3.857408224306075742e-17 6.796874755816659672e+03
5.287676253769528302e-15 3.851179913655265236e-17 6.797622423448492555e+03
5.195948090602772465e-15 3.850440269744996726e-17 6.798370095586001298e+03
5.206625665716826025e-15 3.854349311892954850e-17 6.799117772228602007e+03
5.139218885730692787e-15 3.854278911921240916e-17 6.799865453375709876e+03
5.180685068644383829e-15 3.859469963599463679e-17 6.800613139026740100e+03
5.278745757420902112e-15 3.859383708666153880e-17 6.801360829181114241e+03
5.106343944733119030e-15 3.856214854735548742e-17 6.802108523838245674e+03
5.226991148798131708e-15 3.853516480034180842e-17 6.802856222997552322e+03
5.176568319097531221e-15 3.859920671600053839e-17 6.803603926658452110e+03
5.310772109537190027e-15 3.935467344457651757e-17 6.804351634820361141e+03
5.296503240274466983e-15 3.955269282161695677e-17 6.805099347482697340e+03
5.208754102721298099e-15 3.862692842599571172e-17 6.805847064644874990e+03
5.099496863901496897e-15 3.841362839286541005e-17 6.806594786306313836e+03
5.263997790866027228e-15 3.834999564484709722e-17 6.807342512466429071e+03
5.011583049847201902e-15 3.831330970358788978e-17 6.808090243124638619e+03
5.068089072598060589e-15 3.829511227762062828e-17 6.808837978280358584e+03
5.124926443492233668e-15 3.823211733176377169e-17 6.809585717933006890e+03
5.120384266204337192e-15 3.821753310618862143e-17 6.810333462081998732e+03
5.411889706354466011e-15 3.819519632012067399e-17 6.811081210726752943e+03
5.257220234102194069e-15 3.824703790127010712e-17 6.811828963866685626e+03
5.258243576542014981e-15 3.811449124723219842e-17 6.812576721501213797e+03
5.055654693817180345e-15 3.808401277074469800e-17 6.813324483629756287e+03
5.002089773444544613e-15 3.818108532876018636e-17 6.814072250251725563e+03
5.092988775131031548e-15 3.819676201737762282e-17 6.814820021366542278e+03
5.112463773516871646e-15 3.829268373645223171e-17 6.815567796973623445e+03
5.180587811096932029e-15 3.824974535007986853e-17 6.816315577072382439e+03
5.109409602679085628e-15 3.832148587289380491e-17 6.817063361662239913e+03
5.202135705276016657e-15 3.844412732354264837e-17 6.817811150742611062e+03
4.963240865264989823e-15 3.829281480346636850e-17 6.818558944312913809e+03
4.886665470553559683e-15 3.826037663950726861e-17 6.819306742372564258e+03
4.987914437381785070e-15 3.850833463689041924e-17 6.820054544920978515e+03
5.163933152626187868e-15 3.880826999404139404e-17 6.820802351957572682e+03
5.183127855283619817e-15 3.932537831000060536e-17 6.821550163481770142e+03
5.135072448685775472e-15 4.021463602694720148e-17 6.822297979492981540e+03
5.014407939493102971e-15 4.123143236182377822e-17 6.823045799990622982e+03
5.174642768262666683e-15 4.223512248635635494e-17 6.823793624974116028e+03
5.098452552206150674e-15 4.311127634237035881e-17 6.824541454442876784e+03
5.158699518787668381e-15 4.389113450562429314e-17 6.825289288396319535e+03
5.192353984930854099e-15 4.448841388555142259e-17 6.826037126833863113e+03
5.035063585767390834e-15 4.514052917824173562e-17 6.826784969754921804e+03
4.941992650685977646e-15 4.597054404320080633e-17 6.827532817158918988e+03
5.034621949625540544e-15 4.678456506024513170e-17 6.828280669045263494e+03
4.978300143901198436e-15 4.753964987223803485e-17 6.829028525413375974e+03
5.072691695584152771e-15 4.823207046123685791e-17 6.829776386262674350e+03
5.317313160948655568e-15 4.878197548314818708e-17 6.830524251592576547e+03
5.073779561287033136e-15 4.909005684793843066e-17 6.831272121402493212e+03
5.173569682540063711e-15 4.923330615228976256e-17 6.832019995691850454e+03
4.756206141222278378e-15 4.919570068948413505e-17 6.832767874460056191e+03
4.839867818650333037e-15 4.918508212099645154e-17 6.833515757706532895e+03
5.151594270674473489e-15 4.902513812594013007e-17 6.834263645430697579e+03
4.940487053357125060e-15 4.886385601382737962e-17 6.835011537631966348e+03
5.015556513117621322e-15 4.851690642220372562e-17 6.835759434309752578e+03
4.962098196069331958e-15 4.794493172077797210e-17 6.836507335463477830e+03
5.032264219409612041e-15 4.731782999400949529e-17 6.837255241092558208e+03
5.015905804807244063e-15 4.651820543456154342e-17 6.838003151196407998e+03
5.022137963076259703e-15 4.575561398291413204e-17 6.838751065774446033e+03
5.124699219777777066e-15 4.525579685976006988e-17 6.839498984826091146e+03
4.894016802316951118e-15 4.467315740282836524e-17 6.840246908350756712e+03
5.074220154197758255e-15 4.395561216215919144e-17 6.840994836347862474e+03
4.962956095217378117e-15 4.317282478815163547e-17 6.841742768816822718e+03
5.043733962694499270e-15 4.236977011564280255e-17 6.842490705757057185e+03
5.220182665476331439e-15 4.151408994165303592e-17 6.843238647167979252e+03
5.144756829052582966e-15 4.084552618122942232e-17 6.843986593049010480e+03
5.194801224855065446e-15 4.035239616665412616e-17 6.844734543399563336e+03
5.232381307989664302e-15 4.015261662693481214e-17 6.845482498219058471e+03
5.123608228023350410e-15 4.003938930657923880e-17 6.846230457506909261e+03
5.058268726794697495e-15 3.998387115705739200e-17 6.846978421262535448e+03
5.049072031177046981e-15 3.990377067255127595e-17 6.847726389485353138e+03
5.183233349402055862e-15 3.979575494159485955e-17 6.848474362174778435e+03
5.160045738831624305e-15 3.953091658979206031e-17 6.849222339330228351e+03
5.193559234731150748e-15 3.928367056370848965e-17 6.849970320951121721e+03
5.295526566512297743e-15 3.904580350182798765e-17 6.850718307036875558e+03
5.245035007150676850e-15 3.891808370050461656e-17 6.851466297586903238e+03
5.157796463805678947e-15 3.882845923254715326e-17 6.852214292600623594e+03
5.027339649785501841e-15 3.872873860357806849e-17 6.852962292077456368e+03
5.105325627307043903e-15 3.870902635106561837e-17 6.853710296016813118e+03
5.032874121852824549e-15 3.880109080016788682e-17 6.854458304418117223e+03
4.997553032687344180e-15 3.893028254166419722e-17 6.855206317280777512e+03
5.047408726637612862e-15 3.936636012168745976e-17 6.855954334604219184e+03
5.009823567864659209e-15 4.039253407073262774e-17 6.856702356387853797e+03
4.848509366077903966e-15 4.207282159596814728e-17 6.857450382631101093e+03
5.034442632494861889e-15 4.380362793096645738e-17 6.858198413333374447e+03
5.086122415566672177e-15 4.537641300802086625e-17 6.858946448494094511e+03
5.026368385825030140e-15 4.661910125727087706e-17 6.859694488112678300e+03
4.993075704776450483e-15 4.750269326678207258e-17 6.860442532188541009e+03
4.842604779375417966e-15 4.800973621236254105e-17 6.861190580721099650e+03
4.954397961988008145e-15 4.808066450321850612e-17 6.861938633709769420e+03
4.843569267797436521e-15 4.806963083867349276e-17 6.862686691153971879e+03
4.599683424959323180e-15 4.790076931399595280e-17 6.863434753053121312e+03
4.481415418739229281e-15 4.768504210577903634e-17 6.864182819406631097e+03
4.572243220180002807e-15 4.776325220652364424e-17 6.864930890213927341e+03
4.236133991749923579e-15 4.781491009249238596e-17 6.865678965474418874e+03
4.375335212452631556e-15 4.779372908425364943e-17 6.866427045187522708e+03
4.202738884470174526e-15 4.774441043562594128e-17 6.867175129352661315e+03
4.120523126694496475e-15 4.769030655754904575e-17 6.867923217969248071e+03
4.013472611203804540e-15 4.753465724811758673e-17 6.868671311036699990e+03
4.011250311871412945e-15 4.733817136059608518e-17 6.869419408554434995e+03
3.614215008252663527e-15 4.632988826377086465e-17 6.870167510521869190e+03
3.767232191507429454e-15 4.494090576487570040e-17 6.870915616938418680e+03
3.788196531415679662e-15 4.318506721220246397e-17 6.871663727803503207e+03
3.817869455191327909e-15 4.140593342409755779e-17 6.872411843116537057e+03
3.838679893484692379e-15 3.983023062077637708e-17 6.873159962876938152e+03
3.841941130898575739e-15 3.856685798192459565e-17 6.873908087084122599e+03
3.599140689429144178e-15 3.786769788083441760e-17 6.874656215737510138e+03
3.651626122684968993e-15 3.780123364063544147e-17 6.875404348836513236e+03
3.949133304755489146e-15 3.802785462208946234e-17 6.876152486380553455e+03
4.045532159317496175e-15 3.828776486638503625e-17 6.876900628369045080e+03
3.921033817154244867e-15 3.841730925317998942e-17 6.877648774801406034e+03
4.004320409148562979e-15 3.847499240382486449e-17 6.878396925677050604e+03
4.169938435445014933e-15 3.847278732323339483e-17 6.879145080995400349e+03
4.195914486198244964e-15 3.843412866624663665e-17 6.879893240755867737e+03
4.254497262763212226e-15 3.839351054031596932e-17 6.880641404957874329e+03
4.464392485648985907e-15 3.846392280398390415e-17 6.881389573600832591e+03
4.402364950722100303e-15 3.869984875834082514e-17 6.882137746684161357e+03
4.403206085320243536e-15 3.908786193836627580e-17 6.882885924207277640e+03
4.561526606554345111e-15 3.954008238046766769e-17 6.883634106169598454e+03
4.295410275608130571e-15 3.992621605342288782e-17 6.884382292570541722e+03
4.524686899575942627e-15 4.027242993112605115e-17 6.885130483409520821e+03
4.507694190642965540e-15 4.049354124880139035e-17 6.885878678685958221e+03
4.499122204675924132e-15 4.066902882505117810e-17 6.886626878399265479e+03
4.595376818159207197e-15 4.065426707812383842e-17 6.887375082548862338e+03
4.514051217211658159e-15 4.055492400228227979e-17 6.888123291134164901e+03
4.579232743480487803e-15 4.038483531937945954e-17 6.888871504154591094e+03
4.515762211763884538e-15 3.998795310358738388e-17 6.889619721609557018e+03
4.475004296098248561e-15 3.987383489350040152e-17 6.890367943498478780e+03
4.444587529690109758e-15 3.972799830006555008e-17 6.891116169820776122e+03
4.473340991766021381e-15 3.959074446093371344e-17 6.891864400575863328e+03
4.501835282366865781e-15 3.960811444078712151e-17 6.892612635763156504e+03
4.377781613621675028e-15 3.973145298563178747e-17 6.893360875382076301e+03
4.408965227561161968e-15 4.004305065658729603e-17 6.894109119432037915e+03
4.574477636003506571e-15 4.032220072389508455e-17 6.894857367912456539e+03
4.337553721560116573e-15 4.050560934646966770e-17 6.895605620822751007e+03
4.442436022329109839e-15 4.055040573067845241e-17 6.896353878162338333e+03
4.503041462121348376e-15 4.053802936493324625e-17 6.897102139930633712e+03
4.659065459040681461e-15 4.035245555332536187e-17 6.897850406127055976e+03
4.536049663846291794e-15 4.014757853969216137e-17 6.898598676751020321e+03
4.556479438195156003e-15 3.994048769029176407e-17 6.899346951801948308e+03
4.526189984346937846e-15 3.981887272206226055e-17 6.900095231279252403e+03
4.628568660576289354e-15 3.966352799242325320e-17 6.900843515182346891e+03
4.446051862677622086e-15 3.961131488163059694e-17 6.901591803510655154e+03
4.771917153500816553e-15 3.960939941955586370e-17 6.902340096263591477e+03
4.559149944879387851e-15 3.964515454725540656e-17 6.903088393440571053e+03
4.541512651744478554e-15 3.962991680900499268e-17 6.903836695041014536e+03
4.584161768124533293e-15 3.972535394116249259e-17 6.904585001064335302e+03
4.518844525293027762e-15 4.006116214946312217e-17 6.905333311509950363e+03
4.488433773308158767e-15 4.051256371999621629e-17 6.906081626377281282e+03
4.739340487332850359e-15 4.091939147941120952e-17 6.906829945665738705e+03
4.729993050472927254e-15 4.122861681201800127e-17 6.907578269374742376e+03
4.790506749644927799e-15 4.137203043255421339e-17 6.908326597503713856e+03
4.794485077622518808e-15 4.139867512742596212e-17 6.909074930052061973e+03
4.707704752400564763e-15 4.129507198279731921e-17 6.909823267019210107e+03
4.762405122146686263e-15 4.103350491589120228e-17 6.910571608404569815e+03
4.766403922573825536e-15 4.091840732774491632e-17 6.911319954207561750e+03
4.816203999639981746e-15 4.086556686656319021e-17 6.912068304427601106e+03
4.707174870521970562e-15 4.081467671770148070e-17 6.912816659064106716e+03
4.796721943159331934e-15 4.081168138410166710e-17 6.913565018116492865e+03
4.851436029448033755e-15 4.096695412020340326e-17 6.914313381584178387e+03
4.798736994882298109e-15 4.089051685087440543e-17 6.915061749466580295e+03
4.516394214781768771e-15 4.140664815205459205e-17 6.915810121763115603e+03
4.715420870103700749e-15 4.238838896851010487e-17 6.916558498473201325e+03
4.682429643114694921e-15 4.318055595959501853e-17 6.917306879596251747e+03
4.992108365285700252e-15 4.395038928393163100e-17 6.918055265131686610e+03
4.746220534231027010e-15 4.451059365511264163e-17 6.918803655078922020e+03
4.927989958926300986e-15 4.480427326231705776e-17 6.919552049437375899e+03
4.880119361259836329e-15 4.466747877732691035e-17 6.920300448206462534e+03
4.912476431625018317e-15 4.440197194774184436e-17 6.921048851385601665e+03
4.910223365494609209e-15 4.403564879123468144e-17 6.921797258974208489e+03
4.983388828460650080e-15 4.371769146763640815e-17 6.922545670971701838e+03
4.855447551946700543e-15 4.346715733249509428e-17 6.923294087377496908e+03
4.940603369114048500e-15 4.339978720312475992e-17 6.924042508191010711e+03
4.907859840246815712e-15 4.343546819250879888e-17 6.924790933411661172e+03
4.882648979971326441e-15 4.349624554472749488e-17 6.925539363038866213e+03
5.011297490682683046e-15 4.351088602628519589e-17 6.926287797072040121e+03
4.907613700743963094e-15 4.358966667444302468e-17 6.927036235510600818e+03
4.845236354698081322e-15 4.363454431555011220e-17 6.927784678353964409e+03
4.911499539905034084e-15 4.356146154799689206e-17 6.928533125601550637e+03
4.967913306483485370e-15 4.327581034162878770e-17 6.929281577252773786e+03
4.817237191575108976e-15 4.263131329224313388e-17 6.930030033307051781e+03
4.928672028078309696e-15 4.180089908675310418e-17 6.930778493763802544e+03
4.864422280711957865e-15 4.095866239872794571e-17 6.931526958622440361e+03
5.054866584924142997e-15 4.033302084573382497e-17 6.932275427882384975e+03
4.705145721202517009e-15 4.001393144568657094e-17 6.933023901543050670e+03
4.834016308684599172e-15 3.991332809993279498e-17 6.933772379603858099e+03
4.976923708418983654e-15 4.003249929374675390e-17 6.934520862064218818e+03
4.997549189687567962e-15 4.034216994129335063e-17 6.935269348923557118e+03
4.869799019242425858e-15 4.061297512614040813e-17 6.936017840181282736e+03
5.026428854404699647e-15 4.068787980859927746e-17 6.936766335836815415e+03
5.027077794417469643e-15 4.069210356817998459e-17 6.937514835889574897e+03
5.077894783662609486e-15 4.075304863903278152e-17 6.938263340338973649e+03
4.892848964133273797e-15 4.076989043606348907e-17 6.939011849184431412e+03
4.978592816723294843e-15 4.083558350514502145e-17 6.939760362425363382e+03
4.828764364637230479e-15 4.071300303555358412e-17 6.940508880061188393e+03
4.628188567498217011e-15 4.106364305727845986e-17 6.941257402091321637e+03
4.689177937616321663e-15 4.181649971597108954e-17 6.942005928515181949e+03
4.857231088471091368e-15 4.288813832335276518e-17 6.942754459332182705e+03
4.695996054180607520e-15 4.391831488760631101e-17 6.943502994541745466e+03
4.934035343732326610e-15 4.487341858507874550e-17 6.944251534143284516e+03
5.001532772516135100e-15 4.553422758548960242e-17 6.945000078136215961e+03
4.867621760421540919e-15 4.604510389365432354e-17 6.945748626519960453e+03
5.075390095160708918e-15 4.601242185273327559e-17 6.946497179293929548e+03
4.963595379403967937e-15 4.566348912689287235e-17 6.947245736457545718e+03
4.823312287619622728e-15 4.534784907046589774e-17 6.947994298010223247e+03
4.963826845631692021e-15 4.505489860759490255e-17 6.948742863951377331e+03
5.045375155322132966e-15 4.483971922833568298e-17 6.949491434280427711e+03
4.950247537103495212e-15 4.468968473084830734e-17 6.950240008996790493e+03
5.059992907570188384e-15 4.464994299095202173e-17 6.950988588099882691e+03
4.947052502072777127e-15 4.469749572005123602e-17 6.951737171589122227e+03
4.990990775902454637e-15 4.479251310355451453e-17 6.952485759463923387e+03
4.934891623489825697e-15 4.482803221517922730e-17 6.953234351723704094e+03
4.908807677913170050e-15 4.477956204671950308e-17 6.953982948367883182e+03
4.927075080681791657e-15 4.464214891891631851e-17 6.954731549395875845e+03
4.821728337115244396e-15 4.420325019215421764e-17 6.955480154807100007e+03
4.731987873994604854e-15 4.335387532203200037e-17 6.956228764600971772e+03
4.874627474992194765e-15 4.223272695158985819e-17 6.956977378776909063e+03
4.955999042506754073e-15 4.131606591562761577e-17 6.957725997334327985e+03
4.786595353073424339e-15 4.040813729809899166e-17 6.958474620272643733e+03
4.973663073064786822e-15 3.961998867133250944e-17 6.959223247591276959e+03
5.102086719508849522e-15 3.928731737195060222e-17 6.959971879289641038e+03
4.974293342072511154e-15 4.020106045056078921e-17 6.960720515367157532e+03
4.958206808055461361e-15 4.027954352889004161e-17 6.963715103457051555e+03
5.033926668976824473e-15 4.006269401904067257e-17 6.964463761421568961e+03
4.849073914031105861e-15 4.029371262321103314e-17 6.965212423761738137e+03
4.995379911830855784e-15 4.029114198929587629e-17 6.965961090476974277e+03
4.844400809950519727e-15 4.049262403629704985e-17 6.966709761566697125e+03
4.946295911459241880e-15 4.056735143761621413e-17 6.967458437030321875e+03
4.889936858249198665e-15 4.056583512908355029e-17 6.968207116867264631e+03
4.896508587796645050e-15 4.054699075331440171e-17 6.968955801076945136e+03
4.955121039989814773e-15 4.052063781932143360e-17 6.969704489658776765e+03
5.163780011944099248e-15 4.066657504349223480e-17 6.970453182612177443e+03
4.658992486716809769e-15 4.100735222929370481e-17 6.971201879936568730e+03
4.802802383784412902e-15 4.156421725466839636e-17 6.971950581631359455e+03
4.957247727420097713e-15 4.210541038514553114e-17 6.972699287695973908e+03
4.906182577754852076e-15 4.263173526690188986e-17 6.973447998129825464e+03
4.859763565004070578e-15 4.314625344582647505e-17 6.974196712932332048e+03
4.959224147719143777e-15 4.343540129995800547e-17 6.974945432102909763e+03
5.017973564024284686e-15 4.360208909465410810e-17 6.975694155640974714e+03
4.880319664716931120e-15 4.357444785434144016e-17 6.976442883545947552e+03
5.049162162715475969e-15 4.330439522067967806e-17 6.977191615817240745e+03
4.995781568432820339e-15 4.308238268095526664e-17 6.977940352454275853e+03
4.825906627876635106e-15 4.286020793393222600e-17 6.978689093456465343e+03
4.958484193893329219e-15 4.271918604277230388e-17 6.979437838823229868e+03
5.144233712786135721e-15 4.259482008592083188e-17 6.980186588553982801e+03
5.088108290468957369e-15 4.255386894750102425e-17 6.980935342648144797e+03
5.083174900793814979e-15 4.252927844787348229e-17 6.981684101105129230e+03
5.266833984607352871e-15 4.253749843472951188e-17 6.982432863924355843e+03
5.042667728793671507e-15 4.253662551904027777e-17 6.983181631105240740e+03
5.056524631022829485e-15 4.245238133090402852e-17 6.983930402647200026e+03
5.034176690241007157e-15 4.217305367174125885e-17 6.984679178549651624e+03
5.138620409896300084e-15 4.162203993775654633e-17 6.985427958812011639e+03
5.040093122313149667e-15 4.101322653937250082e-17 6.986176743433697993e+03
5.119499250362953128e-15 4.045042597271676615e-17 6.986925532414126792e+03
5.005845294965205652e-15 4.014364705030479990e-17 6.987674325752715959e+03
5.087413503084001744e-15 4.234994954868580762e-17 6.988423123448881597e+03
5.028567537714246371e-15 3.927950009152390534e-17 6.989171925502042541e+03
5.112634546661172627e-15 3.895153712535140297e-17 6.989920731911610346e+03
5.065261768730490356e-15 3.898004004249083973e-17 6.990669542677009304e+03
5.141944319913111803e-15 3.877112056770681457e-17 6.991418357797652789e+03
5.072446370398798849e-15 3.870016770518044080e-17 6.992167177272955996e+03
5.183204990191952126e-15 3.878516463264284000e-17 6.992916001102336850e+03
4.843395714354235067e-15 3.879642971850056218e-17 6.993664829285215092e+03
4.900078201677565636e-15 3.898518425190866896e-17 6.994413661821005917e+03
4.906282165972454995e-15 3.916783356796195732e-17 6.995162498709125430e+03
4.880367589485139380e-15 3.951262972879808367e-17 6.995911339948990644e+03
4.795840529458787923e-15 3.991550480550877725e-17 6.996660185540020393e+03
4.912185131068711621e-15 4.038226767583421856e-17 6.997409035481628052e+03
5.149719451340223885e-15 4.076713291648488311e-17 6.998157889773235183e+03
4.842862417743881010e-15 4.107860805041653369e-17 6.998906748414254253e+03
4.970118831859786722e-15 4.126242905971752529e-17 6.999655611404106821e+03
5.094149095270448656e-15 4.140193374069065409e-17 7.000404478742205356e+03
4.974832107248870505e-15 4.145969178703620943e-17 7.001153350427968689e+03
4.958065916817704013e-15 4.141278732620029892e-17 7.001902226460814745e+03
5.098435197410394620e-15 4.144690434098502356e-17 7.002651106840160537e+03
4.851045158507445085e-15 4.147606263355424194e-17 7.003399991565420351e+03
4.873477850954468895e-15 4.164046436172390843e-17 7.004148880636013928e+03
4.786587929015482580e-15 4.187239531368895205e-17 7.004897774051356464e+03
5.079025989652315818e-15 4.209814105167481375e-17 7.005646671810866792e+03
4.772977764679455160e-15 4.232378985041319220e-17 7.006395573913960106e+03
5.031387111561733597e-15 4.250990988843872719e-17 7.007144480360053421e+03
5.041419325157395803e-15 4.262160235892938259e-17 7.007893391148565570e+03
5.163223792763399886e-15 4.247959391599964401e-17 7.008642306278912656e+03
4.901510050139855805e-15 4.220475542214173817e-17 7.009391225750508966e+03
5.028963288411684354e-15 4.178817523412357432e-17 7.010140149562773331e+03
4.981122976448480586e-15 4.145486437753802427e-17 7.010889077715124586e+03
5.134983545931680053e-15 4.291703510925788902e-17 7.011638010206978834e+03
4.965431902894563730e-15 7.289147509581343610e-17 7.012386947037751270e+03
5.025048267958635638e-15 4.395547986098250990e-17 7.013135888206860727e+03
5.000782458229441466e-15 4.036446603102242587e-17 7.013884833713722401e+03
5.039141290745572794e-15 4.022870681337673242e-17 7.014633783557754214e+03
4.800686919543214903e-15 4.026798613208592021e-17 7.015382737738373180e+03
5.177115975026246917e-15 4.035124040063281332e-17 7.016131696254996314e+03
4.908972567675003766e-15 4.017002377550027080e-17 7.016880659107040628e+03
4.924007474347797194e-15 4.002402967888057588e-17 7.017629626293923138e+03
4.919726805782681518e-15 3.982270189099856717e-17 7.018378597815059038e+03
5.042091748099051441e-15 3.953480090039958501e-17 7.019127573669868070e+03
4.946942280689445754e-15 3.918213116621241568e-17 7.019876553857766339e+03
5.160149222341257308e-15 3.887223152715168132e-17 7.020625538378168130e+03
4.950960299885951455e-15 3.866870369208869238e-17 7.021374527230495914e+03
5.030045491485958140e-15 3.857413540347790928e-17 7.022123520414159429e+03
4.990572669439510845e-15 3.846843153347103868e-17 7.022872517928581146e+03
4.951237918174914234e-15 3.849597367237329590e-17 7.023621519773178079e+03
5.031037931023852491e-15 3.847980015290353257e-17 7.024370525947363603e+03
4.841614883275040562e-15 3.852266485142526158e-17 7.025119536450557462e+03
5.070808949796463874e-15 3.859176875240246132e-17 7.025868551282175758e+03
5.001085484725923100e-15 3.854998869453303376e-17 7.026617570441634598e+03
5.061179647048909217e-15 3.855057843234534830e-17 7.027366593928352813e+03
4.821859016732826066e-15 3.854053585299184152e-17 7.028115621741746509e+03
5.000858886341558920e-15 3.860280340904755146e-17 7.028864653881230879e+03
4.925935671497630065e-15 3.856279660823271344e-17 7.029613690346226576e+03
4.927449756056301390e-15 3.852649260865835174e-17 7.030362731136146976e+03
4.967817019098541897e-15 3.854640586179879262e-17 7.031111776250410003e+03
5.054445241968546370e-15 3.856412633106068524e-17 7.031860825688433579e+03
4.997804325343197179e-15 3.857391452784559815e-17 7.032609879449633809e+03
5.237342060704539213e-15 3.856047780531474518e-17 7.033358937533429526e+03
5.058348310319400466e-15 3.856377481434550208e-17 7.034107999939235015e+03
4.847506276821847080e-15 3.871121933949132505e-17 7.034857066666469109e+03
4.891484614791861727e-15 3.883487216816694679e-17 7.035606137714548822e+03
4.948353129278835451e-15 3.895903707913186935e-17 7.036355213082888440e+03
4.978668026779074278e-15 3.901955153889617029e-17 7.037104292770907705e+03
5.023908884337121193e-15 3.910845800516033364e-17 7.037853376778020902e+03
4.955187258906825412e-15 3.917338390783578114e-17 7.038602465103649592e+03
5.011954225764988938e-15 3.925531614146180630e-17 7.039351557747206243e+03
4.953541065716853120e-15 3.934457305011027074e-17 7.040100654708111506e+03
4.784835456748207170e-15 3.958695521997446676e-17 7.040849755985777847e+03
4.943904365837876514e-15 3.987247771837916770e-17 7.041598861579625009e+03
4.846435867441447070e-15 4.007672959799227291e-17 7.042347971489070005e+03
4.972369347759382688e-15 4.025628916457090604e-17 7.043097085713530760e+03
4.973390367104632060e-15 4.055320147391139850e-17 7.043846204252421558e+03
4.831479453071084679e-15 4.079189122395640222e-17 7.044595327105162141e+03
5.092629658645928287e-15 4.105516151970580364e-17 7.045344454271165887e+03
4.927818755168235533e-15 4.120811943137678420e-17 7.046093585749852537e+03
4.792336917566442057e-15 4.129451371247233591e-17 7.046842721540639104e+03
4.981175202845184126e-15 4.141122053694589723e-17 7.047591861642940785e+03
5.115649378528835473e-15 4.141228977130202352e-17 7.048341006056176411e+03
4.931138874364766700e-15 4.136732948770986493e-17 7.049090154779762088e+03
4.999479947497106603e-15 4.135551335098419076e-17 7.049839307813113919e+03
5.056957212150629426e-15 4.132047613343791826e-17 7.050588465155651647e+03
4.989074438685033184e-15 4.124394724238452036e-17 7.051337626806789558e+03
4.843366855748774371e-15 4.120780064117706301e-17 7.052086792765943756e+03
5.231124951671029449e-15 4.115882843676596609e-17 7.052835963032535801e+03
4.995724581664049833e-15 4.112952454390903124e-17 7.053585137605976342e+03
4.964793870187611686e-15 4.101309559803241114e-17 7.054334316485688760e+03
5.012316778879904243e-15 4.080157463883614926e-17 7.055083499671082791e+03
4.919534315506465762e-15 4.062605186400974014e-17 7.055832687161583635e+03
5.079477115709806770e-15 4.040685601764652283e-17 7.056581878956601940e+03
4.916201320324473727e-15 4.019622828864373427e-17 7.057331075055559268e+03
5.051915113674577551e-15 3.995862264275935215e-17 7.058080275457867174e+03
5.019240810313032372e-15 3.983887926597022983e-17 7.058829480162947220e+03
5.008512300481460140e-15 3.974668248332084099e-17 7.059578689170214602e+03
5.131877064114807163e-15 3.968797994906190547e-17 7.060327902479087243e+03
4.988414641398475346e-15 3.959313365974049133e-17 7.061077120088981246e+03
4.796856374042100671e-15 3.956012864288345322e-17 7.061826341999310898e+03
5.020871762682121905e-15 3.958852856548743060e-17 7.062575568209498670e+03
5.044056745106164860e-15 3.961082540473756483e-17 7.063324798718957936e+03
5.215555757342142883e-15 3.965032278926522192e-17 7.064074033527105712e+03
5.048052664454386691e-15 3.964852027374857848e-17 7.064823272633360830e+03
5.050195764098088892e-15 3.970174917715689815e-17 7.065572516037138485e+03
5.055615151836404274e-15 3.980583518322758031e-17 7.066321763737857509e+03
5.024152100407498543e-15 3.994087393700091812e-17 7.067071015734932189e+03
5.006628951237177714e-15 3.992353502222589879e-17 7.067820272027781357e+03
5.007866965044386458e-15 3.974752915047428578e-17 7.068569532615820208e+03
5.113434734556251424e-15 3.990023272513185515e-17 7.069318797498469394e+03
5.127846136706985935e-15 3.995329173096175152e-17 7.070068066675143200e+03
5.126158577597374936e-15 4.001455993791060161e-17 7.070817340145256821e+03
5.083704118141817826e-15 3.996975063374904152e-17 7.071566617908230910e+03
5.088285826173992716e-15 3.995953698629670291e-17 7.072315899963479751e+03
5.045340289070881208e-15 3.999738840490507325e-17 7.073065186310423087e+03
5.027249471985030309e-15 3.994198804494310546e-17 7.073814476948475203e+03
4.842858678016062362e-15 3.990687732190736530e-17 7.074563771877054023e+03
5.144840694492504549e-15 3.987762431222178028e-17 7.075313071095577470e+03
5.017462542515159561e-15 3.988923354797989168e-17 7.076062374603459830e+03
4.870486724205407807e-15 3.991845173205135205e-17 7.076811682400119025e+03
5.018171715163384668e-15 3.987106720920774512e-17 7.077560994484976618e+03
4.959566515603066888e-15 3.988730471388581138e-17 7.078310310857442346e+03
4.916510637713334983e-15 3.988099890672464705e-17 7.079059631516936861e+03
5.016331801466183659e-15 3.990601684813142855e-17 7.079808956462877177e+03
5.049494566795878831e-15 3.991796278688876818e-17 7.080558285694681217e+03
4.946855944860418974e-15 3.996234975560018245e-17 7.081307619211764177e+03
4.956031358276898168e-15 4.006999758409203386e-17 7.082056957013541250e+03
4.968519251179792622e-15 4.015282815516290924e-17 7.082806299099434000e+03
4.998042574686426003e-15 4.023940828585648265e-17 7.083555645468856710e+03
4.968928972061662192e-15 4.034319910869440325e-17 7.084304996121227305e+03
4.995590368821364815e-15 4.038514747961596986e-17 7.085054351055958250e+03
5.058429504857529876e-15 4.038810366944589791e-17 7.085803710272472927e+03
4.833648126253857633e-15 4.039911498267217701e-17 7.086553073770186529e+03
4.808279670674983476e-15 4.038807827478499148e-17 7.087302441548514253e+03
4.932341367258593718e-15 4.039388799648559552e-17 7.088051813606874930e+03
4.977813221800753826e-15 4.030593186213172599e-17 7.088801189944682847e+03
5.006121949846172742e-15 4.017174334725076418e-17 7.089550570561356835e+03
5.019434361315189296e-15 4.010849798815237831e-17 7.090299955456315729e+03
4.977445452745729465e-15 4.011623774718828753e-17 7.091049344628971085e+03
4.958229314451863385e-15 4.003562640165905570e-17 7.091798738078748102e+03
4.964130134559689831e-15 4.008013778770488376e-17 7.092548135805052880e+03
5.155073642967294480e-15 4.008858113326044179e-17 7.093297537807313347e+03
4.937444181460994117e-15 3.978955252269410671e-17 7.094046944084938332e+03
5.079712778478149415e-15 3.978746148084886219e-17 7.094796354637352124e+03
5.056210640302364131e-15 3.968782149301382963e-17 7.095545769463962642e+03
5.001121933217368362e-15 3.956426651290685221e-17 7.096295188564194177e+03
4.882878655699610387e-15 3.944754069715851623e-17 7.097044611937461013e+03
4.978328811522125257e-15 3.939886002934696788e-17 7.097794039583180165e+03
4.918034536039233462e-15 3.926711556042987666e-17 7.098543471500768646e+03
5.077994170868342925e-15 3.910588147057228640e-17 7.099292907689645290e+03
4.962212350981731279e-15 3.901539286199328820e-17 7.100042348149223471e+03
4.966282219438790453e-15 3.898077033338727781e-17 7.100791792878922934e+03
5.075949018222637368e-15 3.893937004399823032e-17 7.101541241878157962e+03
4.984343598048639936e-15 3.890389003551028106e-17 7.102290695146348298e+03
4.939836265110903687e-15 3.886912781237107082e-17 7.103040152682910048e+03
5.032677518576083206e-15 3.888524005474879789e-17 7.103789614487260224e+03
4.995153352282232297e-15 3.892512318413789597e-17 7.104539080558815840e+03
4.874911828790964790e-15 3.884338064850635527e-17 7.105288550896992092e+03
4.958676142686540212e-15 3.884276882379821552e-17 7.106038025501209631e+03
4.879335278482335929e-15 3.879246757091654034e-17 7.106787504370880924e+03
5.077328530512266825e-15 3.877507506773858394e-17 7.107536987505427533e+03
5.022126153310855652e-15 3.880500565276164394e-17 7.108286474904261922e+03
5.105584352459644273e-15 3.880381305590162786e-17 7.109035966566805655e+03
4.794105809376137321e-15 3.882518228306967803e-17 7.109785462492471197e+03
5.018635049334774051e-15 3.888634055972618018e-17 7.110534962680680110e+03
4.707299213736359938e-15 3.889471026152559368e-17 7.111284467130845769e+03
4.840079601369233391e-15 3.900695010140687248e-17 7.112033975842385189e+03
4.890199150609091949e-15 3.895600093417310355e-17 7.112783488814717202e+03
4.992842832289755922e-15 3.884387477361231386e-17 7.113533006047257004e+03
5.047540781693464105e-15 3.884813898839239248e-17 7.114282527539423427e+03
4.819727471013855461e-15 3.883018665407924243e-17 7.115032053290634394e+03
4.833101416936555827e-15 3.884732273855282612e-17 7.115781583300301463e+03
4.917163587738109931e-15 3.882111041719881371e-17 7.116531117567847105e+03
4.723671633568709903e-15 3.883598661530161097e-17 7.117280656092686513e+03
4.911436943603788525e-15 3.887519428002663711e-17 7.118030198874233974e+03
4.990269187796066874e-15 3.893342138744791209e-17 7.118779745911912869e+03
5.071298426223362017e-15 3.862240514226815316e-17 7.119529297205133844e+03
4.949821585093365776e-15 3.873326823599846687e-17 7.120278852753315732e+03
4.896231275903813769e-15 3.885255858741706217e-17 7.121028412555877367e+03
4.980265992286043073e-15 3.894547402961668269e-17 7.121777976612233033e+03
4.882915009008739656e-15 3.904956426854917357e-17 7.122527544921802473e+03
4.937774202466681078e-15 3.906048544359697186e-17 7.123277117484000883e+03
5.011807461136116831e-15 3.912751346113535575e-17 7.124026694298245275e+03
4.914913138980941054e-15 3.934378740409719761e-17 7.124776275363952664e+03
4.857762938441621589e-15 3.927114220757377893e-17 7.125525860680540063e+03
5.031461511668145426e-15 3.925993659818599786e-17 7.126275450247425397e+03
4.817233088740225244e-15 3.929357068139412317e-17 7.127025044064024769e+03
4.900104397664395146e-15 3.934929219665816869e-17 7.127774642129756103e+03
4.835261094556795267e-15 3.943594854236391681e-17 7.128524244444033684e+03
4.914478259684162630e-15 3.955155805507108585e-17 7.129273851006275436e+03
4.916102249913387747e-15 3.957944616409880521e-17 7.130023461815901101e+03
4.817078689990163704e-15 3.966029234986696593e-17 7.130773076872324964e+03
5.004109084873356411e-15 3.954665240538550380e-17 7.131522696174966768e+03
4.875919022360183413e-15 3.957282704848989949e-17 7.132272319723238979e+03
4.784888862925624520e-15 3.952468446786706022e-17 7.133021947516561340e+03
4.966522554878449574e-15 3.947530911130053459e-17 7.133771579554351774e+03
4.845392153200512072e-15 3.937513163886344877e-17 7.134521215836024567e+03
4.852010400683542902e-15 3.939154614658988452e-17 7.135270856360999460e+03
4.843323878585061286e-15 3.937876945987732085e-17 7.136020501128690739e+03
4.920117553894061593e-15 3.941111821820242257e-17 7.136770150138516328e+03
4.825384737187075310e-15 3.948537073796325780e-17 7.137519803389895969e+03
4.899786712353081844e-15 3.962301202574883873e-17 7.138269460882243038e+03
4.796030566659860228e-15 3.976062862996232279e-17 7.139019122614974549e+03
4.771603753948035627e-15 3.986287868610575638e-17 7.139768788587511153e+03
4.758456942163612134e-15 3.994358095685994488e-17 7.140518458799265318e+03
4.766122764284946226e-15 4.004746244255009478e-17 7.141268133249656785e+03
4.843862839465196548e-15 4.008207561347888221e-17 7.142017811938099840e+03
4.752149920958210147e-15 4.016871350488534148e-17 7.142767494864016044e+03
5.022314056974444905e-15 4.023306135002565202e-17 7.143517182026816954e+03
4.771305338382110053e-15 4.030364815305739043e-17 7.144266873425925041e+03
4.828744917573588840e-15 4.012066242219148427e-17 7.145016569060751863e+03
4.984192660182755952e-15 4.023955968206180320e-17 7.145766268930718070e+03
4.787122152632969192e-15 4.025732196508853924e-17 7.146515973035238858e+03
4.784800889085680042e-15 4.027130238522631459e-17 7.147265681373732150e+03
4.782234612951630723e-15 4.025024253006748911e-17 7.148015393945615870e+03
4.787755710687307985e-15 4.018824543098183698e-17 7.148765110750305212e+03
4.841977973250977253e-15 4.014164168671094209e-17 7.149514831787218100e+03
5.006280749074202735e-15 4.002867293475608435e-17 7.152513758245436293e+03
5.170237803111535403e-15 3.974094897679462735e-17 7.153263500434719390e+03
4.850498614485053377e-15 3.962170006316478836e-17 7.154013246852726297e+03
4.874500426813933339e-15 3.957592406694634145e-17 7.154762997498875848e+03
4.944056614227055876e-15 3.957012819191286119e-17 7.155512752372584146e+03
4.984776931138537973e-15 3.953611775631312332e-17 7.156262511473268205e+03
5.029953841992980278e-15 3.949574689999662561e-17 7.157012274800345949e+03
5.023857506601091821e-15 3.945376440123994712e-17 7.157762042353231664e+03
5.094412304757694532e-15 3.951081386084852337e-17 7.158511814131345091e+03
4.970032658267912642e-15 3.957592833310473638e-17 7.159261590134101425e+03
4.908694816373860053e-15 3.964389146731878317e-17 7.160011370360919500e+03
5.051618147747747063e-15 3.969678260468256607e-17 7.160761154811214510e+03
4.837040145361610859e-15 3.975299468784907292e-17 7.161510943484404379e+03
4.944033355888255980e-15 3.973817861308016225e-17 7.162260736379907030e+03
4.887377182405942797e-15 3.976817364020169781e-17 7.163010533497137658e+03
4.922839257058289834e-15 3.979581199730819633e-17 7.163760334835511458e+03
4.949908249054465326e-15 3.982373137386158906e-17 7.164510140394449991e+03
4.816711650461420349e-15 3.970828501638132804e-17 7.165259950173368452e+03
4.700600283244882944e-15 3.971435500942887301e-17 7.166009764171683855e+03
4.636166589937296976e-15 3.972110086770142714e-17 7.166759582388811396e+03
4.634735479380766353e-15 3.970552054843148543e-17 7.167509404824168087e+03
4.524318048353938853e-15 3.972798039496995387e-17 7.168259231477173671e+03
4.647244514468426999e-15 3.968162961814881042e-17 7.169009062347244253e+03
4.658556695169821553e-15 3.978887056002245331e-17 7.169758897433794118e+03
4.720847165557445306e-15 3.948553734679404567e-17 7.170508736736244828e+03
4.678328063628234772e-15 3.956502031302460904e-17 7.171258580254007938e+03
4.775615687843572267e-15 3.953545808999513115e-17 7.172008427986504103e+03
4.514162428240892570e-15 3.957897262312337688e-17 7.172758279933150334e+03
4.650799524803085178e-15 3.955893516523187444e-17 7.173508136093361827e+03
4.421808559036995903e-15 3.956983401626482573e-17 7.174257996466556506e+03
4.458208404892505683e-15 3.958716577006639747e-17 7.175007861052152293e+03
4.690116053616208299e-15 3.956745659210648911e-17 7.175757729849565294e+03
4.454254938514559975e-15 3.960900899861467043e-17 7.176507602858210703e+03
4.610804895768919889e-15 3.957962600781210312e-17 7.177257480077507353e+03
4.719996059946917648e-15 3.954336674391975509e-17 7.178007361506874076e+03
4.553755033462845530e-15 3.948177958348355233e-17 7.178757247145723341e+03
4.478720545515181621e-15 3.940687071073927507e-17 7.179507136993475797e+03
4.558673115016340278e-15 3.924590162638602500e-17 7.180257031049546640e+03
4.485354736628315541e-15 3.919868929072543139e-17 7.181006929313352884e+03
4.617240552085091075e-15 3.908534421174512246e-17 7.181756831784312453e+03
4.562600231340215103e-15 3.897026109153058669e-17 7.182506738461841451e+03
4.371073111369645232e-15 3.887120747781316557e-17 7.183256649345357800e+03
4.463492989538178475e-15 3.893446878150469000e-17 7.184006564434277607e+03
4.308779256672803128e-15 4.055038786045551871e-17 7.184756483728017884e+03
4.655454529774898067e-15 4.518207102697112317e-17 7.185506407225995645e+03
4.587304430456369646e-15 4.011713044596508204e-17 7.186256334927629723e+03
4.454668983843061774e-15 3.895221414148829618e-17 7.187006266832335314e+03
4.346942901038480811e-15 3.847234697763051010e-17 7.187756202939526702e+03
4.399618035360129052e-15 3.836570702767525622e-17 7.188506143248626358e+03
4.533000825744429052e-15 3.830086315142137973e-17 7.189256087759047659e+03
4.307055287892108716e-15 3.824487637349819329e-17 7.190006036470208528e+03
4.436442824148932923e-15 4.037396656995959594e-17 7.190755989381525069e+03
4.590115688167562610e-15 3.943725781193878744e-17 7.191505946492417024e+03
4.328591158692674646e-15 3.813083275952602499e-17 7.192255907802296861e+03
4.590315270718704423e-15 3.808207449251365404e-17 7.193005873310586139e+03
4.692898753394853066e-15 3.815481360451108929e-17 7.193755843016697327e+03
4.675588864519081324e-15 3.823189825629140030e-17 7.194505816920052894e+03
4.733248224106355167e-15 3.832182592341494137e-17 7.195255795020066216e+03
4.641003626100402998e-15 3.822629908587759855e-17 7.196005777316153399e+03
4.567617812959902611e-15 3.821048631586509190e-17 7.196755763807732365e+03
4.508548562699047088e-15 3.822557241104667282e-17 7.197505754494222856e+03
4.476733736372274615e-15 3.824831279734318487e-17 7.198255749375037340e+03
4.591297339110160131e-15 3.824582834677287751e-17 7.199005748449597377e+03
4.632209509261771813e-15 3.823666904554847179e-17 7.199755751717315434e+03
4.575795835452805257e-15 3.830385032404186521e-17 7.200505759177612163e+03
4.565498458474074812e-15 3.829070962202176280e-17 7.201255770829900939e+03
4.685020765923092305e-15 3.834377470138232106e-17 7.202005786673601506e+03
4.616470053354850148e-15 3.840303077031761001e-17 7.202755806708130876e+03
4.530786566675140053e-15 3.843339470227210007e-17 7.203505830932906974e+03
4.424686467734062884e-15 3.841876699754739446e-17 7.204255859347340447e+03
4.605684418136344038e-15 3.844189120778757263e-17 7.205005891950856494e+03
4.557392682741418649e-15 3.848332660579136512e-17 7.205755928742867582e+03
4.360394202327597874e-15 3.845080826164939844e-17 7.206505969722790724e+03
4.565981871644037158e-15 3.842690292227057381e-17 7.207256014890045662e+03
4.574622735333669697e-15 3.840903496205389166e-17 7.208006064244044865e+03
4.440294553242647644e-15 3.839131388297661016e-17 7.208756117784210801e+03
4.648051780717917795e-15 3.837680382390362955e-17 7.209506175509955938e+03
4.770096880830367330e-15 3.831476769177641107e-17 7.210256237420698199e+03
4.661124870066389951e-15 3.828944565393680782e-17 7.211006303515857326e+03
4.760306880389565555e-15 3.831119980737593795e-17 7.211756373794845786e+03
4.820007391338377939e-15 3.830107953682832294e-17 7.212506448257085140e+03
4.538714953386988341e-15 3.830530909377605512e-17 7.213256526901987854e+03
4.588262811083138780e-15 3.836251366462626775e-17 7.214006609728974581e+03
4.729688242449656146e-15 3.845844164965343645e-17 7.214756696737461425e+03
4.726076855647746554e-15 3.854919738507229861e-17 7.215506787926862671e+03
4.694956233941739900e-15 3.863381010699745376e-17 7.216256883296600790e+03
4.943403120083184645e-15 3.873501015305634021e-17 7.217006982846087340e+03
4.636449433964048075e-15 3.880270811045242122e-17 7.217757086574742061e+03
4.648222853236818474e-15 3.889889215599819269e-17 7.218507194481980150e+03
4.689364628966537875e-15 3.905344393187620537e-17 7.219257306567220439e+03
4.810149812011857516e-15 3.910002848204427384e-17 7.220007422829879943e+03
4.659370730183319131e-15 3.916536343249908412e-17 7.220757543269373855e+03
4.649768820509255504e-15 3.908786610091432358e-17 7.221507667885121919e+03
4.566471821789538749e-15 3.910342628859809757e-17 7.222257796676536600e+03
4.694786454992661777e-15 3.925522903944796658e-17 7.223007929643039461e+03
4.764839300538640993e-15 3.958463646703184141e-17 7.226008503248251145e+03
4.697722723731663563e-15 3.965637796397715006e-17 7.226758657081438287e+03
4.624372386531949938e-15 3.967472941420448703e-17 7.227508815086215691e+03
4.682618173271688474e-15 3.966009552029365521e-17 7.228258977261997643e+03
4.568035922992602138e-15 3.965290493598353249e-17 7.229009143608202066e+03
4.592476028809603328e-15 3.964894705433393070e-17 7.229759314124246885e+03
4.709635762680384207e-15 3.968552171376187493e-17 7.230509488809544564e+03
4.265554668355220288e-15 4.001759478121587105e-17 7.231259667663518485e+03
4.466324442286830019e-15 4.084578729142467849e-17 7.232009850685581114e+03
4.355766950251240299e-15 4.217198424026862481e-17 7.232760037875149465e+03
4.364739876810847587e-15 4.402319050107123082e-17 7.233510229231643279e+03
4.345337976306239365e-15 4.614810700620575292e-17 7.234260424754476844e+03
4.290055175496860314e-15 4.806904242314251826e-17 7.235010624443068082e+03
4.509035256122486419e-15 4.983153709507479574e-17 7.235760828296837644e+03
4.410907315986579633e-15 5.131624962522647427e-17 7.236511036315196179e+03
4.282518305047032211e-15 5.274214640494992956e-17 7.237261248497563429e+03
4.175493143481476441e-15 5.440288466038532695e-17 7.238011464843359136e+03
4.095821877164665898e-15 5.609314381373133672e-17 7.238761685351995766e+03
4.132633908299265142e-15 5.774957043132882257e-17 7.239511910022892152e+03
4.263422245639820383e-15 5.912786103095068343e-17 7.240262138855465309e+03
4.341370671682893196e-15 6.036565423253443347e-17 7.241012371849132251e+03
4.294968717962045583e-15 6.136009489550842895e-17 7.241762609003309990e+03
4.466268764563651177e-15 6.184735573366270989e-17 7.242512850317415541e+03
4.405843193447907527e-15 6.211470814545941856e-17 7.243263095790865918e+03
4.324068946629949398e-15 6.214781831657311565e-17 7.244013345423078135e+03
4.272978798040279874e-15 6.205310282066589463e-17 7.244763599213467387e+03
4.365926170328597867e-15 6.177339891055012547e-17 7.245513857161454325e+03
4.060647460579475023e-15 6.135777461117678933e-17 7.246264119266453235e+03
4.047055269478199275e-15 6.070525470443962520e-17 7.247014385527879313e+03
4.163424479978961965e-15 5.980366374088520428e-17 7.247764655945155027e+03
4.391121778075972121e-15 5.810304716660281928e-17 7.248514930517694665e+03
4.502916437421942668e-15 5.674212403063842394e-17 7.249265209244913422e+03
4.312394827156105720e-15 5.567062008997781965e-17 7.250015492126229219e+03
4.359314700463608991e-15 5.440924668956680512e-17 7.250765779161060891e+03
4.380000607613934063e-15 5.285988120513203891e-17 7.251516070348821813e+03
4.495669892810787098e-15 5.109792024992784195e-17 7.252266365688932638e+03
4.506104573876445489e-15 4.926846853690528913e-17 7.253016665180809468e+03
4.481019314332590261e-15 4.757610145978083799e-17 7.253766968823867501e+03
4.471475612927020898e-15 4.586410952996227148e-17 7.254517276617525567e+03
4.538767324264890381e-15 4.439096460934338775e-17 7.255267588561199773e+03
4.508645567570452395e-15 4.324497631356640431e-17 7.256017904654307131e+03
4.552483401205832615e-15 4.330460512555441658e-17 7.256768224896264655e+03
4.677761315505871519e-15 4.299432121587251688e-17 7.257518549286488451e+03
4.665224851815718404e-15 4.278276014640710318e-17 7.258268877824398260e+03
4.529387876879451259e-15 4.257071840251239264e-17 7.259019210509409277e+03
4.484716064710768832e-15 4.234192178463301922e-17 7.259769547340937606e+03
4.605318366854756307e-15 4.198309300824166281e-17 7.260519888318402081e+03
4.470711628131901772e-15 4.161613103714040368e-17 7.261270233441216988e+03
4.581650567792209962e-15 4.124412366362293208e-17 7.262020582708802976e+03
4.556150097384962852e-15 4.089496970290524794e-17 7.262770936120572514e+03
4.611073965307465124e-15 4.059034743538252002e-17 7.263521293675947163e+03
4.728852196824545260e-15 4.040057132754252747e-17 7.264271655374343027e+03
4.492591695929751058e-15 4.027956950104753763e-17 7.265022021215174391e+03
4.544086903926700911e-15 4.026058599345199886e-17 7.265772391197859179e+03
4.675677379407501523e-15 4.019767079238099276e-17 7.266522765321815314e+03
4.450568983677620083e-15 4.042100792696416977e-17 7.267273143586461629e+03
4.569600986185282997e-15 4.255070628101289402e-17 7.268023525991207862e+03
4.108945895088254396e-15 4.726864632334358375e-17 7.268773912535480122e+03
4.001951592493427592e-15 4.572368376700661722e-17 7.269524303218690875e+03
3.995358515800977586e-15 4.832518532531583304e-17 7.270274698040256226e+03
4.364393932643259889e-15 5.110286795706623258e-17 7.271025096999595917e+03
4.392225143550948569e-15 5.339283697102127507e-17 7.271775500096125143e+03
4.564997430153663295e-15 5.538923463067393112e-17 7.272525907329259098e+03
4.677621376028253584e-15 5.669220562708738756e-17 7.273276318698419345e+03
4.425976319036552401e-15 5.729402710456215201e-17 7.274026734203019259e+03
4.370652772880654601e-15 5.746023938593993010e-17 7.274777153842476764e+03
4.358335673650593987e-15 5.756210838924953972e-17 7.275527577616209783e+03
4.359240046640602113e-15 5.780809192919438184e-17 7.276278005523633510e+03
4.305116020919467831e-15 5.811695551114235127e-17 7.277028437564167689e+03
4.010755549234551430e-15 5.877943535945919485e-17 7.277778873737226604e+03
4.253322460611123255e-15 6.034521199788481612e-17 7.278529314042227270e+03
4.337312183538161727e-15 6.067458758644522212e-17 7.279279758478589429e+03
4.394269770740742315e-15 6.125727435366877577e-17 7.280030207045725547e+03
4.426979765768904348e-15 6.180900676416407536e-17 7.280780659743059005e+03
4.478029780776256441e-15 6.200617080421350183e-17 7.281531116570000449e+03
4.110450608681503655e-15 6.133026629941844190e-17 7.282281577525969624e+03
3.996128623895074049e-15 5.964915544315233597e-17 7.283032042610383542e+03
4.123896871364713972e-15 5.727724300905747095e-17 7.283782511822660126e+03
4.506889991608599558e-15 5.477534685105186471e-17 7.284532985162213663e+03
4.555317964308907760e-15 5.242669657414105929e-17 7.285283462628462075e+03
4.461063159139267733e-15 5.011311198176173832e-17 7.286033944220824196e+03
4.620864455238048932e-15 4.833411047619973163e-17 7.286784429938717949e+03
4.476347456576015425e-15 4.727978146582418740e-17 7.287534919781554891e+03
4.427755255623392651e-15 4.696214102826893598e-17 7.288285413748755673e+03
4.262459489116048556e-15 4.696439965247962283e-17 7.289035911839739128e+03
4.341087139762882044e-15 4.707457008138947577e-17 7.289786414053916815e+03
4.469302977700697382e-15 4.689324415322363632e-17 7.290536920390712112e+03
4.385938280594742693e-15 4.623585282325038213e-17 7.291287430849535667e+03
4.424823028592438870e-15 4.532416767268284546e-17 7.292037945429809042e+03
4.449284537117065580e-15 4.432862414823885000e-17 7.292788464130949251e+03
4.472780892517065739e-15 4.324219019270831105e-17 7.293538986952369669e+03
4.333416075196506074e-15 4.231867405723269066e-17 7.294289513893489129e+03
4.482852105252625090e-15 4.153981808477593436e-17 7.295040044953724646e+03
4.346963519184668171e-15 4.124974554825227221e-17 7.295790580132494142e+03
4.296460747486575824e-15 4.156882943654266108e-17 7.296541119429213722e+03
4.335063817217280518e-15 4.217354537792638487e-17 7.297291662843301310e+03
4.434832530397132953e-15 4.285699257163547953e-17 7.298042210374173010e+03
4.457247122675385597e-15 4.385969425531531651e-17 7.298792762021244926e+03
4.632398064589955278e-15 4.756870366844709845e-17 7.299543317783934981e+03
4.462810346242727661e-15 4.603733093917179176e-17 7.300293877661659280e+03
4.392876704860405051e-15 4.513312470072512752e-17 7.301044441653837566e+03
4.421045895927450625e-15 4.469835784914159453e-17 7.301795009759885033e+03
4.490858171677672166e-15 4.441537095737745596e-17 7.302545581979217786e+03
4.433286312775009705e-15 4.396156525703823314e-17 7.303296158311251929e+03
4.541071880210636813e-15 4.378865006393731969e-17 7.304046738755408114e+03
4.584263910406128622e-15 4.354382343073645120e-17 7.304797323311100627e+03
4.572807261814312978e-15 4.337574491383839695e-17 7.305547911977749209e+03
4.439264716252497550e-15 4.329310952022148825e-17 7.306298504754766327e+03
4.381169265004633265e-15 4.326323538317107416e-17 7.307049101641570815e+03
4.272039878154238160e-15 4.353847002344770006e-17 7.307799702637581504e+03
3.929387326157592859e-15 4.437902154220997068e-17 7.308550307742214500e+03
3.942929509059372952e-15 4.617031346280584344e-17 7.309300916954887725e+03
3.792887817977316844e-15 4.819957831683671847e-17 7.310051530275012738e+03
4.064628810149677048e-15 4.987155279154120577e-17 7.310802147702014736e+03
4.535453451187049628e-15 5.126617156642475372e-17 7.311552769235304368e+03
4.350644231170796646e-15 5.242323334921812023e-17 7.312303394874301375e+03
4.618216284953368271e-15 5.319839876303460047e-17 7.313054024618422773e+03
4.469959423718411711e-15 5.346096954316815536e-17 7.313804658467082845e+03
4.328641876652245228e-15 5.330397526329698642e-17 7.314555296419702245e+03
4.304033760368786912e-15 5.319900041821364921e-17 7.315305938475697076e+03
4.484553124194155806e-15 5.324634261451156205e-17 7.316056584634481624e+03
4.219770186573857478e-15 5.317652369453892383e-17 7.316807234895477450e+03
4.461998355233124795e-15 5.319154103246864824e-17 7.317557889258096111e+03
4.443225841563756784e-15 5.313316255746420666e-17 7.318308547721760078e+03
4.495933822893987282e-15 5.309152055183806364e-17 7.319059210285883637e+03
4.521455538571349951e-15 5.304178536413148890e-17 7.319809876949881073e+03
4.460318006112740601e-15 5.303919697691006019e-17 7.320560547713175765e+03
4.198714583661896175e-15 5.321685419271351455e-17 7.321311222575178363e+03
4.142359513174667189e-15 5.328964875429129317e-17 7.322061901535309516e+03
4.207420837779304376e-15 5.283355035272139395e-17 7.322812584592985331e+03
4.359697392270704462e-15 5.167471504924618751e-17 7.323563271747622821e+03
4.447404097438905188e-15 5.032851689806111441e-17 7.324313962998638999e+03
4.699369253232436263e-15 4.907168843108387337e-17 7.325064658345450880e+03
4.680345158377824004e-15 4.777410981726234077e-17 7.325815357787474568e+03
4.718680920366366945e-15 4.655404723152744078e-17 7.326566061324128896e+03
4.603609464099860772e-15 4.572338479796871093e-17 7.327316768954828149e+03
4.392698529262716433e-15 4.545124508846768298e-17 7.328067480678992069e+03
4.509016241549429253e-15 4.527100946274331940e-17 7.328818196496034943e+03
4.425552394420018281e-15 4.541424419624935233e-17 7.329568916405376513e+03
4.401946420980495259e-15 4.542279924654848615e-17 7.330319640406433791e+03
4.585032482193388131e-15 4.543899897593437943e-17 7.331070368498621065e+03
4.592779850241461333e-15 4.553469789341235572e-17 7.331821100681356256e+03
4.715823121763575477e-15 4.599886814302716250e-17 7.332571836954057289e+03
4.302294326489125585e-15 4.724669679837620278e-17 7.333322577316140269e+03
3.970475181277218522e-15 4.956110914318554579e-17 7.334073321767024026e+03
4.099886354134906252e-15 5.242140821936418462e-17 7.334824070306121939e+03
4.374794412141295314e-15 5.638800510467634918e-17 7.335574822932854659e+03
4.673999748700541644e-15 5.949664103327288468e-17 7.336325579646638289e+03
4.629930153379610132e-15 5.646646079954610497e-17 7.337076340446888935e+03
4.686127379115972456e-15 5.687099270629426979e-17 7.337827105333022701e+03
4.677372516418777438e-15 5.669883200584070652e-17 7.338577874304458419e+03
4.656418305699299505e-15 5.625963210615994144e-17 7.339328647360611285e+03
4.573454834512781472e-15 5.583507600490923447e-17 7.340079424500901951e+03
4.605594048372328327e-15 5.574105773830167980e-17 7.340830205724741973e+03
4.466523748552419695e-15 5.573708512016537151e-17 7.341580991031552912e+03
4.519387041177887661e-15 5.576481781863169325e-17 7.342331780420750874e+03
4.549274955012489009e-15 5.581968931383467828e-17 7.343082573891750144e+03
4.624051273645569643e-15 5.590862184921402973e-17 7.343833371443971373e+03
4.599518836158942826e-15 5.600526919626822668e-17 7.344584173076827938e+03
4.620872525930962387e-15 5.603257279434251792e-17 7.345334978789738670e+03
4.564403204125750415e-15 5.588546528563686779e-17 7.346085788582122404e+03
4.270365171693820926e-15 5.530208043966396027e-17 7.346836602453391606e+03
4.402034748376177350e-15 5.418586176583053604e-17 7.347587420402969656e+03
4.537951943345497524e-15 5.122451203920861254e-17 7.348338242430265382e+03
4.813425957665485801e-15 4.859349344948126638e-17 7.349089068534703983e+03
4.771788276972603979e-15 4.616407284462773573e-17 7.349839898715696108e+03
4.646463067669882786e-15 4.408069462894179896e-17 7.350590732972662408e+03
4.475254579384262766e-15 4.273945110013247565e-17 7.351341571305018078e+03
4.456979107594434402e-15 4.253972859619602008e-17 7.352092413712181951e+03
4.582444250701207802e-15 4.321102774019774593e-17 7.352843260193569222e+03
4.682683397509121970e-15 4.403556681318387945e-17 7.353594110748595995e+03
4.683832229754630948e-15 4.448851556489907163e-17 7.354344965376682921e+03
5.006020644631189308e-15 4.519321240847639636e-17 7.355095824077243378e+03
4.843663357318196837e-15 4.564479944274395340e-17 7.355846686849698017e+03
4.601689534677347332e-15 4.572647234626989257e-17 7.356597553693458394e+03
4.523534204489787246e-15 4.573105161392953510e-17 7.357348424607946072e+03
4.743797600832383082e-15 4.575875538400566106e-17 7.358099299592576244e+03
4.691867067201791241e-15 4.574004289630602190e-17 7.358850178646767745e+03
4.627110317032569055e-15 4.573647020360669373e-17 7.359601061769933949e+03
4.663833037568771061e-15 4.577777978347661466e-17 7.360351948961495509e+03
4.686848621575984222e-15 4.611956746407835164e-17 7.361102840220868529e+03
4.287370227066914226e-15 4.708077539290348421e-17 7.361853735547467295e+03
4.286930105106049339e-15 4.881397846126133793e-17 7.362604634940712458e+03
4.231682336465492678e-15 5.070254158158963413e-17 7.363355538400019213e+03
4.648116337661575035e-15 5.238821640916135894e-17 7.364106445924805485e+03
4.545495334553551523e-15 5.375886044845740909e-17 7.364857357514485557e+03
4.715934827297081717e-15 5.532409336243747609e-17 7.365608273168480082e+03
4.616245867352985096e-15 5.483804045277039837e-17 7.366359192886204255e+03
4.526112535862168996e-15 5.423799213973162381e-17 7.367110116667075999e+03
4.451656214092094593e-15 5.368943551874628477e-17 7.367861044510509601e+03
4.564978664011532556e-15 5.325365610798061681e-17 7.368611976415924801e+03
4.541686040119807235e-15 5.354699695049188781e-17 7.369362912382735885e+03
4.496171844800122676e-15 5.291000197199238895e-17 7.370113852410364416e+03
4.458787114248347838e-15 5.255435024287971970e-17 7.370864796498223768e+03
4.495576503638402621e-15 5.244493466010592416e-17 7.371615744645730956e+03
4.420093196494238062e-15 5.238145275929301187e-17 7.372366696852304813e+03
4.525329533208779887e-15 5.239107056539075254e-17 7.373117653117360533e+03
4.468260408417454779e-15 5.231956587399144324e-17 7.373868613440316039e+03
4.537267790810721888e-15 5.213167679022617449e-17 7.374619577820588347e+03
4.411469561999629032e-15 5.152591090078476697e-17 7.375370546257594469e+03
4.437902473875877292e-15 5.012646093424676524e-17 7.376121518750752330e+03
4.603377226573165327e-15 4.819576237310536737e-17 7.376872495299475304e+03
4.682843793065955527e-15 4.611918824922557768e-17 7.377623475903184953e+03
4.792348038097346600e-15 4.425729542792584138e-17 7.378374460561293745e+03
4.661326505444210133e-15 4.255205143174129110e-17 7.379125449273223239e+03
4.615607501058603737e-15 4.082191518606137136e-17 7.379876442038386813e+03
4.492559611903703441e-15 4.004870232096335034e-17 7.380627438856204208e+03
4.574700993277382372e-15 3.973856419186624209e-17 7.381378439726090619e+03
4.569101688075404734e-15 3.966782778948794336e-17 7.382129444647463970e+03
4.684379212834149202e-15 3.964486729269815213e-17 7.382880453619740365e+03
4.636976132354009624e-15 3.962486961168258014e-17 7.383631466642336818e+03
4.570962795317463579e-15 3.986133638352335671e-17 7.384382483714672162e+03
4.500185150513548005e-15 4.032907263272172520e-17 7.385133504836161592e+03
4.680693032055858476e-15 4.111197854479081366e-17 7.385884530006220302e+03
4.567293532265609570e-15 4.175289782591750972e-17 7.386635559224268945e+03
4.478753543396809625e-15 4.232323900963651922e-17 7.387386592489723625e+03
4.604220981294898926e-15 4.286746115055613436e-17 7.388137629802000447e+03
4.774368560094024900e-15 4.326604520896051041e-17 7.388888671160517333e+03
4.635624975611875296e-15 4.348577899288192277e-17 7.389639716564688570e+03
4.539508171933052978e-15 4.354135937195597340e-17 7.390390766013933899e+03
4.536365332193950017e-15 4.348892638650799281e-17 7.391141819507671244e+03
4.593498906865250956e-15 4.351969297166092382e-17 7.391892877045314890e+03
4.657273384900505141e-15 4.357860794405096406e-17 7.392643938626283671e+03
4.721441988379611954e-15 4.371040276401223995e-17 7.393395004249993690e+03
4.483810236828770225e-15 4.424721855398426086e-17 7.394146073915859233e+03
4.387419187990933736e-15 4.529127617671500980e-17 7.394897147623303681e+03
4.445028406778059212e-15 4.667693626989216125e-17 7.395648225371738590e+03
4.578750074051403921e-15 4.790358134431737015e-17 7.396399307160583703e+03
4.457868703038784736e-15 4.895516384573631977e-17 7.397150392989253305e+03
4.678818105817076207e-15 4.975004166664880608e-17 7.397901482857167139e+03
4.731972055060825791e-15 5.013991793437883952e-17 7.398652576763743127e+03
4.571651591434466795e-15 5.001914063491723678e-17 7.399403674708393737e+03
4.486551777129599413e-15 4.967578482381787151e-17 7.400154776690540530e+03
4.695107466680531239e-15 4.879281532742256592e-17 7.400905882709596881e+03
4.626041292545257632e-15 4.812902307862002229e-17 7.401656992764982533e+03
4.502597295383792596e-15 4.767864030027315242e-17 7.402408106856113591e+03
4.627813366569983815e-15 4.736477410594338753e-17 7.403159224982407068e+03
4.594208769511326293e-15 4.725695808550145289e-17 7.403910347143277249e+03
4.556314649648168852e-15 4.725964380158177712e-17 7.404661473338146607e+03
4.507205886671931602e-15 4.700074501898018540e-17 7.405412603566427606e+03
4.604764446196745670e-15 4.706534019362685902e-17 7.406163737827540899e+03
4.546012012523331271e-15 4.709911367059494053e-17 7.406914876120898953e+03
4.381741420285479120e-15 4.681160708325505437e-17 7.407666018445921509e+03
4.435328059942851549e-15 4.605116091912233089e-17 7.408417164802025582e+03
4.409014582269064710e-15 4.482960648814919046e-17 7.409168315188628185e+03
4.431889146414319997e-15 4.352420207829398306e-17 7.409919469605145423e+03
4.685080268252292023e-15 4.225932268023573522e-17 7.410670628050994310e+03
4.559781667520635228e-15 4.109643098479001126e-17 7.411421790525593678e+03
4.567016013591722884e-15 4.012699655290773161e-17 7.412172957028358724e+03
4.604061463603366580e-15 3.949451114946111047e-17 7.412924127558705550e+03
4.648372865083058094e-15 3.931102239296865162e-17 7.413675302116054809e+03
4.748250574099351677e-15 3.933670726113405478e-17 7.414426480699819876e+03
4.601926886568239688e-15 3.927048226884322050e-17 7.415177663309418676e+03
4.498759524800910287e-15 3.928869833617248058e-17 7.415928849944270041e+03
4.567834281166310272e-15 3.933287803348802021e-17 7.416680040603787347e+03
4.556472285811086318e-15 3.943956214433802246e-17 7.417431235287391246e+03
4.584903572049199678e-15 3.944011462536191705e-17 7.418182433994496023e+03
4.694626069791240821e-15 3.945513715428259409e-17 7.418933636724520511e+03
4.363595293565406949e-15 3.937465252108043395e-17 7.419684843476879905e+03
4.549714753731574240e-15 3.931494238817713812e-17 7.420436054250994857e+03
4.644386576188983330e-15 3.930119715327225498e-17 7.421187269046277834e+03
4.606482765009275581e-15 3.947404271898265632e-17 7.421938487862148577e+03
4.526962376676839096e-15 3.958338244487869716e-17 7.422689710698021372e+03
4.508306054078770607e-15 3.991021745029461585e-17 7.423440937553317781e+03
4.541371329239544824e-15 4.024682032545761360e-17 7.424192168427451179e+03
4.759567690787178040e-15 4.055292637701227339e-17 7.424943403319839490e+03
4.801825719598346887e-15 4.083940830994073261e-17 7.425694642229898818e+03
4.722671127485151346e-15 4.111301288307737986e-17 7.426445885157048906e+03
4.496939004492192330e-15 4.121420222074211497e-17 7.427197132100704039e+03
4.552387751526329312e-15 4.128077572025115607e-17 7.427948383060281230e+03
4.602087318550730277e-15 4.131297791511900763e-17 7.428699638035199314e+03
4.652152239154322239e-15 4.170646487083052798e-17 7.429450897024875303e+03
4.415758059838049365e-15 4.236598023648004589e-17 7.430202160028723483e+03
4.406260555721813085e-15 4.185293859881880662e-17 7.430953427046163597e+03
4.546806413657126099e-15 4.232483705224125068e-17 7.431704698076609930e+03
4.311920981550708732e-15 4.303694762755631245e-17 7.432455973119483133e+03
4.471467053135831554e-15 4.368835256173400670e-17 7.433207252174197492e+03
4.622546628116080211e-15 4.427460706458484483e-17 7.433958535240170022e+03
4.561488181336017419e-15 4.480997181542521832e-17 7.434709822316819555e+03
4.511338785247781880e-15 4.511556850948967438e-17 7.435461113403560375e+03
4.549983113230444633e-15 4.506384377393041330e-17 7.436212408499814046e+03
4.444964174822122505e-15 4.471614458132088149e-17 7.436963707604991214e+03
4.476294488209938123e-15 4.441652591193693702e-17 7.437715010718514350e+03
4.338562530157480674e-15 4.409863650919521112e-17 7.438466317839798648e+03
4.484527804439976523e-15 4.376548307665272448e-17 7.439217628968259305e+03
4.463845559177077027e-15 4.340862071749114433e-17 7.439968944103315152e+03
4.453200363589634830e-15 4.327347058500820570e-17 7.440720263244383204e+03
4.401269091379489734e-15 4.313851765641616497e-17 7.441471586390878656e+03
4.526014741412290078e-15 4.310844325074488673e-17 7.442222913542222159e+03
4.341360969476064449e-15 4.305620153528181224e-17 7.442974244697827089e+03
4.565048892238067511e-15 4.299221710287557339e-17 7.443725579857113189e+03
4.457446896964671150e-15 4.301070664298689637e-17 7.444476919019494744e+03
4.629143603350275956e-15 4.496805283189532207e-17 7.445228262184389678e+03
4.714465072749362055e-15 3.856960003495154404e-17 7.451239151524088811e+03
4.645821897412727016e-15 3.852502421481057327e-17 7.451990530685372505e+03
4.560277169080222635e-15 3.849540823366311004e-17 7.452741913843339717e+03
4.721515236745820499e-15 3.852575231084713055e-17 7.453493300997408369e+03
4.621844495182824192e-15 3.856415286279460595e-17 7.454244692146996385e+03
4.546389337858116647e-15 3.868195788796416543e-17 7.454996087291518052e+03
4.445445951646594520e-15 3.881465690022806340e-17 7.455747486430389472e+03
4.444075649047581624e-15 3.881052791588477575e-17 7.456498889563030389e+03
4.606105205914718429e-15 3.894912030166104620e-17 7.457250296688856906e+03
4.547109525381577474e-15 3.910758313181636813e-17 7.458001707807287858e+03
4.413238329143615171e-15 3.935788934551338193e-17 7.458753122917737528e+03
4.550661709534734730e-15 3.971413140175085908e-17 7.459504542019623841e+03
4.528858239460739729e-15 4.009378478589597470e-17 7.460255965112363810e+03
4.456957661360327696e-15 4.043147163246624754e-17 7.461007392195374450e+03
4.374229921412373507e-15 4.069382592106427702e-17 7.461758823268071865e+03
4.337633935456436815e-15 4.098363796386698853e-17 7.462510258329873068e+03
4.442029686281806062e-15 4.122943156419916715e-17 7.463261697380199621e+03
4.574596132069470612e-15 4.159842829385212690e-17 7.464013140418461262e+03
4.552567996080543117e-15 4.193773341305173840e-17 7.464764587444080462e+03
4.407481196935344964e-15 4.232158642921825913e-17 7.465516038456471506e+03
4.464379455352300822e-15 4.285147170546021678e-17 7.466267493455052318e+03
4.333726070831487235e-15 4.355177049184657344e-17 7.467018952439240820e+03
4.520515731694307091e-15 4.425837730941420627e-17 7.467770415408451299e+03
4.345641355933679102e-15 4.475415567851238313e-17 7.468521882362103497e+03
4.357309490946762351e-15 4.509041920210119042e-17 7.469273353299611699e+03
4.503573816770471330e-15 4.529863895330102568e-17 7.470024828220395648e+03
4.469853790746019404e-15 4.539773026189797247e-17 7.470776307123869628e+03
4.420548489627778241e-15 4.549829320371604680e-17 7.471527790009453383e+03
4.523397182380127275e-15 4.564175443697723200e-17 7.472279276876563927e+03
4.456534565461102439e-15 4.584881963420442024e-17 7.473030767724618272e+03
4.543817848399097647e-15 4.613570677828645932e-17 7.473782262553027977e+03
4.450632789042934025e-15 4.634266266201733099e-17 7.474533761361215511e+03
4.489420780031810960e-15 4.665349318678997434e-17 7.475285264148598799e+03
4.356371432168562028e-15 4.703296349769189250e-17 7.476036770914589397e+03
4.480239909895311474e-15 4.767304876983884660e-17 7.476788281658611595e+03
4.338857990903701728e-15 4.819053123082824254e-17 7.477539796380075131e+03
4.518399324451963677e-15 4.847220795959128036e-17 7.478291315078401567e+03
4.501380620842951989e-15 4.866995082755164875e-17 7.479042837753007916e+03
4.482873821575208808e-15 4.878908679814942130e-17 7.479794364403305735e+03
4.607889170206764555e-15 4.860212430900141594e-17 7.480545895028720224e+03
4.652026145772976289e-15 4.823416275036336706e-17 7.481297429628662030e+03
4.545024865068252005e-15 4.770726884243893178e-17 7.482048968202550896e+03
4.567409753290567453e-15 4.715289125608804299e-17 7.482800510749803834e+03
4.439260089663995210e-15 4.684658048638788103e-17 7.483552057269835132e+03
4.439951117363023860e-15 4.656160466623793015e-17 7.484303607762067259e+03
4.570509920852748586e-15 4.630680596770893810e-17 7.485055162225911772e+03
4.426844577766585612e-15 4.605132337635951398e-17 7.485806720660787505e+03
4.539982302513605528e-15 4.571730670148209798e-17 7.486558283066112381e+03
4.499958130025624765e-15 4.536481637407065735e-17 7.487309849441303413e+03
4.390210418772950452e-15 4.493680543201308520e-17 7.488061419785775797e+03
4.427352654537064041e-15 4.461467147276645196e-17 7.488812994098949275e+03
4.274425452275879045e-15 4.410122467840732356e-17 7.489564572380238133e+03
4.445944545524956749e-15 4.344690942248268819e-17 7.490316154629060293e+03
4.566570106686728534e-15 4.264327982005629998e-17 7.491067740844833679e+03
4.402301151431389251e-15 4.194004240089373615e-17 7.491819331026972577e+03
4.505263583769972884e-15 4.133771841977987424e-17 7.492570925174899457e+03
4.424401531935340453e-15 4.084906022737123748e-17 7.493322523288024968e+03
4.617094857307972090e-15 4.044866732530051793e-17 7.494074125365770669e+03
4.591658547104544831e-15 4.027645416430769096e-17 7.494825731407550848e+03
4.418315749328297909e-15 4.025141870150745476e-17 7.495577341412783426e+03
4.410480976857365560e-15 4.026027608712372817e-17 7.496328955380885418e+03
4.619235698864804388e-15 4.031334616368696011e-17 7.497080573311273838e+03
4.457009741964814543e-15 4.036826021420691026e-17 7.497832195203366609e+03
4.621962483532349741e-15 4.035617442432875068e-17 7.498583821056579836e+03
4.340702773647916866e-15 4.027588443585098582e-17 7.499335450870329623e+03
4.548962050578737638e-15 4.013539528857566751e-17 7.500087084644034803e+03
4.604552109155173222e-15 3.994297640520627117e-17 7.500838722377110571e+03
4.581378650671034031e-15 3.968464214546732855e-17 7.501590364068975759e+03
4.681269892997716858e-15 3.949700983167802766e-17 7.502342009719045564e+03
4.631824353113564968e-15 3.924049606556184360e-17 7.503093659326737907e+03
4.430667913828486583e-15 3.901299097575052989e-17 7.503845312891469803e+03
4.533769327119838495e-15 3.882655129179998199e-17 7.504596970412658266e+03
4.433709341194419165e-15 3.872550678665955140e-17 7.505348631889721219e+03
4.556726372732275808e-15 3.868979631061438899e-17 7.506100297322072947e+03
4.594454940581481442e-15 3.870018158472811295e-17 7.506851966709133194e+03
4.617620300193353975e-15 3.868274446001075070e-17 7.507603640050318063e+03
4.487351150473100815e-15 3.845568029467902347e-17 7.508355317345042749e+03
4.390788224915666061e-15 3.854086732961004198e-17 7.509106998592727905e+03
4.433738867094986136e-15 3.867189127333186775e-17 7.509858683792787815e+03
4.420051094884302807e-15 3.883375523492077709e-17 7.510610372944638584e+03
4.525885387627083430e-15 3.981012084472474657e-17 7.511362066047700864e+03
4.439005223426869750e-15 3.898995892691683784e-17 7.512113763101388031e+03
4.374627689062727017e-15 3.912439802706756390e-17 7.512865464105119827e+03
4.432045912254334762e-15 3.928745505911641841e-17 7.513617169058310537e+03
4.481145333889306629e-15 3.943549572701775738e-17 7.514368877960380814e+03
4.410443998222489703e-15 3.973701670193506675e-17 7.515120590810744034e+03
4.225610421257921120e-15 4.032917689117993222e-17 7.515872307608819938e+03
4.231905994537254688e-15 4.169489436405980517e-17 7.516624028354023721e+03
4.114964377579431701e-15 4.390223521463130944e-17 7.517375753045773308e+03
4.101944403031839912e-15 4.603909881922502243e-17 7.518127481683484802e+03
4.230400482885621030e-15 4.792786977180666026e-17 7.518879214266574309e+03
4.458548521535197585e-15 4.965729441348064984e-17 7.519630950794462478e+03
4.466187570311541433e-15 5.104125861143057408e-17 7.520382691266563597e+03
4.373648847304234101e-15 5.204643111637048597e-17 7.521134435682293770e+03
4.462878076222692600e-15 5.252387495111068407e-17 7.521886184041073648e+03
4.423241700533860982e-15 5.273596758494804912e-17 7.522637936342316607e+03
4.409220730935883430e-15 5.302091171833267310e-17 7.523389692585440571e+03
4.147351007295633798e-15 5.351539385907447452e-17 7.524141452769863463e+03
4.535511165735380870e-15 5.388639640502478266e-17 7.524893216895003206e+03
4.467253991234179430e-15 5.414697008649305089e-17 7.525644984960272268e+03
4.383894096442894023e-15 5.437493714664241744e-17 7.526396756965092209e+03
4.455079459261831203e-15 5.455549507484641702e-17 7.527148532908880043e+03
4.433120272396173373e-15 5.468690667894656561e-17 7.527900312791049146e+03
4.314532697337998960e-15 5.457525468450894299e-17 7.528652096611020170e+03
4.572110704412386907e-15 5.423809111681991630e-17 7.529403884368207400e+03
4.374269414221470104e-15 5.348795749515451347e-17 7.530155676062029670e+03
4.265413273537739249e-15 5.197196222480981859e-17 7.530907471691903083e+03
4.421611474261381062e-15 5.022160460444548841e-17 7.531659271257245564e+03
4.334394376856683352e-15 4.841685234023217277e-17 7.532411074757473216e+03
4.480310948489706323e-15 4.680250119166412139e-17 7.533162882192002144e+03
4.396865241366468077e-15 4.511023442520229653e-17 7.533914693560251180e+03
4.665879661735806442e-15 4.418526173688442011e-17 7.534666508861638249e+03
4.562801853930307345e-15 4.363489995715284003e-17 7.535418328095576726e+03
4.424744385621400911e-15 4.345042157036751347e-17 7.536170151261486353e+03
4.539603300615273685e-15 4.312690947059351075e-17 7.536921978358785054e+03
4.503551766431967985e-15 4.269744924292508556e-17 7.537673809386886205e+03
4.597824284643899759e-15 4.209084474414845819e-17 7.538425644345208639e+03
4.541129977120965843e-15 4.150275879781150254e-17 7.539177483233170278e+03
4.524329343426002419e-15 4.099752805631030838e-17 7.539929326050188138e+03
4.577300677132753620e-15 4.051875522385140373e-17 7.540681172795677412e+03
4.396517489606053470e-15 4.021482729876881613e-17 7.541433023469056025e+03
4.520767077805490752e-15 4.002917615696599192e-17 7.542184878069740989e+03
4.420124351451281343e-15 3.996885671395003570e-17 7.542936736597150229e+03
4.456828331183415791e-15 3.997445526167032511e-17 7.543688599050698940e+03
4.558521474625460969e-15 3.993334798765748963e-17 7.544440465429805045e+03
4.422728452860047029e-15 3.990380549127368987e-17 7.545192335733886466e+03
4.531364961393306868e-15 3.985632120113984019e-17 7.545944209962359309e+03
4.483593774154444510e-15 3.980422698675989447e-17 7.546696088114639679e+03
4.397644741900104155e-15 3.967889488417306951e-17 7.547447970190146407e+03
4.395224245216720286e-15 3.961330339606050908e-17 7.548199856188294689e+03
4.420175346762164611e-15 3.944942482829064117e-17 7.548951746108502448e+03
4.370021393263869897e-15 3.952440928418262289e-17 7.549703639950188517e+03
4.596590861303617747e-15 3.966102526227683801e-17 7.550455537712765363e+03
4.496959573796149040e-15 4.008792346181976773e-17 7.551207439395653637e+03
4.368520814804624483e-15 4.052211546131266694e-17 7.551959344998269444e+03
4.595740501828527432e-15 4.086016976329479741e-17 7.552711254520028888e+03
4.469205071594107242e-15 4.116485870196836119e-17 7.553463167960353530e+03
4.517289340014777540e-15 4.146343854690492804e-17 7.554215085318652200e+03
4.512586008370589811e-15 4.169488154626366037e-17 7.554967006594347367e+03
4.477442348548356316e-15 4.171046962429306164e-17 7.555718931786856047e+03
4.488378285367757575e-15 4.170155391285936849e-17 7.556470860895594342e+03
4.576566401505342236e-15 4.174540449408966137e-17 7.557222793919978358e+03
4.584227599588675680e-15 4.175503502951776368e-17 7.557974730859426018e+03
4.399334372371818030e-15 4.180871948777236067e-17 7.558726671713355245e+03
4.509948590406399944e-15 4.158959936736512017e-17 7.559478616481181234e+03
4.481241703286223261e-15 4.228885436497480020e-17 7.560230565162321000e+03
4.535175681432052782e-15 4.198164815828398821e-17 7.560982517756191555e+03
4.447261828954594503e-15 4.194101426707763380e-17 7.561734474262211734e+03
4.434844763035892567e-15 4.377760373441138716e-17 7.562486434679797640e+03
4.588678356858219201e-15 4.351709106004436108e-17 7.563238399008365377e+03
4.167126852119713534e-15 4.249498402929514714e-17 7.563990367247333779e+03
4.190802037774145146e-15 4.325696387628904799e-17 7.564742339396116222e+03
4.014976442319082505e-15 4.432379710617234064e-17 7.565494315454134266e+03
4.263269404826891239e-15 4.543652590704705555e-17 7.566246295420803108e+03
4.540377368159432410e-15 4.638989153889511383e-17 7.566998279295537941e+03
4.354641819503584587e-15 4.735911122883610728e-17 7.567750267077758508e+03
4.487681256087799898e-15 4.811799233739918656e-17 7.568502258766879095e+03
4.344449316570805814e-15 4.878049975621584635e-17 7.569254254362318534e+03
4.486438944055509243e-15 4.886402615733889088e-17 7.570006253863496568e+03
4.416098180988597769e-15 4.892144608961981407e-17 7.570758257269823844e+03
4.316133029868837314e-15 4.892163008982349687e-17 7.571510264580721923e+03
4.261227520928957548e-15 4.896239163614616740e-17 7.572262275795605092e+03
4.430657331057966390e-15 4.896571854791703146e-17 7.573014290913892182e+03
4.463460075112442797e-15 4.891123142288130439e-17 7.573766309935001118e+03
4.341128084849759023e-15 4.895372573861629599e-17 7.574518332858347094e+03
4.312832586644441931e-15 4.946435718212646291e-17 7.575270359683347124e+03
4.329562738491171374e-15 4.884554552970036613e-17 7.576022390409418222e+03
4.266896680470159304e-15 4.869480452564940792e-17 7.576774425035979220e+03
4.322965279327842563e-15 4.838307719161851080e-17 7.577526463562443496e+03
4.127120201886391113e-15 4.769054015705969743e-17 7.578278505988232610e+03
4.294563279757095838e-15 4.667818302710053295e-17 7.579030552312759937e+03
4.409109561112422117e-15 4.622614663929995268e-17 7.579782602535446131e+03
4.543681987443227005e-15 4.491603083265510197e-17 7.580534656655702747e+03
4.602760837194210020e-15 4.389399401275666725e-17 7.581286714672952257e+03
4.520274704236050067e-15 4.309284907346736640e-17 7.582038776586607128e+03
4.559758575370147759e-15 4.270115431209721540e-17 7.582790842396088010e+03
4.297775367563787924e-15 4.248392915162033151e-17 7.583542912100810099e+03
4.541710945557566911e-15 4.247317976745811901e-17 7.584294985700191319e+03
4.491443405833691523e-15 4.214607887217048956e-17 7.585047063193646864e+03
4.436965433269688063e-15 4.218158869133260503e-17 7.585799144580597385e+03
4.353802768062844920e-15 4.214524074756359796e-17 7.586551229860455351e+03
4.463635135055752133e-15 4.210982365400982373e-17 7.587303319032641411e+03
4.333497788623975245e-15 4.192912956410462136e-17 7.588055412096569853e+03
4.219082273490054261e-15 4.182901840251514473e-17 7.588807509051659508e+03
4.102500143103151490e-15 4.169759582745218411e-17 7.589559609897326482e+03
4.077184179450517907e-15 4.148081529976789511e-17 7.590311714632986877e+03
3.806510739187065688e-15 4.150023533295511733e-17 7.591063823258060438e+03
3.640080740667054905e-15 4.161753377795875189e-17 7.591815935771962359e+03
3.536629776305676503e-15 4.155924136766896264e-17 7.592568052174110562e+03
3.149938047930906611e-15 4.124194295173328502e-17 7.593320172463920244e+03
3.152063955653203122e-15 4.084001771086437334e-17 7.594072296640810237e+03
2.414458153679564511e-15 3.865063883617110293e-17 7.597080832207505409e+03
2.218223519722291910e-15 3.808445977042100213e-17 7.597832975811049437e+03
2.092391991433041272e-15 3.765875731133722172e-17 7.598585123298174040e+03
1.780406592791123097e-15 3.720088752442929632e-17 7.599337274668296232e+03
1.664464381914610020e-15 3.686179175840956960e-17 7.600089429920835755e+03
1.570357035945662475e-15 3.650943615636342818e-17 7.600841589055207805e+03
1.419992374169392371e-15 3.617771679871949369e-17 7.601593752070828486e+03
1.227275092885824564e-15 3.591145394040705256e-17 7.602345918967116631e+03
1.151762643009474891e-15 3.575559151211679080e-17 7.603098089743489254e+03
1.065954876674379956e-15 3.558040198168150462e-17 7.603850264399361549e+03
9.642935805404786644e-16 3.526902251058881355e-17 7.604602442934151441e+03
1.169091085313995861e-15 3.467681508704225039e-17 7.605354625347275942e+03
9.685672766551962111e-16 3.405836410277121137e-17 7.606106811638152067e+03
1.077175732832518935e-15 3.351650840647498843e-17 7.606859001806197739e+03
1.082098256369942840e-15 3.305434627015250182e-17 7.607611195850829063e+03
1.202092366560525573e-15 3.273659263353952668e-17 7.608363393771463052e+03
1.042617374824421698e-15 3.250692138461594261e-17 7.609115595567516721e+03
1.210445403747264838e-15 3.260024256995752410e-17 7.609867801238406173e+03
1.132884894330994959e-15 3.285505919384757924e-17 7.610620010783549333e+03
1.407549101652507332e-15 3.363484733090892207e-17 7.611372224202365942e+03
1.541315627431595076e-15 3.451052564629841536e-17 7.612124441494268467e+03
1.787739401782390437e-15 3.528288333882678385e-17 7.612876662658674832e+03
1.947464595214569236e-15 3.603124190127063500e-17 7.613628887695003868e+03
2.060328566826483531e-15 3.672086832611692578e-17 7.614381116602671682e+03
2.185741445235661576e-15 3.737776240695153797e-17 7.615133349381095286e+03
2.273125858493938981e-15 3.781012035654434899e-17 7.615885586029691694e+03
2.305968173141478231e-15 3.814773656586538730e-17 7.616637826547877921e+03
2.523124960680116193e-15 3.837129088343952569e-17 7.617390070935070980e+03
2.528288056103248269e-15 3.855823174054387480e-17 7.618142319190686976e+03
2.583449356181137689e-15 3.872876205983486548e-17 7.618894571314145651e+03
2.567319088582903523e-15 3.891125157716168539e-17 7.619646827304861290e+03
2.539630307994421487e-15 3.906364221685565053e-17 7.620399087162251817e+03
2.578778948227972932e-15 3.935039845339632076e-17 7.621151350885733336e+03
2.600787310505469227e-15 3.983288309652935364e-17 7.621903618474723771e+03
2.569880386181629810e-15 4.040086223897785134e-17 7.622655889928641045e+03
2.621915558606554741e-15 4.087480756703816637e-17 7.623408165246901262e+03
2.439925061227763284e-15 4.095865421121072044e-17 7.626417305151709115e+03
2.230943472910210516e-15 4.015329009004465959e-17 7.627169599782937439e+03
2.246591887696818570e-15 3.970165299191469208e-17 7.627921898275011699e+03
2.152042404191698130e-15 3.922920512712412740e-17 7.628674200627347091e+03
2.155711273358188610e-15 3.884621609483308983e-17 7.629426506839361537e+03
2.060165141279958959e-15 3.862945910056705968e-17 7.630178816910472051e+03
2.013644205683424666e-15 3.852762803722381315e-17 7.630931130840097467e+03
2.041506463521017307e-15 3.846625057985129294e-17 7.631683448627649341e+03
2.140501238298898122e-15 3.837446212454864641e-17 7.632435770272550144e+03
2.071006655272903977e-15 3.832966718150185607e-17 7.633188095774215981e+03
2.062220350314132840e-15 3.828210847569317438e-17 7.633940425132061137e+03
2.175997565838439139e-15 3.820265758697079859e-17 7.634692758345503535e+03
2.002864381918055307e-15 3.799997869569152310e-17 7.635445095413962918e+03
2.147990788851503993e-15 3.740862205227444555e-17 7.636197436336853571e+03
2.139463201621577818e-15 3.691211222162233286e-17 7.636949781113591598e+03
2.341196453946879475e-15 3.653149569201621846e-17 7.637702129743597652e+03
2.315719686610490447e-15 3.622318281450068682e-17 7.638454482226286018e+03
2.409910327191241505e-15 3.596582324601034051e-17 7.639206838561074619e+03
2.266969979592225017e-15 3.595261828049093768e-17 7.639959198747378650e+03
2.339760095202659513e-15 3.784004562235918949e-17 7.640711562784617854e+03
2.446547895870457394e-15 3.606016181079121751e-17 7.641463930672209244e+03
2.393862125454645215e-15 3.604817746081533436e-17 7.642216302409568016e+03
2.621536204260727176e-15 3.616512976934670352e-17 7.642968677996110273e+03
2.546602152244985341e-15 3.619253913154963724e-17 7.643721057431257577e+03
2.485739394661603667e-15 3.637051663097929499e-17 7.644473440714420576e+03
2.645854741086148783e-15 3.649174255066410147e-17 7.645225827845021740e+03
2.589277644674186020e-15 3.670888287223640618e-17 7.645978218822474446e+03
2.627291507736386771e-15 3.699858994143703559e-17 7.646730613646199345e+03
2.694508224188235308e-15 3.731885436226025227e-17 7.647483012315610722e+03
2.733987667790385719e-15 3.754488813554417703e-17 7.648235414830125592e+03
2.839585064989866451e-15 3.775987455870851671e-17 7.648987821189160968e+03
3.030598260827580859e-15 3.794571459537316297e-17 7.649740231392136593e+03
2.831942544798505557e-15 3.815595747111333821e-17 7.650492645438464024e+03
2.934159581300669928e-15 3.826580736891262949e-17 7.651245063327567550e+03
3.163125097319858368e-15 3.834879711877216782e-17 7.651997485058856910e+03
3.114620228911394504e-15 3.842343312417073638e-17 7.652749910631755483e+03
3.098883792042131804e-15 3.852696855441883534e-17 7.653502340045674828e+03
2.965590981427628358e-15 3.866209998850751086e-17 7.654254773300034685e+03
3.000354116233369018e-15 3.903350371805549716e-17 7.655007210394251160e+03
3.145477141896022953e-15 3.952884919752451629e-17 7.655759651327743086e+03
3.173935800736332655e-15 4.034087502428176950e-17 7.656512096099926566e+03
3.200901991257817457e-15 5.160086079832982654e-17 7.657264544710217706e+03
3.453727993551460258e-15 5.253508954074067670e-17 7.658016997158035338e+03
3.544835168446224371e-15 4.191044775979859945e-17 7.658769453442791928e+03
3.474045025527840860e-15 4.173661368218239302e-17 7.659521913563909948e+03
3.408713343089143328e-15 4.176460726205695347e-17 7.660274377520803682e+03
3.494358424676494192e-15 4.171808354705546466e-17 7.661026845312891965e+03
3.430385598254428427e-15 4.150574784404820856e-17 7.661779316939589989e+03
3.415645484746866586e-15 4.126342860751500937e-17 7.662531792400313861e+03
3.664467396579311996e-15 4.122684792191201305e-17 7.663284271694483323e+03
3.769185274292372126e-15 4.119388586674024941e-17 7.664036754821512659e+03
3.726964245098939866e-15 4.118731831109936207e-17 7.664789241780821612e+03
3.821313055699691231e-15 4.120910930318409576e-17 7.665541732571824468e+03
3.779386320966450789e-15 4.126969409967110385e-17 7.666294227193940969e+03
3.614563016987712108e-15 4.137756190212897737e-17 7.667046725646589039e+03
3.690247433843507854e-15 4.142329420194645077e-17 7.667799227929179324e+03
3.710082283681580035e-15 4.130195823624226141e-17 7.668551734041134296e+03
3.898051228239235718e-15 4.096867126843757952e-17 7.669304243981871878e+03
3.803599301224620418e-15 4.057315577342323429e-17 7.670056757750804536e+03
3.888855352022300049e-15 4.013138724061051775e-17 7.670809275347352013e+03
3.850151014820060305e-15 3.969873779224628805e-17 7.671561796770930414e+03
3.856381412785748201e-15 3.931152562392568926e-17 7.672314322020958571e+03
3.902170990208376701e-15 3.901240740414871839e-17 7.673066851096849859e+03
3.951242869710039347e-15 3.889132197551548978e-17 7.673819383998024932e+03
3.998599845621046486e-15 3.888083119739637684e-17 7.674571920723899893e+03
4.150526377255333488e-15 3.896881356486519782e-17 7.675324461273890847e+03
4.102571896815912422e-15 3.901628379671290463e-17 7.676077005647415717e+03
4.055758399320067129e-15 3.914014572140325662e-17 7.676829553843890608e+03
3.836159388893795845e-15 3.924865880347825307e-17 7.677582105862731623e+03
4.054084975573329601e-15 3.930241209576340447e-17 7.678334661703358506e+03
4.082925658699660869e-15 3.938135586094841476e-17 7.679087221365187361e+03
3.985782865607439591e-15 3.949703614403795204e-17 7.679839784847634292e+03
3.990915547701865745e-15 3.968535155607026842e-17 7.680592352150116312e+03
4.256537132370347222e-15 3.989288058730394750e-17 7.681344923272052256e+03
4.111315349723673825e-15 4.008020710096840112e-17 7.682097498212857317e+03
4.020631841185073080e-15 4.019702452374674774e-17 7.682850076971946692e+03
3.915733049830464790e-15 4.037693660143116007e-17 7.683602659548741940e+03
3.837300073411960915e-15 4.056046551270515944e-17 7.684355245942658257e+03
4.030287385138381919e-15 4.084006791487942990e-17 7.685107836153109929e+03
4.089060017548536860e-15 4.111625342774524771e-17 7.685860430179516698e+03
3.935613390702158238e-15 4.137060021838714138e-17 7.686613028021294667e+03
3.902690471481880961e-15 4.158164464247472416e-17 7.687365629677862671e+03
4.101018068162182151e-15 4.164089555131632626e-17 7.688118235148636813e+03
4.075417419116805468e-15 4.185162795169377449e-17 7.688870844433033199e+03
4.131480921321337742e-15 4.198153924024037089e-17 7.689623457530468841e+03
3.838815751140759432e-15 4.201854882981980519e-17 7.690376074440359844e+03
4.103162854729400670e-15 4.216184867197765418e-17 7.691128695162125950e+03
4.085813364821720008e-15 4.227185152159204644e-17 7.691881319695181446e+03
4.056044820268746229e-15 4.246760557769630344e-17 7.692633948038946983e+03
3.998669614169899835e-15 4.269249910950005855e-17 7.693386580192834117e+03
4.151681692017861367e-15 4.287977642676781306e-17 7.694139216156267139e+03
3.977371976957245770e-15 4.300629599347883601e-17 7.694891855928653968e+03
4.254150641655515917e-15 4.311655031009570325e-17 7.695644499509419802e+03
4.177830177964224778e-15 4.314272798643524960e-17 7.696397146897977109e+03
4.198230904336353624e-15 4.312614576819712062e-17 7.697149798093745630e+03
4.093473849794988393e-15 4.304324167258664338e-17 7.697902453096139652e+03
4.168919437987846187e-15 4.296145602755870519e-17 7.698655111904578007e+03
4.228662511791193793e-15 4.282289774092164650e-17 7.699407774518476799e+03
4.206912509843229574e-15 4.272255250983128718e-17 7.700160440937253043e+03
4.129051683488405248e-15 4.262265918563718613e-17 7.700913111160325570e+03
4.282785509031550513e-15 4.251979892468477748e-17 7.701665785187107758e+03
4.121819171144005042e-15 4.244350457500154147e-17 7.702418463017020258e+03
4.243416810392076114e-15 4.241195126823869990e-17 7.703171144649477355e+03
4.207108657929719837e-15 4.257665885269863099e-17 7.703923830083898793e+03
3.943284523780576867e-15 4.334926135725680293e-17 7.704676519319700674e+03
3.786490687347977823e-15 4.511193026588340980e-17 7.705429212356296375e+03
3.799705669751127360e-15 4.744631747624958283e-17 7.706181909193110187e+03
3.989673833020101224e-15 5.629721631465191494e-17 7.709192734530834059e+03
3.804093751667735541e-15 5.891057957762400079e-17 7.709945450359969982e+03
3.834638572009160674e-15 6.131758923669614792e-17 7.710698169985822460e+03
3.773809016753016822e-15 6.352085288698536984e-17 7.711450893407807598e+03
4.155088371981283066e-15 6.558854765130275697e-17 7.712203620625343319e+03
4.158680723188416262e-15 6.723535127940966670e-17 7.712956351637846637e+03
4.556066660917958492e-15 6.827234715457459202e-17 7.713709086444732748e+03
4.082418703761766075e-15 6.922269499481273576e-17 7.714461825045418664e+03
3.947584345784555450e-15 6.960736712465724912e-17 7.715214567439324128e+03
4.215762080750379595e-15 6.981424483010765580e-17 7.715967313625866154e+03
3.868390336578347842e-15 7.005391807381331453e-17 7.716720063604458119e+03
4.009647988065853035e-15 7.021051836667528283e-17 7.717472817374519764e+03
3.955580192645369552e-15 7.024852072270168307e-17 7.718225574935468103e+03
3.821012198673287949e-15 6.976999115408872508e-17 7.718978336286718331e+03
4.007683474143365529e-15 6.889893734952059336e-17 7.719731101427689282e+03
3.925897797873285190e-15 6.778204583828370954e-17 7.720483870357798878e+03
4.322784721811416671e-15 6.656167805152792047e-17 7.721236643076459586e+03
4.062029927290044544e-15 6.507504635833073689e-17 7.721989419583093877e+03
4.074211888596610974e-15 6.328766410057682736e-17 7.722742199877115127e+03
4.092484120811395347e-15 6.107533479881043110e-17 7.723494983957942168e+03
4.086869415669541149e-15 5.850235315239077596e-17 7.724247771824992014e+03
4.154996636759927069e-15 5.604392671578314592e-17 7.725000563477678952e+03
4.164149861025566169e-15 5.362093963838957530e-17 7.725753358915424542e+03
4.428667260493456889e-15 5.145871675837606598e-17 7.726506158137643069e+03
4.270084703926323329e-15 4.970102037286602174e-17 7.727258961143749730e+03
4.320140756618830032e-15 4.847867164024703670e-17 7.728011767933165174e+03
4.070251714177585596e-15 4.794626304208537798e-17 7.728764578505304598e+03
4.257424235418930591e-15 4.777093153569710362e-17 7.729517392859586835e+03
4.242912057665560779e-15 4.768393432163970978e-17 7.730270210995426169e+03
4.234061694250256051e-15 4.749234093136374059e-17 7.731023032912238705e+03
4.139230590995973874e-15 4.721156225584301677e-17 7.731775858609446004e+03
4.150156531083484880e-15 4.667521776023014360e-17 7.732528688086463262e+03
4.220402800409134027e-15 4.598760435228931948e-17 7.733281521342705673e+03
4.204350118332815595e-15 4.536900272301322643e-17 7.734034358377592980e+03
4.194363558499523382e-15 4.483531589743731450e-17 7.734787199190539468e+03
4.129136629874347567e-15 4.409006758869966092e-17 7.735540043780962151e+03
4.320804889398624736e-15 4.364762129776586172e-17 7.736292892148279861e+03
4.405633609076743922e-15 4.330831336815965954e-17 7.737045744291910523e+03
4.231527574857433897e-15 4.318228771368984147e-17 7.737798600211268422e+03
4.200191535391448400e-15 4.386316014039580980e-17 7.738551459905773299e+03
4.270802929425856150e-15 4.697640232135769810e-17 7.739304323374839441e+03
4.126806493850226098e-15 4.321277307523011564e-17 7.740057190617885681e+03
4.219943743248114082e-15 4.319202227384046715e-17 7.740810061634327212e+03
4.103969326259608552e-15 4.333767427322745699e-17 7.741562936423582869e+03
4.018998483050032384e-15 4.403069698955594167e-17 7.742315814985070574e+03
3.689161373257947346e-15 4.594672819815731813e-17 7.743068697318202794e+03
3.315302570199043000e-15 4.923838783639221843e-17 7.743821583422402000e+03
3.509222002988744188e-15 5.316243154955253423e-17 7.744574473297081568e+03
3.862740060192425380e-15 5.649291080552810690e-17 7.745327366941661239e+03
4.161832120222400042e-15 5.931386830612247873e-17 7.746080264355555300e+03
4.471168994649593331e-15 6.175781912394461250e-17 7.746833165538182584e+03
4.295945209887048526e-15 6.356437584866503478e-17 7.747586070488959194e+03
4.188191388032137236e-15 6.474128157977248802e-17 7.748338979207301236e+03
4.066126993321846154e-15 6.534177046916452862e-17 7.749091891692629360e+03
4.140885701045810364e-15 6.488262894739353468e-17 7.749844807944356944e+03
4.088428456784185185e-15 6.486319430372238621e-17 7.750597727961901910e+03
4.323689028856871949e-15 6.490446019562308575e-17 7.751350651744682182e+03
4.119404182535856370e-15 6.530938020499291011e-17 7.752103579292113864e+03
4.118226686395871692e-15 6.597157916141396413e-17 7.752856510603616698e+03
3.783486751530689989e-15 6.704829234774638088e-17 7.753609445678600423e+03
4.079833135564379590e-15 6.806450635662069487e-17 7.754362384516491147e+03
3.988137772699981922e-15 6.893630507299405558e-17 7.755115327116698609e+03
3.944037064206631371e-15 6.931573228053020833e-17 7.755868273478645278e+03
4.084524597321217215e-15 6.896080038788373965e-17 7.756621223601744532e+03
3.895974931711679838e-15 6.721480006017801763e-17 7.757374177485415203e+03
4.179929707667580597e-15 6.435566539500562202e-17 7.758127135129072485e+03
4.133685379448878468e-15 6.136143773174045123e-17 7.758880096532136122e+03
4.133849377245426327e-15 5.835635927382807410e-17 7.759633061694021308e+03
4.312886156469829757e-15 5.559489092750084443e-17 7.760386030614145966e+03
4.270377156508637615e-15 5.355783684154659963e-17 7.761139003291926201e+03
4.256660819953445254e-15 5.194275263791478018e-17 7.761891979726779027e+03
4.290102802142209695e-15 5.124913566743057477e-17 7.762644959918122368e+03
4.141456795706394013e-15 5.149030131736067319e-17 7.763397943865371417e+03
3.546735666817917841e-15 5.292669390870828938e-17 7.764150931567945008e+03
3.097870143616959161e-15 5.558197567307571992e-17 7.764903923025260156e+03
3.109725694942317044e-15 5.984290851248396152e-17 7.765656918236732963e+03
2.962490656238937630e-15 6.420597586906736105e-17 7.766409917201781354e+03
3.036582918244582536e-15 6.887074705788395230e-17 7.767162919919823253e+03
3.681874092751130382e-15 7.388411877047825218e-17 7.767915926390269306e+03
3.797357302112147003e-15 7.866158256623796689e-17 7.768668936612546531e+03
3.945975286204372421e-15 8.254925692809777493e-17 7.769421950586064668e+03
4.093417591210977026e-15 8.528236915018752973e-17 7.770174968310243457e+03
4.296971329157244753e-15 8.736736439687048719e-17 7.770927989784498095e+03
4.390221466056642408e-15 8.891796053090093217e-17 7.771681015008247414e+03
3.854987139450343488e-15 8.980232883305064709e-17 7.772434043980909337e+03
3.986768710146642271e-15 9.059895737262582040e-17 7.773187076701897240e+03
3.861084156396945715e-15 9.126702792427882402e-17 7.773940113170631776e+03
3.939171988101851673e-15 9.408903754286326731e-17 7.774693153386528138e+03
3.810708960147779818e-15 9.282335907837960658e-17 7.775446197349003342e+03
3.965450074264883954e-15 9.235732155779090717e-17 7.776199245057477128e+03
4.053263561048707020e-15 9.257462597258368780e-17 7.776952296511361055e+03
3.778824440605294676e-15 9.231229275563154394e-17 7.777705351710075774e+03
3.693774619153177563e-15 9.081003036785752260e-17 7.778458410653040119e+03
3.743937826239512931e-15 8.826803061272064012e-17 7.779211473339665645e+03
3.560665623120750636e-15 8.678984737882023304e-17 7.779964539769374824e+03
3.810708098797577480e-15 8.348960109966580317e-17 7.780717609941581941e+03
4.097201119188767189e-15 7.794224399723049242e-17 7.781470683855704920e+03
4.261297693971295858e-15 6.963417110968214087e-17 7.782223761511158955e+03
4.261610287622756803e-15 6.368970220922891224e-17 7.782976842907362879e+03
4.442972133297673767e-15 5.884669187297294922e-17 7.783729928043732798e+03
4.289604820136250525e-15 5.506045728012389892e-17 7.784483016919686634e+03
4.229773606889163545e-15 5.214595560254995078e-17 7.785236109534640491e+03
4.034964395370279075e-15 5.070113613054800874e-17 7.785989205888014112e+03
3.683655969329906366e-15 5.106959321166608586e-17 7.786742305979219964e+03
3.557920052378439324e-15 5.285661916589191513e-17 7.787495409807677788e+03
3.697270792429349302e-15 5.507589329004681546e-17 7.788248517372803690e+03
4.170359348318599291e-15 5.662616600272068534e-17 7.789001628674015592e+03
4.404024115531748427e-15 5.819808108762697449e-17 7.789754743710730509e+03
4.507804763567661639e-15 5.916951512523234328e-17 7.790507862482364544e+03
4.231529434093942424e-15 6.018585167532217698e-17 7.791260984988333803e+03
4.062259322435406875e-15 6.060105466253225263e-17 7.792014111228059846e+03
4.004066645965281968e-15 6.059758284356240143e-17 7.792767241200955141e+03
4.045823391906729779e-15 6.054060691321329278e-17 7.793520374906435791e+03
3.917870736812499206e-15 6.043975250614399106e-17 7.794273512343923358e+03
3.942754410271403272e-15 6.035746426503178808e-17 7.795026653512832127e+03
4.164348582082592960e-15 6.032674560260277740e-17 7.795779798412580021e+03
4.210613660753412781e-15 6.024875214531053124e-17 7.796532947042582236e+03
3.924455694975802343e-15 6.013466338589238816e-17 7.797286099402257605e+03
4.232400514545014820e-15 6.003698284342118924e-17 7.798039255491024960e+03
3.872607931653098267e-15 5.976887159242853371e-17 7.798792415308296768e+03
4.002880394782063767e-15 5.945791677262888103e-17 7.799545578853492771e+03
3.624381283290237569e-15 5.854277876894118223e-17 7.800298746126030892e+03
3.764148654022380146e-15 5.694661988926804892e-17 7.801051917125327236e+03
3.770060142519652837e-15 5.525803733348946416e-17 7.801805091850794270e+03
4.055312111347690400e-15 5.371200420611093037e-17 7.802558270301856282e+03
4.348441329632479832e-15 5.236326735787745014e-17 7.803311452477928469e+03
4.305916335843295693e-15 5.118966298554425563e-17 7.804064638378425116e+03
4.249706276900620786e-15 5.024380485996831135e-17 7.804817828002764145e+03
4.322897769603596314e-15 4.982374390835186358e-17 7.805571021350362571e+03
4.358207205406559172e-15 4.981393102354495106e-17 7.806324218420639227e+03
4.028005525492475379e-15 4.994551806838329524e-17 7.807077419213010216e+03
4.128013145819786643e-15 5.008254142614383030e-17 7.807830623726890735e+03
4.170266879211229408e-15 5.067218145881741135e-17 7.808583831961699616e+03
4.235443468061803680e-15 5.030418039235215979e-17 7.809337043916855691e+03
4.072027363935350665e-15 5.035222985838945272e-17 7.810090259591771428e+03
4.254938849047854238e-15 5.047694561629754315e-17 7.810843478985866568e+03
4.266175699542105903e-15 5.064591666036811420e-17 7.811596702098558126e+03
3.975504304760208398e-15 5.079722817634632841e-17 7.812349928929263115e+03
4.013785585822396264e-15 5.126545057936278046e-17 7.813103159477398549e+03
3.631848643308854473e-15 5.246320820341076014e-17 7.813856393742380533e+03
3.248279263762125911e-15 5.463221059624255874e-17 7.814609631723624261e+03
3.520676426661767546e-15 5.716827744442011673e-17 7.815362873420552205e+03
3.713915544505006567e-15 5.877540438677215128e-17 7.816116118832578650e+03
4.161283382462793600e-15 6.032287695596181700e-17 7.816869367959117881e+03
4.377504423699587083e-15 6.178504046486891011e-17 7.817622620799591459e+03
4.467568449394051110e-15 6.286834666987066309e-17 7.818375877353414580e+03
4.349941556747681453e-15 6.333727576167289528e-17 7.819129137620001529e+03
4.262322832750065839e-15 6.330112250410915985e-17 7.819882401598775687e+03
4.300910838898557452e-15 6.320814198440510724e-17 7.820635669289147700e+03
3.998176686150803327e-15 6.319987197737826460e-17 7.821388940690536401e+03
4.179306367891691456e-15 6.318764541431283116e-17 7.822142215802359715e+03
4.117684059462128943e-15 6.316844416636822632e-17 7.822895494624035564e+03
4.008797114779165989e-15 6.313398005694477555e-17 7.823648777154979143e+03
4.295791045275100395e-15 6.311118986761087226e-17 7.824402063394607467e+03
4.266415057119877232e-15 6.311429489919401125e-17 7.825155353342339367e+03
3.956482266256673898e-15 6.296093196250895292e-17 7.825908646997589130e+03
3.959018328841674998e-15 6.270933671568355812e-17 7.826661944359777408e+03
3.947571788421970576e-15 6.189580419920416766e-17 7.827415245428315757e+03
3.844166294155286344e-15 5.993184978376910339e-17 7.828168550202628467e+03
3.812791026451117513e-15 5.699731610043653721e-17 7.828921858682128004e+03
4.017974229948474876e-15 5.383691722085822567e-17 7.829675170866232293e+03
4.278990879045099235e-15 5.083842113295269371e-17 7.830428486754358346e+03
4.347235006704551835e-15 4.797863260565582510e-17 7.831181806345919540e+03
4.388422458279786219e-15 4.545264842892119475e-17 7.831935129640339255e+03
4.309578760207916455e-15 4.384928495167762824e-17 7.832688456637031777e+03
4.198380871703214629e-15 4.321831897939173203e-17 7.833441787335414119e+03
3.984148041438842278e-15 4.386315340222872089e-17 7.834195121734901477e+03
4.095168257860826319e-15 4.501546530746622836e-17 7.834948459834913592e+03
4.198842737634699684e-15 4.608884212481074553e-17 7.835701801634866570e+03
4.336245980350707186e-15 4.704847212386591191e-17 7.836455147134175604e+03
4.194188020742556331e-15 4.786611808104865594e-17 7.837208496332262257e+03
4.087897893865358885e-15 4.858312579520723275e-17 7.837961849228538995e+03
4.257192905704008984e-15 4.908231583263988436e-17 7.838715205822423741e+03
3.955756871078502213e-15 4.919820537187332606e-17 7.839468566113337147e+03
4.289453242667850000e-15 4.916471171316385043e-17 7.840221930100689860e+03
4.398039464131688247e-15 4.919938271486454421e-17 7.840975297783904352e+03
4.289719085787842471e-15 4.922712759450892014e-17 7.841728669162396727e+03
4.190462636220742704e-15 4.939750598989065448e-17 7.842482044235581270e+03
4.205399293334708504e-15 4.987456445037952508e-17 7.843235423002876814e+03
4.064180692190325531e-15 5.051704184874910215e-17 7.843988805463699464e+03
4.031842997686231431e-15 5.108208992780474012e-17 7.844742191617469871e+03
3.770162172837767871e-15 5.228745902111043711e-17 7.845495581463599592e+03
3.475103721854705987e-15 5.472875378329208126e-17 7.846248975001509280e+03
3.283527043796909092e-15 5.788738684400923407e-17 7.847002372230615947e+03
3.655342323890924210e-15 6.055573701899267462e-17 7.847755773150334790e+03
3.955658543460725233e-15 6.238748322107350710e-17 7.848509177760082821e+03
4.198762596192931180e-15 6.395357939840664226e-17 7.849262586059279784e+03
4.287335183653926450e-15 6.523906117376111465e-17 7.850015998047339963e+03
4.357911444142337391e-15 6.607620620838816518e-17 7.850769413723681282e+03
4.201281446617481229e-15 6.636722952620464290e-17 7.851522833087721665e+03
4.069162580663545980e-15 6.641000200691239910e-17 7.852276256138875397e+03
3.751614200935038674e-15 6.685476368137491596e-17 7.853029682876561310e+03
3.826557190146317244e-15 6.794926728970719388e-17 7.853783113300198238e+03
4.062726423203208660e-15 6.943129935305230093e-17 7.854536547409199557e+03
4.078300745759735263e-15 7.027446759758811178e-17 7.855289985202985918e+03
4.207793891643077926e-15 7.105429617381233777e-17 7.856043426680972516e+03
3.986897494904630480e-15 7.163843213515134100e-17 7.856796871842574546e+03
4.053091773476934646e-15 7.204344320846844002e-17 7.857550320687214480e+03
3.995145111123471580e-15 7.207975707711127838e-17 7.858303773214302055e+03
3.775875274557894144e-15 7.159400018447852749e-17 7.859057229423257013e+03
3.708330912170605887e-15 6.987920143097507936e-17 7.859810689313500916e+03
3.840452747081064584e-15 6.759242075620104113e-17 7.860564152884446230e+03
3.953993507797585098e-15 6.515504545681363459e-17 7.861317620135509060e+03
3.989245841782288281e-15 6.306814830091987237e-17 7.862071091066110966e+03
4.244853957101705724e-15 6.135758617423239087e-17 7.862824565675663507e+03
3.934464267830248789e-15 6.035295819282937357e-17 7.863578043963590972e+03
3.681476794988936032e-15 6.034057741730880674e-17 7.864331525929301279e+03
3.998840706801154024e-15 6.087117774170938598e-17 7.865085011572220537e+03
3.940862781303273352e-15 6.170886188969495390e-17 7.865838500891757576e+03
4.176428796120277272e-15 6.245855863287667155e-17 7.866591993887333956e+03
4.221884435832330961e-15 6.233664481964636084e-17 7.867345490558367601e+03
3.986799074217178009e-15 6.154902449241951743e-17 7.868098990904272796e+03
4.490871086204958354e-15 6.067696127473691465e-17 7.868852494924467464e+03
4.054595785958464446e-15 5.971787952931286505e-17 7.869606002618368620e+03
3.957729095555735040e-15 5.884306326870196065e-17 7.870359513985393278e+03
3.875601027039983965e-15 5.834577516943514238e-17 7.871113029024959360e+03
3.935962579067040726e-15 5.825467648872467405e-17 7.871866547736482971e+03
3.796268804319301267e-15 5.872196609133211584e-17 7.872620070119382945e+03
4.052909140012512101e-15 5.949301387389630573e-17 7.873373596173074475e+03
4.009022424100578828e-15 6.005049337867983838e-17 7.874127125896972757e+03
3.838579916197848369e-15 6.058934759183298277e-17 7.874880659290497533e+03
4.191919537572058667e-15 6.113116466060830534e-17 7.875634196353064908e+03
4.331610825702389171e-15 6.125960004230434881e-17 7.876387737084092805e+03
4.347905305504269216e-15 6.071989873395631659e-17 7.877141281482996419e+03
3.912851467300543424e-15 5.959745694301129680e-17 7.877894829549195492e+03
4.178836100921235503e-15 5.812111035842021504e-17 7.878648381282104310e+03
4.071595449264206720e-15 5.683341682380966178e-17 7.879401936681141706e+03
4.106652148826656366e-15 5.572417381187141752e-17 7.880155495745725602e+03
4.105798261237927959e-15 5.466369584965646530e-17 7.880909058475268466e+03
4.251362769921296152e-15 5.409407830352601469e-17 7.881662624869193678e+03
3.673766856779642899e-15 5.448639151715609794e-17 7.882416194926911885e+03
3.800565233232111649e-15 5.586009443218903070e-17 7.883169768647845558e+03
3.772126872099710868e-15 5.756477254277076490e-17 7.883923346031408073e+03
3.679958099841194699e-15 5.993278282246334920e-17 7.884676927077017353e+03
4.070640135930904966e-15 6.160538251764559556e-17 7.885430511784091323e+03
4.187842360699908354e-15 6.081956080754886040e-17 7.886184100152046994e+03
4.217117950188682666e-15 6.052247170369665447e-17 7.886937692180300473e+03
4.112665392278750816e-15 6.025443241381102575e-17 7.887691287868268773e+03
3.924478186433538305e-15 5.954375857156332736e-17 7.888444887215369818e+03
4.223845623261606346e-15 5.859121879235176915e-17 7.889198490221020620e+03
4.079411574950696460e-15 5.770170784747558446e-17 7.889952096884636376e+03
3.966064231888044335e-15 5.716627851925417143e-17 7.890705707205635917e+03
3.993446361755604523e-15 5.668361007280354833e-17 7.891459321183435350e+03
3.913820526743266704e-15 5.636943379326741364e-17 7.892212938817453505e+03
3.950981106393951888e-15 5.598985189136864260e-17 7.892966560107104669e+03
4.115374683121033903e-15 5.560244737892737544e-17 7.893720185051808585e+03
3.995694134329574821e-15 5.549789890443874893e-17 7.894473813650980446e+03
4.160157403988374845e-15 5.521538886812367316e-17 7.895227445904038177e+03
4.003557216010894905e-15 5.457119775004026623e-17 7.895981081810396972e+03
4.268684246006344137e-15 5.317970430516688321e-17 7.896734721369475665e+03
4.072327489479456827e-15 5.146383416142963057e-17 7.897488364580692178e+03
4.192546032213980515e-15 4.966321369516952938e-17 7.898242011443460797e+03
4.205053272263614444e-15 4.806273061406084108e-17 7.898995661957200355e+03
4.100261550106442391e-15 4.649625906024790619e-17 7.899749316121328775e+03
4.134294320766111326e-15 4.512717027593371830e-17 7.900502973935259433e+03
4.215604862375822664e-15 4.414090736192553172e-17 7.901256635398414801e+03
4.089102849462091135e-15 4.378498298465601432e-17 7.902010300510206434e+03
4.004745749585885318e-15 4.372133574080539555e-17 7.902763969270053167e+03
4.092051874659775690e-15 4.367886388918676899e-17 7.903517641677375650e+03
4.205358190786845064e-15 4.380469550697669886e-17 7.904271317731585441e+03
3.980590874412902993e-15 4.430953751083061883e-17 7.905024997432103191e+03
3.391037727672753824e-15 4.607023713132303583e-17 7.905778680778343187e+03
3.068274812124673373e-15 4.952653514300577316e-17 7.906532367769725170e+03
3.171033198480915002e-15 5.443946798982087561e-17 7.907286058405664335e+03
3.281336526512590716e-15 5.917460437474723651e-17 7.908039752685578605e+03
3.845084226184810490e-15 6.310058281791806768e-17 7.908793450608885905e+03
3.873104438757270885e-15 6.641418060129850405e-17 7.909547152175000519e+03
4.258421112765173699e-15 6.911441544930356466e-17 7.910300857383342191e+03
4.332445770509017623e-15 7.105223043346540648e-17 7.911054566233326113e+03
3.868135827891122108e-15 7.210924055182992503e-17 7.911808278724371121e+03
3.849077429135006414e-15 7.246907300176115808e-17 7.912561994855890589e+03
3.671748462360667873e-15 7.297665429350304166e-17 7.913315714627307898e+03
3.555394321834783561e-15 7.400949239129243922e-17 7.914069438038033695e+03
3.510242498985987507e-15 7.539597809859127816e-17 7.914823165087487723e+03
3.446953419441563696e-15 7.670367435722873681e-17 7.915576895775087905e+03
3.750101545310810068e-15 7.787244450104889153e-17 7.916330630100250346e+03
3.969741221373388958e-15 7.882604000398893833e-17 7.917084368062391150e+03
4.041810720983390816e-15 7.971113471001312669e-17 7.917838109660928239e+03
3.779045031125170307e-15 8.004523151393898955e-17 7.918591854895279539e+03
3.781503488707004692e-15 7.918747278032416068e-17 7.919345603764860243e+03
3.420288182338956551e-15 7.838435190269260120e-17 7.920099356269085547e+03
3.909439243348958318e-15 7.477193194278277703e-17 7.920853112407378831e+03
3.964432430746824842e-15 7.091200186223206389e-17 7.921606872179152560e+03
3.911027229137480467e-15 6.749674734579378448e-17 7.922360635583823750e+03
4.150261880503366791e-15 6.450721510706345810e-17 7.923114402620811234e+03
3.813888925787315064e-15 6.198376495423270462e-17 7.923868173289531114e+03
3.735068033237435188e-15 6.049841074615636363e-17 7.924621947589399497e+03
3.733718407455450013e-15 6.017195306198875446e-17 7.925375725519836124e+03
3.824860395475174627e-15 6.071423889467088316e-17 7.926129507080254371e+03
3.886282732570971858e-15 6.108119539910344801e-17 7.926883292270074890e+03
3.901897174234354753e-15 6.080989642031503494e-17 7.927637081088711057e+03
4.008332132461971585e-15 5.979897779816774538e-17 7.928390873535581704e+03
3.877074842560013405e-15 5.839865293872028974e-17 7.929144669610106575e+03
3.945382182347324086e-15 5.683603737057516693e-17 7.929898469311697227e+03
4.003268420307578006e-15 5.530892327592703362e-17 7.930652272639774310e+03
4.133532388888154494e-15 5.395467174425783320e-17 7.931406079593753020e+03
4.172253792992801024e-15 5.293790585003610542e-17 7.932159890173054009e+03
4.030871969848991909e-15 5.236360968759254843e-17 7.932913704377090653e+03
3.857455521323713518e-15 5.212396662870773760e-17 7.933667522205279965e+03
3.959743428249831718e-15 5.208613432829534114e-17 7.934421343657038960e+03
3.938253032128153347e-15 5.207780356120091002e-17 7.935175168731788290e+03
3.787818330023470576e-15 5.199520793042350165e-17 7.935928997428942239e+03
3.789496267893789925e-15 5.180909374944944977e-17 7.936682829747918731e+03
4.072888922401967071e-15 5.142799698615295588e-17 7.937436665688131143e+03
3.815097915679522801e-15 5.046680707833720497e-17 7.938190505249001944e+03
4.023684464754328916e-15 4.927597775563674246e-17 7.938944348429944512e+03
3.983873659290673549e-15 4.804909417875027994e-17 7.939698195230375859e+03
4.062427221027289118e-15 4.693226487879984001e-17 7.940452045649717547e+03
3.999035228589915536e-15 4.622667013758001346e-17 7.941205899687380224e+03
3.863929822654873992e-15 4.596773363268906110e-17 7.941959757342783632e+03
3.728960417061697124e-15 4.647750754829572051e-17 7.942713618615349333e+03
3.929325677997103738e-15 4.749692927628687018e-17 7.943467483504486154e+03
3.797965204551705868e-15 4.855223240519896112e-17 7.944221352009615657e+03
4.087290374269934605e-15 4.911523259973067292e-17 7.944975224130155766e+03
4.032911986565982701e-15 4.999468223192912185e-17 7.945729099865520766e+03
3.827764278282368698e-15 5.068900917633587379e-17 7.946482979215128580e+03
3.961999749425037284e-15 5.101690911420855350e-17 7.947236862178397132e+03
4.014545551652754057e-15 5.107895636751793341e-17 7.947990748754742526e+03
3.848749434764539393e-15 5.131582888430563400e-17 7.948744638943582686e+03
4.086368571668916140e-15 5.118832012931845511e-17 7.949498532744333716e+03
4.105138052605194049e-15 5.109585354699068437e-17 7.950252430156413538e+03
4.045828159867959721e-15 5.098162228338608213e-17 7.951006331179240078e+03
3.857354094880154976e-15 5.087778390344702812e-17 7.951760235812225801e+03
4.016054496523819959e-15 5.082780050998260084e-17 7.952514144054794087e+03
3.920588714159198429e-15 5.075903187498579407e-17 7.953268055906354675e+03
3.804011957918407981e-15 4.913663734401387741e-17 7.956283739390912160e+03
3.571523438545946606e-15 4.931942954493712240e-17 7.957037669278714020e+03
3.104667877638228553e-15 5.107716293732564743e-17 7.957791602772012993e+03
3.237664809209446750e-15 5.400211057291638144e-17 7.958545539870227913e+03
3.401226850904215666e-15 5.660863035914328388e-17 7.959299480572773973e+03
3.742314985208909056e-15 5.892433150379060540e-17 7.960053424879071827e+03
3.964392553516437463e-15 6.126580986185511973e-17 7.960807372788534849e+03
4.067995455667762735e-15 6.336606580939589207e-17 7.961561324300582783e+03
3.897553175023651447e-15 6.502052521437771975e-17 7.962315279414629913e+03
3.861940800592138372e-15 6.574405436800419074e-17 7.963069238130097801e+03
3.801869246119062033e-15 6.603712064233837136e-17 7.963823200446398005e+03
3.674178938875670741e-15 6.598387336123438909e-17 7.964577166362950265e+03
3.894593155051015899e-15 6.610749239656788487e-17 7.965331135879171597e+03
3.658097156764118342e-15 6.623139752767521343e-17 7.966085108994479015e+03
3.792491283338943700e-15 6.634080950250944188e-17 7.966839085708290440e+03
3.397134289687069981e-15 6.638262717531837409e-17 7.967593066020020160e+03
3.846151093368212217e-15 6.640502323119178308e-17 7.968347049929085188e+03
3.787258716067482010e-15 6.644193147862098515e-17 7.969101037434907994e+03
3.477420130141109455e-15 6.670203367890850387e-17 7.969855028536900136e+03
3.465232483664318121e-15 6.586898707235561489e-17 7.970609023234480446e+03
3.650908345998243028e-15 6.426227319774152266e-17 7.971363021527067758e+03
3.556816519264357935e-15 6.219914695246706361e-17 7.972117023414073628e+03
3.507477911832578642e-15 6.022733312601385286e-17 7.972871028894920528e+03
3.621452513266127165e-15 5.861632620198865549e-17 7.973625037969021832e+03
4.193249457389385676e-15 5.080530748718729708e-17 8.101650796072374760e+03
4.059675308194422607e-15 5.060182316879596465e-17 8.102404913882051005e+03
4.249694094326781260e-15 5.030629517642157960e-17 8.103159033602803902e+03
4.121537618573315026e-15 4.994878546637614484e-17 8.103913155234627993e+03
4.182449778539274142e-15 4.968791734506572024e-17 8.104667278777525098e+03
4.005606777794836970e-15 4.948000644786688456e-17 8.105421404231497945e+03
4.063897381128318902e-15 4.933671868592091807e-17 8.106175531596541987e+03
4.046819233045319324e-15 4.919897224640335353e-17 8.106929660872660861e+03
4.077201603258825199e-15 4.909867813288847639e-17 8.107683792059853658e+03
4.021803825146620149e-15 4.883283054651544445e-17 8.108437925158117650e+03
4.126788898599101708e-15 4.838009525983698761e-17 8.109192060167455566e+03
4.001632480221937980e-15 4.798993886045218388e-17 8.109946197087867404e+03
4.104240812253426595e-15 4.709792832686698567e-17 8.110700335919350437e+03
4.058996739285885719e-15 4.644769731002550321e-17 8.111454476661907393e+03
3.927013494382510497e-15 4.593917663368563799e-17 8.112208619315537362e+03
3.908552076102442975e-15 4.546390969589515196e-17 8.112962763880237617e+03
4.091886314238721802e-15 4.482234222507935909e-17 8.113716910356013614e+03
4.089554384032597350e-15 4.467988922819772582e-17 8.114471058742859896e+03
4.084142378530404695e-15 4.466292930571103480e-17 8.115225209040778282e+03
4.046027597384091912e-15 4.460227265141900103e-17 8.115979361249768772e+03
4.144689286842242685e-15 4.459089598202259430e-17 8.116733515369831366e+03
4.017596012061514006e-15 4.455628836186770159e-17 8.117487671400966065e+03
4.026016025596422052e-15 4.451637482407150089e-17 8.118241829343171958e+03
3.951746849885548259e-15 4.446601489862691258e-17 8.118995989196449955e+03
4.036608649105312792e-15 4.455980851376817009e-17 8.119750150960801875e+03
4.021421156797082300e-15 4.457353131169276993e-17 8.120504314636223171e+03
3.947766246576391533e-15 4.459359684877737018e-17 8.121258480222715662e+03
4.175691493967031948e-15 4.456839178228306620e-17 8.122012647720279347e+03
4.049882539930837986e-15 4.459837805867198574e-17 8.122766817128915136e+03
3.857973663140097106e-15 4.462901297537311855e-17 8.123520988448620301e+03
4.124387669980407433e-15 4.464563439338000833e-17 8.124275161679399389e+03
3.920657667410977952e-15 4.473600485048781404e-17 8.125029336821247853e+03
4.181380110522608612e-15 4.475983640915456511e-17 8.125783513874166601e+03
4.066720224124421885e-15 4.479831342724778859e-17 8.126537692838157454e+03
3.853329621560705203e-15 4.474942016784028294e-17 8.127291873713216773e+03
3.909056193807015470e-15 4.473540625766362543e-17 8.128046056499348197e+03
3.881004941396457009e-15 4.474244684094436098e-17 8.128800241196548086e+03
3.960700545309443852e-15 4.475395604909905785e-17 8.129554427804821898e+03
3.983143153377436671e-15 4.473975615589222351e-17 8.130308616324164177e+03
3.732088422342982122e-15 4.480341188131739317e-17 8.131062806754575831e+03
4.086961189134533833e-15 4.495644155694377615e-17 8.131816999096057771e+03
3.807763748160841291e-15 4.515562487824094826e-17 8.132571193348609086e+03
3.958104657688146200e-15 4.536802520274420694e-17 8.133325389512230686e+03
4.056233009742669130e-15 4.554313717274066381e-17 8.134079587586923481e+03
3.909086079146604454e-15 4.574027492797183308e-17 8.134833787572684741e+03
3.915048794385067744e-15 4.581354808252238661e-17 8.135587989469513559e+03
3.831647942208753172e-15 4.586027339205032232e-17 8.136342193277416300e+03
3.737342395731205887e-15 4.591142547273988493e-17 8.137096398996383869e+03
3.745333134564519482e-15 4.590710457211773467e-17 8.137850606626423541e+03
4.223955874792984817e-15 4.598491869760721662e-17 8.138604816167531681e+03
3.875166420697196126e-15 4.589529672032703784e-17 8.139359027619706467e+03
3.859073226495520948e-15 4.622685407106889135e-17 8.140113240982953357e+03
3.713273240832586574e-15 4.650410626911963806e-17 8.140867456257266895e+03
3.958011393250298961e-15 4.673973003638886724e-17 8.141621673442650717e+03
3.666951022449917164e-15 4.699393224953812428e-17 8.142375892539103006e+03
4.006662388538652402e-15 4.721815098177349325e-17 8.143130113546623761e+03
3.829880555876311385e-15 4.734510123093714758e-17 8.143884336465212982e+03
4.012576622994166562e-15 4.732750939159754267e-17 8.144638561294869760e+03
3.914284501867959666e-15 4.722807498628846399e-17 8.145392788035594094e+03
3.874939431794215924e-15 4.703268110756778743e-17 8.146147016687386895e+03
3.788921679523852766e-15 4.678295105771162078e-17 8.146901247250249071e+03
3.950788027739386557e-15 4.651060621472652070e-17 8.147655479724176985e+03
3.947431442156703183e-15 4.630099247131873252e-17 8.148409714109175184e+03
3.736949437994241683e-15 4.606435821016728557e-17 8.149163950405240030e+03
3.948502561949584234e-15 4.588156994513236376e-17 8.149918188612371523e+03
3.655928929258241607e-15 4.577339855004829576e-17 8.150672428730572392e+03
3.719507625622199840e-15 4.567064291041376632e-17 8.151426670759839908e+03
3.873154290629251715e-15 4.564698975928803043e-17 8.152180914700174981e+03
3.664388947809906534e-15 4.547979869026407564e-17 8.152935160551576701e+03
3.967401808401164532e-15 4.529053876634578981e-17 8.153689408314044158e+03
3.924882469211482583e-15 4.544187539380100935e-17 8.154443657987582810e+03
3.981288915698813864e-15 4.488914366227524770e-17 8.155197909572182652e+03
3.857774871277229191e-15 4.452752989916780578e-17 8.155952163067852780e+03
3.689427722420673425e-15 4.425859578723813564e-17 8.156706418474590464e+03
3.846817814913525125e-15 4.403407713076183576e-17 8.157460675792392067e+03
3.901054708752329403e-15 4.391916344539831894e-17 8.158214935021263045e+03
3.820420342458050153e-15 4.386504173984537071e-17 8.158969196161198852e+03
3.884425519534325064e-15 4.381271418790505332e-17 8.159723459212202215e+03
3.828378221233795440e-15 4.376977220391984848e-17 8.160477724174270406e+03
3.778977090863837654e-15 4.376235098135755735e-17 8.161231991047404335e+03
3.790811472002040126e-15 4.384480976968029134e-17 8.161986259831604912e+03
3.684371256167459041e-15 4.386121187611653079e-17 8.162740530526871225e+03
3.715497941657370831e-15 4.392028312515610084e-17 8.163494803133205096e+03
3.524408774613425257e-15 4.436781264665737723e-17 8.164249077650603795e+03
3.648905728137969114e-15 4.376215621353617563e-17 8.165003354079067321e+03
3.631588568461169596e-15 4.385546514015015849e-17 8.165757632418595676e+03
3.789561666832684502e-15 4.408200127674037851e-17 8.166511912669191588e+03
3.643464937106320289e-15 4.598738174897055196e-17 8.167266194830850509e+03
3.712915324129584728e-15 4.671296521492378038e-17 8.168020478903576077e+03
3.820276209773204578e-15 4.461301638105599975e-17 8.168774764887367382e+03
3.736464559733556652e-15 4.408840961233197280e-17 8.169529052782221697e+03
3.842889573751640722e-15 4.421995182021174569e-17 8.170283342588143569e+03
3.777331694511064680e-15 4.440616431375766236e-17 8.171037634305128449e+03
3.668276016293675529e-15 4.417007608702805778e-17 8.171791927933179068e+03
3.789444407845115500e-15 4.420980668890186901e-17 8.172546223472294514e+03
3.794254672975918228e-15 4.425936507218323239e-17 8.173300520922472060e+03
3.629073157654175216e-15 4.423972544120674168e-17 8.174054820283718072e+03
3.519107633565682982e-15 4.425999907714157619e-17 8.174809121556025275e+03
3.738126550364372182e-15 4.435943260300345906e-17 8.175563424739397306e+03
3.750615258036570428e-15 4.451422000581252384e-17 8.176317729833834164e+03
3.630605619679730402e-15 4.468811369656502065e-17 8.177072036839334032e+03
3.706840574358876960e-15 4.480673395436065199e-17 8.177826345755898728e+03
3.790311384843259255e-15 4.491577904048802604e-17 8.178580656583528253e+03
3.727251600006191452e-15 4.540481962655431054e-17 8.179334969322220786e+03
3.730123326891607345e-15 4.529325720264337218e-17 8.180089283971974510e+03
3.748293288366138324e-15 4.541938069794176555e-17 8.180843600532795790e+03
3.648902269376128737e-15 4.560186353235250084e-17 8.181597919004678261e+03
3.736620652320857423e-15 4.580912891395704329e-17 8.182352239387624650e+03
3.742413938767019955e-15 4.605858400503328170e-17 8.183106561681634048e+03
3.816727671620951016e-15 4.632955618410287922e-17 8.183860885886706455e+03
3.558966333827212517e-15 4.658052353106638054e-17 8.184615212002843691e+03
3.561581270580803132e-15 4.679378598784467235e-17 8.185369540030041208e+03
3.748548540416234576e-15 4.696189400256896205e-17 8.186123869968304462e+03
3.635246771640151320e-15 4.713800577295406328e-17 8.186878201817627996e+03
3.802313719343566134e-15 4.726197170285477228e-17 8.187632535578014540e+03
3.711066103039650361e-15 4.745072401893863092e-17 8.188386871249465912e+03
3.686252248360219966e-15 4.765476564247452639e-17 8.189141208831977565e+03
3.840445307932189253e-15 4.804301242611732767e-17 8.189895548325552227e+03
3.837707126776638136e-15 5.988509012381066585e-17 8.190649889730189898e+03
3.717889084592350131e-15 6.436714106176646855e-17 8.191404233045888759e+03
3.621340397929535669e-15 6.660753669228709286e-17 8.192158578272648811e+03
3.869153730476911666e-15 7.288282221853563463e-17 8.192912925410473690e+03
3.697649444384625922e-15 4.872364303878303438e-17 8.193667274459357941e+03
3.587709510567431756e-15 4.789700405125673785e-17 8.194421625419305201e+03
3.631129154566593166e-15 4.776466061451380518e-17 8.195175978290313651e+03
3.770642811285958014e-15 4.763193688471863027e-17 8.195930333072385110e+03
3.705688875305560417e-15 4.761396860498443829e-17 8.196684689765515941e+03
3.753509283614779043e-15 4.756389655263130450e-17 8.197439048369709781e+03
3.817112567073481197e-15 4.752941415829696310e-17 8.198193408884962992e+03
3.575210485376126395e-15 4.750466832593145677e-17 8.198947771311279212e+03
3.712726625895874324e-15 4.742548114879526066e-17 8.199702135648654803e+03
3.713503939092381780e-15 4.755739795736094672e-17 8.200456501897095222e+03
3.974099829543212124e-15 4.754835401586239324e-17 8.201210870056593194e+03
3.759845694909085885e-15 4.747419215143054411e-17 8.201965240127155994e+03
3.934149796561682964e-15 4.735444508767747317e-17 8.202719612108774527e+03
3.772513239274165579e-15 4.718490944546704706e-17 8.203473986001456069e+03
3.855232933762709926e-15 4.706814004715294849e-17 8.204228361805196982e+03
3.923522534434753394e-15 4.693694203494546240e-17 8.204982739520000905e+03
3.815252245755238284e-15 4.675283086970701057e-17 8.205737119145864199e+03
3.910470317070980521e-15 4.662755778039619742e-17 8.206491500682786864e+03
3.885156831391915076e-15 4.699420145108174373e-17 8.207245884130767081e+03
3.951649058192781592e-15 4.771854529617377658e-17 8.208000269489813945e+03
3.991341680511728924e-15 4.725324819011788354e-17 8.208754656759916543e+03
3.973151826611819484e-15 4.645952527420098797e-17 8.209509045941080331e+03
3.895583986889729866e-15 4.647064555953173794e-17 8.210263437033299851e+03
3.990427548886641247e-15 4.641380490356201101e-17 8.211017830036584201e+03
3.983780798794332675e-15 4.635106247699008337e-17 8.211772224950924283e+03
3.799846742938449484e-15 4.620919250001847085e-17 8.212526621776327374e+03
3.747765202972362251e-15 4.614758909556201541e-17 8.213281020512789837e+03
3.833178712211456309e-15 4.609488045999762836e-17 8.214035421160309852e+03
3.793660423162130127e-15 4.600099853744723527e-17 8.214789823718887419e+03
3.764998909377965468e-15 4.598000884635249584e-17 8.215544228188529814e+03
4.021871296828566737e-15 4.573798625335842485e-17 8.216298634569226124e+03
3.615390521604694215e-15 4.596096773243425147e-17 8.217053042860979986e+03
3.950044550577510630e-15 4.593042611041960327e-17 8.217807453063798675e+03
4.040572483102083145e-15 6.357896087142715967e-17 8.218561865177673099e+03
3.792652162337425050e-15 4.630771475238217567e-17 8.219316279202601436e+03
3.932208490398547052e-15 4.580811036086016270e-17 8.220070695138594601e+03
3.731188149697979997e-15 4.582063731302290675e-17 8.220825112985643500e+03
3.927145563446677593e-15 4.573218173531920460e-17 8.221579532743751770e+03
3.861074780272187947e-15 4.556418077353027515e-17 8.222333954412917592e+03
3.711048478257395711e-15 4.538763140820910913e-17 8.223088377993144604e+03
3.682105109042832745e-15 4.520154223665122314e-17 8.223842803484425531e+03
3.675328623579322211e-15 4.507680731473326675e-17 8.224597230886765828e+03
3.729564946203396760e-15 4.493591164799866089e-17 8.225351660200165497e+03
3.538850769222219204e-15 4.487594383732316589e-17 8.226106091424620899e+03
3.427796892114461956e-15 4.478203956960448504e-17 8.226860524560135673e+03
3.530336736748504958e-15 4.475805579799893236e-17 8.227614959606707998e+03
3.497736487914863681e-15 4.473969878979996120e-17 8.228369396564336057e+03
3.570094467560076472e-15 4.451312548379551196e-17 8.229123835433023487e+03
3.677540473811642687e-15 4.446034669721685667e-17 8.229878276212766650e+03
3.450511902542621156e-15 4.439454047205968538e-17 8.230632718903565546e+03
3.488170868811655870e-15 4.432832725206623420e-17 8.231387163505423814e+03
3.439732608470502744e-15 4.420844784986199660e-17 8.232141610018337815e+03
3.290740320211155823e-15 4.517309892036036023e-17 8.232896058442311187e+03
3.636304101692361832e-15 4.432012980713246925e-17 8.233650508777340292e+03
3.541214429841574445e-15 4.433742297128948347e-17 8.234404961023425130e+03
3.512246293153399391e-15 4.899896680085200760e-17 8.235159415180567521e+03
3.658236524958187901e-15 4.458957279000646702e-17 8.235913871248765645e+03
3.615429056250482420e-15 4.455811395681287558e-17 8.236668329228017683e+03
3.826263103269745829e-15 4.470913404071577755e-17 8.237422789118332730e+03
3.853697837996128309e-15 4.479520124620767759e-17 8.238177250919699873e+03
3.694105035387489754e-15 4.491592075048828817e-17 8.238931714632122748e+03
3.606840107770907883e-15 4.506127176517726038e-17 8.239686180255601357e+03
3.776410584557713358e-15 4.518094460266022612e-17 8.240440647790137518e+03
3.866291711266156113e-15 4.542515561185309943e-17 8.241195117235729413e+03
3.956162323689007397e-15 4.537202053842005461e-17 8.241949588592378859e+03
3.776155579621349347e-15 4.538214544477702796e-17 8.242704061860078582e+03
3.970942890903173225e-15 4.559660599244181877e-17 8.243458537038835857e+03
3.996522854341772079e-15 4.572488538809098345e-17 8.244213014128650684e+03
3.815657336568282151e-15 4.640845160326476963e-17 8.244967493129523064e+03
4.095325932903203938e-15 4.589618112041196515e-17 8.245721974041447538e+03
4.022676106799799598e-15 4.594825134547774612e-17 8.246476456864424108e+03
3.792920531623999560e-15 4.600658501059492528e-17 8.247230941598461868e+03
3.909043059956487570e-15 4.607007711099295431e-17 8.247985428243551723e+03
4.065365476527050175e-15 4.612358786538527125e-17 8.248739916799695493e+03
3.905373774536610388e-15 4.614274835526594757e-17 8.249494407266896815e+03
3.794440548734301159e-15 4.612439397521386166e-17 8.250248899645150232e+03
3.864561180563786673e-15 4.605976197029902845e-17 8.251003393934459382e+03
3.998617767408135854e-15 4.606843144743761222e-17 8.251757890134824265e+03
3.850081130711966916e-15 4.600211357349334950e-17 8.252512388246239425e+03
4.008960995631977953e-15 4.592896538452694154e-17 8.253266888268712137e+03
4.014973680186678380e-15 4.582019825972639795e-17 8.254021390202242401e+03
4.040229402903257302e-15 4.571231634303129404e-17 8.254775894046819303e+03
3.877599662087690212e-15 4.559377010445234294e-17 8.255530399802457396e+03
4.155900467340279982e-15 4.548204519569928519e-17 8.256284907469147583e+03
3.844942144297446911e-15 4.528194573454403603e-17 8.257039417046888047e+03
3.873458502348533487e-15 4.515534673291948536e-17 8.257793928535684245e+03
3.844283044402474611e-15 4.507323303151536211e-17 8.258548441935536175e+03
3.879022587334079277e-15 4.493355612562098327e-17 8.259302957246438382e+03
3.745071430488949075e-15 4.488029575864557663e-17 8.260057474468398141e+03
3.972787622258132532e-15 4.481853169493623644e-17 8.260811993601404538e+03
3.895834803343965565e-15 4.477516736419331659e-17 8.261566514645473944e+03
3.696294225536997325e-15 4.480122881332274878e-17 8.262321037600588170e+03
4.007044463374323840e-15 4.458668795455108230e-17 8.263075562466758129e+03
3.840905298893854097e-15 4.450561682788614058e-17 8.263830089243980183e+03
3.946317292908121817e-15 4.447725379148387664e-17 8.264584617932259789e+03
4.090088740424259251e-15 4.443749082671234630e-17 8.265339148531587853e+03
3.864278172864448694e-15 4.438364332644198929e-17 8.266093681041969830e+03
3.743142552746839559e-15 4.440798935378491265e-17 8.266848215463405722e+03
4.017334946598464158e-15 4.426954997221576763e-17 8.267602751795891891e+03
3.983887968900736239e-15 4.415374088628435648e-17 8.268357290039431973e+03
4.012807468179428427e-15 4.424220826704204990e-17 8.269111830194025970e+03
3.988091346483001151e-15 4.434478105114398486e-17 8.269866372259670243e+03
3.682442909555249892e-15 4.481096350355081232e-17 8.270620916236366611e+03
3.720963411778658684e-15 4.570992771753872547e-17 8.271375462124115074e+03
3.639228591038252210e-15 4.678821976999316771e-17 8.272130009922915633e+03
3.590498438164400893e-15 4.804417615402267726e-17 8.272884559632766468e+03
3.674253878456489695e-15 4.958229949339784231e-17 8.273639111253673036e+03
3.489580139104751904e-15 5.178861809914098101e-17 8.274393664785628062e+03
3.331866349866475934e-15 5.427288736439576821e-17 8.275148220228635182e+03
3.607914760918338834e-15 5.651642132264905575e-17 8.275902777582696217e+03
3.765123201051887788e-15 5.831534324159326394e-17 8.276657336847805709e+03
3.523161483426068243e-15 5.986668817920894791e-17 8.277411898023969115e+03
3.836591962764680514e-15 6.131580222652812408e-17 8.278166461111182798e+03
3.612870938820453860e-15 6.253524573242655511e-17 8.278921026109448576e+03
3.578320678899816726e-15 6.372787071505662322e-17 8.279675593018762811e+03
3.465098132260748527e-15 7.737990506582264463e-17 8.280430161839132779e+03
3.069929938337771644e-15 1.103248888963500972e-16 8.281184732570545748e+03
3.590904891548062949e-15 7.217869788874076548e-17 8.281939305213014450e+03
3.555461009665325178e-15 7.146952386927452907e-17 8.282693879766535247e+03
3.538608146934122920e-15 7.348112192642877158e-17 8.283448456231104501e+03
3.529884435370606528e-15 7.513306824975369528e-17 8.284203034606725851e+03
3.814223507908179156e-15 7.614219629500062181e-17 8.284957614893393838e+03
3.737421002232870510e-15 7.674654859195675391e-17 8.285712197091113921e+03
3.625754829524767428e-15 7.678570514285021941e-17 8.286466781199887919e+03
3.595909811531009930e-15 7.604169150942022708e-17 8.287221367219708554e+03
3.541876866986470927e-15 7.497739909038772441e-17 8.287975955150581285e+03
3.460901689093011496e-15 7.374389543181260367e-17 8.288730544992502473e+03
3.437632776744432282e-15 7.282491587597620347e-17 8.289485136745472118e+03
3.562427182314119030e-15 7.240992572119364042e-17 8.290239730409495678e+03
3.417058534196750095e-15 7.283799276355641472e-17 8.290994325984564057e+03
3.222026222479736438e-15 7.423225846518851277e-17 8.291748923470684531e+03
3.292602770528853329e-15 7.643740537675455916e-17 8.292503522867855281e+03
3.439442795577123562e-15 7.838943591854899061e-17 8.293258124176074489e+03
3.696528917168800628e-15 7.972129641121153326e-17 8.294012727395340335e+03
3.834213045191970762e-15 8.104135918900357951e-17 8.294767332525661914e+03
4.010165056098852025e-15 8.078229846498766941e-17 8.295521939567026493e+03
4.137656677867240463e-15 7.973651004837742723e-17 8.296276548519443168e+03
3.651452289270755861e-15 7.846853050736498971e-17 8.297031159382906480e+03
3.795151825106499197e-15 7.681972732555099981e-17 8.297785772157420070e+03
3.706058670091050679e-15 7.538216551226630024e-17 8.298540386842983935e+03
3.930002260445072906e-15 7.413164589956541264e-17 8.299295003439594439e+03
4.009749055565742148e-15 7.332402566543139303e-17 8.300049621947255218e+03
3.613371370427218206e-15 7.299026357419451352e-17 8.300804242365962637e+03
3.767367599729370181e-15 7.290446580762822275e-17 8.301558864695718512e+03
3.695729500122197606e-15 7.266307230689119689e-17 8.302313488936526483e+03
3.736027803802265869e-15 7.234090576516531616e-17 8.303068115088375635e+03
3.746196305613822815e-15 6.751453578412596088e-17 8.306086638806267729e+03
4.032957080131221978e-15 6.490847505286479331e-17 8.306841274513362805e+03
3.920333703328286663e-15 6.242918605684300388e-17 8.307595912131502701e+03
3.903647080430306240e-15 6.021359983157106138e-17 8.308350551660691053e+03
3.838788222538117886e-15 5.779693501981942233e-17 8.309105193100926044e+03
4.002176546516896408e-15 5.582810779638860808e-17 8.309859836452211312e+03
3.595761474540198625e-15 5.473770437852541045e-17 8.310614481714539579e+03
3.875161391181616003e-15 5.446660706169757941e-17 8.311369128887916304e+03
3.924121002424789774e-15 5.451303907618329641e-17 8.312123777972341486e+03
3.863058267779918633e-15 5.446915902425836933e-17 8.312878428967813306e+03
4.043475970904012430e-15 5.445714666794608556e-17 8.313633081874329946e+03
3.948076773137925230e-15 5.448404715302948849e-17 8.314387736691896862e+03
3.917639040574462385e-15 5.452585518951251346e-17 8.315142393420508597e+03
4.060615904441466018e-15 5.449216606267802342e-17 8.315897052060165151e+03
3.890406866526733604e-15 5.409644590699212871e-17 8.316651712610870163e+03
3.736510611053288201e-15 5.318926870579285464e-17 8.317406375072623632e+03
3.829002082439165135e-15 4.758556103537947430e-17 8.321179716047075999e+03
3.956041818205451047e-15 4.687754392618828235e-17 8.321934389975103841e+03
3.815814640601015697e-15 4.659579595972880042e-17 8.322689065814178321e+03
3.897204536882100905e-15 4.652966712811691717e-17 8.323443743564297620e+03
3.856663004475865125e-15 4.643747601478006919e-17 8.324198423225461738e+03
3.864943991770806676e-15 4.635729570815422539e-17 8.324953104797676133e+03
3.910091021220592067e-15 4.621505079251885909e-17 8.325707788280933528e+03
3.766936121791568137e-15 4.606676504035862837e-17 8.326462473675237561e+03
3.829803081327514328e-15 4.589342140649616037e-17 8.327217160980584595e+03
3.822363391409426455e-15 4.576741751406339807e-17 8.327971850196974628e+03
3.794410177356308620e-15 4.568454056824430463e-17 8.328726541324414939e+03
4.028234932099848612e-15 4.572010974736535877e-17 8.329481234362894611e+03
4.017373332847883548e-15 4.572375151768575756e-17 8.330235929312424560e+03
3.702523015962923370e-15 4.577264834679286572e-17 8.330990626172995690e+03
4.015446987291213318e-15 4.592439008774353236e-17 8.331745324944611639e+03
3.807504293125614088e-15 4.608874957158203980e-17 8.332500025627276045e+03
4.074383323967063900e-15 4.763486490278505532e-17 8.333254728220981633e+03
3.952501704390855731e-15 4.650833835188056878e-17 8.334009432725733859e+03
2.487281472320723264e-15 5.500518914423532314e-17 8.337028269855181861e+03
2.127847671694257550e-15 6.290665304846600355e-17 8.337782983915152727e+03
2.617619853564067407e-15 7.077027464789943061e-17 8.338537699886168411e+03
3.375891546990051354e-15 7.721078186803821236e-17 8.339292417768227097e+03
3.787843827443475095e-15 8.287270633223038940e-17 8.340047137561330601e+03
4.413042464603792212e-15 8.748459346000694599e-17 8.340801859265477106e+03
4.498772633989020172e-15 9.086619277538846328e-17 8.341556582880666610e+03
4.204350670034976170e-15 9.322815945420824099e-17 8.342311308406900935e+03
3.679944968701163682e-15 9.400427146010302603e-17 8.343066035844180078e+03
3.724686279794304582e-15 9.429753269686906376e-17 8.343820765192502222e+03
3.695438655953253402e-15 9.485360585640119865e-17 8.344575496451865547e+03
3.065480143410587114e-15 9.541844329490422295e-17 8.345330229622271872e+03
3.287752785577523215e-15 9.736651809902598139e-17 8.346084964703721198e+03
3.013039472386905591e-15 9.920348404626020477e-17 8.346839701696217162e+03
3.475854913939020510e-15 1.010110609456076731e-16 8.347594440599752488e+03
3.669189215421640743e-15 1.025215267422821361e-16 8.348349181414330815e+03
3.845110017493780890e-15 1.036492556968847690e-16 8.349103924139952142e+03
3.602776950683701308e-15 1.039294045363723114e-16 8.349858668776616469e+03
3.384491585702522849e-15 1.020825114898431034e-16 8.350613415324321977e+03
3.318363502329719154e-15 9.795115678047209972e-17 8.351368163783072305e+03
3.334365016514819121e-15 9.242857153866379461e-17 8.352122914152861995e+03
3.570806260396889351e-15 8.684464598754648091e-17 8.352877666433694685e+03
3.826914544780336619e-15 8.155280591053749998e-17 8.353632420625572195e+03
4.152931563425043868e-15 7.637028167661510993e-17 8.354387176728489067e+03
3.800295396870736981e-15 7.165702980714801971e-17 8.355141934742448939e+03
3.827617925140534033e-15 6.852331678415712898e-17 8.355896694667448173e+03
3.674495597978797998e-15 6.728596859240149497e-17 8.356651456503492227e+03
3.653098783675708000e-15 6.736154220235869305e-17 8.357406220250577462e+03
3.442605272051181342e-15 6.766534978384806623e-17 8.358160985908703879e+03
3.297777729431928768e-15 6.723709363606586930e-17 8.358915753477871476e+03
3.442830285865711265e-15 6.584296420188904453e-17 8.359670522958080255e+03
3.723606852633378185e-15 6.386826394395891450e-17 8.360425294349330215e+03
3.945656370667600527e-15 6.203047628525800970e-17 8.361180067651624995e+03
4.069462271695967376e-15 6.076921817418768840e-17 8.361934842864955499e+03
3.779953612952620737e-15 5.836199214083573381e-17 8.362689619989330822e+03
3.926617592292543716e-15 5.655693093810330495e-17 8.363444399024745508e+03
3.770934651249956290e-15 5.530886206525304884e-17 8.364199179971201374e+03
3.877343231744240309e-15 5.482178397569392657e-17 8.364953962828698423e+03
3.696595024149178275e-15 5.480982392509964457e-17 8.365708747597236652e+03
3.809756505525713121e-15 5.483362542791717518e-17 8.366463534276814244e+03
3.558466438154116232e-15 5.477410994749312245e-17 8.367218322867433017e+03
3.688590689506555004e-15 5.470937779524324285e-17 8.367973113369091152e+03
3.789042791748137090e-15 5.462212010632462129e-17 8.368727905781794107e+03
3.747349606028184456e-15 5.448300009475181095e-17 8.369482700105530967e+03
3.870885318915062368e-15 5.429489815228354580e-17 8.370237496340309008e+03
3.786379939017571382e-15 5.329913946439910344e-17 8.370992294486130049e+03
3.635712821385931138e-15 5.237775065969064356e-17 8.371747094542988634e+03
3.790218316900431982e-15 5.220076253210649189e-17 8.372501896510890219e+03
3.885591004092174051e-15 5.064480164308838461e-17 8.373256700389829348e+03
3.860293878774091566e-15 5.010597859858069970e-17 8.374011506179809658e+03
3.577394894830164798e-15 5.041371694003363614e-17 8.374766313880827511e+03
3.642486330129627616e-15 5.175006932875921963e-17 8.375521123492886545e+03
3.720299914735313640e-15 5.363541149389744620e-17 8.376275935015983123e+03
4.017112921475370833e-15 6.012949265588808097e-17 8.379295200218770333e+03
3.975426665103036082e-15 6.082696818274100476e-17 8.380050021297061903e+03
3.724457952650917525e-15 6.105269507267108338e-17 8.380804844286392836e+03
3.818483725744471501e-15 6.109340391456884757e-17 8.381559669186764950e+03
3.736108104408464196e-15 6.102710172845172635e-17 8.382314495998176426e+03
3.900638894083463156e-15 6.110783041819624790e-17 8.383069324720625445e+03
3.731111961123388062e-15 6.107443004573471932e-17 8.383824155354113827e+03
3.936036264822288412e-15 6.106701719952509387e-17 8.384578987898639753e+03
3.688943286507975211e-15 6.105307635428137379e-17 8.385333822354205040e+03
3.871803862438932717e-15 6.107173065115289198e-17 8.386088658720807871e+03
3.634059474528634137e-15 6.082197912429302422e-17 8.386843496998448245e+03
3.851890300412290565e-15 6.043840879276355065e-17 8.387598337187126162e+03
3.721260051183901184e-15 5.948132597731265378e-17 8.388353179286845261e+03
3.734351570091323411e-15 5.787151716605481838e-17 8.389108023297600084e+03
3.663394757215623617e-15 5.584705074683012400e-17 8.389862869219392451e+03
3.561369828602999672e-15 5.434691302585189311e-17 8.390617717052220542e+03
2.754128439559569423e-15 5.478343560928506855e-17 8.391372566796091633e+03
2.683260849225200526e-15 5.828675429702665768e-17 8.392127418450996629e+03
2.753593458455517643e-15 6.337965731772966363e-17 8.392882272016940988e+03
3.029690899054346252e-15 6.800955225243516083e-17 8.393637127493922890e+03
3.728770924507521113e-15 7.227438497518551819e-17 8.394391984881938697e+03
3.717044330013415524e-15 7.640365478691438534e-17 8.395146844180995686e+03
4.005239719630211618e-15 8.003704839366820486e-17 8.395901705391086580e+03
4.007090393772327452e-15 8.217914216535282164e-17 8.396656568512218655e+03
3.690090547795733969e-15 8.329312624476490724e-17 8.397411433544386455e+03
3.322888169441197931e-15 8.350581654864235310e-17 8.398166300487588160e+03
3.687071132491994215e-15 8.350498170150302694e-17 8.398921169341829227e+03
3.571653352109342821e-15 8.357976215414667765e-17 8.399676040107104200e+03
3.342268374488209203e-15 8.365104036985697794e-17 8.400430912783420354e+03
3.505224467489597857e-15 8.366563632918612492e-17 8.401185787370770413e+03
3.590070235492807260e-15 8.453204130387887171e-17 8.401940663869156197e+03
3.651145027239843026e-15 8.519255100948463644e-17 8.402695542278579524e+03
3.472120774065058190e-15 8.391442362233056279e-17 8.403450422599042213e+03
3.470074425942608705e-15 8.355355976992017196e-17 8.404205304830535169e+03
3.436358431759408288e-15 8.216532458012180980e-17 8.404960188973065669e+03
3.289450508085538065e-15 7.868364462603457195e-17 8.405715075026637351e+03
3.358590070670660353e-15 7.394418569018056681e-17 8.406469962991239299e+03
2.978162717787718245e-15 6.917793695185898788e-17 8.407224852866878791e+03
3.166023513894460231e-15 6.547554336438603650e-17 8.407979744653554008e+03
3.466365950117092497e-15 6.272399371041134320e-17 8.408734638351263129e+03
3.425313035145566812e-15 6.027077468128812686e-17 8.409489533960011613e+03
3.977631647853384450e-15 5.898076182128862768e-17 8.410244431479794002e+03
3.871677272296039945e-15 5.892943672493751032e-17 8.410999330910612116e+03
3.965628235236831065e-15 6.015081514919202684e-17 8.411754232252464135e+03
3.898851818831993913e-15 6.134571590245805477e-17 8.412509135505353697e+03
3.818743686183796556e-15 6.190860722248918196e-17 8.413264040669277165e+03
3.765678243020919572e-15 6.197114255389998443e-17 8.414018947744236357e+03
3.642475993539085521e-15 6.183913455485886210e-17 8.414773856730227635e+03
3.650024458530341170e-15 6.172790007767187598e-17 8.415528767627256457e+03
3.697010927735753376e-15 6.169541462036143768e-17 8.416283680435321003e+03
3.773737311535435862e-15 6.166873864659546374e-17 8.417038595154417635e+03
3.706645933230336038e-15 6.166756231558194084e-17 8.417793511784549992e+03
3.577188299332309278e-15 6.171059406272212592e-17 8.418548430325718073e+03
3.676426761984980183e-15 6.180956583375975390e-17 8.419303350777918240e+03
3.655368798133495434e-15 6.199165716469209107e-17 8.420058273141152313e+03
3.626996789590902015e-15 6.202459092504269738e-17 8.420813197415423929e+03
3.537975853923101041e-15 6.180754153614072948e-17 8.421568123600727631e+03
2.711853035283852589e-15 6.196091193904877162e-17 8.422323051697068877e+03
2.419812988541228971e-15 6.497373981998301701e-17 8.423077981704440390e+03
2.632937016328397478e-15 6.980236884726630332e-17 8.423832913622845808e+03
3.130585079611774286e-15 7.402918581262406128e-17 8.424587847452286951e+03
3.898465520807948616e-15 7.768910962774039560e-17 8.425342783192760180e+03
4.166608203865464587e-15 8.102835963291433261e-17 8.426097720844267315e+03
4.369930394327347300e-15 8.407239590799423893e-17 8.426852660406810173e+03
4.192466162423109299e-15 8.669036362964182092e-17 8.427607601880385118e+03
3.974471882207694029e-15 8.798594316340463727e-17 8.428362545264993969e+03
3.840138090422873292e-15 8.804691842643067528e-17 8.429117490560634906e+03
3.695622038019806399e-15 8.809544171474102027e-17 8.429872437767306110e+03
3.578695513578310510e-15 8.777023585735114163e-17 8.430627386885018495e+03
3.710718821494074049e-15 8.742786505344442659e-17 8.431382337913757510e+03
3.686474809799389564e-15 8.717602801246836948e-17 8.432137290853534068e+03
3.449351982342550827e-15 8.459128724959502584e-17 8.435912084217892698e+03
3.515242307774897793e-15 8.025032446001886845e-17 8.436667048623863593e+03
3.354419851824173999e-15 7.537175637115986142e-17 8.437422014940866575e+03
3.428974171640307098e-15 7.045805146842247813e-17 8.438176983168901643e+03
3.237479217130357573e-15 6.669875710788969183e-17 8.438931953307968797e+03
3.430054975835891298e-15 6.445206773847503260e-17 8.439686925358066219e+03
3.334802996940794575e-15 6.292766574013609331e-17 8.440441899319197546e+03
3.717540944598899614e-15 6.204849543413751216e-17 8.441196875191362778e+03
3.733615103384230844e-15 6.288985383896718962e-17 8.441951852974558278e+03
3.907342125999017904e-15 6.474330801049155308e-17 8.442706832668784045e+03
3.977448274836491507e-15 6.691916585213415724e-17 8.443461814274043718e+03
3.697138419305603067e-15 6.861357786273133824e-17 8.444216797790331839e+03
3.055043625014889136e-15 6.979503608040373226e-17 8.444971783217653865e+03
3.293052687121169710e-15 7.123620574563691655e-17 8.445726770556007978e+03
3.394076950311647665e-15 7.273662883312788456e-17 8.446481759805392358e+03
3.536730258876440929e-15 7.414080335195847347e-17 8.447236750965808824e+03
3.508358599969616167e-15 7.509629637087246407e-17 8.447991744037255557e+03
3.824834411412595341e-15 7.605454289071627984e-17 8.448746739019734378e+03
3.856304130328827215e-15 7.695837064886532979e-17 8.449501735913243465e+03
3.753997228729921683e-15 7.736526716165041071e-17 8.450256734717782820e+03
3.711914078262414005e-15 7.732592973739421668e-17 8.451011735433352442e+03
3.529633898896996355e-15 7.705960820705267474e-17 8.451766738059955969e+03
3.398889509058793868e-15 7.612264846954692829e-17 8.452521742597586126e+03
3.307073307212381423e-15 7.380134184477227118e-17 8.453276749046250188e+03
3.403385918357941667e-15 7.105859495954704911e-17 8.454031757405942699e+03
3.602459778008345329e-15 6.847298387644689564e-17 8.454786767676669115e+03
3.715264615417029251e-15 6.603563623031813588e-17 8.455541779858420341e+03
3.643809006642090219e-15 6.372610672766825796e-17 8.456296793951205473e+03
3.238496450116931190e-15 6.232157114393261794e-17 8.457051809955020872e+03
2.841433363322849265e-15 6.270471304845597852e-17 8.457806827869866538e+03
2.792121636306025690e-15 6.517157564762653421e-17 8.458561847695738834e+03
2.881551096999768168e-15 6.785763417189387026e-17 8.459316869432643216e+03
3.374919144504675597e-15 7.003618662351751237e-17 8.460071893080577865e+03
3.724341829162834533e-15 7.198969802893630789e-17 8.460826918639540963e+03
3.971669561190084423e-15 7.373204636751663949e-17 8.461581946109537967e+03
4.238152122277373653e-15 7.516954002712238707e-17 8.462336975490559780e+03
4.128580828431799321e-15 7.591624741887185015e-17 8.463092006782611861e+03
3.579089887026292148e-15 7.602710062253833910e-17 8.463847039985696028e+03
3.844325699366468052e-15 7.588309304859279163e-17 8.464602075099806825e+03
3.483467235711183237e-15 7.599944928939460471e-17 8.465357112124947889e+03
3.650459829507827108e-15 7.618358650683425949e-17 8.466112151061119221e+03
3.688914393791518164e-15 7.637900359711193051e-17 8.466867191908317182e+03
3.531118339371906166e-15 7.661485808297024475e-17 8.467622234666543591e+03
3.803411741458512791e-15 7.685051559707813243e-17 8.468377279335802086e+03
3.835806252106355832e-15 7.706783286093410835e-17 8.469132325916085392e+03
3.468122288599822400e-15 7.720744469137603639e-17 8.469887374407400785e+03
3.833145403996320846e-15 7.684915542619686874e-17 8.470642424809744625e+03
3.715938175888651537e-15 7.528739394502077555e-17 8.471397477123115095e+03
3.596628061685815263e-15 7.230384565048487559e-17 8.472152531347517652e+03
3.639372148734219250e-15 6.815320187660968145e-17 8.472907587482943200e+03
3.661275664528317382e-15 6.370630495030328252e-17 8.473662645529400834e+03
3.827978386179368971e-15 5.939296736548877347e-17 8.474417705486888735e+03
3.899517849164017573e-15 5.550962859517436262e-17 8.475172767355399628e+03
3.828337062491998129e-15 5.172937307445119234e-17 8.475927831134940789e+03
3.808501546492700726e-15 4.887309378220041809e-17 8.476682896825510397e+03
3.903085641367013986e-15 4.763711962893072942e-17 8.477437964427106635e+03
3.792882353693461535e-15 4.737878405684286499e-17 8.478193033939731322e+03
3.917342200453603173e-15 4.727593931171881573e-17 8.478948105363382638e+03
3.758773032942086313e-15 4.718716565012555376e-17 8.479703178698062402e+03
3.751830157307549137e-15 4.713479016422246402e-17 8.480458253943772434e+03
3.786001202866406730e-15 4.695385514264110764e-17 8.481213331100505457e+03
3.754755355742055762e-15 4.671109417952348985e-17 8.481968410168266928e+03
3.961008160313894442e-15 4.649477664400202845e-17 8.482723491147058667e+03
3.900075845512256314e-15 4.637938948568813072e-17 8.483478574036875216e+03
3.884795186074920423e-15 4.627916015339232719e-17 8.484233658837718394e+03
3.814050655939947097e-15 4.635973598430706297e-17 8.484988745549591840e+03
3.609073540442783923e-15 4.695896020154823488e-17 8.485743834172488278e+03
3.506614864712324033e-15 4.833968591423004043e-17 8.486498924706411344e+03
3.521343938880505622e-15 4.962928427193745315e-17 8.487254017151364678e+03
3.740449486235840106e-15 5.096316102091470469e-17 8.488009111507342823e+03
3.528398633616245432e-15 5.227030759065219444e-17 8.488764207774349416e+03
4.056999103609101374e-15 5.336640753442618415e-17 8.489519305952380819e+03
3.735141301715559426e-15 5.435981078078155895e-17 8.490274406041440670e+03
3.890772970421905858e-15 5.507212509162862235e-17 8.491029508041523513e+03
3.515671070783714768e-15 5.549585614903440385e-17 8.491784611952632986e+03
3.771406972592679752e-15 5.580444434807507097e-17 8.492539717774770907e+03
3.530867280331131681e-15 5.583999993012675495e-17 8.493294825507933638e+03
3.558782421267821920e-15 5.599197202179259420e-17 8.494049935152121179e+03
3.786825976572532663e-15 5.626345753459111417e-17 8.494805046707337169e+03
3.849240201755579347e-15 5.660909218485074635e-17 8.495560160173577970e+03
3.539590727839796176e-15 5.711192521196155470e-17 8.496315275550843580e+03
3.429362735812782004e-15 5.853128688800189603e-17 8.497070392839137639e+03
3.212877488738683115e-15 6.086528609886402673e-17 8.497825512038452871e+03
3.473133577597877761e-15 6.359392112760872155e-17 8.498580633148798370e+03
3.556492947049198528e-15 6.575977020101620431e-17 8.499335756170166860e+03
3.528842399342765594e-15 6.682485636115938357e-17 8.500090881102561980e+03
3.967037269814876006e-15 6.777222832875443499e-17 8.500846007945980091e+03
3.985799351541594663e-15 6.841342313727875440e-17 8.501601136700426650e+03
4.133293617945855799e-15 6.860063442687283528e-17 8.502356267365896201e+03
3.894968927724431774e-15 6.822326222325984784e-17 8.503111399942390563e+03
3.768434865890878264e-15 6.942673037098409955e-17 8.503866534429911553e+03
4.072403215884221450e-15 6.727296275477939572e-17 8.504621670828455535e+03
3.675341231325306098e-15 6.588500544669771013e-17 8.505376809138024328e+03
3.757496580143753180e-15 6.565658828423453338e-17 8.506131949358619750e+03
3.707857536925281220e-15 6.567478910698128121e-17 8.506887091490236344e+03
3.833888590683658337e-15 6.537670754863914496e-17 8.507642235532881386e+03
3.789561306217516634e-15 6.633948617907876983e-17 8.508397381486547602e+03
3.703172833474971795e-15 6.126239436907843664e-17 8.511417984411462385e+03
3.724531592419919482e-15 5.861951320118298998e-17 8.512173139920250833e+03
3.694405194606337987e-15 5.611432905602459652e-17 8.512928297340064091e+03
3.644911793315962587e-15 5.378348347244146322e-17 8.513683456670902160e+03
3.838977493378394223e-15 5.158570709119862781e-17 8.514438617912761401e+03
3.899448274019587301e-15 4.960450597360633337e-17 8.515193781065645453e+03
3.922640785661657117e-15 4.806785976145412073e-17 8.515948946129552496e+03
3.702925079030515684e-15 4.737578741733419279e-17 8.516704113104484350e+03
3.665396326375052235e-15 4.730163619128468908e-17 8.517459281990442832e+03
3.674800840889003171e-15 4.740688690020264152e-17 8.518214452787418850e+03
3.719374866035185327e-15 4.745365451777503637e-17 8.518969625495419677e+03
3.646146442755832072e-15 4.745079745183436939e-17 8.519724800114443497e+03
3.584841658715273541e-15 4.752314423514679512e-17 8.520479976644492126e+03
3.738053744525715707e-15 4.802123281739970922e-17 8.521235155085563747e+03
3.474820109628248420e-15 4.781983797527294104e-17 8.521990335437654721e+03
3.649115658738115627e-15 4.741317903454086251e-17 8.522745517700772325e+03
3.499202276948806050e-15 4.737681762193997287e-17 8.523500701874911101e+03
3.491342844536687327e-15 4.732421559147941730e-17 8.524255887960074688e+03
3.296090104518851510e-15 4.731667451792904079e-17 8.525011075956259447e+03
3.404017757071114915e-15 4.706105452699941599e-17 8.525766265863465378e+03
3.547102735294592899e-15 4.693474488189908068e-17 8.526521457681694301e+03
3.493756426690370408e-15 4.693974651869527578e-17 8.527276651410946215e+03
3.417993659051444343e-15 4.680591400834817369e-17 8.528031847051221121e+03
3.517539896236516967e-15 4.671777178786249685e-17 8.528787044602519018e+03
3.476595039215388921e-15 4.666639119808869847e-17 8.529542244064836268e+03
3.687971963319284798e-15 4.671531120629466307e-17 8.530297445438180148e+03
3.409680441720772801e-15 4.699451122134679862e-17 8.531052648722543381e+03
3.555549955018336253e-15 4.765471190679027224e-17 8.531807853917927787e+03
3.684354129394301602e-15 4.836578631929456318e-17 8.532563061024333365e+03
3.730526844453590044e-15 4.914771394612958100e-17 8.533318270041760115e+03
3.714474639618805589e-15 4.986906143183311653e-17 8.534073480970211676e+03
3.965681326266405683e-15 5.052134929572320431e-17 8.534828693809682591e+03
3.709582799988656289e-15 5.112167965413377705e-17 8.535583908560176496e+03
3.668126270458193083e-15 5.158343641599974965e-17 8.536339125221689756e+03
3.906330770291898624e-15 5.181318835858471237e-17 8.537094343794226006e+03
3.798757815413322707e-15 5.198315149875507337e-17 8.537849564277781610e+03
3.870176577288957159e-15 5.216903902787287602e-17 8.538604786672360206e+03
4.038757007775656719e-15 5.686868630665962885e-17 8.539360010977959973e+03
3.722951734423984775e-15 5.284848125573334931e-17 8.540115237194579095e+03
3.680953833668710534e-15 5.290471666204916357e-17 8.540870465322219388e+03
3.648719633007728551e-15 5.384839555431881632e-17 8.541625695360882673e+03
3.610079741001070533e-15 5.502398145681469865e-17 8.542380927310565312e+03
3.772194068791963184e-15 5.600974936267432469e-17 8.543136161171267304e+03
3.842457323920537145e-15 5.690894261255876853e-17 8.543891396942992287e+03
3.968267330078857472e-15 5.749026128967259212e-17 8.544646634625736624e+03
3.692038872100089077e-15 5.771603743962653003e-17 8.545401874219502133e+03
3.730441276039133039e-15 5.766847407690349025e-17 8.546157115724288815e+03
3.564840408705147623e-15 5.740976425240846195e-17 8.546912359140093031e+03
3.790166022096250084e-15 5.690738256962912800e-17 8.547667604466918419e+03
3.469373616972045322e-15 5.646590818248373276e-17 8.548422851704763161e+03
3.577504006837298386e-15 5.605192223291987967e-17 8.549178100853630895e+03
3.732838579157165614e-15 5.581847126776756788e-17 8.549933351913514343e+03
3.730709077004707370e-15 5.584634307748800767e-17 8.550688604884420783e+03
3.409306127442932306e-15 5.562819107062728779e-17 8.551443859766346577e+03
3.753532173705028498e-15 5.588763620837666752e-17 8.552199116559291724e+03
3.613820811976079086e-15 5.591399255770845527e-17 8.552954375263256225e+03
3.749599808913096463e-15 5.600745909355469126e-17 8.553709635878240078e+03
3.709053634600395337e-15 5.580193732998114612e-17 8.554464898404243286e+03
3.596069300899199871e-15 5.500545316350267813e-17 8.555220162841265847e+03
3.644133787106612443e-15 5.385368804246652874e-17 8.555975429189307761e+03
3.655217495519197402e-15 5.258414915019721167e-17 8.556730697448370847e+03
3.610286613027974307e-15 5.139027065407899284e-17 8.557485967618449649e+03
3.727242723679368451e-15 5.023470111832322318e-17 8.558241239699549624e+03
3.794386671885750222e-15 4.914450451335651911e-17 8.558996513691667133e+03
3.679439483907954391e-15 4.822725002043892889e-17 8.559751789594805814e+03
3.651885476980703802e-15 4.770470113186632439e-17 8.560507067408962030e+03
3.542082250524537430e-15 4.747766086968358064e-17 8.561262347134135780e+03
3.376924817719322635e-15 4.733838649153798344e-17 8.562017628770328884e+03
3.269154311509818927e-15 4.718539864475813935e-17 8.562772912317541341e+03
3.365543077422084696e-15 4.712659799292677833e-17 8.563528197775773151e+03
2.983583341350997712e-15 4.699742363203816021e-17 8.564283485145020677e+03
2.973136970438167448e-15 4.696586264515670014e-17 8.567304653732200677e+03
3.067807350604924704e-15 4.695583624504361832e-17 8.568059950656541332e+03
2.809382067090886016e-15 4.699026410629825597e-17 8.568815249491894065e+03
3.035760830035047215e-15 4.702955833844186974e-17 8.569570550238273427e+03
3.052983547033699501e-15 4.699588035581337109e-17 8.570325852895664866e+03
3.217289354490932656e-15 4.705268344846665716e-17 8.571081157464075659e+03
3.124158279088536089e-15 4.708553810626443680e-17 8.571836463943502167e+03
2.984630439192949209e-15 4.707736755594413419e-17 8.572591772333949848e+03
3.084597122907633811e-15 4.712130027800114866e-17 8.573347082635415063e+03
3.257446303928879519e-15 4.713673979249823879e-17 8.574102394847894175e+03
2.990488670610060107e-15 4.716424686869202610e-17 8.574857708971392640e+03
3.227005856577680699e-15 4.717156081657093921e-17 8.575613025005906820e+03
3.466094834804451440e-15 4.718251736748685530e-17 8.576368342951438535e+03
3.666154950205976828e-15 4.695689153348935833e-17 8.577123662807989604e+03
3.600047454853956858e-15 4.697221188723621690e-17 8.577878984575554568e+03
3.432658539959649683e-15 4.699003456823404284e-17 8.578634308254138887e+03
3.608793455009984794e-15 4.699431037397063102e-17 8.579389633843737101e+03
3.376505344803089831e-15 4.710640989829933304e-17 8.580144961344354670e+03
3.577991738581135912e-15 4.739457998180883617e-17 8.580900290755989772e+03
3.781097177682789291e-15 4.775232866792800145e-17 8.581655622078636952e+03
3.601502183415085602e-15 4.808387438655985865e-17 8.582410955312305305e+03
3.661845594738637107e-15 4.839380132950894735e-17 8.583166290456985735e+03
3.548523611975831179e-15 4.868599689957086805e-17 8.583921627512685518e+03
3.762013513229460789e-15 4.894025880464473656e-17 8.584676966479401017e+03
3.647283948909951660e-15 4.980957082306926014e-17 8.585432307357134050e+03
3.758438495939666523e-15 4.928515904770110339e-17 8.586187650145879161e+03
3.664301961838117346e-15 4.936313381232609336e-17 8.586942994845641806e+03
3.803588045096810097e-15 5.079852562629643873e-17 8.587698341456423805e+03
3.709758442346653763e-15 4.936035045137415616e-17 8.588453689978217881e+03
3.646432265514319124e-15 4.961654645543975947e-17 8.589209040411027672e+03
3.488201552444618689e-15 5.010007679520074288e-17 8.589964392754853179e+03
3.640986964417825167e-15 5.071197488371231696e-17 8.590719747009694402e+03
3.716506981801538875e-15 5.126421643114357093e-17 8.591475103175554977e+03
3.658385625955441380e-15 5.166367264952114194e-17 8.592230461252427631e+03
3.680742817230976162e-15 5.213992981238636510e-17 8.592985821240316000e+03
3.738168857503233114e-15 5.247713167406242552e-17 8.593741183139216446e+03
3.742810298398984425e-15 5.256493137043537321e-17 8.594496546949138065e+03
3.799621786790975048e-15 5.244239873905903634e-17 8.595251912670073580e+03
3.827081369942128777e-15 5.220408809330494319e-17 8.596007280302019353e+03
3.822724257160527460e-15 5.196699382829473652e-17 8.596762649844986299e+03
3.671507607017505467e-15 5.178766275066480630e-17 8.597518021298965323e+03
3.842023652336274082e-15 5.159076319150463690e-17 8.598273394663956424e+03
3.757870876791523136e-15 5.147089896800721427e-17 8.599028769939966878e+03
3.786796004694584465e-15 5.136553728593760066e-17 8.599784147126987591e+03
3.535791298956473075e-15 5.134031598457434819e-17 8.600539526225024019e+03
3.771600478024218093e-15 5.140749044040473192e-17 8.601294907234077982e+03
3.696153745394774430e-15 5.156273183252021112e-17 8.602050290154144022e+03
3.819486463150442157e-15 5.126682141653400193e-17 8.602805674985225778e+03
3.627332213814290105e-15 5.104615068405788833e-17 8.603561061727319611e+03
3.697701944854409171e-15 5.077915468562645598e-17 8.604316450380427341e+03
3.590462209355562139e-15 5.068252651839829312e-17 8.605071840944550786e+03
3.739469835006501032e-15 5.063586080827641898e-17 8.605827233419688127e+03
3.591276195768145563e-15 5.058885347189258790e-17 8.606582627805841184e+03
3.565089173843749083e-15 5.077701095128289594e-17 8.607338024103002681e+03
3.547216063989008486e-15 5.135544705156680239e-17 8.608093422311179893e+03
3.453518076598564807e-15 5.199267304410412082e-17 8.608848822430374639e+03
3.423857984325912394e-15 5.280063859677675919e-17 8.609604224460581463e+03
3.233189954422211840e-15 5.379199500478909384e-17 8.610359628401798545e+03
3.285909295732361021e-15 5.500312825820905314e-17 8.611115034254031343e+03
3.503540522191367671e-15 5.624834725828959563e-17 8.611870442017279856e+03
3.238801869098874475e-15 5.770444016179398638e-17 8.612625851691538628e+03
3.137773806136793737e-15 6.816194010049433719e-17 8.613381263276813115e+03
3.224669175324265759e-15 2.605518544933830495e-16 8.615647509498709042e+03
3.102909740968193260e-15 1.596845106950764516e-16 8.616402928728031839e+03
3.053593245141374714e-15 7.179461525211752833e-17 8.617158349868368532e+03
3.076176455663845060e-15 6.946251157106038825e-17 8.617913772919720941e+03
2.885822383737651356e-15 7.121252740098123351e-17 8.618669197882085427e+03
3.375724875077764987e-15 7.298650289955706722e-17 8.619424624755458353e+03
3.177478459553071243e-15 7.462389406764287430e-17 8.620180053539846995e+03
3.423225041308504013e-15 7.632913488080253323e-17 8.620935484235247714e+03
3.186536115395182844e-15 7.808928750718396686e-17 8.621690916841660510e+03
3.092811966889937476e-15 7.966012815125376997e-17 8.622446351359085384e+03
3.306619135566376724e-15 8.104301702638931578e-17 8.623201787787525973e+03
3.041999883010068143e-15 8.230142927818814510e-17 8.623957226126971364e+03
3.142171459616983645e-15 8.360798246889251281e-17 8.624712666377432470e+03
2.924236056981396021e-15 8.463003920412297752e-17 8.625468108538907472e+03
3.050238334180127340e-15 8.556965746808147059e-17 8.626223552611390915e+03
3.267370126368575514e-15 8.624330883633715837e-17 8.626978998594888253e+03
3.114281182010291692e-15 8.685363565666440330e-17 8.627734446489397669e+03
3.329383996950806226e-15 8.716937816765900487e-17 8.628489896294917344e+03
3.156849136363065036e-15 8.744857575687960282e-17 8.629245348011449096e+03
3.207512866451185570e-15 8.784725092781541558e-17 8.630000801638994744e+03
3.214605232890526831e-15 8.779285677496402703e-17 8.630756257177548832e+03
3.098844828123159094e-15 8.739862498573186176e-17 8.631511714627111360e+03
3.317125151075248189e-15 8.725397737929964601e-17 8.632267173987691422e+03
3.213332263267557796e-15 8.657687864150704869e-17 8.633022635259279923e+03
3.347752691032287136e-15 8.593940424830795840e-17 8.633778098441880502e+03
3.313577306487349696e-15 8.501733233330140034e-17 8.634533563535489520e+03
3.440029880899420187e-15 8.381561301413907226e-17 8.635289030540110616e+03
3.422379921384258232e-15 8.269226425841149093e-17 8.636044499455743789e+03
3.572305484778635262e-15 8.103226957879073243e-17 8.636799970282387221e+03
3.303065368448205971e-15 7.927611164652014610e-17 8.637555443020042730e+03
3.428834830882971679e-15 7.750976371948043285e-17 8.638310917668703041e+03
3.630745979078241290e-15 7.556651831897412870e-17 8.639066394228379067e+03
3.363258418924230812e-15 7.367824886019139796e-17 8.639821872699067171e+03
3.424000313248815531e-15 7.194792337894127215e-17 8.640577353080761895e+03
3.505621624092696422e-15 7.002121760924241174e-17 8.641332835373468697e+03
3.124301627505047534e-15 6.855555323810514920e-17 8.642088319577182119e+03
3.111719157154077550e-15 6.727510288675026297e-17 8.642843805691909438e+03
3.312818512790521232e-15 6.676355597576783960e-17 8.643599293717647015e+03
3.495522159858828663e-15 6.658828454438685287e-17 8.644354783654391213e+03
3.516039494068144969e-15 6.656582335381141310e-17 8.645110275502151126e+03
3.481031319703114017e-15 6.685145187547695420e-17 8.645865769260915840e+03
3.360090967137906494e-15 6.719906707663084589e-17 8.646621264930694451e+03
3.249248834829992889e-15 6.789027471318637563e-17 8.647376762511479683e+03
3.328385847799658668e-15 6.952798175221222115e-17 8.648132262003275173e+03
3.185857236236895805e-15 8.441335440434836206e-17 8.648887763406077283e+03
3.501859895324302779e-15 8.427481823562456005e-17 8.649643266719893290e+03
3.556694009086511579e-15 7.350340430833336698e-17 8.650398771944719556e+03
3.647302569705408034e-15 7.501598370049463211e-17 8.651154279080550623e+03
3.509482736184263121e-15 7.694853870900955708e-17 8.651909788127393767e+03
3.462751352619833360e-15 7.908882543719796366e-17 8.652665299085243532e+03
3.087233843069443163e-15 8.128823743500902366e-17 8.653420811954103556e+03
3.274090005534659075e-15 8.307486115615748814e-17 8.654176326733977476e+03
3.687967355606950699e-15 8.446270005788852653e-17 8.654931843424852559e+03
3.488570872311573124e-15 8.582527744555451502e-17 8.655687362026741539e+03
3.142536998795458040e-15 8.687579983334582254e-17 8.656442882539635320e+03
3.087303513794592190e-15 8.777948889209925218e-17 8.657198404963541179e+03
3.670029290018143337e-15 8.840664381205633839e-17 8.657953929298455478e+03
3.216588137037346107e-15 8.899609802302325218e-17 8.658709455544376397e+03
3.606220323107894631e-15 8.947893726067155311e-17 8.659464983701309393e+03
3.557534181518629899e-15 8.952066753538546653e-17 8.660220513769245372e+03
3.633412001285716706e-15 8.933647535647707929e-17 8.660976045748193428e+03
3.605149272665181509e-15 8.907550175279508578e-17 8.661731579638148105e+03
3.429250248640614983e-15 8.867314303020857079e-17 8.662487115439111221e+03
3.330545366915971660e-15 8.819916082929802547e-17 8.663242653151082777e+03
3.528330652727250085e-15 8.794796065207720848e-17 8.663998192774062773e+03
3.737368830018881819e-15 8.750731947144441406e-17 8.664753734308051207e+03
3.651005966352180241e-15 8.683538636195040839e-17 8.665509277753044444e+03
3.697585357849995343e-15 8.588201462839320074e-17 8.666264823109047938e+03
3.592320065586399708e-15 8.507699354356083800e-17 8.667020370376059873e+03
3.392040695702097315e-15 8.401055184544688677e-17 8.667775919554076609e+03
3.472099766884829107e-15 8.336442241561472825e-17 8.668531470643101784e+03
3.531930255092653032e-15 8.275350829877546755e-17 8.669287023643137218e+03
3.507613838834290295e-15 8.215488824421804273e-17 8.670042578554177453e+03
3.463580228411674840e-15 8.152717433540113640e-17 8.670798135376222490e+03
3.590326177516678496e-15 8.055092460671908140e-17 8.671553694109279604e+03
3.256868615562355136e-15 7.917401683731703083e-17 8.672309254753341520e+03
3.208764420468029295e-15 7.816432595124502084e-17 8.673064817308410056e+03
2.937613516149407199e-15 7.748132422461097718e-17 8.673820381774487032e+03
3.391302739372723845e-15 7.679976549197748268e-17 8.674575948151570628e+03
3.407124025236446954e-15 7.596598926769446781e-17 8.675331516439660845e+03
3.395668129626465443e-15 7.496199893151387376e-17 8.676087086638759502e+03
3.383577590114821554e-15 7.379424283687857512e-17 8.676842658748862959e+03
3.476373418836187886e-15 7.264101058247696911e-17 8.677598232769967581e+03
3.460774078026021605e-15 7.161049265155513534e-17 8.678353808702089736e+03
3.216742527010228432e-15 7.071930156283473183e-17 8.679109386545213056e+03
3.126536540648994239e-15 6.973780136008250880e-17 8.679864966299339358e+03
3.391796817451293552e-15 6.854279705509882047e-17 8.680620547964477737e+03
3.343156412852662960e-15 6.771224466981027239e-17 8.681376131540619099e+03
3.236649352509674949e-15 6.678362013414517965e-17 8.682131717027765262e+03
3.131683056702303340e-15 6.652708556680014781e-17 8.682887304425919865e+03
2.850964123723823950e-15 6.391732113500196539e-17 8.685909673128597206e+03
2.875210986512421733e-15 6.167307897106927037e-17 8.686665270081781273e+03
2.969333657762926753e-15 6.076736739912177899e-17 8.687420868945970142e+03
2.814742713757303042e-15 6.101349657141817455e-17 8.688176469721161993e+03
3.057164789219677417e-15 6.011840495248081366e-17 8.688932072407365922e+03
3.138780135079267180e-15 5.858384032137474055e-17 8.689687677004571015e+03
2.786949052611554229e-15 5.795644613005428654e-17 8.690443283512780908e+03
2.814855817108554709e-15 5.735862214964914553e-17 8.691198891931997423e+03
2.826970749721870252e-15 5.699755788916498874e-17 8.691954502262218739e+03
2.806185878974833741e-15 5.696558842158919055e-17 8.692710114503443037e+03
3.081267709028537213e-15 8.720336734959943036e-17 8.693465728655675775e+03
2.720309106201502197e-15 1.216398767432563220e-16 8.694221344718911496e+03
3.330257090833576632e-15 5.577890857016797991e-17 8.697243828081906031e+03
3.296818480391571693e-15 5.466392022560650926e-17 8.697999453700165759e+03
3.071512058503585011e-15 5.441103482958311612e-17 8.698755081229430289e+03
3.379981840892883471e-15 5.428134993278491673e-17 8.699510710669695982e+03
3.238403074694867580e-15 5.423236932059246727e-17 8.700266342020971933e+03
3.561416769942531469e-15 5.426276111487883349e-17 8.701021975283249049e+03
3.316292926975445718e-15 5.415778319758678352e-17 8.701777610456530965e+03
3.540408675548078190e-15 5.407332414158598870e-17 8.702533247540817683e+03
3.515729058649893560e-15 5.402886301563756995e-17 8.703288886536105565e+03
3.670567881639605179e-15 5.389772862251205392e-17 8.704044527442398248e+03
3.695037791805013729e-15 5.381915870459187428e-17 8.704800170259697552e+03
3.549828740818786905e-15 5.366478462758781472e-17 8.705555814987994381e+03
3.384222800199533575e-15 5.306477909015357035e-17 8.706311461627301469e+03
3.519185877309825999e-15 5.275596577120604916e-17 8.707067110177611539e+03
3.577985281696891526e-15 5.233358708086315040e-17 8.707822760638922773e+03
3.537000458362447036e-15 5.186972183464204228e-17 8.708578413011238808e+03
3.527106190869394268e-15 5.142403730213723541e-17 8.709334067294556007e+03
3.571457495546134237e-15 5.105301504399626240e-17 8.710089723488879827e+03
3.510251846238240507e-15 5.077299089261634233e-17 8.710845381594204810e+03
3.448292980122730709e-15 5.144557767018410404e-17 8.711601041610534594e+03
3.417677862363481646e-15 5.015228196791189052e-17 8.712356703537865542e+03
3.488461395818371437e-15 4.968649001835483659e-17 8.713112367376201291e+03
3.419168786687521904e-15 4.940640287202804665e-17 8.713868033125538204e+03
3.525025575214266867e-15 4.908458556831243170e-17 8.714623700785879919e+03
3.512740305748664405e-15 4.874543420794161901e-17 8.715379370357226435e+03
3.578684627186880162e-15 4.847386552862809476e-17 8.716135041839570476e+03
3.522676486489193989e-15 4.828752284993096338e-17 8.716890715232919320e+03
3.384186676349466959e-15 4.809532316947708624e-17 8.717646390537271145e+03
3.492109161760502078e-15 4.797678030436447676e-17 8.718402067752627772e+03
3.413525722543135362e-15 4.797745862191966251e-17 8.719157746878983744e+03
3.440630697847542071e-15 4.802685022445959264e-17 8.719913427916342698e+03
3.549423412634205529e-15 4.826120379223668471e-17 8.720669110864702816e+03
3.630228845035811953e-15 4.838676101707051961e-17 8.721424795724065916e+03
3.531809129618558392e-15 4.871179430318587277e-17 8.722180482494433818e+03
3.602997223322534695e-15 5.319354525521707880e-17 8.725203248685915241e+03
3.710117675099315272e-15 5.275257525175972465e-17 8.725958945011290780e+03
3.605137486444566531e-15 4.902593342927037865e-17 8.726714643247667482e+03
3.675723531201875989e-15 4.895714122754738694e-17 8.727470343395048985e+03
3.425622642348331784e-15 4.889772844060981843e-17 8.728226045453429833e+03
3.835570018653240215e-15 4.885456484007094283e-17 8.728981749422810026e+03
3.587852045065427867e-15 4.908776094109137803e-17 8.729737455303191382e+03
3.722515236209955311e-15 4.939597012432077828e-17 8.730493163094577540e+03
3.587222501457591197e-15 4.874063592519253784e-17 8.731248872796961223e+03
3.486455543072963747e-15 4.829668025824147226e-17 8.732004584410349707e+03
3.405116085504069807e-15 4.827637937854931069e-17 8.732760297934735718e+03
3.706512710404985272e-15 4.900738466345308192e-17 8.733516013370124710e+03
3.600805824906129687e-15 4.812264354819035978e-17 8.734271730716518505e+03
3.493079585903283237e-15 4.805141013422733124e-17 8.735027449973908006e+03
3.375216019202837492e-15 4.799673034611110799e-17 8.735783171142296851e+03
3.453743008631556519e-15 4.800552446319297393e-17 8.736538894221692317e+03
3.429150502819358136e-15 4.833191656522420885e-17 8.737294619212083489e+03
3.465881742724333412e-15 4.859416586609754305e-17 8.738050346113477644e+03
3.552615362619614760e-15 4.833817635404579400e-17 8.738806074925872963e+03
3.593000852324282863e-15 4.847945434290566913e-17 8.739561805649267626e+03
3.435738598577496777e-15 4.863880759197634880e-17 8.740317538283661634e+03
3.586003392915390559e-15 4.894120923176006458e-17 8.741073272829056805e+03
3.531756752665890562e-15 4.911454296993020376e-17 8.741829009285451320e+03
3.671751055122698995e-15 4.937290698998225368e-17 8.742584747652847000e+03
3.590867757830485309e-15 5.011732060646991927e-17 8.743340487931243842e+03
3.670209823087761098e-15 5.038866208413649052e-17 8.744096230120640030e+03
3.586831788129230979e-15 5.001169570750630980e-17 8.744851974221033743e+03
3.664145199629406821e-15 5.014744251194700591e-17 8.745607720232430438e+03
3.510864385824500870e-15 5.018581200639969595e-17 8.746363468154826478e+03
3.559325291853577255e-15 5.011386356747595520e-17 8.747119217988220043e+03
3.638026173271802549e-15 5.012130166620262048e-17 8.747874969732616592e+03
3.670549228260176540e-15 5.003841649626611398e-17 8.748630723388010665e+03
3.642131498353481242e-15 5.016491826742131155e-17 8.749386478954402264e+03
3.846049833929306189e-15 5.240183828784019365e-17 8.750142236431795027e+03
3.375465000761189355e-15 5.063948639242470284e-17 8.750897995820187134e+03
3.494902824443371005e-15 5.164028849089102736e-17 8.751653757119580405e+03
3.179453702064317001e-15 5.331539515868276683e-17 8.752409520329969382e+03
3.141737618015951402e-15 5.547831302954188245e-17 8.753165285451359523e+03
2.808348116320732535e-15 5.887176949820455260e-17 8.753921052483747189e+03
3.058500563458369165e-15 6.324614240274580996e-17 8.754676821427136019e+03
3.313131832590650298e-15 6.732420988742097852e-17 8.755432592281522375e+03
3.357006635292625890e-15 7.080523264376561679e-17 8.756188365046909894e+03
3.282507329001400163e-15 7.377472182049177137e-17 8.756944139723291300e+03
3.284898116543469209e-15 7.565547557920729682e-17 8.757699916310677509e+03
3.366984896311616586e-15 7.791130359201067742e-17 8.758455694809057604e+03
3.230871571726189074e-15 8.009599006515969345e-17 8.759211475218437045e+03
2.612787035220983746e-15 8.218924235726934903e-17 8.759967257538814010e+03
2.417395052159956674e-15 8.514921071319390452e-17 8.760723041770192140e+03
2.450443383082473809e-15 8.861928530184175340e-17 8.761478827912567795e+03
2.840639774031517821e-15 9.165151339007259173e-17 8.762234615965939156e+03
3.334276503245204214e-15 9.449822756637995159e-17 8.762990405930311681e+03
3.396128506173967909e-15 9.684709285183184474e-17 8.763746197805679913e+03
3.563869051698255260e-15 9.873998129118330352e-17 8.764501991592049308e+03
3.521005696744932695e-15 9.981219808166889344e-17 8.765257787289414409e+03
3.198599693984431125e-15 9.996553607583679596e-17 8.766013584897777037e+03
3.023248873449946081e-15 9.943588918098127031e-17 8.766769384417137189e+03
2.865883404799032277e-15 9.817596548670754241e-17 8.767525185847496687e+03
2.667071582632895728e-15 9.658723726756832148e-17 8.768280989188853709e+03
2.879073093952883287e-15 9.544206271157567700e-17 8.769036794441206439e+03
2.608532358579930243e-15 9.507481127556939160e-17 8.769792601604558513e+03
2.225295490723673102e-15 9.588785518841411009e-17 8.770548410678908112e+03
2.436336275126587271e-15 9.831079781213626695e-17 8.771304221664255238e+03
2.960730110160010052e-15 1.010387035504847612e-16 8.772060034560596250e+03
2.832846920138903845e-15 1.038377773802444636e-16 8.772815849367936607e+03
3.309436569471571088e-15 1.044629634281412469e-16 8.773571666086274490e+03
3.278947783607448070e-15 1.044954262061185345e-16 8.774327484715609899e+03
3.468456127811599138e-15 1.033120545830393557e-16 8.775083305255942832e+03
3.574329221259343845e-15 1.016388627227580184e-16 8.775839127707271473e+03
3.047280757626948574e-15 9.016924755720474778e-17 8.778862436622552195e+03
3.161049265995663251e-15 8.849481488860185043e-17 8.779618268628866645e+03
3.040401287001818982e-15 8.762000884645441019e-17 8.780374102546173162e+03
3.149155647524305271e-15 8.712080724421529160e-17 8.781129938374477206e+03
3.016687252160437012e-15 8.656405866312253092e-17 8.781885776113780594e+03
2.961106385695789488e-15 8.582292403860180235e-17 8.782641615764077869e+03
2.407679806212165780e-15 8.444084478540645706e-17 8.783397457325372670e+03
2.640382856372350552e-15 8.330140751892590533e-17 8.784153300797661359e+03
2.559339722054124715e-15 8.082471659223819604e-17 8.784909146180947573e+03
3.191779720338973945e-15 7.772473935986251693e-17 8.785664993475227675e+03
3.555212651618445133e-15 7.445174090538463584e-17 8.786420842680505302e+03
3.708027615515762842e-15 7.151602316564133994e-17 8.787176693796780455e+03
3.955095123161056372e-15 6.906718201388176847e-17 8.787932546824049496e+03
3.726791802668008470e-15 6.687589269265630207e-17 8.788688401762316062e+03
3.323216982474501394e-15 6.489939927499160569e-17 8.789444258611576515e+03
3.455572129213776131e-15 6.381497595181704839e-17 8.790200117371832675e+03
3.335714895906625837e-15 6.369280134541264669e-17 8.790955978043082723e+03
3.395710268913260545e-15 6.390402030188045700e-17 8.791711840625328477e+03
3.677699482558072270e-15 6.418307809929472344e-17 8.792467705118571757e+03
3.504393344251079836e-15 6.434003609957559693e-17 8.793223571522808925e+03
3.437525723220431215e-15 6.447680995168213101e-17 8.793979439838041799e+03
3.650031121752544890e-15 6.469737332328027560e-17 8.794735310064268560e+03
3.438193809577830109e-15 6.471376843005346839e-17 8.795491182201491029e+03
3.158645625945251159e-15 6.462471756007934236e-17 8.796247056249709203e+03
3.772113450498454231e-15 6.387214799469467209e-17 8.797002932208921266e+03
3.121090436846561188e-15 6.224855055896437024e-17 8.797758810079129034e+03
3.495151833946476725e-15 6.021242741237815302e-17 8.798514689860330691e+03
3.429479973078738998e-15 5.811041775317956581e-17 8.799270571552529873e+03
3.621242251133890560e-15 5.607046156617872483e-17 8.800026455155719304e+03
3.400706474824835248e-15 5.417702124841785312e-17 8.800782340669906262e+03
3.747030074549774653e-15 5.239459655092217576e-17 8.801538228095085287e+03
3.618688147404685463e-15 5.104521938420006847e-17 8.802294117431260020e+03
3.640729842884628783e-15 5.042018795534570463e-17 8.803050008678428640e+03
3.472879811174616428e-15 5.040603709980163748e-17 8.803805901836592966e+03
3.553673151116281808e-15 5.056667350100274446e-17 8.804561796905749361e+03
3.468441517600085282e-15 5.078562547298017458e-17 8.805317693885899644e+03
3.557167189747407418e-15 5.099932301324154703e-17 8.806073592777045633e+03
3.656811886894749241e-15 5.113809653853176303e-17 8.806829493579185510e+03
3.594017163981227646e-15 5.122426145531509010e-17 8.807585396292317455e+03
3.592370235003042235e-15 5.129119824938717825e-17 8.808341300916443288e+03
3.643128837883062482e-15 5.112777941768458936e-17 8.809097207451566646e+03
3.472730587963966393e-15 5.106334513893799718e-17 8.809853115897680254e+03
3.822151263829843732e-15 5.091166733534852019e-17 8.810609026254787750e+03
3.700525153153018946e-15 5.085639495590540345e-17 8.811364938522889133e+03
3.782365018382417123e-15 5.080591155050583489e-17 8.812120852701984404e+03
3.703689439273411913e-15 5.082213018933107092e-17 8.812876768792073563e+03
3.620190351884764716e-15 5.075177727175426982e-17 8.813632686793156608e+03
3.479785654779264572e-15 5.073872527513970271e-17 8.814388606705229904e+03
3.636291219054740661e-15 5.073597273803695760e-17 8.815144528528297087e+03
3.345173677888498624e-15 5.066293537288457370e-17 8.815900452262354520e+03
3.398180644221759738e-15 5.057139153510089207e-17 8.816656377907409478e+03
3.243848200668740240e-15 5.086990456399365014e-17 8.817412305463458324e+03
2.989748936103271982e-15 5.232358161188648412e-17 8.818168234930497420e+03
2.113391028126430130e-15 5.604695173727001372e-17 8.818924166308530403e+03
1.447766661510945194e-15 6.423911230514668156e-17 8.819680099597553635e+03
1.646425571361590116e-15 7.528919882168577048e-17 8.820436034797570755e+03
2.266725456440779191e-15 8.523205140262358861e-17 8.821191971908585401e+03
3.349913961078302366e-15 9.357718138377171539e-17 8.821947910930586659e+03
4.320447054839254566e-15 1.006907738949179381e-16 8.822703851863581804e+03
4.636314416068419591e-15 1.068245485112923888e-16 8.823459794707570836e+03
4.797877330023396296e-15 1.119085892426401454e-16 8.824215739462550118e+03
4.319521753024694766e-15 1.155784764395268152e-16 8.824971686128523288e+03
3.538283302947455489e-15 1.172328560812212740e-16 8.825727634705488526e+03
3.071085686350610690e-15 1.181409824387992869e-16 8.826483585193444014e+03
3.263101096929470068e-15 1.190955931279938575e-16 8.827239537592391571e+03
3.245272962029319668e-15 1.203218527210820527e-16 8.827995491902331196e+03
2.509141273647751351e-15 1.221142666855879858e-16 8.828751448123264709e+03
2.082584624535289896e-15 1.247553539312278046e-16 8.829507406255188471e+03
2.240823633268362484e-15 1.276459608452159215e-16 8.830263366298104302e+03
2.585598760055612597e-15 1.299483148849777485e-16 8.831019328252008563e+03
2.529379582706419034e-15 1.315739519288465751e-16 8.831775292116912169e+03
2.721370066453951379e-15 1.318402375492538324e-16 8.832531257892800568e+03
3.185260020639249894e-15 1.294667045416610295e-16 8.833287225579682854e+03
3.103196278199304580e-15 1.245824784277956722e-16 8.834043195177557209e+03
2.847363694230707885e-15 1.179753601642224436e-16 8.834799166686419994e+03
3.080948856556100621e-15 1.109822378087363665e-16 8.835555140106276667e+03
3.825661297422824248e-15 1.054874542403162903e-16 8.836311115437123590e+03
3.677683780803430718e-15 9.791253351003512902e-17 8.837067092678960762e+03
4.055082860660042969e-15 9.155744949641223199e-17 8.837823071831790003e+03
4.019581716887491136e-15 8.697957339648235209e-17 8.838579052895611312e+03
3.897696272198144436e-15 8.470260949263487589e-17 8.839335035870421052e+03
3.836967227493366284e-15 8.371054478620531751e-17 8.840091020756222861e+03
3.923652439990986595e-15 8.295691667198370902e-17 8.840847007553016738e+03
3.936491220691086301e-15 8.216570882089244767e-17 8.841602996260799046e+03
3.680236456982990294e-15 8.070146276083167432e-17 8.842358986879573422e+03
3.614600281658423813e-15 7.829285312518603824e-17 8.843114979409336229e+03
3.737846599001391636e-15 7.526082059209422224e-17 8.843870973850091104e+03
3.694217606279658548e-15 7.231036053557690429e-17 8.844626970201836230e+03
3.851103433352962534e-15 6.962172939863969071e-17 8.845382968464571604e+03
3.904286451933242520e-15 6.697175576358460487e-17 8.846138968638295410e+03
3.681490858120720761e-15 6.448312486089157178e-17 8.846894970723013103e+03
3.536023498155382858e-15 6.237204057022908482e-17 8.847650974718717407e+03
3.370342259136948938e-15 6.115097158614284201e-17 8.848406980625413780e+03
3.523624759288315905e-15 6.061425385840763081e-17 8.849162988443102222e+03
3.598105331397487268e-15 6.044785957282827426e-17 8.849918998171777275e+03
3.582275130632598202e-15 6.036167737985909958e-17 8.850675009811440759e+03
3.372990639999028411e-15 6.027604563331435960e-17 8.851431023362096312e+03
3.291983321774902814e-15 6.021170962921391158e-17 8.852187038823743933e+03
3.508623890091422960e-15 6.017793253868227637e-17 8.852943056196374528e+03
3.740079077190451368e-15 6.011484277484808346e-17 8.853699075479999010e+03
3.415402907400974005e-15 6.016422216706679365e-17 8.854455096674611923e+03
3.317109922818548729e-15 6.017531525276626062e-17 8.855211119780215085e+03
3.434927957578499508e-15 5.972861971673274540e-17 8.855967144796808498e+03
3.358206161127029891e-15 5.880243986993865953e-17 8.856723171724388521e+03
3.372740778691044591e-15 5.772751721481885134e-17 8.857479200562960614e+03
3.481479878192001748e-15 5.686257812694720973e-17 8.858235231312519318e+03
3.208572056507123509e-15 5.637246721698798198e-17 8.858991263973068271e+03
3.024247168602815617e-15 5.696996710322081041e-17 8.859747298544607474e+03
2.915712793612244663e-15 5.924838131238751772e-17 8.860503335027133289e+03
3.290211066022072721e-15 6.187477957549444458e-17 8.861259373420647535e+03
3.077813388840893534e-15 6.481841113985188304e-17 8.862015413725150211e+03
3.402415362601051724e-15 6.748796868855310617e-17 8.862771455940644955e+03
3.967312374723634155e-15 6.984452679393735877e-17 8.863527500067124492e+03
4.029067415966836883e-15 7.191548840504837443e-17 8.864283546104597917e+03
3.680539972591208938e-15 7.336503154501761389e-17 8.865039594053054316e+03
3.393076597907820309e-15 7.395503639501534280e-17 8.865795643912500964e+03
3.725831125573023665e-15 7.392126501927196573e-17 8.866551695682937861e+03
3.447234003431846951e-15 7.430702974292468767e-17 8.867307749364361371e+03
3.449042336373761928e-15 7.324241118061961451e-17 8.868063804956771492e+03
3.840175527638081848e-15 7.279744192753230535e-17 8.868819862460171862e+03
3.555633173310616481e-15 7.223057704789438520e-17 8.869575921874558844e+03
3.393208579137014203e-15 7.243109116778213209e-17 8.870331983199936076e+03
3.332784456498038259e-15 7.199957994017387428e-17 8.871088046436299919e+03
3.346036878419398852e-15 7.168574615208000389e-17 8.871844111583650374e+03
3.295312273296244132e-15 7.127108819764046798e-17 8.872600178641991079e+03
3.260543952163475097e-15 7.030418687983082543e-17 8.873356247611318395e+03
3.392515321181998225e-15 6.819710057210282918e-17 8.874112318491632323e+03
3.689404829965568859e-15 6.548703898255219718e-17 8.874868391282934681e+03
3.488270167661769882e-15 6.294346053482773698e-17 8.875624465985223651e+03
3.851776742625861810e-15 6.059269011466019134e-17 8.876380542598501052e+03
3.573105832360335091e-15 5.882630241857675931e-17 8.877136621122765064e+03
2.502476552928873519e-15 6.004588625741440322e-17 8.877892701558019326e+03
1.738756284003635895e-15 8.912954619111605814e-17 8.878648783904256561e+03
1.764360460757013658e-15 9.547006092112439649e-17 8.879404868161484046e+03
2.156556638509571462e-15 8.177511018807394308e-17 8.880160954329698143e+03
3.365590820307829477e-15 8.843769569446623750e-17 8.880917042408897032e+03
3.899790764796826576e-15 9.426696462599999032e-17 8.881673132399086171e+03
4.688798880909184469e-15 9.942939229471813491e-17 8.882429224300260103e+03
4.682367062606233269e-15 1.036398087189323440e-16 8.883185318112420646e+03
3.786710415985587313e-15 1.061119715796083865e-16 8.883941413835569620e+03
3.254098042606091262e-15 1.066925460592720569e-16 8.884697511469703386e+03
3.499979120195629900e-15 1.068105537721181590e-16 8.885453611014825583e+03
3.128359166727052754e-15 1.067419407792158414e-16 8.886209712470932573e+03
3.302141478055268326e-15 1.066488810188629873e-16 8.886965815838026174e+03
2.778886590894772484e-15 1.064901780339064332e-16 8.887721921116106387e+03
3.225528753025733197e-15 1.063430338720622740e-16 8.888478028305173211e+03
3.150198455474989001e-15 1.061475142665897922e-16 8.889234137405224828e+03
3.209592034739487940e-15 1.059046761753241230e-16 8.889990248416263057e+03
2.876677591251131104e-15 1.052067259883922500e-16 8.890746361338289717e+03
2.594628589810191759e-15 1.027883841086732095e-16 8.891502476171302987e+03
2.929290314068880514e-15 9.830942413597325406e-17 8.892258592915299232e+03
3.094110341271145652e-15 9.205940459748767449e-17 8.893014711570282088e+03
3.487471509609767443e-15 8.519780952425053228e-17 8.893770832136251556e+03
3.510735438599407796e-15 7.876989043557432253e-17 8.894526954613203998e+03
3.032967650302568080e-15 7.314063329728570626e-17 8.895283079001146689e+03
2.816843955425584061e-15 6.888755976571350454e-17 8.896039205300074173e+03
2.809532002527760956e-15 6.623874708333075358e-17 8.896795333509984630e+03
3.138841881420008397e-15 6.604303506586618052e-17 8.897551463630879880e+03
3.437814599801446575e-15 6.813345523441869928e-17 8.898307595662765380e+03
3.412606281077584715e-15 7.040349483830830880e-17 8.899063729605633853e+03
3.622834221610032539e-15 7.247445982429499691e-17 8.899819865459485300e+03
3.643102887671482038e-15 7.512770130381931519e-17 8.900576003224323358e+03
3.352860595524761423e-15 8.035048335279667739e-17 8.901332142900148028e+03
3.045331298505028405e-15 7.705330427117838493e-17 8.902088284486957491e+03
3.312493318055128623e-15 7.613898397229678884e-17 8.902844427984749927e+03
3.141302565915390562e-15 7.644555895563685950e-17 8.903600573393530794e+03
3.153776662309231692e-15 7.675808716245534324e-17 8.904356720713294635e+03
2.963943131448186537e-15 7.710619017141562193e-17 8.905112869944039630e+03
3.157054287145268885e-15 7.755248216405599779e-17 8.905869021085774875e+03
3.199869804012635761e-15 7.790123366798790608e-17 8.906625174138491275e+03
2.908725361806771402e-15 7.827108858265132022e-17 8.907381329102194286e+03
2.771290144193732176e-15 7.839314142911903248e-17 8.908137485976883909e+03
2.812082581610632358e-15 7.762400421720547048e-17 8.908893644762552867e+03
2.951243535558956036e-15 7.551206454331590253e-17 8.909649805459208437e+03
2.627215593492496795e-15 7.268444833311953229e-17 8.910405968066848800e+03
2.374067587640003464e-15 7.042176742216753993e-17 8.911162132585472136e+03
1.212096203711941413e-15 7.133485751164578644e-17 8.911918299015082084e+03
1.230672393622299296e-15 7.693917700153979648e-17 8.912674467355673187e+03
1.737468188940153679e-15 8.362996763829578073e-17 8.913430637607249082e+03
2.798323966358880117e-15 8.948865362203232402e-17 8.914186809769811589e+03
3.611122337646808758e-15 9.506755829710339787e-17 8.914942983843355250e+03
4.302939907819456402e-15 1.004019889006979983e-16 8.915699159827883705e+03
4.691098776761654460e-15 1.049051722413168988e-16 8.916455337723396951e+03
4.343752664154918500e-15 1.081109786400248069e-16 8.917211517529893172e+03
3.895663533228817186e-15 1.099674382727475540e-16 8.917967699247372366e+03
3.568912157952943275e-15 1.100353772967004530e-16 8.918723882875834533e+03
3.432580660505192180e-15 1.097525992596318501e-16 8.919480068415281494e+03
3.487280745584678067e-15 1.094705187887739430e-16 8.920236255865711428e+03
3.373358870083458584e-15 1.093401705524389830e-16 8.920992445227126154e+03
3.282473814318931388e-15 1.089539438405801452e-16 8.921748636499522036e+03
3.201720231405353185e-15 1.088099639912124949e-16 8.922504829682902709e+03
3.119123865143440335e-15 1.086890583502422528e-16 8.923261024777266357e+03
3.359744495763928976e-15 1.086524619217371006e-16 8.924017221782611159e+03
3.073162222821551558e-15 1.081283252525172351e-16 8.924773420698944392e+03
3.271717936452046229e-15 1.061712356987562335e-16 8.925529621526255141e+03
2.909175632881641508e-15 1.001613515679019965e-16 8.926285824264548864e+03
3.374238539529340386e-15 9.334092360554388764e-17 8.927042028913827380e+03
3.678615999279400548e-15 8.651457091369248850e-17 8.927798235474088870e+03
4.041079910377659073e-15 7.974382148444739503e-17 8.928554443945331514e+03
3.827073018743333073e-15 7.272225319316590465e-17 8.929310654327558950e+03
3.809808312186342774e-15 6.574588544277411421e-17 8.930066866620765722e+03
3.678989520730725346e-15 5.971923013774007175e-17 8.930823080824957287e+03
3.640262758212621845e-15 5.645458708034179795e-17 8.931579296940130007e+03
3.515494579964469134e-15 5.560025752051531067e-17 8.932335514966285700e+03
3.651101492885998154e-15 5.561176711596386974e-17 8.933091734903424367e+03
3.582892488383794077e-15 5.569927605634944385e-17 8.933847956751542370e+03
3.454117586910820939e-15 5.588029439910691537e-17 8.934604180510648803e+03
3.204947151966358340e-15 5.670251653627602498e-17 8.935360406180734572e+03
3.059855974329112772e-15 5.888965304964754512e-17 8.936116633761797857e+03
3.143245323324771432e-15 6.230398095138328118e-17 8.936872863253847754e+03
3.218269908722845779e-15 6.542742345325808147e-17 8.937629094656878806e+03
3.492748815053422472e-15 6.814437847157966323e-17 8.938385327970891012e+03
3.931140149424445692e-15 7.063658731739596725e-17 8.939141563195886192e+03
4.040430283541086175e-15 7.301765091968634258e-17 8.939897800331858889e+03
3.894160127698288602e-15 8.463580590018883559e-17 8.940654039378816378e+03
3.995936182799612824e-15 7.652588281190411158e-17 8.941410280336756841e+03
3.771197721682345909e-15 7.686145321384295999e-17 8.942166523205676640e+03
3.832771373680224569e-15 7.621188950591156818e-17 8.942922767985579412e+03
3.726461897830806715e-15 7.595484721038785899e-17 8.943679014676459701e+03
3.480550407712135397e-15 7.586883395421299070e-17 8.944435263278326602e+03
3.462325780428085199e-15 7.566731123911683390e-17 8.945191513791171019e+03
3.779225289272471984e-15 7.556458856928094120e-17 8.945947766214998410e+03
3.763721488166998144e-15 7.553076215277684757e-17 8.946704020549805136e+03
3.533946464163437870e-15 7.554819842142299642e-17 8.947460276795594837e+03
3.547691535777792385e-15 7.552594715137323391e-17 8.948216534952363872e+03
3.277735454698733152e-15 7.510471439742910703e-17 8.948972795020115882e+03
2.666419468242194798e-15 7.469603601803776532e-17 8.949729056998845408e+03
2.064477410577647387e-15 7.561465683773113891e-17 8.950485320888557908e+03
1.978153238931561875e-15 7.928362365326112862e-17 8.951241586689251562e+03
2.102868797875465458e-15 8.367098156805119700e-17 8.951997854400924552e+03
2.665668634245002561e-15 8.737203062351381760e-17 8.952754124023576878e+03
3.216113261625167767e-15 9.041283520079175522e-17 8.953510395557212178e+03
3.105627755025555099e-15 9.326399018298229691e-17 8.954266669001826813e+03
3.638417798338036588e-15 9.592538747618857129e-17 8.955022944357422602e+03
3.597236176211799166e-15 9.819271554897389089e-17 8.955779221623997728e+03
3.213746834430484223e-15 9.911056228831173447e-17 8.956535500801554008e+03
2.953948579051719444e-15 9.889506701234680019e-17 8.957291781890089624e+03
3.463784351940127327e-15 9.852212610890640508e-17 8.958048064889604575e+03
3.259480593792687587e-15 9.799004889377023954e-17 8.958804349800102500e+03
3.119798491795446046e-15 9.751973600251186695e-17 8.959560636621576123e+03
3.002997841284908554e-15 9.699257152376152315e-17 8.960316925354032719e+03
3.082254669020164438e-15 9.664406658445741183e-17 8.961073215997465013e+03
3.144488459353815461e-15 9.632771574788397821e-17 8.961829508551883919e+03
3.239834476451084405e-15 9.602007769723348463e-17 8.962585803017278522e+03
3.161683222399573613e-15 9.513036089644807413e-17 8.963342099393652461e+03
3.076501061832161799e-15 9.251152118407235076e-17 8.964098397681005736e+03
3.187943048098760152e-15 8.789704005864157671e-17 8.964854697879336527e+03
3.645830754390146803e-15 8.239333924074724731e-17 8.965610999988650292e+03
3.399878722332993976e-15 7.682553269558991277e-17 8.966367304008945212e+03
3.665177200439871051e-15 7.133233561636963094e-17 8.967123609940214010e+03
3.287081372094056821e-15 6.566710270496205654e-17 8.967879917782462144e+03
3.371023374338611012e-15 5.993203791789950587e-17 8.968636227535693251e+03
3.478068651173993428e-15 5.576384609769904077e-17 8.969392539199903695e+03
3.281859946277383191e-15 5.324239648405889187e-17 8.970148852775089836e+03
3.410246502466174813e-15 5.264754207521858757e-17 8.970905168261255312e+03
3.197714515081178938e-15 5.269789469597972627e-17 8.971661485658401944e+03
3.121938477925244819e-15 5.274856540798977597e-17 8.972417804966526091e+03
3.346163207579533488e-15 5.283365592949280426e-17 8.973174126185629575e+03
3.473523010909116773e-15 5.302709502771115644e-17 8.973930449315710575e+03
3.158308951943875180e-15 5.326109245362005922e-17 8.974686774356769092e+03
3.336751105395298825e-15 5.367612639885185174e-17 8.977712093630794698e+03
3.138495553751887183e-15 5.363012585014774727e-17 8.978468428226748074e+03
3.348000702207842448e-15 5.376761747155751561e-17 8.979224764733678967e+03
3.305712876331966497e-15 5.374456197579381533e-17 8.979981103151587376e+03
3.058324265132205580e-15 5.470225449291463353e-17 8.980737443480473303e+03
3.089785500103742786e-15 5.642753474453607279e-17 8.981493785720340384e+03
3.328800036563946690e-15 5.843721556403604275e-17 8.982250129871179524e+03
3.391593244952203078e-15 6.036950945973070911e-17 8.983006475933001639e+03
3.612552429659605195e-15 6.213498273185751171e-17 8.983762823905799451e+03
3.391293255201580917e-15 6.376915318289460387e-17 8.984519173789574779e+03
3.310781521141167617e-15 6.535716015387725141e-17 8.985275525584329444e+03
3.442466555157876246e-15 6.664570623928039574e-17 8.986031879290059805e+03
3.325996749178946669e-15 6.749495863501899477e-17 8.986788234906769503e+03
3.102592790812728369e-15 6.788488460911180517e-17 8.987544592434453079e+03
3.255268056555887813e-15 6.819742325142483251e-17 8.988300951873119629e+03
3.097573379672154678e-15 6.855913713629431764e-17 8.989057313222758239e+03
3.322245566927006845e-15 6.890138671975684999e-17 8.989813676483376184e+03
3.321688986838366511e-15 6.915621213332247789e-17 8.990570041654971646e+03
2.956087255895466759e-15 6.949073521743580149e-17 8.991326408737546444e+03
3.197140231298053737e-15 6.963924308306728189e-17 8.992082777731096940e+03
2.873598451366405179e-15 7.022274484670705396e-17 8.992839148635619495e+03
2.325921076741300738e-15 7.206305746350713253e-17 8.993595521451123204e+03
2.373517280258983092e-15 7.431754109455284264e-17 8.994351896177606250e+03
2.316059363109570695e-15 7.693947856125988264e-17 8.995108272815061355e+03
2.245131498278266489e-15 7.883583550453626876e-17 8.995864651363495796e+03
2.905655968761636193e-15 8.035458342842469981e-17 8.996621031822905934e+03
3.300568083382918623e-15 8.172684080878548634e-17 8.997377414193293589e+03
3.454657134799451576e-15 8.295025264384603818e-17 8.998133798474656942e+03
3.430879252175946970e-15 8.356039942562911563e-17 8.998890184666997811e+03
3.470522551147010237e-15 8.338451207071380185e-17 8.999646572770312559e+03
3.418616504029497325e-15 8.275702503124729171e-17 9.000402962784608462e+03
3.129017065829358112e-15 8.221352903344075733e-17 9.001159354709876425e+03
3.431478305223968071e-15 8.180075730958045753e-17 9.001915748546121904e+03
3.651272944257164522e-15 8.151173302842380302e-17 9.002672144293344900e+03
3.635672843772272551e-15 8.116222398672919795e-17 9.003428541951541774e+03
3.505924046835999252e-15 8.082526568934883939e-17 9.004184941520714347e+03
3.734229026327621463e-15 8.067099606241462600e-17 9.004941343000864435e+03
3.657888142202428949e-15 8.049539886716985948e-17 9.005697746391990222e+03
3.523513893847740484e-15 8.005432218241902083e-17 9.006454151694091706e+03
3.322623949888443254e-15 7.863711728520997153e-17 9.007210558907168888e+03
3.330644530075706186e-15 7.571187392036183113e-17 9.007966968031221768e+03
3.658598855529290305e-15 7.197036120506353498e-17 9.008723379066250345e+03
3.626038188640587930e-15 6.807670682232496198e-17 9.009479792012254620e+03
3.680950276755628027e-15 6.435053612838568009e-17 9.010236206869234593e+03
3.641587738415864442e-15 6.069280448214993552e-17 9.010992623637190263e+03
3.731774190399131598e-15 5.713406004284165491e-17 9.011749042316121631e+03
3.492661405993263820e-15 5.405380107917816546e-17 9.012505462906026878e+03
3.499990753078649357e-15 5.223471549377512864e-17 9.013261885406906003e+03
3.229838483551414243e-15 5.163996812641934471e-17 9.014018309818762646e+03
3.456933905382513954e-15 5.164138979697580110e-17 9.014774736141593166e+03
3.588961091736531784e-15 5.170813983686646951e-17 9.015531164375399385e+03
3.438556865681792147e-15 5.177792932202286591e-17 9.016287594520181301e+03
3.322203693797111711e-15 5.185003827139844611e-17 9.017044026575938915e+03
3.567463292330105778e-15 5.179401352932024569e-17 9.017800460542668588e+03
3.539556879103676559e-15 5.176399356427107313e-17 9.018556896420373960e+03
3.175309157504100571e-15 5.171759689684065600e-17 9.019313334209056848e+03
3.383554831476598761e-15 5.144017176155101395e-17 9.020069773908709976e+03
3.313532202203424610e-15 5.142573516321317236e-17 9.020826215519338803e+03
3.417789791171917862e-15 5.156564221273082955e-17 9.021582659040945146e+03
3.295919045692062836e-15 5.173620181493738505e-17 9.022339104473521729e+03
3.453995102182855643e-15 5.203050793089835135e-17 9.023095551817074011e+03
3.237815098540174554e-15 5.219185076988060690e-17 9.023852001071601990e+03
3.422314070399524765e-15 5.249421413032644212e-17 9.024608452237105666e+03
3.474986133228003832e-15 5.287724172712484272e-17 9.025364905313581403e+03
3.435331395422896003e-15 5.327003028392625159e-17 9.026121360301031018e+03
3.631943765769902722e-15 5.351365505869482064e-17 9.026877817199454512e+03
3.378473650228197329e-15 5.377402811113742605e-17 9.027634276008853703e+03
3.606570830380341001e-15 5.398849264053785395e-17 9.028390736729224955e+03
3.563525295461858934e-15 5.422647423187367678e-17 9.029147199360570085e+03
3.278727053686808563e-15 5.474706642913986570e-17 9.029903663902889093e+03
3.307082752041728993e-15 5.569152439342304070e-17 9.030660130356183799e+03
3.185820834463634552e-15 5.717140975684423136e-17 9.031416598720450565e+03
3.347053863375908472e-15 5.872166645906535076e-17 9.032173068995691210e+03
3.509529931814647967e-15 6.016557183821563345e-17 9.032929541181907553e+03
3.653277654484883001e-15 6.171227506897301099e-17 9.033686015279094136e+03
3.491669884152506039e-15 6.253210208135022933e-17 9.034442491287254597e+03
3.440871979224507011e-15 6.339668515584562003e-17 9.035198969206387119e+03
3.664451800047834442e-15 6.409702888628231704e-17 9.035955449036497157e+03
3.328995136311775053e-15 6.441444754617700438e-17 9.036711930777579255e+03
3.478340598582715069e-15 6.450147317346994995e-17 9.037468414429633413e+03
3.509875629757838781e-15 6.443808962027094818e-17 9.038224899992659630e+03
3.436478282797426687e-15 6.441790962846956432e-17 9.038981387466661545e+03
3.399190608190776908e-15 6.445840971285492044e-17 9.039737876851631881e+03
3.442442064446790786e-15 6.447385857175786291e-17 9.040494368147577916e+03
3.257143670725424300e-15 6.491462205336894215e-17 9.041250861354497829e+03
3.064237873267922820e-15 6.614111211280083591e-17 9.042007356472389802e+03
2.903563369877276885e-15 6.805102483156407537e-17 9.042763853501252015e+03
3.295883689752756744e-15 7.005574188851548089e-17 9.043520352441089926e+03
3.441337618969859340e-15 7.177904309747011476e-17 9.044276853291899897e+03
3.240337043106297442e-15 7.175262539269022848e-17 9.045033356053681928e+03
3.476743390451623213e-15 7.170503194441040948e-17 9.045789860726439656e+03
3.641983990193379922e-15 7.181129427848399337e-17 9.046546367310162168e+03
3.489037589248143013e-15 7.174207183923079574e-17 9.047302875804864016e+03
3.246547555035439099e-15 7.113905363877761949e-17 9.048059386210537923e+03
3.227359505770261278e-15 7.015084281050453897e-17 9.048815898527180252e+03
3.334103215755358471e-15 6.935832332460786671e-17 9.049572412754794641e+03
3.234834221027881596e-15 6.888639124744452713e-17 9.050328928893384727e+03
3.249635884102787114e-15 6.864284630449654258e-17 9.051085446942943236e+03
3.568315136733001643e-15 6.867436663134781562e-17 9.051841966903473804e+03
3.182822173835081923e-15 6.859183521484804123e-17 9.052598488774980069e+03
3.481910017298986220e-15 6.863391645445520966e-17 9.053355012557454756e+03
3.285339193469297851e-15 6.865809323035587555e-17 9.054111538250903322e+03
3.299235920877228994e-15 6.847113236103740559e-17 9.054868065855323948e+03
3.293976086687263280e-15 6.759229759916025737e-17 9.055624595370712996e+03
3.255123111646646718e-15 6.608247386715511774e-17 9.056381126797074103e+03
3.356459038478433933e-15 8.894618830151198282e-17 9.059407271612239128e+03
3.431200876476602526e-15 6.749501203359001836e-17 9.060163812593456896e+03
3.472948378987624879e-15 6.099724512865069858e-17 9.060920355485646724e+03
3.402269658973227743e-15 5.667511627483550594e-17 9.061676900288806792e+03
3.601818219373790525e-15 5.878909419498766574e-17 9.062433447002938919e+03
3.683250666140648618e-15 7.776472856130839556e-17 9.063189995628041288e+03
3.559958561881887476e-15 6.728361317690656290e-17 9.063946546164119354e+03
3.724090901748152813e-15 5.737166934673838368e-17 9.064703098611162204e+03
3.235477674321952253e-15 5.718722189794027792e-17 9.065459652969180752e+03
3.898989245591689869e-15 5.718807588020940790e-17 9.066216209238165902e+03
3.510961868411969571e-15 5.715123892619478314e-17 9.066972767418121293e+03
3.423494074311534264e-15 5.695641693621319958e-17 9.067729327509050563e+03
3.476499905729492817e-15 5.676410910497889914e-17 9.068485889510950074e+03
3.554647228666443254e-15 5.651583644349630389e-17 9.069242453423819825e+03
3.694193605276255464e-15 5.627886726542880166e-17 9.069999019247657998e+03
3.443367969366525515e-15 5.604715540752374463e-17 9.070755586982468230e+03
3.540161030321213643e-15 5.545182528573353457e-17 9.071512156628246885e+03
3.698270162460318336e-15 5.497192441346424265e-17 9.072268728184997599e+03
3.616214488897120809e-15 5.469407948599814652e-17 9.073025301652718554e+03
3.472454907026896997e-15 5.414891149889116954e-17 9.073781877031407930e+03
3.764613231399455477e-15 5.377890414641220890e-17 9.074538454321067547e+03
3.414422615551061444e-15 5.339839285542610248e-17 9.075295033521697405e+03
3.400300647791917914e-15 5.299060599660796202e-17 9.076051614633299323e+03
3.293813932276796791e-15 5.378081876683539118e-17 9.076808197655867843e+03
3.485527891469547331e-15 6.238697048369936258e-17 9.077564782589408424e+03
3.575925469026185662e-15 6.617597363592375653e-17 9.078321369433917425e+03
3.363703742218178975e-15 5.479148245400664520e-17 9.079077958189396668e+03
3.364025298954618504e-15 5.249058076480230922e-17 9.079834548855844332e+03
3.507839944121187880e-15 5.240219764753037872e-17 9.080591141433264056e+03
3.593431611572595993e-15 5.244884236267870453e-17 9.081347735921652202e+03
3.358330835096856471e-15 5.257004524232854318e-17 9.082104332321010588e+03
3.426585724041864052e-15 5.268616122985961704e-17 9.082860930631335577e+03
3.360575641721299885e-15 5.281913345075215114e-17 9.083617530852632626e+03
3.527583930984436587e-15 5.289728166701499491e-17 9.084374132984896278e+03
3.264181116753794301e-15 5.326915103439103910e-17 9.085130737028130170e+03
3.266143449360573044e-15 5.392668640944513388e-17 9.085887342982332484e+03
3.300212170634703326e-15 5.475021780661994786e-17 9.086643950847505039e+03
3.378317230511716068e-15 5.556911251575622284e-17 9.087400560623646015e+03
3.299204442382753611e-15 5.636893661226845657e-17 9.088157172310755413e+03
3.375123054179216012e-15 5.725668855005618730e-17 9.088913785908836871e+03
3.615513301849614210e-15 5.785575358921658183e-17 9.089670401417883113e+03
3.862988312659727759e-15 5.851108905748665517e-17 9.090427018837901414e+03
4.156111777708132743e-15 5.912009935120473219e-17 9.091183638168882680e+03
4.166594169707954784e-15 5.949237997596713980e-17 9.091940259410837825e+03
4.165030795985140159e-15 5.978647976925218146e-17 9.092696882563759573e+03
3.884928612556791333e-15 6.018280601836152038e-17 9.093453507627649742e+03
3.943303367216009074e-15 6.066864114062721460e-17 9.094210134602508333e+03
3.949629732165244406e-15 6.155592838956867762e-17 9.094966763488337165e+03
4.228954530646291840e-15 6.985904383064176437e-17 9.097993298141325795e+03
4.227106796618775667e-15 8.679529351340779272e-17 9.098749936581994916e+03
3.983379267016725850e-15 7.124604247484239663e-17 9.099506576933630640e+03
4.011647902104245445e-15 6.680493074824304456e-17 9.100263219196232967e+03
3.853014232505124731e-15 6.619542418380915043e-17 9.101019863369805535e+03
3.783520816255742165e-15 6.538859747397793862e-17 9.101776509454344705e+03
3.828550836531986917e-15 6.460760154609177118e-17 9.102533157449850478e+03
3.665694481235636809e-15 6.360946727868073129e-17 9.103289807356326492e+03
3.717872505646970217e-15 6.276260821293586043e-17 9.104046459173769108e+03
3.382200770649048202e-15 6.217582187892014025e-17 9.104803112902174689e+03
3.568328613863662034e-15 6.166672799901888547e-17 9.105559768541552330e+03
3.438073202811839564e-15 6.127168519659154548e-17 9.106316426091896574e+03
3.675318053287588363e-15 6.095403333626900323e-17 9.107073085553209239e+03
3.600871157683331141e-15 6.079123820372912859e-17 9.107829746925488507e+03
3.588681205425399898e-15 6.265663811395268626e-17 9.108586410208736197e+03
3.566782974804913323e-15 5.581581994596491489e-17 9.111613082451389346e+03
3.531960497153262713e-15 5.481587518990951104e-17 9.112369755289470049e+03
3.494838430638535663e-15 5.390123063027997400e-17 9.113126430038519175e+03
3.384659871375855936e-15 5.317375371638714718e-17 9.113883106698533084e+03
3.278103269609302005e-15 5.275868553882427601e-17 9.114639785269515414e+03
3.418202715402466689e-15 5.264469515675278413e-17 9.115396465751462529e+03
3.460966810752063397e-15 5.275775756746535343e-17 9.116153148144379884e+03
3.425264231911384726e-15 5.285815296175572237e-17 9.116909832448258385e+03
3.567224706528594267e-15 5.297330307029250020e-17 9.117666518663107126e+03
3.581740831593814126e-15 5.309913917433931612e-17 9.118423206788920652e+03
3.618852135022303893e-15 5.314900915017132433e-17 9.119179896825698961e+03
3.446296810997242254e-15 5.322868628099555319e-17 9.119936588773445692e+03
3.591764756763082571e-15 5.322769192365401997e-17 9.120693282632160845e+03
3.642777708235069682e-15 5.311838687156270662e-17 9.121449978401837143e+03
3.494435671430378006e-15 5.311360116459773392e-17 9.122206676082481863e+03
3.551051443515900323e-15 5.310210178972466617e-17 9.122963375674095005e+03
3.489450754317982607e-15 5.275345192581146916e-17 9.123720077176669292e+03
3.493746426982066544e-15 5.287096450632315589e-17 9.124476780590213821e+03
3.398876714102464356e-15 5.287986291248480622e-17 9.125233485914721314e+03
3.534815339201746294e-15 5.296140809450518973e-17 9.125990193150195410e+03
3.335903072804401180e-15 5.303523825497602188e-17 9.126746902296636108e+03
3.495340193430256018e-15 5.315608117567469698e-17 9.127503613354041590e+03
3.276866768176629395e-15 5.333168799716814107e-17 9.128260326322413675e+03
3.518731226337633239e-15 5.355071731697352441e-17 9.129017041201750544e+03
3.603059556316018684e-15 5.385321158958137030e-17 9.129773757992052197e+03
3.676323791549937200e-15 5.414533814348452440e-17 9.130530476693318633e+03
3.425889597074187294e-15 5.439087212155678539e-17 9.131287197305551672e+03
3.556099681028496731e-15 5.456516006576781532e-17 9.132043919828751314e+03
3.434965745265033854e-15 5.479898528705908376e-17 9.132800644262915739e+03
3.382798061052545570e-15 5.496771253155213890e-17 9.133557370608043129e+03
3.329730745863348343e-15 5.501142551153731160e-17 9.134314098864135303e+03
3.531088184974272766e-15 5.506543464621208300e-17 9.135070829031195899e+03
3.446291601652288044e-15 5.495127394483924179e-17 9.135827561109217640e+03
3.360153218116033110e-15 5.478645637137054182e-17 9.136584295098205985e+03
3.511962119087589662e-15 5.452650533870652248e-17 9.137341030998159113e+03
3.441843753197812205e-15 5.419169899759853487e-17 9.138097768809078843e+03
3.290404179579098155e-15 5.385643401793732401e-17 9.138854508530959720e+03
3.523071855059621649e-15 5.348512617170917018e-17 9.139611250163807199e+03
3.477672205741268891e-15 5.313085687682586769e-17 9.140367993707619462e+03
3.389857257059430972e-15 5.277230729575461420e-17 9.141124739162398328e+03
3.184735964559986101e-15 5.256043012806596001e-17 9.141881486528134701e+03
3.526442999946837500e-15 5.253463014092184564e-17 9.142638235804843134e+03
3.322385007148173999e-15 5.261318876479088188e-17 9.143394986992512713e+03
3.415377449550686482e-15 5.292800956373212322e-17 9.144151740091147076e+03
3.618617402955934479e-15 5.363593280135431372e-17 9.144908495100744403e+03
3.418361570415058286e-15 5.452335192573946876e-17 9.145665252021306515e+03
3.384534967370724717e-15 5.548199514243263479e-17 9.146422010852831590e+03
3.519566796685145241e-15 5.627644312384865638e-17 9.147178771595325088e+03
3.560319414622455455e-15 5.724575742207511728e-17 9.147935534248776094e+03
3.367233003414296043e-15 5.805825900217280509e-17 9.148692298813197340e+03
3.508500319193812611e-15 5.836057247766929150e-17 9.149449065288577913e+03
3.515470514896534004e-15 5.893032636829688471e-17 9.150205833674925088e+03
3.516270236979820187e-15 5.922821146014585673e-17 9.150962603972233410e+03
3.285952391784997027e-15 5.934063633429294581e-17 9.151719376180506515e+03
3.209778711728404992e-15 5.937542367627583418e-17 9.152476150299742585e+03
3.467064406013098929e-15 5.944396626916348867e-17 9.153232926329945258e+03
3.481074259543381280e-15 5.962117896085982576e-17 9.153989704271109076e+03
3.253115132437061112e-15 5.987307674232773390e-17 9.154746484123235859e+03
3.055295594840928340e-15 6.007455329216537124e-17 9.155503265886327426e+03
3.292738357090715135e-15 6.022465332953046489e-17 9.156260049560380139e+03
3.088765498698437013e-15 6.038021012316234470e-17 9.157016835145401274e+03
3.126162947964608861e-15 6.038583416851664831e-17 9.157773622641379916e+03
3.252963611191147673e-15 6.013524653391544754e-17 9.158530412048323342e+03
3.198732497825376879e-15 5.972424388942669046e-17 9.159287203366227914e+03
3.303220482539229237e-15 5.927144721100208721e-17 9.160043996595097269e+03
3.163266499492230809e-15 5.882772520064158382e-17 9.160800791734931408e+03
3.154251046018727614e-15 5.853448735158053379e-17 9.161557588785728512e+03
3.388256741277627441e-15 5.837015416107625272e-17 9.162314387747486762e+03
3.307683924633541591e-15 5.825938379099829348e-17 9.163071188620204339e+03
3.330992977156714134e-15 5.836815867629539299e-17 9.163827991403888518e+03
3.435933763838322952e-15 5.851248451901296485e-17 9.164584796098537481e+03
3.298865917889530290e-15 5.875831308824815400e-17 9.165341602704145771e+03
3.604589517530581922e-15 5.893187977234522951e-17 9.166098411220715207e+03
3.746028882135135715e-15 5.901117211643887460e-17 9.166855221648249426e+03
3.435839752958933913e-15 5.871364059410935992e-17 9.167612033986746610e+03
3.561234633405878206e-15 5.838340181029336664e-17 9.168368848236204940e+03
3.836585749517010705e-15 5.792835109501466747e-17 9.169125664396626235e+03
3.464191751155637121e-15 5.744779295053810291e-17 9.169882482468006856e+03
3.596923529922117574e-15 5.706638657860246861e-17 9.170639302450352261e+03
3.442247932631155079e-15 5.657527156422758093e-17 9.171396124343660631e+03
3.373950232288324052e-15 5.622566797731455888e-17 9.172152948147930147e+03
3.406553274288223336e-15 5.589521123503033438e-17 9.172909773863160808e+03
3.687817113569546457e-15 5.578959656730412743e-17 9.173666601489356253e+03
3.430752809150761921e-15 5.575806194767046733e-17 9.174423431026509206e+03
3.414733273876387128e-15 5.571008970063044744e-17 9.175180262474625124e+03
3.642601498413886476e-15 5.537217002227890908e-17 9.175937095833705825e+03
3.496751201588933154e-15 5.510323182973506427e-17 9.176693931103744035e+03
3.428992405651405928e-15 5.488547923141004996e-17 9.177450768284745209e+03
3.167314797785968499e-15 5.471720403206533603e-17 9.178207607376709348e+03
3.731288485920703435e-15 5.460961285103413905e-17 9.178964448379634632e+03
3.187970990379793761e-15 5.434764176940357589e-17 9.179721291293521062e+03
3.201168143884868836e-15 5.413610233584714443e-17 9.180478136118366820e+03
3.318388075677657373e-15 5.395336894708247970e-17 9.181234982854177360e+03
3.546296581182889318e-15 5.393536048945563102e-17 9.181991831500945409e+03
3.457872948823160914e-15 5.390356375204150179e-17 9.182748682058674603e+03
3.355828732797087949e-15 5.387488300375626637e-17 9.183505534527368582e+03
3.329181705444629894e-15 5.383544573201304050e-17 9.184262388907020068e+03
3.348103651061948227e-15 5.376660620216267718e-17 9.185019245197632699e+03
3.416888060556856663e-15 5.378494112964999959e-17 9.185776103399213753e+03
3.242786011594321724e-15 5.377871558609890118e-17 9.186532963511748676e+03
3.405967528600943012e-15 5.381668634955853929e-17 9.187289825535244745e+03
3.181438641821884645e-15 5.384701119486164685e-17 9.188046689469701960e+03
3.550193730617921381e-15 5.489786634611425608e-17 9.188803555315120320e+03
3.232014108030903669e-15 5.599286026967350705e-17 9.189560423071499827e+03
3.363053662266096254e-15 5.414612717304974769e-17 9.190317292738840479e+03
3.375544811946104414e-15 5.413819786467598229e-17 9.191074164317138639e+03
3.521643562803066474e-15 5.436800531577553354e-17 9.191831037806399763e+03
3.596587132720241738e-15 5.456725569006493890e-17 9.192587913206620215e+03
3.235320747846559756e-15 5.465715588919812468e-17 9.193344790517801812e+03
3.504384767529213383e-15 5.593912021581527321e-17 9.194101669739942736e+03
3.431845729019647767e-15 5.555445570274345940e-17 9.194858550873042986e+03
3.464003893709494923e-15 5.503068852916083315e-17 9.195615433917106202e+03
3.431676207844860479e-15 5.510216471053183222e-17 9.196372318872126925e+03
3.696026457436557119e-15 5.514863828296685585e-17 9.197129205738110613e+03
3.378956301078063092e-15 5.502756668345268810e-17 9.197886094515049990e+03
3.396847168742323874e-15 5.491562423638883686e-17 9.198642985202952332e+03
3.378231953917180841e-15 5.487781891187853694e-17 9.199399877801814000e+03
3.540508661594413577e-15 5.479628109356657953e-17 9.200156772311638633e+03
3.307535586322160959e-15 5.429935279027465920e-17 9.200913668732417136e+03
3.332651598805999398e-15 5.432396249960942352e-17 9.201670567064158604e+03
3.500406060042836662e-15 5.427167027651434703e-17 9.202427467306857579e+03
3.503453724229564009e-15 5.411761602411654171e-17 9.203184369460517701e+03
3.250267677515300630e-15 5.403708396655185899e-17 9.203941273525137149e+03
3.136812287857382160e-15 5.396962077765805657e-17 9.204698179500715923e+03
3.310055860827178981e-15 5.412687462844698777e-17 9.205455087387254025e+03
3.593849345079109271e-15 5.466262594721393978e-17 9.206211997184753272e+03
3.484021071753744649e-15 5.416370700136797938e-17 9.206968908893210028e+03
3.377980845129424428e-15 5.441373198049088602e-17 9.207725822512624291e+03
3.333791446114567984e-15 5.449050620962651203e-17 9.208482738042999699e+03
3.351841626014732444e-15 5.471786096459301021e-17 9.209239655484332616e+03
3.255573234965159934e-15 5.521299203296300406e-17 9.209996574836628497e+03
3.336828735334903857e-15 5.571290945311610393e-17 9.210753496099880067e+03
3.245232614206299830e-15 5.602913372391485080e-17 9.211510419274090964e+03
3.456017744182475549e-15 5.649698710345147419e-17 9.212267344359259369e+03
3.327861360628844568e-15 5.679648892313342007e-17 9.213024271355388919e+03
3.302623439595464420e-15 5.709769101675322149e-17 9.213781200262477796e+03
3.400088074750553452e-15 5.736161269381205798e-17 9.214538131080520543e+03
3.414162756551097895e-15 5.758081815517284886e-17 9.215295063809524436e+03
3.409088584107716079e-15 5.782701716109363513e-17 9.216051998449489474e+03
3.114010628680198012e-15 5.813807766728518545e-17 9.216808935000410202e+03
3.252230854879003566e-15 5.872404705646866949e-17 9.217565873462292075e+03
3.591872288681965786e-15 5.944952727134861331e-17 9.218322813835129637e+03
3.651289974785883645e-15 6.018071467526052053e-17 9.219079756118924706e+03
3.249815014081762092e-15 6.098174595241882710e-17 9.219836700313680922e+03
3.327405862051411605e-15 6.171555145077712542e-17 9.220593646419394645e+03
3.287571179060049037e-15 6.251294385644707036e-17 9.221350594436064057e+03
3.493868999803284808e-15 6.311433169262162084e-17 9.222107544363694615e+03
3.379348456190846929e-15 6.335201740344368707e-17 9.222864496202280861e+03
3.319020948790270628e-15 6.324315984634694606e-17 9.223621449951824616e+03
3.343002171907082768e-15 6.296722556986334083e-17 9.224378405612329516e+03
3.317047705587604098e-15 6.265428712223052101e-17 9.225135363183788286e+03
3.344411323468727901e-15 6.232893836046767142e-17 9.225892322666208202e+03
3.342232145299758749e-15 6.287469914836229916e-17 9.226649284059581987e+03
3.658289939859190440e-15 6.106308190247102099e-17 9.227406247363918737e+03
3.506393790353148844e-15 6.025341579884658446e-17 9.228163212579209358e+03
3.510673651242077315e-15 5.970747521178588064e-17 9.228920179705459304e+03
3.153512273331759383e-15 5.929069384060709320e-17 9.229677148742664940e+03
3.399637678422918529e-15 5.871013596557460722e-17 9.230434119690828084e+03
3.528141019626135535e-15 5.800949674994769539e-17 9.231191092549950554e+03
3.264442607826596475e-15 5.726524649632775600e-17 9.231948067320030532e+03
3.364178248258519825e-15 5.644113537073986640e-17 9.232705044001064380e+03
3.101785844379558352e-15 5.565266404618640887e-17 9.233462022593057554e+03
3.362403000070243154e-15 5.501271147775153074e-17 9.234219003096008237e+03
3.024523806901001539e-15 5.448440217637394499e-17 9.234975985509916427e+03
3.287860504858335226e-15 5.410139358509153869e-17 9.235732969834778487e+03
3.093580002776322661e-15 5.382162107395939919e-17 9.236489956070598055e+03
3.143655949328108458e-15 5.381031789442412718e-17 9.237246944217376949e+03
2.996677609802752874e-15 5.383030780322135429e-17 9.238003934275111533e+03
2.984522166223325096e-15 5.392598053563800757e-17 9.238760926243803624e+03
3.107840423351242006e-15 5.422295100948574071e-17 9.239517920123453223e+03
3.126653363556404481e-15 5.453872787950970532e-17 9.240274915914056692e+03
3.063890768072033054e-15 5.503688353427806922e-17 9.241031913615617668e+03
3.102951375545505808e-15 5.542127623877987183e-17 9.241788913228137972e+03
3.073594258819157205e-15 5.581971002143509200e-17 9.242545914751610326e+03
3.156353362411081461e-15 5.627327917808460395e-17 9.243302918186040188e+03
3.118358912274422709e-15 5.680605037087817347e-17 9.244059923531425738e+03
3.199803623600799963e-15 5.730650588625527646e-17 9.244816930787772435e+03
3.429399190169458189e-15 5.773872470595787626e-17 9.245573939955071182e+03
3.199777481808809305e-15 5.812580568465928055e-17 9.246330951033327437e+03
3.129912935370533761e-15 5.839880367535440985e-17 9.247087964022539381e+03
3.249077305379829845e-15 5.846135745555081335e-17 9.247844978922705195e+03
3.235586934563805618e-15 5.849225766150477765e-17 9.248601995733830336e+03
3.170240995974675747e-15 5.836441668571084797e-17 9.249359014455911165e+03
3.282898150722684247e-15 5.802739234849554501e-17 9.250116035088947683e+03
3.249632044511291537e-15 5.776274589092432041e-17 9.250873057632936252e+03
2.985819155925144343e-15 5.735357051260966364e-17 9.251630082087884148e+03
3.279843836264093753e-15 5.697235719336275155e-17 9.252387108453785913e+03
3.088888838418212597e-15 5.697584342462226469e-17 9.253144136730647006e+03
2.694400842533485969e-15 5.759237710955291870e-17 9.253901166918460149e+03
2.554818763541861805e-15 5.891249023502656222e-17 9.254658199017230800e+03
2.262408744771492086e-15 6.088895899054044542e-17 9.255415233026953501e+03
2.455889379740472522e-15 6.354787658515605308e-17 9.256172268947637349e+03
2.817834436873753567e-15 6.627916601447044437e-17 9.256929306779271428e+03
2.830419798099713346e-15 6.922446202665244860e-17 9.257686346521863015e+03
2.390418698397163360e-15 7.254744214491437453e-17 9.258443388175408472e+03
2.660494605170105949e-15 7.658231901961289208e-17 9.259200431739911437e+03
2.835374512079682424e-15 8.062250668599926494e-17 9.259957477215368272e+03
2.816933288243295512e-15 8.399500997691656944e-17 9.260714524601778976e+03
3.249840473649007348e-15 8.691375263610262166e-17 9.261471573899147188e+03
3.245317737315549786e-15 8.921647646667653983e-17 9.262228625107467451e+03
3.249464922351128194e-15 9.123964918793793720e-17 9.262985678226745222e+03
3.197683393901566514e-15 9.288842078235302975e-17 9.263742733256975043e+03
3.351058820997007260e-15 9.377143137051660457e-17 9.264499790198162373e+03
2.937494626926027455e-15 9.404471027934421130e-17 9.265256849050303572e+03
3.110770685103076643e-15 9.390959879336599363e-17 9.266013909813398641e+03
2.968281559316409724e-15 9.350653020543341750e-17 9.266770972487447580e+03
3.091084831634515898e-15 9.251051392729863775e-17 9.267528037072454026e+03
3.157202432061559454e-15 9.089272933026553258e-17 9.268285103568412524e+03
3.089353277113158587e-15 8.880381734825067218e-17 9.269042171975326710e+03
3.449288344413038566e-15 8.625440127670040762e-17 9.269799242293194766e+03
3.514430053559880169e-15 8.367789469253008069e-17 9.270556314522014873e+03
3.798508198263627018e-15 8.107975716214369070e-17 9.271313388661790668e+03
3.710625681147552900e-15 7.795778722576275425e-17 9.272070464712523972e+03
3.635734917610755200e-15 7.428106186422099440e-17 9.272827542674207507e+03
3.616828153077181106e-15 7.046428622222770316e-17 9.273584622546844912e+03
3.684779241725514143e-15 6.709279932157844840e-17 9.274341704330439825e+03
3.531333953702180842e-15 6.438717359880189051e-17 9.275098788024984970e+03
3.171949660557342321e-15 6.220672559447748210e-17 9.275855873630487622e+03
3.537894038136936204e-15 6.026772985891962824e-17 9.276612961146944144e+03
3.178071279175218466e-15 5.870547887849599680e-17 9.277370050574347260e+03
3.161316266873660361e-15 5.777160183154352135e-17 9.278127141912711522e+03
2.930082533275211259e-15 5.765853819091257142e-17 9.278884235162027835e+03
3.095471257666253972e-15 5.835629384970405822e-17 9.279641330322294380e+03
3.115268930113122288e-15 5.901868662143170393e-17 9.280398427393518432e+03
3.213232498438235165e-15 5.967411711256760841e-17 9.281155526375696354e+03
2.950510339311015820e-15 6.084348947854304150e-17 9.281912627268826327e+03
3.181975649299207212e-15 6.141639208636125648e-17 9.282669730072906532e+03
3.028383503790433535e-15 6.163829055101290960e-17 9.283426834787944244e+03
3.180213584149601836e-15 6.209430945687244905e-17 9.284183941413934008e+03
3.252713737878245465e-15 6.235973578894397228e-17 9.284941049950874003e+03
3.143368109103968773e-15 6.257705096823611548e-17 9.285698160398776963e+03
2.963072362988534670e-15 6.270221467852967416e-17 9.286455272757622879e+03
2.845872758260169769e-15 6.289494044412117859e-17 9.287212387027422665e+03
3.214772179685634566e-15 6.303702375791718380e-17 9.287969503208179958e+03
3.001160643078777703e-15 6.295049449628057463e-17 9.288726621299887483e+03
2.835464362772613105e-15 6.282833689314089783e-17 9.289483741302550698e+03
3.179529397041022509e-15 6.271318249234149804e-17 9.290240863216162325e+03
3.089948634232107311e-15 6.243938179782142139e-17 9.290997987040727821e+03
2.994088917207360513e-15 6.222650182946186156e-17 9.291755112776249007e+03
2.929812054530871715e-15 6.192896019647272815e-17 9.292512240422718605e+03
2.897120833947653514e-15 6.158237453663836196e-17 9.293269369980143892e+03
3.010144793566500860e-15 6.137406334003452914e-17 9.294026501448519411e+03
2.756061880336838989e-15 6.137576322903867106e-17 9.294783634827848800e+03
2.931582075828063961e-15 6.139726853432298352e-17 9.295540770118132059e+03
2.804232001086271571e-15 6.168033193725145488e-17 9.296297907319367368e+03
2.892185409881733385e-15 6.212906963286523727e-17 9.297055046431549272e+03
2.779885381314819259e-15 6.325788814053041759e-17 9.297812187454688683e+03
2.286546650946425085e-15 6.566825252229663257e-17 9.298569330388778326e+03
1.825956192530059238e-15 6.977276615008359773e-17 9.299326475233821839e+03
1.725821949242590537e-15 7.624901306410778896e-17 9.300083621989819221e+03
1.955323106332647401e-15 8.285432168401081270e-17 9.300840770656763198e+03
1.846009379084425065e-15 8.899772762852308634e-17 9.301597921234662863e+03
2.302573156887930796e-15 9.504223576647541565e-17 9.302355073723514579e+03
2.522261656985669972e-15 1.006415025644554778e-16 9.303112228123318346e+03
2.556452080976060731e-15 1.081905747718442156e-16 9.303869384434066887e+03
2.641099442475020684e-15 1.096596993543464096e-16 9.304626542655776575e+03
1.961353347354138435e-15 1.138143481369029255e-16 9.305383702788432856e+03
1.132244268634467824e-15 1.195727364836608109e-16 9.306140864832043007e+03
1.068874439771429861e-15 1.260041288465067508e-16 9.306898028786603390e+03
1.568315793939598755e-15 1.317106321894155357e-16 9.307655194652114005e+03
1.987702391560685076e-15 1.363859063163627323e-16 9.308412362428578490e+03
2.820224962111325270e-15 1.403201469066927615e-16 9.309169532115995025e+03
3.136791598247924492e-15 1.439079115298924954e-16 9.309926703714358155e+03
2.886828561224171586e-15 1.469864007898669795e-16 9.310683877223678792e+03
3.036202092625667052e-15 1.491505247805879998e-16 9.311441052643944204e+03
2.497612923746979094e-15 1.492754713774838013e-16 9.312198229975165304e+03
2.018770876410970129e-15 1.479274227789271796e-16 9.312955409217334818e+03
1.948341489198669719e-15 1.455659411945483616e-16 9.313712590370458202e+03
2.487386132047549105e-15 1.426683892331805370e-16 9.314469773434531817e+03
2.106665107305646432e-15 1.399411299605102943e-16 9.315226958409555664e+03
1.133966384000463756e-15 1.383376329368292886e-16 9.315984145295529743e+03
9.191387459652845304e-16 1.385416913077076357e-16 9.316741334092454053e+03
1.130542235611035700e-15 1.397437601724451588e-16 9.317498524800330415e+03
1.749057814569873064e-15 1.409499036765477759e-16 9.318255717419157008e+03
2.146407706893241051e-15 1.414635728848871416e-16 9.319012911948933834e+03
2.833851539221363725e-15 1.408210412773878686e-16 9.319770108389660891e+03
3.839756214350575574e-15 1.391906171664494804e-16 9.320527306741339999e+03
3.410262430707071291e-15 1.370662112313868205e-16 9.321284507003971157e+03
3.417642844008152893e-15 1.345627241456851251e-16 9.322041709177550729e+03
2.747058818925103976e-15 1.314010857864219467e-16 9.322798913262078713e+03
2.470027823226308597e-15 1.281670489194241092e-16 9.323556119257558748e+03
2.145467098552746970e-15 1.252165072610960674e-16 9.324313327163989015e+03
2.116241148183527503e-15 1.233978359638827022e-16 9.325070536981367695e+03
1.921616460729320150e-15 1.231005675411474186e-16 9.325827748709700245e+03
2.030206206392960925e-15 1.240567565572438746e-16 9.326584962348981207e+03
2.068050486630092373e-15 1.252885358400818687e-16 9.327342177899210583e+03
2.004846312859568028e-15 1.263430077692971192e-16 9.328099395360392009e+03
1.861188768354494528e-15 1.266983021286127442e-16 9.328856614732520029e+03
1.873516342158699713e-15 1.259106840816297379e-16 9.329613836015600100e+03
1.309342469833269161e-15 1.217343940115826087e-16 9.330371059209632222e+03
9.755704764392851106e-16 1.171580829562169868e-16 9.331128284314610937e+03
2.595406081972925760e-15 9.750458513952635294e-17 9.334157203844024480e+03
2.289542801191228495e-15 9.284533153580516631e-17 9.334914438503752535e+03
2.517975165327662871e-15 8.948120558952016126e-17 9.335671675074430823e+03
2.522480487155565412e-15 8.753077868705001867e-17 9.336428913556053885e+03
2.173808978526057478e-15 8.636934688424794510e-17 9.337186153948630817e+03
2.375415571386630374e-15 8.514693199760770617e-17 9.337943396252154344e+03
2.392294802411251956e-15 8.393178992006563733e-17 9.338700640466631739e+03
2.201621512143621626e-15 8.287824866634823806e-17 9.339457886592052091e+03
1.769329813522908178e-15 8.200001791246082812e-17 9.340215134628422675e+03
1.900128241981070232e-15 8.139752604917438220e-17 9.340972384575743490e+03
1.516534159625877443e-15 8.096071423670371761e-17 9.341729636434014537e+03
1.927824709990195422e-15 8.123376937112090207e-17 9.342486890203232178e+03
1.746069268535093508e-15 8.131315437376698127e-17 9.343244145883400051e+03
1.911247085410163275e-15 8.103355869673200222e-17 9.344001403474514518e+03
2.133790830733745321e-15 7.986736082273404885e-17 9.344758662976581036e+03
2.110409136040955281e-15 7.842574235831750169e-17 9.345515924389595966e+03
2.483669122463819039e-15 7.720601984737454769e-17 9.346273187713555672e+03
2.499012453441364587e-15 7.554320220373493605e-17 9.347030452948467428e+03
2.387881098470428544e-15 7.400674490399974510e-17 9.347787720094325778e+03
2.411681550859345914e-15 7.226602879404042950e-17 9.348544989151134359e+03
2.569372931195433547e-15 7.076950733892189186e-17 9.349302260118889535e+03
2.208752399934343708e-15 6.980798325608448674e-17 9.350059532997593124e+03
2.817569872849756640e-15 6.950564982489554763e-17 9.350816807787246944e+03
2.116140940663873720e-15 6.948332491899387277e-17 9.351574084487847358e+03
2.194371957500156038e-15 6.961976355114519128e-17 9.352331363099394366e+03
2.354754654702887574e-15 6.990315840542216463e-17 9.353088643621893425e+03
2.442086218570554949e-15 7.027606683434404240e-17 9.353845926055335440e+03
2.414340844782009281e-15 7.065653308793220890e-17 9.354603210399727686e+03
2.270325786937757458e-15 7.128486485801493070e-17 9.355360496655070165e+03
2.455157647100886348e-15 7.097612131201676092e-17 9.356117784821359237e+03
2.381911343367513729e-15 7.106860460662528374e-17 9.356875074898596722e+03
2.520585998903834121e-15 7.119107953850640559e-17 9.357632366886778982e+03
2.359100265949039474e-15 7.121816818195173771e-17 9.358389660785911474e+03
2.358863111576043575e-15 7.110862406330410765e-17 9.359146956595992378e+03
2.406418226962351935e-15 7.120388401396251670e-17 9.359904254317018058e+03
2.548124919871802589e-15 7.148983014466657362e-17 9.360661553948992150e+03
2.249654652648149392e-15 7.183631131804848358e-17 9.361418855491912836e+03
2.213521664797564704e-15 7.228543781369180389e-17 9.362176158945781935e+03
2.271676146396368378e-15 7.282370978399070803e-17 9.362933464310599447e+03
2.571284760009887360e-15 7.334269144512474064e-17 9.363690771586363553e+03
2.412665435403048215e-15 7.389324886055004079e-17 9.364448080773076072e+03
2.488140404098779431e-15 7.455004728452630684e-17 9.365205391870735184e+03
2.252696978885514523e-15 7.568105426861044570e-17 9.365962704879340890e+03
2.026322801771254681e-15 7.771783482132526459e-17 9.366720019798893190e+03
8.765280306675019774e-16 8.188168566282751090e-17 9.367477336629395722e+03
-5.462400513574894652e-16 9.054157424671842300e-17 9.368234655370837572e+03
-1.487612683607241063e-15 1.063549046357108842e-16 9.368991976023231473e+03
-1.235224171694623129e-15 1.239491302371835113e-16 9.369749298586575605e+03
-4.592411359546044631e-16 1.385347062596718001e-16 9.370506623060862694e+03
6.534052192711547195e-16 1.505446401913875701e-16 9.371263949446096376e+03
1.033556816089310175e-15 1.606378867350152706e-16 9.372021277742274833e+03
2.838594891674225679e-15 1.694352637166512385e-16 9.372778607949403522e+03
2.989270357766952594e-15 1.766139626579445233e-16 9.373535940067476986e+03
2.822441790282658171e-15 1.813879395625521746e-16 9.374293274096500681e+03
1.437297748915487947e-15 1.829569693021320527e-16 9.375050610036465514e+03
1.618006287856509825e-15 1.827094987579672302e-16 9.375807947887376940e+03
1.657967466837269929e-15 1.823439674894714890e-16 9.376565287649236780e+03
1.677957313055065257e-15 1.822110422711568169e-16 9.377322629322043213e+03
1.403600127213216468e-15 1.821139355572033920e-16 9.378079972905798058e+03
1.172057662021644790e-15 1.822647864000135650e-16 9.378837318400494041e+03
1.549013166113336279e-15 1.825223354542315370e-16 9.379594665806138437e+03
1.416845813581898575e-15 1.828962262870675514e-16 9.380352015122731245e+03
1.141323818792427186e-15 1.824539406559500377e-16 9.381109366350267010e+03
8.749128476849604019e-16 1.780157677117959193e-16 9.381866719488749368e+03
8.472085632763884991e-16 1.696515553111675613e-16 9.382624074538178320e+03
1.609155275313133765e-15 1.586799386782300591e-16 9.383381431498552047e+03
1.525411922486501525e-15 1.467560836939630758e-16 9.384138790369874187e+03
2.574944802127168471e-15 1.355478262388025391e-16 9.384896151152141101e+03
3.702357849012039346e-15 1.233294366569205635e-16 9.385653513845350972e+03
3.273393404412153777e-15 1.105073482781580639e-16 9.386410878449505617e+03
3.129252258448526061e-15 9.844067719790875294e-17 9.387168244964610494e+03
2.810614317649849396e-15 8.974490246335653304e-17 9.387925613390660146e+03
2.657196358046748580e-15 8.623997606962543938e-17 9.388682983727652754e+03
2.982378592147604410e-15 8.561096668744717171e-17 9.389440355975591956e+03
2.981822536124273066e-15 8.533889328980333468e-17 9.390197730134475933e+03
3.100872944114946677e-15 8.514446170443457751e-17 9.390955106204306503e+03
3.304077503714681608e-15 8.489129339459661512e-17 9.391712484185083667e+03
3.706018756072517583e-15 8.450595145332116340e-17 9.392469864076803788e+03
3.418487253761144593e-15 8.366413777436808556e-17 9.393227245879468683e+03
3.097357332811013531e-15 8.325392901832496469e-17 9.393984629593080172e+03
2.941554183498693054e-15 8.361929564773028207e-17 9.394742015217634616e+03
2.731638478686175658e-15 8.494928434262105430e-17 9.395499402753135655e+03
2.393006312163588375e-15 8.686302182224271431e-17 9.396256792199579650e+03
3.048311232442426369e-15 8.858162432971814416e-17 9.397014183556970238e+03
2.836135873357727206e-15 9.001411274465448014e-17 9.397771576825307420e+03
3.218845491798396829e-15 9.174831258790460234e-17 9.398528972004587558e+03
3.174311176405684942e-15 9.346897476100642200e-17 9.399286369094810652e+03
3.320347468798148389e-15 9.498244742679268029e-17 9.400043768095978521e+03
3.064460609278375673e-15 9.620065368478514842e-17 9.400801169008092984e+03
2.937669567607251504e-15 9.689751908967608293e-17 9.401558571831154040e+03
2.834924204223263055e-15 9.750177362799169863e-17 9.402315976565156234e+03
2.912740245414765738e-15 9.813834950294699411e-17 9.403073383210103202e+03
2.878481448525560909e-15 9.871933074392663827e-17 9.403830791765996764e+03
3.232703198373235956e-15 1.078804287054943402e-16 9.404588202232833282e+03
3.214698590569046206e-15 1.294160798870373680e-16 9.405345614610612756e+03
3.182701509439389639e-15 1.153889106049655820e-16 9.406103028899335186e+03
3.116871626107355808e-15 1.077511152189448900e-16 9.406860445099006029e+03
3.177482973401290515e-15 1.003849209484611164e-16 9.407617863209616189e+03
2.975904246137142328e-15 9.846919377633907745e-17 9.408375283231176581e+03
2.967943559375877720e-15 9.625296342509350567e-17 9.409132705163676292e+03
3.411308114668857642e-15 9.328112074724800402e-17 9.409890129007122596e+03
3.614103042419049402e-15 9.044714913341731697e-17 9.410647554761508218e+03
3.233534371597586027e-15 8.805212187455670557e-17 9.411404982426844072e+03
2.605577313813892132e-15 8.715309580612631537e-17 9.412162412003119243e+03
2.277640969912474987e-15 8.836836609780873132e-17 9.412919843490339190e+03
2.470132943950277022e-15 9.176035888270829080e-17 9.413677276888503911e+03
2.571254472985175592e-15 9.405983954351663748e-17 9.414434712197609770e+03
2.630695803568590881e-15 9.759053205686949249e-17 9.415192149417662222e+03
2.836699734105840929e-15 1.013056382034073603e-16 9.415949588548653992e+03
3.161611756738403501e-15 1.046306932517881994e-16 9.416707029590594175e+03
3.574953679451353915e-15 1.074379202847011764e-16 9.417464472543473676e+03
3.299580245471027881e-15 1.093068063573804770e-16 9.418221917407299770e+03
3.009518893512533189e-15 1.102822530127412380e-16 9.418979364182065183e+03
2.574253747001680596e-15 1.106853072724828384e-16 9.419736812867777189e+03
2.961168282241341057e-15 1.110872976578359457e-16 9.420494263464433971e+03
3.060223540351382718e-15 1.118592954129454234e-16 9.421251715972030070e+03
2.703055242981546981e-15 1.122213322339380071e-16 9.422009170390569125e+03
2.604562114885646208e-15 1.129396474241512769e-16 9.422766626720052955e+03
2.611684911479565202e-15 1.140945453543734923e-16 9.423524084960479740e+03
3.066926175575288470e-15 1.141830952636441416e-16 9.424281545111847663e+03
3.161524083439595462e-15 1.148437892722344159e-16 9.425039007174160361e+03
3.290505233401652206e-15 1.141223345087594694e-16 9.425796471147416014e+03
3.183453163038845554e-15 1.114494446842116757e-16 9.426553937031614623e+03
3.421625894188595320e-15 1.077859154839402494e-16 9.427311404826752550e+03
3.838002290390076756e-15 1.039442516237436281e-16 9.428068874532835252e+03
3.454910346933580420e-15 1.002087799663179597e-16 9.428826346149860910e+03
3.443357605619689727e-15 9.611253639087821663e-17 9.429583819677831343e+03
2.975378531724847634e-15 9.177164504080255820e-17 9.430341295116741094e+03
2.975639641023350634e-15 8.829059065421682498e-17 9.431098772466593800e+03
1.002551165720923098e-15 8.888036363225625839e-17 9.431856251727389463e+03
4.952373827912287254e-16 9.669897475896568097e-17 9.432613732899128081e+03
9.919946811535173741e-17 1.080172513335882117e-16 9.433371215981806017e+03
7.552093454542542307e-16 1.214157878960031977e-16 9.434128700975428728e+03
1.516069797680594951e-15 1.393888065854335186e-16 9.434886187879992576e+03
3.073854753675902074e-15 1.445581561938517284e-16 9.435643676695499380e+03
3.378077719452246419e-15 1.449549645219503526e-16 9.436401167421947321e+03
4.242295840776827905e-15 1.500222133288254282e-16 9.437158660059338217e+03
3.922304637696461280e-15 1.553092424890343075e-16 9.437916154607670251e+03
2.838735898759978108e-15 1.583754521445661489e-16 9.438673651066943421e+03
3.028469413495948125e-15 1.598394623139088199e-16 9.439431149437157728e+03
2.556027464572845926e-15 1.611607144352045176e-16 9.440188649718318629e+03
2.617542595542454932e-15 1.626941968941408921e-16 9.440946151910417029e+03
2.675469531952115741e-15 1.641199653550864330e-16 9.441703656013458385e+03
3.168008937018980401e-15 1.657473253666618287e-16 9.442461162027440878e+03
3.136805474095681226e-15 1.668830188012095573e-16 9.443218669952366326e+03
3.207458961793446523e-15 1.679817672754148969e-16 9.443976179788231093e+03
3.007625396078213473e-15 1.678954809988725914e-16 9.444733691535038815e+03
3.229107761887824743e-15 1.659864621017006848e-16 9.445491205192787675e+03
3.672784697686207498e-15 1.611524929431747699e-16 9.446248720761475852e+03
4.219241415087966713e-15 1.507505757033618965e-16 9.447006238241108804e+03
4.580224987863028655e-15 1.408675491640310891e-16 9.447763757631679255e+03
5.278681449004225370e-15 1.310279706376090805e-16 9.448521278933194480e+03
4.281433396679208781e-15 1.204902145200580580e-16 9.449278802145647205e+03
3.652952643259203131e-15 1.103098610007479951e-16 9.450036327269044705e+03
2.302503141651012579e-15 1.014410400532141903e-16 9.450793854303377884e+03
1.985908389636027717e-15 9.756786154814448554e-17 9.451551383248657658e+03
1.387444084671354013e-15 9.986559221985004043e-17 9.452308914104876749e+03
1.566553431728559272e-15 1.048618832852371723e-16 9.453066446872036977e+03
2.004256866341199345e-15 1.095264322271864738e-16 9.453823981550136523e+03
2.273070054088584096e-15 1.133886083209887534e-16 9.454581518139179025e+03
3.099425804782172551e-15 1.171104013372708394e-16 9.455339056639160844e+03
3.160798999711621827e-15 1.202692624329797231e-16 9.456096597050081982e+03
3.019962001603714288e-15 1.228927606267714927e-16 9.456854139371946076e+03
2.877349163126921427e-15 1.251877334494869217e-16 9.457611683604747668e+03
2.352757538476945505e-15 1.245269096952148263e-16 9.458369229748492216e+03
2.457039437877347559e-15 1.242180351088809081e-16 9.459126777803177902e+03
2.123026506332621490e-15 1.240844885553708738e-16 9.459884327768802905e+03
1.981628160467983994e-15 1.244830800506328803e-16 9.460641879645367226e+03
2.492116049204730267e-15 1.247284129407811310e-16 9.461399433432872684e+03
2.771465694300212964e-15 1.249848904020930468e-16 9.462156989131317459e+03
2.374567888470683319e-15 1.252445789181275372e-16 9.462914546740703372e+03
2.391377591019747337e-15 1.253405795575456189e-16 9.463672106261028603e+03
2.905670143229606914e-15 1.243562098644689932e-16 9.464429667692294970e+03
2.977328279850766172e-15 1.209424288479187211e-16 9.465187231034502474e+03
2.396019542002018848e-15 1.161458017458925251e-16 9.465944796287647478e+03
2.889982478301042518e-15 1.109609737792226050e-16 9.466702363451735437e+03
3.100409447108576218e-15 1.060502193986859456e-16 9.467459932526759076e+03
2.544942210123911402e-15 1.019889250345184854e-16 9.468217503512723852e+03
1.381733630051822253e-15 1.000770157166994705e-16 9.468975076409627945e+03
7.333671370917541728e-16 1.041515877666658614e-16 9.469732651217473176e+03
2.460380975620633337e-16 1.144117981353833728e-16 9.470490227936257725e+03
6.845643619986628495e-16 1.258890361704941966e-16 9.471247806565983410e+03
1.102334274419586445e-15 1.364447398080601222e-16 9.472005387106646594e+03
2.781441654078260000e-15 1.457187943771531213e-16 9.472762969558249097e+03
3.110672542426449818e-15 1.539230588564496409e-16 9.473520553920790917e+03
4.363415775441576905e-15 1.619180874552517423e-16 9.474278140194273874e+03
3.467227497992074270e-15 1.669172943239620332e-16 9.475035728378692511e+03
2.736425965998991078e-15 1.688406555607943679e-16 9.475793318474054104e+03
2.908729579984867588e-15 1.689748241179069834e-16 9.476550910480353195e+03
2.931626210783288159e-15 1.682158859161665153e-16 9.477308504397591605e+03
2.825723787326416484e-15 1.672049853757956599e-16 9.478066100225769333e+03
2.615289316804042521e-15 1.660892110715357972e-16 9.478823697964886378e+03
2.895134875025251517e-15 1.649227061010100167e-16 9.479581297614942741e+03
2.711919986411940029e-15 1.634539625083750897e-16 9.480338899175936604e+03
3.116614201214716032e-15 1.622708425289972383e-16 9.481096502647871603e+03
3.214597215984764573e-15 1.611037142163993834e-16 9.481854108030742282e+03
3.047048971481214411e-15 1.588801768520625359e-16 9.482611715324554098e+03
3.825861572768627178e-15 1.532344727037090656e-16 9.483369324529303412e+03
4.102549782897693196e-15 1.455252891730214395e-16 9.484126935644992045e+03
4.392826614839310462e-15 1.376446218558011571e-16 9.484884548671619996e+03
4.510916780025731194e-15 1.280297861847279929e-16 9.485642163609187264e+03
3.891693598284248908e-15 1.185761664119672162e-16 9.486399780457690213e+03
3.868698083821848348e-15 1.096572198477431633e-16 9.487157399217132479e+03
3.710856157630719001e-15 1.008547669728746322e-16 9.487915019887514063e+03
3.067226950124374673e-15 9.325275657811734641e-17 9.488672642468834965e+03
3.307056090704961657e-15 8.896658249370118539e-17 9.489430266961091547e+03
2.674373656746094942e-15 8.764283447265800970e-17 9.490187893364287447e+03
2.656721083314243008e-15 8.767179457675321036e-17 9.490945521678422665e+03
3.149518836042502722e-15 8.784459439063228921e-17 9.491703151903493563e+03
2.750433131631242704e-15 8.776725347474213154e-17 9.492460784039503778e+03
2.634051948687704956e-15 8.794124983489108163e-17 9.493218418086455131e+03
2.861979495551653691e-15 8.796503651608036393e-17 9.493976054044338525e+03
2.187479345677971831e-15 8.873486793559945201e-17 9.494733691913164876e+03
1.537673883091209131e-15 9.143828739837672001e-17 9.495491331692926906e+03
1.172638600968692315e-15 9.614836628325137978e-17 9.496248973383626435e+03
1.574224506683379815e-15 1.013187870788263088e-16 9.497006616985265282e+03
1.797176443982420705e-15 1.055105889189028286e-16 9.497764262497837990e+03
2.068026058529353554e-15 1.088626570894722713e-16 9.498521909921353654e+03
2.270291540561670716e-15 1.119255254387633937e-16 9.499279559255803179e+03
2.491343734496422051e-15 1.144652207665682749e-16 9.500037210501192021e+03
2.296920087460465686e-15 1.166411337686363716e-16 9.500794863657520182e+03
2.162418800627385378e-15 1.178582775543526354e-16 9.501552518724780384e+03
2.241853992086537493e-15 1.180183209178102038e-16 9.502310175702981724e+03
2.098599660449056195e-15 1.177708688945288878e-16 9.503067834592122381e+03
2.411416760782045775e-15 1.178476090718407477e-16 9.503825495392196899e+03
2.379486917395568325e-15 1.183518128093610330e-16 9.504583158103208916e+03
2.540284822237403836e-15 1.189741836650549150e-16 9.505340822725160251e+03
3.060467236631489303e-15 1.198461541403603911e-16 9.506098489258045447e+03
2.775305372551802694e-15 1.209389296451347865e-16 9.506856157701869961e+03
3.085169477782079002e-15 1.223748921369769707e-16 9.507613828056631974e+03
3.197770106420306859e-15 1.235620750785643351e-16 9.508371500322329666e+03
3.123949071081968859e-15 1.228179869473522115e-16 9.509129174498964858e+03
3.182570160149173137e-15 1.201286884694643047e-16 9.509886850586539367e+03
2.825341499865386014e-15 1.164047929138626882e-16 9.510644528585045919e+03
1.917831767343319921e-15 1.130842888796967421e-16 9.511402208494489969e+03
1.298913818300949352e-15 1.128893571296241978e-16 9.512159890314873337e+03
1.387912494599018501e-15 1.148185596852546534e-16 9.512917574046194204e+03
1.775028408109001864e-15 1.172905713349616009e-16 9.513675259688447113e+03
2.293385560811694079e-15 1.191408924602185446e-16 9.514432947241642978e+03
2.721934400390187597e-15 1.211718875805833101e-16 9.515190636705770885e+03
3.339320227867026563e-15 1.239259461564619910e-16 9.515948328080836291e+03
3.557639024096332361e-15 1.268225794786897380e-16 9.516706021366837376e+03
3.640148548693169928e-15 1.290113612374466852e-16 9.517463716563775961e+03
3.230023492076670552e-15 1.315562949010645298e-16 9.518221413671650225e+03
2.587157750393297676e-15 1.299715992922738605e-16 9.518979112690460170e+03
2.563451029796492114e-15 1.318544519727952342e-16 9.519736813620209432e+03
2.709292275055403946e-15 1.296603733915353208e-16 9.520494516460888917e+03
2.486652121219053874e-15 1.286381386259872404e-16 9.521252221212507720e+03
2.885208528372616701e-15 1.288671631147472533e-16 9.522009927875064022e+03
2.809756415241727472e-15 1.293571683402485252e-16 9.522767636448556004e+03
2.952191316791961162e-15 1.305556729854706815e-16 9.523525346932983666e+03
2.640433958154392731e-15 1.316504628248575997e-16 9.524283059328345189e+03
2.897249874937213689e-15 1.320870969391573156e-16 9.525040773634642392e+03
3.137348072589491085e-15 1.302329387247291480e-16 9.525798489851878912e+03
3.737594322440208749e-15 1.263272695921490732e-16 9.526556207980049294e+03
3.575794417411740727e-15 1.212589615381647374e-16 9.527313928019155355e+03
3.391740264548576437e-15 1.161498314917180302e-16 9.528071649969195278e+03
3.425373198486014305e-15 1.109356500678362357e-16 9.528829373830172699e+03
3.142754441117234540e-15 1.055321217036828909e-16 9.529587099602085800e+03
2.694929000027578157e-15 1.001918435312199497e-16 9.530344827284936400e+03
2.433679452258170978e-15 9.528027479242879695e-17 9.531102556878719042e+03
2.677279490413941826e-15 9.209460546519064002e-17 9.531860288383435545e+03
2.639739776948028322e-15 9.078776606211227732e-17 9.532618021799091366e+03
2.703467119764105596e-15 9.041637658148287479e-17 9.533375757125682867e+03
2.251291902259265287e-15 9.014445399776779547e-17 9.534133494363206410e+03
2.693267820801879948e-15 8.998411645945814610e-17 9.534891233511665632e+03
2.784380689968661681e-15 8.986982481318422929e-17 9.535648974571060535e+03
2.443746264337746342e-15 8.978621354800031203e-17 9.536406717541391117e+03
2.413736259351927430e-15 8.914940532607270949e-17 9.537164462422657380e+03
2.656781441804312530e-15 8.917147211513311380e-17 9.537922209214857503e+03
2.703585639580672914e-15 8.934028869841310473e-17 9.538679957917989668e+03
2.943413016009363392e-15 8.955335565167018715e-17 9.539437708532062970e+03
2.577523757727254099e-15 9.005667060197939793e-17 9.540195461057066495e+03
2.832917965205767921e-15 9.023017963102791898e-17 9.540953215493005700e+03
2.522377316536021704e-15 9.040238302364258000e-17 9.541710971839882404e+03
2.978957117100826048e-15 9.048011722946167757e-17 9.542468730097689331e+03
2.859142463254966019e-15 9.053622199106100322e-17 9.543226490266431938e+03
2.669283622401360830e-15 9.045698144234382123e-17 9.543984252346112044e+03
2.594701282466839742e-15 9.090945889515528114e-17 9.544742016336724191e+03
2.268719082207186745e-15 9.259983080259339288e-17 9.545499782238270200e+03
2.215624869847350494e-15 9.551597221731723627e-17 9.546257550050751888e+03
2.096010992038647452e-15 9.848461796840894749e-17 9.547015319774167438e+03
2.110638646159544834e-15 1.011090739313321276e-16 9.547773091408518667e+03
2.487914541959411965e-15 1.035583886425662114e-16 9.548530864953803757e+03
2.506658285838884058e-15 1.056897404282386350e-16 9.549288640410020889e+03
2.973603253413777668e-15 1.078436481206748625e-16 9.550046417777171882e+03
2.886659604648147057e-15 1.096796970562120930e-16 9.550804197055260374e+03
2.421634659155420091e-15 1.108939214210236981e-16 9.551561978244280908e+03
2.333171964014718692e-15 1.117480246202002322e-16 9.552319761344235303e+03
2.355016071865615093e-15 1.125527687412000043e-16 9.553077546355123559e+03
2.705218643502407973e-15 1.135903966453697054e-16 9.553835333276945676e+03
2.947070529541437409e-15 1.145648109016791362e-16 9.554593122109701653e+03
3.615408174127913130e-15 1.155756307852390915e-16 9.555350912853395130e+03
3.970713279965597369e-15 1.163003524877755128e-16 9.556108705508017010e+03
3.721112390228863337e-15 1.166707701221663426e-16 9.556866500073574571e+03
4.181206759770634498e-15 1.169365358972852176e-16 9.557624296550064173e+03
3.874761107398685877e-15 1.163449699062363386e-16 9.558382094937489455e+03
3.306861398903693969e-15 1.149293794134514858e-16 9.559139895235850418e+03
2.869377527258191795e-15 1.140295283884484930e-16 9.559897697445139784e+03
2.507820197072436756e-15 1.153415137678430627e-16 9.560655501565364830e+03
2.692587595194598847e-15 1.178765234668454425e-16 9.561413307596521918e+03
2.975569213434253981e-15 1.207532634755633709e-16 9.562171115538614686e+03
3.031893408579948830e-15 1.226691785717469234e-16 9.562928925391639496e+03
2.875920075848471560e-15 1.251084072147491701e-16 9.563686737155598166e+03
3.081993822047511668e-15 1.278343905127374726e-16 9.564444550830490698e+03
3.595800667153346960e-15 1.307739257999299168e-16 9.565202366416313453e+03
3.188008846454182366e-15 1.335436486985113991e-16 9.565960183913070068e+03
2.811154300097789514e-15 1.354289033048454104e-16 9.566718003320766002e+03
2.551178437653725381e-15 1.364802112370021484e-16 9.567475824639386701e+03
2.487195840364958437e-15 1.375651000151261166e-16 9.568233647868943081e+03
1.758140708907527317e-15 1.388888152126616317e-16 9.568991473009433321e+03
1.829341943126715976e-15 1.402451574287508180e-16 9.569749300060855603e+03
1.741229914211157742e-15 1.416101857690735756e-16 9.570507129023208108e+03
1.760318549310336816e-15 1.425554745795536488e-16 9.571264959896498112e+03
2.026465063601772122e-15 1.433136063020486206e-16 9.572022792680716520e+03
2.328795541308362010e-15 1.431609479364373403e-16 9.572780627375870608e+03
2.511509466729387181e-15 1.414190697510832325e-16 9.573538463981954919e+03
2.918444661119910030e-15 1.367416872926042734e-16 9.574296302498973091e+03
3.465708164471071524e-15 1.306068475981951295e-16 9.575054142926923305e+03
3.742042173708181067e-15 1.235910812393800391e-16 9.575811985265805561e+03
3.548974141285565798e-15 1.166459762257639910e-16 9.576569829515621677e+03
3.390068211156866301e-15 1.094911012849086153e-16 9.577327675676368017e+03
2.867213559853495960e-15 1.021997827688428758e-16 9.578085523748050036e+03
2.478219803249333355e-15 9.519820540165535997e-17 9.578843373730658641e+03
2.415917956844817484e-15 8.980661007955647972e-17 9.579601225624206563e+03
2.849736403021739481e-15 8.807602202878645619e-17 9.580359079428682890e+03
2.690041201426886483e-15 8.567841527556974369e-17 9.581116935144089439e+03
2.641396434994029248e-15 8.535892529431012906e-17 9.581874792770428030e+03
2.450467531676911415e-15 8.529933252297041917e-17 9.582632652307700482e+03
2.496151468632543024e-15 8.534204260475955663e-17 9.583390513755904976e+03
2.565733942526673026e-15 8.559419211101462127e-17 9.584148377115041512e+03
2.308640560446878932e-15 8.656476843062875011e-17 9.584906242385108271e+03
2.434922072962916747e-15 8.812211270707862972e-17 9.585664109566107072e+03
2.088718266028158374e-15 8.719159549951179270e-17 9.586421978658039734e+03
2.606772696642471772e-15 8.758918794756198016e-17 9.587179849660902619e+03
2.163539472916641369e-15 8.815898814877204878e-17 9.587937722574697545e+03
2.524855003645106036e-15 8.742210622655531423e-17 9.590969233339190396e+03
2.334472888498961898e-15 8.683556855079770071e-17 9.591727115807640075e+03
2.429027860214279412e-15 8.609527668068908462e-17 9.592485000187025435e+03
