0.000000000000000000e+00 1.946207916007627127e-18 3.806199970243000280e+03
0.000000000000000000e+00 1.944802742942052671e-18 3.807489970204849669e+03
0.000000000000000000e+00 1.943278455868270580e-18 3.808779970166699968e+03
0.000000000000000000e+00 1.941673105094458291e-18 3.810069970128549812e+03
0.000000000000000000e+00 1.940177148956656140e-18 3.811359970090400111e+03
0.000000000000000000e+00 1.938585653458104115e-18 3.812649970052249955e+03
0.000000000000000000e+00 1.936872769204659933e-18 3.813939970014100254e+03
0.000000000000000000e+00 1.935027949643513543e-18 3.815229969975949643e+03
0.000000000000000000e+00 1.933032583210882502e-18 3.816519969937799942e+03
0.000000000000000000e+00 1.930876743739416174e-18 3.817809969899649786e+03
0.000000000000000000e+00 1.928556295326051793e-18 3.819099969861499630e+03
0.000000000000000000e+00 1.926198416989969388e-18 3.820389969823349929e+03
0.000000000000000000e+00 1.924108545172354163e-18 3.821679969785200228e+03
0.000000000000000000e+00 1.921865024555957214e-18 3.822969969747050072e+03
8.635233552483614818e-17 1.956741399363999892e-17 3.824259969708899916e+03
5.521829951591200332e-17 2.019731533882157971e-17 3.825549969670750215e+03
6.446239689449426028e-17 2.134345017813015443e-17 3.826839969632600514e+03
8.290009392962363697e-17 2.246864080432888649e-17 3.828129969594449904e+03
1.085442546357639950e-16 2.345813906848319479e-17 3.829419969556299748e+03
1.096474621100035178e-16 2.403672378282321084e-17 3.830709969518150046e+03
1.176372327338777142e-16 2.390234498359152128e-17 3.831999969479999891e+03
1.011370640085884458e-16 2.331080000341402439e-17 3.833289969441850189e+03
1.330374563852633691e-16 2.265474320726351687e-17 3.834579969403699579e+03
1.442802835128473076e-16 2.194276238425952425e-17 3.835869969365549878e+03
1.148123249152254192e-16 2.116569402757618410e-17 3.837159969327399722e+03
9.647534539148049917e-17 2.064404250043696783e-17 3.838449969289250021e+03
9.089365634942577648e-17 2.040517259186635471e-17 3.839739969251099865e+03
5.947678081929014975e-17 2.031724825583564319e-17 3.841029969212950164e+03
1.341273760301428400e-16 2.079190268929204664e-17 3.842319969174800008e+03
1.323741501782244468e-16 2.085963389220911365e-17 3.843609969136649852e+03
1.029905904728625689e-16 2.052734385961798669e-17 3.844899969098500151e+03
1.324625989467635170e-16 2.031571797170242009e-17 3.846189969060350450e+03
1.170438464496566743e-16 2.010837522499865307e-17 3.847479969022199839e+03
9.739268207335690644e-17 1.957241678198471963e-17 3.848769968984049683e+03
8.122620462461642974e-17 1.903286010330618053e-17 3.850059968945899982e+03
9.913956179561579283e-17 1.894631054145353214e-17 3.851349968907750281e+03
6.327699413714656823e-17 1.873307496006593734e-17 3.852639968869600125e+03
7.413956964586233020e-17 1.833162931954292706e-17 3.853929968831449514e+03
8.199573405719696160e-17 1.790007265036176146e-17 3.855219968793299813e+03
7.343536762933878625e-17 1.749178457181171253e-17 3.856509968755149657e+03
7.776848378502636727e-17 1.730178614819195739e-17 3.857799968716999956e+03
9.065165638941726270e-17 1.740796801470293934e-17 3.859089968678849800e+03
9.304133485696865669e-17 1.735927850948684303e-17 3.860379968640700099e+03
6.949755116222294652e-17 1.742447357664582246e-17 3.861669968602549943e+03
7.168273073001653079e-17 1.775642611954702778e-17 3.862959968564400242e+03
7.920150471310303327e-17 1.775442930554832477e-17 3.864249968526250086e+03
9.717324760045883926e-17 1.756542018994118305e-17 3.865539968488100385e+03
7.194711750612317971e-17 1.695512798836078434e-17 3.866829968449949774e+03
5.577123005073429977e-17 1.649025579282843300e-17 3.868119968411799618e+03
8.619607779840243104e-17 1.649719087508407758e-17 3.869409968373649917e+03
1.045962142162769999e-16 1.647910705253244329e-17 3.870699968335500216e+03
9.132192414849143124e-17 1.649823477701711951e-17 3.871989968297350060e+03
1.021530072369260743e-16 1.679222965596949150e-17 3.873279968259199450e+03
1.260523727159511796e-16 1.693821379919530003e-17 3.874569968221049749e+03
1.264089471169656384e-16 1.698773048502394937e-17 3.875859968182900047e+03
1.117598564013373361e-16 1.681154266891137959e-17 3.877149968144749892e+03
1.137779256330605075e-16 1.646394483190434630e-17 3.878439968106599736e+03
1.293607775288080700e-16 1.628163587925888410e-17 3.879729968068450034e+03
1.257840750299083800e-16 1.623580511023977105e-17 3.881019968030299879e+03
1.016629589722700591e-16 1.596705082049884215e-17 3.882309967992150177e+03
9.997095772057039073e-17 1.591915044558712142e-17 3.883599967954000022e+03
1.198248144341701525e-16 1.617133630765861318e-17 3.884889967915850320e+03
9.921770720244490246e-17 1.614718097941083967e-17 3.886179967877699710e+03
9.616395490424613701e-17 1.608599112077784200e-17 3.887469967839550009e+03
1.000864652213072955e-16 1.617777011846305063e-17 3.888759967801399853e+03
1.314369611616467669e-16 1.626896512663579682e-17 3.890049967763250152e+03
1.321844942073782886e-16 1.611587219322570757e-17 3.891339967725099996e+03
1.073241102926890758e-16 1.599180006442642874e-17 3.892629967686949385e+03
1.253764536589320488e-16 1.624608200217012987e-17 3.893919967648799684e+03
1.557879010806768210e-16 1.658515491578419165e-17 3.895209967610649983e+03
1.380788641384229562e-16 1.663571881226833313e-17 3.896499967572499827e+03
1.206531729519154557e-16 1.669517490033741965e-17 3.897789967534349671e+03
1.028095768850563647e-16 1.674899623407379495e-17 3.899079967496199970e+03
7.413277352994959452e-17 1.691593451657679678e-17 3.900369967458050269e+03
1.126819841133216505e-16 1.772617777890718866e-17 3.901659967419900113e+03
1.018779994617542446e-16 1.840408537811889697e-17 3.902949967381749957e+03
7.895343655612083048e-17 1.901144936033085796e-17 3.904239967343600256e+03
7.827777557945281620e-17 1.966541173517038122e-17 3.905529967305449645e+03
2.806862046408838173e-17 2.001804544774663734e-17 3.906819967267299944e+03
4.391052216663040100e-17 2.037510292223882705e-17 3.908109967229149788e+03
9.822523605116907858e-17 2.060436430081402420e-17 3.909399967191000087e+03
9.581181419131496249e-17 2.061067238016535359e-17 3.910689967152849931e+03
6.812662171964696100e-17 2.013301362672415755e-17 3.911979967114700230e+03
3.787589549092124205e-17 1.958133048026559106e-17 3.913269967076549619e+03
6.239657618036962769e-17 1.920382179230864029e-17 3.914559967038399918e+03
9.011151406686503606e-17 1.867994845804410659e-17 3.915849967000249762e+03
9.307004795039159738e-17 1.785902629400565512e-17 3.917139966962099606e+03
5.956622882200918396e-17 1.715052624701928564e-17 3.918429966923949905e+03
1.254574511845132413e-16 1.689799296909052161e-17 3.919719966885800204e+03
1.307894574130300577e-16 1.646432202626367048e-17 3.921009966847650048e+03
1.397344429733906896e-16 1.611306805094915280e-17 3.922299966809499892e+03
5.474653194279340994e-17 1.568800805829897869e-17 3.923589966771350191e+03
7.559186719093393195e-17 1.558581651106295254e-17 3.924879966733200490e+03
1.052719413673940184e-16 1.528494776122026489e-17 3.926169966695049879e+03
1.465749751762980124e-16 1.519982922182733324e-17 3.927459966656899724e+03
1.181106579769438639e-16 1.488573219962869757e-17 3.928749966618750022e+03
8.293764131198864400e-17 1.441973503846327411e-17 3.930039966580599867e+03
7.605563758189036266e-17 1.419269546701339439e-17 3.931329966542450165e+03
9.302916537579677654e-17 1.427789837882880645e-17 3.932619966504299555e+03
1.011095420552475814e-16 1.426902934830101289e-17 3.933909966466149854e+03
1.002485264469186847e-16 1.452694922637872224e-17 3.935199966427999698e+03
1.174150189341214689e-16 1.523543272975284065e-17 3.936489966389849997e+03
1.236520666318897043e-16 1.586440597828713694e-17 3.937779966351699841e+03
8.952762381607610488e-17 1.649941268220939502e-17 3.939069966313550140e+03
9.089522468386717702e-17 1.709982007546978505e-17 3.940359966275399984e+03
9.242750728545020633e-17 1.753724807263885204e-17 3.941649966237249828e+03
6.295204450531123683e-17 1.757501713940802328e-17 3.942939966199100127e+03
7.070046367877716106e-17 1.741960313719911023e-17 3.944229966160950426e+03
9.698914366588413699e-17 1.733175655614597869e-17 3.945519966122799815e+03
1.280431780746846032e-16 1.715459597563304654e-17 3.946809966084649659e+03
9.163596823113086352e-17 1.686952802985134683e-17 3.948099966046499958e+03
7.243480996039464398e-17 1.664984705713073884e-17 3.949389966008350257e+03
1.034035256520939407e-16 1.653120454187225808e-17 3.950679965970200101e+03
9.009137718203304515e-17 1.619455857617542688e-17 3.951969965932049490e+03
1.041467772109748880e-16 1.608607549320032241e-17 3.953259965893899789e+03
9.234401498314155393e-17 1.580695166730042875e-17 3.954549965855749633e+03
8.568990282052408192e-17 1.563600983063267026e-17 3.955839965817599932e+03
6.791174004884038568e-17 1.561932725203870080e-17 3.957129965779449776e+03
3.106704430547470026e-17 1.530903195193535884e-17 3.958419965741300075e+03
5.823896128088619745e-17 1.511143835593114181e-17 3.959709965703149919e+03
9.916093614264416306e-17 1.489604879622845893e-17 3.960999965665000218e+03
1.143770161547857131e-16 1.455177953400633902e-17 3.962289965626850062e+03
1.117742559614406592e-16 1.402290175703585951e-17 3.963579965588700361e+03
9.831798450453219936e-18 6.177776484566054535e-18 3.964869965550549750e+03
1.424938380875287848e-17 6.143453038638472928e-18 3.966159965512399594e+03
1.315651774653149364e-17 6.006122031800581614e-18 3.967449965474249893e+03
1.539563279898598552e-17 5.952889650660344071e-18 3.968739965436100192e+03
1.066959013590407785e-17 6.165379115135416032e-18 3.970029965397950036e+03
9.927005780905215847e-17 1.425585897858794358e-17 3.971319965359799426e+03
1.178836663819695122e-16 1.491766964307936997e-17 3.972609965321649725e+03
1.206383234055589037e-16 1.554800443090192854e-17 3.973899965283500023e+03
1.188324491620127354e-16 1.618486732811875561e-17 3.975189965245349867e+03
1.221697325044150770e-16 1.653924142870382330e-17 3.976479965207199712e+03
1.240784021370444352e-16 1.662547831628492665e-17 3.977769965169050010e+03
1.076793148826091467e-16 1.653133689077026657e-17 3.979059965130899855e+03
1.101213505742126971e-16 1.665176942487431208e-17 3.980349965092750153e+03
1.461019602148156890e-16 1.680063050227058004e-17 3.981639965054599998e+03
1.006138094054221017e-16 1.640903823720430143e-17 3.982929965016450296e+03
1.370614849245419356e-16 1.659942709007318159e-17 3.984219964978299686e+03
1.133227248332501261e-16 1.661772267086162946e-17 3.985509964940149985e+03
1.427334292975935442e-16 1.655591904421411744e-17 3.986799964901999829e+03
7.299482446998284456e-17 1.610158512968569167e-17 3.988089964863850128e+03
7.285129209009264320e-17 1.615472155787487307e-17 3.989379964825699972e+03
5.266375071738899007e-17 1.630528000988809985e-17 3.990669964787549361e+03
6.021244216887031045e-17 1.598287974870065689e-17 3.991959964749399660e+03
8.102552399056616480e-17 1.594430335365363389e-17 3.993249964711249959e+03
6.538307538604538178e-17 1.586287734851513895e-17 3.994539964673099803e+03
4.673322637613085476e-17 1.605146625637110373e-17 3.995829964634949647e+03
1.139849987188845822e-16 1.623901291665525169e-17 3.997119964596799946e+03
1.119721440337429451e-16 1.636742278058675860e-17 3.998409964558650245e+03
9.104266135624862867e-17 1.636557816782076535e-17 3.999699964520500089e+03
7.469296009310520614e-17 1.647403643537749323e-17 4.000989964482349933e+03
7.728621763557325087e-17 1.653488053251444374e-17 4.002279964444200232e+03
7.563672023246900732e-17 1.644791738035551883e-17 4.003569964406049621e+03
1.172198837188977594e-16 1.702719361768762922e-17 4.004859964367899920e+03
1.145867362185699575e-16 1.738301528434466471e-17 4.006149964329749764e+03
1.392850787599824824e-16 1.791113205515159544e-17 4.007439964291600063e+03
8.700681406037790453e-17 1.794981432931702523e-17 4.008729964253449907e+03
1.143832100832125102e-16 1.848547498731043957e-17 4.010019964215300206e+03
8.772568695224568897e-17 1.846671949410141222e-17 4.011309964177149595e+03
1.206021127470637824e-16 1.835971375570032745e-17 4.012599964138999894e+03
1.191599994496939335e-16 1.812422867019628132e-17 4.013889964100849738e+03
1.175660819663083530e-16 1.800983290020264781e-17 4.015179964062699582e+03
1.392349582323066694e-16 1.802107924781091877e-17 4.016469964024549881e+03
8.666126432256755253e-17 1.779452274983877002e-17 4.017759963986400180e+03
1.159197543193114127e-16 1.778546346777008926e-17 4.019049963948250024e+03
1.216742447000509130e-16 1.786778282797014147e-17 4.020339963910099868e+03
1.216550805796192845e-16 1.785694345322324660e-17 4.021629963871950167e+03
1.221134180483124669e-16 1.765408567980074209e-17 4.022919963833800466e+03
1.206395807200899843e-16 1.746123679179012922e-17 4.024209963795649855e+03
9.693235275374869632e-17 1.731232112047343275e-17 4.025499963757499700e+03
9.802281502911000207e-17 1.723204985947006184e-17 4.026789963719349998e+03
1.191076025209723745e-16 1.718589649001205311e-17 4.028079963681199843e+03
1.143561579684595759e-16 1.682666518487007404e-17 4.029369963643050141e+03
1.119294218094658063e-16 1.695568716245487019e-17 4.030659963604899531e+03
1.230236475943658186e-16 1.675492546470457505e-17 4.031949963566749830e+03
1.344735742775534336e-16 1.686922031866347710e-17 4.033239963528599674e+03
1.357668347693331400e-16 1.683882143115215333e-17 4.034529963490449973e+03
8.237196888701058071e-17 1.682123722569050107e-17 4.035819963452299817e+03
1.203906192080462243e-16 1.742750436641021675e-17 4.037109963414150116e+03
1.377710338365450223e-16 1.788759049491833627e-17 4.038399963375999960e+03
1.174042324989337774e-16 1.833023800175261287e-17 4.039689963337850259e+03
7.384826310390075555e-17 1.850756898147173094e-17 4.040979963299700103e+03
4.901411074079682433e-17 1.962646641757015957e-17 4.042269963261550402e+03
6.577721040431464840e-17 2.123992687010791791e-17 4.043559963223399791e+03
1.477483805060412353e-16 2.204145826622690130e-17 4.044849963185249635e+03
1.608994669846707058e-16 2.203554392484714715e-17 4.046139963147099934e+03
1.045804316101894881e-16 2.171435961916015714e-17 4.047429963108950233e+03
1.655627407013302520e-16 2.133935397973679184e-17 4.048719963070800077e+03
1.035311563118884227e-16 1.964043584375495510e-17 4.050009963032649466e+03
1.288744085635166905e-16 1.847702616453382295e-17 4.051299962994499765e+03
1.152678301175012201e-16 1.795069444948878165e-17 4.052589962956349609e+03
1.704682923106841299e-16 1.754350321243097803e-17 4.053879962918199908e+03
1.238287788805106327e-16 1.728074267340860837e-17 4.055169962880049752e+03
1.263401786295604299e-16 1.748491897272752240e-17 4.056459962841900051e+03
1.439459701964778760e-16 1.759854711911270671e-17 4.057749962803749895e+03
1.105600408489965201e-16 1.756142490758255193e-17 4.059039962765600194e+03
9.167383325085109091e-17 1.796954920437131536e-17 4.060329962727450038e+03
1.001898561804315236e-16 1.864360710501220187e-17 4.061619962689300337e+03
1.181059198863951601e-16 1.886761588669768730e-17 4.062909962651149726e+03
1.143787234555700225e-16 1.900000118065312406e-17 4.064199962613000025e+03
9.562105972461533389e-17 1.904211625436064891e-17 4.065489962574849869e+03
1.148164012612840805e-16 1.911396019928332957e-17 4.066779962536700168e+03
1.406176865791401113e-16 1.890611948985080563e-17 4.068069962498550012e+03
1.428429612455853659e-16 1.844436576522777920e-17 4.069359962460399402e+03
1.353385272655980827e-16 1.815086719464293903e-17 4.070649962422249700e+03
1.052220590677346206e-16 1.817046806643799557e-17 4.071939962384099999e+03
1.103073801852534229e-16 1.833341272094359139e-17 4.073229962345949843e+03
8.592496769827695112e-17 1.840949513932499377e-17 4.074519962307799688e+03
9.262542844497699437e-17 1.843051048996751599e-17 4.075809962269649986e+03
1.751604048522197249e-16 1.892336289690008604e-17 4.077099962231500285e+03
1.378828157158029882e-16 1.882656125853545543e-17 4.078389962193350129e+03
9.848307155682430752e-17 1.843908173547479046e-17 4.079679962155199973e+03
1.279728611051726955e-16 1.832806251674159840e-17 4.080969962117050272e+03
1.149447664574625096e-16 1.813407708256933767e-17 4.082259962078900571e+03
1.314444785790536488e-16 1.802641787148433601e-17 4.083549962040749961e+03
1.127331104926223280e-16 1.773668131832538701e-17 4.084839962002599805e+03
1.232762884057742145e-16 1.759758758960214519e-17 4.086129961964450104e+03
9.690180662808833812e-17 1.753592458365876719e-17 4.087419961926299948e+03
1.680148084394028456e-16 1.748203542111216255e-17 4.088709961888149337e+03
2.120610510922184971e-17 7.889513024910319266e-18 4.089999961849999636e+03
1.589567009671919118e-17 7.784332046940526479e-18 4.091289961811849935e+03
6.375043344228313127e-18 7.737574835635354037e-18 4.092579961773699779e+03
8.542521660503568881e-18 7.637403263455182386e-18 4.093869961735549623e+03
2.008525056379412062e-17 7.677550474485443584e-18 4.095159961697399922e+03
1.587028723244238897e-16 1.677529561446930591e-17 4.096449961659250221e+03
1.047899730029614211e-16 1.645093824395256249e-17 4.097739961621099610e+03
1.132668338936211432e-16 1.632159366592887066e-17 4.099029961582949909e+03
1.272022861162978966e-16 1.638945721774394615e-17 4.100319961544800208e+03
1.280474000045310739e-16 1.607939518257334415e-17 4.101609961506650507e+03
1.518101681859216224e-16 1.596646683098637971e-17 4.102899961468499896e+03
1.285349204052351271e-16 1.601511332281062327e-17 4.104189961430349285e+03
1.087372921209542700e-16 1.609898612820105006e-17 4.105479961392200494e+03
1.015570798538632715e-16 1.627930322993148456e-17 4.106769961354049883e+03
1.318451516328845345e-16 1.641930023988363429e-17 4.108059961315900182e+03
1.345211801761670854e-16 1.642278432462370764e-17 4.109349961277749571e+03
1.417858376576323974e-16 1.648544821910827480e-17 4.110639961239599870e+03
1.320970777602436847e-16 1.653291515137901774e-17 4.111929961201450169e+03
1.247729162142337581e-16 1.644111299263665763e-17 4.113219961163299558e+03
1.305039808400257568e-16 1.643482972870370483e-17 4.114509961125149857e+03
1.449458396511523741e-16 1.648917218622598853e-17 4.115799961087000156e+03
1.235850451499382078e-16 1.654694248020669199e-17 4.117089961048849545e+03
1.504785265137194555e-16 1.647389746903458432e-17 4.118379961010699844e+03
7.567841013534167991e-17 1.635482978294125131e-17 4.119669960972550143e+03
1.201491486436297444e-16 1.671205269355595163e-17 4.120959960934400442e+03
5.919416959992773253e-17 1.686202715605671597e-17 4.122249960896249831e+03
1.256829207671604953e-16 1.723713536587603785e-17 4.123539960858099221e+03
1.086187273606733692e-16 1.737162004422613420e-17 4.124829960819950429e+03
9.778115917623631036e-17 1.726822577637945595e-17 4.126119960781799819e+03
9.587507034711811762e-17 1.718763026057596425e-17 4.127409960743650117e+03
1.388787014686474310e-16 1.728875309046057189e-17 4.128699960705499507e+03
1.182575387839536799e-16 1.722328009061577464e-17 4.129989960667349806e+03
6.654965813009626734e-17 1.704696488868887169e-17 4.131279960629200104e+03
9.834447579082982263e-17 1.739042847699436494e-17 4.132569960591050403e+03
1.298583035062015646e-16 1.746750185774960585e-17 4.133859960552899793e+03
6.480950834930111239e-17 1.736860745243521607e-17 4.135149960514750092e+03
1.313725337180962367e-16 1.768316438705443123e-17 4.136439960476599481e+03
8.656752159810814301e-17 1.753071334579968312e-17 4.137729960438449780e+03
1.222485198033995278e-16 1.726201530434040782e-17 4.139019960400300079e+03
1.072585380311707722e-16 1.680554560947037013e-17 4.140309960362150377e+03
1.157295821877630214e-16 1.680779554073651437e-17 4.141599960323999767e+03
1.070936643914767027e-16 1.660180937023733431e-17 4.142889960285849156e+03
1.550200921837703995e-16 1.657631400939722489e-17 4.144179960247700365e+03
1.473968485980408998e-16 1.655634752377141991e-17 4.145469960209549754e+03
1.352475506331070505e-16 1.656785029736958231e-17 4.146759960171400053e+03
1.104919341060813540e-16 1.650447006447454423e-17 4.148049960133249442e+03
1.600735436866487587e-16 1.649205408348012328e-17 4.149339960095099741e+03
1.777601342558003845e-16 1.670137213748666694e-17 4.150629960056950040e+03
1.323825940379173881e-16 1.683229332175788484e-17 4.151919960018800339e+03
1.065079212561156527e-16 1.710989017224700561e-17 4.153209959980649728e+03
1.037608147371576453e-16 1.741730357509621281e-17 4.154499959942500027e+03
6.393654163548204952e-17 1.744675782234800102e-17 4.155789959904350326e+03
1.311033095897673776e-16 1.793219207354719552e-17 4.157079959866199715e+03
9.687254428673866221e-17 1.793113493672435276e-17 4.158369959828050014e+03
9.331175674282449249e-17 1.783926991225543861e-17 4.159659959789900313e+03
9.317155955516410494e-17 1.832140371281054653e-17 4.160949959751749702e+03
1.317092822541890244e-16 1.865364907764859563e-17 4.162239959713599092e+03
1.274731910756314633e-16 1.886483821420073423e-17 4.163529959675450300e+03
1.286897421461254522e-16 1.913579776745472950e-17 4.164819959637299689e+03
1.479155371642259511e-16 1.929106287715338301e-17 4.166109959599149988e+03
1.000843674912738610e-16 1.911234388836640096e-17 4.167399959560999378e+03
1.126207992177723281e-16 1.904636299962549615e-17 4.168689959522849676e+03
1.418210821691720568e-16 1.891048865784631072e-17 4.169979959484699975e+03
1.389358497228074946e-16 1.878644299882663358e-17 4.171269959446550274e+03
1.239959223038055477e-16 1.838671623961650849e-17 4.172559959408399664e+03
8.218108207141294362e-17 1.816836868204333599e-17 4.173849959370249962e+03
1.665438827869365496e-16 1.820108367526980823e-17 4.175139959332100261e+03
1.385540363869428178e-16 1.802906319508328060e-17 4.176429959293949651e+03
1.220914481312430585e-16 1.778342860346320882e-17 4.177719959255799949e+03
1.341909961454155185e-16 1.777183318563644047e-17 4.179009959217650248e+03
1.725824733121410627e-16 1.759594315454438978e-17 4.180299959179500547e+03
1.181042522902802532e-16 1.730041302837511937e-17 4.181589959141349937e+03
1.215352651222522035e-16 1.721267067207916951e-17 4.182879959103200235e+03
1.052346719177148292e-16 1.693850165804846849e-17 4.184169959065049625e+03
1.703945739744934041e-16 1.699287389407280410e-17 4.185459959026899924e+03
1.254047630882160636e-16 1.681875733821406709e-17 4.186749958988749313e+03
1.290751024324567563e-16 1.678481150023611594e-17 4.188039958950599612e+03
1.244712136663336170e-16 1.673066591169961986e-17 4.189329958912449911e+03
1.735771282202340266e-16 1.705126457351292232e-17 4.190619958874300210e+03
9.005772747471438799e-17 1.678761895123512092e-17 4.191909958836149599e+03
1.343668481261993917e-16 1.690240184175542925e-17 4.193199958797999898e+03
1.728397860396491581e-16 1.673285959468411049e-17 4.194489958759850197e+03
1.450444792848380976e-16 1.650305227690462834e-17 4.195779958721699586e+03
1.173368272051780563e-16 1.632671722264302411e-17 4.197069958683549885e+03
1.434290418706363375e-16 1.633828451632896565e-17 4.198359958645400184e+03
1.654268580877449411e-16 1.627975652490716362e-17 4.199649958607250483e+03
1.206108610092221432e-16 1.622351320633723306e-17 4.200939958569099872e+03
1.215748374427567404e-16 1.623720304547498567e-17 4.202229958530950171e+03
1.427709502101789495e-16 1.657244114976925162e-17 4.203519958492799560e+03
1.714061298368620514e-16 1.680706265871379239e-17 4.204809958454650769e+03
1.113043909037309378e-16 1.673911638883746159e-17 4.206099958416500158e+03
1.442266292695946681e-16 1.691063394321155698e-17 4.207389958378349547e+03
1.337494934565490153e-16 1.696206968806132935e-17 4.208679958340199846e+03
1.403777909666099324e-16 1.691168942567317465e-17 4.209969958302050145e+03
1.170699721221235491e-16 1.671514469468567485e-17 4.211259958263899534e+03
1.365546151149490419e-16 1.671938978558929698e-17 4.212549958225749833e+03
1.348203680950050653e-16 1.665377781940159083e-17 4.213839958187600132e+03
6.633848884587883001e-17 1.640306268445921835e-17 4.215129958149449521e+03
1.469090105599816262e-16 1.667542513603210356e-17 4.216419958111299820e+03
1.162315815579092028e-16 1.668120051106894880e-17 4.217709958073150119e+03
1.522073869335144867e-16 1.669437253514324322e-17 4.218999958035000418e+03
1.520289541492194480e-16 1.657041124854604649e-17 4.220289957996849807e+03
1.187739112444235827e-16 1.655362113647244513e-17 4.221579957958700106e+03
1.453387041200007593e-16 1.649866987401932240e-17 4.222869957920549496e+03
1.139748078537379289e-16 1.626114165240227029e-17 4.224159957882400704e+03
1.599932608451168120e-16 1.628955530644346679e-17 4.225449957844250093e+03
9.975639368711903578e-17 1.617181110933021862e-17 4.226739957806099483e+03
1.295010938304766651e-16 1.629986693995955283e-17 4.228029957767949782e+03
1.152005439377537066e-16 1.644315282002721339e-17 4.229319957729800080e+03
1.662889391047028061e-16 1.676471762879597779e-17 4.230609957691650379e+03
1.399422572130436119e-16 1.683812163635393347e-17 4.231899957653499769e+03
1.002272778313434225e-16 1.669764817036895320e-17 4.233189957615350067e+03
1.379515842032081967e-16 1.687716786998888659e-17 4.234479957577199457e+03
1.350212207826227413e-16 1.685665213643634640e-17 4.235769957539049756e+03
1.337809395547158312e-16 1.684671107983468411e-17 4.237059957500900055e+03
1.775132373865655568e-16 1.694500329766313528e-17 4.238349957462750353e+03
1.625406065548657135e-16 1.685402170208842777e-17 4.239639957424599743e+03
1.200152247937349590e-16 1.681636513188256374e-17 4.240929957386450042e+03
1.292453692897446715e-16 1.708199764199171751e-17 4.242219957348299431e+03
1.432707922932875927e-16 1.762171810243154212e-17 4.243509957310150639e+03
1.638388963047697424e-16 1.795199643177294011e-17 4.244799957272000029e+03
1.459600557263709920e-16 1.800596500365834985e-17 4.246089957233849418e+03
1.280580937954901594e-16 1.818208499096069029e-17 4.247379957195699717e+03
1.294744519973075572e-16 1.834703142254866443e-17 4.248669957157550016e+03
1.194587109124990829e-16 1.818362850998371424e-17 4.249959957119400315e+03
1.012055016237486331e-16 1.800139069487093161e-17 4.251249957081249704e+03
1.387349043909612127e-16 1.812043852862956335e-17 4.252539957043100003e+03
1.270462997051050968e-16 1.825201318558469815e-17 4.253829957004950302e+03
1.218916145301400479e-16 1.821392151837663122e-17 4.255119956966799691e+03
1.523872226161284153e-16 1.830012366437200734e-17 4.256409956928649990e+03
1.403355584332554250e-16 1.807194920112170487e-17 4.257699956890500289e+03
1.669969660043787952e-16 1.820660758740043735e-17 4.258989956852349678e+03
1.037520267703298819e-16 1.798662552093686006e-17 4.260279956814199977e+03
1.715931652995276416e-16 1.807719352620529106e-17 4.261569956776049366e+03
1.408077925362394983e-16 1.816980135886427783e-17 4.262859956737900575e+03
1.117244663060098673e-16 1.831256776950725509e-17 4.264149956699749964e+03
2.025583605105399127e-16 1.868583798400548415e-17 4.265439956661599354e+03
1.908391302896846335e-16 1.860658084643310325e-17 4.266729956623449652e+03
1.598146427723645614e-16 1.856448562506027967e-17 4.268019956585299951e+03
1.615151540582061753e-16 1.852826834912025790e-17 4.269309956547150250e+03
1.850703197581806151e-16 1.847785665386882619e-17 4.270599956508999639e+03
1.175854049054175917e-16 1.829992183230254440e-17 4.271889956470849938e+03
1.996329072340705720e-16 1.866507244190795294e-17 4.273179956432700237e+03
1.493277925502050859e-16 1.856516556752379826e-17 4.274469956394549627e+03
1.582533757621176740e-16 1.870959295683678199e-17 4.275759956356399925e+03
1.407087823256393511e-16 1.872698194767387174e-17 4.277049956318250224e+03
1.394204981524247637e-16 1.881205912803617574e-17 4.278339956280100523e+03
1.457261290491409958e-16 1.888933764958332980e-17 4.279629956241949913e+03
1.393227584912454979e-16 1.887838246955067750e-17 4.280919956203799302e+03
1.490414027698045265e-16 1.882132851398044497e-17 4.282209956165650510e+03
1.765853524975178734e-16 1.880922851598001928e-17 4.283499956127499900e+03
1.753658632814880962e-16 1.875556103783757885e-17 4.284789956089349289e+03
1.544142915729161637e-16 1.868779674769600972e-17 4.286079956051199588e+03
1.130703487196377472e-16 1.849337787088277120e-17 4.287369956013049887e+03
1.233556977445793052e-16 1.861156212808189758e-17 4.288659955974900186e+03
1.811100039784033331e-16 1.888978432711410844e-17 4.289949955936749575e+03
1.622111239732735915e-16 1.897152631524659863e-17 4.291239955898599874e+03
1.295995746454847784e-16 1.893924972774477949e-17 4.292529955860450173e+03
1.758161274674027610e-16 1.929544858876113916e-17 4.293819955822299562e+03
1.765678824429807534e-16 1.931879328000861071e-17 4.295109955784149861e+03
1.145105826626558756e-16 1.903634253368502877e-17 4.296399955746000160e+03
1.519348937874048181e-16 1.906289834007043117e-17 4.297689955707850459e+03
1.693359151393235371e-16 1.888278307040945961e-17 4.298979955669699848e+03
1.782253803369696099e-16 1.882324591864034289e-17 4.300269955631549237e+03
1.344973573745255582e-16 1.865641516961697295e-17 4.301559955593400446e+03
1.558531490873950038e-16 1.871543119760018126e-17 4.302849955555249835e+03
1.461544233179862522e-16 1.882547599757178585e-17 4.304139955517100134e+03
1.213374829290683244e-16 1.896488736365024803e-17 4.305429955478949523e+03
8.424482490783884300e-17 1.911150678158649729e-17 4.306719955440799822e+03
1.741998827249231492e-16 1.942843607020251453e-17 4.308009955402650121e+03
2.145841504838522443e-16 1.969850226839495253e-17 4.309299955364499510e+03
1.645044921477442114e-16 2.002741078664196272e-17 4.310589955326349809e+03
1.920234014639543530e-16 2.024221635683218316e-17 4.311879955288200108e+03
1.470064193489158707e-16 2.045582086077297660e-17 4.313169955250049497e+03
1.513691419530879497e-16 2.074211634258370501e-17 4.314459955211899796e+03
1.891658564070531658e-16 2.089735994558643213e-17 4.315749955173750095e+03
1.683195417770673810e-16 2.094473754235101935e-17 4.317039955135600394e+03
1.252007869666053874e-16 2.085385024536614288e-17 4.318329955097449783e+03
1.152298856884421876e-16 2.064258335383642429e-17 4.319619955059299173e+03
1.555419438886178536e-16 2.047822752920581301e-17 4.320909955021150381e+03
1.760873368292017473e-16 2.023946184539238157e-17 4.322199954982999770e+03
1.382029279954161095e-16 2.003561145523481343e-17 4.323489954944850069e+03
1.475584995420684627e-16 1.987842728651503690e-17 4.324779954906699459e+03
1.124946442481906408e-16 1.970657389681224498e-17 4.326069954868549758e+03
1.453065036331152951e-16 2.006698145278527445e-17 4.327359954830400056e+03
1.078785661485609200e-16 2.006023827643174217e-17 4.328649954792250355e+03
1.777355305956606073e-16 2.020528935992659089e-17 4.329939954754099745e+03
9.743132133413048347e-17 1.996262103798313427e-17 4.331229954715950043e+03
9.562315745464876836e-17 2.010965570058688515e-17 4.332519954677800342e+03
1.190928191490648268e-16 2.019440366306539305e-17 4.333809954639649732e+03
1.355210363959517827e-16 2.011665861165275908e-17 4.335099954601500031e+03
1.202136422616292789e-16 2.006408135755766354e-17 4.336389954563350329e+03
1.767299966081513460e-16 2.002979306680611544e-17 4.337679954525199719e+03
1.022680051944056465e-16 1.996641448827230246e-17 4.338969954487049108e+03
1.400363440446378434e-16 2.012239593638142688e-17 4.340259954448900316e+03
1.435794960978923826e-16 2.027534659472615702e-17 4.341549954410749706e+03
1.335059979539930056e-16 2.040431894147419999e-17 4.342839954372600005e+03
1.692514633075043232e-16 2.063369777969637967e-17 4.344129954334449394e+03
1.753858876697567798e-16 2.085262270933711419e-17 4.345419954296299693e+03
1.484505311146456477e-16 2.083151471446598603e-17 4.346709954258149992e+03
1.620154196577884456e-16 2.092519953628251683e-17 4.347999954220000291e+03
1.507731351606863418e-16 2.078911674498896804e-17 4.349289954181849680e+03
1.197721528076525765e-16 2.075836382417547158e-17 4.350579954143699979e+03
1.335122580568688069e-16 2.060353050275657075e-17 4.351869954105550278e+03
8.152049563422809572e-17 2.108738814770823918e-17 4.353159954067399667e+03
9.568759813308909943e-17 2.377217487931650153e-17 4.354449954029249966e+03
1.506670707538223424e-16 2.592668093563539443e-17 4.355739953991100265e+03
1.180167829035864459e-16 2.652699899338962873e-17 4.357029953952950564e+03
1.234573152284702195e-16 2.687557621224192481e-17 4.358319953914799044e+03
1.728000019609078077e-16 2.691367780561734237e-17 4.359609953876650252e+03
1.889540849353497898e-16 2.572898642359644592e-17 4.360899953838499641e+03
1.190142833129865922e-16 2.316853982730592958e-17 4.362189953800349940e+03
8.837087459514724971e-17 2.166970013788841918e-17 4.363479953762199330e+03
1.313337422560899499e-16 2.144009134345594976e-17 4.364769953724049628e+03
1.020096667629379853e-16 2.124599175835915671e-17 4.366059953685899927e+03
1.583652767553838476e-16 2.124591565774280183e-17 4.367349953647750226e+03
9.570574316700606265e-17 2.112543514716322824e-17 4.368639953609599615e+03
1.650917771477670602e-16 2.130516991374242541e-17 4.369929953571449914e+03
1.459747332191601329e-16 2.128414794565500277e-17 4.371219953533300213e+03
8.026553691353204467e-17 2.117002018217983643e-17 4.372509953495149603e+03
8.726635686681744291e-17 2.137463488722340357e-17 4.373799953456999901e+03
8.853707834126630445e-17 2.153353628289484019e-17 4.375089953418850200e+03
1.120071635521559901e-16 2.167760302146075081e-17 4.376379953380700499e+03
1.420409136887641494e-16 2.176915537165811991e-17 4.377669953342549888e+03
1.114451307218731601e-16 2.159947084952144202e-17 4.378959953304400187e+03
1.324424422095968248e-16 2.148545061952590758e-17 4.380249953266249577e+03
1.223127884282724479e-16 2.136638127907134946e-17 4.381539953228100785e+03
1.587123485055212972e-16 2.136497176330755910e-17 4.382829953189949265e+03
8.651037334394807944e-17 2.118819499459885156e-17 4.384119953151799564e+03
1.247514756927563836e-16 2.128179048090922664e-17 4.385409953113649863e+03
1.239821447835228645e-16 2.125621736509153724e-17 4.386699953075500162e+03
1.218423542703012900e-16 2.143610433290344416e-17 4.387989953037349551e+03
1.445379006428208226e-16 2.156189368865438308e-17 4.389279952999199850e+03
1.444980371547406671e-16 2.153713617292067097e-17 4.390569952961050149e+03
1.017442675177615715e-16 2.156923574377140376e-17 4.391859952922899538e+03
1.110776904763322048e-16 2.176603028330389457e-17 4.393149952884749837e+03
1.850002807213545252e-16 2.196554624705168485e-17 4.394439952846600136e+03
1.346375280924063441e-16 2.187824725956406341e-17 4.395729952808450435e+03
1.256560407059749722e-16 2.191140396723763897e-17 4.397019952770299824e+03
1.219369837323773563e-16 2.217372444617413043e-17 4.398309952732150123e+03
1.246309323164502560e-16 2.224859421777753007e-17 4.399599952693999512e+03
1.436054629516816472e-16 2.246112007819955436e-17 4.400889952655850720e+03
1.526287725898837003e-16 2.276028152725793256e-17 4.402179952617700110e+03
1.532738940583362568e-16 2.300715854415805899e-17 4.403469952579549499e+03
1.360033687198539034e-16 2.321961161268617862e-17 4.404759952541399798e+03
1.523156218623058253e-16 2.336834199554566321e-17 4.406049952503250097e+03
8.323846373971702868e-17 2.325614487162019564e-17 4.407339952465100396e+03
1.215516896204950565e-16 2.355418466376795194e-17 4.408629952426949785e+03
8.371110150684002785e-17 2.344851730359797797e-17 4.409919952388800084e+03
1.346503924052927688e-16 2.363646431929860160e-17 4.411209952350649473e+03
1.013030890836951890e-16 2.362358346279992585e-17 4.412499952312499772e+03
1.163774697481839552e-16 2.369442155609774204e-17 4.413789952274350071e+03
1.594178078365759217e-16 2.366858705120648587e-17 4.415079952236200370e+03
1.610292086093884230e-16 2.370019858549581238e-17 4.416369952198049759e+03
1.522129058825614405e-16 2.383368402966594467e-17 4.417659952159900058e+03
1.383954824071286535e-16 2.377106314857323026e-17 4.418949952121749448e+03
9.853442954669649990e-17 2.373260917625686511e-17 4.420239952083600656e+03
1.533014888035710258e-16 2.394120923749171274e-17 4.421529952045450045e+03
9.060555265079600715e-17 2.381680458208618759e-17 4.422819952007299435e+03
9.485265525766787414e-17 2.380921768150785122e-17 4.424109951969149733e+03
1.175457002360150464e-16 2.375598199164516346e-17 4.425399951931000032e+03
9.246711269317924530e-17 2.366729499508967805e-17 4.426689951892850331e+03
1.150183789145348286e-16 2.376351595266429644e-17 4.427979951854699721e+03
1.556953892009688904e-16 2.383842377457587352e-17 4.429269951816550019e+03
1.200656364889863908e-16 2.368341012778343613e-17 4.430559951778400318e+03
1.542686416106578266e-16 2.371566189986687868e-17 4.431849951740249708e+03
1.266073381150803565e-16 2.367789779618138275e-17 4.433139951702100007e+03
1.607176593034764507e-16 2.385470103466969200e-17 4.434429951663950305e+03
1.378893934560340099e-16 2.385949868222249956e-17 4.435719951625799695e+03
1.373300605432705530e-16 2.393136909692478192e-17 4.437009951587649994e+03
1.220091271166817812e-16 2.403273346354825504e-17 4.438299951549499383e+03
1.441653649647065406e-16 2.406898051799032871e-17 4.439589951511350591e+03
1.308280106470199292e-16 2.401968386220461847e-17 4.440879951473199981e+03
1.734868398020126385e-16 2.416167272307179588e-17 4.442169951435049370e+03
1.565798768863595918e-16 2.414233489471153120e-17 4.443459951396899669e+03
1.509474121895839141e-16 2.414415800078159808e-17 4.444749951358749968e+03
1.139507335891901856e-16 2.408921666449582598e-17 4.446039951320600267e+03
1.662904743519197045e-16 2.428974344295215605e-17 4.447329951282449656e+03
1.381125204631865138e-16 2.420627761042310535e-17 4.448619951244299955e+03
1.207150592966242230e-16 2.414619121072725342e-17 4.449909951206150254e+03
1.884523767327792271e-16 2.421478929892627600e-17 4.451199951167999643e+03
1.272981993626846452e-16 2.411578405140980412e-17 4.452489951129849942e+03
1.575812683533611876e-16 2.410806811065590948e-17 4.453779951091700241e+03
1.114015217599793645e-16 2.400675668359163975e-17 4.455069951053550540e+03
1.372696168015500782e-16 2.408168932092159343e-17 4.456359951015399929e+03
1.272824763136012373e-16 2.406217778463269261e-17 4.457649950977249318e+03
1.271341396687133279e-16 2.410352358037054314e-17 4.458939950939100527e+03
1.170290895475287283e-16 2.416503603944243649e-17 4.460229950900949916e+03
1.135217511060752850e-16 2.423616530031587134e-17 4.461519950862799305e+03
1.244910792359246905e-16 2.434660218389782607e-17 4.462809950824649604e+03
1.290350801256989906e-16 2.440280910652080430e-17 4.464099950786499903e+03
1.222449993227125021e-16 2.446918704195573456e-17 4.465389950748350202e+03
1.297991700185713738e-16 2.444838179518880081e-17 4.466679950710199591e+03
1.308405440876613327e-16 2.449423572526506534e-17 4.467969950672049890e+03
1.622644076396118074e-16 2.455395816549139394e-17 4.469259950633900189e+03
1.648926185260438928e-16 2.458200951442429222e-17 4.470549950595749578e+03
1.487301578663579736e-16 2.463742896110411996e-17 4.471839950557599877e+03
1.758066512863053535e-16 2.476669909287268202e-17 4.473129950519450176e+03
1.720641553228704351e-16 2.487189496009350076e-17 4.474419950481300475e+03
1.533970844126025541e-16 2.487865468005928411e-17 4.475709950443149864e+03
1.474488749498480350e-16 2.483583153974741386e-17 4.476999950404999254e+03
1.024315884323441332e-16 2.473013109235293777e-17 4.478289950366850462e+03
1.462337797172321395e-16 2.482789887767303033e-17 4.479579950328699852e+03
1.905178930444384401e-16 2.493573345104789323e-17 4.480869950290550150e+03
1.205043598509947158e-16 2.488129834929700358e-17 4.482159950252399540e+03
1.467616400620491788e-16 2.508939052163574365e-17 4.483449950214249839e+03
1.552620789088891124e-16 2.522418621989615993e-17 4.484739950176100137e+03
1.555115036420759021e-16 2.524231636456209719e-17 4.486029950137949527e+03
1.295747592271081876e-16 2.518782997761322926e-17 4.487319950099799826e+03
1.530141593459946061e-16 2.522829896190177359e-17 4.488609950061650125e+03
1.318919502032203346e-16 2.525349653772136391e-17 4.489899950023499514e+03
1.460091836373117414e-16 2.529821392163598059e-17 4.491189949985349813e+03
1.513550070907806436e-16 2.541674559469237924e-17 4.492479949947200112e+03
1.256786856024242238e-16 2.545171217354622083e-17 4.493769949909050410e+03
1.492495478817024699e-16 2.555569373962781173e-17 4.495059949870899800e+03
1.557217398665623797e-16 2.552852085650544477e-17 4.496349949832749189e+03
1.257573934920698695e-16 2.548878806296207264e-17 4.497639949794600398e+03
1.241308255355455959e-16 2.553089321050224685e-17 4.498929949756449787e+03
1.669210242067015269e-16 2.559297973291925200e-17 4.500219949718300086e+03
1.528361897828425971e-16 2.558942451064649909e-17 4.501509949680149475e+03
1.537664701869442341e-16 2.560677214245296119e-17 4.502799949641999774e+03
1.376248412438048504e-16 2.561050603573802555e-17 4.504089949603850073e+03
1.005878888737471400e-16 2.562320656686316474e-17 4.505379949565700372e+03
1.214854225272622083e-16 2.567368939964727602e-17 4.506669949527549761e+03
1.294587554180037510e-16 2.567899824481864135e-17 4.507959949489400060e+03
1.647732530549300407e-16 2.574238674951980497e-17 4.509249949451249449e+03
1.410453455732749270e-16 2.570693213410455710e-17 4.510539949413099748e+03
1.525115379360277848e-16 2.569064991092706330e-17 4.511829949374950047e+03
9.659548510364770091e-17 2.562431829760643601e-17 4.513119949336800346e+03
1.382265390388208231e-16 2.557177743945829280e-17 4.514409949298649735e+03
1.267128334216829195e-16 2.551532070829032355e-17 4.515699949260499125e+03
1.290079088969378488e-16 2.556547101446818851e-17 4.516989949222350333e+03
1.410898942123445829e-16 2.563788902273598098e-17 4.518279949184199722e+03
1.441245750343403257e-16 2.572779197479191935e-17 4.519569949146050021e+03
1.576192260173100209e-16 2.578360350508209723e-17 4.520859949107899411e+03
1.621422760765295779e-16 2.578091516809129989e-17 4.522149949069749709e+03
1.453243972041260421e-16 2.577250439562286071e-17 4.523439949031600008e+03
1.058869931662190472e-16 2.567738689698538805e-17 4.524729948993450307e+03
1.368974649352400208e-16 2.574816708764032552e-17 4.526019948955299697e+03
1.302062355241760693e-16 2.577385104566009703e-17 4.527309948917149995e+03
1.287355613346159895e-16 2.581281621559501996e-17 4.528599948879000294e+03
1.514674110098592494e-16 2.590713300339954128e-17 4.529889948840849684e+03
1.266760933675957642e-16 2.594871537279258198e-17 4.531179948802699982e+03
1.406643792703575046e-16 2.602269344369564946e-17 4.532469948764550281e+03
1.416620252635454602e-16 2.599459577264844821e-17 4.533759948726399671e+03
1.519606621178470700e-16 2.597226851355441689e-17 4.535049948688249060e+03
1.484676967667173482e-16 2.591466200133499894e-17 4.536339948650100268e+03
1.295868823861657648e-16 2.581016262018994984e-17 4.537629948611949658e+03
1.690436358329616001e-16 2.587018615415924774e-17 4.538919948573799957e+03
1.472619850709702542e-16 2.580943304688967807e-17 4.540209948535649346e+03
1.560802597963775631e-16 2.577360289147633113e-17 4.541499948497499645e+03
1.537998882836913764e-16 2.578370772983927891e-17 4.542789948459349944e+03
1.191053393548164295e-16 2.572503250026844245e-17 4.544079948421200243e+03
1.688262395330928636e-16 2.571294904588026782e-17 4.545369948383049632e+03
1.385871500812245406e-16 2.555146353797521554e-17 4.546659948344899931e+03
1.428006757726716551e-16 2.544628090564419765e-17 4.547949948306750230e+03
1.606440336115143308e-16 2.540000180473308086e-17 4.549239948268599619e+03
1.611319113542430070e-16 2.531730690453492958e-17 4.550529948230449918e+03
1.249663176588935564e-16 2.516403199139007865e-17 4.551819948192300217e+03
1.200628306923486109e-16 2.506276523207888679e-17 4.553109948154150516e+03
1.649758130433320261e-16 2.506778952711953388e-17 4.554399948115999905e+03
1.729996105688842039e-16 2.497464899014606297e-17 4.555689948077850204e+03
1.350426877738797175e-16 2.478451160018339892e-17 4.556979948039699593e+03
1.288666661529831942e-16 2.472744440972336554e-17 4.558269948001549892e+03
1.492636298044505727e-16 2.473884792164802158e-17 4.559559947963399281e+03
1.514063716980977364e-16 2.463912633572107878e-17 4.560849947925249580e+03
1.302913888051547282e-16 2.441932955771471337e-17 4.562139947887099879e+03
1.696258518701907240e-16 2.438278637261334571e-17 4.563429947848950178e+03
2.085471746152034347e-16 2.434961808441119441e-17 4.564719947810799567e+03
1.733947382038885342e-16 2.422329106126209602e-17 4.566009947772649866e+03
1.471065280553694884e-16 2.418753038902020353e-17 4.567299947734500165e+03
1.695829311225665725e-16 2.421235242484169478e-17 4.568589947696349554e+03
1.787003805319220605e-16 2.414226706590130185e-17 4.569879947658199853e+03
1.375432481481826197e-16 2.394264191431265458e-17 4.571169947620050152e+03
1.053662730444495656e-16 2.380046776498826529e-17 4.572459947581900451e+03
1.386386338025498411e-16 2.382120352858374459e-17 4.573749947543749840e+03
1.549719833593443154e-16 2.378346424031662525e-17 4.575039947505600139e+03
1.187374623579120461e-16 2.369512796834086232e-17 4.576329947467449529e+03
1.097057816519109565e-16 2.373484752699443360e-17 4.577619947429300737e+03
1.022595216300433026e-16 2.370170074548820868e-17 4.578909947391150126e+03
1.381836977005354767e-16 2.363095198769654822e-17 4.580199947352999516e+03
1.443477682159418339e-16 2.356444832080850990e-17 4.581489947314849815e+03
1.466732045283999095e-16 2.344376597815947338e-17 4.582779947276700113e+03
1.622986065948571997e-16 2.332530709699697939e-17 4.584069947238549503e+03
1.271587300939633043e-16 2.321968275021885818e-17 4.585359947200399802e+03
1.406253760501144042e-16 2.319534709659754811e-17 4.586649947162250101e+03
1.884030900031608675e-16 2.312586227078186867e-17 4.587939947124099490e+03
1.872603896177556129e-16 2.299331650378759663e-17 4.589229947085949789e+03
1.613737657304637114e-16 2.286574043791354317e-17 4.590519947047800088e+03
1.350377511599840010e-16 2.269688309638941831e-17 4.591809947009650386e+03
1.454542314730723654e-16 2.257429327524783450e-17 4.593099946971499776e+03
1.479166356600794215e-16 2.248548220160046613e-17 4.594389946933350075e+03
1.654548101750043330e-16 2.244521835810383496e-17 4.595679946895199464e+03
1.671848220302120380e-16 2.231758108086445258e-17 4.596969946857050672e+03
1.516232121325948373e-16 2.217139841429163131e-17 4.598259946818900062e+03
1.682340840936233026e-16 2.215816517885200798e-17 4.599549946780749451e+03
1.871344596413005400e-16 2.213305693853857337e-17 4.600839946742599750e+03
1.789579579572261729e-16 2.200772253212453862e-17 4.602129946704450049e+03
1.593815839431909995e-16 2.190081770975818532e-17 4.603419946666300348e+03
1.929009540670894099e-16 2.194774035718586837e-17 4.604709946628149737e+03
1.997834144008858205e-16 2.201206688470166712e-17 4.605999946590000036e+03
1.759024586535736954e-16 2.194868334308417882e-17 4.607289946551849425e+03
1.439523229435822832e-16 2.185789034468913340e-17 4.608579946513699724e+03
1.314618956940315653e-16 2.174135383127021265e-17 4.609869946475550023e+03
1.312486948542296978e-16 2.167036188237846160e-17 4.611159946437400322e+03
1.680870577028256772e-16 2.164792212672112307e-17 4.612449946399249711e+03
1.521430786039721641e-16 2.152846732010111524e-17 4.613739946361100010e+03
1.571198074506750049e-16 2.147507115719959219e-17 4.615029946322949399e+03
1.722487952704820718e-16 2.142201910143289121e-17 4.616319946284800608e+03
1.690476592394610580e-16 2.139587853971499043e-17 4.617609946246649997e+03
1.597597973890298455e-16 2.136600904779570060e-17 4.618899946208499387e+03
1.314399654816315595e-16 2.125170592203067302e-17 4.620189946170349685e+03
1.268120686254096811e-16 2.117222048260922749e-17 4.621479946132199984e+03
1.553658139751481625e-16 2.117419909863445433e-17 4.622769946094050283e+03
1.493300954210304335e-16 2.110739268364222160e-17 4.624059946055899673e+03
1.572732792328056435e-16 2.107266598716602040e-17 4.625349946017749971e+03
1.541664020869462724e-16 2.098442070505763830e-17 4.626639945979600270e+03
1.563479751472691254e-16 2.092078900925638409e-17 4.627929945941449660e+03
1.876615655973989309e-16 2.087667215846648091e-17 4.629219945903299958e+03
1.823385458590568906e-16 2.081779675118740661e-17 4.630509945865150257e+03
1.556847483495690083e-16 2.072376947659727885e-17 4.631799945827000556e+03
1.571460919418194899e-16 2.064611706941325083e-17 4.633089945788849946e+03
1.622897524535804321e-16 2.057412423198031062e-17 4.634379945750699335e+03
1.608100255993965720e-16 2.047944348470626596e-17 4.635669945712550543e+03
1.255640846916386772e-16 2.034679845603848755e-17 4.636959945674399933e+03
1.234153341580219282e-16 2.035429602111066819e-17 4.638249945636249322e+03
1.361297619174520060e-16 2.036287553842406820e-17 4.639539945598099621e+03
1.484224731482678490e-16 2.031703153451515430e-17 4.640829945559949920e+03
1.735994687142178587e-16 2.030297442718542814e-17 4.642119945521800219e+03
1.550165187635241704e-16 2.016227762243505856e-17 4.643409945483649608e+03
1.582759941887873240e-16 2.007481319882492652e-17 4.644699945445499907e+03
1.563525147144708164e-16 1.993632992939374884e-17 4.645989945407350206e+03
1.602764477821855662e-16 1.992965954493412122e-17 4.647279945369199595e+03
1.628973133047781807e-16 1.996372118819782980e-17 4.648569945331049894e+03
1.738314630975369311e-16 1.997125184049451256e-17 4.649859945292900193e+03
1.392698056971523033e-16 1.995833293368765938e-17 4.651149945254750492e+03
1.267932353772230738e-16 1.995136807292996288e-17 4.652439945216599881e+03
1.273859334471744696e-16 1.999634188283447100e-17 4.653729945178449270e+03
1.362665312686539738e-16 2.012293029505713614e-17 4.655019945140300479e+03
1.552936705908437376e-16 2.027325548213762297e-17 4.656309945102149868e+03
1.670107567595512793e-16 2.042162355988880933e-17 4.657599945063999257e+03
1.417219793143433037e-16 2.047709429176661536e-17 4.658889945025849556e+03
1.638533355695424680e-16 2.055857654518676391e-17 4.660179944987699855e+03
1.376592122526176538e-16 2.039793972459019104e-17 4.661469944949550154e+03
1.439898570910574894e-16 2.027698275797778691e-17 4.662759944911399543e+03
1.498145982668598933e-16 2.016325038683542092e-17 4.664049944873249842e+03
1.440434186900815231e-16 2.003244666221118555e-17 4.665339944835100141e+03
1.217617934960835255e-16 1.995157155936065093e-17 4.666629944796949530e+03
1.633551743174385326e-16 1.999922708881105596e-17 4.667919944758799829e+03
1.037950600145173406e-16 1.994460504424172933e-17 4.669209944720650128e+03
9.680760068248589890e-17 1.993929785343158910e-17 4.670499944682500427e+03
1.164048792049615123e-16 2.002169331424799619e-17 4.671789944644349816e+03
1.242261564467811072e-16 2.003150698503532531e-17 4.673079944606199206e+03
1.419757715611643734e-16 1.999723854661847848e-17 4.674369944568050414e+03
1.450068127884648829e-16 1.982987674764184950e-17 4.675659944529899803e+03
1.367093971511699644e-16 1.976051434455682791e-17 4.676949944491750102e+03
1.582104814842731242e-16 1.972669092930953461e-17 4.678239944453599492e+03
1.727385920722318709e-16 1.960735689105895952e-17 4.679529944415449791e+03
1.379127530365325074e-16 1.945847596132799028e-17 4.680819944377300089e+03
1.321495805680836504e-16 1.944266688546087682e-17 4.682109944339149479e+03
1.691507060914504640e-16 1.950053313239263642e-17 4.683399944300999778e+03
1.725447406413188438e-16 1.946151833162096032e-17 4.684689944262850076e+03
1.716003386097997014e-16 1.931622405702602101e-17 4.685979944224699466e+03
1.400705827045526384e-16 1.920920342937391029e-17 4.687269944186549765e+03
1.269125479087777225e-16 1.907097989465507426e-17 4.688559944148400064e+03
1.391036681254822528e-16 1.900719930634356050e-17 4.689849944110250362e+03
1.335305222047939778e-16 1.896288227784541949e-17 4.691139944072099752e+03
1.686769499761392932e-16 1.903018169248273382e-17 4.692429944033949141e+03
1.490510774742489467e-16 1.887078564280499050e-17 4.693719943995800350e+03
1.421936443170659405e-16 1.874277613428995925e-17 4.695009943957649739e+03
1.098436164117418926e-16 1.863811131702239955e-17 4.696299943919500038e+03
1.030797009858916815e-16 1.853857501955266863e-17 4.697589943881349427e+03
1.304348550105959253e-16 1.851294069236965030e-17 4.698879943843199726e+03
1.601234259863081565e-16 1.841324226749985898e-17 4.700169943805050025e+03
1.499595467799587855e-16 1.830279380338932851e-17 4.701459943766900324e+03
1.515550921547898704e-16 1.837833690001134632e-17 4.702749943728749713e+03
1.344676715167022552e-16 1.839908093541295115e-17 4.704039943690600012e+03
1.450344737081486562e-16 1.840561069916844475e-17 4.705329943652450311e+03
1.450285444775178761e-16 1.843007042988163778e-17 4.706619943614299700e+03
1.727365803689821420e-16 1.849769740804152311e-17 4.707909943576149999e+03
1.362934510345088996e-16 1.834808028756538167e-17 4.709199943538000298e+03
1.566325252779873669e-16 1.839148079994481393e-17 4.710489943499849687e+03
1.373348780431580618e-16 1.832233346381905613e-17 4.711779943461699077e+03
1.573133015395634091e-16 1.825682075930485634e-17 4.713069943423550285e+03
1.365713704854369160e-16 1.821976803094615602e-17 4.714359943385399674e+03
1.263554119877212064e-16 1.815939377239713564e-17 4.715649943347249973e+03
1.128048568302327274e-16 1.809758683702717341e-17 4.716939943309099363e+03
1.397452558783579828e-16 1.808887497081576492e-17 4.718229943270949661e+03
1.307946057851625877e-16 1.801606653329884743e-17 4.719519943232799960e+03
1.347492040925459033e-16 1.801341293789377731e-17 4.720809943194650259e+03
1.007608556485544283e-16 1.793012412201581296e-17 4.722099943156499648e+03
9.413505291522097115e-17 1.778565868239465178e-17 4.723389943118349947e+03
1.574631999014478186e-16 1.796843581926681899e-17 4.724679943080200246e+03
1.525333622693093838e-16 1.794413987031491146e-17 4.725969943042049636e+03
1.665687511448723439e-16 1.792507170283433906e-17 4.727259943003899934e+03
1.712925083079217675e-16 1.784396333505106449e-17 4.728549942965750233e+03
1.659822602382375460e-16 1.782796069892061361e-17 4.729839942927600532e+03
1.618607302657961290e-16 1.781677887140012179e-17 4.731129942889449921e+03
1.512938221952313212e-16 1.771860742194110336e-17 4.732419942851300220e+03
1.480558269961149446e-16 1.774865889359515485e-17 4.733709942813149610e+03
1.451768546526261837e-16 1.778129613184404711e-17 4.734999942774999909e+03
1.581866586826315970e-16 1.792223447333328218e-17 4.736289942736849298e+03
1.379424918339150138e-16 1.784450100244922396e-17 4.737579942698699597e+03
1.004694895495887499e-16 1.780342652195229081e-17 4.738869942660549896e+03
1.452818337985265136e-16 1.793464879996647802e-17 4.740159942622400195e+03
1.194585653287112735e-16 1.787180458010837429e-17 4.741449942584249584e+03
1.752089636628990379e-16 1.798133156501652069e-17 4.742739942546099883e+03
1.467871569295852146e-16 1.778908486449184642e-17 4.744029942507950182e+03
1.251101147365797747e-16 1.763169555498015674e-17 4.745319942469799571e+03
1.359038158787719214e-16 1.760823174972447755e-17 4.746609942431649870e+03
1.106328062731215848e-16 1.743832058009996014e-17 4.747899942393500169e+03
1.358624568481442700e-16 1.740468907075477914e-17 4.749189942355350468e+03
1.135970708639319135e-16 1.737713072146696247e-17 4.750479942317199857e+03
1.516810883056939475e-16 1.738017474612115761e-17 4.751769942279050156e+03
1.405346508805295882e-16 1.730120712176317027e-17 4.753059942240899545e+03
1.369121291931393609e-16 1.732122489258695354e-17 4.754349942202750753e+03
1.025983678961695249e-16 1.709874474067346611e-17 4.755639942164600143e+03
1.449391295620233440e-16 1.720745116241395990e-17 4.756929942126449532e+03
1.489788943852751193e-16 1.708903694900454378e-17 4.758219942088299831e+03
1.276670557414342913e-16 1.698325047482636218e-17 4.759509942050150130e+03
1.450618169904772090e-16 1.705125133862312148e-17 4.760799942011999519e+03
1.167408998221152534e-16 1.694925004292798253e-17 4.762089941973849818e+03
1.125717374812805829e-16 1.690810111617591961e-17 4.763379941935700117e+03
1.623926140171126262e-16 1.691762527374885517e-17 4.764669941897549506e+03
1.381249083200401079e-16 1.690507032641152532e-17 4.765959941859399805e+03
1.496031841371811403e-16 1.699056936888623137e-17 4.767249941821250104e+03
1.532026903512076921e-16 1.695675753416751381e-17 4.768539941783100403e+03
1.653140571219723098e-16 1.698789592114645998e-17 4.769829941744949792e+03
1.309102787220220031e-16 1.703865668661638908e-17 4.771119941706800091e+03
1.681789607776027688e-16 1.710746818741345034e-17 4.772409941668649481e+03
1.841284852952828374e-16 1.714773203091008152e-17 4.773699941630500689e+03
1.474173759121220157e-16 1.714123204565663983e-17 4.774989941592350078e+03
1.123965869496561546e-16 1.710522321923098143e-17 4.776279941554199468e+03
1.666912268150893954e-16 1.719470761789696796e-17 4.777569941516049767e+03
1.183517314946663183e-16 1.708442128118649789e-17 4.778859941477900065e+03
2.019179374279666574e-16 1.724168816796752972e-17 4.780149941439750364e+03
1.403946786859958150e-16 1.705002214823286768e-17 4.781439941401599754e+03
1.333700491659586904e-16 1.699078112712304494e-17 4.782729941363450052e+03
1.279214303234065984e-16 1.699188624042141579e-17 4.784019941325299442e+03
1.626579867925094383e-16 1.702284430202682540e-17 4.785309941287149741e+03
1.733635303337381335e-16 1.708501850558876117e-17 4.786599941249000040e+03
1.623194912509629386e-16 1.705464774221826421e-17 4.787889941210850338e+03
1.826619933308998257e-16 1.715480607950863501e-17 4.789179941172699728e+03
1.789522140150526046e-16 1.714911342253304507e-17 4.790469941134550027e+03
1.254818827910856075e-16 1.712655455286749890e-17 4.791759941096399416e+03
1.196859539703796506e-16 1.712461398715044950e-17 4.793049941058250624e+03
1.561942386673424699e-16 1.727292581661998226e-17 4.794339941020100014e+03
1.552044806684758200e-16 1.721850560412011857e-17 4.795629940981949403e+03
1.338691236254588844e-16 1.714695282677305657e-17 4.796919940943799702e+03
1.458899240453162961e-16 1.719308468953513892e-17 4.798209940905650001e+03
1.689914638973666556e-16 1.721232987366679766e-17 4.799499940867500300e+03
1.387108036566338676e-16 1.719223434786543441e-17 4.800789940829349689e+03
1.425088067478935444e-16 1.720646847184624691e-17 4.802079940791199988e+03
1.589700053401642147e-16 1.730231388942276622e-17 4.803369940753050287e+03
1.545423788364087749e-16 1.726381690371454832e-17 4.804659940714899676e+03
1.538266624657584928e-16 1.728631456201476556e-17 4.805949940676749975e+03
1.213374167546193202e-16 1.720235242111818304e-17 4.807239940638600274e+03
1.431105045429095172e-16 1.729639293059811165e-17 4.808529940600449663e+03
1.248568651202405398e-16 1.721278647736492693e-17 4.809819940562299962e+03
1.601717862736404567e-16 1.731343781430037934e-17 4.811109940524149351e+03
1.674546020239125327e-16 1.750741001358283922e-17 4.812399940486000560e+03
1.565494366398176404e-16 1.764002360938734062e-17 4.813689940447849949e+03
1.495824053601938083e-16 1.772848230409376140e-17 4.814979940409699338e+03
1.444785289271742165e-16 1.791460621372431816e-17 4.816269940371549637e+03
1.318699008768121211e-16 1.810932287555807577e-17 4.817559940333399936e+03
1.382977692157289894e-16 1.821893257852747746e-17 4.818849940295250235e+03
1.642055424569226468e-16 1.830517939227593145e-17 4.820139940257099624e+03
1.641564145459818973e-16 1.830177140815221297e-17 4.821429940218949923e+03
1.467049947337015475e-16 1.827209547649626055e-17 4.822719940180800222e+03
1.607952289925992234e-16 1.831115163629856431e-17 4.824009940142649612e+03
1.602401709492414406e-16 1.832657855472267827e-17 4.825299940104499910e+03
1.453594564272084897e-16 1.824786239327090705e-17 4.826589940066350209e+03
1.037487180478796698e-16 1.815055286601016888e-17 4.827879940028200508e+03
1.355491075972193823e-16 1.830618855262324614e-17 4.829169939990049897e+03
1.865670402108687647e-16 1.846357951649616093e-17 4.830459939951899287e+03
1.689076341053680815e-16 1.841602324871926226e-17 4.831749939913750495e+03
1.821473414061040332e-16 1.842642090901905382e-17 4.833039939875599885e+03
1.675669132987625326e-16 1.844502750971782162e-17 4.834329939837449274e+03
1.355595631601620526e-16 1.842255962991965629e-17 4.835619939799299573e+03
1.291070382215462036e-16 1.837455999333442920e-17 4.836909939761149872e+03
1.518365320864049125e-16 1.832841655004377110e-17 4.838199939723000170e+03
1.531337498102350726e-16 1.832636845084708980e-17 4.839489939684849560e+03
1.692426621057867590e-16 1.831909257017907337e-17 4.840779939646699859e+03
1.624078209054938011e-16 1.823719672645264831e-17 4.842069939608550158e+03
1.632555950065769489e-16 1.817410269804955357e-17 4.843359939570399547e+03
1.323672680355280056e-16 1.803254066237845352e-17 4.844649939532249846e+03
1.641922149228931924e-16 1.799873379074341128e-17 4.845939939494100145e+03
1.571870009861939125e-16 1.797770024212741290e-17 4.847229939455950444e+03
1.439210356640930775e-16 1.796886429882412145e-17 4.848519939417799833e+03
1.418241394287160528e-16 1.789578289170506146e-17 4.849809939379649222e+03
1.682744769772954920e-16 1.780582700008991970e-17 4.851099939341500431e+03
1.695191124839468813e-16 1.774674314329648204e-17 4.852389939303349820e+03
1.406348257614322100e-16 1.766402673640240438e-17 4.853679939265200119e+03
1.690714820411025852e-16 1.760272272684487439e-17 4.854969939227049508e+03
1.631919881261940713e-16 1.753864931659651687e-17 4.856259939188899807e+03
1.393550913270289707e-16 1.769905948970525021e-17 4.857549939150750106e+03
1.641884429792999506e-16 1.792215010091080177e-17 4.858839939112599495e+03
1.774805472087574612e-16 1.796293672255456646e-17 4.860129939074449794e+03
1.533554474492890849e-16 1.796838287970761559e-17 4.861419939036300093e+03
1.293283388139061904e-16 1.799409496186821390e-17 4.862709938998149482e+03
1.546288556063675186e-16 1.792511471622619182e-17 4.863999938959999781e+03
1.762382542776008221e-16 1.775437140290544606e-17 4.865289938921850080e+03
1.662401685357866796e-16 1.765142877567322177e-17 4.866579938883700379e+03
1.435687096627046911e-16 1.762466451977345600e-17 4.867869938845549768e+03
1.359230726434321559e-16 1.761693699849098562e-17 4.869159938807399158e+03
1.279840445870544124e-16 1.758427329046249166e-17 4.870449938769250366e+03
1.425198578808772529e-16 1.754265121640004841e-17 4.871739938731099755e+03
1.418625338440283141e-16 1.751457174332632334e-17 4.873029938692950054e+03
1.547880051562227212e-16 1.759155578857540852e-17 4.874319938654799444e+03
1.645690254704131484e-16 1.772233635214249240e-17 4.875609938616649742e+03
1.471382785560017238e-16 1.783798116486108099e-17 4.876899938578500041e+03
1.441291940108808218e-16 1.796819924561162882e-17 4.878189938540350340e+03
1.383694096742209821e-16 1.803447461065060250e-17 4.879479938502199730e+03
1.537696333256066369e-16 1.812162801435041460e-17 4.880769938464050028e+03
1.539974587186384420e-16 1.815171422759019333e-17 4.882059938425899418e+03
1.231970775903161366e-16 1.802308598797697242e-17 4.883349938387749717e+03
1.101097501933022535e-16 1.795225616648528176e-17 4.884639938349600015e+03
1.409808916599447951e-16 1.799421407587642154e-17 4.885929938311450314e+03
1.786728651960260966e-16 1.807622407052737892e-17 4.887219938273299704e+03
2.121855517005750784e-16 1.814800018663983023e-17 4.888509938235149093e+03
2.496542526457160667e-16 1.827401288115615847e-17 4.889799938197000301e+03
2.348963711359247902e-16 1.826770149308237887e-17 4.891089938158849691e+03
2.190736765672062522e-16 1.824526008306381523e-17 4.892379938120699990e+03
2.249040822758434192e-16 1.822311811242699578e-17 4.893669938082549379e+03
1.927516115705766361e-16 1.810556582121585991e-17 4.894959938044399678e+03
1.523275862026857923e-16 1.795054390261729700e-17 4.896249938006249977e+03
1.147749098817584207e-16 1.785162137316208042e-17 4.897539937968100276e+03
1.079611849481427164e-16 1.782169397859991188e-17 4.898829937929949665e+03
1.182573137908270655e-16 1.779348381098940342e-17 4.900119937891799964e+03
1.466345718850712329e-16 1.787753859611459188e-17 4.901409937853650263e+03
1.347897557948957029e-16 1.797650413896166122e-17 4.902699937815499652e+03
1.196272969387822903e-16 1.797512440169992277e-17 4.903989937777349951e+03
1.612176072657035006e-16 1.798031247850185536e-17 4.905279937739200250e+03
1.254235963364026710e-16 1.790938174097543323e-17 4.906569937701049639e+03
1.324216899023890944e-16 1.792301698619275734e-17 4.907859937662899029e+03
1.394616057201461990e-16 1.780230155631921870e-17 4.909149937624750237e+03
1.614168585316552739e-16 1.778570996759263007e-17 4.910439937586599626e+03
1.690036797006528387e-16 1.783501820390691605e-17 4.911729937548449925e+03
1.668181758780591336e-16 1.785392920707110336e-17 4.913019937510299314e+03
1.188431297180820201e-16 1.776266471572690272e-17 4.914309937472149613e+03
1.333010292156472658e-16 1.774349232348914864e-17 4.915599937433999912e+03
1.540176286906949350e-16 1.772689411731765959e-17 4.916889937395850211e+03
1.654433752302163999e-16 1.765171167144271490e-17 4.918179937357699600e+03
1.592667050997196351e-16 1.765680048657114113e-17 4.919469937319549899e+03
1.711618270060281900e-16 1.775498517091996041e-17 4.920759937281400198e+03
1.522024106149493677e-16 1.777697990340774541e-17 4.922049937243249587e+03
1.424450410488330566e-16 1.782059217402399124e-17 4.923339937205099886e+03
1.698526317069282620e-16 1.802523996629206050e-17 4.924629937166950185e+03
1.486532763915048450e-16 1.797608393121048428e-17 4.925919937128800484e+03
1.420573778916764049e-16 1.791865609000337778e-17 4.927209937090649873e+03
1.742281127448683589e-16 1.797205225290490082e-17 4.928499937052500172e+03
1.536102720175146208e-16 1.787466827938903287e-17 4.929789937014349562e+03
1.793190983952219243e-16 1.793982198751738465e-17 4.931079936976199861e+03
1.653386475472222862e-16 1.799257791262479165e-17 4.932369936938049250e+03
1.547971372301853066e-16 1.804373241606629599e-17 4.933659936899899549e+03
1.591796459946096540e-16 1.810406035250101340e-17 4.934949936861749848e+03
1.607018039054950343e-16 1.806937832377789006e-17 4.936239936823600146e+03
1.566450984232981730e-16 1.804703452107160768e-17 4.937529936785449536e+03
1.068330429415183952e-16 1.800009533003167357e-17 4.938819936747299835e+03
1.118945478748405707e-16 1.800220464059368379e-17 4.940109936709150134e+03
1.472870916569224637e-16 1.794494058114786279e-17 4.941399936670999523e+03
1.480461919963399270e-16 1.791676846384553177e-17 4.942689936632849822e+03
1.334099788284878502e-16 1.793767131792474678e-17 4.943979936594700121e+03
1.527203315575259698e-16 1.797829912089090129e-17 4.945269936556550419e+03
1.428844658600008266e-16 1.797893770432379222e-17 4.946559936518399809e+03
1.097354939795138612e-16 1.790788454406671225e-17 4.947849936480250108e+03
1.544038624797530951e-16 1.817331025902272777e-17 4.949139936442099497e+03
1.107682786051230695e-16 1.822491309435623585e-17 4.950429936403950705e+03
1.331442619459562160e-16 1.828509544700314393e-17 4.951719936365800095e+03
1.316425254700335449e-16 1.823082081829108958e-17 4.953009936327649484e+03
1.370373444855451880e-16 1.816129132472233228e-17 4.954299936289499783e+03
1.374646196678757791e-16 1.813045403148635541e-17 4.955589936251350082e+03
1.627806609860735026e-16 1.801055916478046937e-17 4.956879936213199471e+03
1.563787727358356998e-16 1.792790066052927042e-17 4.958169936175049770e+03
1.145944521593238521e-16 1.796979570419385616e-17 4.959459936136900069e+03
1.260046874079987227e-16 1.810577757945267349e-17 4.960749936098749458e+03
1.616918133672679003e-16 1.832034657598770376e-17 4.962039936060599757e+03
1.544394908030969791e-16 1.841827979743030692e-17 4.963329936022450056e+03
1.475968542527113215e-16 1.853379391561211213e-17 4.964619935984300355e+03
1.378755100566329199e-16 1.853823918422397210e-17 4.965909935946149744e+03
1.621101417640931179e-16 1.868972573288448338e-17 4.967199935908000043e+03
1.318786094343010794e-16 1.869798926720388812e-17 4.968489935869849432e+03
1.026442201718845643e-16 1.872464268090157178e-17 4.969779935831700641e+03
1.272617372412833078e-16 1.873845990585365755e-17 4.971069935793550030e+03
1.170822540998587365e-16 1.881569706837018396e-17 4.972359935755399420e+03
1.180522127035833172e-16 1.891349297783110332e-17 4.973649935717249718e+03
1.568223797721805379e-16 1.897922074930456690e-17 4.974939935679100017e+03
1.555308398160749417e-16 1.914223323262039206e-17 4.976229935640950316e+03
1.351560446050239844e-16 1.917734374090081787e-17 4.977519935602799706e+03
1.037335773339474992e-16 1.917910894432800603e-17 4.978809935564650004e+03
1.174553588782344549e-16 1.925668525089567918e-17 4.980099935526500303e+03
1.433467208560750602e-16 1.935001273068758708e-17 4.981389935488349693e+03
1.733360811722911739e-16 1.943308482524506254e-17 4.982679935450199991e+03
1.165635258290042826e-16 1.924495582980967725e-17 4.983969935412050290e+03
1.484043413492406867e-16 1.933656111956624974e-17 4.985259935373899680e+03
1.506790880337615128e-16 1.924184563070647786e-17 4.986549935335749979e+03
1.800816927455468116e-16 1.936958878706426703e-17 4.987839935297599368e+03
1.939563968240376707e-16 1.935676252448601979e-17 4.989129935259450576e+03
1.844082841005625743e-16 1.922323903000771006e-17 4.990419935221299966e+03
1.668036042643883995e-16 1.910707143914198796e-17 4.991709935183149355e+03
1.747338840586077822e-16 1.910515568884331515e-17 4.992999935144999654e+03
1.871303303556826753e-16 1.903361283766360378e-17 4.994289935106849953e+03
1.383538322089253834e-16 1.878454379214021183e-17 4.995579935068700252e+03
1.492257515498405444e-16 1.868065156156477666e-17 4.996869935030549641e+03
1.869207294059066385e-16 1.869192437895264932e-17 4.998159934992399940e+03
1.553983320993888471e-16 1.857354325276773532e-17 4.999449934954250239e+03
1.364689324383783491e-16 1.849113124833907717e-17 5.000739934916099628e+03
1.556188783030301856e-16 1.854607093026362417e-17 5.002029934877949927e+03
1.662106282617511858e-16 1.856501336629108850e-17 5.003319934839800226e+03
1.497965988167307395e-16 1.848569667171460378e-17 5.004609934801650525e+03
1.657061010276530424e-16 1.855076269869802494e-17 5.005899934763499914e+03
1.359758401490681386e-16 1.848675546289867166e-17 5.007189934725349303e+03
1.911767523285042773e-16 1.856322665616797396e-17 5.008479934687200512e+03
1.841472920736898430e-16 1.849332162260111759e-17 5.009769934649049901e+03
1.416470566031807006e-16 1.836285373330557875e-17 5.011059934610899290e+03
1.326186647672951218e-16 1.834265067402458360e-17 5.012349934572749589e+03
1.402619989157423094e-16 1.835363397819806270e-17 5.013639934534599888e+03
1.437446410528273695e-16 1.837403225210362036e-17 5.014929934496450187e+03
1.620079419450509662e-16 1.845521010305834939e-17 5.016219934458299576e+03
1.316381579563992649e-16 1.839004316004019677e-17 5.017509934420149875e+03
1.519329482586040934e-16 1.842386822964871517e-17 5.018799934382000174e+03
1.434146158407534127e-16 1.839203997403889978e-17 5.020089934343849563e+03
9.442021185087005170e-17 1.831553238482264514e-17 5.021379934305699862e+03
1.446542485590600812e-16 1.839865080149442357e-17 5.022669934267550161e+03
1.749317191913508647e-16 1.840463297168440707e-17 5.023959934229400460e+03
1.662433184395592815e-16 1.835371504189809290e-17 5.025249934191249849e+03
1.161489032013233026e-16 1.827432059234402820e-17 5.026539934153099239e+03
1.323754339625351291e-16 1.833094441399573315e-17 5.027829934114950447e+03
1.312485492704418884e-16 1.838328344007441343e-17 5.029119934076799836e+03
1.255145332642243006e-16 1.842005989010852104e-17 5.030409934038650135e+03
1.394909739406142817e-16 1.839445037834387930e-17 5.031699934000499525e+03
1.438464835298448982e-16 1.838229909514547532e-17 5.032989933962349824e+03
1.852978275138571999e-16 1.844997239541966362e-17 5.034279933924200122e+03
2.333290160763695125e-16 1.851805266855522801e-17 5.035569933886049512e+03
2.553182825546667679e-16 1.850106568749583904e-17 5.036859933847899811e+03
2.560101761236755228e-16 1.844400842320315629e-17 5.038149933809750110e+03
2.677846223047799417e-16 1.847753736215238072e-17 5.039439933771599499e+03
2.581457844117200293e-16 1.840646104083814926e-17 5.040729933733449798e+03
2.053931547918734415e-16 1.832816839586000519e-17 5.042019933695300097e+03
1.539740197288011394e-16 1.827074551773657401e-17 5.043309933657150395e+03
1.355061074402564257e-16 1.827389045842550062e-17 5.044599933618999785e+03
1.143253074403337982e-16 1.828079245345664308e-17 5.045889933580849174e+03
1.736033994764887107e-16 1.840335249609617498e-17 5.047179933542700383e+03
1.708349384628370343e-16 1.840134906465257155e-17 5.048469933504549772e+03
1.539676008072477279e-16 1.835128643961963721e-17 5.049759933466400071e+03
1.700916670516213858e-16 1.836439063488370227e-17 5.051049933428249460e+03
1.464543920953224822e-16 1.830542920082092246e-17 5.052339933390099759e+03
1.512114747108904422e-16 1.834191448327941140e-17 5.053629933351950058e+03
1.500745712072179593e-16 1.842570291624735779e-17 5.054919933313800357e+03
1.365061621833881357e-16 1.840658180920758200e-17 5.056209933275649746e+03
1.381049633411102293e-16 1.842365647141190160e-17 5.057499933237500045e+03
1.364267263748034434e-16 1.844954226150113605e-17 5.058789933199349434e+03
1.424079833573906810e-16 1.846240657438756073e-17 5.060079933161199733e+03
1.512761006777879852e-16 1.848226883525618403e-17 5.061369933123050032e+03
1.548039267286531418e-16 1.848046889024326865e-17 5.062659933084900331e+03
1.498227377240874151e-16 1.849380138735639835e-17 5.063949933046749720e+03
1.584053917063702193e-16 1.856753130407569992e-17 5.065239933008599110e+03
1.610623487734497475e-16 1.866039556272457812e-17 5.066529932970450318e+03
1.439322323808645953e-16 1.865222136391132910e-17 5.067819932932299707e+03
1.459863005128460745e-16 1.861833011985380645e-17 5.069109932894150006e+03
1.571982771123042353e-16 1.859725024912350509e-17 5.070399932855999396e+03
1.381318301674059517e-16 1.855579361118357245e-17 5.071689932817849694e+03
1.276798009403125084e-16 1.851481177491524525e-17 5.072979932779699993e+03
1.227427635281224121e-16 1.846802809383047111e-17 5.074269932741550292e+03
1.125973205232656230e-16 1.840664136621168582e-17 5.075559932703399681e+03
1.272226413768116015e-16 1.847426999873279626e-17 5.076849932665249980e+03
1.316232819402631113e-16 1.862542898387073653e-17 5.078139932627100279e+03
1.253900326558677193e-16 1.869597590959293405e-17 5.079429932588949669e+03
1.261022550156105774e-16 1.879362788962726918e-17 5.080719932550799967e+03
1.276500621429300019e-16 1.900126842135155529e-17 5.082009932512650266e+03
1.313346554634862084e-16 1.916609739329254691e-17 5.083299932474499656e+03
1.267543645058779819e-16 1.923868249204407509e-17 5.084589932436349045e+03
1.437332193429292373e-16 1.925001155771360135e-17 5.085879932398200253e+03
1.531808130783668897e-16 1.926404384962495091e-17 5.087169932360049643e+03
1.358638597464631600e-16 1.911616711715762105e-17 5.088459932321899942e+03
1.222950007363801076e-16 1.891737741798765233e-17 5.089749932283749331e+03
1.358685713672322620e-16 1.885985527819071479e-17 5.091039932245599630e+03
1.486159937069358550e-16 1.884057038938965350e-17 5.092329932207449929e+03
1.452208738961038056e-16 1.880770815801414682e-17 5.093619932169300228e+03
1.574034443739969879e-16 1.884134463044300314e-17 5.094909932131149617e+03
1.549220481201257142e-16 1.885983873457846373e-17 5.096199932092999916e+03
1.240415562038388732e-16 1.878777310525161885e-17 5.097489932054850215e+03
1.308376588816847477e-16 1.885072320422812936e-17 5.098779932016699604e+03
1.300478006583701126e-16 1.884000128912821702e-17 5.100069931978549903e+03
1.529490701579540334e-16 1.886790043682840554e-17 5.101359931940400202e+03
1.539406413367233996e-16 1.886884342272671599e-17 5.102649931902250501e+03
1.725756970485630283e-16 1.883335075700329068e-17 5.103939931864099890e+03
1.600770376975561827e-16 1.870910822899782592e-17 5.105229931825950189e+03
1.274369539473567403e-16 1.868827485809006537e-17 5.106519931787799578e+03
1.071070448650653605e-16 1.859583080719236410e-17 5.107809931749649877e+03
1.362329940578986239e-16 1.866038398219600238e-17 5.109099931711499266e+03
1.334021437737257479e-16 1.870321208559154794e-17 5.110389931673349565e+03
1.278436753458266138e-16 1.875017940077230885e-17 5.111679931635199864e+03
1.124747125041505630e-16 1.879089653924461908e-17 5.112969931597050163e+03
1.789918260402265440e-16 1.894352956023412886e-17 5.114259931558899552e+03
1.638048694030917610e-16 1.892341087337561412e-17 5.115549931520749851e+03
1.448635318714808977e-16 1.891831047771861215e-17 5.116839931482600150e+03
1.410641258819023310e-16 1.893221042073195323e-17 5.118129931444449539e+03
1.748284870509042468e-16 1.896082425248138756e-17 5.119419931406299838e+03
1.301664779152143206e-16 1.880894727457175125e-17 5.120709931368150137e+03
1.067717654017404669e-16 1.870016475221490258e-17 5.121999931330000436e+03
1.226282287917858697e-16 1.869449194757401392e-17 5.123289931291848916e+03
1.497727495453096106e-16 1.875187677538926766e-17 5.124579931253700124e+03
1.880675855467093594e-16 1.887044980747629397e-17 5.125869931215549514e+03
1.245529258759640553e-16 1.879155828373466151e-17 5.127159931177400722e+03
1.746269593839067276e-16 1.904048836291514455e-17 5.128449931139250111e+03
1.546643912854827967e-16 1.916522885364936623e-17 5.129739931101099501e+03
1.547931138236858487e-16 1.921233348081181094e-17 5.131029931062949800e+03
1.703646101839842832e-16 1.932862184004696579e-17 5.132319931024799189e+03
1.675680514992854055e-16 1.948038301267084467e-17 5.133609930986649488e+03
1.507259395436565163e-16 1.946813081343770922e-17 5.134899930948499787e+03
1.523337007217737842e-16 1.943242308075502012e-17 5.136189930910350085e+03
1.881315365342270591e-16 1.947357531622953325e-17 5.137479930872200384e+03
1.409246433782911892e-16 1.938258544884870020e-17 5.138769930834049774e+03
1.795075764608758070e-16 1.946395851442799175e-17 5.140059930795900073e+03
1.172891551321154002e-16 1.935631750131646626e-17 5.141349930757750371e+03
1.573204483800558673e-16 1.952258080443962482e-17 5.142639930719598851e+03
1.792356788848071766e-16 1.956918912323453772e-17 5.143929930681450060e+03
1.282355339630501345e-16 1.948444612383970514e-17 5.145219930643299449e+03
1.091010067450162864e-16 1.952555534592236551e-17 5.146509930605150657e+03
1.424131184946334102e-16 1.966142472461787562e-17 5.147799930567000047e+03
1.555637285172300501e-16 1.971770443913475852e-17 5.149089930528849436e+03
1.572442948241417854e-16 1.980295367306447355e-17 5.150379930490699735e+03
1.479077682839128531e-16 1.986805113291117172e-17 5.151669930452550034e+03
1.481793879272956657e-16 1.988319184684334234e-17 5.152959930414399423e+03
1.715292010771201411e-16 1.992202797660270699e-17 5.154249930376249722e+03
1.501059246611561693e-16 1.982903633213949562e-17 5.155539930338100021e+03
1.278076499757887043e-16 1.975831404412743686e-17 5.156829930299950320e+03
1.594585051227135307e-16 1.970326352000080776e-17 5.158119930261799709e+03
1.169268367889273732e-16 1.961454674494327044e-17 5.159409930223650008e+03
1.454978669047457627e-16 1.957541283016338670e-17 5.160699930185500307e+03
1.379419359685433782e-16 1.946340926650125654e-17 5.161989930147348787e+03
1.292384474423788278e-16 1.934059279787183320e-17 5.163279930109199995e+03
1.231359721041056193e-16 1.925648011010376603e-17 5.164569930071049384e+03
1.430485520237517456e-16 1.917008109512260229e-17 5.165859930032900593e+03
1.659200033166143549e-16 1.912156860655759232e-17 5.167149929994749982e+03
1.391300849655247463e-16 1.896587170857918613e-17 5.168439929956599372e+03
8.641968787903266591e-17 1.885209466968374228e-17 5.169729929918449670e+03
1.158359642319822412e-16 1.897124838256078081e-17 5.171019929880299969e+03
1.243912616970466916e-16 1.906104049241463707e-17 5.172309929842149359e+03
1.437540775292553744e-16 1.916452078704502084e-17 5.173599929803999657e+03
1.344135540523065859e-16 1.925596064067908273e-17 5.174889929765849956e+03
1.337115225577103811e-16 1.935053054575104528e-17 5.176179929727700255e+03
1.820436063398449831e-16 1.944691363072572406e-17 5.177469929689550554e+03
1.619076479501401367e-16 1.935541587444878346e-17 5.178759929651399943e+03
1.560573899068016970e-16 1.919396510812945841e-17 5.180049929613250242e+03
1.869712469802764770e-16 1.912237758919666918e-17 5.181339929575098722e+03
1.520580047323323103e-16 1.913671428357343826e-17 5.182629929536949930e+03
1.339599149694927047e-16 1.926901520510639461e-17 5.183919929498799320e+03
1.511963869365174750e-16 1.955483092216184226e-17 5.185209929460650528e+03
1.514030232709781217e-16 1.978566890698456548e-17 5.186499929422499918e+03
1.312271087489645140e-16 1.998611462174086536e-17 5.187789929384349307e+03
1.560635838352284941e-16 2.004107250163888852e-17 5.189079929346199606e+03
1.659793882671507619e-16 1.996231001807281433e-17 5.190369929308049905e+03
1.478343808199671485e-16 1.981318920596420472e-17 5.191659929269899294e+03
1.401651327572898996e-16 2.013049568893954613e-17 5.192949929231749593e+03
1.826363176446861797e-16 2.130812625725168994e-17 5.194239929193599892e+03
1.784920898362363077e-16 2.240015686705439622e-17 5.195529929155450191e+03
1.424052966747611088e-16 2.314109232022019502e-17 5.196819929117300489e+03
1.329077941698844569e-16 2.364011549452241066e-17 5.198109929079149879e+03
1.275450697621398712e-16 2.383358476799243831e-17 5.199399929041000178e+03
1.315397300809503550e-16 2.326091274067095129e-17 5.200689929002850477e+03
1.221640017971313097e-16 2.210624139744082932e-17 5.201979928964699866e+03
1.263847669732994883e-16 2.101586514886322909e-17 5.203269928926549255e+03
1.527256916878953134e-16 2.034594811436878304e-17 5.204559928888400464e+03
1.077191121962402980e-16 1.989663684051977925e-17 5.205849928850249853e+03
1.168055390239025972e-16 1.973906555127332791e-17 5.207139928812099242e+03
1.708566966216696291e-16 1.980680337163529534e-17 5.208429928773949541e+03
1.574860300863542822e-16 1.982938540235799300e-17 5.209719928735799840e+03
1.304567852229959312e-16 1.977122964221183983e-17 5.211009928697649229e+03
1.166035084310926458e-16 1.970310470132319758e-17 5.212299928659499528e+03
1.254176935755514925e-16 1.974551590569001642e-17 5.213589928621349827e+03
1.359086730833288328e-16 1.984927082428376778e-17 5.214879928583200126e+03
1.411875147595156410e-16 1.993040566184664405e-17 5.216169928545050425e+03
1.443990931185895241e-16 2.000482213847436464e-17 5.217459928506899814e+03
1.319877840402682782e-16 2.008512979542468788e-17 5.218749928468750113e+03
1.243752342454978641e-16 2.029838522914698395e-17 5.220039928430600412e+03
1.332672802466551023e-16 2.044887750671120648e-17 5.221329928392449801e+03
1.337148180452707924e-16 2.040116076589547253e-17 5.222619928354299191e+03
1.475817929481179559e-16 2.032306168118066587e-17 5.223909928316150399e+03
1.557717015755605825e-16 2.021999166813410841e-17 5.225199928277999788e+03
1.299409421581180623e-16 2.006212259386713797e-17 5.226489928239850997e+03
1.306017999105438276e-16 1.990669039368474875e-17 5.227779928201699477e+03
1.212842124976199094e-16 1.987463383622586872e-17 5.229069928163549775e+03
1.194240487361106608e-16 1.988710771986316837e-17 5.230359928125399165e+03
1.349769368413491024e-16 1.991373962686492565e-17 5.231649928087249464e+03
1.385406294435745584e-16 1.995498119784559451e-17 5.232939928049099763e+03
1.358718668547926733e-16 2.013985110166752087e-17 5.234229928010950061e+03
1.305669789154777953e-16 2.039416778099694923e-17 5.235519927972800360e+03
1.546413361074497187e-16 2.053855215691808021e-17 5.236809927934649750e+03
1.534488990061728757e-16 2.053983594122876251e-17 5.238099927896500049e+03
1.286763087329775910e-16 2.048275882460137850e-17 5.239389927858350347e+03
1.245006877659201065e-16 2.039430343861740793e-17 5.240679927820199737e+03
1.630618494547823286e-16 2.015788363902117688e-17 5.241969927782049126e+03
1.198578090144436677e-16 1.977095501824847223e-17 5.243259927743900334e+03
1.464522745129543464e-16 1.974692376709258167e-17 5.244549927705749724e+03
1.442402479711997411e-16 1.983877224794924476e-17 5.245839927667600932e+03
1.410151832594187934e-16 1.989868659407768566e-17 5.247129927629449412e+03
1.278689804551258360e-16 1.985528608169825340e-17 5.248419927591299711e+03
1.331258786840228375e-16 1.994253709271034676e-17 5.249709927553150010e+03
1.662205808988814239e-16 2.010761918191877960e-17 5.250999927514999399e+03
1.243691197264098721e-16 2.030681419958889930e-17 5.252289927476849698e+03
1.438235871704894304e-16 2.058929968749820846e-17 5.253579927438699997e+03
1.255793709893586571e-16 2.063833495421035194e-17 5.254869927400550296e+03
1.683702843445638339e-16 2.068807994188806592e-17 5.256159927362399685e+03
1.592906867200387724e-16 2.060054934382892964e-17 5.257449927324249984e+03
1.721216873888347233e-16 2.043587919056554821e-17 5.258739927286100283e+03
1.579027570615135971e-16 1.999245082523302155e-17 5.260029927247949672e+03
1.401962479832116943e-16 1.967637684137038415e-17 5.261319927209799062e+03
1.511568410857925399e-16 1.956213161824823529e-17 5.262609927171650270e+03
1.156009787635681771e-16 1.937602259786870448e-17 5.263899927133499659e+03
1.131186693023006448e-16 1.931595108742387851e-17 5.265189927095350868e+03
1.303264083235677732e-16 1.939568633539031506e-17 5.266479927057199347e+03
1.471808551964910532e-16 1.946925908779323155e-17 5.267769927019049646e+03
8.373886168819730746e-17 1.942645083673238726e-17 5.269059926980899945e+03
1.607471069332833385e-16 1.968253437385022889e-17 5.270349926942749335e+03
1.076321655876936241e-16 1.987440057129312876e-17 5.271639926904599633e+03
1.627339021204071050e-16 2.024136932388492885e-17 5.272929926866449932e+03
1.252532235999963489e-16 2.026765546939063897e-17 5.274219926828300231e+03
1.379780804525894953e-16 2.031957097899569209e-17 5.275509926790150530e+03
1.433715230395618502e-16 2.036657138140095512e-17 5.276799926751999919e+03
1.533293350117120109e-16 2.021758788127402931e-17 5.278089926713850218e+03
1.615528602592487925e-16 2.005725380878165085e-17 5.279379926675700517e+03
1.360929027493566431e-16 1.979434272288779653e-17 5.280669926637548997e+03
1.149166026119663041e-16 1.971994940731722744e-17 5.281959926599400205e+03
1.257988451669261269e-16 1.973113785228261969e-17 5.283249926561249595e+03
1.567222048912779160e-16 1.981419340322784409e-17 5.284539926523100803e+03
1.560815435806882454e-16 1.981626135475922666e-17 5.285829926484949283e+03
1.422055557178867041e-16 1.992506869253445192e-17 5.287119926446799582e+03
1.039336094583975226e-16 1.995995917077193863e-17 5.288409926408649881e+03
2.201693666240388931e-16 2.013131128902352342e-17 5.289699926370499270e+03
1.254279241453675484e-16 1.995863402743062868e-17 5.290989926332349569e+03
1.518094667367621774e-16 2.002174129072352426e-17 5.292279926294199868e+03
1.261896317580757788e-16 2.000165899981196186e-17 5.293569926256050167e+03
1.453304323138752290e-16 2.021313434085604381e-17 5.294859926217900465e+03
1.218994892895715527e-16 2.023616801219319542e-17 5.296149926179749855e+03
1.370378474113576202e-16 2.022441543005004200e-17 5.297439926141600154e+03
1.072495316886612948e-16 2.023704482364250163e-17 5.298729926103450453e+03
1.065831549871885757e-16 2.028858810197190589e-17 5.300019926065298932e+03
1.233673841522734543e-16 2.030845532592420451e-17 5.301309926027150141e+03
1.217964556724719476e-16 2.017159829357730608e-17 5.302599925988999530e+03
1.478495215338993191e-16 2.018671419209110010e-17 5.303889925950850738e+03
1.571557798811537110e-16 2.019901271343853852e-17 5.305179925912699218e+03
1.228909413543327112e-16 2.016752856496354518e-17 5.306469925874549517e+03
1.050974327279249312e-16 2.021136251998395522e-17 5.307759925836399816e+03
1.214424223702992517e-16 2.027431427332169084e-17 5.309049925798249205e+03
1.242252961789440521e-16 2.037413842964459022e-17 5.310339925760099504e+03
1.395283625043016785e-16 2.036856819539965813e-17 5.311629925721949803e+03
1.602744493138256380e-16 2.039205350735126369e-17 5.312919925683800102e+03
1.479158812713607732e-16 2.035796539430795342e-17 5.314209925645650401e+03
1.176203582493816325e-16 2.027334481764377869e-17 5.315499925607499790e+03
1.534802656950008865e-16 2.021770699528223695e-17 5.316789925569350089e+03
1.679744155557306561e-16 2.027022800109567888e-17 5.318079925531200388e+03
1.495909418641153555e-16 2.031911272093633771e-17 5.319369925493048868e+03
1.581713194453524137e-16 2.037625932073517618e-17 5.320659925454900076e+03
1.660267427028581976e-16 2.041193396619336316e-17 5.321949925416749466e+03
1.736658813912385162e-16 2.040124348395672783e-17 5.323239925378600674e+03
1.858933181455565747e-16 2.039616128627320203e-17 5.324529925340450063e+03
1.488162508245124927e-16 2.034639644626078678e-17 5.325819925302299453e+03
1.398275504231396584e-16 2.043939636253012368e-17 5.327109925264149751e+03
1.521056106309459622e-16 2.050654357593472825e-17 5.328399925226000050e+03
1.370815093128106192e-16 2.046746425507527302e-17 5.329689925187849440e+03
1.039182900734530405e-16 2.046905244185137483e-17 5.330979925149699739e+03
1.262254850745462773e-16 2.055859805188269029e-17 5.332269925111550037e+03
1.485317006937942512e-16 2.051569715659324006e-17 5.333559925073400336e+03
1.421641966872590527e-16 2.037221440753979188e-17 5.334849925035249726e+03
1.350305646148221403e-16 2.028958237306819463e-17 5.336139924997100024e+03
1.475206212874584344e-16 2.029466291639049532e-17 5.337429924958950323e+03
1.457908079555977421e-16 2.027960492051958001e-17 5.338719924920798803e+03
1.569738795557308500e-16 2.032674594362897705e-17 5.340009924882650012e+03
1.600511767228853248e-16 2.032765418794156028e-17 5.341299924844499401e+03
1.458381756261949787e-16 2.026388848888107248e-17 5.342589924806350609e+03
1.404249601138601563e-16 2.028253313988801772e-17 5.343879924768199999e+03
1.378081047628771988e-16 2.036976760728786002e-17 5.345169924730049388e+03
1.401158460276715400e-16 2.044543974408543610e-17 5.346459924691899687e+03
1.468676382944641740e-16 2.047820271378743642e-17 5.347749924653749986e+03
1.438626300954019333e-16 2.048885018263221899e-17 5.349039924615599375e+03
1.610874553594019570e-16 2.052869050965522302e-17 5.350329924577449674e+03
1.326702014281796256e-16 2.047963373624715316e-17 5.351619924539299973e+03
1.206634564612907149e-16 2.044753085667397015e-17 5.352909924501150272e+03
1.705478207634974282e-16 2.053098676303567022e-17 5.354199924463000571e+03
1.765276483779861742e-16 2.051294760823711379e-17 5.355489924424849960e+03
1.519171060955124778e-16 2.045772999362674899e-17 5.356779924386700259e+03
1.393871065254572231e-16 2.039646403437739644e-17 5.358069924348548739e+03
1.336164960489402893e-16 2.024366392290415095e-17 5.359359924310399947e+03
1.133894816174056057e-16 2.009034434200622217e-17 5.360649924272249336e+03
1.309459335151454888e-16 2.012314039893272461e-17 5.361939924234100545e+03
1.388567447864678234e-16 2.014533200040629724e-17 5.363229924195949934e+03
1.321797693517193857e-16 2.016411561775615139e-17 5.364519924157801142e+03
1.635264999659105157e-16 2.020212125818051280e-17 5.365809924119649622e+03
1.531015890280190109e-16 2.016454740603590407e-17 5.367099924081499921e+03
1.301656441171568672e-16 2.014681099934154205e-17 5.368389924043349311e+03
1.571762410207858227e-16 2.027541111481393616e-17 5.369679924005199609e+03
1.323722575889829255e-16 2.026948353854438116e-17 5.370969923967049908e+03
1.547262908650813649e-16 2.038620037733683847e-17 5.372259923928900207e+03
1.500149083239957345e-16 2.042047212447613551e-17 5.373549923890750506e+03
1.411517011477145451e-16 2.045942571388248269e-17 5.374839923852599895e+03
1.385939925192515793e-16 2.042565523819439278e-17 5.376129923814450194e+03
1.488006998289964958e-16 2.043083338882897474e-17 5.377419923776298674e+03
1.505547727138621433e-16 2.038059871022862937e-17 5.378709923738149882e+03
1.371240065439611436e-16 2.028434301106828375e-17 5.379999923699999272e+03
1.333635243652868721e-16 2.030564952928642464e-17 5.381289923661850480e+03
1.335680960569385865e-16 2.033170737294307011e-17 5.382579923623699869e+03
1.712044698209665237e-16 2.038819222825186616e-17 5.383869923585551078e+03
1.656962939743106137e-16 2.033804357643522631e-17 5.385159923547399558e+03
1.354681233065279907e-16 2.028892062857815220e-17 5.386449923509249857e+03
1.718963236853058760e-16 2.039358379148448680e-17 5.387739923471099246e+03
1.491201900687889772e-16 2.039159028620823400e-17 5.389029923432949545e+03
8.422055211994408696e-17 2.025050801529241470e-17 5.390319923394799844e+03
1.610978844525650256e-16 2.040295740218593771e-17 5.391609923356650143e+03
1.727031490373451988e-16 2.042424903115305264e-17 5.392899923318500441e+03
1.406203203222104801e-16 2.031819785917885407e-17 5.394189923280349831e+03
1.230633257939887622e-16 2.028289544499631595e-17 5.395479923242200130e+03
1.479123607906737475e-16 2.030912865094282267e-17 5.396769923204048609e+03
1.642746947561320799e-16 2.034339378063721929e-17 5.398059923165899818e+03
1.508980592855165503e-16 2.033655796005508107e-17 5.399349923127749207e+03
1.214146026319378683e-16 2.031248700422978796e-17 5.400639923089600416e+03
1.310699179627998370e-16 2.032249919836412981e-17 5.401929923051449805e+03
1.585350803915287331e-16 2.039057450841601888e-17 5.403219923013301013e+03
1.486232861312161225e-16 2.039888601921095170e-17 5.404509922975149493e+03
1.338782027598622664e-16 2.033764983846365106e-17 5.405799922936999792e+03
1.598082635554805525e-16 2.041367269984094963e-17 5.407089922898849181e+03
1.594080007832334930e-16 2.046529538750915898e-17 5.408379922860699480e+03
1.561273760040685836e-16 2.059867164383843427e-17 5.409669922822549779e+03
1.213917195074722013e-16 2.056239646525553379e-17 5.410959922784400078e+03
1.333328591256183063e-16 2.066029494511240972e-17 5.412249922746250377e+03
1.480491963163247196e-16 2.081886546853882513e-17 5.413539922708100676e+03
1.546518181401719907e-16 2.094983462928557110e-17 5.414829922669950065e+03
1.528879117321843128e-16 2.097381128652103316e-17 5.416119922631800364e+03
1.603218831588718789e-16 2.099216973303603506e-17 5.417409922593649753e+03
1.051266752169399059e-16 2.091175785132853013e-17 5.418699922555499143e+03
1.265991324834038305e-16 2.095762667065582062e-17 5.419989922517350351e+03
1.492942023998905326e-16 2.096301327080476594e-17 5.421279922479199740e+03
1.249953285373370162e-16 2.090967170182367140e-17 5.422569922441050949e+03
1.475320562322463675e-16 2.092347072880228101e-17 5.423859922402899429e+03
1.443563047198633811e-16 2.088421770001418963e-17 5.425149922364749727e+03
1.271454554994930534e-16 2.079659445772644741e-17 5.426439922326599117e+03
1.356193583922822858e-16 2.083997180904872818e-17 5.427729922288449416e+03
1.222372172075096033e-16 2.081159289659325891e-17 5.429019922250299715e+03
1.415060123825730588e-16 2.083717097549462363e-17 5.430309922212150013e+03
1.607329323663066298e-16 2.082976109156737361e-17 5.431599922174000312e+03
1.648809850579089470e-16 2.087541980701907563e-17 5.432889922135850611e+03
1.306431192365020764e-16 2.089188566429255620e-17 5.434179922097700000e+03
1.654071910415008803e-16 2.101814485863142524e-17 5.435469922059550299e+03
1.297631843532028669e-16 2.099257174281373583e-17 5.436759922021399689e+03
1.242295842832395270e-16 2.102973696773574337e-17 5.438049921983249078e+03
1.427922319129787138e-16 2.107855551312739795e-17 5.439339921945100286e+03
1.609001551989403499e-16 2.111429467867336407e-17 5.440629921906949676e+03
1.410761166920618996e-16 2.108524244119927663e-17 5.441919921868800884e+03
1.168208650262919797e-16 2.107865477480090432e-17 5.443209921830649364e+03
1.386562759106543721e-16 2.105100543564570681e-17 5.444499921792499663e+03
1.534480387383358206e-16 2.105993071445515398e-17 5.445789921754349052e+03
1.301086811514540155e-16 2.104398763532880693e-17 5.447079921716199351e+03
1.164138524602464876e-16 2.103506731960303508e-17 5.448369921678049650e+03
1.409790917149318797e-16 2.106331057443804565e-17 5.449659921639899949e+03
1.532515932690218271e-16 2.107690115190229190e-17 5.450949921601750248e+03
1.616976764234496762e-16 2.111377190052623055e-17 5.452239921563600547e+03
1.394740862212283990e-16 2.110973029605329646e-17 5.453529921525449936e+03
1.362494582608108793e-16 2.124375009889913800e-17 5.454819921487300235e+03
1.543845263057540555e-16 2.220280149906659446e-17 5.456109921449149624e+03
1.652885270195464731e-16 2.368567825702305653e-17 5.457399921410999013e+03
1.398432999420026680e-16 2.449933446656084220e-17 5.458689921372850222e+03
1.457599441925821636e-16 2.476404880619006212e-17 5.459979921334699611e+03
1.681252403599011250e-16 2.480661055742836561e-17 5.461269921296550820e+03
1.570954817232210455e-16 2.445067143112434759e-17 5.462559921258400209e+03
1.440242413347600937e-16 2.328870766361395813e-17 5.463849921220249598e+03
1.497452871489728500e-16 2.197463696198364262e-17 5.465139921182099897e+03
1.585910242707169195e-16 2.141169919611067964e-17 5.466429921143949286e+03
1.287197324064141748e-16 2.124846006530701494e-17 5.467719921105799585e+03
1.222996064780308028e-16 2.121560776009885890e-17 5.469009921067649884e+03
1.318207597309815709e-16 2.120747326595501242e-17 5.470299921029500183e+03
1.309768502177202708e-16 2.117425700127733304e-17 5.471589920991350482e+03
1.299139959224835349e-16 2.109705458034653386e-17 5.472879920953199871e+03
1.474033204591535147e-16 2.106525941196122059e-17 5.474169920915050170e+03
1.502213990746685719e-16 2.105385093695288923e-17 5.475459920876899560e+03
1.379717806450442914e-16 2.104230680432409917e-17 5.476749920838748949e+03
1.439621299969247119e-16 2.113140242810218578e-17 5.478039920800600157e+03
1.446715200902501885e-16 2.121540758239062106e-17 5.479329920762449547e+03
1.398270607322170270e-16 2.127461220755349147e-17 5.480619920724300755e+03
1.635173017174989260e-16 2.137764913337554681e-17 5.481909920686150144e+03
1.647792616948996259e-16 2.141232619901499483e-17 5.483199920647999534e+03
1.622887068972861651e-16 2.138974913137597249e-17 5.484489920609849833e+03
1.928853368971244087e-16 2.136317016393341861e-17 5.485779920571699222e+03
1.886706068307054170e-16 2.126284639052053720e-17 5.487069920533549521e+03
1.462578936864492854e-16 2.117130727521296895e-17 5.488359920495399820e+03
1.291916885767124303e-16 2.110399628004707887e-17 5.489649920457250118e+03
1.415999668652692819e-16 2.104764708235874152e-17 5.490939920419100417e+03
1.601464679294514336e-16 2.108284030870042264e-17 5.492229920380949807e+03
1.618653095376672226e-16 2.115700697678315220e-17 5.493519920342800106e+03
1.341464739761254643e-16 2.116804818359951002e-17 5.494809920304649495e+03
1.214810020740687249e-16 2.114464228098670955e-17 5.496099920266498884e+03
1.410008366388746737e-16 2.121534471666406703e-17 5.497389920228350093e+03
1.687657693215927871e-16 2.126302506153284865e-17 5.498679920190199482e+03
1.137569086280567601e-16 2.120081942510763587e-17 5.499969920152050690e+03
1.343563131539179164e-16 2.124873634363160765e-17 5.501259920113900080e+03
1.549438592185175124e-16 2.126941585894543335e-17 5.502549920075749469e+03
1.508957034751319992e-16 2.121189537350972091e-17 5.503839920037599768e+03
1.404506755047432048e-16 2.123321181789521243e-17 5.505129919999449157e+03
1.890013864314980222e-16 2.127655773635421619e-17 5.506419919961299456e+03
1.332621054047429705e-16 2.119404316152960146e-17 5.507709919923149755e+03
1.524812035686042401e-16 2.124171027150858224e-17 5.508999919885000054e+03
1.683504849494217646e-16 2.133621234777031544e-17 5.510289919846850353e+03
1.488740343533829971e-16 2.134458672429180229e-17 5.511579919808700652e+03
1.709180668056761634e-16 2.134769196031132635e-17 5.512869919770550041e+03
1.478565360254937688e-16 2.136458133405843407e-17 5.514159919732400340e+03
1.764386966836346718e-16 2.139590997257826744e-17 5.515449919694248820e+03
1.920296615668301544e-16 2.150050861539682290e-17 5.516739919656100028e+03
1.725969522815831909e-16 2.147481473120970075e-17 5.518029919617949417e+03
1.337318248786648826e-16 2.136868249553547199e-17 5.519319919579800626e+03
1.309407189685639545e-16 2.138981861454742695e-17 5.520609919541650015e+03
1.530502905951509223e-16 2.141784680242317374e-17 5.521899919503499405e+03
1.283487584452963929e-16 2.132401639681883360e-17 5.523189919465349703e+03
1.158506417247713821e-16 2.123428384396908115e-17 5.524479919427199093e+03
1.953308401298557814e-16 2.127732701432389050e-17 5.525769919389049392e+03
1.507740616029724012e-16 2.120579243495030467e-17 5.527059919350899690e+03
1.737629328381481379e-16 2.119607140839158149e-17 5.528349919312749989e+03
1.750318278978044823e-16 2.115838009659999023e-17 5.529639919274600288e+03
1.781456665956990997e-16 2.113811748031489126e-17 5.530929919236450587e+03
1.902466969175292547e-16 2.120052991189324231e-17 5.532219919198299976e+03
1.503967216598604112e-16 2.120885134885552577e-17 5.533509919160150275e+03
1.042705499003924226e-16 2.112238781378658289e-17 5.534799919121998755e+03
1.749701268415529269e-16 2.125278125682699196e-17 5.536089919083849963e+03
1.515376485700323521e-16 2.135854622430924718e-17 5.537379919045699353e+03
1.518030610500985668e-16 2.163847903284821770e-17 5.538669919007550561e+03
9.202567617876174634e-17 2.181693001511673258e-17 5.539959918969399951e+03
1.639713246121170319e-16 2.226026739058187839e-17 5.541249918931251159e+03
1.312088710708189448e-16 2.234992053409282575e-17 5.542539918893099639e+03
1.183644502237649336e-16 2.236546656652514735e-17 5.543829918854949028e+03
1.152473557429793075e-16 2.230810820848949530e-17 5.545119918816799327e+03
1.206769825186671820e-16 2.213042154110697943e-17 5.546409918778649626e+03
1.523454003643577343e-16 2.189393225833929392e-17 5.547699918740499925e+03
1.399872028988072932e-16 2.164891143473373649e-17 5.548989918702350224e+03
1.529800662698676205e-16 2.155513231432737464e-17 5.550279918664200522e+03
1.403471786665005700e-16 2.145414845078567591e-17 5.551569918626049912e+03
1.319098437742310817e-16 2.137103996028124811e-17 5.552859918587900211e+03
1.182745191475681685e-16 2.129625456110032888e-17 5.554149918549748691e+03
1.078473053388513160e-16 2.131760078398787231e-17 5.555439918511599899e+03
1.093496042975905232e-16 2.136262918781280893e-17 5.556729918473449288e+03
1.351562563632607980e-16 2.143395697203325651e-17 5.558019918435300497e+03
1.409857356296119056e-16 2.175098883104523032e-17 5.559309918397149886e+03
1.338418994571385391e-16 2.224773891302415024e-17 5.560599918359001094e+03
1.221284396482364299e-16 2.249398230957506105e-17 5.561889918320849574e+03
1.362662533359681560e-16 2.256749054189019840e-17 5.563179918282699873e+03
1.778952624806670471e-16 2.269049395333805872e-17 5.564469918244549262e+03
1.719624054900815123e-16 2.270587454964786972e-17 5.565759918206399561e+03
1.296501451594138203e-16 2.236463111410646879e-17 5.567049918168249860e+03
1.279143496573631445e-16 2.206331734109422761e-17 5.568339918130100159e+03
1.573213880572317275e-16 2.220218938541330522e-17 5.569629918091950458e+03
1.783245096615779647e-16 2.341840462057859755e-17 5.570919918053799847e+03
-4.348284662888333421e-17 3.881496717057309268e-17 5.572209918015650146e+03
-1.889994409026972974e-16 6.384249450855722049e-17 5.573499917977498626e+03
2.740425281888743143e-16 7.821171362701188120e-17 5.574789917939349834e+03
1.729990017639533649e-16 8.106283976235965699e-17 5.576079917901199224e+03
3.274218033710114741e-16 8.129085706129357439e-17 5.577369917863050432e+03
2.113263294198141967e-16 7.958628266428310004e-17 5.578659917824899821e+03
1.695609215008277615e-16 6.800695846351258980e-17 5.579949917786751030e+03
3.558617816080218623e-16 4.453531153562640408e-17 5.581239917748599510e+03
1.045491377132553819e-16 2.598117724875161300e-17 5.582529917710449809e+03
9.183925613847189560e-17 2.228941723536824709e-17 5.583819917672299198e+03
1.501121053546931655e-16 2.214362334368332575e-17 5.585109917634149497e+03
1.445513340559686838e-16 2.231033332433726295e-17 5.586399917595999796e+03
1.479361571225356730e-16 2.230798247703638724e-17 5.587689917557850094e+03
1.336468568861434356e-16 2.227511197385475503e-17 5.588979917519700393e+03
1.301687807860396682e-16 2.224838411390194160e-17 5.590269917481550692e+03
1.427206708638255263e-16 2.205327205973538364e-17 5.591559917443400082e+03
1.443141913005170814e-16 2.172234191207129386e-17 5.592849917405248561e+03
1.544382070187862968e-16 2.165391918616213252e-17 5.594139917367099770e+03
1.636470962817758467e-16 2.172289281435925418e-17 5.595429917328949159e+03
1.284882938884667381e-16 2.172637689909932753e-17 5.596719917290800367e+03
1.219805000500425460e-16 2.173913864158979564e-17 5.598009917252649757e+03
1.408541675901016713e-16 2.176263057098630163e-17 5.599299917214500965e+03
1.404372156218157419e-16 2.195636950533602156e-17 5.600589917176349445e+03
1.497355198002998239e-16 2.238556540104896081e-17 5.601879917138199744e+03
1.569717355035831125e-16 2.258779782592837523e-17 5.603169917100049133e+03
1.825782164784604551e-16 2.269242293852653239e-17 5.604459917061899432e+03
1.316887152354385060e-16 2.259697953072771384e-17 5.605749917023749731e+03
1.810966632094840778e-16 2.258267426921422178e-17 5.607039916985600030e+03
1.754244409037466514e-16 2.211257263784931020e-17 5.608329916947450329e+03
1.215024028908766969e-16 2.160325437364325957e-17 5.609619916909300628e+03
1.671529127109021924e-16 2.159018491996492174e-17 5.610909916871150017e+03
1.471393241122959908e-16 2.150621119853976347e-17 5.612199916833000316e+03
1.219610050573658963e-16 2.159168377123486782e-17 5.613489916794849705e+03
1.413768795627861805e-16 2.171154720507747685e-17 5.614779916756699095e+03
1.504473054086792540e-16 2.173120432515418700e-17 5.616069916718550303e+03
1.292363033902310904e-16 2.170676444677569524e-17 5.617359916680399692e+03
1.934955579611721279e-16 2.190497842823932705e-17 5.618649916642250901e+03
1.559931609865981795e-16 2.221733340806792605e-17 5.619939916604099380e+03
1.141596198549169766e-16 2.230599062612135955e-17 5.621229916565949679e+03
1.765608017769372995e-16 2.235912705431054094e-17 5.622519916527799069e+03
1.275803010387897298e-16 2.229149842178943051e-17 5.623809916489649368e+03
9.428837911356380036e-17 2.216801359122506432e-17 5.625099916451499666e+03
1.783307829993435669e-16 2.213688347605224368e-17 5.626389916413349965e+03
1.392944755317410848e-16 2.161487626124962961e-17 5.627679916375200264e+03
1.241214287637869935e-16 2.149821732510005101e-17 5.628969916337050563e+03
1.234944258594717985e-16 2.149421377093529436e-17 5.630259916298899952e+03
1.393557001319598097e-16 2.154432271808253167e-17 5.631549916260750251e+03
1.625863992735766491e-16 2.153860524568856514e-17 5.632839916222599641e+03
1.714461918482892196e-16 2.155116515610957031e-17 5.634129916184449030e+03
1.185713512560215973e-16 2.162909715034064126e-17 5.635419916146300238e+03
1.829609694915009920e-16 2.178651954707683307e-17 5.636709916108149628e+03
1.591806518462345185e-16 2.175230735694163984e-17 5.637999916070000836e+03
1.337838379955822170e-16 2.181284705161317083e-17 5.639289916031850225e+03
1.873281125488665544e-16 2.199274063686997818e-17 5.640579915993699615e+03
1.516605212869434290e-16 2.212211168467327171e-17 5.641869915955549004e+03
1.644047010786458141e-16 2.222020372479348505e-17 5.643159915917399303e+03
1.278047250651427168e-16 2.213684708010529135e-17 5.644449915879249602e+03
1.636450184040771135e-16 2.218532482708457409e-17 5.645739915841099901e+03
1.782939503010278056e-16 2.219952090075720915e-17 5.647029915802950200e+03
1.452615579473516137e-16 2.197693983280899025e-17 5.648319915764800498e+03
1.336049949297033520e-16 2.176624204154070815e-17 5.649609915726649888e+03
1.428127327572802281e-16 2.172024252767663428e-17 5.650899915688500187e+03
1.331776668078135575e-16 2.174283283020545746e-17 5.652189915650349576e+03
1.036099436108728735e-16 2.172155278176691827e-17 5.653479915612198965e+03
1.480871672151633537e-16 2.174671561600078137e-17 5.654769915574050174e+03
1.436895045019170349e-16 2.173523104037609514e-17 5.656059915535899563e+03
1.763890790817712910e-16 2.180911481268933157e-17 5.657349915497750771e+03
1.700328247315668136e-16 2.182185835720632352e-17 5.658639915459600161e+03
1.320154317250622506e-16 2.183721910118143324e-17 5.659929915421449550e+03
1.352184868151043873e-16 2.198335544563995153e-17 5.661219915383299849e+03
1.621844027307656785e-16 2.215821977277243648e-17 5.662509915345149238e+03
1.497241510299608951e-16 2.218820837869993394e-17 5.663799915306999537e+03
1.266715935050634757e-16 2.229219159914274994e-17 5.665089915268849836e+03
1.229977204452459565e-16 2.253036998472126873e-17 5.666379915230700135e+03
1.178983174049790515e-16 2.266064431375347017e-17 5.667669915192550434e+03
1.204161228406924592e-16 2.277013821143711444e-17 5.668959915154399823e+03
1.256923837133681020e-16 2.289936202109137353e-17 5.670249915116250122e+03
1.603645524435898142e-16 2.295987855470575304e-17 5.671539915078099511e+03
1.432781905966862670e-16 2.288484003825739258e-17 5.672829915039948901e+03
1.044823544593203007e-16 2.275685699952196303e-17 5.674119915001800109e+03
1.232399321634912838e-16 2.272356297986670367e-17 5.675409914963649499e+03
1.635866922447247744e-16 2.282086258096009120e-17 5.676699914925500707e+03
1.611610016420252718e-16 2.300312686585247553e-17 5.677989914887350096e+03
1.586391330951430036e-16 2.333779090680162968e-17 5.679279914849199486e+03
1.528616934154888320e-16 2.375378499993822262e-17 5.680569914811049784e+03
1.613227187605018390e-16 2.416973607968296280e-17 5.681859914772899174e+03
1.719101276753681610e-16 2.461930874260553334e-17 5.683149914734749473e+03
1.621340704448530519e-16 2.500416279440195499e-17 5.684439914696599772e+03
1.313456007173515101e-16 2.523928557479770290e-17 5.685729914658450070e+03
1.323383762710927535e-16 2.540522296875951557e-17 5.687019914620300369e+03
1.521680925456957677e-16 2.546365997031393676e-17 5.688309914582150668e+03
1.204722520083378575e-16 2.529577704755139937e-17 5.689599914544000058e+03
1.257202960959580913e-16 2.497402198724174777e-17 5.690889914505850356e+03
1.449401354136482085e-16 2.457769163162676541e-17 5.692179914467698836e+03
9.840881059015174691e-17 2.409053684475346061e-17 5.693469914429550045e+03
1.309015569296432440e-16 2.371249214375957548e-17 5.694759914391399434e+03
1.580162197717762708e-16 2.351887232341806318e-17 5.696049914353250642e+03
1.322955084630278054e-16 2.333618617641327681e-17 5.697339914315100032e+03
9.764292736971134879e-17 2.310993573526777268e-17 5.698629914276949421e+03
1.353530327048198126e-16 2.298532428470910927e-17 5.699919914238799720e+03
1.573414521501698138e-16 2.290811524633340967e-17 5.701209914200649109e+03
1.167526656391482077e-16 2.274233005360430676e-17 5.702499914162499408e+03
1.258473510380462364e-16 2.264759305804860850e-17 5.703789914124349707e+03
1.422864076596800872e-16 2.263131083487111470e-17 5.705079914086200006e+03
1.125107908137476759e-16 2.249128570077813818e-17 5.706369914048050305e+03
1.506687912894964527e-16 2.252757245988961439e-17 5.707659914009900604e+03
1.168579756572935588e-16 2.256262506552716149e-17 5.708949913971749993e+03
1.454838776262262659e-16 2.261522713504063363e-17 5.710239913933600292e+03
1.632657064623847971e-16 2.260121469546398534e-17 5.711529913895448772e+03
1.291532941614001689e-16 2.255559403032046076e-17 5.712819913857299980e+03
9.752219870494800930e-17 2.251357987264766738e-17 5.714109913819149369e+03
1.343489016156294413e-16 2.250333110485813536e-17 5.715399913781000578e+03
1.571594062409591435e-16 2.247948845088190690e-17 5.716689913742849967e+03
1.776882688041817775e-16 2.245958317662143084e-17 5.717979913704699356e+03
1.048111488266427786e-16 2.240393873681498867e-17 5.719269913666549655e+03
1.272431025164437132e-16 2.245757147337170187e-17 5.720559913628399045e+03
1.356409577324372705e-16 2.241743832441185408e-17 5.721849913590249344e+03
1.064445592211940908e-16 2.240541111830533305e-17 5.723139913552099642e+03
1.334825060245964997e-16 2.242347012543859076e-17 5.724429913513949941e+03
1.423267476037930732e-16 2.239595313518140174e-17 5.725719913475800240e+03
1.773250107838178903e-16 2.239314237545994655e-17 5.727009913437650539e+03
1.989447194342060547e-16 2.229674274687301670e-17 5.728299913399499928e+03
1.675573312385467183e-16 2.219471498139827606e-17 5.729589913361350227e+03
9.421728790299854295e-17 2.212112568538310850e-17 5.730879913323198707e+03
1.511593689497445019e-16 2.217382701657008700e-17 5.732169913285049915e+03
1.742662027577152007e-16 2.217714070210397443e-17 5.733459913246899305e+03
1.552545482565924296e-16 2.219185955392374301e-17 5.734749913208750513e+03
1.132167001310555293e-16 2.210129154865531201e-17 5.736039913170599903e+03
1.680822931424973718e-16 2.214867741722602475e-17 5.737329913132451111e+03
1.298836747899497911e-16 2.205938327010092541e-17 5.738619913094299591e+03
1.212208967848126505e-16 2.202115263654994958e-17 5.739909913056149890e+03
1.661730676444963780e-16 2.215898739638088569e-17 5.741199913017999279e+03
1.318837578064336095e-16 2.206559208777874844e-17 5.742489912979849578e+03
8.063359258144873944e-17 2.198485098818744741e-17 5.743779912941699877e+03
1.322200960609425709e-16 2.209509265714483962e-17 5.745069912903550176e+03
2.017131539780781294e-16 2.219736857680334617e-17 5.746359912865400474e+03
1.526699198622745381e-16 2.211889726081289065e-17 5.747649912827249864e+03
1.763573418160288564e-16 2.208822044061574906e-17 5.748939912789100163e+03
1.366889227766480519e-16 2.199104822533669469e-17 5.750229912750948642e+03
1.125307225577877536e-16 2.200562645645232925e-17 5.751519912712799851e+03
1.426092330917023824e-16 2.210220806477402076e-17 5.752809912674649240e+03
1.267231036961683779e-16 2.205534001126676621e-17 5.754099912636500449e+03
1.198943770149634119e-16 2.208262208222999017e-17 5.755389912598349838e+03
1.655054071587129766e-16 2.219878801873448717e-17 5.756679912560201046e+03
1.379291378301059578e-16 2.217679494060792727e-17 5.757969912522049526e+03
1.538059763329997667e-16 2.221119572792278258e-17 5.759259912483899825e+03
1.529444247116339356e-16 2.228599932507717798e-17 5.760549912445749214e+03
1.445430225451737509e-16 2.229313623940228550e-17 5.761839912407599513e+03
1.411076289646777198e-16 2.232824013023781089e-17 5.763129912369449812e+03
1.310487289042286787e-16 2.254503258825938370e-17 5.764419912331300111e+03
1.281973380710848859e-16 2.295751612687630159e-17 5.765709912293150410e+03
1.267434721915718836e-16 2.326287646744515218e-17 5.766999912254999799e+03
1.167191284283928578e-16 2.332095281825250025e-17 5.768289912216850098e+03
1.248377936440375172e-16 2.332398691673934476e-17 5.769579912178698578e+03
1.513895898578302606e-16 2.325153747560827528e-17 5.770869912140549786e+03
1.776638901371686147e-16 2.300307061757082193e-17 5.772159912102399176e+03
1.674751028682140469e-16 2.265977081102661417e-17 5.773449912064250384e+03
1.680104276908787647e-16 2.241157030514640290e-17 5.774739912026099773e+03
1.487320636904892958e-16 2.227237896911087983e-17 5.776029911987950982e+03
1.189908707929288913e-16 2.220279157289924382e-17 5.777319911949799462e+03
1.167922247247629437e-16 2.219503592747594663e-17 5.778609911911649760e+03
1.099462000425882689e-16 2.218276883899178523e-17 5.779899911873499150e+03
1.416507226676555356e-16 2.221610752640012246e-17 5.781189911835349449e+03
1.398219123600844970e-16 2.222611641181201409e-17 5.782479911797199748e+03
1.108729467311130794e-16 2.222046345950582670e-17 5.783769911759050046e+03
1.290129778597315737e-16 2.239907160609072665e-17 5.785059911720900345e+03
1.337646738751505885e-16 2.275345728720437009e-17 5.786349911682750644e+03
1.209701220928661742e-16 2.311999921460009281e-17 5.787639911644600033e+03
1.395273566526768140e-16 2.335550911552251554e-17 5.788929911606450332e+03
1.501704447489353054e-16 2.343917347139857897e-17 5.790219911568299722e+03
1.190997012917612680e-16 2.337991921539895538e-17 5.791509911530149111e+03
1.271564669278073593e-16 2.321651961155645540e-17 5.792799911492000319e+03
1.335786574989996636e-16 2.292975925424147219e-17 5.794089911453849709e+03
1.451098993451236914e-16 2.269786082387345599e-17 5.795379911415700917e+03
1.277652321539769851e-16 2.261942094074627748e-17 5.796669911377549397e+03
1.228902266702834654e-16 2.261909668594615669e-17 5.797959911339399696e+03
1.104554719846800165e-16 2.265455461008385478e-17 5.799249911301249085e+03
1.576595527265332061e-16 2.275441185363125628e-17 5.800539911263099384e+03
9.575912609501778484e-17 2.263902181254133402e-17 5.801829911224949683e+03
9.910326511033696597e-17 2.270888714143878785e-17 5.803119911186799982e+03
9.637095519817630708e-17 2.277296716913204580e-17 5.804409911148650281e+03
1.046020772724587757e-16 2.278004783517549971e-17 5.805699911110500580e+03
9.652969446644768330e-17 2.279147285379608213e-17 5.806989911072349969e+03
1.607513023933502074e-16 2.287340343910823442e-17 5.808279911034200268e+03
1.519078152028722822e-16 2.288219967774212331e-17 5.809569910996049657e+03
1.305699302959033845e-16 2.292897012393709660e-17 5.810859910957899046e+03
1.183827143716901045e-16 2.282911288038969510e-17 5.812149910919750255e+03
1.362954362679790268e-16 2.281078752109919533e-17 5.813439910881599644e+03
8.285071455577667143e-17 2.281005629343769845e-17 5.814729910843450853e+03
1.198059414813141426e-16 2.295559210477150325e-17 5.816019910805299332e+03
1.310161181357593881e-16 2.299345216140805532e-17 5.817309910767149631e+03
1.326414949522015854e-16 2.299032707305382998e-17 5.818599910728999021e+03
1.317067543902370624e-16 2.312782930627851977e-17 5.819889910690849320e+03
1.791156516692032821e-16 2.320833217785340553e-17 5.821179910652699618e+03
1.469197837602795168e-16 2.320756951732863164e-17 5.822469910614549917e+03
9.394985710223769889e-17 2.308967311898267371e-17 5.823759910576400216e+03
1.485814903492250431e-16 2.320782428895729798e-17 5.825049910538250515e+03
1.542060405818998134e-16 2.316391588768175816e-17 5.826339910500099904e+03
1.691968296824064208e-16 2.319907602679893715e-17 5.827629910461950203e+03
1.617672257693531348e-16 2.326245460533275013e-17 5.828919910423799593e+03
7.967334838683798152e-17 2.313447652968099591e-17 5.830209910385648982e+03
1.025066104051802426e-16 2.319572429095687229e-17 5.831499910347500190e+03
9.640563722689943042e-17 2.319974438873388000e-17 5.832789910309349580e+03
1.388126593685411973e-16 2.335737192626198495e-17 5.834079910271200788e+03
1.377411097507053039e-16 2.332120593551994148e-17 5.835369910233050177e+03
1.578883045618510706e-16 2.334990413969185622e-17 5.836659910194899567e+03
1.375023391038081972e-16 2.330903810870928644e-17 5.837949910156749866e+03
1.045193261239789708e-16 2.327673339706664050e-17 5.839239910118599255e+03
1.591270637774308831e-16 2.337092610777927887e-17 5.840529910080449554e+03
1.824150435221057946e-16 2.343301097583505891e-17 5.841819910042299853e+03
1.433368476282836272e-16 2.338213440507937239e-17 5.843109910004150152e+03
1.213257171120353702e-16 2.338525287598869731e-17 5.844399909966000450e+03
1.495604222082345990e-16 2.343286704640847468e-17 5.845689909927849840e+03
1.506554902252466000e-16 2.341210977611706901e-17 5.846979909889700139e+03
1.721785577103089691e-16 2.350248752984461281e-17 5.848269909851549528e+03
1.339484667898149708e-16 2.342469615631767588e-17 5.849559909813398917e+03
1.396988543547162081e-16 2.345407761167555942e-17 5.850849909775250126e+03
1.267783725959767210e-16 2.346103585498835549e-17 5.852139909737099515e+03
1.096917261989424554e-16 2.346391113479758981e-17 5.853429909698950723e+03
1.334655653656514136e-16 2.354085216665482224e-17 5.854719909660800113e+03
1.363218531080215203e-16 2.355474880094571310e-17 5.856009909622649502e+03
1.214097718971605586e-16 2.353020635217126477e-17 5.857299909584499801e+03
1.172104604773595554e-16 2.355665131635458506e-17 5.858589909546349190e+03
1.397021895469460219e-16 2.377936307883958734e-17 5.859879909508199489e+03
1.399559685588772908e-16 2.440629484562210276e-17 5.861169909470049788e+03
1.396383444385467291e-16 2.542320752963764350e-17 5.862459909431900087e+03
1.563348726063662855e-16 2.653860930046742303e-17 5.863749909393750386e+03
1.506192530969718770e-16 2.732414467790085597e-17 5.865039909355600685e+03
1.394386828910111295e-16 2.766192388103688482e-17 5.866329909317450074e+03
1.430902022219550157e-16 2.764679640199451505e-17 5.867619909279299463e+03
1.413489274755267886e-16 2.717426947707359799e-17 5.868909909241148853e+03
1.391458080146081543e-16 2.634988308062977445e-17 5.870199909203000061e+03
1.409362768464261350e-16 2.554249524577391562e-17 5.871489909164849450e+03
1.192981716992147913e-16 2.501652914455962276e-17 5.872779909126700659e+03
1.460592379905385502e-16 2.483430621869786608e-17 5.874069909088550048e+03
1.650598545935674137e-16 2.467974586688110775e-17 5.875359909050399438e+03
1.436874927986673059e-16 2.438365491225652639e-17 5.876649909012249736e+03
1.644774400329912772e-16 2.421185446211293786e-17 5.877939908974099126e+03
1.489672741520299743e-16 2.399397839748892058e-17 5.879229908935949425e+03
1.119284688974001452e-16 2.389546614961753031e-17 5.880519908897799723e+03
1.136069573266131473e-16 2.398833040826640851e-17 5.881809908859650022e+03
1.357184480122212381e-16 2.483228624364201159e-17 5.883099908821500321e+03
1.455262425084787817e-16 2.853989503756189350e-17 5.884389908783350620e+03
1.355540706808947005e-16 3.703556601535107145e-17 5.885679908745200009e+03
1.691730598203240970e-16 4.490003201131328504e-17 5.886969908707050308e+03
1.060921074883525964e-16 4.653606953149006572e-17 5.888259908668898788e+03
1.023832678496812356e-16 4.684994156056208696e-17 5.889549908630749997e+03
2.318118741887186538e-16 4.769668664896321885e-17 5.890839908592599386e+03
1.383174627317526519e-16 4.856340318607383104e-17 5.892129908554450594e+03
1.075323679011503265e-16 4.350191148764145639e-17 5.893419908516299984e+03
1.540184624887523885e-16 3.902494531470845364e-17 5.894709908478149373e+03
1.553381662903541901e-16 3.840652854515155909e-17 5.895999908439999672e+03
1.483003151154060179e-16 3.761194546617802113e-17 5.897289908401849061e+03
2.085847881720174460e-16 3.373886746252303156e-17 5.898579908363699360e+03
6.821212572520534236e-17 2.633966574570351945e-17 5.899869908325549659e+03
1.619513892609319408e-16 2.441556423156637199e-17 5.901159908287399958e+03
1.527629611375745026e-16 2.464324900389404307e-17 5.902449908249250257e+03
1.594796941812846891e-16 2.504504867771922605e-17 5.903739908211100555e+03
1.497281082620113488e-16 2.512375822172609684e-17 5.905029908172949945e+03
9.085517590732980963e-17 2.499164258865035237e-17 5.906319908134800244e+03
1.791444772591895300e-16 2.498777138338360420e-17 5.907609908096648724e+03
1.889403735895161108e-16 2.489195574430913679e-17 5.908899908058499932e+03
1.751873510878542524e-16 2.482712959970335601e-17 5.910189908020349321e+03
1.447885562207590912e-16 2.603428058971629227e-17 5.911479907982200530e+03
1.348162123396075989e-16 2.681647250311378587e-17 5.912769907944049919e+03
1.727162118735786362e-16 2.698151819637526638e-17 5.914059907905901127e+03
1.898080397299699339e-16 2.695921078961593633e-17 5.915349907867749607e+03
1.649494491428487360e-16 2.687173643983845365e-17 5.916639907829598997e+03
1.657030040634396438e-16 2.600208506591450332e-17 5.917929907791449295e+03
9.493947613476143993e-17 2.466092254486185106e-17 5.919219907753299594e+03
1.422193597079489890e-16 2.476589176459483027e-17 5.920509907715149893e+03
1.342641056766754053e-16 2.526199995441840904e-17 5.921799907677000192e+03
1.588316742719657467e-16 2.548371744580712258e-17 5.923089907638850491e+03
1.585919374781131781e-16 2.553985488525864635e-17 5.924379907600699880e+03
1.309239238934066778e-16 2.552957799332828754e-17 5.925669907562550179e+03
1.868880656978781445e-16 2.553544766695496382e-17 5.926959907524398659e+03
1.578248829699254049e-16 2.603148471924586303e-17 5.928249907486249867e+03
1.615181451433011671e-16 2.711471743605345532e-17 5.929539907448099257e+03
9.749137464660183328e-17 2.750715011662208782e-17 5.930829907409950465e+03
1.039385196025136373e-16 2.764123609391693360e-17 5.932119907371799854e+03
1.132869641610082336e-16 2.759769165211091712e-17 5.933409907333651063e+03
1.466016831839161245e-16 2.726547937449737014e-17 5.934699907295499543e+03
1.828998110657312714e-16 2.595948195564557219e-17 5.935989907257349842e+03
1.617440250075322474e-16 2.471038298240884679e-17 5.937279907219199231e+03
1.394724980344522972e-16 2.420697244213764989e-17 5.938569907181049530e+03
1.467993727328713977e-16 2.411999440072769903e-17 5.939859907142899829e+03
1.396887428989083599e-16 2.431381605313867426e-17 5.941149907104750127e+03
1.585499696425546876e-16 2.475222012343055383e-17 5.942439907066600426e+03
1.531465082440030905e-16 2.497062723800783015e-17 5.943729907028449816e+03
1.356417650607151222e-16 2.501834067010111389e-17 5.945019906990300115e+03
1.346707079611370711e-16 2.506810385575230403e-17 5.946309906952148594e+03
1.504495156352759957e-16 2.514518881703612068e-17 5.947599906913999803e+03
1.135202026239685857e-16 2.559592449589994078e-17 5.948889906875849192e+03
8.081315033137685027e-17 2.632234458367665905e-17 5.950179906837700401e+03
1.174923106905584238e-16 2.675341487065764347e-17 5.951469906799549790e+03
1.245273693037586170e-16 2.682936328577981226e-17 5.952759906761400998e+03
1.445890534919011018e-16 2.683470687253690482e-17 5.954049906723249478e+03
1.930551934728284976e-16 2.648322459537332251e-17 5.955339906685099777e+03
1.975287053395234789e-16 2.539687340765640531e-17 5.956629906646949166e+03
1.681935456261633038e-16 2.437283208112188258e-17 5.957919906608799465e+03
1.381426166025936431e-16 2.412439500158648114e-17 5.959209906570649764e+03
1.292507955945630194e-16 2.414518370474116383e-17 5.960499906532500063e+03
1.234492948852509053e-16 2.417220604099204614e-17 5.961789906494350362e+03
1.444985400805530993e-16 2.417582743771380329e-17 5.963079906456200661e+03
1.673569020674026695e-16 2.413963332283093301e-17 5.964369906418050050e+03
1.802138166504286816e-16 2.434859072609040355e-17 5.965659906379898530e+03
1.558608120885896951e-16 2.467765971737624902e-17 5.966949906341749738e+03
1.458170395071830237e-16 2.474757467711045602e-17 5.968239906303599128e+03
1.622018992550824002e-16 2.477964612382036201e-17 5.969529906265450336e+03
1.710562655249766228e-16 2.484805561483972251e-17 5.970819906227299725e+03
1.349326131954060610e-16 2.502177512400443406e-17 5.972109906189150934e+03
1.615876018449760197e-16 2.547743087315171957e-17 5.973399906150999414e+03
1.455831657695122309e-16 2.560465125136237522e-17 5.974689906112849712e+03
1.763127931769592005e-16 2.561539798188066416e-17 5.975979906074699102e+03
1.924490355199496390e-16 2.565660150255315557e-17 5.977269906036549401e+03
1.467873422180424265e-16 2.549540054477882154e-17 5.978559905998399699e+03
1.411157287172358390e-16 2.498279341045726008e-17 5.979849905960249998e+03
1.599474151868466730e-16 2.418878935791250924e-17 5.981139905922100297e+03
1.796555689986288943e-16 2.405596234950996916e-17 5.982429905883950596e+03
1.370823298759782718e-16 2.391213218459924871e-17 5.983719905845799985e+03
1.373582905632157627e-16 2.391227611402583293e-17 5.985009905807650284e+03
1.359303783026022242e-16 2.384886941135119315e-17 5.986299905769499674e+03
1.480864128264447054e-16 2.379845109865486101e-17 5.987589905731349063e+03
1.175033353537625305e-16 2.369123194765573756e-17 5.988879905693200271e+03
1.303479679590533553e-16 2.373924978221444082e-17 5.990169905655049661e+03
1.161686893615755710e-16 2.364932201474012586e-17 5.991459905616900869e+03
1.014608489701213025e-16 2.366743065271013674e-17 5.992749905578749349e+03
1.401801543572138626e-16 2.393129795939210236e-17 5.994039905540599648e+03
1.503365293810461525e-16 2.412078022230962441e-17 5.995329905502449037e+03
1.492024052042318478e-16 2.407865191371229871e-17 5.996619905464299336e+03
1.387955863606981028e-16 2.400195241859393177e-17 5.997909905426149635e+03
1.816835379279231003e-16 2.424392260010039364e-17 5.999199905387999934e+03
1.396450148230063567e-16 2.443412285578961172e-17 6.000489905349850233e+03
1.223400258314825940e-16 2.432213749010095772e-17 6.001779905311700531e+03
1.343113939379338368e-16 2.428906350048863746e-17 6.003069905273549921e+03
1.573523312295861112e-16 2.423568718992181569e-17 6.004359905235400220e+03
1.504952686493175287e-16 2.408794611507494453e-17 6.005649905197249609e+03
1.330936649622475724e-16 2.367760331988331388e-17 6.006939905159098998e+03
1.202786123356616439e-16 2.323531315507366019e-17 6.008229905120950207e+03
1.564417708112877383e-16 2.319450998981764444e-17 6.009519905082799596e+03
1.520789290931074517e-16 2.318020969138782770e-17 6.010809905044650804e+03
1.567628889425257241e-16 2.316336333103257274e-17 6.012099905006500194e+03
1.900939001147784594e-16 2.315104495735043305e-17 6.013389904968349583e+03
1.571676648121948729e-16 2.305702099148275550e-17 6.014679904930199882e+03
1.579148405159017717e-16 2.299755001416264302e-17 6.015969904892049271e+03
1.096786104231498146e-16 2.286372542594136399e-17 6.017259904853899570e+03
1.290323934430694184e-16 2.288700725146228151e-17 6.018549904815749869e+03
1.910575853807374379e-16 2.289864568268090261e-17 6.019839904777600168e+03
1.770213891768966262e-16 2.282365017962439491e-17 6.021129904739450467e+03
1.048924110500199880e-16 2.277475057053271012e-17 6.022419904701299856e+03
1.286664222702963573e-16 2.288982297426741202e-17 6.023709904663150155e+03
1.255005572205946046e-16 2.294935847167530363e-17 6.024999904624999544e+03
1.236264306503454609e-16 2.296044269188351420e-17 6.026289904586848934e+03
1.352486094242911184e-16 2.298013620790717668e-17 6.027579904548700142e+03
1.457461666722994803e-16 2.308374388835189361e-17 6.028869904510549532e+03
1.444098398491078131e-16 2.321183611492818016e-17 6.030159904472400740e+03
1.767209439435275657e-16 2.326678075993640247e-17 6.031449904434250129e+03
1.738928068117638636e-16 2.314193439008377400e-17 6.032739904396099519e+03
1.298403569956316141e-16 2.301994013898322838e-17 6.034029904357949817e+03
1.259924451349329379e-16 2.300910407295878371e-17 6.035319904319799207e+03
1.238994399571573626e-16 2.285882355363137475e-17 6.036609904281649506e+03
1.440148710327810930e-16 2.263228690799392727e-17 6.037899904243499805e+03
1.547028651101338631e-16 2.253465643465551852e-17 6.039189904205350103e+03
1.101697638011042008e-16 2.248001950083516594e-17 6.040479904167200402e+03
1.014850092614527513e-16 2.241026997722346954e-17 6.041769904129049792e+03
1.397055776787350392e-16 2.244999449896071614e-17 6.043059904090900091e+03
1.569697370352231844e-16 2.243807813505627722e-17 6.044349904052749480e+03
1.555054155927675119e-16 2.235903937316561032e-17 6.045639904014598869e+03
1.375926142871397844e-16 2.233033620591002026e-17 6.046929903976450078e+03
1.278150879838567812e-16 1.973526879226170951e-17 6.048219903938299467e+03
1.193062052773239063e-16 1.966140156356072414e-17 6.049509903900150675e+03
8.827147395529797748e-17 1.957753372125397266e-17 6.050799903862000065e+03
9.450337328093368289e-17 1.957735174151921099e-17 6.052089903823849454e+03
1.498004898743321889e-16 1.964132754445528726e-17 6.053379903785699753e+03
2.304010878755074132e-16 1.959382090751514178e-17 6.054669903747549142e+03
1.794446313249829718e-16 2.218172328269751820e-17 6.055959903709399441e+03
1.570797983788070401e-16 2.217315865463514416e-17 6.057249903671249740e+03
1.401120608491884974e-16 2.222862442342927487e-17 6.058539903633100039e+03
1.401806440481364940e-16 2.226141717163332710e-17 6.059829903594950338e+03
1.133018798818137898e-16 2.223874249668202351e-17 6.061119903556800637e+03
1.218147859948461227e-16 2.223313090340646377e-17 6.062409903518650026e+03
1.224877933761090668e-16 2.231834374138922647e-17 6.063699903480500325e+03
1.322427409573918226e-16 2.232465678382423118e-17 6.064989903442348805e+03
1.185653426160520121e-16 2.225044213926597353e-17 6.066279903404200013e+03
1.288333142306850561e-16 2.225152409150719289e-17 6.067569903366049402e+03
2.163485730525421553e-16 2.239973500494199418e-17 6.068859903327900611e+03
1.828863511828038085e-16 2.221660383476765428e-17 6.070149903289750000e+03
1.390787203582076535e-16 2.194353993403532410e-17 6.071439903251599389e+03
1.317993324443939972e-16 2.185301494215874586e-17 6.072729903213449688e+03
1.684794457156412319e-16 2.193452862844217141e-17 6.074019903175299078e+03
1.609401245661389122e-16 2.185253186868101489e-17 6.075309903137149377e+03
1.481987108664049044e-16 2.182801258096371804e-17 6.076599903098999675e+03
1.072842070999395177e-16 2.170873809971724677e-17 6.077889903060849974e+03
1.235636575680200367e-16 2.173745781058508789e-17 6.079179903022700273e+03
1.279120335516479960e-16 2.170362943225411927e-17 6.080469902984550572e+03
1.260139385959695157e-16 2.174777771590729946e-17 6.081759902946399961e+03
1.646352528589765940e-16 2.174655183423949588e-17 6.083049902908250260e+03
1.300926007603459846e-16 2.171847236116577080e-17 6.084339902870098740e+03
1.477748370507531313e-16 2.180207716003773041e-17 6.085629902831949948e+03
1.388860203627073002e-16 2.177371975427818752e-17 6.086919902793799338e+03
1.421303418391484824e-16 2.175682210872495427e-17 6.088209902755650546e+03
1.505008802425930885e-16 2.176274803063328416e-17 6.089499902717499936e+03
1.742484415356024621e-16 2.186266813990723969e-17 6.090789902679349325e+03
1.631508673235828352e-16 2.191234033569104900e-17 6.092079902641199624e+03
1.401073756981989970e-16 2.195421718138215858e-17 6.093369902603049013e+03
1.287611576114908304e-16 2.197534999167166333e-17 6.094659902564899312e+03
1.464156138682059963e-16 2.211153700772239381e-17 6.095949902526749611e+03
1.519279057655899701e-16 2.215723873656594859e-17 6.097239902488599910e+03
1.229504718886569275e-16 2.211264873846566508e-17 6.098529902450450209e+03
1.305965721290724925e-16 2.215552812705918892e-17 6.099819902412300507e+03
1.545944713626649144e-16 2.229303366900632893e-17 6.101109902374149897e+03
1.474552276969524423e-16 2.227566287614271535e-17 6.102399902336000196e+03
1.176942618740295702e-16 2.226466302835698518e-17 6.103689902297848676e+03
1.216020616110770856e-16 2.240370216315979850e-17 6.104979902259699884e+03
1.393201644528445316e-16 2.251408279846009962e-17 6.106269902221549273e+03
1.556297044428872796e-16 2.267772890212514040e-17 6.107559902183400482e+03
1.707036880606820203e-16 2.290769007549855741e-17 6.108849902145249871e+03
1.591372678774673373e-16 2.306396269118330051e-17 6.110139902107101079e+03
1.475602200777425730e-16 2.317334574666486268e-17 6.111429902068949559e+03
1.505256427214104759e-16 2.320118202863849716e-17 6.112719902030799858e+03
1.576435385098741795e-16 2.305524089880454138e-17 6.114009901992649247e+03
1.631500996999743860e-16 2.285941746931118782e-17 6.115299901954499546e+03
1.300006579808994905e-16 2.256025932897525984e-17 6.116589901916349845e+03
1.263509253600787188e-16 2.230232456164652453e-17 6.117879901878200144e+03
1.286204707329078115e-16 2.208184618681541543e-17 6.119169901840050443e+03
1.237739599669555185e-16 2.193342186078257546e-17 6.120459901801899832e+03
1.321583950046910155e-16 2.182190137059817627e-17 6.121749901763750131e+03
1.448172891665167332e-16 2.173556687570479167e-17 6.123039901725598611e+03
1.497193732347427888e-16 2.170307852996615895e-17 6.124329901687449819e+03
1.343787595270201553e-16 2.168235269253803029e-17 6.125619901649299209e+03
1.273242588607025158e-16 2.164052382332244879e-17 6.126909901611150417e+03
1.290724025149373832e-16 2.157582671889222628e-17 6.128199901572999806e+03
1.202648480502687615e-16 2.152266051220099298e-17 6.129489901534851015e+03
1.474867002648988599e-16 2.159637719403049370e-17 6.130779901496699495e+03
1.472194613700401281e-16 2.166511093984997498e-17 6.132069901458549793e+03
1.283091464201224535e-16 2.181029768096528240e-17 6.133359901420399183e+03
1.089870212566064792e-16 2.201853709145305691e-17 6.134649901382249482e+03
1.765786953479480466e-16 2.240498098438680548e-17 6.135939901344099781e+03
1.063864514375234657e-16 2.250168832416160505e-17 6.137229901305950079e+03
1.447603262008138815e-16 2.259574372289255962e-17 6.138519901267800378e+03
1.185206351583047461e-16 2.268131224853872012e-17 6.139809901229649768e+03
1.530678003543574448e-16 2.297325075648828528e-17 6.141099901191500066e+03
1.658411763129605016e-16 2.288770373753805116e-17 6.142389901153348546e+03
1.414805616894860272e-16 2.252856673098590313e-17 6.143679901115199755e+03
1.464122125015271782e-16 2.243546258995938455e-17 6.144969901077049144e+03
1.287836569241522728e-16 2.231459165013068593e-17 6.146259901038900352e+03
1.518495816877485491e-16 2.188707327670000422e-17 6.147549901000749742e+03
1.400290119156881734e-16 2.153905523194179399e-17 6.148839900962600950e+03
1.323816543607415279e-16 2.165038712494653109e-17 6.150129900924449430e+03
1.594040700209626410e-16 2.182353257076613084e-17 6.151419900886299729e+03
1.461916662978858398e-16 2.193010321216501272e-17 6.152709900848149118e+03
1.520734763185095022e-16 2.193686954957569648e-17 6.153999900809999417e+03
7.352749569724249226e-17 2.175399480539124802e-17 6.155289900771849716e+03
1.367784303363711899e-16 2.198250510397024702e-17 6.156579900733700015e+03
1.665249039549621330e-16 2.208966138924281644e-17 6.157869900695550314e+03
1.085984051873841664e-16 2.194168539510198021e-17 6.159159900657400613e+03
1.391510490309692902e-16 2.184343784502660690e-17 6.160449900619250002e+03
1.273479757832256362e-16 2.169767373184373747e-17 6.161739900581100301e+03
8.663055276078468372e-17 2.150608215836420520e-17 6.163029900542949690e+03
1.429456242857705473e-16 2.131835186398407046e-17 6.164319900504799079e+03
1.294609391748208910e-16 2.146850499749714626e-17 6.165609900466650288e+03
1.111197509561193011e-16 2.215167181104346671e-17 6.166899900428499677e+03
1.509131073552201149e-16 2.269299534751041908e-17 6.168189900390350886e+03
1.546300864511189976e-16 2.280519908888078707e-17 6.169479900352199365e+03
1.419574280039003975e-16 2.283167052284370906e-17 6.170769900314049664e+03
1.444947284322904550e-16 2.290481810441177330e-17 6.172059900275899054e+03
1.303908357671183034e-16 2.240687026490587660e-17 6.173349900237749353e+03
1.236035078212103914e-16 2.173142931828080142e-17 6.174639900199599651e+03
1.530149269696030553e-16 2.151221487542567335e-17 6.175929900161449950e+03
1.496496650701617200e-16 2.142902035813754004e-17 6.177219900123300249e+03
1.343337344319176689e-16 2.124333319987041128e-17 6.178509900085150548e+03
1.444494386393919516e-16 2.106429326500575865e-17 6.179799900046999937e+03
1.351976815683374536e-16 2.097869826957999645e-17 6.181089900008850236e+03
1.157354981835040006e-16 2.095852498880105321e-17 6.182379899970699626e+03
1.423842134953083572e-16 2.102209712759820360e-17 6.183669899932549015e+03
1.505846570950324591e-16 2.105373844038958202e-17 6.184959899894400223e+03
1.547161397046041141e-16 2.101463926719542550e-17 6.186249899856249613e+03
1.325826393972572123e-16 2.092230936722225655e-17 6.187539899818100821e+03
1.051314728644927134e-16 2.094800656013182891e-17 6.188829899779950210e+03
1.335980995521171099e-16 2.113698755159814383e-17 6.190119899741799600e+03
1.448253889190748525e-16 2.116640705726420481e-17 6.191409899703648989e+03
1.539144759595871222e-16 2.113621661926724441e-17 6.192699899665499288e+03
1.581218606621666431e-16 2.110781123703217344e-17 6.193989899627349587e+03
1.375126887876324607e-16 2.100668675278634070e-17 6.195279899589199886e+03
1.244879558019316903e-16 2.079074629079569750e-17 6.196569899551050185e+03
1.328510297275286179e-16 2.098946485243298666e-17 6.197859899512900483e+03
1.170379966283646993e-16 2.164680046981050116e-17 6.199149899474749873e+03
1.277733848460943077e-16 2.206932763542503791e-17 6.200439899436600172e+03
1.371075952806080915e-16 2.215993865408532167e-17 6.201729899398449561e+03
1.449636141081549136e-16 2.217024697887895750e-17 6.203019899360298950e+03
1.246088697551522417e-16 2.204358742912361280e-17 6.204309899322150159e+03
1.453096403019980961e-16 2.163195754089884963e-17 6.205599899283999548e+03
1.500408222382257958e-16 2.094666983626194322e-17 6.206889899245850756e+03
1.141905894970509619e-16 2.083433540035479185e-17 6.208179899207700146e+03
1.564406326107648654e-16 2.119049951978542429e-17 6.209469899169549535e+03
1.393906667108136513e-16 2.121782791286295122e-17 6.210759899131399834e+03
1.292649569266499272e-16 2.118122517075747975e-17 6.212049899093249223e+03
1.026243215150689887e-16 2.115031012254392289e-17 6.213339899055099522e+03
1.779180264911245065e-16 2.118200933797818002e-17 6.214629899016949821e+03
1.596063917813482112e-16 2.092529052614989767e-17 6.215919898978800120e+03
1.323428761336250419e-16 2.111941988974874263e-17 6.217209898940650419e+03
1.260183458142731983e-16 2.198356389515431490e-17 6.218499898902499808e+03
1.262294026019273284e-16 2.233000037058132373e-17 6.219789898864350107e+03
1.764327277483344891e-16 2.238047493155930948e-17 6.221079898826199496e+03
1.753357803769707676e-16 2.239232677537596926e-17 6.222369898788048886e+03
1.630441279373389925e-16 2.218615200769712712e-17 6.223659898749900094e+03
1.268506747989587560e-16 2.124669982496350210e-17 6.224949898711749483e+03
1.179420984204402581e-16 2.054092451091488230e-17 6.226239898673600692e+03
1.122599499473521953e-16 2.043851789671959236e-17 6.227529898635450081e+03
1.486245302108574022e-16 2.070908040327956219e-17 6.228819898597299471e+03
1.607446584786701815e-16 2.180109446947001741e-17 6.230109898559149769e+03
1.448306696401053910e-16 2.419005163552726516e-17 6.231399898520999159e+03
1.027462545548042054e-16 2.661328220308503505e-17 6.232689898482849458e+03
7.791834905968627462e-17 2.777567941323640230e-17 6.233979898444699757e+03
9.769165161651317234e-17 2.824987227991100115e-17 6.235269898406550055e+03
1.337065065344758595e-16 2.847366434027599768e-17 6.236559898368400354e+03
1.718610791737662166e-16 2.774402982863889835e-17 6.237849898330250653e+03
1.373085803171237760e-16 2.595609216949532988e-17 6.239139898292100042e+03
1.701770320908368582e-16 2.459068002160507305e-17 6.240429898253949432e+03
1.875995204340125534e-16 2.396887015717548598e-17 6.241719898215798821e+03
1.426787030282670359e-16 2.338869560169814301e-17 6.243009898177650030e+03
1.058121961865095522e-16 2.280995868612541719e-17 6.244299898139499419e+03
1.035445301680321800e-16 2.215842160484189942e-17 6.245589898101350627e+03
1.519268866790753048e-16 2.150915099843677693e-17 6.246879898063200017e+03
1.446627718280918276e-16 2.099134586114593224e-17 6.248169898025049406e+03
1.315828758217011210e-16 2.085099481789160983e-17 6.249459897986899705e+03
1.486244905061879997e-16 2.074186487967748889e-17 6.250749897948749094e+03
1.549161850639439383e-16 2.094550351159824345e-17 6.252039897910599393e+03
1.389512948392050847e-16 2.290240935446801888e-17 6.253329897872449692e+03
9.866094185830281017e-17 2.551093499668256740e-17 6.254619897834299991e+03
1.273568563942820055e-16 2.682963129229827944e-17 6.255909897796150290e+03
1.550736537827944331e-16 2.710309389408586017e-17 6.257199897758000589e+03
1.347467688728225471e-16 2.718461916089786148e-17 6.258489897719849978e+03
1.370996411118377816e-16 2.670109735127488957e-17 6.259779897681700277e+03
1.141651123341843287e-16 2.505087533795404957e-17 6.261069897643548757e+03
1.044871322545384070e-16 2.350494094754144509e-17 6.262359897605399965e+03
1.401958509365176689e-16 2.331289277036378355e-17 6.263649897567249354e+03
1.298986434503145507e-16 2.341047692158788933e-17 6.264939897529100563e+03
1.111866797938421917e-16 2.326483523113567775e-17 6.266229897490949952e+03
1.315692571200960479e-16 2.282895571607331003e-17 6.267519897452799341e+03
1.144313453774181959e-16 2.191526690069826161e-17 6.268809897414649640e+03
1.299753396367104674e-16 2.132851791371234717e-17 6.270099897376499030e+03
1.318681009317992057e-16 2.129838206963581527e-17 6.271389897338349328e+03
1.285851600469191478e-16 2.129742088576402865e-17 6.272679897300199627e+03
1.538852136182374463e-16 2.148832093625146659e-17 6.273969897262049926e+03
1.507246425244560331e-16 2.157657614452719932e-17 6.275259897223900225e+03
1.286246926627542821e-16 2.139501330879425996e-17 6.276549897185750524e+03
1.248675324414200236e-16 2.110114581565622114e-17 6.277839897147599913e+03
1.217365677961231084e-16 2.064939766772263613e-17 6.279129897109450212e+03
1.271999567756929472e-16 2.046056226004413055e-17 6.280419897071298692e+03
1.049180470315642314e-16 2.048918932668336573e-17 6.281709897033149900e+03
9.111423564029161705e-17 2.208818569903002184e-17 6.282999896994999290e+03
1.128488231341511459e-16 2.467932400476870571e-17 6.284289896956850498e+03
1.187857300010157404e-16 2.560616995496702258e-17 6.285579896918699887e+03
1.018207320935859733e-16 2.570705786555766516e-17 6.286869896880551096e+03
1.405179352147111166e-16 2.575701130274974250e-17 6.288159896842399576e+03
1.003041791585312524e-16 2.517910487651201992e-17 6.289449896804248965e+03
1.312764616530318778e-16 2.283665842193740382e-17 6.290739896766099264e+03
1.279058660930008006e-16 2.109902657892686028e-17 6.292029896727949563e+03
1.110746464516780096e-16 2.166820459534092331e-17 6.293319896689799862e+03
1.099639678821459079e-16 2.631280388249147243e-17 6.294609896651650160e+03
3.134259140240591463e-17 4.150396259713802483e-17 6.295899896613500459e+03
4.170927875134103693e-16 5.495468367213625382e-17 6.297189896575349849e+03
2.046852999457648634e-16 5.823486508249283485e-17 6.298479896537200148e+03
4.170411714431870604e-16 5.845101730272029162e-17 6.299769896499048627e+03
3.157431248525059946e-16 5.798293895513368474e-17 6.301059896460899836e+03
6.060043222780504314e-16 5.528330598589132065e-17 6.302349896422749225e+03
-5.274125423206275855e-17 4.275061642448404347e-17 6.303639896384600434e+03
2.752701899493561154e-17 3.071662743694008625e-17 6.304929896346449823e+03
8.649557011970583045e-17 2.741317743595238855e-17 6.306219896308301031e+03
1.330500030607945734e-16 2.697935098317037745e-17 6.307509896270149511e+03
1.485196040045162758e-16 2.626995923548367581e-17 6.308799896231999810e+03
1.641133614494597374e-16 2.358405250132601666e-17 6.310089896193849199e+03
1.355482870340517297e-16 2.118380928299109541e-17 6.311379896155699498e+03
1.362856689193060007e-16 2.048106475870686990e-17 6.312669896117549797e+03
1.095540436403442291e-16 2.030072449591928391e-17 6.313959896079400096e+03
1.120729541893560077e-16 2.024583609919271520e-17 6.315249896041250395e+03
1.246383835594081337e-16 2.075608907749095075e-17 6.316539896003099784e+03
1.453189576644178934e-16 2.168730750440722293e-17 6.317829895964950083e+03
1.464687916554258053e-16 2.223374632578220322e-17 6.319119895926798563e+03
1.462939719960463982e-16 2.234665813375691661e-17 6.320409895888649771e+03
1.765537078760040447e-16 2.243443854036104390e-17 6.321699895850499161e+03
1.275087399896365423e-16 2.227458423262394620e-17 6.322989895812350369e+03
9.449034353192474760e-17 2.199304834805784791e-17 6.324279895774199758e+03
1.181252560603941997e-16 2.308516663900548482e-17 6.325569895736050967e+03
1.644753489204027431e-16 2.480936672322939230e-17 6.326859895697899447e+03
1.507044725523995401e-16 2.548674492684906666e-17 6.328149895659749745e+03
1.135044266353259744e-16 2.544324349843490293e-17 6.329439895621599135e+03
1.229407442446533039e-16 2.529460079672034897e-17 6.330729895583449434e+03
1.588731391817118049e-16 2.431687000396022004e-17 6.332019895545299732e+03
1.753507755071151289e-16 2.210220806477402076e-17 6.333309895507150031e+03
1.541180153298343704e-16 2.030424993968998491e-17 6.334599895469000330e+03
1.350747426769773724e-16 1.994701710290793396e-17 6.335889895430850629e+03
1.267829121631784120e-16 1.994051711765449227e-17 6.337179895392700018e+03
1.414076771513527548e-16 2.004492550893216052e-17 6.338469895354550317e+03
1.759649405683235009e-16 2.017545460959302829e-17 6.339759895316399707e+03
1.753898978413664369e-16 2.020958408166696621e-17 6.341049895278249096e+03
1.501936322758663919e-16 2.023817475235924906e-17 6.342339895240100304e+03
1.612184145939813524e-16 2.054449462243866116e-17 6.343629895201949694e+03
1.612619044418669404e-16 2.121539269313959511e-17 6.344919895163800902e+03
1.342593808210165024e-16 2.157179504058664282e-17 6.346209895125649382e+03
1.431012136502693216e-16 2.154460395949079970e-17 6.347499895087499681e+03
1.533583326552656698e-16 2.158690597601676153e-17 6.348789895049349070e+03
1.399754767864437414e-16 2.150447411925340211e-17 6.350079895011199369e+03
1.332751153014172046e-16 2.163495028035506649e-17 6.351369894973049668e+03
1.161947753293730433e-16 2.249105409020662333e-17 6.352659894934899967e+03
9.363992245288143006e-17 2.317482639996133260e-17 6.353949894896750266e+03
9.978495457930926672e-17 2.338481447026404420e-17 6.355239894858600564e+03
1.326873935500309278e-16 2.350022767241111794e-17 6.356529894820449954e+03
1.974194513242174751e-16 2.438714230571904996e-17 6.357819894782300253e+03
1.636142737550697426e-16 2.948684809409014937e-17 6.359109894744149642e+03
-1.759761372850950187e-16 3.549713580745554803e-17 6.360399894705999031e+03
-4.220424046883561721e-17 3.828211396357868331e-17 6.361689894667850240e+03
1.320611715042139828e-16 3.878007338361315576e-17 6.362979894629699629e+03
-2.990004135367263776e-17 3.847929066055417362e-17 6.364269894591550838e+03
2.105867902475223874e-16 3.759210305764409911e-17 6.365559894553399317e+03
2.505269877489636147e-16 3.108156959703113143e-17 6.366849894515249616e+03
1.608200047063064117e-16 2.253096224603985670e-17 6.368139894477099006e+03
1.256469086320123867e-16 1.986736291864152760e-17 6.369429894438949304e+03
1.079644076438092230e-16 1.946313629689911404e-17 6.370719894400799603e+03
1.119876023850303361e-16 1.943246609414687288e-17 6.372009894362649902e+03
1.144914847166732513e-16 1.951660856041699196e-17 6.373299894324500201e+03
1.492286632255967311e-16 1.980063591298809997e-17 6.374589894286350500e+03
1.193318809635375522e-16 2.018934958952269405e-17 6.375879894248199889e+03
1.143274514924815357e-16 2.036811159170152886e-17 6.377169894210050188e+03
1.295939101126500153e-16 2.041270655288548769e-17 6.378459894171899577e+03
1.842465802169758081e-16 2.053977142114098338e-17 6.379749894133748967e+03
1.540612244176989298e-16 2.060335679482793461e-17 6.381039894095600175e+03
1.729028635244400018e-16 2.095852995188472853e-17 6.382329894057449565e+03
1.203056247457451756e-16 2.120398421813126375e-17 6.383619894019300773e+03
1.273539976580850223e-16 2.133766653128718366e-17 6.384909893981150162e+03
1.648041565226150218e-16 2.133277623950577016e-17 6.386199893942999552e+03
1.418691909935981409e-16 2.118790051830078268e-17 6.387489893904849851e+03
1.635218412847006171e-16 2.073123891752863269e-17 6.388779893866699240e+03
1.722332178051864731e-16 1.988401902745589537e-17 6.390069893828549539e+03
1.471424607811787919e-16 1.931272508303492170e-17 6.391359893790399838e+03
1.458612308042280567e-16 1.918354759549496558e-17 6.392649893752250136e+03
1.295636683894550766e-16 1.909899815636347041e-17 6.393939893714100435e+03
1.166561171180510183e-16 1.902970358208867817e-17 6.395229893675949825e+03
1.277468356571538058e-16 1.898195540840966720e-17 6.396519893637800124e+03
1.329176541627860890e-16 1.898965645991253589e-17 6.397809893599649513e+03
1.564443913194683063e-16 1.904336364272437887e-17 6.399099893561498902e+03
1.377084725124564117e-16 1.896625882910586095e-17 6.400389893523350111e+03
1.229099598909765305e-16 1.888889924385867670e-17 6.401679893485199500e+03
1.109993597810458833e-16 1.882650997333747714e-17 6.402969893447050708e+03
1.348616344814041108e-16 1.884635569059384938e-17 6.404259893408900098e+03
1.501506585886830370e-16 1.884518274848524918e-17 6.405549893370749487e+03
1.460057293310737200e-16 1.873996868329095428e-17 6.406839893332599786e+03
1.424848515973540087e-16 1.877109714410254981e-17 6.408129893294449175e+03
1.470489827545153993e-16 1.893405337913672137e-17 6.409419893256299474e+03
1.092432751929305068e-16 1.907719036669412239e-17 6.410709893218149773e+03
1.416169207591041687e-16 1.922054407557201230e-17 6.411999893180000072e+03
1.530979891379931801e-16 1.924483837016269472e-17 6.413289893141850371e+03
1.660778823170486760e-16 1.928532555242471521e-17 6.414579893103699760e+03
1.364766748489118454e-16 1.937869769996970097e-17 6.415869893065550059e+03
9.836600895653580304e-17 1.945074182260061947e-17 6.417159893027399448e+03
6.520664768755517161e-18 8.852367801534294540e-18 6.418449892989248838e+03
1.004298510546352088e-17 8.826959294658503189e-18 6.419739892951100046e+03
2.099941914392444979e-17 8.834405574532705545e-18 6.421029892912949435e+03
3.247970335559276093e-17 8.842883348630761525e-18 6.422319892874800644e+03
3.462090338457812582e-17 8.587651807543849518e-18 6.423609892836650033e+03
2.789066413582617357e-17 9.338263619515293633e-18 6.424899892798499422e+03
9.736699976969836003e-17 1.841839560271606434e-17 6.426189892760349721e+03
1.335286296155524565e-16 1.840669761449333943e-17 6.427479892722199111e+03
1.639118734871316207e-16 1.845594629380352159e-17 6.428769892684049410e+03
1.655180200086931851e-16 1.843192496881498166e-17 6.430059892645899708e+03
1.318616820102457943e-16 1.831909753326274869e-17 6.431349892607750007e+03
1.083148542908458889e-16 1.834574102079308171e-17 6.432639892569600306e+03
1.767767687087075444e-16 1.850322628325582754e-17 6.433929892531450605e+03
1.432465724449520400e-16 1.838416356024616985e-17 6.435219892493299994e+03
1.493857481326430012e-16 1.839510715975024640e-17 6.436509892455150293e+03
1.025582860324076554e-16 1.825245820875425167e-17 6.437799892416998773e+03
1.504925290271287531e-16 1.829522344642324320e-17 6.439089892378849981e+03
1.411464336615738074e-16 1.818769492987502493e-17 6.440379892340699371e+03
1.418549502521724280e-16 1.818798775181186870e-17 6.441669892302550579e+03
1.225601749884299070e-16 1.821342851873154962e-17 6.442959892264399969e+03
1.442729646187874385e-16 1.824904857026930809e-17 6.444249892226249358e+03
1.298007317355678739e-16 1.829543024157638146e-17 6.445539892188099657e+03
1.306021704874582513e-16 1.841492475286579184e-17 6.446829892149949046e+03
1.370235669652625048e-16 1.867368008336217974e-17 6.448119892111799345e+03
1.404339333691451315e-16 1.884668325411642038e-17 6.449409892073649644e+03
1.531098740690343420e-16 1.886996011655366258e-17 6.450699892035499943e+03
1.262667382260555218e-16 1.878594834482032687e-17 6.451989891997350242e+03
1.394348712427484851e-16 1.886811881251011954e-17 6.453279891959200540e+03
1.259955818038157390e-16 1.894155259857012712e-17 6.454569891921049930e+03
1.306674714337356376e-16 1.890102571163870408e-17 6.455859891882900229e+03
1.255274505166699287e-16 1.876642853672530053e-17 6.457149891844748709e+03
9.545456481092066047e-17 1.897631072790960534e-17 6.458439891806599917e+03
1.263492577639638119e-16 1.982276795745756878e-17 6.459729891768449306e+03
1.512129702534379381e-16 2.095616256097160177e-17 6.461019891730300515e+03
1.201034882738168173e-16 2.222221377368198891e-17 6.462309891692149904e+03
1.249792349113391845e-16 2.306180044106208689e-17 6.463599891654001112e+03
1.516037039050283867e-16 2.339265614247104690e-17 6.464889891615849592e+03
1.488416221082607192e-16 2.387183690823934052e-17 6.466179891577698982e+03
1.549002502566237168e-16 2.429807149735933994e-17 6.467469891539549280e+03
1.462532879447985901e-16 2.373191765326477078e-17 6.468759891501399579e+03
1.085652120837636385e-16 2.248946590343052152e-17 6.470049891463249878e+03
9.519258016731286555e-17 2.191292928828718676e-17 6.471339891425100177e+03
1.066119276376156202e-16 2.145758786777267140e-17 6.472629891386950476e+03
1.272779764510689488e-16 2.041744133471174122e-17 6.473919891348799865e+03
1.390135517608282758e-16 1.933067490232732240e-17 6.475209891310650164e+03
1.802988375825093320e-16 1.903297094550826263e-17 6.476499891272498644e+03
1.474905780876105085e-16 1.890521786298312283e-17 6.477789891234349852e+03
9.071356920390563172e-17 1.878935632894404535e-17 6.479079891196199242e+03
1.437835780986214656e-16 1.854868316663806663e-17 6.480369891158050450e+03
1.158224778792751766e-16 1.786253850288655528e-17 6.481659891119899839e+03
1.278694569111586666e-16 1.757490298848349096e-17 6.482949891081751048e+03
1.491393674241104066e-16 1.751046727312683521e-17 6.484239891043599528e+03
1.386115816877969069e-16 1.744477424323909886e-17 6.485529891005449826e+03
1.236996328258339536e-16 1.740855365857662689e-17 6.486819890967299216e+03
1.517584594714697075e-16 1.752857921981929631e-17 6.488109890929149515e+03
1.317643393957605540e-16 1.753492700384002824e-17 6.489399890890999814e+03
1.733411633699746997e-16 1.761159175737266795e-17 6.490689890852850112e+03
1.445051972301229261e-16 1.775831374570487379e-17 6.491979890814700411e+03
8.402306109433582649e-17 1.865198148153368872e-17 6.493269890776549801e+03
1.383673582663018506e-16 2.215692937101685375e-17 6.494559890738400100e+03
9.928838813142633357e-17 2.501636039971466194e-17 6.495849890700248579e+03
1.544848070657750842e-16 2.561141924313428410e-17 6.497139890662099788e+03
1.427124519972591994e-16 2.565276503887213463e-17 6.498429890623949177e+03
1.298744897764280023e-16 2.581743850085796627e-17 6.499719890585800385e+03
1.175387651537594018e-16 2.515732686534472381e-17 6.501009890547649775e+03
1.700810394351113045e-16 2.241028321211327039e-17 6.502299890509500983e+03
1.565042262562579421e-16 2.085085088846502560e-17 6.503589890471349463e+03
1.140265165681898438e-16 2.051186731035711954e-17 6.504879890433199762e+03
1.333177316465759365e-16 2.040390038808424816e-17 6.506169890395049151e+03
1.638327023763429453e-16 1.962040152931892077e-17 6.507459890356899450e+03
1.379095501932007021e-16 1.834314863675334052e-17 6.508749890318749749e+03
1.031877373913360073e-16 1.805242277558177810e-17 6.510039890280600048e+03
1.449733020474891347e-16 1.822203946890822663e-17 6.511329890242450347e+03
9.748393663853375645e-17 1.814887203500546112e-17 6.512619890204300646e+03
1.141364852675450935e-16 1.807043049751705751e-17 6.513909890166150035e+03
1.553233564486670407e-16 1.804164461220021215e-17 6.515199890127998515e+03
1.510994148989466585e-16 1.790187755845835217e-17 6.516489890089849723e+03
1.189657509720868809e-16 1.811171508188957912e-17 6.517779890051699113e+03
1.286910788699953379e-16 1.888316357349123400e-17 6.519069890013550321e+03
1.025465863898237053e-16 1.930985476630936269e-17 6.520359889975399710e+03
1.148173409384599408e-16 1.953362697433965795e-17 6.521649889937250919e+03
1.394483443605657488e-16 1.970333962061716264e-17 6.522939889899099398e+03
1.640413768838329227e-16 1.952834459894789432e-17 6.524229889860949697e+03
1.672070037055182600e-16 1.874719658748344263e-17 6.525519889822799087e+03
1.232883189206031857e-16 1.813388021358355005e-17 6.526809889784649386e+03
1.232174328508298415e-16 1.937999802789263433e-17 6.528099889746499684e+03
1.369561087319475803e-16 2.195867568488381940e-17 6.529389889708349983e+03
1.592500423734603669e-16 2.357602554066180208e-17 6.530679889670200282e+03
1.473409444235221160e-16 2.380141902269270127e-17 6.531969889632050581e+03
1.701130016939803534e-16 2.376554254516505135e-17 6.533259889593899970e+03
1.997354908649169483e-16 2.328960101867551540e-17 6.534549889555750269e+03
1.654466971875564129e-16 2.139357070580596748e-17 6.535839889517599659e+03
1.598283805879778421e-16 1.875531950109871336e-17 6.537129889479449048e+03
1.604949558127975739e-16 1.808189522080704247e-17 6.538419889441300256e+03
1.496336111488332909e-16 1.899102957972937392e-17 6.539709889403149646e+03
1.363185708553509099e-16 2.007016444378237850e-17 6.540999889365000854e+03
1.466775852769239903e-16 2.054908878356078068e-17 6.542289889326849334e+03
1.133678822772506210e-16 2.039716052045316609e-17 6.543579889288699633e+03
1.395353637610063273e-16 2.024334132246525527e-17 6.544869889250549022e+03
1.440175047758514618e-16 1.977378893902707890e-17 6.546159889212399321e+03
1.115425924503666080e-16 1.880064238122171886e-17 6.547449889174249620e+03
1.424979541382568487e-16 1.958109556097162600e-17 6.548739889136099919e+03
1.682992262212230786e-17 1.034520877714957039e-17 6.550029889097950218e+03
2.330841772324987167e-17 1.115784010990840286e-17 6.551319889059800516e+03
1.474645814553191919e-17 1.118753175799599379e-17 6.552609889021649906e+03
8.786989100279328339e-18 1.113249612312039064e-17 6.553899888983500205e+03
2.324598998883018840e-18 1.091190938762903710e-17 6.555189888945349594e+03
2.466476562598777242e-17 9.923893431132423825e-18 6.556479888907198983e+03
1.123004487101427916e-16 1.937702844949356896e-17 6.557769888869050192e+03
1.560517386088567347e-16 2.152228828092534412e-17 6.559059888830899581e+03
1.283273443935986202e-16 2.298148120358318791e-17 6.560349888792750789e+03
1.957774514861854121e-16 2.317203218385212847e-17 6.561639888754600179e+03
1.316954517943471378e-16 2.307143709519832967e-17 6.562929888716449568e+03
1.467972816202828636e-16 2.338604862373797332e-17 6.564219888678298958e+03
1.417167780026515702e-16 2.238933569028097752e-17 6.565509888640149256e+03
1.803908730061844321e-16 2.020348279746877508e-17 6.566799888601999555e+03
1.411454410448387438e-16 1.955174884719946968e-17 6.568089888563849854e+03
1.015928537609949649e-16 1.951471927989792085e-17 6.569379888525700153e+03
1.319305960814388121e-16 1.938520264830681798e-17 6.570669888487550452e+03
1.238663659675450423e-16 1.913669443123873699e-17 6.571959888449399841e+03
1.062487027044762351e-16 2.076063857085999240e-17 6.573249888411250140e+03
1.208254250426734982e-16 2.237645648814352687e-17 6.574539888373099529e+03
1.635425141825695423e-16 2.291747727650628484e-17 6.575829888334948919e+03
1.497459621283526933e-16 2.290951649029107450e-17 6.577119888296800127e+03
1.185393360575933449e-16 2.268547296701986185e-17 6.578409888258649517e+03
1.486727449144018931e-16 2.144514541699864876e-17 6.579699888220500725e+03
1.376413980909457118e-16 1.893936884175298713e-17 6.580989888182350114e+03
1.297800191330295461e-16 1.752422494107481717e-17 6.582279888144199504e+03
1.231580081956240320e-16 1.718880816576823977e-17 6.583569888106049802e+03
1.372626155448454293e-16 1.713960415421113547e-17 6.584859888067899192e+03
1.491783838792433078e-16 1.712467023543210311e-17 6.586149888029749491e+03
1.455950242307737911e-16 1.716560740394735245e-17 6.587439887991599790e+03
1.609122386533285245e-16 1.722832754671357322e-17 6.588729887953450088e+03
1.505392084834563456e-16 1.718939380964192731e-17 6.590019887915300387e+03
1.254550556694592877e-16 1.736741300363068950e-17 6.591309887877149777e+03
1.233824983964260233e-16 1.796526110007584047e-17 6.592599887839000075e+03
1.178537820007991965e-16 1.846925893858195002e-17 6.593889887800849465e+03
1.186437593381220392e-16 1.850892390331509280e-17 6.595179887762698854e+03
1.179881955416166132e-16 1.848521359823687281e-17 6.596469887724550063e+03
1.496944651721375920e-16 1.856288089467192679e-17 6.597759887686399452e+03
1.848989411701494287e-16 1.885382513152520322e-17 6.599049887648250660e+03
3.443053670014966207e-16 1.989334135295936799e-17 6.600339887610100050e+03
5.880610410212113500e-16 2.098037248313980378e-17 6.601629887571949439e+03
6.433213646209634973e-16 2.122135170227242712e-17 6.602919887533799738e+03
5.738468223146593258e-16 2.104960584604926709e-17 6.604209887495649127e+03
4.757514072975467696e-16 2.063259266639800882e-17 6.605499887457499426e+03
4.108927975070845095e-16 1.957539794091236074e-17 6.606789887419349725e+03
2.403638894011124938e-16 1.775834186984570059e-17 6.608079887381200024e+03
1.540165831344006680e-16 1.692114079135220554e-17 6.609369887343050323e+03
1.454230897773709690e-16 1.687550358259642990e-17 6.610659887304900622e+03
1.315804141321981631e-16 1.680183322288123215e-17 6.611949887266750011e+03
1.385449307827598341e-16 1.669609637953980373e-17 6.613239887228600310e+03
1.488073172738969201e-16 1.677087350691459743e-17 6.614529887190448790e+03
9.160834039867159239e-17 1.670113225510902656e-17 6.615819887152299998e+03
1.328459607647348929e-16 1.677309862276236507e-17 6.617109887114149387e+03
1.333825693717102931e-16 1.672531074441395156e-17 6.618399887076000596e+03
1.425181902847623460e-16 1.678254502535772065e-17 6.619689887037849985e+03
1.586302789538662360e-16 1.683180363083525345e-17 6.620979886999699374e+03
1.734644860731390055e-16 1.691179861351403165e-17 6.622269886961549673e+03
1.424335134598165176e-16 1.719765403523888184e-17 6.623559886923399063e+03
1.738284323077725368e-16 1.757267125519082289e-17 6.624849886885249362e+03
1.497771964682826956e-16 1.756393788228348803e-17 6.626139886847099660e+03
1.647676679314340827e-16 1.762644295809044501e-17 6.627429886808949959e+03
1.279682950681914027e-16 1.765728686877132231e-17 6.628719886770800258e+03
1.634942465394658481e-16 1.810653527689377206e-17 6.630009886732650557e+03
1.726841305007013796e-16 1.832044252893875991e-17 6.631299886694499946e+03
1.339224734662461044e-16 1.824272063858327743e-17 6.632589886656350245e+03
1.007034890187126508e-16 1.816675237112640737e-17 6.633879886618198725e+03
1.551268977444632464e-16 1.826205184949864169e-17 6.635169886580049933e+03
1.258428511755139479e-16 1.790135312594999355e-17 6.636459886541899323e+03
1.249473255920293389e-16 1.719730331065915936e-17 6.637749886503750531e+03
1.463109126549914842e-16 1.688514023673267267e-17 6.639039886465599920e+03
1.334096611911326298e-16 1.673415826824581874e-17 6.640329886427449310e+03
1.298046889676183276e-16 1.665979473117730155e-17 6.641619886389299609e+03
1.268644787890210409e-16 1.661691699694500281e-17 6.642909886351148998e+03
1.421091660154671248e-16 1.657669451247899929e-17 6.644199886312999297e+03
1.285471759131907128e-16 1.647591413536798861e-17 6.645489886274849596e+03
1.146729482907326843e-16 1.652201456526679394e-17 6.646779886236699895e+03
1.415386363859321502e-16 1.666657264911656106e-17 6.648069886198550194e+03
1.411667756871977115e-16 1.668603951765238401e-17 6.649359886160400492e+03
1.409430134053347669e-16 1.670689604961729605e-17 6.650649886122249882e+03
1.358501748704090827e-16 1.671951551704240504e-17 6.651939886084100181e+03
1.241388988183241135e-16 1.665348665182597216e-17 6.653229886045948660e+03
1.298187841252562312e-16 1.660098384398600639e-17 6.654519886007799869e+03
1.097889629343092889e-16 1.655147542996348258e-17 6.655809885969649258e+03
1.071583631502681503e-16 1.664164638853788813e-17 6.657099885931500467e+03
1.366942432023479930e-16 1.684342055535794817e-17 6.658389885893349856e+03
1.244556626708176201e-16 1.693942313725085256e-17 6.659679885855201064e+03
1.188046955981003562e-16 1.697227378809778350e-17 6.660969885817049544e+03
1.272898613821101107e-16 1.708617324972388520e-17 6.662259885778899843e+03
1.472127512809110980e-16 1.729856345252545080e-17 6.663549885740749232e+03
1.277262686384032873e-16 1.728353523515658739e-17 6.664839885702599531e+03
1.435725080760775346e-16 1.726004496012130651e-17 6.666129885664449830e+03
1.366743511629773178e-16 1.718541341653432214e-17 6.667419885626300129e+03
1.424116626567553169e-16 1.714127505904849258e-17 6.668709885588150428e+03
1.224839817278464225e-16 1.691056776876255274e-17 6.669999885549999817e+03
1.242807900718790096e-16 1.660034195183066524e-17 6.671289885511850116e+03
1.508434124255288470e-16 1.650788466604316313e-17 6.672579885473698596e+03
1.603230875338437561e-16 1.650543290270755595e-17 6.673869885435549804e+03
1.658162814852451056e-16 1.652665173978076622e-17 6.675159885397399194e+03
1.510126866660816986e-16 1.644926568475398027e-17 6.676449885359250402e+03
1.082490504187560705e-16 1.630342050787108064e-17 6.677739885321099791e+03
1.155449687099309865e-16 1.635129606736442478e-17 6.679029885282951000e+03
1.222521991027641637e-16 1.644095086523659723e-17 6.680319885244799480e+03
1.504644313560815519e-16 1.648610996359831723e-17 6.681609885206649778e+03
1.402839820677015186e-16 1.646341874503476257e-17 6.682899885168499168e+03
7.940559994872191710e-17 1.643602583186945651e-17 6.684189885130349467e+03
1.397408751298339019e-16 1.655207430872697097e-17 6.685479885092199765e+03
1.043151382441314810e-16 1.639329037270251688e-17 6.686769885054050064e+03
1.289023474158862816e-16 1.646164030671777356e-17 6.688059885015900363e+03
1.407141027513392922e-16 1.635505808479031594e-17 6.689349884977749753e+03
1.324690443380965301e-16 1.631559329776541099e-17 6.690639884939600051e+03
1.108450409659679904e-16 1.625760462810299354e-17 6.691929884901448531e+03
1.279023191425341733e-16 1.631953233184238851e-17 6.693219884863299740e+03
1.154069552790877389e-16 1.640231160446302020e-17 6.694509884825149129e+03
1.430111766949541496e-16 1.676288294219733518e-17 6.695799884787000337e+03
1.622431524065916448e-16 1.691411141050672991e-17 6.697089884748849727e+03
1.348170990772242558e-16 1.694309912789303821e-17 6.698379884710700935e+03
1.230883000310429632e-16 1.699599401934335412e-17 6.699669884672549415e+03
1.347619757612037220e-16 1.708585064928498952e-17 6.700959884634399714e+03
1.127292459048004803e-16 1.696499956179099217e-17 6.702249884596249103e+03
1.214533411543849517e-16 1.692988574478811615e-17 6.703539884558099402e+03
1.122188953191899635e-16 1.693783991355842606e-17 6.704829884519949701e+03
1.230251828415827170e-16 1.695281850009053629e-17 6.706119884481800000e+03
1.185810127255762167e-16 1.679476910045002929e-17 6.707409884443650299e+03
1.204960880448691855e-16 1.666402658719112284e-17 6.708699884405500597e+03
1.285099329332911253e-16 1.660719266166382942e-17 6.709989884367349987e+03
1.147541575745506903e-16 1.657489787618853411e-17 6.711279884329200286e+03
1.159020460367578774e-16 1.660400139886059984e-17 6.712569884291049675e+03
1.325613709293472489e-16 1.660144210204536077e-17 6.713859884252899064e+03
1.410748858473104207e-16 1.656366972655373931e-17 6.715149884214750273e+03
1.407809124750539751e-16 1.653495332440834840e-17 6.716439884176599662e+03
1.469145956834775842e-16 1.648313211339312633e-17 6.717729884138450871e+03
1.130063580274506450e-16 1.636223139506237580e-17 6.719019884100299350e+03
1.161715348628827534e-16 1.633340415071490279e-17 6.720309884062149649e+03
1.436098172304261264e-16 1.633477727053174081e-17 6.721599884023999039e+03
1.472085028812850256e-16 1.630017795986987277e-17 6.722889883985849337e+03
1.530149137347132544e-16 1.633039321328520977e-17 6.724179883947699636e+03
1.284067140277343083e-16 1.634849192508787001e-17 6.725469883909549935e+03
1.509360831239143878e-16 1.640941377720240050e-17 6.726759883871400234e+03
1.566580024408540002e-16 1.647445498876744507e-17 6.728049883833250533e+03
1.432729628152149318e-16 1.640700171853619587e-17 6.729339883795099922e+03
1.094292518644120291e-16 1.634749599963035617e-17 6.730629883756950221e+03
1.500564129384111952e-16 1.637008464779795425e-17 6.731919883718799611e+03
1.104563190176272708e-16 1.629306586096314184e-17 6.733209883680649000e+03
1.213813433538683362e-16 1.624038272774963951e-17 6.734499883642500208e+03
1.267927589211902432e-16 1.631644033071266529e-17 6.735789883604349598e+03
1.309376352392403568e-16 1.639372381534349467e-17 6.737079883566200806e+03
1.481239602088097124e-16 1.642782847199905600e-17 6.738369883528049286e+03
1.330229906507110417e-16 1.650918830268854670e-17 6.739659883489899585e+03
1.614820668337040542e-16 1.672139321703290042e-17 6.740949883451748974e+03
9.251743836164697150e-17 1.668257693960823704e-17 6.742239883413599273e+03
1.132680647383726221e-16 1.662741557327952584e-17 6.743529883375449572e+03
1.039138762377044575e-16 1.655392884766031486e-17 6.744819883337299871e+03
9.902791888270073579e-17 1.647083193768446280e-17 6.746109883299150169e+03
1.385102421365918103e-16 1.638196130703299062e-17 6.747399883261000468e+03
1.295083730198671318e-16 1.617390553064120288e-17 6.748689883222849858e+03
1.481547975020456893e-16 1.611371325182694417e-17 6.749979883184700157e+03
1.332355165111330660e-16 1.604003958338929620e-17 6.751269883146549546e+03
1.343248802906409013e-16 1.606802144915074002e-17 6.752559883108398935e+03
1.443476623368234271e-16 1.611917926131469457e-17 6.753849883070250144e+03
1.632713842301093611e-16 1.615864073961714931e-17 6.755139883032099533e+03
2.014692217241586918e-16 1.627397453242541796e-17 6.756429882993950741e+03
2.047052316898049411e-16 1.625343563781572628e-17 6.757719882955800131e+03
2.173457293548074795e-16 1.624220417945848127e-17 6.759009882917649520e+03
2.067813888528640363e-16 1.619235662138481072e-17 6.760299882879499819e+03
1.832766745528104308e-16 1.615591104359572432e-17 6.761589882841349208e+03
1.647060595194111332e-16 1.606808927796096937e-17 6.762879882803199507e+03
1.490363867465700049e-16 1.598091105884278068e-17 6.764169882765049806e+03
1.204268298665413456e-16 1.593202633900212185e-17 6.765459882726900105e+03
1.164645023835143346e-16 1.591381347627492929e-17 6.766749882688750404e+03
1.434135173448999423e-16 1.595944241322457940e-17 6.768039882650599793e+03
1.736540758695361594e-16 1.602534554698790422e-17 6.769329882612450092e+03
2.114732896361628178e-16 1.610399387962944609e-17 6.770619882574299481e+03
1.982770457135328524e-16 1.609608106988976383e-17 6.771909882536148871e+03
2.081549983606246937e-16 1.610053295594652422e-17 6.773199882498000079e+03
2.008281898366545974e-16 1.609015514798143394e-17 6.774489882459849468e+03
1.862182346901674040e-16 1.607500781660436290e-17 6.775779882421700677e+03
1.679315212778861063e-16 1.599154198407531219e-17 6.777069882383550066e+03
1.306510204657131829e-16 1.586151911794932688e-17 6.778359882345399456e+03
1.520026034836259587e-16 1.594217749947937261e-17 6.779649882307249754e+03
1.448497278814186127e-16 1.601012542371692851e-17 6.780939882269099144e+03
1.449396457227255771e-16 1.605100799831174935e-17 6.782229882230949443e+03
1.220390114978520970e-16 1.604835771162912945e-17 6.783519882192799741e+03
1.359767665913541980e-16 1.619112908535578203e-17 6.784809882154650040e+03
1.556433496142719543e-16 1.629834823635490547e-17 6.786099882116500339e+03
1.249151118702540738e-16 1.614619828884312667e-17 6.787389882078350638e+03
1.322765825706125921e-16 1.606154462495444982e-17 6.788679882040200027e+03
1.317759728638954997e-16 1.598764430902896232e-17 6.789969882002049417e+03
1.006719701286519302e-16 1.576653727693231292e-17 6.791259881963898806e+03
1.170334041216038049e-16 1.571166542381799528e-17 6.792549881925750014e+03
1.101263335102227166e-16 1.563434058015653825e-17 6.793839881887599404e+03
1.272866585387783054e-16 1.571079026672991417e-17 6.795129881849450612e+03
1.431954990052105659e-16 1.574552688937346602e-17 6.796419881811300002e+03
1.136324741941491831e-16 1.567353901502420113e-17 6.797709881773149391e+03
8.416676552779343888e-17 1.567850871614441972e-17 6.798999881734999690e+03
1.472320080455713324e-16 1.577699945731988361e-17 6.800289881696849079e+03
1.282040084555445135e-16 1.575640431442853833e-17 6.801579881658699378e+03
1.342654291656554901e-16 1.581416302788066604e-17 6.802869881620549677e+03
1.551893399545436493e-16 1.578864616034463024e-17 6.804159881582399976e+03
1.312601827385768342e-16 1.578601407163548651e-17 6.805449881544250275e+03
1.389679443305745520e-16 1.572820572734660562e-17 6.806739881506100573e+03
1.246480053242933505e-16 1.564488216988291403e-17 6.808029881467949963e+03
1.654713934919247961e-16 1.577361628861454173e-17 6.809319881429800262e+03
1.162998603543917799e-16 1.572302592235079856e-17 6.810609881391648742e+03
1.179291679331048292e-16 1.573671079840487585e-17 6.811899881353499950e+03
1.469052121466087827e-16 1.581498193668709354e-17 6.813189881315349339e+03
1.287626002144791229e-16 1.571665828599536535e-17 6.814479881277200548e+03
1.417161427279411295e-16 1.571247771517952235e-17 6.815769881239049937e+03
1.495814127434587446e-16 1.576312763844736934e-17 6.817059881200899326e+03
1.563277522356534290e-16 1.584443122085520643e-17 6.818349881162749625e+03
1.239991516169169548e-16 1.576240302823077289e-17 6.819639881124599015e+03
1.036802341106051796e-16 1.576712292080600046e-17 6.820929881086449313e+03
9.609479598759180347e-17 1.661481430382789301e-17 6.822219881048299612e+03
1.133183837893954478e-16 1.914044817685850263e-17 6.823509881010149911e+03
1.250442446900409520e-16 2.327936879449823444e-17 6.824799880972000210e+03
1.557814424544540070e-16 2.706552500502492676e-17 6.826089880933850509e+03
1.643434500086474875e-16 2.884951535828539219e-17 6.827379880895699898e+03
1.417116693351884427e-16 2.990524597408682141e-17 6.828669880857550197e+03
1.175866622199486723e-16 3.164986253018976271e-17 6.829959880819398677e+03
1.588802860222042631e-16 3.237917113266551615e-17 6.831249880781249885e+03
1.959643943046223964e-16 3.040479688961984588e-17 6.832539880743099275e+03
1.378598531819985162e-16 2.769560502121881900e-17 6.833829880704950483e+03
1.208891907417339860e-16 2.659523146775790288e-17 6.835119880666799872e+03
1.514376457426971413e-16 2.501626279240238068e-17 6.836409880628651081e+03
1.584997564706502686e-16 2.192068327934925884e-17 6.837699880590499561e+03
1.245550963978913944e-16 1.963972115970570928e-17 6.838989880552348950e+03
1.381923797882448333e-16 1.944925124313679892e-17 6.840279880514199249e+03
1.437306914789772752e-16 1.931875522970043327e-17 6.841569880476049548e+03
1.347124110988995446e-16 1.898422519201051271e-17 6.842859880437899847e+03
1.059519566228065118e-16 1.817966962357203545e-17 6.844149880399750145e+03
1.253547087349892548e-16 1.676599810438420988e-17 6.845439880361600444e+03
1.458159145415499516e-16 1.605022383109104908e-17 6.846729880323449834e+03
1.432375197803282597e-16 1.615744132772894742e-17 6.848019880285300133e+03
1.241511013867204957e-16 1.611203407518346152e-17 6.849309880247148612e+03
1.337457347478455743e-16 1.614007218922655895e-17 6.850599880208999821e+03
1.405264584837428630e-16 1.615300102220076277e-17 6.851889880170849210e+03
1.758315064093513469e-16 1.609527043288946186e-17 6.853179880132700418e+03
1.597387671491362973e-16 1.584157744774189849e-17 6.854469880094549808e+03
1.471451606986981650e-16 1.572067176632747264e-17 6.855759880056401016e+03
9.915591350196474108e-17 1.594549118501326003e-17 6.857049880018249496e+03
9.510223880953227408e-17 1.848562057109824890e-17 6.858339879980099795e+03
2.890146230075372232e-17 2.583338488870676354e-17 6.859629879941949184e+03
9.330445770109932458e-17 3.192389423223877993e-17 6.860919879903799483e+03
1.290263583333202315e-16 3.329765263250969681e-17 6.862209879865649782e+03
1.131898465396496078e-16 3.330129222720493013e-17 6.863499879827500081e+03
1.442108929856214593e-16 3.284209118195224235e-17 6.864789879789350380e+03
1.911537368551406019e-16 2.998341123325063231e-17 6.866079879751199769e+03
1.027179914476344935e-16 2.284039066086124308e-17 6.867369879713050068e+03
8.311520721100172713e-17 1.797134253193933032e-17 6.868659879674898548e+03
9.676332335865716044e-17 1.676142379559679164e-17 6.869949879636749756e+03
8.327570671961661620e-17 1.657155441215259477e-17 6.871239879598599146e+03
9.668419856998278802e-17 1.635488768558413002e-17 6.872529879560450354e+03
1.002572019171831409e-16 1.543902834828174246e-17 6.873819879522299743e+03
1.042983828736436069e-16 1.458426953410619684e-17 6.875109879484150952e+03
1.095368250487133252e-16 1.534970276829336611e-17 6.876399879445999431e+03
1.221167797103218824e-16 1.693520120740438190e-17 6.877689879407849730e+03
1.348991024544303127e-16 1.787893487698858139e-17 6.878979879369699120e+03
9.242259714133409156e-17 1.808136747957623364e-17 6.880269879331549419e+03
7.751161442632660027e-17 1.811558628715632729e-17 6.881559879293399717e+03
1.074896787640976898e-16 1.792614538326943289e-17 6.882849879255250016e+03
1.137754507086677488e-16 1.779654934233952494e-17 6.884139879217100315e+03
8.338668788804163082e-17 1.854250909054597083e-17 6.885429879178950614e+03
9.601130368528315107e-17 1.952501436980175583e-17 6.886719879140800003e+03
1.154862719736642236e-16 1.979589782243939622e-17 6.888009879102648483e+03
9.451325974361491668e-17 1.979195382527874339e-17 6.889299879064499692e+03
9.295770358831709538e-17 1.960138133831387645e-17 6.890589879026349081e+03
8.891664174586483694e-17 1.830799180635861174e-17 6.891879878988200289e+03
8.202586990127349350e-17 1.622757466314486843e-17 6.893169878950049679e+03
8.926015992809075870e-17 1.547562281858108841e-17 6.894459878911900887e+03
8.437624736356126804e-17 1.644680399525102246e-17 6.895749878873749367e+03
1.015625855680204245e-16 1.838657892763482469e-17 6.897039878835599666e+03
1.504048081775287296e-16 1.971791785173279720e-17 6.898329878797449055e+03
1.069014607043438812e-16 1.993086722862844864e-17 6.899619878759299354e+03
1.083983862978239439e-16 2.003134485763526492e-17 6.900909878721149653e+03
1.399061391987770965e-16 1.971377863994758185e-17 6.902199878682999952e+03
1.322296119467093810e-16 1.827923073646014297e-17 6.903489878644850251e+03
1.133311686929430674e-16 1.578185500751556989e-17 6.904779878606700549e+03
1.152379722061105060e-16 1.508157879017920261e-17 6.906069878568549939e+03
1.206999979920308575e-16 1.630748527340116622e-17 6.907359878530400238e+03
1.107015879954165942e-16 1.935162407852084038e-17 6.908649878492249627e+03
1.126882971557566552e-16 2.158493728615888533e-17 6.909939878454099016e+03
1.151943764791065112e-16 2.189332676213090511e-17 6.911229878415950225e+03
1.205472408939494647e-16 2.195855657087561176e-17 6.912519878377799614e+03
1.528004158757109037e-16 2.189066324055848436e-17 6.913809878339650822e+03
1.369997044589515750e-16 2.007595801679269991e-17 6.915099878301499302e+03
1.525779903177178448e-16 1.673733629615924747e-17 6.916389878263349601e+03
1.068155067125322710e-16 1.695381111682559992e-17 6.917679878225198991e+03
1.412642374156911594e-16 2.182245061852491148e-17 6.918969878187049289e+03
1.351110195099214980e-16 2.556271484866716183e-17 6.920259878148899588e+03
1.333564172294638165e-16 2.658515475353578190e-17 6.921549878110749887e+03
1.498971575094375859e-16 2.679596669572859632e-17 6.922839878072600186e+03
1.198546326408914640e-16 2.660325511969966725e-17 6.924129878034450485e+03
1.692776683893100031e-16 2.445820373778225546e-17 6.925419877996299874e+03
1.458418946302290171e-16 1.948153775680596869e-17 6.926709877958150173e+03
9.537531429079318000e-17 1.613159358794789041e-17 6.927999877919999562e+03
1.324875334791483154e-16 1.543852045938563490e-17 6.929289877881848952e+03
1.189280447710442637e-16 1.526008767509059620e-17 6.930579877843700160e+03
1.086348871611202051e-16 1.513035101345655423e-17 6.931869877805549550e+03
1.047872333807726454e-16 1.532778579078316109e-17 6.933159877767400758e+03
1.177803813019636910e-16 1.692385063503892926e-17 6.934449877729250147e+03
1.425619448304439509e-16 1.956865476455882846e-17 6.935739877691099537e+03
1.569618490409018787e-16 2.119476942610742302e-17 6.937029877652949835e+03
1.306298049373624229e-16 2.156541086061895856e-17 6.938319877614799225e+03
1.148578264663607362e-16 2.156844992218947838e-17 6.939609877576649524e+03
1.251604470224924014e-16 2.114664240370786277e-17 6.940899877538499823e+03
1.381011252230679833e-16 1.948450237212135874e-17 6.942189877500350121e+03
1.114719049039402765e-16 1.859237153787066734e-17 6.943479877462200420e+03
9.486266745180221599e-17 2.219979221599812654e-17 6.944769877424049810e+03
1.090904982425144128e-16 2.653460740066389148e-17 6.946059877385900108e+03
8.056054260719295646e-17 2.799549438921624387e-17 6.947349877347749498e+03
1.329792625748090385e-16 2.826941028597950367e-17 6.948639877309598887e+03
1.351701397626618880e-16 2.803985443110623764e-17 6.949929877271450096e+03
1.267204037786490048e-16 2.606123840587939544e-17 6.951219877233299485e+03
1.421040838177835990e-16 2.093342005721006882e-17 6.952509877195150693e+03
1.351871995356151816e-16 1.677145253334338455e-17 6.953799877157000083e+03
1.334149816168325709e-16 1.613712411752341996e-17 6.955089877118849472e+03
1.308281429959179377e-16 1.603341552104397156e-17 6.956379877080699771e+03
1.003152832310741642e-16 1.594152898987913103e-17 6.957669877042549160e+03
1.235786924028338006e-16 1.595522544646178406e-17 6.958959877004399459e+03
1.419589764860070967e-16 1.591242712156829041e-17 6.960249876966249758e+03
1.203472087694994414e-16 1.589956942612676615e-17 6.961539876928100057e+03
1.536951208960278602e-16 1.614075213169007753e-17 6.962829876889950356e+03
1.370076850975014866e-16 1.629680306297065642e-17 6.964119876851799745e+03
1.158002035597403487e-16 1.764531425658522978e-17 6.965409876813650044e+03
1.036007585973510847e-16 1.955240893732828700e-17 6.966699876775499433e+03
1.104525139868095269e-16 2.004345147308059103e-17 6.967989876737348823e+03
1.362057301849088761e-16 1.997634561870661411e-17 6.969279876699200031e+03
1.086782049554383821e-16 1.977941873027611481e-17 6.970569876661049420e+03
1.275444477223192314e-16 1.938234722083228493e-17 6.971859876622900629e+03
7.314634410586785796e-17 1.862123517816509268e-17 6.973149876584750018e+03
1.177783563638241612e-16 2.128424389860605892e-17 6.974439876546599407e+03
1.096097559089609006e-16 2.353697765266562385e-17 6.975729876508449706e+03
1.254216508076019462e-16 2.405328393868652246e-17 6.977019876470299096e+03
1.163166951342184592e-16 2.406161695617738166e-17 6.978309876432149395e+03
1.416674118636944055e-16 2.387132571062078275e-17 6.979599876393999693e+03
1.864909528294036870e-16 2.181266010879473385e-17 6.980889876355849992e+03
1.630124965507149647e-16 1.813374621032431646e-17 6.982179876317700291e+03
1.040848114569273156e-16 1.621727626451858323e-17 6.983469876279550590e+03
9.575163514739050462e-17 1.594619759725638032e-17 6.984759876241399979e+03
9.790667225366265656e-17 1.589914921837558921e-17 6.986049876203250278e+03
1.055441764331525704e-16 1.588720638469154860e-17 6.987339876165098758e+03
1.200741994626875397e-16 1.580234096256605817e-17 6.988629876126949966e+03
1.223381994166900769e-16 1.559159188609979778e-17 6.989919876088799356e+03
1.380888564802225968e-16 1.554454350721900667e-17 6.991209876050650564e+03
1.401890879078294353e-16 1.567908112512830641e-17 6.992499876012499954e+03
1.245654460817156579e-16 1.576945226141094979e-17 6.993789875974349343e+03
1.159432859533773212e-16 1.581402075281530692e-17 6.995079875936199642e+03
1.166683329213372014e-16 1.595208877757898298e-17 6.996369875898049031e+03
1.334773311826843679e-16 1.620446489119136194e-17 6.997659875859899330e+03
1.264239687168896013e-16 1.669276615039366524e-17 6.998949875821749629e+03
1.202053969252833503e-16 1.749734818861174419e-17 7.000239875783599928e+03
1.420741200272744782e-16 1.803346379594206270e-17 7.001529875745450227e+03
1.383123937689589270e-16 1.795209238472399626e-17 7.002819875707300525e+03
1.196543622884250254e-16 1.776968747912747792e-17 7.004109875669149915e+03
1.119231617065900050e-16 1.769274644727024550e-17 7.005399875631000214e+03
1.205577229266717367e-16 1.805890456286174362e-17 7.006689875592848693e+03
1.492889349137497949e-16 1.908178287345501680e-17 7.007979875554699902e+03
1.621585285212050198e-16 1.978607753420716668e-17 7.009269875516549291e+03
1.385008321299434071e-16 1.981860558461520194e-17 7.010559875478400500e+03
1.509315435567126968e-16 1.972207195276903850e-17 7.011849875440249889e+03
1.380597000179913277e-16 1.924482513527289387e-17 7.013139875402099278e+03
1.235228676376538218e-16 1.733160270055204383e-17 7.014429875363949577e+03
1.264693114493473081e-16 1.527283287396881325e-17 7.015719875325798967e+03
8.919464722357655891e-17 1.485268467979597901e-17 7.017009875287649265e+03
1.084870732943794293e-16 1.489336211359888670e-17 7.018299875249499564e+03
1.315830081705991294e-16 1.495192815532886616e-17 7.019589875211349863e+03
1.184502387794540332e-16 1.499681759281089387e-17 7.020879875173200162e+03
1.358151553519960377e-16 1.505299970001549551e-17 7.022169875135050461e+03
9.739412467634519892e-17 1.488884405309312206e-17 7.023459875096899850e+03
1.620808000134046369e-16 1.512837570615377760e-17 7.024749875058750149e+03
1.052936532041123102e-16 1.518018533664042394e-17 7.026039875020598629e+03
1.459293507820330236e-16 1.540122123120439378e-17 7.027329874982449837e+03
1.522926460936115524e-16 1.552724881497174797e-17 7.028619874944299227e+03
1.323580168475572126e-16 1.546884324628060379e-17 7.029909874906150435e+03
1.072296793539600222e-16 1.541578457306900238e-17 7.031199874867999824e+03
1.502916101650620729e-16 1.535979933485018836e-17 7.032489874829851033e+03
1.490466834908350650e-16 1.523640549415320301e-17 7.033779874791699513e+03
1.111534999251114647e-16 1.507519295585029324e-17 7.035069874753549811e+03
1.105061020556131622e-16 1.535356735611521385e-17 7.036359874715399201e+03
1.390045652706534997e-16 1.606398315340025614e-17 7.037649874677249500e+03
1.251232966868214198e-16 1.638284142720474704e-17 7.038939874639099799e+03
1.388953774297965000e-16 1.657805936048971178e-17 7.040229874600950097e+03
1.322601977770391417e-16 1.690720114366946192e-17 7.041519874562800396e+03
1.263167396397231273e-16 1.763680587680450934e-17 7.042809874524649786e+03
9.045455579305812727e-17 1.848591835611876799e-17 7.044099874486500084e+03
9.465048569851501376e-17 1.921180739394222722e-17 7.045389874448348564e+03
1.341290303913679461e-16 1.983368839590449385e-17 7.046679874410199773e+03
1.397510262903111527e-16 2.012933763608197189e-17 7.047969874372049162e+03
1.258812058861568067e-16 1.999980776960106818e-17 7.049259874333900370e+03
1.328830449259568703e-16 1.929749007051292004e-17 7.050549874295749760e+03
1.497753303488207760e-16 1.813608547709661642e-17 7.051839874257600968e+03
1.455458963198330417e-16 1.720314651450623395e-17 7.053129874219449448e+03
1.591290490109010104e-16 1.665796831638478447e-17 7.054419874181299747e+03
1.302996473763904576e-16 1.624880011766297912e-17 7.055709874143149136e+03
1.601946429283265219e-16 1.610229815937371238e-17 7.056999874104999435e+03
1.612290422104914337e-16 1.607527747748405518e-17 7.058289874066849734e+03
1.006592712518880161e-16 1.616719213278972251e-17 7.059579874028700033e+03
1.338437391068208570e-16 1.651550630820722672e-17 7.060869873990550332e+03
1.571671883561620423e-16 1.689024890419580017e-17 7.062159873952399721e+03
1.405968416277037750e-16 1.721756923566670854e-17 7.063449873914250020e+03
1.321346516123882934e-16 1.724237969095962405e-17 7.064739873876098500e+03
1.160685144806729492e-16 1.725336464949432826e-17 7.066029873837949708e+03
1.329933842022265437e-16 1.733587922431894298e-17 7.067319873799799097e+03
7.027674868180299817e-17 1.707418409392554161e-17 7.068609873761650306e+03
1.319634053732551154e-16 1.718305926051099622e-17 7.069899873723499695e+03
1.190834091424164236e-16 1.706849143694995168e-17 7.071189873685350904e+03
1.392985121731303436e-16 1.691938055100869270e-17 7.072479873647199383e+03
1.387383586971992341e-16 1.674613253479313637e-17 7.073769873609049682e+03
1.203389369633739111e-16 1.681090077675603844e-17 7.075059873570899072e+03
1.198373081701421534e-16 1.675053644437436869e-17 7.076349873532749370e+03
7.456753304246256544e-17 1.663669323102992060e-17 7.077639873494599669e+03
1.205736312642123565e-16 1.716296042598718276e-17 7.078929873456449968e+03
1.259778867561520046e-16 1.728070627746165603e-17 7.080219873418300267e+03
1.401964862112281096e-16 1.708163864560586950e-17 7.081509873380150566e+03
9.029731868477914735e-17 1.705607711031675584e-17 7.082799873341999955e+03
1.064152042356158090e-16 1.744686204710518270e-17 7.084089873303850254e+03
1.158332378446832664e-16 1.770968545185410640e-17 7.085379873265699644e+03
1.387297427839388818e-16 1.768725396800289339e-17 7.086669873227549033e+03
1.082412683035531716e-16 1.768564262016964010e-17 7.087959873189400241e+03
1.128157756143184274e-16 1.769336021528475984e-17 7.089249873151249631e+03
1.274950815833620667e-16 1.741238846789642272e-17 7.090539873113100839e+03
1.300138796358105381e-16 1.668850120715534182e-17 7.091829873074949319e+03
1.047190141412941721e-16 1.597257307826824616e-17 7.093119873036799618e+03
9.810608895573694047e-17 1.568042777516554274e-17 7.094409872998649007e+03
1.191462881038602545e-16 1.558251771478009107e-17 7.095699872960499306e+03
1.330451855609070646e-16 1.556307235294019449e-17 7.096989872922349605e+03
1.236096223402983834e-16 1.550316131553420380e-17 7.098279872884199904e+03
1.141115507351602950e-16 1.546389836057876179e-17 7.099569872846050202e+03
9.772562557863195029e-17 1.546841476672330132e-17 7.100859872807900501e+03
1.029135898840012327e-16 1.548383341334128976e-17 7.102149872769749891e+03
1.255171670072946694e-16 1.549902375811021356e-17 7.103439872731600190e+03
1.219300751199013134e-16 1.549179089083404988e-17 7.104729872693449579e+03
1.239085190915607446e-16 1.554278657559794404e-17 7.106019872655298968e+03
1.337890790119433530e-16 1.557132265236979839e-17 7.107309872617150177e+03
1.386433057186495406e-16 1.557096034726150016e-17 7.108599872578999566e+03
1.169008434653585069e-16 1.554373121585747960e-17 7.109889872540850774e+03
1.323467010167774871e-16 1.556177698810093645e-17 7.111179872502700164e+03
1.125514219254362806e-16 1.543370626822057628e-17 7.112469872464549553e+03
1.267033969452549145e-16 1.547838229310456531e-17 7.113759872426398942e+03
1.288806421966128902e-16 1.544326351301801396e-17 7.115049872388249241e+03
1.125205846322003037e-16 1.532038583302326170e-17 7.116339872350099540e+03
1.254310740491401503e-16 1.532297159961810247e-17 7.117629872311949839e+03
9.886172837147148189e-17 1.531051095087060366e-17 7.118919872273800138e+03
9.443205707724181106e-17 1.532393443785111419e-17 7.120209872235650437e+03
1.007331087020869496e-16 1.535787034966171470e-17 7.121499872197499826e+03
1.296657358595992198e-16 1.567671869729885496e-17 7.122789872159350125e+03
1.316023575794879699e-16 1.605428032481500913e-17 7.124079872121199514e+03
7.975486869056630751e-17 1.622161896273448663e-17 7.125369872083048904e+03
1.147938357741736339e-16 1.638548509644246651e-17 7.126659872044900112e+03
1.481050475512843000e-16 1.657732316974453959e-17 7.127949872006749501e+03
1.307002277859927375e-16 1.686205197147509256e-17 7.129239871968600710e+03
1.267242154269116491e-16 1.668989252494565602e-17 7.130529871930450099e+03
1.096232422616679652e-16 1.639366094961694064e-17 7.131819871892299489e+03
1.261904920259128340e-16 1.631248144430098650e-17 7.133109871854149787e+03
1.069495364415454632e-16 1.610512049962374331e-17 7.134399871815999177e+03
1.112297461252541525e-16 1.567914399085486044e-17 7.135689871777849476e+03
1.144102092584062410e-16 1.555598506945184015e-17 7.136979871739699774e+03
1.135452298005819901e-16 1.589363026932863541e-17 7.138269871701550073e+03
1.208397319585482153e-16 1.660675921902285163e-17 7.139559871663400372e+03
1.160757142607246107e-16 1.725551531908696613e-17 7.140849871625249762e+03
1.029170375727943537e-16 1.784596345777221771e-17 7.142139871587100060e+03
1.140048378186960540e-16 1.831056764678610187e-17 7.143429871548949450e+03
1.223682690863176045e-16 1.839563159225860502e-17 7.144719871510798839e+03
1.207249192895258551e-16 1.815044367816931188e-17 7.146009871472650048e+03
1.277352948332474659e-16 1.773448928970212149e-17 7.147299871434499437e+03
1.323418438122205758e-16 1.717941470273208758e-17 7.148589871396350645e+03
1.200586352322817419e-16 1.659238447433790512e-17 7.149879871358200035e+03
1.179148213125607095e-16 1.618105237113366104e-17 7.151169871320049424e+03
1.313282630117123986e-16 1.596746606516634377e-17 7.152459871281899723e+03
1.214100762996259781e-16 1.588880946071867637e-17 7.153749871243749112e+03
9.532205709423456587e-17 1.593518782330329952e-17 7.155039871205599411e+03
9.665884052112436241e-17 1.612299587266101424e-17 7.156329871167449710e+03
1.384607304138468363e-16 1.648732922782122039e-17 7.157619871129300009e+03
1.563679068913092032e-16 1.677089005052684849e-17 7.158909871091150308e+03
1.289915108684745976e-16 1.681813364403220211e-17 7.160199871053000606e+03
1.011378448670866958e-16 1.682032732701669274e-17 7.161489871014849996e+03
1.185322421566600902e-16 1.687498742189419681e-17 7.162779870976699385e+03
1.182767690788343127e-16 1.675324628806109241e-17 7.164069870938548775e+03
1.197926139472846882e-16 1.664756569300131759e-17 7.165359870900399983e+03
1.054603400237090960e-16 1.656284585466363650e-17 7.166649870862249372e+03
1.446004487320196323e-16 1.660540098845703956e-17 7.167939870824100581e+03
1.368054295115649207e-16 1.629809181036501404e-17 7.169229870785949970e+03
1.431875051317708534e-16 1.630642151913342302e-17 7.170519870747799359e+03
1.257371705804541731e-16 1.641680877187862457e-17 7.171809870709649658e+03
1.117846321150445243e-16 1.628707541896703281e-17 7.173099870671499048e+03
1.247450435363131713e-16 1.636318099840558668e-17 7.174389870633349346e+03
7.437030009720542153e-17 1.650813612894937925e-17 7.175679870595199645e+03
1.086276873810685436e-16 1.674584467593996792e-17 7.176969870557049944e+03
1.245604962329301406e-16 1.667083924671610958e-17 7.178259870518900243e+03
1.578627744594252339e-16 1.652016498941712537e-17 7.179549870480750542e+03
1.263508724205195154e-16 1.634843733116744151e-17 7.180839870442599931e+03
1.229350135373695366e-16 1.593784969051449516e-17 7.182129870404450230e+03
1.477805545231470979e-16 1.551228677205188880e-17 7.183419870366298710e+03
1.292266683904560727e-16 1.517618509119811749e-17 7.184709870328149918e+03
1.036822855185243111e-16 1.483137650721661301e-17 7.185999870289999308e+03
1.029257858349527145e-16 1.469667179882357756e-17 7.187289870251850516e+03
1.392835567476553849e-16 1.474808603697742355e-17 7.188579870213699905e+03
1.170514432764023613e-16 1.466716792073503617e-17 7.189869870175549295e+03
1.038675739757361893e-16 1.466271934340072599e-17 7.191159870137399594e+03
8.814979237846897690e-17 1.457100155708084628e-17 7.192449870099248983e+03
1.010847200194260902e-16 1.459249832683987436e-17 7.193739870061099282e+03
1.182220295746180035e-16 1.476198432562953952e-17 7.195029870022949581e+03
1.306324122106531900e-16 1.494065368357976839e-17 7.196319869984799880e+03
1.046087079522490008e-16 1.491090165130746109e-17 7.197609869946650178e+03
9.722356665148166504e-17 1.491397049138003283e-17 7.198899869908500477e+03
1.019339764281669330e-16 1.490197637249801393e-17 7.200189869870349867e+03
9.661692562512507539e-17 1.482043787079621178e-17 7.201479869832200166e+03
9.909496021698693357e-17 1.482588237358803580e-17 7.202769869794048645e+03
1.085326013152943480e-16 1.487003065724121600e-17 7.204059869755899854e+03
1.147386198139244942e-16 1.487551817342489278e-17 7.205349869717749243e+03
1.092795718782093336e-16 1.483219707038426562e-17 7.206639869679600451e+03
1.064864410299688757e-16 1.487398458056921947e-17 7.207929869641449841e+03
9.997988465374106301e-17 1.497847403554691792e-17 7.209219869603301049e+03
1.219122741931191723e-16 1.510864579418316278e-17 7.210509869565149529e+03
9.485047150085073415e-17 1.488760162781306741e-17 7.211799869526998918e+03
1.189822548796685389e-16 1.483909741105418297e-17 7.213089869488849217e+03
1.211848184752155376e-16 1.489744838582489865e-17 7.214379869450699516e+03
1.057369492205468284e-16 1.497401056896158179e-17 7.215669869412549815e+03
1.313420405319950818e-16 1.513607675765664629e-17 7.216959869374400114e+03
1.718500280407825082e-16 1.561652972720704646e-17 7.218249869336250413e+03
1.486719772907934439e-16 1.585598362529012202e-17 7.219539869298099802e+03
1.125644053523309129e-16 1.604002634849949536e-17 7.220829869259950101e+03
1.503754399570606469e-16 1.635591504390492088e-17 7.222119869221798581e+03
1.139669066245268224e-16 1.636606951310462185e-17 7.223409869183649789e+03
1.361542067589141731e-16 1.641663506394998843e-17 7.224699869145499179e+03
1.304873710533256920e-16 1.641332799586100143e-17 7.225989869107350387e+03
1.131344320560534553e-16 1.623435754416780325e-17 7.227279869069199776e+03
1.022836753039298510e-16 1.609967765119314439e-17 7.228569869031050985e+03
1.381156571320693149e-16 1.652861712091619221e-17 7.229859868992899465e+03
1.035073930672509993e-16 1.653314841631175770e-17 7.231149868954749763e+03
8.507107907810581128e-17 1.641435369982056718e-17 7.232439868916599153e+03
7.993788736417734020e-17 1.868309174437180809e-17 7.233729868878449452e+03
4.990945103582422149e-17 2.555348185866984493e-17 7.235019868840299750e+03
1.116864424676120298e-16 3.383388073640332253e-17 7.236309868802150049e+03
1.232853013657285923e-16 3.919556620529854156e-17 7.237599868764000348e+03
9.266110309043518135e-17 4.159514437042097018e-17 7.238889868725849738e+03
1.203509013037538781e-16 4.507206903511206373e-17 7.240179868687700036e+03
1.067102694862808246e-16 4.857920233577359386e-17 7.241469868649548516e+03
9.755609325772798216e-17 4.748821066482025418e-17 7.242759868611399725e+03
7.349462023097718473e-17 4.314953585541631681e-17 7.244049868573249114e+03
9.022429518030296606e-17 3.982787630042387676e-17 7.245339868535100322e+03
1.280734462676591436e-16 3.742515815769619685e-17 7.246629868496949712e+03
1.141380205147619919e-16 3.177153748957386287e-17 7.247919868458800920e+03
1.206116286328305924e-16 2.553215879683945298e-17 7.249209868420649400e+03
1.023896404491203441e-16 2.357599741652097528e-17 7.250499868382499699e+03
1.033539279025652612e-16 2.376617947423671719e-17 7.251789868344349088e+03
1.227298859803461865e-16 2.405129870521639519e-17 7.253079868306199387e+03
1.364647766829808827e-16 2.374573487821685655e-17 7.254369868268049686e+03
1.107869530346320666e-16 2.225069691089463986e-17 7.255659868229899985e+03
1.003346127876283034e-16 1.962778825218901930e-17 7.256949868191750284e+03
1.281530805995908487e-16 1.788599899941978425e-17 7.258239868153600582e+03
1.231638712518058078e-16 1.689417139466052663e-17 7.259529868115449972e+03
8.393520127839289410e-17 1.646757284607100388e-17 7.260819868077300271e+03
1.031740922199513326e-16 1.651867440995330482e-17 7.262109868039149660e+03
1.268581789814758371e-16 1.688858792552579369e-17 7.263399868000999049e+03
1.081464866402443955e-16 1.746558279872848283e-17 7.264689867962850258e+03
1.053852055543096793e-16 1.800445126313737781e-17 7.265979867924699647e+03
1.049209322375408164e-16 1.821188003662485035e-17 7.267269867886550855e+03
9.350986980825339284e-17 1.839378036204771135e-17 7.268559867848399335e+03
9.920903834962534673e-17 1.948272724252681995e-17 7.269849867810249634e+03
3.323416817485747704e-17 2.558518603718777738e-17 7.271139867772099024e+03
5.127199948443381973e-17 3.868525532435742730e-17 7.272429867733949322e+03
3.253117053330581031e-17 4.627058425952994638e-17 7.273719867695799621e+03
5.410234684279426347e-17 4.719009808077859322e-17 7.275009867657649920e+03
1.090406225602999154e-16 4.732569945295563615e-17 7.276299867619500219e+03
1.920485080499065625e-16 4.666256860820657514e-17 7.277589867581350518e+03
2.044372781108969635e-16 4.070733803641270600e-17 7.278879867543199907e+03
7.486553643866336941e-17 3.143021299033243174e-17 7.280169867505050206e+03
1.083763700586402325e-16 3.125844397305212023e-17 7.281459867466899595e+03
1.384493087039487041e-16 3.211975405767908583e-17 7.282749867428748985e+03
1.504152240358019974e-16 3.203726098955039748e-17 7.284039867390600193e+03
8.190817864371944873e-17 3.146042824374776874e-17 7.285329867352449583e+03
1.394749729588450559e-16 2.914177812103507814e-17 7.286619867314300791e+03
1.687831467319013011e-16 2.304932986614723745e-17 7.287909867276149271e+03
9.991799169158739526e-17 1.845632348816284577e-17 7.289199867237999570e+03
1.005565883593681335e-16 1.799892404228429848e-17 7.290489867199848959e+03
1.053841930852399144e-16 2.002518401643296997e-17 7.291779867161699258e+03
1.022886714748296713e-16 2.171706946284688086e-17 7.293069867123549557e+03
1.302726614360865277e-16 2.204470412295055938e-17 7.294359867085399856e+03
1.311436760036599654e-16 2.173693172371550416e-17 7.295649867047250154e+03
1.354293450794115047e-16 2.152659458319429518e-17 7.296939867009100453e+03
1.300591429589294397e-16 2.151923929318747366e-17 7.298229866970949843e+03
1.210220160957753009e-16 2.281862423022252271e-17 7.299519866932800142e+03
1.384316004213951689e-16 2.495032988013700395e-17 7.300809866894649531e+03
1.268336679655646657e-16 2.603854056987094036e-17 7.302099866856498920e+03
1.180550714397803004e-16 2.629743486671023717e-17 7.303389866818350129e+03
1.565243829934246343e-16 2.622909320450110603e-17 7.304679866780199518e+03
1.903981305266305626e-16 2.458069264288910779e-17 7.305969866742050726e+03
1.658325736345899501e-16 2.093054974048450982e-17 7.307259866703900116e+03
1.166330354702383386e-16 1.831423536562216199e-17 7.308549866665749505e+03
1.050536053903494216e-16 1.885527104323594591e-17 7.309839866627599804e+03
7.121604204585901300e-17 2.432400195520165225e-17 7.311129866589449193e+03
6.909804939613943585e-17 3.466804275332629776e-17 7.312419866551299492e+03
1.033116688994311521e-16 4.118611679240329884e-17 7.313709866513149791e+03
1.116367983959690472e-16 4.189392531639757398e-17 7.314999866475000090e+03
1.905175621721934189e-16 4.184440697620769953e-17 7.316289866436850389e+03
1.768151631240198057e-16 4.097718751328465511e-17 7.317579866398699778e+03
1.469074356080953252e-16 3.533310920070873286e-17 7.318869866360550077e+03
1.416496771113612686e-16 2.216526073414648785e-17 7.320159866322399466e+03
1.026464171635915051e-16 1.603270414571717595e-17 7.321449866284248856e+03
9.455084021320442583e-17 1.590763278273793306e-17 7.322739866246100064e+03
1.023213020956336631e-16 1.881089776645615129e-17 7.324029866207949453e+03
9.104246283290161595e-17 2.552994029843658576e-17 7.325319866169800662e+03
4.918810652828612860e-17 2.918767671886442054e-17 7.326609866131650051e+03
1.043689513060617308e-16 3.001713042374074393e-17 7.327899866093499440e+03
1.417852023829219567e-16 3.023870564006409835e-17 7.329189866055349739e+03
1.614753832143546257e-16 2.974179839376879335e-17 7.330479866017199129e+03
1.298237339740417485e-16 2.596002293176618187e-17 7.331769865979049428e+03
1.129003465601458489e-16 1.969313221185825828e-17 7.333059865940899726e+03
8.339125392502292353e-17 1.743741564450982713e-17 7.334349865902750025e+03
2.873378286442187298e-17 2.385798659606275262e-17 7.335639865864600324e+03
2.440964492710294252e-17 3.615796709010171163e-17 7.336929865826449713e+03
8.939175443738059477e-17 4.335363439975765086e-17 7.338219865788300012e+03
9.260056670448610057e-17 4.534559781134864871e-17 7.339509865750149402e+03
7.825121977306741380e-17 4.554451489633295060e-17 7.340799865711998791e+03
1.436658669887327195e-16 4.468047180696210980e-17 7.342089865673849999e+03
1.472934444040268709e-16 3.850431452844512781e-17 7.343379865635699389e+03
1.710527450442895971e-16 2.713548628687343674e-17 7.344669865597550597e+03
1.249123325433958956e-16 1.886931822439832143e-17 7.345959865559399987e+03
9.868700797376558117e-17 1.769083069697157269e-17 7.347249865521249376e+03
1.176835283784010821e-16 1.769218065573125923e-17 7.348539865483099675e+03
1.245922599684521769e-16 1.765540751441960183e-17 7.349829865444949064e+03
1.284258781481659368e-16 1.765945077325376103e-17 7.351119865406799363e+03
1.047677053008714936e-16 1.815093006036949306e-17 7.352409865368649662e+03
9.383209967023464987e-17 2.104120003666450322e-17 7.353699865330499961e+03
9.531661093708151673e-17 2.573998627138217608e-17 7.354989865292350260e+03
1.255140171035220675e-16 2.867017929276144557e-17 7.356279865254200558e+03
1.506239779526307799e-16 2.918082104594758104e-17 7.357569865216049948e+03
1.659842454717076732e-16 2.914466663573411331e-17 7.358859865177900247e+03
1.380864212604992407e-16 2.831929589436135166e-17 7.360149865139748727e+03
1.605706726173482279e-16 2.509236506311848434e-17 7.361439865101599935e+03
1.326158854404369436e-16 1.993965519545621201e-17 7.362729865063449324e+03
9.938591603436878574e-17 2.188475386226240553e-17 7.364019865025300533e+03
1.009754064471159824e-16 3.181425971385100165e-17 7.365309864987149922e+03
1.969273913563117308e-16 3.921814823602123921e-17 7.366599864948999311e+03
1.208342394792808632e-16 4.049170859433238274e-17 7.367889864910849610e+03
1.570884539967367950e-16 4.056423579044103221e-17 7.369179864872699000e+03
2.243870745406630757e-16 4.040592996481063377e-17 7.370469864834549298e+03
2.609296640719896941e-16 3.622341692888935739e-17 7.371759864796399597e+03
2.018592803963692971e-16 2.478170084046194373e-17 7.373049864758249896e+03
1.267613525276928299e-16 1.825381974804251396e-17 7.374339864720100195e+03
1.003167125991726559e-16 1.728252276608682248e-17 7.375629864681950494e+03
9.778695605796908197e-17 1.677572905711028370e-17 7.376919864643799883e+03
1.258398071508597528e-16 1.642976076590997987e-17 7.378209864605650182e+03
1.059775926043507552e-16 1.632117676690014393e-17 7.379499864567498662e+03
1.055729358486898141e-16 1.632538711621803884e-17 7.380789864529349870e+03
1.425538450778858317e-16 1.626261237953138957e-17 7.382079864491199260e+03
1.142488891866236993e-16 1.615904440375607519e-17 7.383369864453050468e+03
1.129776912561420072e-16 1.630756799146242152e-17 7.384659864414899857e+03
1.146554385315261618e-16 1.691111701668928795e-17 7.385949864376751066e+03
1.165971159793188360e-16 1.950143310489909411e-17 7.387239864338599546e+03
1.071545647368953068e-16 2.339989397283088590e-17 7.388529864300448935e+03
1.239289934660826572e-16 2.559933909746855968e-17 7.389819864262299234e+03
1.247923979720206070e-16 2.609514123046549383e-17 7.391109864224149533e+03
1.281046806075891459e-16 2.596279564117945962e-17 7.392399864185999832e+03
1.310140270231708540e-16 2.512592047184731046e-17 7.393689864147850130e+03
1.110064933866485406e-16 2.231364204678747506e-17 7.394979864109700429e+03
1.055867199864173977e-16 2.046592900785837460e-17 7.396269864071549819e+03
8.247582968472273886e-17 2.529902124991383235e-17 7.397559864033400117e+03
5.704441983213101954e-17 3.121840843140455369e-17 7.398849863995248597e+03
6.322200978746894337e-17 3.325465578426919043e-17 7.400139863957099806e+03
1.273565519918165860e-16 3.347732618772356506e-17 7.401429863918949195e+03
1.666869122410143188e-16 3.317599090801539750e-17 7.402719863880800403e+03
1.294260255355262528e-16 3.063115320988375680e-17 7.404009863842649793e+03
1.359967909796228817e-16 2.352764043791112528e-17 7.405299863804501001e+03
1.475131171049413534e-16 1.687793549359733580e-17 7.406589863766349481e+03
1.545637928881065477e-16 1.607763328786860621e-17 7.407879863728199780e+03
1.065797337681750564e-16 1.630641821041097281e-17 7.409169863690049169e+03
7.540947055714353913e-17 1.630529655350035091e-17 7.410459863651899468e+03
1.195726765485741888e-16 1.647796223456466990e-17 7.411749863613749767e+03
1.265909136168375036e-16 1.669390104219408799e-17 7.413039863575600066e+03
1.439305250800802858e-16 1.684707007622053212e-17 7.414329863537450365e+03
1.147842934186272222e-16 1.641698247980726070e-17 7.415619863499299754e+03
1.400833808429900588e-16 1.614564076911026593e-17 7.416909863461150053e+03
6.816759032102548735e-17 1.609706706917992704e-17 7.418199863422998533e+03
1.467712353571547939e-16 1.624463609045938717e-17 7.419489863384849741e+03
1.181837675082037507e-16 1.601683882156840888e-17 7.420779863346699130e+03
1.470458857903020008e-16 1.594808522341422633e-17 7.422069863308550339e+03
9.599767836623317760e-17 1.585417540847108110e-17 7.423359863270399728e+03
7.804845464387351523e-17 1.686781245726091185e-17 7.424649863232250937e+03
1.268321194834579665e-16 1.975779457470275356e-17 7.425939863194099416e+03
1.033173135799312140e-16 2.132160930123630429e-17 7.427229863155949715e+03
1.079696089555009565e-16 2.171971809516827566e-17 7.428519863117799105e+03
1.345694742890503814e-16 2.179911585344479057e-17 7.429809863079649404e+03
8.398861729362911842e-17 2.150802768716492992e-17 7.431099863041499702e+03
9.622582139662020305e-17 2.015115700627989566e-17 7.432389863003350001e+03
1.355889313806301353e-16 2.044288044727019703e-17 7.433679862965200300e+03
1.178406132854473523e-16 2.398770505972331842e-17 7.434969862927050599e+03
1.462301930620961096e-16 2.620950391323462523e-17 7.436259862888899988e+03
1.281171478737815452e-16 2.651290383575172514e-17 7.437549862850748468e+03
1.187716745480472394e-16 2.643748647058281540e-17 7.438839862812599677e+03
1.578350208955128548e-16 2.562385342210218121e-17 7.440129862774449066e+03
1.219429526676775390e-16 2.212704168112408776e-17 7.441419862736300274e+03
1.037002651163187637e-16 1.753226679099005770e-17 7.442709862698149664e+03
1.091818983914790721e-16 1.574638053976562074e-17 7.443999862660000872e+03
1.297768030548079399e-16 1.569096771053069342e-17 7.445289862621849352e+03
1.356854137272783204e-16 1.561518804025348545e-17 7.446579862583699651e+03
1.149711832975050031e-16 1.557128791078407116e-17 7.447869862545549040e+03
1.049462174945053373e-16 1.562522008672252857e-17 7.449159862507399339e+03
1.279039073293102751e-16 1.563100869664917465e-17 7.450449862469249638e+03
1.032446474174796556e-16 1.555499741580045184e-17 7.451739862431099937e+03
1.098991367744564518e-16 1.561119606661730454e-17 7.453029862392950236e+03
1.179417543133054361e-16 1.582058691251775286e-17 7.454319862354800534e+03
1.279267639839963403e-16 1.608050029587171500e-17 7.455609862316649924e+03
1.207388820982657502e-16 1.637572105649189058e-17 7.456899862278500223e+03
1.379065194034363078e-16 1.728174852503347285e-17 7.458189862240349612e+03
1.313121561508247661e-16 1.832254356769464460e-17 7.459479862202199001e+03
1.054144546607695544e-16 1.890531216157295387e-17 7.460769862164050210e+03
7.252325211148881370e-17 1.987753393145347963e-17 7.462059862125899599e+03
1.338279631181782457e-16 2.168999418703679516e-17 7.463349862087750807e+03
1.352678661889513529e-16 2.197010897531052735e-17 7.464639862049599287e+03
8.057780090349326283e-17 2.158890279001546454e-17 7.465929862011449586e+03
8.935277768691709610e-17 2.291183259600622298e-17 7.467219861973298975e+03
1.223662706179576764e-16 2.457318515164957652e-17 7.468509861935149274e+03
1.074650552516232113e-16 2.605377558239294202e-17 7.469799861896999573e+03
8.403830106994150347e-17 2.676240632391609488e-17 7.471089861858849872e+03
1.164767578914699202e-16 2.692184373262446586e-17 7.472379861820700171e+03
1.290998516763843429e-16 2.624975617620268066e-17 7.473669861782550470e+03
1.077800919509977072e-16 2.604402312297094183e-17 7.474959861744399859e+03
1.444216453708101699e-16 2.652484170635209044e-17 7.476249861706250158e+03
1.310870968497613383e-16 2.552957468460583733e-17 7.477539861668099547e+03
6.814753284553230154e-17 2.665164683989524447e-17 7.478829861629948937e+03
1.082007695407625754e-16 2.941006257218807692e-17 7.480119861591800145e+03
1.786209711931169698e-16 3.005572997984491841e-17 7.481409861553649534e+03
1.612904653340571713e-16 2.810102940048820935e-17 7.482699861515500743e+03
1.294919882262936814e-16 2.596377502302472240e-17 7.483989861477350132e+03
1.655912354190714787e-16 2.442118078792560704e-17 7.485279861439199522e+03
1.549972090593047325e-16 2.122113663531316333e-17 7.486569861401048911e+03
1.176757859678675858e-16 1.778375782134700492e-17 7.487859861362899210e+03
1.109378307783617389e-16 1.770004879771786363e-17 7.489149861324749509e+03
1.312547034941992830e-16 1.901286383917832364e-17 7.490439861286599807e+03
1.281425588621991742e-16 1.941294794041307164e-17 7.491729861248450106e+03
1.042451190596400924e-16 1.926138198241375527e-17 7.493019861210300405e+03
1.358604451448945411e-16 1.926457324521698485e-17 7.494309861172149795e+03
1.330397989607581192e-16 1.886610876362161568e-17 7.495599861134000093e+03
1.418543149774619872e-16 1.762339066163012434e-17 7.496889861095849483e+03
1.332509086879714527e-16 1.626372741899711105e-17 7.498179861057698872e+03
1.040322358571934452e-16 1.610280604826981994e-17 7.499469861019550081e+03
1.083306368969334007e-16 1.612246482270775520e-17 7.500759860981399470e+03
8.426562353716087633e-17 1.604009914039340002e-17 7.502049860943250678e+03
9.236648120857849417e-17 1.589891595344284926e-17 7.503339860905100068e+03
1.476142846025790389e-16 1.586908120310928666e-17 7.504629860866949457e+03
1.183791012467744728e-16 1.567328093467308458e-17 7.505919860828799756e+03
7.447203669510454350e-17 1.548195240462834417e-17 7.507209860790649145e+03
1.063305671153393832e-16 1.547617702959149893e-17 7.508499860752499444e+03
1.144531961804793967e-16 1.553285709952485750e-17 7.509789860714349743e+03
8.920322343216750870e-17 1.554317369612461886e-17 7.511079860676200042e+03
1.235202735992528555e-16 1.606957985742478993e-17 7.512369860638050341e+03
1.155238193560292306e-16 1.728437565065894127e-17 7.513659860599899730e+03
1.157374701820843271e-16 1.810304953779247360e-17 7.514949860561750029e+03
9.374573539683921336e-17 1.831398721143839608e-17 7.516239860523599418e+03
9.395527017216624590e-17 1.903020154481743510e-17 7.517529860485448808e+03
8.667061477221185196e-17 2.347558430760193814e-17 7.518819860447300016e+03
1.548586397630898493e-16 3.202545546784804067e-17 7.520109860409149405e+03
1.389816027368490276e-16 3.666020799698675855e-17 7.521399860371000614e+03
1.393453636830253471e-16 3.774310984154932963e-17 7.522689860332850003e+03
1.499873268136507664e-16 3.788381657246704985e-17 7.523979860294699392e+03
1.141783339890953763e-16 3.739147205443058735e-17 7.525269860256549691e+03
1.702370390811939051e-16 3.432261543824660362e-17 7.526559860218399081e+03
1.610224191109205878e-16 2.859871088783686398e-17 7.527849860180249379e+03
9.291009768970344353e-17 2.483459904063470985e-17 7.529139860142099678e+03
1.427869644268379761e-16 2.418261693618163854e-17 7.530429860103949977e+03
1.580222813513050594e-16 2.379924022895923660e-17 7.531719860065800276e+03
1.533921213289272359e-16 2.211028961935866384e-17 7.533009860027650575e+03
1.378973211550247181e-16 1.903180131212211265e-17 7.534299859989499964e+03
1.120260365050119999e-16 1.731844225700632516e-17 7.535589859951349354e+03
1.418011636600217799e-16 1.803038999278581565e-17 7.536879859913198743e+03
1.167459423151293767e-16 1.865577989490653223e-17 7.538169859875049951e+03
1.076100169996119043e-16 1.871581666376563097e-17 7.539459859836899341e+03
1.335349294230976603e-16 1.858735716899737088e-17 7.540749859798750549e+03
1.581180225441243970e-16 1.837614652574930590e-17 7.542039859760599938e+03
1.436713197633306691e-16 1.754420300722919789e-17 7.543329859722449328e+03
1.166763532645565156e-16 1.631389096006477686e-17 7.544619859684299627e+03
1.525038087603840893e-16 1.610515524120947054e-17 7.545909859646149016e+03
1.630328518112286696e-16 1.613888435786693280e-17 7.547199859607999315e+03
1.319653641369456410e-16 1.619012654245336776e-17 7.548489859569849614e+03
8.785724175686612249e-17 1.625547381084505694e-17 7.549779859531699913e+03
1.269634625298415864e-16 1.649399134047472247e-17 7.551069859493550211e+03
8.234042352717025844e-17 1.732523837291906083e-17 7.552359859455400510e+03
8.804532939327088014e-17 2.010448416739720362e-17 7.553649859417249900e+03
1.263660660740108894e-16 2.196968049575322488e-17 7.554939859379100199e+03
9.134241837534804506e-17 2.202059677117831394e-17 7.556229859340948678e+03
9.677748469074406827e-17 2.198748969434149156e-17 7.557519859302799887e+03
1.435408899243433077e-16 2.190744673518718529e-17 7.558809859264649276e+03
1.413623476537848489e-16 2.025210612823586715e-17 7.560099859226500485e+03
1.249657088539627174e-16 1.748096174067706872e-17 7.561389859188349874e+03
1.334703299259797191e-16 1.680050311645624688e-17 7.562679859150199263e+03
1.673311072671808159e-16 1.745763524740307334e-17 7.563969859112049562e+03
1.165431176289313743e-16 1.796816615838712670e-17 7.565259859073898951e+03
1.107398699141655483e-16 2.114906438854141803e-17 7.566549859035749250e+03
8.100395112019078184e-17 2.773007032862145346e-17 7.567839858997599549e+03
1.122064280529975642e-16 3.210336264666073503e-17 7.569129858959449848e+03
1.201189466251042083e-16 3.327750582151035527e-17 7.570419858921300147e+03
1.650046386333182740e-16 3.336228521685214018e-17 7.571709858883150446e+03
1.363209531355150626e-16 3.264848790522298112e-17 7.572999858844999835e+03
1.112610334047433583e-16 2.896160494873122786e-17 7.574289858806850134e+03
1.412847647297722753e-16 2.263245234411643788e-17 7.575579858768698614e+03
1.449481028173083192e-16 1.781092905010814677e-17 7.576869858730549822e+03
1.480640723324608732e-16 1.616183034805915379e-17 7.578159858692399212e+03
1.247199104805813601e-16 1.576948038555177659e-17 7.579449858654250420e+03
9.548534254715253353e-17 1.692396974904713689e-17 7.580739858616099809e+03
9.618534910360920852e-17 1.982665239761411779e-17 7.582029858577951018e+03
1.369565190135314066e-16 2.237452915731627832e-17 7.583319858539799498e+03
1.395584718785986087e-16 2.307417837174833040e-17 7.584609858501649796e+03
1.177466985074205317e-16 2.311131878125196134e-17 7.585899858463499186e+03
7.319684182790299519e-17 2.288189362091547869e-17 7.587189858425349485e+03
1.274231631921842562e-16 2.144994968199635674e-17 7.588479858387199783e+03
1.313174104020757029e-16 1.795634409307251883e-17 7.589769858349050082e+03
1.019759045590560209e-16 1.534170227740875323e-17 7.591059858310900381e+03
1.039036853725578042e-16 1.491680606651986461e-17 7.592349858272749771e+03
8.023061665679250606e-17 1.652668482700526834e-17 7.593639858234600069e+03
4.936478568968255488e-17 1.988562872092792356e-17 7.594929858196448549e+03
6.593755109425192729e-17 2.125030467807300819e-17 7.596219858158299758e+03
1.672745148783923879e-17 2.099358752060595095e-17 7.597509858120149147e+03
5.416587762256078620e-17 2.090818112235985084e-17 7.598799858082000355e+03
6.222341088221532666e-17 2.010891123803558743e-17 7.600089858043849745e+03
3.578884601355604856e-17 1.632020400249978157e-17 7.601379858005700953e+03
1.667861639883533314e-18 1.161927785153743403e-17 7.602669857967549433e+03
1.395730302573795420e-17 1.051561790950284473e-17 7.603959857929399732e+03
4.411095464649690003e-17 1.065894845732358315e-17 7.605249857891249121e+03
1.075531582586662343e-17 1.089892099765072945e-17 7.606539857853099420e+03
2.575612456513308565e-17 1.122118063813403840e-17 7.607829857814949719e+03
2.001536372820074042e-17 1.156809274241326523e-17 7.609119857776800018e+03
2.011096760903839425e-17 1.200439660112987265e-17 7.610409857738650317e+03
3.824509597680571021e-17 1.261771214784915268e-17 7.611699857700499706e+03
4.419750751707199863e-17 1.449397946152358366e-17 7.612989857662350005e+03
2.725131307932678699e-17 1.766731229779546500e-17 7.614279857624198485e+03
5.047060043721284482e-17 1.973611582520896381e-17 7.615569857586049693e+03
6.050917501565023296e-17 2.055005493051624262e-17 7.616859857547899082e+03
7.043429680999229803e-17 2.116106677922956246e-17 7.618149857509750291e+03
9.525157468860014748e-17 2.123876054544421814e-17 7.619439857471599680e+03
7.671136019707339875e-17 1.958704629829833248e-17 7.620729857433450888e+03
7.384911013684800985e-17 1.713059119425675768e-17 7.622019857395299368e+03
7.977897604233855295e-17 1.691853682678388861e-17 7.623309857357149667e+03
7.475809560326008175e-17 1.929212001397622578e-17 7.624599857318999057e+03
7.258226648511079690e-17 2.133191762602994012e-17 7.625889857280849355e+03
9.015922584459709469e-17 2.188726849132456673e-17 7.627179857242699654e+03
7.459028381803022392e-17 2.184082395429093933e-17 7.628469857204549953e+03
9.055085946869400096e-17 2.151279721057691068e-17 7.629759857166400252e+03
7.591547348145447722e-17 1.979807661617286090e-17 7.631049857128250551e+03
1.153642909574534788e-17 1.582078047278109026e-17 7.632339857090099940e+03
5.330804831395144375e-17 1.335278619919440073e-17 7.633629857051950239e+03
7.761965083177092611e-17 1.338507850312785837e-17 7.634919857013799628e+03
6.121609018458295083e-17 1.330439530617943605e-17 7.636209856975649018e+03
5.631998828654687875e-17 1.313018858763393077e-17 7.637499856937500226e+03
6.386085130071099728e-17 1.364584388251275014e-17 7.638789856899349616e+03
5.357270309657655985e-17 1.396092276809848625e-17 7.640079856861200824e+03
7.311139737934871765e-17 1.370908597624549187e-17 7.641369856823049304e+03
7.270045405103237350e-17 1.375852077119349846e-17 7.642659856784899603e+03
7.218832337274364258e-17 1.421915862917019085e-17 7.643949856746748992e+03
7.685221251177892831e-17 1.420037997490401202e-17 7.645239856708599291e+03
1.114293547332305487e-16 1.391529217678761103e-17 7.646529856670449590e+03
4.914003740852944705e-17 1.431203943143132012e-17 7.647819856632299889e+03
7.896587073508872759e-17 1.625262003773174900e-17 7.649109856594150187e+03
7.756264816139867187e-17 1.749078368327052337e-17 7.650399856556000486e+03
1.118105989688337890e-16 1.775766523610463222e-17 7.651689856517849876e+03
8.343107770843367649e-17 1.794689107303226283e-17 7.652979856479700175e+03
5.187826000770863499e-17 1.796647540121506831e-17 7.654269856441549564e+03
9.418731749504452165e-17 1.723891545855425197e-17 7.655559856403398953e+03
9.485342949872122378e-17 1.645354882596577984e-17 7.656849856365250162e+03
7.707760268508737729e-17 1.869583032580512472e-17 7.658139856327099551e+03
9.033182865993485966e-17 2.123568508792674598e-17 7.659429856288950759e+03
6.743168412598401096e-17 2.205981671274190320e-17 7.660719856250799239e+03
9.517379324124056118e-17 2.219624195680904895e-17 7.662009856212649538e+03
1.479967596829337580e-16 2.227755711974546178e-17 7.663299856174498927e+03
1.310755427909651976e-16 2.094777825828276428e-17 7.664589856136349226e+03
1.113266122837065623e-16 1.785359171738118173e-17 7.665879856098199525e+03
1.123080190671088769e-16 1.545455121965691258e-17 7.667169856060049824e+03
1.223657412223656425e-16 1.519609698290349398e-17 7.668459856021900123e+03
1.060925243873813231e-16 1.539051916843918271e-17 7.669749855983750422e+03
8.487397186430177543e-17 1.537413768358818255e-17 7.671039855945599811e+03
1.018389697717315425e-16 1.541483827844824172e-17 7.672329855907450110e+03
1.234927979680262942e-16 1.540502460766091260e-17 7.673619855869299499e+03
1.186431770029708018e-16 1.536782298679195273e-17 7.674909855831148889e+03
1.064658607763285564e-16 1.540277302203354326e-17 7.676199855793000097e+03
9.457061313856689340e-17 1.575131384493888700e-17 7.677489855754849486e+03
1.030717269647866703e-16 1.627432691136636555e-17 7.678779855716700695e+03
1.111990014762467816e-16 1.672012928505691939e-17 7.680069855678550084e+03
1.112593658086284513e-16 1.731718494247524455e-17 7.681359855640399473e+03
1.276468592995981966e-16 1.813392322697540281e-17 7.682649855602249772e+03
1.019014715388160493e-16 1.870096711740907902e-17 7.683939855564099162e+03
1.122333081141830874e-16 1.875667607730330033e-17 7.685229855525949461e+03
7.804162544073627744e-17 1.873386078164786272e-17 7.686519855487799759e+03
1.012249833815354820e-16 1.957978530688134200e-17 7.687809855449650058e+03
1.469989284012885905e-16 2.008539118449825464e-17 7.689099855411500357e+03
1.426115359625277300e-16 1.951254379488690638e-17 7.690389855373349747e+03
1.033937649208658150e-16 1.907788188968621672e-17 7.691679855335200045e+03
1.209763557259623738e-16 1.901170578632074940e-17 7.692969855297049435e+03
9.430835717971818109e-17 1.925687715679779148e-17 7.694259855258898824e+03
7.495408446887594591e-17 2.027074747052036219e-17 7.695549855220750032e+03
7.930206340580987973e-17 2.117639939906384538e-17 7.696839855182599422e+03
1.095541296671279346e-16 2.148286485293106682e-17 7.698129855144450630e+03
1.205907969162840570e-16 2.146971929863637410e-17 7.699419855106300020e+03
1.553594744629335561e-16 2.125421889673160912e-17 7.700709855068149409e+03
1.443876978784709936e-16 1.978637862795013598e-17 7.701999855029999708e+03
1.260616900783709769e-16 1.762488620417762021e-17 7.703289854991849097e+03
1.253276830900159223e-16 1.648614139646159424e-17 7.704579854953699396e+03
9.897809614004544182e-17 1.667421745233777614e-17 7.705869854915549695e+03
1.937384214977401470e-17 2.218106484692992599e-17 7.707159854877399994e+03
2.320143845462838860e-17 3.359578506888605905e-17 7.708449854839250293e+03
1.325834202557554624e-16 4.186165203761820506e-17 7.709739854801100591e+03
2.379271542828741831e-17 4.632662078294673869e-17 7.711029854762949981e+03
4.526855420909545972e-17 5.252695820512987078e-17 7.712319854724799370e+03
1.578693389647664548e-16 5.881599585875828913e-17 7.713609854686648760e+03
1.214183084010821059e-16 5.918391917777697541e-17 7.714899854648499968e+03
1.363852614650573852e-16 5.343366396177374653e-17 7.716189854610349357e+03
1.130489214330501735e-16 4.879914635192899371e-17 7.717479854572200566e+03
7.147803992435660878e-17 4.477068412456714299e-17 7.718769854534049955e+03
1.410262079226229002e-16 3.718321113724688647e-17 7.720059854495899344e+03
1.411886264902589123e-16 2.898363442280474009e-17 7.721349854457749643e+03
1.186479680330787090e-16 2.862149475062902458e-17 7.722639854419599033e+03
1.289762907452036218e-16 2.971103720114917136e-17 7.723929854381449331e+03
6.761670126795497177e-17 2.945576264667040659e-17 7.725219854343299630e+03
1.318110188520881464e-16 2.837285418466293509e-17 7.726509854305149929e+03
1.419914549055783788e-16 2.609285324889117216e-17 7.727799854267000228e+03
1.472216054221878656e-16 2.237825643315644226e-17 7.729089854228850527e+03
9.696155553809426841e-17 1.901503105238321257e-17 7.730379854190699916e+03
1.153688387964612954e-16 1.977714729231404419e-17 7.731669854152550215e+03
1.365334789959370869e-16 2.034385865614147409e-17 7.732959854114398695e+03
1.045102205197959871e-16 2.025290683906881848e-17 7.734249854076249903e+03
1.662174045253292202e-16 2.046173354779150564e-17 7.735539854038099293e+03
1.312992786030485405e-16 2.050617961646520492e-17 7.736829853999950501e+03
1.306461235564868690e-16 1.970523386421990907e-17 7.738119853961799890e+03
1.228343886702136858e-16 1.847580690031091978e-17 7.739409853923649280e+03
1.287227102566193657e-16 1.805249722183690787e-17 7.740699853885499579e+03
1.292237699495896869e-16 1.822222641172666362e-17 7.741989853847348968e+03
8.669986387867172702e-17 1.830957833877348845e-17 7.743279853809199267e+03
4.533208829758443267e-17 2.083325841119724781e-17 7.744569853771049566e+03
3.464307844243944738e-17 3.405740809897230209e-17 7.745859853732899865e+03
1.073584945363916800e-16 4.837093149242254234e-17 7.747149853694750163e+03
1.320655059306237607e-17 5.448187716016829384e-17 7.748439853656600462e+03
2.336460313917692352e-17 5.533609334386200467e-17 7.749729853618449852e+03
8.120201124606047879e-17 5.515597311111735779e-17 7.751019853580300150e+03
1.978995469517432523e-16 5.243062475099194517e-17 7.752309853542148630e+03
2.526595255425743243e-16 4.210937277874313557e-17 7.753599853503999839e+03
1.585079356325471930e-16 2.929959756446529539e-17 7.754889853465849228e+03
8.221988676830903125e-17 2.670563691847658059e-17 7.756179853427700436e+03
8.346635530719783802e-17 3.069778095386367807e-17 7.757469853389549826e+03
6.510992049544567077e-17 3.132465150928086456e-17 7.758759853351401034e+03
9.316312893036096448e-17 3.101173900971940483e-17 7.760049853313249514e+03
9.992028794496784247e-17 2.998165430162956968e-17 7.761339853275098903e+03
1.116504965069129254e-16 2.646434998815608752e-17 7.762629853236949202e+03
9.919668357999625471e-17 1.868905902531076564e-17 7.763919853198799501e+03
9.297873382821064355e-17 1.695578146104470123e-17 7.765209853160649800e+03
6.963522710337627245e-17 1.711051717515132080e-17 7.766499853122500099e+03
8.047053212165738620e-17 1.859081478395784254e-17 7.767789853084350398e+03
5.477283959499504643e-17 2.238453142528326953e-17 7.769079853046199787e+03
6.486747054918392814e-17 2.667154715107204521e-17 7.770369853008050086e+03
1.114079274466429751e-16 2.785100909726038142e-17 7.771659852969898566e+03
9.883950699149585736e-17 2.780590459281908993e-17 7.772949852931749774e+03
7.380012119225016934e-17 2.757802460586685633e-17 7.774239852893599164e+03
8.893913444108137887e-17 2.772388632636200702e-17 7.775529852855450372e+03
7.080210763244767710e-17 2.936641059690242854e-17 7.776819852817299761e+03
9.619655243782562672e-17 2.967779446669189028e-17 7.778109852779150970e+03
1.130902936985676258e-16 2.964416130298548418e-17 7.779399852740999449e+03
8.628218399144675101e-17 2.969092347737433194e-17 7.780689852702849748e+03
1.383257742425475847e-16 2.949715145580010989e-17 7.781979852664699138e+03
1.758213023093148928e-16 2.576709959750043922e-17 7.783269852626549437e+03
1.502347927831470305e-16 2.081368731790424317e-17 7.784559852588399735e+03
9.819092459936037899e-17 1.942517532422783049e-17 7.785849852550250034e+03
7.641063041357362001e-17 2.054765445237861373e-17 7.787139852512100333e+03
9.210758029429429693e-17 2.370911393813790891e-17 7.788429852473949722e+03
6.150870036318990906e-17 3.489703281666057752e-17 7.789719852435800021e+03
9.290459197554629058e-18 4.497555690996182668e-17 7.791009852397648501e+03
6.054167990500111673e-17 4.853320116754829489e-17 7.792299852359499710e+03
8.818999335623905404e-17 4.847149680257428924e-17 7.793589852321349099e+03
1.445272994960903430e-16 4.775209451511447086e-17 7.794879852283200307e+03
3.146057978323598845e-16 4.400129696705197026e-17 7.796169852245049697e+03
1.824152155756732056e-16 3.339576287060338632e-17 7.797459852206900905e+03
7.590133200170227066e-17 2.023688765932611655e-17 7.798749852168749385e+03
8.437895389852554154e-17 1.704806834762601742e-17 7.800039852130599684e+03
1.286340761996230837e-16 1.713642447193648163e-17 7.801329852092449073e+03
1.613887740954978735e-16 1.841299907639976839e-17 7.802619852054299372e+03
5.433548935280355942e-17 2.343506734683786574e-17 7.803909852016149671e+03
6.005103607030406326e-17 3.090917192248527961e-17 7.805199851977999970e+03
1.174065883093183284e-16 3.356887853792093416e-17 7.806489851939850269e+03
1.688853200811638510e-16 3.391216180085289086e-17 7.807779851901700567e+03
1.643642155507450187e-16 3.399617688130867677e-17 7.809069851863549957e+03
1.063176895675631577e-16 3.302046440924317724e-17 7.810359851825398437e+03
1.199140970007666761e-16 2.750375702174939530e-17 7.811649851787249645e+03
1.231422983814304249e-16 2.071464236571836875e-17 7.812939851749099034e+03
1.316397990827345701e-16 1.971102247414655516e-17 7.814229851710950243e+03
5.842763786988709285e-17 2.101157869892897930e-17 7.815519851672799632e+03
1.540232469014153952e-17 3.155330077420277247e-17 7.816809851634650840e+03
1.195072697231783958e-16 4.756817586899698047e-17 7.818099851596499320e+03
1.422122393372361325e-16 5.208569374427978284e-17 7.819389851558349619e+03
1.311988787290193042e-16 5.270188374362768464e-17 7.820679851520199009e+03
1.977302462414107990e-16 5.256900545002716628e-17 7.821969851482049307e+03
1.437278856823394953e-16 5.041419333688162876e-17 7.823259851443899606e+03
1.094918528931700422e-16 3.901301406155298877e-17 7.824549851405749905e+03
2.211948191206984313e-16 2.514518385395244537e-17 7.825839851367600204e+03
1.231378249886777381e-16 1.926724503859553113e-17 7.827129851329450503e+03
1.230662904093041523e-16 1.861971647456044533e-17 7.828419851291299892e+03
1.596712030367029660e-16 1.869684941231979005e-17 7.829709851253150191e+03
1.570031551319703267e-16 1.865756660502964677e-17 7.830999851214999580e+03
1.389922568231387106e-16 1.810454508033996948e-17 7.832289851176848970e+03
1.354681630111973932e-16 1.769985523745452622e-17 7.833579851138700178e+03
1.045902585158666181e-16 1.799696693295499802e-17 7.834869851100549567e+03
8.463410272155119825e-17 2.122104399108455739e-17 7.836159851062400776e+03
1.120098899394549648e-16 2.744596356671154036e-17 7.837449851024249256e+03
1.864869823624634325e-16 3.170270944516455055e-17 7.838739850986099555e+03
1.259198649992650850e-16 3.243962480055334163e-17 7.840029850947948944e+03
8.289162360015109397e-17 3.238875319288133043e-17 7.841319850909799243e+03
1.157263528746516144e-16 3.169796804589339659e-17 7.842609850871649542e+03
1.434397091918158213e-16 2.850488213659374895e-17 7.843899850833499841e+03
1.557405334100795844e-16 2.325097002970806390e-17 7.845189850795350139e+03
1.262491358226203934e-16 2.342855578105584830e-17 7.846479850757200438e+03
5.231637787350857120e-17 2.863917656340295810e-17 7.847769850719049828e+03
3.754324646194426708e-17 4.082042686103850573e-17 7.849059850680900126e+03
1.043988026000075445e-16 5.347034776757924820e-17 7.850349850642749516e+03
5.315795804616492198e-17 5.621962811718704501e-17 7.851639850604598905e+03
1.368392975945652919e-16 5.562904101215888453e-17 7.852929850566450114e+03
1.482209322463805289e-16 5.530985186610937242e-17 7.854219850528299503e+03
1.750157342718066506e-16 5.334430198583841785e-17 7.855509850490150711e+03
3.318932836821220252e-17 4.501492078095200016e-17 7.856799850452000101e+03
1.648390304572402575e-16 3.969697993157103545e-17 7.858089850413849490e+03
1.117970861463471227e-16 3.890355490545507173e-17 7.859379850375699789e+03
1.279317800072308619e-16 3.785325721191689079e-17 7.860669850337549178e+03
1.570942376435797657e-16 3.590919417523761367e-17 7.861959850299399477e+03
1.559303084949339503e-16 3.311247667186112582e-17 7.863249850261249776e+03
1.381355756412195918e-16 2.907946825985268367e-17 7.864539850223100075e+03
1.199216276530633589e-16 3.148195810073129894e-17 7.865829850184950374e+03
1.440254192399523692e-16 3.882294119167810386e-17 7.867119850146799763e+03
1.341014621159127788e-16 4.229049224566774651e-17 7.868409850108650062e+03
1.689156577573098459e-17 4.218468591915486364e-17 7.869699850070499451e+03
6.681905431199253740e-18 4.007140489020438853e-17 7.870989850032348841e+03
1.155334808255838500e-16 3.736972051304289293e-17 7.872279849994200049e+03
1.475516835738210257e-16 3.242602595128296985e-17 7.873569849956049438e+03
1.798138053410878383e-16 2.887329845525751684e-17 7.874859849917900647e+03
1.177350253346161834e-16 2.992241493488097205e-17 7.876149849879750036e+03
1.155559007289064873e-16 3.320921379013797730e-17 7.877439849841599425e+03
1.657101244341525003e-16 3.605053618086577461e-17 7.878729849803449724e+03
1.386838971256687428e-16 3.674553002281037825e-17 7.880019849765299114e+03
8.744472347666347738e-17 3.482903857030871864e-17 7.881309849727149413e+03
8.781775546314529116e-17 3.128922501800644350e-17 7.882599849688999711e+03
1.574737481086190948e-16 2.931279936704164171e-17 7.883889849650850010e+03
1.042728196839932682e-16 3.131713740059643286e-17 7.885179849612700309e+03
1.490975319374499247e-16 3.767718354672885332e-17 7.886469849574549698e+03
1.657784032306350774e-16 4.138000792798572853e-17 7.887759849536399997e+03
1.611136207365382344e-16 4.166984539717940900e-17 7.889049849498249387e+03
1.044803824607399743e-16 4.143294417846667208e-17 7.890339849460098776e+03
1.915278210153615831e-16 3.979361117072948014e-17 7.891629849421949984e+03
1.713752131342872694e-16 3.287344463589045231e-17 7.892919849383799374e+03
1.653490104659363505e-16 2.309141847007516060e-17 7.894209849345650582e+03
1.757736037664726350e-16 2.046646998397898428e-17 7.895499849307499971e+03
1.151563791104882753e-16 1.953411170217861403e-17 7.896789849269349361e+03
1.413044714806857387e-16 1.884509837606276878e-17 7.898079849231199660e+03
5.843645230649445791e-17 1.865686846459265201e-17 7.899369849193049049e+03
1.051732554115939920e-16 1.862161898996931729e-17 7.900659849154899348e+03
1.065510471445317174e-16 1.857056209384009421e-17 7.901949849116749647e+03
1.123091440327419490e-16 1.892833756110397995e-17 7.903239849078599946e+03
8.938970302946146326e-17 1.911537798685324546e-17 7.904529849040450245e+03
6.896429098236716107e-17 1.948953824769058158e-17 7.905819849002300543e+03
8.475699529079697646e-17 2.155469887168639685e-17 7.907109848964149933e+03
3.053669911009755167e-17 3.142857848144202696e-17 7.908399848926000232e+03
1.405532194309201785e-16 4.819092706496365289e-17 7.909689848887848711e+03
2.936058658364556519e-16 5.765495191608905863e-17 7.910979848849699920e+03
2.016948104208141535e-16 5.991180502959913765e-17 7.912269848811549309e+03
1.264886608582361485e-16 6.012961822849660089e-17 7.913559848773400518e+03
1.154635609027659677e-16 5.935646243611063656e-17 7.914849848735249907e+03
1.313985402765549038e-16 5.473326727449050958e-17 7.916139848697099296e+03
1.540714285177353839e-16 4.745904758514408464e-17 7.917429848658949595e+03
1.589749154842803294e-16 4.343380474472629030e-17 7.918719848620798984e+03
1.290901769719399227e-16 4.301145625012406501e-17 7.920009848582649283e+03
8.861024742953029507e-17 4.243898440051081583e-17 7.921299848544499582e+03
1.038777913106624443e-16 4.033768425555255878e-17 7.922589848506349881e+03
1.109360308333488235e-16 3.430114513826717723e-17 7.923879848468200180e+03
1.201589159923027706e-16 2.535602226592486148e-17 7.925169848430049569e+03
1.011140154480002682e-16 2.513129383710645492e-17 7.926459848391899868e+03
4.951557078918362119e-17 3.183491606810767585e-17 7.927749848353750167e+03
7.869690468711098511e-17 3.583044658092256543e-17 7.929039848315600466e+03
7.786403968938849303e-17 3.649487775359455980e-17 7.930329848277449855e+03
9.152526499539166672e-17 3.630282957641689826e-17 7.931619848239299245e+03
1.778469286631143486e-16 3.499687682531817817e-17 7.932909848201150453e+03
1.611693396225998063e-16 2.976841044843584936e-17 7.934199848162999842e+03
1.041311600410098868e-16 2.107986576721768195e-17 7.935489848124849232e+03
1.156535742156367488e-16 1.805131269919973193e-17 7.936779848086699531e+03
1.245355749354351430e-16 1.771769586890606992e-17 7.938069848048549829e+03
1.108960349963706595e-16 1.793233269425132954e-17 7.939359848010399219e+03
1.249480932156377881e-16 1.847193734940539672e-17 7.940649847972249518e+03
1.552170273440070243e-16 1.965284851602692583e-17 7.941939847934099816e+03
1.243265033812511401e-16 2.046112308849944151e-17 7.943229847895950115e+03
1.216758196519372140e-16 2.464828653382449100e-17 7.944519847857799505e+03
1.510559382859508713e-16 3.068242848169469388e-17 7.945809847819649804e+03
1.033428172125774489e-16 3.256236185984395987e-17 7.947099847781500102e+03
9.416946362870317710e-17 3.259733174742025167e-17 7.948389847743350401e+03
1.294289636810620411e-16 3.212956772846641495e-17 7.949679847705199791e+03
1.492650988772184668e-16 3.067100346307411146e-17 7.950969847667049180e+03
1.383302476353002715e-16 2.529910562233631275e-17 7.952259847628900388e+03
1.128357602979177085e-16 1.945652877816604045e-17 7.953549847590749778e+03
9.712652843946184425e-17 1.711431724288538941e-17 7.954839847552599167e+03
1.031662704000790311e-16 1.663422326972083725e-17 7.956129847514449466e+03
1.028946838439207207e-16 1.670123151678253292e-17 7.957419847476299765e+03
6.222989597821774240e-17 1.967022261761298962e-17 7.958709847438150064e+03
8.967622515876003120e-17 3.241697659538163973e-17 7.959999847399999453e+03
1.133601133969375230e-16 4.566032679953527490e-17 7.961289847361849752e+03
3.513137970164175068e-17 5.121415639855921161e-17 7.962579847323700051e+03
-4.655033012525047992e-17 5.216332299040665939e-17 7.963869847285549440e+03
-2.676277094513010825e-16 5.260675797318408646e-17 7.965159847247399739e+03
-3.134245309780749576e-16 5.030453565743669899e-17 7.966449847209250038e+03
1.380657615975201162e-16 4.106430948412119020e-17 7.967739847171100337e+03
1.056433388449854274e-16 2.575330057052182961e-17 7.969029847132949726e+03
7.936730479508316213e-17 2.123093872557191671e-17 7.970319847094799115e+03
1.109542155719351892e-16 1.970072407552026997e-17 7.971609847056650324e+03
9.602690762035835138e-17 2.082034281311284483e-17 7.972899847018499713e+03
9.956143052546273737e-17 2.511787862193206992e-17 7.974189846980349103e+03
2.460143502392948752e-17 3.146626813887239311e-17 7.975479846942199401e+03
1.666177864115844873e-16 3.809825487446529674e-17 7.976769846904049700e+03
2.204132591732889282e-16 3.916887143257023025e-17 7.978059846865899999e+03
1.176245272396688997e-16 3.862264106070961332e-17 7.979349846827749388e+03
1.362086683304446644e-16 3.642707210442236302e-17 7.980639846789599687e+03
1.375180489180018043e-16 3.299212189273466030e-17 7.981929846751449986e+03
1.677257849159319173e-16 2.435777904833464258e-17 7.983219846713300285e+03
1.358122172064602493e-16 1.911474436650402984e-17 7.984509846675149674e+03
1.301441506561202893e-16 1.859103481400078164e-17 7.985799846636999973e+03
7.941319015802270368e-17 1.964975982361965283e-17 7.987089846598850272e+03
1.068685322985193703e-16 3.031679148988910416e-17 7.988379846560699661e+03
1.680285230939589748e-17 4.692302131331992185e-17 7.989669846522549051e+03
-2.387962961135408008e-16 5.357440047119351866e-17 7.990959846484400259e+03
-5.389454914675359228e-17 5.488347996500768920e-17 7.992249846446249649e+03
4.579648072836150325e-17 5.501807217683741744e-17 7.993539846408099038e+03
-8.013183143931897328e-18 5.372444441686573746e-17 7.994829846369949337e+03
7.602461500019717391e-17 4.444147947566083883e-17 7.996119846331799636e+03
1.199898270402071309e-16 2.933690341009143694e-17 7.997409846293649935e+03
9.420023474749014973e-17 2.057720465258145809e-17 7.998699846255499324e+03
9.973056579967268004e-17 1.968116787147829129e-17 7.999989846217349623e+03
8.508305665337557912e-17 1.913596485793846522e-17 8.001279846179199922e+03
8.629596812917433466e-17 1.854697586585375718e-17 8.002569846141050220e+03
1.131495330653162234e-16 1.814653773131683648e-17 8.003859846102899610e+03
9.987650031206173539e-17 1.772321316359179861e-17 8.005149846064749909e+03
9.452836075287768475e-17 1.742795600702467070e-17 8.006439846026600208e+03
8.460027434322022963e-17 1.787118584901018463e-17 8.007729845988450506e+03
9.254462944274281463e-17 2.094820177475639143e-17 8.009019845950298986e+03
1.800494922586613473e-16 2.825940470929006224e-17 8.010309845912150195e+03
9.837162716725626321e-17 3.242593661577681413e-17 8.011599845873999584e+03
1.031228996662016508e-16 3.294101536576868404e-17 8.012889845835848973e+03
8.510304133697486027e-17 3.294314949174907085e-17 8.014179845797699272e+03
8.260935648792349880e-17 3.281643203935084743e-17 8.015469845759549571e+03
1.730894887055217657e-16 3.043909841526119483e-17 8.016759845721399870e+03
1.174538236310175565e-16 2.295516527957542588e-17 8.018049845683249259e+03
9.422006722985672112e-17 2.113329336298248201e-17 8.019339845645099558e+03
3.788280741211973515e-17 2.527579070959089312e-17 8.020629845606949857e+03
6.477137201433996760e-17 4.030215519388218113e-17 8.021919845568800156e+03
1.076952629248191691e-16 4.664058545624736587e-17 8.023209845530649545e+03
1.357336151959330104e-16 4.790820996648282887e-17 8.024499845492499844e+03
2.027282369385787029e-17 4.843741365261465428e-17 8.025789845454350143e+03
6.655864462027104344e-17 4.818262548033607070e-17 8.027079845416200442e+03
6.429295721781889809e-17 4.206027795502688827e-17 8.028369845378048922e+03
1.035476668369149811e-16 3.011331829409086020e-17 8.029659845339900130e+03
1.500793357675462647e-16 2.293575796804370675e-17 8.030949845301749519e+03
1.449157170419656431e-16 2.039643425587534453e-17 8.032239845263600728e+03
1.296919938809641031e-16 1.889635875862267990e-17 8.033529845225449208e+03
1.042075121202709815e-16 1.791723168498856147e-17 8.034819845187299507e+03
1.129047670133393323e-16 1.750068338084155800e-17 8.036109845149149805e+03
1.229672272591448017e-16 1.741674936408580228e-17 8.037399845110999195e+03
1.249240057162002439e-16 1.729757745323528759e-17 8.038689845072849494e+03
1.465187004248648048e-16 1.716735275503983933e-17 8.039979845034699792e+03
1.241559585912774071e-16 1.707646049497128755e-17 8.041269844996550091e+03
1.117432863193066738e-16 1.711880387052787703e-17 8.042559844958399481e+03
1.226865549511382087e-16 1.704115477206629922e-17 8.043849844920249780e+03
1.244834824091790035e-16 1.719418980283350976e-17 8.045139844882100078e+03
8.859801839135431111e-17 1.874400863340266326e-17 8.046429844843950377e+03
1.031871947608541725e-16 2.272989256591395943e-17 8.047719844805798857e+03
3.482853895321873661e-17 2.700039280359250136e-17 8.049009844767650065e+03
5.386521732223246192e-17 2.782067142111438658e-17 8.050299844729499455e+03
8.672739906690239220e-17 2.784745222062640340e-17 8.051589844691350663e+03
1.280907310337390517e-16 2.737987514449100366e-17 8.052879844653199143e+03
1.349696841217382375e-16 2.565929314826640313e-17 8.054169844615049442e+03
9.412661567297293027e-17 2.041128545659312159e-17 8.055459844576899741e+03
9.273175754963701076e-17 1.884123213387969592e-17 8.056749844538750040e+03
6.146272235602176157e-17 2.781847773812989595e-17 8.058039844500599429e+03
5.693200267816261287e-17 3.465486080308465271e-17 8.059329844462449728e+03
9.232931763801771174e-17 3.550218822663702193e-17 8.060619844424300027e+03
6.303743601430631099e-17 3.559079250513125204e-17 8.061909844386149416e+03
9.908436568770135440e-17 3.542036352044327643e-17 8.063199844347999715e+03
1.856528666676547602e-16 3.219926596688013306e-17 8.064489844309850014e+03
1.227503735897578999e-16 2.323641992273325614e-17 8.065779844271700313e+03
1.192340751279092823e-16 1.775952473812165142e-17 8.067069844233548793e+03
1.472753920143385136e-16 1.667271529234537984e-17 8.068359844195400001e+03
1.099346790710166303e-16 1.650337322298229891e-17 8.069649844157249390e+03
8.347666528635269896e-17 1.660107317949216212e-17 8.070939844119100599e+03
1.139275195924794974e-16 1.706694295484325241e-17 8.072229844080949078e+03
1.102215386900051199e-16 1.771074755176062449e-17 8.073519844042799377e+03
9.445423875254803305e-17 1.815658466703690555e-17 8.074809844004649676e+03
1.123114998431265000e-16 1.824545860641082795e-17 8.076099843966499975e+03
1.167141918144971413e-16 1.809454777545665358e-17 8.077389843928349364e+03
1.200355271146894606e-16 1.789543547584778919e-17 8.078679843890199663e+03
1.098525698146921665e-16 1.780299804239498834e-17 8.079969843852049962e+03
1.006749545963020215e-16 1.807848061923842358e-17 8.081259843813900261e+03
8.652497804484331569e-17 1.852803177546506774e-17 8.082549843775749650e+03
6.739394483771689163e-17 1.864695222340936631e-17 8.083839843737599949e+03
1.072663598510430736e-16 1.864267239092001695e-17 8.085129843699450248e+03
1.223411110924462635e-16 1.829425729946778127e-17 8.086419843661298728e+03
1.172947534905011591e-16 1.785247998663791046e-17 8.087709843623149936e+03
9.661779251040703096e-17 1.833482058234615664e-17 8.088999843584999326e+03
9.107236706640663300e-17 2.073791426507193563e-17 8.090289843546850534e+03
1.033729530566539808e-16 2.193262942175574966e-17 8.091579843508699014e+03
5.706320014075842348e-17 2.197895319041994432e-17 8.092869843470549313e+03
1.096409373093316995e-16 2.212079646749931240e-17 8.094159843432399612e+03
1.054969741986778444e-16 2.170777360712300994e-17 8.095449843394249910e+03
1.206170284678693386e-16 2.008186739508877874e-17 8.096739843356099300e+03
9.848462665637590721e-17 2.114459761323363168e-17 8.098029843317949599e+03
9.351618285068839754e-17 2.528619002425190978e-17 8.099319843279799898e+03
6.137308906484551549e-17 2.645637927577352655e-17 8.100609843241650196e+03
9.744038723364406465e-17 2.682741113953418711e-17 8.101899843203499586e+03
7.688469093135021038e-17 2.679003250201414090e-17 8.103189843165349885e+03
1.802887658313708863e-16 2.584863644484101627e-17 8.104479843127200184e+03
9.329522636546323279e-17 2.170424154590740851e-17 8.105769843089050482e+03
1.075940491050671806e-16 1.849811761579270005e-17 8.107059843050899872e+03
1.108345986379151210e-16 1.748632352540763744e-17 8.108349843012749261e+03
1.004890242469348022e-16 1.721500166704534394e-17 8.109639842974600469e+03
7.574771463578382279e-17 1.695922584111537204e-17 8.110929842936448949e+03
8.330676238853430707e-17 1.681281321833226104e-17 8.112219842898299248e+03
8.441139261342742108e-17 1.657230880087124313e-17 8.113509842860149547e+03
8.596253493297665942e-17 1.638827931255167064e-17 8.114799842821999846e+03
1.085582505317283922e-16 1.634737357689969832e-17 8.116089842783849235e+03
1.164626494989422158e-16 1.625143551509457306e-17 8.117379842745699534e+03
1.094012534550383342e-16 1.624257971945658035e-17 8.118669842707549833e+03
1.045799022145974541e-16 1.632542847524866649e-17 8.119959842669400132e+03
1.063419623554579137e-16 1.644491471473195134e-17 8.121249842631249521e+03
1.172477563968183463e-16 1.664134198607246861e-17 8.122539842593099820e+03
8.544738669981333506e-17 1.677932729277488937e-17 8.123829842554950119e+03
9.268129953227127607e-17 1.695524379364654177e-17 8.125119842516800418e+03
1.047434192780869367e-16 1.703314104629188549e-17 8.126409842478649807e+03
1.341242790659294415e-16 1.723674328226568772e-17 8.127699842440499197e+03
1.319998277899870503e-16 1.733580312370258810e-17 8.128989842402350405e+03
9.855580389372487014e-17 1.722770716125415845e-17 8.130279842364199794e+03
1.337364570900951796e-16 1.729240592004560606e-17 8.131569842326049184e+03
1.470583398216045992e-16 1.756996306586532428e-17 8.132859842287899482e+03
9.635824970396749257e-17 1.804316497016608461e-17 8.134149842249749781e+03
1.113548423036517720e-16 1.950064562895594363e-17 8.135439842211599171e+03
9.146352423447070873e-17 2.035293779054485612e-17 8.136729842173449470e+03
9.073923165522947685e-17 2.041967141364318418e-17 8.138019842135299768e+03
9.754255396546171420e-17 2.012436131751685288e-17 8.139309842097150067e+03
1.599442652830740711e-16 1.989853273848375079e-17 8.140599842058999457e+03
1.159424521553198677e-16 1.951985276277942494e-17 8.141889842020849755e+03
1.118800821402882433e-16 2.014534192657364787e-17 8.143179841982700054e+03
9.425638376747024925e-17 2.078554332474273896e-17 8.144469841944550353e+03
5.530956069853375375e-17 2.083676565699447264e-17 8.145759841906399743e+03
1.092374319890834322e-16 2.094746558401121923e-17 8.147049841868249132e+03
1.033004390954351322e-16 2.052764660772218110e-17 8.148339841830100340e+03
7.889583169826263763e-17 1.878077846599187045e-17 8.149629841791949730e+03
9.787962013890972235e-17 1.674692166509751196e-17 8.150919841753799119e+03
1.013866409430079453e-16 1.592330289226213762e-17 8.152209841715649418e+03
1.280849341520062801e-16 1.588327231369824640e-17 8.153499841677499717e+03
1.088271570227020309e-16 1.576257342743695881e-17 8.154789841639350016e+03
6.624495126221133364e-17 1.575026167119971955e-17 8.156079841601199405e+03
1.028083195705252841e-16 1.591721815167619755e-17 8.157369841563049704e+03
1.274051637420551024e-16 1.594761869354874642e-17 8.158659841524900003e+03
1.296397160662507517e-16 1.597195765589250671e-17 8.159949841486749392e+03
1.109114602604335483e-16 1.586011291090798673e-17 8.161239841448599691e+03
8.664149139720508496e-17 1.578602565216406225e-17 8.162529841410449990e+03
1.179032540188747679e-16 1.576354288311487096e-17 8.163819841372300289e+03
1.231994069309210859e-16 1.571093419615649840e-17 8.165109841334149678e+03
1.080759314427160724e-16 1.566341763304900228e-17 8.166399841295999067e+03
9.616087117492253932e-17 1.571405928451072374e-17 8.167689841257850276e+03
1.236326245787722580e-16 1.602664587491083758e-17 8.168979841219699665e+03
1.141797368874142662e-16 1.609220821026179055e-17 8.170269841181549054e+03
9.076755431940329252e-17 1.624564194208425166e-17 8.171559841143399353e+03
9.228803801672886544e-17 1.641765084174220355e-17 8.172849841105249652e+03
9.443562388004313971e-17 1.647322579837719127e-17 8.174139841067099951e+03
8.997522117169589879e-17 1.652064475417240613e-17 8.175429841028949340e+03
8.241432053437329572e-17 1.675027836402325214e-17 8.176719840990799639e+03
1.043452277660937100e-16 1.706799181985996965e-17 8.178009840952649938e+03
7.499927500010094292e-17 1.753526449352994988e-17 8.179299840914500237e+03
9.624319218948381664e-17 1.842789329050939821e-17 8.180589840876349626e+03
8.708286173717357968e-17 1.902432690810708349e-17 8.181879840838199925e+03
9.509810290646950894e-17 1.949180637693020198e-17 8.183169840800050224e+03
1.410984571860457318e-16 2.021195312694131808e-17 8.184459840761899613e+03
1.337703516428751524e-16 2.052348588924103937e-17 8.185749840723749003e+03
1.273556917239795309e-16 2.050806062517815051e-17 8.187039840685600211e+03
1.446611307017565224e-16 2.028382023292115024e-17 8.188329840647449601e+03
1.108640925898363118e-16 2.015230347860889415e-17 8.189619840609298990e+03
3.638766687440156189e-18 9.332449366989658402e-18 8.190909840571149289e+03
9.154193599345706044e-18 9.559964567291756110e-18 8.192199840532999588e+03
1.113198244395999521e-17 9.588414617279904944e-18 8.193489840494850796e+03
7.413385382782958878e-18 9.516959447245124202e-18 8.194779840456700185e+03
1.499914197033216787e-17 9.511317248286900000e-18 8.196069840418549575e+03
2.098178034454236903e-17 9.283312357062170899e-18 8.197359840380398964e+03
8.669259130672616080e-17 1.912751438080062348e-17 8.198649840342250172e+03
1.108009489305964638e-16 1.823745315244253975e-17 8.199939840304099562e+03
9.186613619965741879e-17 1.805209521205920710e-17 8.201229840265948951e+03
1.126023233116103437e-16 1.831287051761144950e-17 8.202519840227800159e+03
1.372467733817538138e-16 1.849916151772574197e-17 8.203809840189649549e+03
6.034201174002061670e-17 1.853312886239961949e-17 8.205099840151498938e+03
1.277004738381814337e-16 1.848906329680769460e-17 8.206389840113350147e+03
8.832712666691054518e-17 1.809309524630101047e-17 8.207679840075199536e+03
6.692118133914078441e-17 1.767578262726800801e-17 8.208969840037048925e+03
8.669253836716695740e-17 1.731824373365931243e-17 8.210259839998900134e+03
1.104963016197156340e-16 1.726648207964819417e-17 8.211549839960749523e+03
9.783554133842799661e-17 1.702935255908639262e-17 8.212839839922600731e+03
1.139907956006173538e-16 1.695464160616060316e-17 8.214129839884448302e+03
1.034979301210433927e-16 1.689636011456134194e-17 8.215419839846299510e+03
1.083904321290536340e-16 1.681349150643455452e-17 8.216709839808150718e+03
1.160906961559791712e-16 1.653169423279488947e-17 8.217999839770000108e+03
9.432453021505481788e-17 1.640938896178402391e-17 8.219289839731849497e+03
9.592143878353539014e-17 1.657119210704429655e-17 8.220579839693698887e+03
1.092877576575511584e-16 1.656839458221264221e-17 8.221869839655550095e+03
1.052950627198761006e-16 1.632740212819021802e-17 8.223159839617399484e+03
7.432561249179285676e-17 1.593186421160206146e-17 8.224449839579248874e+03
8.859265164354006706e-17 1.571246282592849640e-17 8.225739839541100082e+03
8.715380736395102776e-17 1.529594926336722016e-17 8.227029839502949471e+03
9.438441147395875666e-17 1.496180469184274931e-17 8.228319839464800680e+03
1.160400197629317225e-16 1.498788404219532117e-17 8.229609839426650069e+03
9.841213916493666029e-17 1.517546213534274615e-17 8.230899839388499458e+03
9.344397329193496844e-17 1.539507362489189968e-17 8.232189839350350667e+03
1.113319194745167025e-16 1.554668094192184370e-17 8.233479839312200056e+03
1.089583743376325428e-16 1.566562785964574397e-17 8.234769839274049446e+03
1.016824341126120075e-16 1.595267111273022031e-17 8.236059839235898835e+03
8.916355846743436592e-17 1.636390395426095802e-17 8.237349839197750043e+03
7.716793742542306833e-17 1.692814039369562926e-17 8.238639839159599433e+03
1.147818714337936669e-16 1.717345569359925557e-17 8.239929839121448822e+03
8.731108417689941023e-17 1.716197938978069487e-17 8.241219839083300030e+03
9.206639993467895700e-17 1.740495211418957100e-17 8.242509839045149420e+03
9.977390344632555827e-17 1.794330110917378269e-17 8.243799839006998809e+03
9.429964200478432239e-17 1.791170611849670724e-17 8.245089838968850017e+03
1.035312555735619291e-16 1.780978588650159849e-17 8.246379838930699407e+03
1.236356553685366523e-16 1.789009188909069663e-17 8.247669838892550615e+03
1.348863440206622948e-16 1.774837268910321150e-17 8.248959838854400004e+03
9.341312276380919072e-17 1.746811562576412020e-17 8.250249838816249394e+03
1.420996898343697174e-16 1.717031737035522939e-17 8.251539838778100602e+03
9.608508157847798071e-17 1.686960578482892681e-17 8.252829838739949992e+03
9.974052505424781849e-17 1.663552690636622083e-17 8.254119838701799381e+03
6.306306537840565400e-17 1.648812662993172151e-17 8.255409838663650589e+03
7.750620797384295368e-17 1.650266681073917863e-17 8.256699838625499979e+03
9.595802001894493524e-17 1.615000993710577102e-17 8.257989838587349368e+03
1.332794034057126794e-16 1.595139063714198823e-17 8.259279838549198757e+03
1.164735550481381149e-16 1.589736250825247467e-17 8.260569838511049966e+03
7.795617437473709947e-17 1.588389435351888628e-17 8.261859838472899355e+03
7.773490025215671435e-17 1.595586568425590011e-17 8.263149838434748744e+03
1.226424165936523792e-16 1.612674630955832967e-17 8.264439838396599953e+03
1.177520454029000745e-16 1.618240729297702290e-17 8.265729838358449342e+03
9.545674856773780047e-17 1.628735004293040042e-17 8.267019838320300551e+03
1.154622241788960820e-16 1.634339649251454336e-17 8.268309838282149940e+03
1.319353341719875158e-16 1.618216244751570721e-17 8.269599838243999329e+03
6.563206336786874353e-17 1.598615042084269156e-17 8.270889838205850538e+03
5.387248327673312771e-17 1.667706295364495856e-17 8.272179838167699927e+03
1.033316403481406324e-16 2.053487782063711966e-17 8.273469838129549316e+03
9.288867702056077032e-17 2.700637993686616018e-17 8.274759838091398706e+03
7.810392206702887106e-17 3.275015832867309885e-17 8.276049838053249914e+03
4.514351758770194405e-17 3.977661757222519074e-17 8.277339838015101122e+03
1.679995486114624673e-16 4.707356818480457289e-17 8.278629837976948693e+03
1.952415840330388595e-16 4.854452030705047052e-17 8.279919837938799901e+03
2.099679532702143159e-16 4.721029783133713815e-17 8.281209837900649291e+03
5.682771174653192714e-17 4.631430902670949942e-17 8.282499837862500499e+03
1.457650131553758885e-16 4.856410463523327600e-17 8.283789837824349888e+03
9.891032026937529695e-17 5.257941799957798379e-17 8.285079837786199278e+03
-5.616382320434176755e-17 5.281207412738709857e-17 8.286369837748050486e+03
5.247136174179895668e-17 5.285949142882108832e-17 8.287659837709899875e+03
9.511866330777512700e-17 5.135886668364168849e-17 8.288949837671749265e+03
8.642508109662651165e-17 4.760213328750350736e-17 8.290239837633600473e+03
1.341643675471362114e-16 3.996938043345209810e-17 8.291529837595449862e+03
4.002052335636502669e-17 3.502055073444944582e-17 8.292819837557299252e+03
8.864635096813609079e-19 4.132030864881655141e-17 8.294109837519150460e+03
1.842618135751365846e-16 5.327541769314745191e-17 8.295399837480999850e+03
1.421216729863289266e-16 5.777859887405348521e-17 8.296689837442849239e+03
1.365328040165572437e-16 5.805898001448445947e-17 8.297979837404698628e+03
1.157694986154023803e-16 5.547853715406608625e-17 8.299269837366549837e+03
2.368648492355641825e-16 5.108425595516388415e-17 8.300559837328399226e+03
1.931588755995283443e-16 4.027936471364512011e-17 8.301849837290250434e+03
1.322835308877580375e-16 2.660705022435006054e-17 8.303139837252099824e+03
9.303019107975634230e-17 2.053650571208262402e-17 8.304429837213949213e+03
6.899395037041086243e-17 2.311528924819221588e-17 8.305719837175800421e+03
5.596868137167315769e-17 2.912496650226555040e-17 8.307009837137649811e+03
1.087715638680935670e-16 3.298248358423719242e-17 8.308299837099499200e+03
1.390924846436005359e-16 3.337711491087399086e-17 8.309589837061350408e+03
1.495127898398413454e-16 3.325312384577474223e-17 8.310879837023199798e+03
1.232188489840385323e-16 3.225082248009933817e-17 8.312169836985049187e+03
7.161022338624258260e-17 2.828787957469658767e-17 8.313459836946898577e+03
1.116033141247729007e-16 2.089615391625332982e-17 8.314749836908749785e+03
1.322707592191002188e-16 1.843908008111356535e-17 8.316039836870600993e+03
1.024735628853475241e-16 1.841139765473386573e-17 8.317329836832448564e+03
1.111545587162955325e-16 1.842726628760508301e-17 8.318619836794299772e+03
9.778660533338935949e-17 1.825351038249341913e-17 8.319909836756149161e+03
1.598654515143100186e-16 1.754975338913942871e-17 8.321199836718000370e+03
9.641062678035435029e-17 1.630933319488960968e-17 8.322489836679849759e+03
1.030268739232515949e-16 1.608732949900895280e-17 8.323779836641699148e+03
1.196043873445370217e-16 1.598587745124054906e-17 8.325069836603550357e+03
1.350243971561749449e-16 1.596909726533429834e-17 8.326359836565399746e+03
8.674805211243661620e-17 1.580805347187634938e-17 8.327649836527249136e+03
8.440725009291975551e-17 1.582949399335372386e-17 8.328939836489100344e+03
1.365199794083402215e-16 1.604049784144865058e-17 8.330229836450949733e+03
1.179592243678425560e-16 1.611068577078500009e-17 8.331519836412800942e+03
1.079065976451591170e-16 1.644531837887087722e-17 8.332809836374650331e+03
9.543484482511739629e-17 1.731497637023972797e-17 8.334099836336499720e+03
9.439193550881053900e-17 1.818115027686850537e-17 8.335389836298349110e+03
7.607394805192983648e-17 1.891000889309102996e-17 8.336679836260198499e+03
8.859386925340174512e-17 2.286573216610741764e-17 8.337969836222049707e+03
-4.512661001598136017e-17 3.840350106410961501e-17 8.339259836183899097e+03
-1.352862626857745322e-16 6.177237245524731216e-17 8.340549836145750305e+03
8.791635539216161206e-17 7.617935733174869390e-17 8.341839836107599695e+03
-1.212601514679619670e-16 7.940249636706361814e-17 8.343129836069449084e+03
1.819432858751545519e-16 7.961379800017906396e-17 8.344419836031300292e+03
1.380956856833598346e-16 7.793296699547131172e-17 8.345709835993149682e+03
-2.096726961136471880e-16 6.943865590260917095e-17 8.346999835954999071e+03
1.676558649931140350e-16 5.239593941354637162e-17 8.348289835916850279e+03
1.391126678505468298e-16 4.710716495256402666e-17 8.349579835878699669e+03
-5.655699869310047267e-17 4.988751420597931519e-17 8.350869835840550877e+03
8.515344641478139157e-17 4.979134618796390019e-17 8.352159835802398447e+03
1.299836114428359977e-16 4.875468704836549358e-17 8.353449835764249656e+03
8.132835150409937802e-17 4.604796017818987472e-17 8.354739835726100864e+03
2.846189786149855338e-16 3.579432525793359982e-17 8.356029835687950253e+03
1.439557772498203047e-16 2.196251380292606545e-17 8.357319835649799643e+03
1.085620555625461362e-16 2.109090035658913934e-17 8.358609835611649032e+03
5.494038999115133750e-17 2.424712378907097385e-17 8.359899835573500241e+03
7.830308068875203842e-17 3.131574111972244335e-17 8.361189835535349630e+03
1.218936791729489802e-16 3.402982658862733394e-17 8.362479835497199019e+03
1.085372335267246449e-16 3.393249390030944428e-17 8.363769835459050228e+03
1.136932885127840817e-16 3.298732093645940252e-17 8.365059835420899617e+03
1.205069274196160804e-16 3.160503264971183883e-17 8.366349835382749006e+03
1.166478717817050897e-16 2.672558189740645919e-17 8.367639835344600215e+03
1.211007636900903492e-16 2.022553212387698859e-17 8.368929835306449604e+03
1.081910485142038522e-16 1.716239463444819649e-17 8.370219835268300812e+03
8.660455281977091696e-17 1.670864801815468337e-17 8.371509835230150202e+03
1.035757049509580786e-16 1.687050741169660961e-17 8.372799835191999591e+03
1.258752766555260266e-16 1.715802712081391650e-17 8.374089835153848981e+03
1.183843290282458080e-16 1.844947277832968159e-17 8.375379835115700189e+03
8.084063258004831206e-17 2.215511784547536262e-17 8.376669835077549578e+03
7.987577602634195846e-17 3.128693538207089671e-17 8.377959835039398968e+03
5.670323099051004711e-17 3.967722685854326915e-17 8.379249835001250176e+03
1.818900849268775913e-17 4.259757477627193251e-17 8.380539834963099565e+03
1.228464059501528562e-16 4.267641832353803689e-17 8.381829834924948955e+03
8.871829045241952133e-17 4.170413037920850689e-17 8.383119834886800163e+03
9.036512102522889392e-17 3.825832424916165823e-17 8.384409834848649552e+03
1.860580395840179344e-16 2.983730135857171571e-17 8.385699834810498942e+03
1.471581705953723990e-16 1.966045030585628816e-17 8.386989834772350150e+03
1.261578018481047383e-16 1.822943446358445070e-17 8.388279834734199540e+03
1.046716464706969356e-16 1.820347919032376180e-17 8.389569834696050748e+03
8.413205041184581342e-17 1.817400509073727232e-17 8.390859834657898318e+03
9.189212952322628513e-17 1.856300497176380975e-17 8.392149834619749527e+03
1.230072495659025674e-16 2.220314891492386673e-17 8.393439834581600735e+03
-9.516981615685540623e-17 4.306099775137109094e-17 8.394729834543450124e+03
-4.897563029870085748e-16 6.500944782952252981e-17 8.396019834505299514e+03
-1.528005349897191114e-16 6.893901896029244096e-17 8.397309834467148903e+03
-1.149179261009463889e-16 6.949328291026217290e-17 8.398599834429000111e+03
-7.491284455225650217e-17 6.891778357960697964e-17 8.399889834390849501e+03
-3.555015808472019711e-16 6.550015783866858753e-17 8.401179834352698890e+03
-1.579913646487302774e-16 4.608121945625940686e-17 8.402469834314550098e+03
1.900251316273732509e-16 2.548414261664197483e-17 8.403759834276399488e+03
1.523300875968581526e-16 1.737720351336086714e-17 8.405049834238250696e+03
8.075332201203211488e-17 1.662965723273954454e-17 8.406339834200100086e+03
1.156336954111558744e-16 1.668045108543397576e-17 8.407629834161949475e+03
8.358801703169213733e-17 1.726651351251147119e-17 8.408919834123800683e+03
1.039072587928040333e-16 2.502092312797350444e-17 8.410209834085650073e+03
3.851013126251260070e-17 3.771609081402089753e-17 8.411499834047499462e+03
2.411046528007108815e-17 4.460288888294953622e-17 8.412789834009348851e+03
6.303364421837836791e-17 4.565530085013340270e-17 8.414079833971200060e+03
4.887957477724874970e-17 4.565445381718614840e-17 8.415369833933049449e+03
1.800432586255651477e-16 4.447690927565771011e-17 8.416659833894898838e+03
1.048432500518547365e-16 3.800712604074155479e-17 8.417949833856750047e+03
7.191988672035793404e-17 2.554193938040227998e-17 8.419239833818599436e+03
5.498286075252226015e-17 1.871110007991285361e-17 8.420529833780448826e+03
9.146397422072393758e-17 1.907222728301880422e-17 8.421819833742300034e+03
6.423919047800295129e-17 2.029161392865262486e-17 8.423109833704149423e+03
4.180326301253931194e-17 2.655794382010523750e-17 8.424399833666000632e+03
6.885849127329917861e-17 4.579463446123428489e-17 8.425689833627850021e+03
-1.787415410392026991e-16 6.893017805390547420e-17 8.426979833589699410e+03
-2.080860048800928707e-16 7.402956124183767794e-17 8.428269833551550619e+03
-1.525492689524887786e-18 7.442623735894870747e-17 8.429559833513400008e+03
-7.093945931880088224e-16 7.381271418989567663e-17 8.430849833475249397e+03
-1.234231295081146280e-16 7.084888635044877593e-17 8.432139833437100606e+03
5.881099307041356842e-17 5.112759029309431216e-17 8.433429833398949995e+03
5.550824617294654079e-17 2.674320415317628889e-17 8.434719833360799385e+03
7.224629880751625918e-17 1.961363684626946211e-17 8.436009833322648774e+03
9.566625687328523132e-17 1.792559448098147258e-17 8.437299833284499982e+03
1.083023407025391867e-16 1.669511865205576605e-17 8.438589833246349372e+03
6.553057161543093725e-17 1.627655202721413319e-17 8.439879833208198761e+03
8.242670177378198944e-17 1.658085853968259123e-17 8.441169833170049969e+03
1.085355857829444393e-16 1.766362968970837892e-17 8.442459833131899359e+03
1.134091883683190690e-16 1.843379108827690129e-17 8.443749833093750567e+03
8.924877792286202904e-17 1.870248416665250127e-17 8.445039833055599956e+03
4.491584108718039850e-17 2.021156104333096795e-17 8.446329833017449346e+03
9.022144306155088322e-17 2.931817604102323639e-17 8.447619832979300554e+03
9.175185292622709248e-17 3.907156852275439250e-17 8.448909832941149944e+03
1.223907022245300426e-16 4.303384637494465036e-17 8.450199832902999333e+03
1.087956778373107129e-16 4.326755467649293259e-17 8.451489832864848722e+03
1.115310648613500690e-16 4.302921085479190319e-17 8.452779832826699931e+03
1.905647974938926470e-16 4.074920991902014026e-17 8.454069832788551139e+03
1.118406024640123124e-16 3.294086978198087470e-17 8.455359832750398709e+03
6.775206110339314922e-17 2.077876375244225434e-17 8.456649832712249918e+03
9.450692023140031027e-17 1.767208016684622065e-17 8.457939832674099307e+03
-2.188178759258579037e-17 2.044413114435637721e-17 8.459229832635948696e+03
-2.595515745540314496e-17 3.356648302286698059e-17 8.460519832597799905e+03
2.304138463092754311e-16 5.526272242352855111e-17 8.461809832559649294e+03
-1.323104771233925649e-16 6.364954966759555147e-17 8.463099832521500502e+03
-1.078156805696721887e-16 6.422950915611363065e-17 8.464389832483349892e+03
-1.975033737604446550e-16 6.382416418618304540e-17 8.465679832445199281e+03
2.369381175855016794e-16 6.243347505313439315e-17 8.466969832407050490e+03
2.564358101796708088e-16 5.025922270348104413e-17 8.468259832368899879e+03
1.253499971142201528e-16 2.664294655421241173e-17 8.469549832330749268e+03
7.914218593701563055e-17 1.922991934063468831e-17 8.470839832292600477e+03
6.278797157645011869e-17 1.901033597522636158e-17 8.472129832254449866e+03
1.132425081661671837e-16 1.912305256857651245e-17 8.473419832216299255e+03
7.651598013638837362e-17 1.908305838595957357e-17 8.474709832178148645e+03
7.822968660736143338e-17 1.887199994394421834e-17 8.475999832139999853e+03
9.917344973095086526e-17 1.793711214383066093e-17 8.477289832101849242e+03
1.014909649618631331e-16 1.668268447308786893e-17 8.478579832063700451e+03
8.721786423058713422e-17 1.613286082864632165e-17 8.479869832025549840e+03
1.026605983480131142e-16 1.615402507179910342e-17 8.481159831987399230e+03
1.301209101896299994e-16 1.629942522551244952e-17 8.482449831949250438e+03
1.133163191465865155e-16 1.638434689591959355e-17 8.483739831911099827e+03
9.837465795702065750e-17 1.636405946421611799e-17 8.485029831872949217e+03
9.312179636951291480e-17 1.644890337964568204e-17 8.486319831834800425e+03
9.164200334088005041e-17 1.804094812612444250e-17 8.487609831796649814e+03
9.212349524927981718e-17 2.473525464906709123e-17 8.488899831758499204e+03
4.635598900341482138e-17 3.289387930574296231e-17 8.490189831720348593e+03
8.670066458950467835e-17 3.620949713354131504e-17 8.491479831682199801e+03
1.153699505272045667e-16 3.658874290078462717e-17 8.492769831644051010e+03
8.542736892898955179e-17 3.657500508517134649e-17 8.494059831605898580e+03
1.754698101059839598e-16 3.505146081957932736e-17 8.495349831567749789e+03
1.770230700079013339e-16 2.888701641853609625e-17 8.496639831529599178e+03
1.349533787375035922e-16 2.090578560730589727e-17 8.497929831491450386e+03
6.592276772234437958e-17 2.243255587728687321e-17 8.499219831453299776e+03
4.672028596262807519e-18 3.426127172401967108e-17 8.500509831415149165e+03
2.121001204869106017e-16 4.767843573592784885e-17 8.501799831377000373e+03
1.380891608826880163e-16 4.984129466207230222e-17 8.503089831338849763e+03
8.107695477233226185e-17 4.967213953552765827e-17 8.504379831300699152e+03
9.700021465120254672e-17 4.909938313578369085e-17 8.505669831262550360e+03
1.329771714622205044e-16 4.539399118590545104e-17 8.506959831224399750e+03
9.966779271734725588e-17 3.208753040973647008e-17 8.508249831186249139e+03
1.324739015426534415e-16 1.990373735889793444e-17 8.509539831148100347e+03
7.450096154676429778e-17 1.633488811273382292e-17 8.510829831109949737e+03
8.927262057683825751e-17 1.618165455861959965e-17 8.512119831071799126e+03
1.317219877483978389e-16 1.615880452137843481e-17 8.513409831033648516e+03
9.782737541142087312e-17 1.608484961153251882e-17 8.514699830995499724e+03
1.007459597800835734e-16 1.652499406983320995e-17 8.515989830957349113e+03
1.152353914025993405e-16 1.726054126848883833e-17 8.517279830919200322e+03
1.120427257010508698e-16 1.754730658888749685e-17 8.518569830881049711e+03
1.076118831190738239e-16 1.750781698644421531e-17 8.519859830842899100e+03
9.547961845731366658e-17 1.752181784549228786e-17 8.521149830804750309e+03
8.819259401208492076e-17 1.740992843275469002e-17 8.522439830766599698e+03
1.013808440612751736e-16 1.690565927900766307e-17 8.523729830728449087e+03
1.254500793508941687e-16 1.623667530424417684e-17 8.525019830690300296e+03
9.594370648562531765e-17 1.595511129553725175e-17 8.526309830652149685e+03
1.087272931617097290e-16 1.602166293890081814e-17 8.527599830614000894e+03
9.678168015081093723e-17 1.589243251180165863e-17 8.528889830575848464e+03
1.042371516559799816e-16 1.585509523331224006e-17 8.530179830537699672e+03
1.300367495253864042e-16 1.599807174783080579e-17 8.531469830499550881e+03
5.821640241122065127e-17 1.639239701764095961e-17 8.532759830461398451e+03
5.870631832697865808e-17 1.945549149367789896e-17 8.534049830423249659e+03
1.656108892304257387e-16 2.553848011108058322e-17 8.535339830385099049e+03
1.305659068894039266e-16 2.718160656910694335e-17 8.536629830346950257e+03
7.305115216097525553e-17 2.739577190150304774e-17 8.537919830308799646e+03
9.532070051802997890e-17 2.752793716541554540e-17 8.539209830270649036e+03
1.250876683634775358e-16 2.693182614825675579e-17 8.540499830232500244e+03
1.199841757422621686e-16 2.294399999566718512e-17 8.541789830194349634e+03
6.405560270413048212e-17 1.983774158090600368e-17 8.543079830156199023e+03
2.720489170335031108e-17 2.616293364474788977e-17 8.544369830118050231e+03
6.769090267762342857e-17 3.289909385232449659e-17 8.545659830079899621e+03
8.024547282059395843e-17 3.513324251238122010e-17 8.546949830041750829e+03
1.143145210051461067e-16 3.558647462233372524e-17 8.548239830003600218e+03
1.008172428965509431e-16 3.529240860584867369e-17 8.549529829965449608e+03
1.144053388189595287e-16 3.292208285590857034e-17 8.550819829927298997e+03
1.063311957726049235e-16 2.620734662619708693e-17 8.552109829889150205e+03
1.045434665629757184e-16 1.930054236697324071e-17 8.553399829850999595e+03
8.859014363192280628e-17 1.694222231644373200e-17 8.554689829812848984e+03
9.347314960650093883e-17 1.654194630930687170e-17 8.555979829774700193e+03
1.293865723290299236e-16 1.622673259328128944e-17 8.557269829736549582e+03
1.025014223283783100e-16 1.598674929960617995e-17 8.558559829698398971e+03
8.936372294078239777e-17 1.597723175947814481e-17 8.559849829660250180e+03
1.060610187322104034e-16 1.603291259523153932e-17 8.561139829622099569e+03
8.091235906532401019e-17 1.605479813987846732e-17 8.562429829583948958e+03
7.396400221520917518e-17 1.604659416256316639e-17 8.563719829545800167e+03
8.449677088753269438e-17 1.615773911274946651e-17 8.565009829507649556e+03
9.869959435396618804e-17 1.623982355365555366e-17 8.566299829469500764e+03
1.176065013197601442e-16 1.652503873758628781e-17 8.567589829431348335e+03
9.016115152106311814e-17 1.702731769477951217e-17 8.568879829393199543e+03
7.328789786973283248e-17 1.748874716460241781e-17 8.570169829355050751e+03
1.210673588282330077e-16 1.803341085638285931e-17 8.571459829316900141e+03
9.503178287367745739e-17 1.848059627605760181e-17 8.572749829278749530e+03
1.403532137762497569e-16 1.904906788022854455e-17 8.574039829240598920e+03
1.073525322185363978e-16 1.877788333384793485e-17 8.575329829202450128e+03
1.274760233420488449e-16 1.837501328831010825e-17 8.576619829164299517e+03
1.109507546482522674e-16 1.784982969995529056e-17 8.577909829126148907e+03
9.116363486647328387e-17 1.727731152822773841e-17 8.579199829088000115e+03
7.657932893642013469e-17 1.661560674285471881e-17 8.580489829049849504e+03
8.182743919848937280e-17 1.635001559177619269e-17 8.581779829011700713e+03
9.254118837139459403e-17 1.747595068052622247e-17 8.583069828973550102e+03
9.939512090022527583e-17 2.060745961066619763e-17 8.584359828935399491e+03
9.462017118342617040e-17 2.272075552886769869e-17 8.585649828897250700e+03
7.866321527512292540e-17 2.333983073419218545e-17 8.586939828859100089e+03
9.681268288016942471e-17 2.346194740802338893e-17 8.588229828820949479e+03
1.056398779213025055e-16 2.326939961375574536e-17 8.589519828782798868e+03
6.978398726473780895e-17 2.196225903129739911e-17 8.590809828744650076e+03
8.022557416377838280e-17 2.113445307020128135e-17 8.592099828706499466e+03
6.206130333448963451e-17 2.324564629528567261e-17 8.593389828668348855e+03
7.114081493223099045e-17 2.553509197929156602e-17 8.594679828630200063e+03
8.726021587794984924e-17 2.591855967638134880e-17 8.595969828592049453e+03
9.165220082347160413e-17 2.596579334371935179e-17 8.597259828553898842e+03
6.284766754689684559e-17 2.534996399511852311e-17 8.598549828515750050e+03
1.358166111898741310e-16 2.329932866267913900e-17 8.599839828477599440e+03
1.181691032503044106e-16 1.924922904485412619e-17 8.601129828439450648e+03
9.136581104307104468e-17 1.749463834492502048e-17 8.602419828401300038e+03
8.996152967819692108e-17 1.745836151198089489e-17 8.603709828363149427e+03
7.479557019373118411e-17 1.774674479765770714e-17 8.604999828325000635e+03
8.670336450702405143e-17 1.807058435311099237e-17 8.606289828286850025e+03
8.108970658865537933e-17 1.869993148728216263e-17 8.607579828248699414e+03
1.119899979000842896e-16 1.988257973319005310e-17 8.608869828210550622e+03
8.115700600329269366e-17 2.131924852776807795e-17 8.610159828172400012e+03
1.127840780532453954e-16 2.328136891721938767e-17 8.611449828134249401e+03
7.176943911054678936e-17 2.511378242353870733e-17 8.612739828096098790e+03
4.403879471858022411e-17 2.742884754547659311e-17 8.614029828057949999e+03
1.947755570933713842e-17 2.976706379839861303e-17 8.615319828019799388e+03
1.023320157389274500e-16 3.237294080829176675e-17 8.616609827981648777e+03
8.521685477181725646e-17 3.491403634133221755e-17 8.617899827943499986e+03
1.536576661578914591e-16 3.731159287703756657e-17 8.619189827905349375e+03
9.852562834497893569e-17 3.957855744635549379e-17 8.620479827867200584e+03
1.627077665217728796e-17 4.161351770618699803e-17 8.621769827829049973e+03
5.713029441460382466e-17 4.343277904076672455e-17 8.623059827790899362e+03
7.509181334958847523e-17 4.521238864550310914e-17 8.624349827752750571e+03
5.415456840922596121e-17 4.653433576092615457e-17 8.625639827714599960e+03
-2.541915434463613366e-17 4.728338751026232368e-17 8.626929827676449349e+03
3.329626958652550815e-17 4.809786593732898706e-17 8.628219827638298739e+03
3.157080060724194433e-17 4.835726977742561654e-17 8.629509827600149947e+03
3.299134434295886045e-17 4.778123443373348891e-17 8.630799827562001155e+03
5.581512356275881363e-17 4.717364711275613860e-17 8.632089827523848726e+03
3.698147832945745408e-17 4.621710537856716804e-17 8.633379827485699934e+03
-9.389346985424118410e-17 4.403439411772144200e-17 8.634669827447549324e+03
1.704019855127818792e-16 4.197168691142245901e-17 8.635959827409398713e+03
1.348022760006473055e-16 4.004858463146527560e-17 8.637249827371249921e+03
9.912448063868772603e-17 3.773442113639507262e-17 8.638539827333099311e+03
1.016275953467221920e-16 3.358667615598062510e-17 8.639829827294950519e+03
8.700897796486034325e-17 3.051273403339066536e-17 8.641119827256799908e+03
1.009677897680355942e-16 2.907356219027905505e-17 8.642409827218649298e+03
4.627357534462493813e-17 2.841456724859275917e-17 8.643699827180500506e+03
7.469122632254129499e-17 2.900932003518573671e-17 8.644989827142349895e+03
9.148879625654542883e-17 3.356959322197017998e-17 8.646279827104199285e+03
5.640275266991648449e-17 3.877196370488768587e-17 8.647569827066050493e+03
3.828139597080698728e-17 4.127401631301563377e-17 8.648859827027899883e+03
2.876355474902888155e-17 4.316586770943056379e-17 8.650149826989749272e+03
4.687722280434469837e-18 4.655483660522766881e-17 8.651439826951598661e+03
6.127151128562400369e-17 4.800071522874585907e-17 8.652729826913449870e+03
8.646272774066502504e-17 4.637134147558380558e-17 8.654019826875299259e+03
8.191778055626996427e-17 4.653653606135554563e-17 8.655309826837150467e+03
5.881543337594175307e-17 4.892269404821991392e-17 8.656599826798999857e+03
-1.410095948272003852e-17 4.854704817100243257e-17 8.657889826760849246e+03
-7.803176544783464535e-17 4.573476312849769675e-17 8.659179826722700454e+03
-3.713511223898815301e-17 4.582912789277774615e-17 8.660469826684549844e+03
5.206562303389679618e-17 4.776984250233740862e-17 8.661759826646399233e+03
4.171187940718690365e-17 4.615334960567403087e-17 8.663049826608250441e+03
7.219329969130876159e-17 4.269747503321118676e-17 8.664339826570099831e+03
1.290304876189380962e-16 4.300258556523504634e-17 8.665629826531949220e+03
1.147902888237070066e-16 4.469330303262403236e-17 8.666919826493798610e+03
9.391018552005965568e-17 4.233514345513335895e-17 8.668209826455649818e+03
1.640672246236139797e-16 3.822845972032604372e-17 8.669499826417501026e+03
4.776537241830717206e-17 3.812113138148606327e-17 8.670789826379348597e+03
9.968163310335649314e-18 3.961064543667765084e-17 8.672079826341199805e+03
1.094957240984367904e-16 3.711472719997239620e-17 8.673369826303049194e+03
8.707640311095076564e-17 3.277516896167425220e-17 8.674659826264900403e+03
1.187424783811465677e-16 3.259246461669598966e-17 8.675949826226749792e+03
1.109865550251635624e-16 3.374840650934699308e-17 8.677239826188599181e+03
1.264748171635044611e-16 3.202528341428062964e-17 8.678529826150450390e+03
1.801417923801324644e-16 2.870458008007630089e-17 8.679819826112299779e+03
8.774864948605016102e-17 2.750290833444091589e-17 8.681109826074149169e+03
6.003300353295040726e-17 2.803288957034854114e-17 8.682399826036000377e+03
1.097540559124595512e-16 2.727416311656795183e-17 8.683689825997849766e+03
1.299368790469492018e-16 2.492799931232052242e-17 8.684979825959699156e+03
1.094585671453209084e-16 2.331610884858538972e-17 8.686269825921550364e+03
7.341907547999394182e-17 2.328435173050825388e-17 8.687559825883399753e+03
1.252771919854256855e-16 2.334940121387942398e-17 8.688849825845249143e+03
1.532056020269638788e-16 2.233973628639107287e-17 8.690139825807098532e+03
1.179332575140532914e-16 2.109532080978262272e-17 8.691429825768949740e+03
1.304120645303588643e-16 2.078633080068588944e-17 8.692719825730799130e+03
1.430737247841529594e-16 2.091347176955774001e-17 8.694009825692650338e+03
1.071834829711101607e-16 2.095349573067673080e-17 8.695299825654499728e+03
9.817005317814444100e-17 2.109604376563799406e-17 8.696589825616349117e+03
1.327480225802086145e-16 2.144392284405329538e-17 8.697879825578200325e+03
1.296112345833993259e-16 2.149270003041432232e-17 8.699169825540049715e+03
8.334485240138114889e-17 2.136263745961893446e-17 8.700459825501899104e+03
1.186979429769667127e-16 2.116563943365575560e-17 8.701749825463750312e+03
1.034604753829069916e-16 2.115939091130853003e-17 8.703039825425599702e+03
1.809834784319072219e-16 2.151638552007416571e-17 8.704329825387450910e+03
1.282419131799341435e-16 2.122405658287547552e-17 8.705619825349298480e+03
9.620335517118326282e-17 2.106101762978004866e-17 8.706909825311149689e+03
9.642924827030414404e-17 2.086313617492266317e-17 8.708199825273000897e+03
8.351775300173943295e-17 1.999667606380194242e-17 8.709489825234848468e+03
4.027696588986871633e-17 1.817972587185368906e-17 8.710779825196699676e+03
7.809158053228957988e-17 1.696385970690689410e-17 8.712069825158549065e+03
5.573675316280308958e-17 1.651029507034814265e-17 8.713359825120400274e+03
6.654063855269698913e-17 1.639934533478640505e-17 8.714649825082249663e+03
7.222944417535487869e-17 1.629190946246679271e-17 8.715939825044099052e+03
9.236774514055447519e-17 1.632173097791055446e-17 8.717229825005950261e+03
1.335518700820427463e-16 1.641300208669965553e-17 8.718519824967799650e+03
9.698295635490224035e-17 1.628878933719624269e-17 8.719809824929649039e+03
7.835303578030534087e-17 1.630723381049495010e-17 8.721099824891500248e+03
1.002997984100071716e-16 1.686347637648990888e-17 8.722389824853349637e+03
1.257999436627795973e-16 1.749563427038253432e-17 8.723679824815200845e+03
1.065206532201040690e-16 1.757121210859027935e-17 8.724969824777050235e+03
1.001561072114393600e-16 1.746054692315925999e-17 8.726259824738899624e+03
8.686796021403230309e-17 1.730854421379651563e-17 8.727549824700749014e+03
7.987331433683900065e-17 1.701842550319456713e-17 8.728839824662600222e+03
1.076172432494431675e-16 1.659341845010359640e-17 8.730129824624449611e+03
1.002979389079901524e-16 1.603133598898401325e-17 8.731419824586299001e+03
1.021487125151856990e-16 1.611290757791031752e-17 8.732709824548150209e+03
8.234451310811872061e-17 1.642892035040762600e-17 8.733999824509999598e+03
1.017745952677402157e-16 1.696389775721507154e-17 8.735289824471848988e+03
1.256294650472548685e-16 1.758741823115141827e-17 8.736579824433700196e+03
1.268183816678446858e-16 1.803827467838467111e-17 8.737869824395549585e+03
1.054965175949797152e-16 1.840138546059952388e-17 8.739159824357398975e+03
9.410420238709519343e-17 1.837977619427718859e-17 8.740449824319250183e+03
1.072623430619885161e-16 1.804865744943343672e-17 8.741739824281099573e+03
1.153110685024805919e-16 1.773752173382774089e-17 8.743029824242950781e+03
1.053614621620069572e-16 1.732063428562959068e-17 8.744319824204798351e+03
1.037443703865800911e-16 1.733391880626719230e-17 8.745609824166649560e+03
1.522462313350799769e-16 1.784374165064690028e-17 8.746899824128500768e+03
1.161550177204112946e-16 1.780377724653201330e-17 8.748189824090350157e+03
1.180010730893928388e-16 1.768229419305002544e-17 8.749479824052199547e+03
8.880240479454881361e-17 1.762930169428742828e-17 8.750769824014048936e+03
1.009123024925455371e-16 1.790439549624296358e-17 8.752059823975900144e+03
8.448011477871832662e-17 2.000456074940079788e-17 8.753349823937749534e+03
7.279114613339268745e-17 2.874757361959435706e-17 8.754639823899598923e+03
-4.629176194436768213e-19 3.959117029633570236e-17 8.755929823861450132e+03
1.176644701370878603e-16 5.374376735597497618e-17 8.757219823823299521e+03
1.499123776327085616e-16 6.392926906353648331e-17 8.758509823785148910e+03
4.833709980536912351e-17 6.689596225662526770e-17 8.759799823747000119e+03
1.328499577014547492e-16 6.707297229026671520e-17 8.761089823708849508e+03
2.249910752065043961e-17 6.872282703539558165e-17 8.762379823670700716e+03
-1.003629089820225174e-16 7.371013717649420077e-17 8.763669823632550106e+03
1.281084260814027861e-16 7.644107727756047185e-17 8.764959823594399495e+03
1.219555919874373492e-16 7.345151419489582135e-17 8.766249823556248884e+03
4.889240434854944716e-18 7.239150540096626787e-17 8.767539823518100093e+03
3.475924371719945434e-16 6.984199578673492767e-17 8.768829823479949482e+03
2.189839076184095474e-17 6.112917004581587869e-17 8.770119823441798871e+03
4.451470150348403284e-17 4.587660805993828994e-17 8.771409823403650080e+03
2.664570834484160378e-16 4.505346078005207082e-17 8.772699823365499469e+03
-1.637419110323091250e-16 5.922372972629792753e-17 8.773989823327348859e+03
-4.587847020893326931e-16 7.460722447697530992e-17 8.775279823289200067e+03
-1.277041266677664678e-16 7.728034796194657458e-17 8.776569823251049456e+03
-2.510331693442868642e-16 7.672967066711287257e-17 8.777859823212900665e+03
8.739815651689919213e-17 7.191089361273825752e-17 8.779149823174750054e+03
3.779658739902312789e-16 6.260922115479985962e-17 8.780439823136599443e+03
5.813100428478067670e-17 4.256926534698791769e-17 8.781729823098450652e+03
1.241834209876141676e-16 2.445334322450289387e-17 8.783019823060298222e+03
1.063526230591924971e-16 1.812241879901601530e-17 8.784309823022149430e+03
3.993886077757134159e-17 2.099811219855661601e-17 8.785599822984000639e+03
2.243081383491683653e-18 3.254932880211257437e-17 8.786889822945850028e+03
4.463092699699263365e-17 4.130677266527273367e-17 8.788179822907699418e+03
1.077232811865275653e-16 4.414672193618369295e-17 8.789469822869548807e+03
1.550313021354317181e-16 4.429252409967473982e-17 8.790759822831400015e+03
1.458244510454714989e-16 4.352479792082957356e-17 8.792049822793249405e+03
1.318091792024058285e-16 3.961313359596021035e-17 8.793339822755098794e+03
1.316777964513528060e-16 3.003003444129657116e-17 8.794629822716950002e+03
1.083658086165791555e-16 1.895664699038799477e-17 8.795919822678799392e+03
1.134848125286411170e-16 1.686672223321356696e-17 8.797209822640650600e+03
1.193976980705171716e-16 1.688530070977150796e-17 8.798499822602499989e+03
1.088261511710771664e-16 1.685884251069838681e-17 8.799789822564349379e+03
1.156647576975184657e-16 1.669001494767631387e-17 8.801079822526200587e+03
9.214363875155670851e-17 1.648548461505522714e-17 8.802369822488049977e+03
6.596932144721886397e-17 1.656052809458726291e-17 8.803659822449899366e+03
8.768774914063155691e-17 1.757424786143834897e-17 8.804949822411748755e+03
1.327193955135693793e-16 1.991461147523055654e-17 8.806239822373599964e+03
1.313302614800723267e-16 2.123604739303504421e-17 8.807529822335449353e+03
8.728712240891497412e-17 2.140858072520135472e-17 8.808819822297298742e+03
1.177382414128377896e-16 2.161921895946553301e-17 8.810109822259149951e+03
1.195851835194359906e-16 2.118532302351206745e-17 8.811399822220999340e+03
1.356833093797999855e-16 1.965335971364548360e-17 8.812689822182848729e+03
9.356587986189058345e-17 1.743338892928791899e-17 8.813979822144699938e+03
1.123946678906350316e-16 1.670863974634855784e-17 8.815269822106549327e+03
1.280463544482368069e-16 1.679805135312063970e-17 8.816559822068400535e+03
9.288807483307483172e-17 1.697970683308218501e-17 8.817849822030249925e+03
7.590627523304288755e-17 1.822935174552319540e-17 8.819139821992099314e+03
-2.618605334286874689e-17 2.549492243438476589e-17 8.820429821953950523e+03
-1.998386568309145619e-16 4.685488148318025365e-17 8.821719821915799912e+03
-1.762416821140592419e-16 7.802129003255727380e-17 8.823009821877649301e+03
-4.008204905032672089e-16 9.798768963157855031e-17 8.824299821839500510e+03
-3.370947608099779738e-16 1.032082845577518245e-16 8.825589821801349899e+03
-4.214231375771295730e-16 1.034475713653511644e-16 8.826879821763199288e+03
-5.926010846789351964e-16 1.012424732884073032e-16 8.828169821725048678e+03
5.138163400282159802e-17 9.088914986944858759e-17 8.829459821686899886e+03
3.353191415245165450e-16 6.775338459237323406e-17 8.830749821648749275e+03
-4.427575880301951505e-17 5.268557505067058915e-17 8.832039821610598665e+03
-7.729776176820204092e-18 6.473447314157520214e-17 8.833329821572449873e+03
-3.618300750160491689e-17 6.805816425215207243e-17 8.834619821534299263e+03
6.727473818528064971e-17 6.715839688648629147e-17 8.835909821496150471e+03
1.403174398691180635e-16 6.461013135189623102e-17 8.837199821457999860e+03
2.096929454950424861e-16 5.985110982497244669e-17 8.838489821419849250e+03
1.936166174981804886e-16 4.358479829374171997e-17 8.839779821381700458e+03
6.585060448570525344e-17 2.375775381251725205e-17 8.841069821343549847e+03
3.407689647420405143e-17 2.039052487757926570e-17 8.842359821305399237e+03
5.295357164297041948e-17 2.112050018762873688e-17 8.843649821267248626e+03
1.805233509443684748e-17 2.631466834759216695e-17 8.844939821229099834e+03
3.156688307986089319e-17 3.606227221939667697e-17 8.846229821190951043e+03
1.310187121741603544e-16 3.995549372532855787e-17 8.847519821152798613e+03
1.101159441217290506e-16 4.011697592451115993e-17 8.848809821114649822e+03
1.104897503492642140e-16 3.949322880308697367e-17 8.850099821076499211e+03
1.519910097201604155e-16 3.784492584878725670e-17 8.851389821038350419e+03
1.458743730498002992e-16 3.198826542750765655e-17 8.852679821000199809e+03
1.057967576875568625e-16 2.334594525328017743e-17 8.853969820962049198e+03
1.016641765821317371e-16 1.825803009736040887e-17 8.855259820923900406e+03
1.118242706099980654e-16 1.798278243981093870e-17 8.856549820885749796e+03
9.351676518583963487e-17 1.912486078539555337e-17 8.857839820847599185e+03
8.290266149824500157e-17 2.073231259796372652e-17 8.859129820809450393e+03
7.547221055224446118e-17 2.218416346550454964e-17 8.860419820771299783e+03
8.037159801167359388e-18 2.584084771219321696e-17 8.861709820733149172e+03
-4.618490158295925356e-17 3.700026525552975844e-17 8.862999820695000381e+03
5.165775350873669908e-17 5.079335638606368559e-17 8.864289820656849770e+03
1.100277335812063957e-16 5.580012843261445235e-17 8.865579820618699159e+03
2.584413195009729750e-16 5.585374958864258981e-17 8.866869820580548549e+03
1.944199885439817899e-16 5.492205636005471220e-17 8.868159820542399757e+03
1.131253661565398741e-16 5.174985179813835318e-17 8.869449820504249146e+03
2.637925560243704242e-16 4.080988858003458015e-17 8.870739820466100355e+03
1.225028679155922332e-16 2.243469165762848513e-17 8.872029820427949744e+03
1.233636254435700134e-16 1.751284624456853772e-17 8.873319820389799133e+03
1.259972361650408450e-16 1.677226317034368651e-17 8.874609820351650342e+03
1.174299743595964276e-16 1.673273717195345264e-17 8.875899820313499731e+03
8.774612162209819897e-17 1.664818111537705704e-17 8.877189820275349120e+03
6.279198174805977577e-17 1.759077658443838356e-17 8.878479820237200329e+03
-1.465080463385751218e-16 2.366790214565929197e-17 8.879769820199049718e+03
-1.232634373277775907e-16 4.868828098878973652e-17 8.881059820160900927e+03
2.430064469080886989e-16 7.676235422747606780e-17 8.882349820122748497e+03
2.457843708679479820e-16 8.826662998563086695e-17 8.883639820084599705e+03
-2.916066827924782912e-16 9.009767698957824901e-17 8.884929820046450914e+03
-9.678937127614645528e-18 8.992117649919413418e-17 8.886219820008298484e+03
-3.300786810287521973e-17 8.605639015399937615e-17 8.887509819970149692e+03
1.100481947208385074e-16 6.999576535388608530e-17 8.888799819931999082e+03
3.988871642709388701e-16 4.319902772582658956e-17 8.890089819893850290e+03
8.020320058257004851e-17 2.328969200854289623e-17 8.891379819855699679e+03
7.168490125194386994e-17 2.057115299922002014e-17 8.892669819817549069e+03
1.176746477673447128e-16 2.026887142489109192e-17 8.893959819779400277e+03
8.668479595663346107e-17 2.025107876991507629e-17 8.895249819741249667e+03
1.929820475456216585e-17 2.149592603480327913e-17 8.896539819703099056e+03
-7.046390987592169642e-18 2.894802264307310715e-17 8.897829819664950264e+03
-7.517077931958523747e-17 4.529604307521182193e-17 8.899119819626799654e+03
2.197034554896571751e-17 5.900045051791271387e-17 8.900409819588650862e+03
1.525252095771920612e-16 6.118600066262072190e-17 8.901699819550500251e+03
1.655707742794393670e-16 6.139964487123091789e-17 8.902989819512349641e+03
2.093311036078872897e-16 6.027970187883822223e-17 8.904279819474199030e+03
2.730594141046876902e-16 5.521755174463825538e-17 8.905569819436050238e+03
5.702092790273451356e-17 3.750262527642301300e-17 8.906859819397899628e+03
1.288963520108064973e-16 2.473104264538797121e-17 8.908149819359749017e+03
1.352965329602599906e-16 2.180725696503353747e-17 8.909439819321600226e+03
1.152832619990090094e-16 2.120338203064532515e-17 8.910729819283449615e+03
1.028947632532595257e-16 2.071840934622793523e-17 8.912019819245299004e+03
-1.709294620457946939e-17 2.440992285978876034e-17 8.913309819207150213e+03
-3.773172055713120950e-16 4.564820364047769772e-17 8.914599819168999602e+03
-1.596829820886257211e-16 7.761722222949247042e-17 8.915889819130848991e+03
-6.865105158102762038e-16 9.344844006724275479e-17 8.917179819092700200e+03
-7.206336616068893201e-16 9.715568490169311337e-17 8.918469819054549589e+03
2.613899205997039996e-16 9.724922910280551017e-17 8.919759819016400797e+03
1.023248291937655893e-16 9.424678847236463413e-17 8.921049818978248368e+03
1.752132782369741145e-16 8.063478372153081580e-17 8.922339818940099576e+03
5.447854924712787050e-16 5.361228534324844733e-17 8.923629818901950784e+03
8.800138955913206331e-17 2.803161571220520948e-17 8.924919818863800174e+03
6.502335108125832110e-17 2.415891159418709388e-17 8.926209818825649563e+03
7.469638131211872546e-17 2.353305516220089740e-17 8.927499818787498953e+03
8.611472954824151609e-17 2.299546221029655918e-17 8.928789818749350161e+03
9.467570478103053046e-17 2.239626415509172167e-17 8.930079818711199550e+03
9.869599446394035727e-17 2.134453709345504911e-17 8.931369818673048940e+03
1.113320253536351093e-16 2.034833204889416086e-17 8.932659818634900148e+03
9.575621441926159818e-17 2.004808203014966288e-17 8.933949818596749537e+03
5.622228171259211513e-17 2.021738439484334126e-17 8.935239818558598927e+03
1.029861501673343842e-16 2.095990803478524187e-17 8.936529818520450135e+03
9.974698037174818232e-18 2.415580635816756981e-17 8.937819818482299524e+03
8.487284090160926230e-20 3.903986434423646005e-17 8.939109818444150733e+03
1.686278485349781454e-16 5.386625295235937831e-17 8.940399818406000122e+03
3.006343930315391263e-17 5.702335650501296925e-17 8.941689818367849512e+03
7.534016605670139626e-17 5.729283871369294481e-17 8.942979818329698901e+03
1.347121464011035276e-16 5.637941294175268826e-17 8.944269818291550109e+03
2.127919875861397549e-16 5.208008215100422310e-17 8.945559818253399499e+03
1.783159069832074132e-16 3.819878709739254151e-17 8.946849818215248888e+03
1.483799759171173247e-16 2.366121687194863840e-17 8.948139818177100096e+03
6.719977576944864413e-17 1.803449280862407867e-17 8.949429818138949486e+03
4.274520335455549646e-17 1.860137622601891960e-17 8.950719818100798875e+03
-3.982491664819216203e-18 2.509123513440173690e-17 8.952009818062650083e+03
-6.807833422420856546e-17 4.707518945880517682e-17 8.953299818024499473e+03
-5.614890086609131093e-17 7.178322986571927344e-17 8.954589817986350681e+03
1.301761509652975157e-17 8.480293359329572141e-17 8.955879817948200071e+03
-2.363671909092726793e-16 8.639491878277037805e-17 8.957169817910049460e+03
-3.143281563141176859e-16 8.564103298993444905e-17 8.958459817871900668e+03
-1.059229060396936495e-16 8.158721933115907314e-17 8.959749817833748239e+03
2.476898773619149374e-16 6.783325715232135442e-17 8.961039817795599447e+03
2.658255674466787535e-16 3.804528884548230127e-17 8.962329817757450655e+03
1.322887454343395718e-16 1.995269487063249794e-17 8.963619817719300045e+03
7.051775602507644831e-17 1.824509133821885441e-17 8.964909817681149434e+03
8.990636665750698477e-17 1.861123787328177679e-17 8.966199817642998823e+03
8.488520166829779533e-17 2.003026290539404556e-17 8.967489817604850032e+03
7.175202861301377324e-17 2.101074490087152585e-17 8.968779817566699421e+03
7.650831713519368237e-17 2.121153637712387289e-17 8.970069817528548811e+03
9.887448018779459937e-17 2.139186836810533335e-17 8.971359817490400019e+03
6.738612301784459020e-17 2.110951192037158246e-17 8.972649817452249408e+03
1.285325645948505761e-16 2.035718122708725315e-17 8.973939817414100617e+03
9.482832953021391471e-17 1.928082238116997653e-17 8.975229817375950006e+03
8.072448318715606612e-17 1.961182035764429566e-17 8.976519817337799395e+03
6.326819955287390444e-17 2.071760367231130858e-17 8.977809817299650604e+03
7.546965621851289743e-17 2.141084554571852491e-17 8.979099817261499993e+03
1.260207280944373510e-16 2.191647789311503924e-17 8.980389817223349382e+03
1.272155474758783467e-16 2.310360614922051691e-17 8.981679817185198772e+03
5.441150725109718267e-17 2.711425421491042562e-17 8.982969817147049980e+03
-1.276963462069247940e-17 3.703906664370339586e-17 8.984259817108899369e+03
4.085768307582789409e-17 4.508576383733349166e-17 8.985549817070748759e+03
8.672232348666376683e-17 4.737262044602209409e-17 8.986839817032599967e+03
1.455016917878982079e-16 4.756040037123898201e-17 8.988129816994449357e+03
2.043296255172568623e-16 4.675999063203062052e-17 8.989419816956298746e+03
1.142003700806137889e-16 4.257931062834676165e-17 8.990709816918149954e+03
1.371928147360357546e-16 3.294409578636983151e-17 8.991999816879999344e+03
1.254827430589226626e-16 2.254544617856566022e-17 8.993289816841850552e+03
1.360355030322903634e-16 2.229149842178943051e-17 8.994579816803699941e+03
1.736581489068723705e-17 2.828413079216049735e-17 8.995869816765549331e+03
-1.078880092424338254e-16 4.525613326501736345e-17 8.997159816727400539e+03
2.013354434580517157e-16 6.326731281525724759e-17 8.998449816689249928e+03
1.365860744480056586e-16 6.625696854215050403e-17 8.999739816651099318e+03
1.548401241522584623e-16 6.647922204657615193e-17 9.001029816612950526e+03
1.481816775632312125e-16 6.509680471965302996e-17 9.002319816574799916e+03
1.492886569810639771e-16 5.965128284131433647e-17 9.003609816536649305e+03
2.439674587263079061e-16 4.131635141676609773e-17 9.004899816498498694e+03
2.051326656908131424e-16 2.349760220114687463e-17 9.006189816460349903e+03
1.084055860778756054e-16 1.693102725403343933e-17 9.007479816422199292e+03
8.655273160875569488e-17 1.583760367207919374e-17 9.008769816384048681e+03
1.033688700931504191e-16 1.567789163940745516e-17 9.010059816345899890e+03
9.014656667250258316e-17 1.554119673446061712e-17 9.011349816307749279e+03
1.261572327478433018e-16 1.543327944302449892e-17 9.012639816269600487e+03
1.062692498708920524e-16 1.528496595919374106e-17 9.013929816231449877e+03
8.465131469573720165e-17 1.541881867155584689e-17 9.015219816193299266e+03
1.013780779693067963e-16 1.639031913994222641e-17 9.016509816155150475e+03
1.091853593151619940e-16 1.769832164459885290e-17 9.017799816116999864e+03
9.120682692933835276e-17 1.832579769622442821e-17 9.019089816078849253e+03
9.977637837071831692e-17 1.845531267345430597e-17 9.020379816040698643e+03
1.291028162916997330e-16 1.855826191813143069e-17 9.021669816002549851e+03
1.019383770290257151e-16 1.838565910279366572e-17 9.022959815964401059e+03
9.901244067907864353e-17 1.825580663587386633e-17 9.024249815926248630e+03
1.106590907642660698e-16 1.812479777045771781e-17 9.025539815888099838e+03
1.300769041810421783e-16 1.861522819255673260e-17 9.026829815849949227e+03
1.430031431168450346e-16 1.891247389131643799e-17 9.028119815811800436e+03
9.647561008927651614e-17 1.897235349585915166e-17 9.029409815773649825e+03
8.979840966140146402e-17 1.875729480840148999e-17 9.030699815735499214e+03
7.452035066032254075e-17 1.894040943496357884e-17 9.031989815697350423e+03
6.426217286414212461e-17 2.294838405291371616e-17 9.033279815659199812e+03
8.992152722377385666e-17 3.260800568604463594e-17 9.034569815621049202e+03
8.519023940842775024e-17 3.584435314138080693e-17 9.035859815582900410e+03
1.034211545253086709e-16 3.646945683900958016e-17 9.037149815544749799e+03
9.464045365204597064e-17 3.623498422257529893e-17 9.038439815506599189e+03
1.319951161692179483e-16 3.538776267814133650e-17 9.039729815468450397e+03
1.456131163251315509e-16 3.034714240092489985e-17 9.041019815430299786e+03
1.132343819438294628e-16 2.360345484977406048e-17 9.042309815392149176e+03
7.166499597768339388e-17 2.269902714853715576e-17 9.043599815353998565e+03
5.580637530060045281e-17 3.191160232833624194e-17 9.044889815315849773e+03
9.855751781195408001e-17 4.267634884036658244e-17 9.046179815277699163e+03
1.796038205795075769e-16 4.783715184314207359e-17 9.047469815239550371e+03
1.752176589854981953e-16 4.845049303246034276e-17 9.048759815201399761e+03
1.205950982554693327e-16 4.782985611013935588e-17 9.050049815163249150e+03
1.723219842110807636e-16 4.522291700033968407e-17 9.051339815125100358e+03
2.372107033758399540e-16 3.781703993597686903e-17 9.052629815086949748e+03
1.946650722333139014e-16 2.549892433418829744e-17 9.053919815048799137e+03
1.629755182686113942e-16 1.979977399078981971e-17 9.055209815010650345e+03
1.440099079491057748e-16 1.899482303001854210e-17 9.056499814972499735e+03
7.414814585445327999e-17 1.852222993064862080e-17 9.057789814934349124e+03
1.029679852810827198e-16 1.843666471372491051e-17 9.059079814896198513e+03
9.160131928963224229e-17 1.857127512352811492e-17 9.060369814858049722e+03
9.269958353253114820e-17 1.906459240596493978e-17 9.061659814819900930e+03
9.429275986208788120e-17 1.966720009965472086e-17 9.062949814781748501e+03
1.066623459503119524e-16 2.043564096254913293e-17 9.064239814743599709e+03
9.258261357647124966e-17 2.137649935232409810e-17 9.065529814705449098e+03
9.988816024997628287e-17 2.169435673758739983e-17 9.066819814667300307e+03
1.097269243883678119e-16 2.132411234976988975e-17 9.068109814629149696e+03
7.823159243149275556e-17 2.032806612388661169e-17 9.069399814590999085e+03
6.683118408849501499e-17 1.963179180635377596e-17 9.070689814552850294e+03
8.393845706128390282e-17 1.870570520795778276e-17 9.071979814514699683e+03
1.155417791014889820e-16 1.781154281812266112e-17 9.073269814476549072e+03
1.100497630552799079e-16 1.698223635139537216e-17 9.074559814438400281e+03
9.870425965262098712e-17 1.646338234908781024e-17 9.075849814400249670e+03
9.476605275625602236e-17 1.641779311680756267e-17 9.077139814362100878e+03
1.123305051448805184e-16 1.647841718390157407e-17 9.078429814323950268e+03
1.271896600314278872e-16 1.670410017914686682e-17 9.079719814285799657e+03
9.489584070308804261e-17 1.718693873758386992e-17 9.081009814247649047e+03
8.877981283765876532e-17 1.758718662057990342e-17 9.082299814209498436e+03
1.035135075863389913e-16 1.765949709536806400e-17 9.083589814171349644e+03
7.399324470422414981e-17 1.748415631220274851e-17 9.084879814133199034e+03
9.456126930636749440e-17 1.793325251909248851e-17 9.086169814095050242e+03
1.238999561178595957e-16 1.991318376149329002e-17 9.087459814056899631e+03
8.310773611570914819e-17 2.427733407940263553e-17 9.088749814018749021e+03
9.548108753008156075e-17 2.801594560268100493e-17 9.090039813980600229e+03
1.023507166382160488e-16 2.893619396031359885e-17 9.091329813942449618e+03
1.541983246411459188e-16 2.903386082959895993e-17 9.092619813904299008e+03
1.528473600298345132e-16 2.851347488879694980e-17 9.093909813866150216e+03
1.675891082089585554e-16 2.645482252186070175e-17 9.095199813827999606e+03
1.216893324744238803e-16 2.178931376318603719e-17 9.096489813789850814e+03
4.259687994455738796e-17 2.260591473570451165e-17 9.097779813751698384e+03
-8.966459169062508542e-18 2.967768527885103328e-17 9.099069813713549593e+03
2.312866475869719833e-17 3.357025165773777219e-17 9.100359813675400801e+03
9.949501123099717946e-17 3.442210541360203157e-17 9.101649813637250190e+03
9.812077306597098182e-17 3.401020255577512591e-17 9.102939813599099580e+03
1.355181511899751978e-16 3.272667632544394350e-17 9.104229813560948969e+03
1.258027494594173771e-16 2.838007381704929792e-17 9.105519813522800177e+03
9.125548500169117206e-17 2.156198302416053881e-17 9.106809813484649567e+03
1.050451085910972769e-16 1.698071599342949970e-17 9.108099813446498956e+03
9.983938968106015636e-17 1.603541895248757499e-17 9.109389813408350165e+03
8.559352635299430356e-17 1.592138548760223970e-17 9.110679813370199554e+03
8.963999464793020859e-17 1.605630857167698915e-17 9.111969813332048943e+03
1.028589297891237286e-16 1.607037229645161573e-17 9.113259813293900152e+03
1.277927474898729490e-16 1.583492691561697214e-17 9.114549813255749541e+03
1.255795562778158690e-16 1.563337112447862610e-17 9.115839813217600749e+03
8.323675643893271923e-17 1.544624467194565507e-17 9.117129813179450139e+03
5.645798186505542504e-17 1.538399436776736442e-17 9.118419813141299528e+03
9.160213323535499447e-17 1.562163177722527353e-17 9.119709813103148917e+03
5.575202622563326868e-17 1.555335628946514663e-17 9.120999813065000126e+03
8.454588556358364295e-17 1.577353026183083622e-17 9.122289813026849515e+03
1.159708277590528868e-16 1.582936991626184090e-17 9.123579812988698905e+03
1.029706256415979890e-16 1.565941738760669584e-17 9.124869812950550113e+03
9.040576537180729949e-17 1.537461910270468841e-17 9.126159812912399502e+03
1.121834125796338888e-16 1.526690364333803314e-17 9.127449812874248892e+03
1.095286061821469984e-16 1.531037363888891986e-17 9.128739812836100100e+03
7.541694826988101850e-17 1.554206858282624801e-17 9.130029812797949489e+03
8.818731329105438223e-17 1.592037467289369990e-17 9.131319812759798879e+03
9.924532841745927316e-17 1.613240257058696727e-17 9.132609812721650087e+03
8.470969379464874413e-17 1.622578133557685346e-17 9.133899812683499476e+03
5.517685776722309663e-17 1.635508455456991764e-17 9.135189812645350685e+03
8.358226647207366868e-17 1.659769662823172066e-17 9.136479812607198255e+03
8.690010776135856396e-17 1.647761647306862274e-17 9.137769812569049463e+03
7.616700256211960188e-17 1.630438830918776768e-17 9.139059812530900672e+03
9.054926466447299873e-17 1.628852298503900061e-17 9.140349812492750061e+03
8.970817418273927934e-17 1.626311199662137160e-17 9.141639812454599451e+03
9.201084648473989566e-17 1.626567791088151109e-17 9.142929812416448840e+03
1.007694583269249798e-16 1.632085251210002314e-17 9.144219812378300048e+03
7.310428362608076161e-17 1.656628030856695667e-17 9.145509812340149438e+03
7.566396425312405384e-17 1.830672952874385582e-17 9.146799812301998827e+03
1.176162819033229712e-16 2.178081530957266739e-17 9.148089812263850035e+03
1.139057349638673009e-16 2.473706948333103257e-17 9.149379812225699425e+03
7.120792905841109291e-17 2.551659291207243011e-17 9.150669812187550633e+03
1.624331657194624258e-16 2.594011269442203049e-17 9.151959812149400022e+03
7.017631572054925976e-17 2.586375896079971072e-17 9.153249812111249412e+03
1.183030535699787977e-16 2.516162655016877445e-17 9.154539812073100620e+03
7.763657163838131084e-17 1.980460803428957961e-17 9.155829812034950010e+03
-1.655899450173158960e-17 1.154969872713192355e-17 9.157119811996799399e+03
1.994228066672045532e-17 1.284062822394545556e-17 9.158409811958648788e+03
2.431126337376833562e-17 1.277214594103219040e-17 9.159699811920499997e+03
2.857784277534337620e-17 1.255727419639296572e-17 9.160989811882349386e+03
1.612567924656813626e-17 1.199416354977197915e-17 9.162279811844198775e+03
1.124008750539516295e-17 1.082172023108115538e-17 9.163569811806049984e+03
5.825229543236055225e-17 1.994956978227827260e-17 9.164859811767899373e+03
9.895502110967766256e-17 1.691020380929302941e-17 9.166149811729748762e+03
1.054452985714504317e-16 1.597770490678852514e-17 9.167439811691599971e+03
7.656484996697800649e-17 1.588422853448635770e-17 9.168729811653449360e+03
7.668984688370211961e-17 1.589845934974471999e-17 9.170019811615300569e+03
8.333642177657800843e-17 1.582484358394995074e-17 9.171309811577149958e+03
9.066169505333120625e-17 1.578102948126424197e-17 9.172599811538999347e+03
8.187218636090604139e-17 1.568243286097037128e-17 9.173889811500850556e+03
6.005477492667280295e-17 1.561523932545146373e-17 9.175179811462699945e+03
6.949602914989584895e-17 1.585544595789196255e-17 9.176469811424549334e+03
8.241598813048820263e-17 1.595596494592940647e-17 9.177759811386400543e+03
8.805436882300485962e-17 1.614833572354596369e-17 9.179049811348249932e+03
6.119077845783882819e-17 1.608828737415828920e-17 9.180339811310099321e+03
8.693622577562507936e-17 1.588601855333192245e-17 9.181629811271948711e+03
9.177418680276602423e-17 1.572030615249672420e-17 9.182919811233799919e+03
4.882792892852338886e-17 1.547637389857728655e-17 9.184209811195649309e+03
9.342955387949694406e-17 1.564765818801864200e-17 9.185499811157498698e+03
7.360481392345904887e-17 1.523961660929113387e-17 9.186789811119349906e+03
8.651759297633444226e-17 1.526737348192596326e-17 9.188079811081199296e+03
8.465672114822084824e-17 1.532163322138699167e-17 9.189369811043050504e+03
8.118515661389909830e-17 1.519221750583062028e-17 9.190659811004899893e+03
9.208027009919024617e-17 1.515791432582804622e-17 9.191949810966749283e+03
8.434497993640676359e-17 1.501889669772115928e-17 9.193239810928600491e+03
7.808281241779651779e-17 1.501973876758473826e-17 9.194529810890449880e+03
9.487635232785629328e-17 1.528455236888746454e-17 9.195819810852299270e+03
1.033219987309207143e-16 1.549644130023782301e-17 9.197109810814148659e+03
