1.243962342943969118e-14 3.662146916132663370e-15 3.368971259513264613e+03
6.292829175102568771e-15 3.625845059261952428e-15 3.369677236159341192e+03
4.471945085949630481e-15 3.611840214127422706e-15 3.370383230787769207e+03
6.528484688666082631e-15 3.587564594082403527e-15 3.371089242165345695e+03
1.236767429008808823e-14 3.601334571111486530e-15 3.371795270694587998e+03
6.308301846922586591e-15 3.556066199359146866e-15 3.372501317090388056e+03
5.151555342000801804e-15 3.583699116415301263e-15 3.373207379815266904e+03
5.397670771813627375e-15 3.570293088933366296e-15 3.373913460236339233e+03
1.753772460416747297e-14 3.543734254737390297e-15 3.374619558519302700e+03
-1.809903925803366646e-15 3.511273189663426359e-15 3.375325673320046008e+03
5.542418149806728465e-15 3.497848933092525678e-15 3.376031805500002520e+03
6.445364039476472794e-15 3.478126507308214715e-15 3.376737954565335713e+03
1.399509526535627702e-14 3.429379839113297222e-15 3.377444120380967433e+03
3.970946303879488009e-15 3.414714638473611121e-15 3.378150304051027888e+03
5.624475128422376330e-15 3.385682208663804739e-15 3.378856504343168126e+03
5.510209493835513654e-15 3.332514401180271782e-15 3.379562721533995955e+03
5.017201896782764126e-15 3.304520501561283735e-15 3.380268956482111207e+03
7.140266778503396115e-15 3.286175064959405795e-15 3.380975208732017563e+03
1.189315949584743882e-14 3.297065610733941347e-15 3.381681477075228031e+03
1.753653295551204692e-14 3.291835261881121193e-15 3.382387763600218022e+03
9.173643065176794721e-15 3.280402978591276722e-15 3.383094067931790960e+03
1.333656262634980110e-16 3.240956028790703878e-15 3.383800388526791721e+03
8.538634038466342905e-15 3.236756896112397147e-15 3.384506727005938046e+03
6.659161316476370222e-15 3.242432953730851362e-15 3.385213082498210497e+03
1.083364730324716855e-14 3.257670331542588589e-15 3.385919454796417995e+03
1.522219399806329266e-14 3.222442941877531377e-15 3.386625844283864353e+03
3.543668907272443263e-15 3.184763098488029686e-15 3.387332249415830120e+03
8.964760155779510659e-15 3.174582349843923452e-15 3.388038672084825521e+03
1.451587423755196480e-14 3.137467739215402585e-15 3.388745112380529463e+03
4.723592884923639229e-15 3.153734099252795411e-15 3.389451569690229007e+03
1.545853281972380426e-14 3.154803573355169846e-15 3.390158044459304165e+03
-5.519383863843829936e-16 3.112322161318931712e-15 3.390864535545125364e+03
1.232301040392780370e-14 3.087440685274056400e-15 3.391571044171716494e+03
1.036783499399459695e-14 3.050601041275598458e-15 3.392277570530633966e+03
3.385618546780463643e-15 3.033214424604111170e-15 3.392984113239920589e+03
6.538562201097553902e-15 2.993850255293334652e-15 3.393690672812098455e+03
1.855740846544888140e-15 2.975838750930597598e-15 3.394397250204664033e+03
2.323831722598662815e-14 2.962854220732376930e-15 3.395103845220385665e+03
6.597700249656596874e-15 2.975118328574838386e-15 3.395810456705479737e+03
1.511718615021513472e-14 2.967755652123474642e-15 3.396517086419980842e+03
1.102386990337784147e-14 2.955262238821096103e-15 3.397223731654188668e+03
2.700645914249939770e-15 2.942394280826091286e-15 3.397930393393397480e+03
5.791328997719528117e-15 2.920957367657617287e-15 3.398637073003358637e+03
7.361253982769772214e-15 2.910899521686269974e-15 3.399343770556885829e+03
1.213869299202197779e-14 2.913829374994914976e-15 3.400050483035950492e+03
4.583140112481957312e-15 2.907537662923809541e-15 3.400757212429532046e+03
1.034551016834911008e-14 2.912983043959392772e-15 3.401463960996070000e+03
-1.680310916519332216e-15 2.885143675582819024e-15 3.402170725540428066e+03
1.337248467236604142e-14 2.869959027945824322e-15 3.402877506668488877e+03
1.174919694478897562e-14 2.860949308502585217e-15 3.403584305361215229e+03
1.612453156608615403e-15 2.865606418443033405e-15 3.404291120920966478e+03
9.180112972441040387e-15 2.832076973589016774e-15 3.404997953315924406e+03
2.342756051960519869e-15 2.798893837222045755e-15 3.405704802863319856e+03
1.391082734619196504e-14 2.782269677485402331e-15 3.406411669850702310e+03
1.185546868615625274e-14 2.765678867956208728e-15 3.407118553892572436e+03
5.570967898417284172e-15 2.713929835549021882e-15 3.407825454722811628e+03
9.835117267450598037e-15 2.714056979462068964e-15 3.408532371958730437e+03
6.371606634481198550e-15 2.690521183101048081e-15 3.409239305900958243e+03
5.854052343003981647e-15 2.669142108737412181e-15 3.409946257413471358e+03
6.616741267429479464e-15 2.650600029524946497e-15 3.410653227173635969e+03
1.155338766896273882e-14 2.629705621422641113e-15 3.411360211418912513e+03
5.273871832655520684e-15 2.620606501707231903e-15 3.412067212965248928e+03
1.027823691711539768e-14 2.620087449404926728e-15 3.412774233688999630e+03
1.121521985525918032e-14 2.651887858811696000e-15 3.413481269612781489e+03
9.769310598450530524e-15 2.623907978933845456e-15 3.414188324604432637e+03
1.058315376034335577e-14 2.611270905904905266e-15 3.414895395460614054e+03
-1.480864896673526673e-15 2.596987230949742507e-15 3.415602480865833968e+03
1.250324765871669628e-14 2.571344623023854961e-15 3.416309586390611003e+03
1.073461523709768858e-14 2.580562663641682280e-15 3.417016707136008336e+03
3.940454440829185456e-15 2.561289092155027200e-15 3.417723844339169773e+03
1.237338529244642781e-14 2.559908874825534757e-15 3.418431000695973125e+03
1.705655027569013870e-14 2.544783294129672744e-15 3.419138171882570532e+03
7.878156621882626829e-15 2.525686926264481305e-15 3.419845360748431176e+03
3.458859887336557469e-15 2.523366204085814058e-15 3.420552566847381058e+03
5.110615762753399259e-15 2.512090178034652973e-15 3.421259788457890863e+03
1.572689593213050659e-14 2.487795440172817285e-15 3.421967027926018091e+03
4.445673567006743485e-15 2.495106683765872706e-15 3.422674284823240669e+03
9.591903714799162763e-15 2.477408289884598397e-15 3.423381558482576111e+03
4.991462366470462390e-15 2.466646126758117206e-15 3.424088848853079071e+03
1.068140701561134186e-14 2.449942430083874536e-15 3.424796155870220900e+03
4.076085484333577761e-15 2.421332031291657843e-15 3.425503479691615212e+03
1.223017499536041594e-14 2.413112400398412071e-15 3.426210820457490627e+03
3.995831659016896874e-15 2.407688312889500654e-15 3.426918178184295812e+03
1.087898586104666189e-14 2.406473160224399429e-15 3.427625552736319150e+03
4.141693213858495264e-15 2.386960890735410329e-15 3.428332944097398467e+03
1.034063887424980999e-14 2.375376266509727362e-15 3.429040352389736199e+03
8.578392411501081319e-15 2.375500968779820588e-15 3.429747777656710241e+03
5.129273191725029002e-15 2.378826155192854348e-15 3.430455220094490869e+03
1.430160202215285973e-14 2.376671848892450811e-15 3.431162679545313040e+03
8.571794457936419137e-15 2.345062120167647044e-15 3.431870155940330733e+03
8.343471255781039782e-15 2.328111582699134515e-15 3.432577649026696236e+03
5.864715351370747212e-15 2.308709820704850011e-15 3.433285158687397143e+03
2.134132323147194311e-15 2.304946966805038654e-15 3.433992684988591463e+03
1.242565443837774251e-14 2.309644835192195422e-15 3.434700227958606320e+03
1.002787967583709346e-14 2.309498151027001146e-15 3.435407787786703921e+03
1.166380166081103541e-14 2.289136988989718172e-15 3.436115364360101466e+03
2.191002060645402141e-15 2.281085218640910426e-15 3.436822957879933711e+03
9.637091737433759997e-15 2.266089822171094445e-15 3.437530568418583243e+03
6.584809851052530397e-15 2.260576001132012711e-15 3.438238195733348221e+03
6.713007803905757822e-15 2.256488133553932814e-15 3.438945839738534232e+03
1.266117038412332599e-14 2.235719661091249071e-15 3.439653500844497557e+03
5.748352922410740667e-15 2.239263440491057430e-15 3.440361178671028483e+03
9.096147134432975288e-15 2.218522668196955769e-15 3.441068872859608291e+03
6.510954222801446088e-15 2.203493682819908306e-15 3.441776583928222863e+03
8.989259918994059237e-15 2.189594855940389313e-15 3.442484312041700832e+03
7.189851920867960303e-15 2.171883469008389879e-15 3.443192056789010167e+03
1.402051692055891569e-14 2.163688629910634002e-15 3.443899818039910315e+03
5.966814869891842763e-15 2.153196445349817421e-15 3.444607596311590441e+03
3.126840198201658748e-15 2.138616186478305148e-15 3.445315391362486025e+03
9.048659891874803490e-15 2.127171956531267226e-15 3.446023203064639347e+03
1.217160206181417068e-14 2.103939023753954959e-15 3.446731032028435493e+03
4.116620081916631651e-15 2.105597687092003270e-15 3.447438877312184559e+03
6.781610178211697425e-15 2.110907484823675663e-15 3.448146739147025983e+03
8.724302565048395549e-15 2.120563455937027578e-15 3.448854618794207454e+03
9.094657751776318888e-15 2.259052777167593923e-15 3.449562515349870409e+03
1.085962892608791365e-14 3.646057136664975003e-15 3.450270427354787444e+03
6.261996964210783461e-15 3.523713902198509104e-15 3.450978355386821477e+03
1.199835515962643863e-16 2.370081320240149974e-15 3.451686302377759148e+03
1.190961943492948663e-14 2.064819474149684848e-15 3.452394265171563347e+03
1.199633602442229382e-14 2.047368672395172434e-15 3.453102245138218677e+03
5.379522117554135096e-15 2.033490159032142420e-15 3.453810241148499699e+03
4.070021969528865700e-15 2.019709227486199251e-15 3.454518254643985529e+03
9.626585698680194769e-15 2.018477276018405339e-15 3.455226282187075412e+03
7.798828644963842565e-15 1.998303607138597863e-15 3.455934328406305212e+03
7.564649035563778125e-15 1.997354252720909085e-15 3.456642392065195963e+03
1.395611424385935241e-14 2.003499809415327802e-15 3.457350470671295625e+03
4.221260050499110792e-16 2.001701435110023913e-15 3.458058566911517119e+03
1.106575068367693617e-14 2.001484865684298029e-15 3.458766679718969499e+03
8.782985745904344951e-15 2.007134409357095650e-15 3.459474808969837795e+03
9.462024421846431366e-15 2.002065249764730002e-15 3.460182955966057307e+03
8.562733610827641649e-15 1.966255585838856278e-15 3.460891118872193147e+03
9.278856831693299446e-15 1.955124341458575921e-15 3.461599298851972890e+03
6.431355163391301720e-15 1.958684761141294020e-15 3.462307495912913510e+03
1.441352035287437948e-14 2.286193127876982041e-15 3.463015708238836851e+03
5.042938339885538808e-15 1.955296831628288406e-15 3.463723936727587898e+03
1.056981689517134691e-14 1.912519590961018989e-15 3.464432182230369108e+03
7.742138346093374940e-15 1.974895931365476562e-15 3.465140444066325472e+03
7.714048300972417299e-15 1.894380234346260107e-15 3.465848723229020834e+03
1.208161031806266120e-14 1.893520195164909021e-15 3.466557020721340450e+03
8.526518526156128337e-15 1.893847462345449785e-15 3.467265333681392804e+03
8.915430652989317875e-15 1.887586950747706553e-15 3.467973662283198792e+03
8.479133879653728204e-15 1.878362204362894648e-15 3.468682008891991245e+03
4.882380942785163451e-15 1.879346158450873964e-15 3.469390372502353785e+03
7.402128676345293098e-15 1.882271572635530868e-15 3.470098751126100979e+03
1.295202030285136311e-14 1.884946840021154260e-15 3.470807145643043441e+03
9.279614729325094063e-15 1.876249838938474152e-15 3.471515558903736746e+03
8.320437290085458546e-15 1.873832133597406031e-15 3.472223989448812517e+03
5.693802411511600975e-15 1.889581389088247559e-15 3.472932435531187366e+03
5.001118856996263510e-15 1.879429938785688919e-15 3.473640898076301710e+03
1.311457598542972028e-14 1.868983642997261613e-15 3.474349377310394630e+03
1.139375508694276648e-14 1.866753954289887026e-15 3.475057872359057910e+03
6.480458333762856952e-15 1.880700237975215261e-15 3.475766382975701163e+03
5.466664801758495885e-15 1.834748831334577030e-15 3.476474911502574741e+03
1.294600962093334076e-14 1.830539621892457226e-15 3.477183457425944198e+03
8.487744707617123445e-15 1.820809973220790989e-15 3.477892018161094711e+03
4.305503539476003486e-15 1.826999837801420534e-15 3.478600596050750028e+03
7.999863785433656464e-15 1.835562015878031596e-15 3.479309191574585384e+03
8.672936562901724560e-15 1.826123395171092453e-15 3.480017803715198170e+03
6.096266085587957628e-15 1.820266324092036249e-15 3.480726431903627599e+03
8.596435820247393562e-15 1.816186368344588305e-15 3.481435076252916588e+03
2.371967025515772158e-15 1.806656497174225981e-15 3.482143737185576356e+03
5.584663276228049466e-15 1.806300500421703439e-15 3.482852414994394167e+03
1.591504551907673194e-14 1.797045072762214981e-15 3.483561109613217923e+03
7.646063360655838080e-15 1.794591404928639230e-15 3.484269820833835183e+03
1.151872498023797432e-14 1.787017838486365240e-15 3.484978548230861634e+03
7.508086434948068440e-15 1.791630690040903385e-15 3.485687291921439282e+03
5.084600754396603144e-15 1.787917740748468548e-15 3.486396051849367268e+03
6.951892135339815103e-15 1.772929233573438077e-15 3.487104828207891842e+03
7.476329123646638813e-15 1.769274010841460101e-15 3.487813621255120779e+03
7.164064141084458074e-15 1.757923510142334307e-15 3.488522431344646975e+03
2.085166546089727080e-15 1.748625349649893104e-15 3.489231258438849636e+03
8.755223286140888214e-15 1.746551926983401419e-15 3.489940102066080726e+03
1.096666955371199254e-14 1.744253111704400768e-15 3.490648961610026618e+03
8.111349422554063064e-15 1.749061790224855867e-15 3.491357836937875618e+03
6.632791821873122525e-15 1.730969597639712271e-15 3.492066728592479194e+03
4.533854061441177246e-15 1.726795966964500423e-15 3.492775636927876803e+03
1.103728064722212575e-14 1.727559389408712191e-15 3.493484562062960322e+03
1.087276007749710565e-14 1.703284659336837857e-15 3.494193503879153468e+03
4.612307818533561809e-15 1.695096485690144543e-15 3.494902462701509648e+03
1.983095172482902920e-15 1.696906991500962239e-15 3.495611438492670004e+03
1.548536906888647983e-14 1.691999096317800866e-15 3.496320429605782010e+03
4.047246131250112166e-15 1.684884250878643631e-15 3.497029436995620017e+03
7.055158411175949760e-15 1.689807838062722818e-15 3.497738461348109013e+03
8.475977256501945239e-15 1.695327557122773149e-15 3.498447501499919781e+03
4.555385960552631765e-15 1.683647066755517836e-15 3.499156557650819650e+03
1.140682002288780386e-14 1.683666079027796302e-15 3.499865631339260744e+03
4.701074991203326428e-15 1.686435806378638968e-15 3.500574721852097809e+03
4.781033152269193629e-15 1.679741087599451061e-15 3.501283827205425951e+03
1.306434372947095095e-14 1.669577780804177833e-15 3.501992949086243698e+03
8.011780260083658846e-15 1.678703380510199366e-15 3.502702088284706406e+03
4.953881135969863993e-15 1.678079938288237366e-15 3.503411243671300781e+03
8.811263790196111246e-15 1.665697975454322152e-15 3.504120414257084576e+03
1.242802569640949891e-14 1.657328742526780726e-15 3.504829602826528571e+03
6.622326404421762912e-15 1.658902371881965310e-15 3.505538808566015177e+03
9.251978566364579064e-15 1.659379905164464851e-15 3.506248030264558111e+03
4.082734875103611250e-15 1.654769691820680244e-15 3.506957268199174450e+03
7.915213195565334509e-15 1.656567378122349028e-15 3.507666522448554588e+03
1.268443988965624430e-14 1.646470728652372918e-15 3.508375793105894445e+03
7.834540470966052883e-15 1.658560793468610288e-15 3.509085080068272873e+03
6.179892093247580939e-15 1.653394583964259744e-15 3.509794383413454852e+03
1.026038117377869213e-14 1.654306096266077348e-15 3.510503702911553773e+03
3.229323684546925145e-15 1.644371022024023762e-15 3.511213038702891026e+03
7.849944469294598900e-15 1.637423845098321245e-15 3.511922390914461175e+03
7.572584439980314438e-15 1.633744846230696883e-15 3.512631759523894289e+03
8.710100127362906672e-15 1.627868060760496738e-15 3.513341144509039623e+03
5.343504161344037737e-15 1.624322186841559432e-15 3.514050545864400192e+03
8.386555681679153085e-15 1.624459915234589867e-15 3.514759963541857360e+03
7.901689511759854121e-15 1.624429788605826686e-15 3.515469397551470138e+03
1.114276803327829508e-14 1.626059658437607040e-15 3.516178847887102620e+03
2.508439505985988058e-15 1.622929617343798042e-15 3.516888314589462880e+03
1.401547260042252895e-14 1.610243362412195341e-15 3.517597797721376537e+03
6.041730155936362545e-15 1.610737623289571721e-15 3.518307297206187286e+03
8.083928700550015746e-15 1.611418491871526288e-15 3.519016812856168144e+03
6.280224002162746765e-15 1.606386207753209904e-15 3.519726344907476232e+03
8.089412677580393356e-15 1.607711149320617445e-15 3.520435892870915268e+03
7.517100003471813736e-15 1.601623631527385107e-15 3.521145457087097384e+03
6.953815713892708923e-15 1.599493706770602648e-15 3.521855037910251212e+03
8.454507444523105046e-15 1.604881162393286985e-15 3.522564635688460385e+03
4.571854626457239365e-15 1.584874698870429869e-15 3.523274250380845388e+03
9.144774384648712836e-15 1.592763634305636750e-15 3.523983880709337427e+03
7.085773314874862361e-15 1.588734994320860348e-15 3.524693526380474850e+03
5.500950359187450700e-15 1.582250045426817547e-15 3.525403188167942062e+03
8.420113081859975163e-15 1.584107478968904246e-15 3.526112867330716654e+03
6.702531645259023436e-15 1.587772514754389048e-15 3.526822562668645332e+03
6.058943709728630195e-15 1.601296344684636361e-15 3.527532272323219331e+03
6.957770908488347743e-15 1.588995638273164921e-15 3.528242000077692865e+03
9.769218417898521191e-15 1.584252104558491780e-15 3.528951745133046643e+03
2.110180717070866545e-15 1.582238424220043103e-15 3.529661504283822069e+03
7.167364678142862591e-15 1.583689030538935453e-15 3.530371280165922144e+03
8.255796496406342968e-15 1.580138038093351229e-15 3.531081073950589598e+03
1.176197725686505333e-14 1.575805504829983793e-15 3.531790882313057409e+03
3.990629143841102666e-15 1.584940626893695865e-15 3.532500706877131051e+03
4.803910264798892877e-15 1.582771913115626588e-15 3.533210549232159792e+03
6.839108789203709046e-15 1.579194856450534598e-15 3.533920407734863147e+03
6.635970152425976451e-15 1.587825212493459438e-15 3.534630281413460580e+03
8.727034876903500107e-15 1.584280816845047277e-15 3.535340170618004322e+03
7.533271905815378356e-15 1.579261087894516783e-15 3.536050076004089533e+03
6.108496365108030186e-15 1.580201037190829368e-15 3.536759998993918998e+03
2.698303418125452176e-15 1.579866844850427977e-15 3.537469938843632917e+03
6.333200562433689872e-15 1.575130311597608956e-15 3.538179893469427043e+03
9.572037968216929415e-15 1.576010742751525153e-15 3.538889864933948047e+03
1.051452554303337539e-14 1.569749578960181728e-15 3.539599850684704961e+03
3.473478539336672165e-15 1.570208026197481674e-15 3.540309856280528038e+03
7.704380052431214052e-15 1.559135862207378244e-15 3.541019875039231920e+03
7.537380400718433125e-15 1.544593532891707575e-15 3.541729911597725732e+03
1.275498233082823454e-14 1.548992347919452650e-15 3.542439964162492743e+03
8.897996234983432852e-15 1.554896933959175189e-15 3.543150032124395238e+03
1.037905818639326780e-14 1.574085550193797997e-15 3.543860115234850582e+03
7.178424992337516631e-15 1.572521113502244781e-15 3.544570216779027760e+03
1.018794574799586198e-14 1.567262369209475306e-15 3.545280332361922774e+03
8.106918143358405640e-15 1.556147554013771914e-15 3.545990466717909385e+03
3.064764034133953188e-15 1.560821104789428359e-15 3.546700616336304847e+03
9.354061148969523797e-15 1.568332419825351071e-15 3.547410780744427939e+03
1.097205586701651879e-14 1.565703314564168525e-15 3.548120963036445119e+03
8.390978014053482963e-15 1.566944161128955031e-15 3.548831159994533664e+03
9.104336417827397193e-15 1.564664406497477956e-15 3.549541372723796940e+03
1.128381745001099916e-14 1.563883586429524457e-15 3.550251604581837455e+03
-5.684168868991708394e-16 1.564644351375943344e-15 3.550961848917170300e+03
9.634764945802560550e-15 1.556237170071103916e-15 3.551672112075270888e+03
9.829911498032283645e-15 1.554541368480690542e-15 3.552382388150145744e+03
9.482749587994384050e-15 1.555121819187871822e-15 3.553092683232880972e+03
1.023904614597878203e-14 1.544713093444639284e-15 3.553802994847477748e+03
3.613750679567720668e-15 1.540191351908886250e-15 3.554513319832060461e+03
6.952062876444510696e-15 1.549060896952395249e-15 3.555223663500962175e+03
6.918580975703090745e-15 1.554829283197888869e-15 3.555934023597376836e+03
4.913206188373296942e-15 1.603787127559275895e-15 3.556644397849081543e+03
1.213221167069340920e-14 1.550523863963426410e-15 3.557354788024802929e+03
1.145245132359456611e-14 1.538568415026508449e-15 3.558065195038891943e+03
6.165935918454706002e-15 1.526631241068722419e-15 3.558775619162810472e+03
5.282067098192497197e-15 1.532252105827374096e-15 3.559486057475002781e+03
1.263778431794369840e-14 1.516037664470277442e-15 3.560196513687521019e+03
9.235143290681282977e-15 1.514526417492950181e-15 3.560906985624228582e+03
5.759300990482158240e-15 1.508307290625229996e-15 3.561617472327201085e+03
7.349520515303590225e-15 1.511339698148032940e-15 3.562327977001106774e+03
1.015611500492291800e-14 1.515444100686039276e-15 3.563038497664278111e+03
6.730821550723828495e-15 1.509522270655174530e-15 3.563749032178850939e+03
5.700203897921404270e-15 1.500992752992372522e-15 3.564459583693198965e+03
4.054285745294057204e-15 1.492279691910519467e-15 3.565170152264547141e+03
8.717414242070756536e-15 1.483551004894202545e-15 3.565880736348051414e+03
4.955663713356773417e-15 1.488891679988236816e-15 3.566591336426020462e+03
9.994538870884628915e-15 1.492118248216669676e-15 3.567301952102779978e+03
8.107025134930019759e-15 1.475215803366421221e-15 3.568012583806463681e+03
9.252526616214030418e-15 1.463090571057490104e-15 3.568723231430336455e+03
6.752840718490121177e-15 1.452120651138907182e-15 3.569433895268722154e+03
6.256039026091262022e-15 1.455506741176222823e-15 3.570144575439823257e+03
1.149871201551829490e-14 1.498820701082458012e-15 3.570855271879318025e+03
5.643652786440622126e-15 1.530848724796542172e-15 3.571565984401350761e+03
8.116214208683698244e-15 1.451002214391201237e-15 3.572276712469502854e+03
7.699936022846057273e-15 1.446193521225157286e-15 3.572987456224314428e+03
8.496920748981196288e-15 1.444028474217722530e-15 3.573698216584247348e+03
3.508711053657008072e-15 1.445262429045051232e-15 3.574408993534105321e+03
7.372793151324364799e-15 1.451812726307749667e-15 3.575119785397631858e+03
1.004846447956537942e-14 1.460095937089746124e-15 3.575830593842057169e+03
8.259146953852698712e-15 1.457516109178593037e-15 3.576541418175863328e+03
5.563231124729211732e-15 1.450079785459842135e-15 3.577252257943481709e+03
5.933279255814130665e-15 1.444836626424015262e-15 3.577963113877231081e+03
9.857019590061798037e-15 1.441632279939597218e-15 3.578673985377576173e+03
7.487836889704989268e-15 1.429978465046429884e-15 3.579384872962568807e+03
7.015431589358100921e-15 1.426210457275948586e-15 3.580095777088068189e+03
6.491525136496416365e-15 1.440835046192843540e-15 3.580806697392245042e+03
1.002580799752164030e-15 1.443316303186581763e-15 3.581517633218186802e+03
1.038201377003482128e-14 1.445319068284499644e-15 3.582228584519375090e+03
1.042732717841041164e-14 1.445499973395400835e-15 3.582939552256487787e+03
6.166015798539077649e-15 1.450212335321853992e-15 3.583650536927366829e+03
6.275857590384070956e-15 1.441588171611086639e-15 3.584361536195113331e+03
6.885356260265593896e-15 1.442495996472062572e-15 3.585072551748577098e+03
6.724457368088985340e-15 1.434852279055366497e-15 3.585783583705580895e+03
8.699700030391912936e-15 1.437176692513054483e-15 3.586494629353388518e+03
3.822852514237321908e-15 1.436224359444065166e-15 3.587205692922483649e+03
8.575487206518622472e-15 1.422691094150168479e-15 3.587916771811092076e+03
9.963540183972199585e-15 1.415546912867818487e-15 3.588627867678013899e+03
6.800249281066694700e-15 1.423132287623033011e-15 3.589338979758193091e+03
7.000943395196739448e-15 1.415570363653955572e-15 3.590050106580204556e+03
5.325538277962292280e-15 1.410504205189617683e-15 3.590761250667017066e+03
3.358833322825177522e-15 1.407781706445770486e-15 3.591472409579299892e+03
1.029806560111578747e-14 1.412817726470928548e-15 3.592183582907019172e+03
5.922173568403280739e-15 1.405693290504439245e-15 3.592894773338068262e+03
1.339249650941057618e-14 1.404609796822123144e-15 3.593605980686047587e+03
2.181406508064831033e-15 1.406668295928541892e-15 3.594317202819761405e+03
9.784809066035723789e-15 1.405055333613673841e-15 3.595028440002112802e+03
1.437930790338854741e-15 1.402133602275139646e-15 3.595739695022700289e+03
6.972365861382717850e-15 1.412327383890636439e-15 3.596450965167666709e+03
8.276856062427429210e-15 1.404222454917304815e-15 3.597162250181385389e+03
7.662778695920332152e-15 1.407828751653953255e-15 3.597873552188329995e+03
4.869129556207878950e-15 1.398748258860909916e-15 3.598584870665197741e+03
3.247845285182793835e-15 1.399659239761965055e-15 3.599296202826307308e+03
9.851699617098970720e-15 1.399611577656688079e-15 3.600007551342154329e+03
7.227544976480941780e-15 1.407487549290778515e-15 3.600718916143438037e+03
3.541907557847186802e-15 1.389997285867103681e-15 3.601430297668015555e+03
3.546295984856854475e-15 1.399698661497870243e-15 3.602141695876397534e+03
1.356708963503534432e-14 1.369597375210903628e-15 3.602853106598633531e+03
2.724166210595235530e-15 1.380527043859235060e-15 3.603564535675017396e+03
5.404905854320413347e-15 1.369506318477981348e-15 3.604275979924972944e+03
1.141402164331353030e-14 1.364473482242793506e-15 3.604987439350664317e+03
7.082103779629238288e-15 1.361708593243713065e-15 3.605698915310405937e+03
9.753409297096661520e-15 1.368299509105784016e-15 3.606410407604709690e+03
7.905051996706387165e-16 1.355804645628044918e-15 3.607121914458803531e+03
9.511909107492891714e-15 1.359627952411624249e-15 3.607833436876268934e+03
9.241269769574263233e-15 1.361134061578131378e-15 3.608544977581625972e+03
6.149574800829929181e-15 1.363703035446397945e-15 3.609256531243463542e+03
3.133841666804571932e-15 1.359394545019242050e-15 3.609968101838354414e+03
6.723687745105439756e-15 1.354801406986970413e-15 3.610679688827206519e+03
1.002657358563437205e-14 1.350342070278605152e-15 3.611391290541153467e+03
6.276895849858063268e-15 1.352242306166072140e-15 3.612102907484866137e+03
3.663131108738006182e-15 1.361651869334212250e-15 3.612814541031438239e+03
1.131881285554225282e-14 1.358315986919486809e-15 3.613526190905080966e+03
7.621074802196080418e-15 1.359287549006245188e-15 3.614237856318962258e+03
8.374179891799437428e-15 1.354093682043139497e-15 3.614949537176641570e+03
8.622640748170332671e-16 1.353935390000051975e-15 3.615661233601926142e+03
1.106531880389298827e-14 1.366033162242200902e-15 3.616372945977279414e+03
7.695791257093590432e-15 1.360795985877874074e-15 3.617084674229918619e+03
1.002932452659231752e-14 1.367410341445531013e-15 3.617796418311120306e+03
7.948444189442820711e-15 1.355897076786428115e-15 3.618508178001421584e+03
4.047024612927686063e-15 1.355616162347074016e-15 3.619219953207180879e+03
5.985265198862896847e-15 1.339585085479068757e-15 3.619931744108403109e+03
4.186396591879012412e-15 1.342452803394018865e-15 3.620643550848585619e+03
1.062375355276099825e-14 1.328908390191959270e-15 3.621355373470251834e+03
3.232065817681743734e-15 1.321951488746045876e-15 3.622067211942566246e+03
1.068946670896147677e-14 1.319284000073462555e-15 3.622779066131924083e+03
5.983431143479570073e-15 1.318726274934555225e-15 3.623490936060541117e+03
9.665559116277112343e-15 1.316184853288360506e-15 3.624202821350635531e+03
7.917024355341388447e-15 1.327919137614907105e-15 3.624914721981501771e+03
6.591154306124088765e-15 1.308650715576667128e-15 3.625626638378238113e+03
7.524217428308822920e-15 1.311222814853975852e-15 3.626338571452917222e+03
9.570671046062097454e-15 1.304483000145816107e-15 3.627050518993017249e+03
4.229177507743007694e-15 1.303767327016748119e-15 3.627762482925397762e+03
9.546092432398204235e-15 1.301048713408243708e-15 3.628474463497979741e+03
5.699080267879493231e-15 1.297883039278899431e-15 3.629186458534206395e+03
6.500726306891679873e-15 1.299442005697497701e-15 3.629898470009136872e+03
1.037278800760305782e-14 1.299647096433216354e-15 3.630610496666354265e+03
5.288420848997658246e-15 1.298511326304021619e-15 3.631322537904230558e+03
6.324738832924756744e-15 1.298842887375127748e-15 3.632034595276969867e+03
8.307843851551834370e-15 1.290036891111947095e-15 3.632746669549902435e+03
6.794898451157297124e-15 1.299231833641634056e-15 3.633458759106036268e+03
7.442627542099676023e-15 1.304077697391257794e-15 3.634170863610005654e+03
8.405078593864481225e-15 1.301432320294411276e-15 3.634882983418688127e+03
9.418048766473500164e-15 1.296216091531341623e-15 3.635595119775851799e+03
9.108105248388315038e-15 1.303469170779940081e-15 3.636307271079788734e+03
6.032155809688949534e-15 1.313420994055546704e-15 3.637019439000628154e+03
5.950854895639953903e-15 1.309605736205457732e-15 3.637731623179477992e+03
6.024630196934776236e-15 1.297861673329436603e-15 3.638443819392014120e+03
7.785794690035958440e-15 1.291032729021075975e-15 3.639156033458447382e+03
3.547616555158869169e-15 1.285846916471184708e-15 3.639868263215778825e+03
9.093584321475941946e-15 1.335327092176725272e-15 3.640580507543301337e+03
4.538321578454830994e-15 1.304214910629472200e-15 3.641292767975358402e+03
6.634879346480317572e-15 1.273309285425796851e-15 3.642005044829338203e+03
1.246706349246096800e-14 1.266227647575492113e-15 3.642717337483361007e+03
2.988518671979884025e-15 1.246014487660186379e-15 3.643429645435145630e+03
8.354433694515646976e-15 1.244865770362365647e-15 3.644141968484503195e+03
6.147006621409574024e-15 1.252075199165316237e-15 3.644854306681210801e+03
8.976423194907797390e-15 1.254421186500372976e-15 3.645566660863146353e+03
6.096588290224745134e-15 1.252599675263625818e-15 3.646279031437262347e+03
9.442101215451671691e-15 1.240856132936092877e-15 3.646991416967076930e+03
9.129573975984299456e-15 1.227182190969956897e-15 3.647703817586710102e+03
5.372563661404775899e-15 1.231584256866371548e-15 3.648416234807942146e+03
7.467752860862459446e-15 1.233295802011822214e-15 3.649128668639905300e+03
7.590153135863527294e-15 1.217192947516377764e-15 3.649841116552031508e+03
8.704793754384391197e-15 1.219391097006924739e-15 3.650553579039050419e+03
6.034931822792006032e-15 1.225321107223785440e-15 3.651266058586024883e+03
9.813567920353353887e-15 1.228074473215584837e-15 3.651978551790286474e+03
8.192721693919255062e-15 1.229539123719628083e-15 3.652691060657351954e+03
5.393034458924912727e-15 1.237490327864348286e-15 3.653403587226146101e+03
1.020668613020980240e-14 1.221335586966591827e-15 3.654116127075780241e+03
8.448095028196414949e-15 1.217424264905439037e-15 3.654828683425292184e+03
4.873080524079243719e-15 1.223377463574381059e-15 3.655541257159912675e+03
5.765105278647185173e-15 1.224429102738320227e-15 3.656253845184190141e+03
7.874416348332820313e-15 1.220611936645479218e-15 3.656966447714396963e+03
9.588860538525298768e-15 1.219717762449895732e-15 3.657679065996309873e+03
7.974256603217741693e-15 1.215393106200692295e-15 3.658391700063080862e+03
9.381820336038614078e-15 1.208452972033538659e-15 3.659104348413303342e+03
7.324533542397966832e-15 1.207327037595811474e-15 3.659817013921626767e+03
3.856816489764917936e-15 1.211695256717152595e-15 3.660529695348947826e+03
6.089373813556966611e-15 1.205621327203221074e-15 3.661242390961040655e+03
9.468677063991197181e-15 1.193559646566569760e-15 3.661955102015040666e+03
8.791945681454720646e-15 1.186240218814117317e-15 3.662667829313551010e+03
6.885967337322964069e-15 1.170373492011510592e-15 3.663380571995250648e+03
5.150164716163651080e-15 1.153255866854488022e-15 3.664093329110438845e+03
7.225050459220167653e-15 1.146169181223017402e-15 3.664806102310501956e+03
5.898895391117181371e-15 1.146820256506545376e-15 3.665518891852488650e+03
8.005183493337097590e-15 1.142303609968947659e-15 3.666231696318377544e+03
6.193274911559781989e-15 1.149839967534118007e-15 3.666944515574797151e+03
6.889497668976112243e-15 1.144406021316359886e-15 3.667657349838840673e+03
6.150872966311663438e-15 1.142122223744391695e-15 3.668370199335748566e+03
8.406684348533672814e-15 1.141626018182419412e-15 3.669083064664832818e+03
3.742206887234037014e-15 1.141839250887253326e-15 3.669795946207260386e+03
7.535883887666700691e-15 1.137561642968985489e-15 3.670508843636870552e+03
5.267120821161006170e-15 1.128958648204333429e-15 3.671221756623040164e+03
9.249239530160823178e-15 1.128798329135237883e-15 3.671934684746778657e+03
5.865356155813270845e-15 1.122493970981129085e-15 3.672647627966629443e+03
8.487333603466294996e-15 1.116877063853401770e-15 3.673360586201663864e+03
8.527321233014395748e-15 1.109154340324046404e-15 3.674073559627145187e+03
5.932501256572493074e-15 1.103463215494632157e-15 3.674786548515408413e+03
7.834911675259610809e-15 1.101471141619960106e-15 3.675499553155589638e+03
9.237000093029135155e-15 1.105913609057211229e-15 3.676212573686691940e+03
6.182215418743235459e-15 1.100746178173371557e-15 3.676925609645850272e+03
7.018475370670770453e-15 1.098308018948349859e-15 3.677638660517175595e+03
6.450342369897786678e-15 1.092880615480520824e-15 3.678351726502580277e+03
6.984777015028871143e-15 1.086010961986739972e-15 3.679064808278536020e+03
7.340621606790319292e-15 1.087211866295349078e-15 3.679777904929922897e+03
4.465607035899836421e-15 1.081090888221642283e-15 3.680491016676641266e+03
1.154994649820930044e-14 1.090755175014736789e-15 3.681204144177816488e+03
7.392777516013634050e-15 1.083961428332371224e-15 3.681917287699051485e+03
4.939138210322212952e-15 1.079177366105098476e-15 3.682630446504688734e+03
1.034460988070961815e-14 1.083304995920528456e-15 3.683343621414974223e+03
5.551160904096333697e-15 1.082576910802402192e-15 3.684056810800990206e+03
7.198441636144057340e-15 1.085264130595446069e-15 3.684770013157298763e+03
1.165115522162034382e-14 1.091135067144835806e-15 3.685483232979389413e+03
6.887320185941786353e-15 1.084278710015793365e-15 3.686196467196111826e+03
6.613232142836197124e-15 1.084269457138095332e-15 3.686909716804286290e+03
6.129682333678455459e-15 1.089223187850663853e-15 3.687622983841536552e+03
5.388064931440313416e-15 1.089114034322823383e-15 3.688336264870744344e+03
6.532945719240984628e-15 1.078008131755637633e-15 3.689049561715412892e+03
6.632279352277291434e-15 1.070815269935403708e-15 3.689762873927037617e+03
5.192397594849474457e-15 1.060680662466691521e-15 3.690476200494634213e+03
9.150699575695789765e-15 1.057592241944874325e-15 3.691189542329892447e+03
7.347974272820548682e-15 1.049297244031508775e-15 3.691902899915092348e+03
4.138748208905033432e-15 1.048546075378923780e-15 3.692616272738401676e+03
9.280692087664466218e-15 1.040297641017862290e-15 3.693329660033869914e+03
8.357159831456046653e-15 1.040503217111391793e-15 3.694043064164635325e+03
8.637646527094121285e-15 1.038843394451756970e-15 3.694756483949953690e+03
8.583478448662358422e-15 1.037978478395646871e-15 3.695469917414972315e+03
7.623914955944210852e-15 1.035079977770232836e-15 3.696183366624321934e+03
3.527656500163996347e-15 1.035917341255744844e-15 3.696896831286744600e+03
9.681822528142901079e-15 1.037590421043249898e-15 3.697610310692815801e+03
6.195888638058885504e-15 1.032386219478251824e-15 3.698323805212352909e+03
7.080672639547834649e-15 1.031018494118049379e-15 3.699037316159285183e+03
7.903769408919747633e-15 1.028506875853472354e-15 3.699750842298135922e+03
6.717612837076312071e-15 1.027694348124983283e-15 3.700464382800271778e+03
6.222971489264829711e-15 1.022359844448871144e-15 3.701177939593473184e+03
6.816828624354172422e-15 1.027699572454656663e-15 3.701891510842085154e+03
6.866779988721552227e-15 1.023233621308415350e-15 3.702605096833535299e+03
8.215425357720345328e-15 1.022310654144486778e-15 3.703318699554619343e+03
1.148865064149927128e-14 1.020242053597840183e-15 3.704032316840445674e+03
5.189505471652229149e-15 1.018914083651345922e-15 3.704745949190605643e+03
5.431706924244172471e-15 1.016001752288676019e-15 3.705459595962209278e+03
9.229981527890651288e-15 1.020483982334948843e-15 3.706173256501366268e+03
6.739710542201140359e-15 1.011124654638570459e-15 3.706886934153537823e+03
7.142975311333920419e-15 1.010336259767022601e-15 3.707600628895744194e+03
5.920865185900102506e-15 1.003491084758856723e-15 3.708314337009919655e+03
9.450998276510175848e-15 9.903257724872254166e-16 3.709028059520277566e+03
9.343248771650727673e-15 9.918672829467358542e-16 3.709741799451714087e+03
5.699735901646960674e-15 9.970092181996051852e-16 3.710455552922918741e+03
9.703555255669299878e-15 9.888245417553318057e-16 3.711169320606433303e+03
8.831696716047443313e-15 9.830251548472627294e-16 3.711883105838616302e+03
5.725441455400412324e-15 9.737965996742526962e-16 3.712596906017760830e+03
3.984981576046095067e-15 9.702848199874718840e-16 3.713310720449520886e+03
1.016607531698928294e-14 9.669154877920039299e-16 3.714024550967350933e+03
8.409997758099658727e-15 9.625025041636998630e-16 3.714738396366867619e+03
7.134764884553108625e-15 9.577922793637824108e-16 3.715452255852190319e+03
4.849638310928001731e-15 9.558876160041022672e-16 3.716166131086810765e+03
6.866415845138305477e-15 9.523004005206951738e-16 3.716880022083802942e+03
7.393679843218142976e-15 9.445656225956908814e-16 3.717593927599010385e+03
1.166292081754636377e-14 9.375783105358817432e-16 3.718307847015673815e+03
6.747177040351058740e-15 9.431835436376758977e-16 3.719021782170839288e+03
6.839291589625385397e-15 9.407293925044183261e-16 3.719735733700853416e+03
1.027290488177775885e-14 9.417800430781329685e-16 3.720449700502733322e+03
6.661014853798884777e-15 9.486473278375867436e-16 3.721163680514444877e+03
7.548944020774627507e-15 9.439349195247338251e-16 3.721877677063329884e+03
6.925353860371782756e-15 9.404305676053561955e-16 3.722591689275041972e+03
7.189410922700748178e-15 9.412174007774748941e-16 3.723305715178346873e+03
6.709548625054700982e-15 9.429547910818609973e-16 3.724019756684688673e+03
7.359595712083954266e-15 9.385144507579010010e-16 3.724733813606472722e+03
8.810209860874779751e-15 9.389480827737555925e-16 3.725447885351199602e+03
6.128819160087940061e-15 9.356724597749178950e-16 3.726161972110143779e+03
6.586312813440508582e-15 9.343443261282230716e-16 3.726876075068606951e+03
5.608350559392949057e-15 9.355130579592002044e-16 3.727590192118237155e+03
5.560193372171916611e-15 9.352154000515089481e-16 3.728304323864049366e+03
6.825713900196772992e-15 9.281166444066915945e-16 3.729018472702592589e+03
6.139116348704203785e-15 9.342602808546423086e-16 3.729732634914032133e+03
1.024982369089439067e-14 9.364465364677755980e-16 3.730446811532158790e+03
7.437724904893735306e-15 9.348073010974078655e-16 3.731161004237960697e+03
9.176807948761408399e-15 9.357545481412070878e-16 3.731875210939840144e+03
6.244354452372957281e-15 9.333354393746345888e-16 3.732589433398198707e+03
7.758782362189191363e-15 9.343458319878786473e-16 3.733303671747227781e+03
5.431030097885553205e-15 9.305967871225958890e-16 3.734017924283509274e+03
6.114329239959717052e-15 9.280775385394531575e-16 3.734732192975387989e+03
8.467547974590989499e-15 9.167709498882585744e-16 3.735446475946936516e+03
9.368522485620865655e-15 9.160374725657401700e-16 3.736160772543615622e+03
7.479517756484315267e-15 9.131489150259752724e-16 3.736875085841281816e+03
7.403916279341490959e-15 9.128792131656399433e-16 3.737589413537925793e+03
7.866085343029248004e-15 9.210257279439384554e-16 3.738303755399518195e+03
7.617534787278859486e-15 1.030858989170897659e-15 3.739018113550018825e+03
1.023024200377282509e-14 9.155000497584714760e-16 3.739732486336409238e+03
5.402014040249281284e-15 8.975361199369486107e-16 3.740446874033074891e+03
7.821420275198676932e-15 8.996822856429810394e-16 3.741161277150260958e+03
6.019832469360462763e-15 8.969719034749529084e-16 3.741875695145583450e+03
9.693203374289540032e-15 8.888726058037182226e-16 3.742590128169645141e+03
1.119365104426907519e-14 8.886430217399023714e-16 3.743304576449299475e+03
1.065021532359815057e-14 8.810435771638779658e-16 3.744019039919468469e+03
1.094242790348889057e-14 8.804988853263077905e-16 3.744733518123702197e+03
1.636512123752859201e-14 8.746591218291868612e-16 3.745448010933464047e+03
1.891200075616597301e-14 8.776777293999245629e-16 3.746162518625033044e+03
1.700290495309144742e-14 8.809547592529462358e-16 3.746877041398931397e+03
1.857567136239944796e-14 8.714686666373660871e-16 3.747591579517792525e+03
2.106169136297075770e-14 8.718258517682580142e-16 3.748306132828932277e+03
2.028903290415621321e-14 8.822292008300379517e-16 3.749020700951247818e+03
1.748028383544512761e-14 8.719175732097552347e-16 3.749735283593786789e+03
2.128671988125680741e-14 8.672215255363402583e-16 3.750449880491561998e+03
1.799302010313321336e-14 8.646000611437150706e-16 3.751164492704238000e+03
1.744640231352666897e-14 8.605871398446291803e-16 3.751879120434043216e+03
1.914738415233429462e-14 8.545774728742996452e-16 3.752593762690049516e+03
1.854899084718022373e-14 8.498438287095961431e-16 3.753308419852336556e+03
1.845051186382569670e-14 8.465638611908268427e-16 3.754023092355656445e+03
1.646992070252063136e-14 8.473397568867651934e-16 3.754737780220460991e+03
1.696216733770991999e-14 8.492218907655159246e-16 3.755452483262513852e+03
1.684232650221514501e-14 8.453197800872316848e-16 3.756167200185366710e+03
1.374129703211292134e-14 8.425564451274110719e-16 3.756881931673389772e+03
1.371333789522860724e-14 8.420399687647575932e-16 3.757596679016823146e+03
1.492244263409804866e-14 8.375188040652373648e-16 3.758311440426993613e+03
1.173882461795659552e-14 8.354692044184652407e-16 3.759026216403216495e+03
8.753798128232225735e-15 8.294498727700229677e-16 3.759741007882646954e+03
7.898112138298634177e-15 8.253305774572194193e-16 3.760455814126418773e+03
9.692572184084556148e-15 8.257439561758097626e-16 3.761170636174783795e+03
6.404799883462936361e-15 8.229876696424792776e-16 3.761885473242228727e+03
9.318762932806054218e-15 8.209537917231385229e-16 3.762600324299120985e+03
6.377536648867607232e-15 8.235825541925414989e-16 3.763315190339276342e+03
5.289453738884492414e-15 8.179864176665772094e-16 3.764030070821665504e+03
6.258083899033884619e-15 8.138662745035366309e-16 3.764744966174357160e+03
7.514547016519027745e-15 8.144643928203725097e-16 3.765459877573724043e+03
9.054763756566229438e-15 8.067990161846164420e-16 3.766174802885684585e+03
7.745170127218456298e-15 7.999298533429974619e-16 3.766889743092262506e+03
6.717726878017033412e-15 8.009923266835745202e-16 3.767604699059984341e+03
1.166322653775112384e-14 7.990667935497694230e-16 3.768319668668998020e+03
7.093377830464320865e-15 8.028620889450778203e-16 3.769034653983103908e+03
6.089233259571852794e-15 8.040887794644427645e-16 3.769749654306849152e+03
4.674195988825588097e-15 8.003068655377404019e-16 3.770464668056221399e+03
8.789555070849968522e-15 7.927413881164339428e-16 3.771179697027401744e+03
5.026645070732203972e-15 7.831187924385945873e-16 3.771894741291111131e+03
8.145029864473580266e-15 7.780866880529948401e-16 3.772609800484936386e+03
7.301433388317138987e-15 7.799866576675200264e-16 3.773324874745484067e+03
7.647770023462753873e-15 7.835508939858952644e-16 3.774039963136682672e+03
6.512506879775801355e-15 7.846354728201056471e-16 3.774755066303813692e+03
7.996958207315029090e-15 7.874912817799861106e-16 3.775470184890410565e+03
7.140072293946702328e-15 7.892962336549027334e-16 3.776185318080562865e+03
6.134825038317039059e-15 7.908345228624883388e-16 3.776900465981198522e+03
7.110070936639924886e-15 7.898622103571525115e-16 3.777615628763356654e+03
6.673602705916255353e-15 7.871991313178040845e-16 3.778330806325884623e+03
1.210168873129372780e-14 7.884996302773327889e-16 3.779045998544580925e+03
7.047005923020836385e-15 7.848994360546847424e-16 3.779761205617357518e+03
8.783377677897721162e-15 7.860720275857600285e-16 3.780476427531967147e+03
1.150530672367634641e-14 7.821616703267794849e-16 3.781191664338525698e+03
5.851980976934364157e-15 7.772074489335050479e-16 3.781906915935113830e+03
9.031918744698317179e-15 7.745860748875890436e-16 3.782622181941406780e+03
7.711302587938166894e-15 7.714274281732795336e-16 3.783337462519571091e+03
9.146316302328516789e-15 7.735526993271358886e-16 3.784052757549652597e+03
8.089771804777027852e-15 7.719532900389014431e-16 3.784768067345061809e+03
7.311727044771602611e-15 7.705340098236414546e-16 3.785483392173647189e+03
9.479949528744223994e-15 7.675401571377012477e-16 3.786198732188729537e+03
8.460841155592564139e-15 7.636268725358250498e-16 3.786914087217701308e+03
5.284202850811526099e-15 7.633811867765032956e-16 3.787629456985613615e+03
1.042801995375508145e-14 7.594310758609198979e-16 3.788344841276703846e+03
9.507766413853344259e-15 7.569169242717772968e-16 3.789060239920266667e+03
7.929198284581505204e-15 7.526813109043625624e-16 3.789775653154792053e+03
9.781501570363663103e-15 7.519973081309724497e-16 3.790491081060305987e+03
5.212011857458739540e-15 7.503039589075728568e-16 3.791206523814892535e+03
7.974392410082239690e-15 7.444951408102089169e-16 3.791921981481021248e+03
5.548959506957718706e-15 7.414242669476222851e-16 3.792637454106744372e+03
7.647725494700012912e-15 7.430806903534435189e-16 3.793352941583245411e+03
8.954775827659997851e-15 7.413915582072372887e-16 3.794068443707756160e+03
7.243724499809120189e-15 7.434706989218504905e-16 3.794783960275491609e+03
6.319637962645585314e-15 7.419713032216782239e-16 3.795499491057696105e+03
9.361051992453499968e-15 7.402431464802338868e-16 3.796215036485005839e+03
7.504392168567588787e-15 7.373077432637127652e-16 3.796930596670817977e+03
6.402032099769770981e-15 7.349796323895148343e-16 3.797646171851137296e+03
8.818353025593196238e-15 7.356562619621955463e-16 3.798361761739283338e+03
9.208360284363269692e-15 7.315611414429176017e-16 3.799077366098536913e+03
8.340314312300600068e-15 7.326438396183904184e-16 3.799792984983859242e+03
1.006956528034389377e-14 7.263594203884706474e-16 3.800508618582170129e+03
6.518566545139119927e-15 7.228349732171650309e-16 3.801224267023694665e+03
1.006650270703033321e-14 7.161009969826003893e-16 3.801939930312700653e+03
7.406522375139482308e-15 7.141634197349316209e-16 3.802655608186203608e+03
9.868013364992625898e-15 7.123970318062296123e-16 3.803371300239242373e+03
6.997127893133729191e-15 7.115060527799120273e-16 3.804087006783410288e+03
1.192704274397080566e-14 7.143325070002960157e-16 3.804802728135809048e+03
8.771626344249035948e-15 7.088898768302434738e-16 3.805518464523016519e+03
8.343134770692119220e-15 7.084212658512094646e-16 3.806234215846492134e+03
1.141127113045902903e-14 7.015994122506426543e-16 3.806949981783158364e+03
9.934605608117055999e-15 7.015591093099884616e-16 3.807665761976804788e+03
6.705883446223884748e-15 6.971530824823255077e-16 3.808381556318518506e+03
1.188411012354854142e-14 7.026359476855481260e-16 3.809097364903544985e+03
1.099565012914124866e-14 6.948023129410798874e-16 3.809813188488581545e+03
8.983535748845854696e-15 6.964594838996496502e-16 3.810529027441835296e+03
8.867571483965767434e-15 6.921929543078866458e-16 3.811244880987814213e+03
7.512960734258262859e-15 6.916280594671924124e-16 3.811960748624420376e+03
9.737505940084495560e-15 6.909122191781643283e-16 3.812676630616702369e+03
1.078943824008594085e-14 6.931793753762082281e-16 3.813392527359085307e+03
9.047465931603661344e-15 6.896504888635356081e-16 3.814108438838848997e+03
8.945350970169215320e-15 6.904885339846583831e-16 3.814824364549141592e+03
5.842225061896980501e-15 6.835394880697972428e-16 3.815540304581300006e+03
6.596517176299954288e-15 6.829280590137717071e-16 3.816256260248525905e+03
8.889592115133591001e-15 6.743099258447426477e-16 3.816972229975544451e+03
8.555968832150914735e-15 6.701106206783253636e-16 3.817688213770319635e+03
6.358238091659135511e-15 6.653018114770893421e-16 3.818404212485681910e+03
6.689196454170972425e-15 6.673032241505455324e-16 3.819120225812838726e+03
7.512242218134641718e-15 6.644728132807977747e-16 3.819836254447210649e+03
9.286482254256899901e-15 6.570747859851577713e-16 3.820552298415526820e+03
4.622208844662328911e-15 6.598954730079216632e-16 3.821268354204728894e+03
5.122236702335135552e-15 6.610689241214634656e-16 3.821984425030631883e+03
1.055380910833867350e-14 6.597044953792657163e-16 3.822700512389418691e+03
8.155527206041618177e-15 6.628070603489987236e-16 3.823416612819832608e+03
7.040009199966321882e-15 6.619571970439757060e-16 3.824132726644313152e+03
6.940820139127286946e-15 6.615816816324808735e-16 3.824848856425341182e+03
9.799270765231795179e-15 6.638946913888544777e-16 3.825565001157961433e+03
8.272617321071409977e-15 6.624634630089537175e-16 3.826281159281598775e+03
1.180372559999834873e-14 6.632306331387594259e-16 3.826997332306589669e+03
7.411148596974338190e-15 6.665745211330038190e-16 3.827713518932539046e+03
7.873093862273260865e-15 6.638152265156789640e-16 3.828429720658379665e+03
1.012812006716887699e-14 6.595225755088002422e-16 3.829145938353396559e+03
8.567302072325951469e-15 6.590794919978702586e-16 3.829862168826293782e+03
8.285887981234610503e-15 6.617817389268899883e-16 3.830578412864660550e+03
1.131542402282978571e-14 6.618065507113909480e-16 3.831294674341588234e+03
1.155081184074454832e-14 6.579197401229313475e-16 3.832010947122351354e+03
1.095743257063486715e-14 6.536272363137750040e-16 3.832727237466962833e+03
4.860439595131275748e-15 6.485111258823322009e-16 3.833443540862484952e+03
9.003170357563049170e-15 6.456382290324639719e-16 3.834159859132977545e+03
1.092274471827857811e-14 6.426467405270553211e-16 3.834876191439256672e+03
9.999667176696774289e-15 6.379788066699444656e-16 3.835592537925212127e+03
1.100635003948064815e-14 6.389740380701903093e-16 3.836308898904787384e+03
1.099915707572222580e-14 6.376686837898552314e-16 3.837025274415470449e+03
1.167467838319566381e-14 6.349875462025209647e-16 3.837741664541474165e+03
1.171968593970011697e-14 6.331597856690045909e-16 3.838458069131490902e+03
8.666910953890857702e-15 6.338358356734840039e-16 3.839174487857025269e+03
9.377539613212489109e-15 6.314118976742511821e-16 3.839890920793042824e+03
1.044188923233992700e-14 6.287987268443127333e-16 3.840607368002343719e+03
9.255982860994421153e-15 6.296622213456016138e-16 3.841323829954903886e+03
8.978646290480369694e-15 6.292711425295907238e-16 3.842040306720764875e+03
8.275589318881733817e-15 6.317886396615311482e-16 3.842756797927859225e+03
1.137166594234545819e-14 6.300242358722985819e-16 3.843473303047014269e+03
8.746072058107921227e-15 6.289589859620786414e-16 3.844189822918197024e+03
8.263955825744851387e-15 6.232879032031575774e-16 3.844906357771273179e+03
1.050837497928931037e-14 6.228084121425884694e-16 3.845622905582616113e+03
8.378315046732639239e-15 6.220568684726153707e-16 3.846339468896146172e+03
8.925533460232039365e-15 6.212629540595802998e-16 3.847056046699395665e+03
8.658956959242850858e-15 6.206441936191286638e-16 3.847772637141923042e+03
8.186542108720045093e-15 6.158691011542320405e-16 3.848489243306193202e+03
8.625475707499567185e-15 6.124853490785564929e-16 3.849205863814588611e+03
8.432605010060917106e-15 6.097652051512153879e-16 3.849922498354766503e+03
7.825400061811891721e-15 6.091174614461848646e-16 3.850639147640199553e+03
7.472872238448666250e-15 6.066020284280359526e-16 3.851355811501818607e+03
9.043601766567251403e-15 6.057339354795858823e-16 3.852072488640782922e+03
9.310641123304279546e-15 6.050309603190742355e-16 3.852789180978945296e+03
7.149537987876016644e-15 6.084016721997295434e-16 3.853505888241606044e+03
7.347939918200221788e-15 6.040755658179380779e-16 3.854222608061691062e+03
7.181088898343892535e-15 5.984426710240108058e-16 3.854939345109602073e+03
5.782190492582913718e-15 5.936253790872203745e-16 3.855656093835416868e+03
8.088079022796225210e-15 5.883011801987204706e-16 3.856372855810866440e+03
6.801171834198027140e-15 5.828946923115895802e-16 3.857089634162648508e+03
6.289426241352557253e-15 5.835372886463425993e-16 3.857806425886808938e+03
7.184121270533368029e-15 5.852626321116894196e-16 3.858523234249182678e+03
6.310924023088057220e-15 5.827433318529660998e-16 3.859240055741079232e+03
9.134159283604020141e-15 5.800134050106210360e-16 3.859956890981977267e+03
6.777692405406620972e-15 5.784279688689609983e-16 3.860673741676676400e+03
5.271742897681175139e-15 5.781904268071113759e-16 3.861390604630055350e+03
8.571911796335289630e-15 5.767480306442865780e-16 3.862107482493439420e+03
6.995179167199277502e-15 5.740162034978163545e-16 3.862824375626192250e+03
8.404932104689752347e-15 5.718602104657703483e-16 3.863541282465921540e+03
6.284730180276811128e-15 5.713584297326526391e-16 3.864258203277634038e+03
7.510967919266806080e-15 5.681577706031000909e-16 3.864975138584432898e+03
8.319372226790486792e-15 5.676692202787210795e-16 3.865692088522695940e+03
7.135474168678865455e-15 5.684925471669680006e-16 3.866409052682769470e+03
7.766956630825969030e-15 5.666505853062952055e-16 3.867126030904570143e+03
8.321309391677170774e-15 5.648450513661894508e-16 3.867843023158805408e+03
7.044352636863409061e-15 5.648804587523487710e-16 3.868560029764617866e+03
8.462407354986040975e-15 5.610738771999466531e-16 3.869277050709627474e+03
1.107097297665127005e-14 5.609570606740454395e-16 3.869994086091922327e+03
1.011491900121984409e-14 5.663634099649744519e-16 3.870711135726600787e+03
8.342848625037499017e-15 5.653545242905841722e-16 3.871428199464833597e+03
9.851812641546145836e-15 5.640337677714121586e-16 3.872145277389074181e+03
1.056257641789177673e-14 5.644598526167404020e-16 3.872862369502278852e+03
8.196565106986971687e-15 5.623083977576621396e-16 3.873579475895915039e+03
9.717996811644984354e-15 5.620258191513026607e-16 3.874296596518481238e+03
7.817855428910724717e-15 5.573661658214879191e-16 3.875013731382320202e+03
1.059110294639516197e-14 5.567542653995405416e-16 3.875730880276297285e+03
8.815430853588865490e-15 5.513108934490097427e-16 3.876448043014761424e+03
9.952034048614060708e-15 5.455501258076930239e-16 3.877165220005786978e+03
8.320830071689640610e-15 5.449984966010040103e-16 3.877882411982202029e+03
9.626664929333081233e-15 5.407111180967410895e-16 3.878599617586552995e+03
1.011543442740082043e-14 5.414488086546387171e-16 3.879316837715437941e+03
9.429051146514796191e-15 5.371826722215305189e-16 3.880034073023359269e+03
1.005007760580195900e-14 5.380245167421520658e-16 3.880751321497458775e+03
8.755093217792552865e-15 5.417340481180923296e-16 3.881468583608123481e+03
1.127593230252908547e-14 5.433219283889571673e-16 3.882185860138537464e+03
9.813062081503449542e-15 5.450872747084979943e-16 3.882903151178444205e+03
1.078040413214651641e-14 5.413243626659856941e-16 3.883620456536302299e+03
1.010059627580824792e-14 5.407472630683505777e-16 3.884337775911736117e+03
9.291322640043667391e-15 5.418906051419444810e-16 3.885055109065411671e+03
9.295632655865241828e-15 5.389341459740169195e-16 3.885772456480327037e+03
1.109424267484045023e-14 5.376872267692180645e-16 3.886489818097029001e+03
9.012771974879909690e-15 5.354550285001159186e-16 3.887207194267666637e+03
9.415617826435785364e-15 5.333164966331334677e-16 3.887924584047990720e+03
1.182930246580587220e-14 5.291168009197411055e-16 3.888641986191674732e+03
1.131136146789148898e-14 5.305942246593774915e-16 3.889359403444778764e+03
9.158809492516513928e-15 5.285173000455158448e-16 3.890076837191300456e+03
1.032553660398193395e-14 5.287215524140881735e-16 3.890794284016256825e+03
1.065163027258405968e-14 5.262229458924191745e-16 3.891511743315692001e+03
9.149406445535069713e-15 5.254282839769364028e-16 3.892229219086670582e+03
1.012785666343729837e-14 5.233723454858110491e-16 3.892946707798624630e+03
9.758148737607602248e-15 5.200471042776302758e-16 3.893664210973364789e+03
9.177109185166155298e-15 5.214059788831891655e-16 3.894381729597246704e+03
9.165266878675679738e-15 5.260826474582549381e-16 3.895099260589506230e+03
9.548145474970530896e-15 5.227743332427207480e-16 3.895816805438552365e+03
9.904526352669090267e-15 5.244371983843156482e-16 3.896534364652941804e+03
8.614352564774097429e-15 5.237925090406679484e-16 3.897251937982065101e+03
1.051768646339702337e-14 5.233910710972845310e-16 3.897969525009973950e+03
8.247450861338219874e-15 5.255647244103386434e-16 3.898687125757337071e+03
9.657713655504783252e-15 5.246163606871071153e-16 3.899404741364624897e+03
1.102047618157964925e-14 5.250205380945290657e-16 3.900122371423936784e+03
8.760028868546211278e-15 5.238743708439193267e-16 3.900840016605695382e+03
7.018828294512826341e-15 5.229394393093678335e-16 3.901557674482723996e+03
9.945386646107263593e-15 5.235598141182039885e-16 3.902275344207992021e+03
7.466931063506978021e-15 5.506588012376159459e-16 3.902993032358664095e+03
8.107542258523844412e-15 5.276243187159088770e-16 3.903710730650675941e+03
8.505397810219754677e-15 5.201490770740057926e-16 3.904428445314185410e+03
9.323882049886140534e-15 5.208080361676743131e-16 3.905146173630443627e+03
6.239225001886669254e-15 5.197432581621760028e-16 3.905863916939471892e+03
7.372647550896408728e-15 5.195024041192666988e-16 3.906581671135538272e+03
9.708701761517606514e-15 5.160084088797405686e-16 3.907299442566306425e+03
8.426534372913264194e-15 5.157821713965925183e-16 3.908017226303726147e+03
9.608382752255651956e-15 5.132976241799196407e-16 3.908735025692158160e+03
7.349745564586770178e-15 5.129890823414720379e-16 3.909452836912118073e+03
7.039684841731973260e-15 5.128517136077924669e-16 3.910170662411440389e+03
8.540084508720443649e-15 5.104766886824149027e-16 3.910888503346450307e+03
7.099410563455722560e-15 5.086152412570367757e-16 3.911606357729849606e+03
8.013941984777148228e-15 5.091691411231655684e-16 3.912324224570312253e+03
8.035908231273890040e-15 5.069036494074920435e-16 3.913042105829360480e+03
9.463345847316784484e-15 5.067456446036000534e-16 3.913760003722460169e+03
7.669460868217682014e-15 5.027766600128864048e-16 3.914477913557962438e+03
6.905623599269098803e-15 5.049060530994071582e-16 3.915195836912363575e+03
7.326232424147748882e-15 5.001662922160829226e-16 3.915913776144099756e+03
9.432415862616685838e-15 4.974934843642120193e-16 3.916631728739414939e+03
6.249352282271805866e-15 4.966786905084988085e-16 3.917349693550981101e+03
5.863121368344319262e-15 4.922500791081607456e-16 3.918067672684375339e+03
9.678874073693825698e-15 4.844821606579831039e-16 3.918785667615649345e+03
7.797005001319406321e-15 4.844392868604885775e-16 3.919503676037964851e+03
8.888791719526287753e-15 4.810556533214847066e-16 3.920221696629188045e+03
7.082374620188435898e-15 4.729344394618922051e-16 3.920939731907657006e+03
8.077304703716203488e-15 4.682662092694584046e-16 3.921657782622637114e+03
8.179981475813055840e-15 4.644988869068529783e-16 3.922375845934598601e+03
7.196794476023973723e-15 4.604941246194836350e-16 3.923093924119562871e+03
8.154364039710444168e-15 4.593803618960638838e-16 3.923812016134764235e+03
8.472762859924891294e-15 4.646446096727207906e-16 3.924530121618667181e+03
9.350181755689106773e-15 4.632481178154406540e-16 3.925248241429794689e+03
9.078656280861888687e-15 4.655975877214364638e-16 3.925966373932951228e+03
9.157984533892410630e-15 4.682128372723676298e-16 3.926684521053663502e+03
8.196916725343745825e-15 4.688969385304543360e-16 3.927402683076866197e+03
9.110957176616807263e-15 4.658691336941822466e-16 3.928120857499002341e+03
9.157491867769356250e-15 4.661939862304278289e-16 3.928839047207397925e+03
9.487785172936571377e-15 4.649055993437538099e-16 3.929557250590219155e+03
9.634261862322356161e-15 4.619057039388485973e-16 3.930275466019248597e+03
8.887285230326989323e-15 4.619446644943835633e-16 3.930993696429979536e+03
9.623799525106683178e-15 4.599880747797487115e-16 3.931711941552148346e+03
9.766117538371946370e-15 4.609456366704426703e-16 3.932430200041086209e+03
8.148598777778432147e-15 4.618068462560810131e-16 3.933148471424493891e+03
9.616401551953906249e-15 4.630657617084503832e-16 3.933866757490042801e+03
1.020191370376968176e-14 4.619134122639303396e-16 3.934585058152314105e+03
1.019154682585259958e-14 4.645985453682410217e-16 3.935303371883976070e+03
9.651501646626985035e-15 4.680070682181240650e-16 3.936021699955201257e+03
7.434194195450776664e-15 4.716747150606389190e-16 3.936740041829455549e+03
1.172137284304485802e-14 4.727598713683946487e-16 3.937458397262383187e+03
1.099809648804839837e-14 4.731049816038268220e-16 3.938176766467739071e+03
8.926059792855460894e-15 4.739344124781536669e-16 3.938895148500455434e+03
1.001900215491082727e-14 4.752692775644551245e-16 3.939613544760562036e+03
1.020721492429916528e-14 4.749985694470855067e-16 3.940331955980350813e+03
1.083897758868781242e-14 4.717214690368939528e-16 3.941050379379958031e+03
8.610523771640315804e-15 4.759348225038879446e-16 3.941768818534347702e+03
9.848520025806915698e-15 4.747092535860236379e-16 3.942487271393072660e+03
1.163442472294155204e-14 4.641113096507006967e-16 3.943205734684393065e+03
1.428777875449610863e-14 4.562553746986597560e-16 3.943924215605123209e+03
-1.407045187258429664e-14 6.510297639183425162e-16 3.944642710853236622e+03
-2.942848495430856854e-15 5.013488229479941738e-16 3.945361215536161581e+03
1.292553533928829979e-14 4.499019381440285280e-16 3.946079737062094864e+03
1.151265467876532517e-14 4.490493779659605961e-16 3.946798272912689754e+03
9.309430041689631475e-15 4.552837316171117983e-16 3.947516821345683638e+03
9.989366256553898147e-15 4.552715053188733803e-16 3.948235384864568914e+03
8.609859188444567447e-15 4.506019574174771699e-16 3.948953960547644783e+03
8.442916308498026399e-15 4.518879631246008408e-16 3.949672550052695442e+03
9.000670351019456302e-15 4.498532121089288292e-16 3.950391155516645995e+03
9.478614645803587718e-15 4.451640665111694394e-16 3.951109774353841203e+03
6.680906138620808281e-15 4.447058294116154165e-16 3.951828404702461739e+03
7.197580252507809776e-15 4.430695253296298739e-16 3.952547048741317667e+03
9.024344627357925935e-15 4.420352223983080419e-16 3.953265709354619503e+03
6.909076923655573159e-15 4.398985908851454379e-16 3.953984382577200449e+03
8.049000760089434245e-15 4.418366383533408287e-16 3.954703067951510093e+03
7.311883305501294481e-15 4.424468375604103257e-16 3.955421767450962761e+03
7.384946167579022292e-15 4.413684676268044020e-16 3.956140481540215660e+03
6.684695242551233759e-15 4.386374244594762888e-16 3.956859209853992979e+03
8.015259704842911820e-15 4.345748275294796805e-16 3.957577951654061508e+03
7.573041112333882349e-15 4.316448548193383418e-16 3.958296707531790616e+03
5.697807852648605005e-15 4.327811285528014853e-16 3.959015477796486266e+03
7.216291093348179856e-15 4.279980828118665969e-16 3.959734258308689277e+03
7.173812218788921120e-15 4.257693026253236613e-16 3.960453054598824565e+03
7.240401769596820636e-15 4.237523698507530389e-16 3.961171863149311775e+03
8.907894862596903663e-15 4.234897012679529548e-16 3.961890689292514253e+03
6.684246195334301496e-15 4.219556303278274246e-16 3.962609525209008098e+03
8.775105933749142567e-15 4.198513930505768449e-16 3.963328377268507666e+03
7.411965928764534527e-15 4.194421167399269773e-16 3.964047241151599337e+03
6.775991451740506040e-15 4.175256335261427712e-16 3.964766119218211315e+03
7.700361286012529914e-15 4.177865153874168057e-16 3.965485010882378901e+03
8.976277629310011394e-15 4.146281557493321517e-16 3.966203916715983723e+03
7.911372446776238028e-15 4.167509771111077839e-16 3.966922836947894211e+03
9.303716774599447426e-15 4.150221852938130073e-16 3.967641770218216152e+03
9.051177183030466951e-15 4.151473174948433553e-16 3.968360715046970654e+03
9.598452299866763741e-15 4.169100840782492518e-16 3.969079675151679112e+03
7.701066452043588519e-15 4.194963514261871815e-16 3.969798649485895112e+03
9.030570203680533396e-15 4.220434926417795675e-16 3.970517638088851527e+03
8.814040900372969271e-15 4.236532124749673280e-16 3.971236640263200115e+03
1.032134458408983966e-14 4.251910575285156647e-16 3.971955654041857542e+03
9.159698928289244209e-15 4.263653115505249634e-16 3.972674683189193274e+03
9.539554045545781534e-15 4.290648418768736732e-16 3.973393726976063135e+03
8.796599995524232977e-15 4.279134792340480100e-16 3.974112782107104067e+03
8.548129194398864790e-15 4.237938882466193954e-16 3.974831851726709829e+03
8.519041568876187367e-15 4.244800235078780212e-16 3.975550935112658408e+03
9.713504678143752420e-15 4.240776229835711575e-16 3.976270031573802044e+03
9.792678146184993663e-15 4.234737201006710535e-16 3.976989142134807935e+03
8.776422483754776237e-15 4.265244657348099421e-16 3.977708267103804701e+03
9.254811008625648126e-15 4.268295443221624997e-16 3.978427405122950404e+03
9.688885952239682889e-15 4.273603845163889562e-16 3.979146555987758802e+03
9.337358052398501890e-15 4.226754827659270544e-16 3.979865720449527089e+03
9.093618476542167769e-15 4.189152901158342362e-16 3.980584898637051083e+03
8.594808497799303689e-15 4.205978654295290050e-16 3.981304090570872177e+03
9.705859286836706853e-15 4.203963863781840768e-16 3.982023296009830119e+03
9.582978468586099797e-15 4.226524846236100282e-16 3.982742515034462485e+03
7.843771455107366916e-15 4.223474877350777972e-16 3.983461747788815046e+03
8.232162885901041179e-15 4.200138400713194789e-16 3.984180994412063228e+03
8.590211509760832495e-15 4.145965782432569519e-16 3.984900254708877583e+03
8.141301329594728761e-15 4.149147922823484407e-16 3.985619528389153857e+03
7.988776297100387415e-15 4.138001854350608865e-16 3.986338815448534660e+03
8.229702757895320576e-15 4.132185389835832466e-16 3.987058115995338085e+03
8.152757313141945484e-15 4.133129860799747971e-16 3.987777430186421043e+03
7.570284187782413049e-15 4.121157402454682278e-16 3.988496758100753141e+03
5.737205783164116325e-15 4.104248339062501614e-16 3.989216099636631043e+03
7.484887548109085102e-15 4.086093725563036277e-16 3.989935454956771537e+03
7.330551861618138733e-15 4.087891449963445058e-16 3.990654823607473190e+03
6.037587995709219800e-15 4.080019850877232663e-16 3.991374204930890301e+03
6.731764130722251464e-15 4.052580230369429214e-16 3.992093599469083529e+03
7.493864643799930168e-15 4.039458015715138237e-16 3.992813009018959747e+03
6.089676452559954445e-15 4.044064116692414627e-16 3.993532431522446132e+03
5.873144728012615380e-15 4.023835930922864182e-16 3.994251866273872110e+03
5.597558851895250547e-15 4.012418092891078954e-16 3.994971316699352883e+03
5.727730363308849873e-15 4.016276788911508859e-16 3.995690779793373622e+03
7.109452352556949008e-15 4.004066758128564164e-16 3.996410255005349427e+03
5.802579767193177436e-15 4.010460072499214865e-16 3.997129745699045998e+03
5.910319201681287719e-15 4.017906104558576764e-16 3.997849248794757386e+03
8.317704267986413080e-15 4.013012556137146581e-16 3.998568766691364090e+03
6.030934723542085159e-15 4.025799849347579775e-16 3.999288298190872865e+03
5.923386721781127224e-15 4.028606845151769617e-16 4.000007839494185646e+03
7.693278928278160839e-15 4.011771603138653323e-16 4.000727396760635202e+03
7.908873609289301413e-15 4.012294520799948876e-16 4.001446968749211464e+03
7.650499153866164034e-15 4.024557158688460944e-16 4.002166552456819772e+03
6.383508173367548400e-15 4.025382157249588877e-16 4.002886149603699778e+03
8.531355289627471393e-15 4.011002050645887875e-16 4.003605760851195555e+03
8.571422481442048288e-15 3.991520984405652220e-16 4.004325385907007330e+03
8.660659368961933908e-15 3.968796053489725641e-16 4.005045025190862816e+03
7.774863729386011811e-15 3.958177469171815286e-16 4.005764676204709303e+03
9.460867685477076909e-15 3.916755170152080007e-16 4.006484340753894685e+03
9.592030128231926609e-15 3.880678805565527085e-16 4.007204020148564268e+03
7.966407241386228700e-15 3.868814250513042860e-16 4.007923712610330767e+03
8.467073011099445694e-15 3.885913966695020936e-16 4.008643418088358885e+03
9.444244472798987147e-15 3.895664103616412451e-16 4.009363136426827623e+03
9.157644626535547136e-15 3.888711178210264445e-16 4.010082869193222450e+03
9.634435054632455232e-15 3.915349936378448468e-16 4.010802614647182509e+03
8.672743277401858992e-15 3.925857359566117469e-16 4.011522371908400601e+03
9.620749671437591763e-15 3.899357180758501826e-16 4.012242144882710363e+03
9.301688197487630479e-15 3.886159473052879101e-16 4.012961931489531707e+03
8.930034906725079827e-15 3.889699566979030398e-16 4.013681729997219463e+03
9.338237992248439382e-15 3.898391964082700379e-16 4.014401543099948867e+03
8.353337767185753488e-15 3.934961753135643536e-16 4.015121369035228327e+03
9.580114200349623366e-15 3.950305887655825905e-16 4.015841208038402783e+03
1.052116387366330049e-14 3.923195782871584054e-16 4.016561060804564931e+03
9.664596209110242989e-15 3.923148645276391821e-16 4.017280927120832985e+03
1.138534464943306744e-14 3.923578737582558907e-16 4.018000806992250091e+03
8.229986401541495053e-15 3.888232833361598967e-16 4.018720699543448973e+03
9.966242010420215595e-15 3.856497333277207495e-16 4.019440605105872237e+03
8.413277920244039340e-15 3.859518653381023815e-16 4.020160525621747183e+03
1.034384819106526019e-14 3.869538934771121530e-16 4.020880457485663101e+03
1.048022446509516474e-14 3.896520852589878672e-16 4.021600403013366304e+03
9.659417501576853216e-15 3.913378368818458432e-16 4.022320364341480854e+03
8.694102010189094930e-15 3.913780766361361844e-16 4.023040337565854315e+03
9.974856006489249154e-15 3.901479660016751763e-16 4.023760323020514079e+03
9.413162588549114035e-15 3.912754912042864898e-16 4.024480322629909097e+03
1.003159012534374077e-14 3.905822926200418610e-16 4.025200336099802371e+03
1.054267891423872217e-14 3.896697126482985353e-16 4.025920361671639512e+03
9.671905514057123306e-15 3.880093852656004740e-16 4.026640402844575874e+03
1.054220854551204098e-14 3.900559119671314774e-16 4.027360456332681224e+03
1.047972675229304213e-14 3.897080175833653787e-16 4.028080521300103101e+03
1.161372476409332078e-14 3.922986873728275109e-16 4.028800602008591795e+03
1.045939212484865719e-14 3.902953951049416165e-16 4.029520695043649539e+03
9.075082590865321510e-15 3.902879008566263850e-16 4.030240800072570892e+03
1.024922054243724141e-14 3.886505789421045996e-16 4.030960919360401931e+03
1.076088218327807544e-14 3.878717042915868521e-16 4.031681053283521578e+03
1.168412569392677050e-14 3.876762584085900264e-16 4.032401199335305137e+03
9.878481849741966753e-15 3.867277405579350270e-16 4.033121357609542429e+03
1.013739485074116672e-14 3.851152486205260857e-16 4.033841530135432095e+03
1.084611833006900869e-14 3.838657630762154486e-16 4.034561717502812826e+03
9.138169875985288816e-15 3.848258750272338812e-16 4.035281915936830956e+03
1.037372170244369995e-14 3.844928359215439512e-16 4.036002128311910383e+03
1.066206382438763138e-14 3.838508071813182572e-16 4.036722354912219089e+03
1.043523479796144822e-14 3.840831512611611451e-16 4.037442592969976886e+03
9.560726958265286198e-15 3.826589836784155324e-16 4.038162844691210466e+03
1.057177835570126607e-14 3.819006832361116290e-16 4.038883110262688206e+03
1.160674377902776665e-14 3.805943244452650223e-16 4.039603389030265134e+03
1.063997403564029323e-14 3.807068378999071244e-16 4.040323680958081241e+03
1.060557600012326246e-14 3.804171779702570863e-16 4.041043986125664105e+03
1.109834618630189036e-14 3.802809420560369381e-16 4.041764304585487480e+03
1.095946270004594830e-14 3.789643750140075073e-16 4.042484636421974756e+03
8.919675587558199222e-15 3.779255253371884146e-16 4.043204981815243173e+03
1.044754720189946390e-14 3.770034208001421961e-16 4.043925340709477950e+03
1.088399838372969615e-14 3.752654739466544531e-16 4.044645712533871574e+03
1.012428117761110306e-14 3.743252382293613969e-16 4.045366096921780809e+03
1.037581975018951347e-14 3.731189436631577339e-16 4.046086493853382763e+03
9.349814101935633938e-15 3.742360372383198164e-16 4.046806904266291895e+03
1.122420235394338552e-14 3.735984638156565253e-16 4.047527328169800967e+03
1.101647407046971517e-14 3.727000317936625891e-16 4.048247765819586675e+03
1.026794072822920609e-14 3.729134698542377288e-16 4.048968218061248990e+03
1.034952781618567881e-14 3.733094528590923394e-16 4.049688681347770398e+03
1.016328818358744501e-14 3.721141700148965876e-16 4.050409156686243932e+03
1.030910251286823649e-14 3.717968583214278647e-16 4.051129648176908177e+03
9.591934465680029290e-15 3.709634681720045075e-16 4.051850151402350548e+03
1.001951065292964093e-14 3.697756181051560714e-16 4.052570668127059434e+03
9.650463002890008181e-15 3.693905320528829336e-16 4.053291197204676791e+03
8.728677957981903731e-15 3.681244001844784268e-16 4.054011739658700208e+03
1.098016107738251724e-14 3.686966041154035522e-16 4.054732297011419178e+03
1.086842774304455442e-14 3.700361111840125286e-16 4.055452864537923233e+03
9.185059137284891791e-15 3.666846616037765289e-16 4.056173446661683556e+03
1.087997913618157470e-14 3.649997582962300583e-16 4.056894042812164116e+03
9.306761957623421855e-15 3.641396802967470344e-16 4.057614651244472043e+03
1.011114378532647064e-14 3.639250269523983355e-16 4.058335273151675210e+03
1.050936490279704986e-14 3.631318206547274477e-16 4.059055907266249505e+03
1.120559677951808752e-14 3.659999604798624010e-16 4.059776554828060398e+03
9.767661612968731633e-15 3.664741225089249398e-16 4.060497216843063143e+03
9.834766125900506980e-15 3.645895001674363339e-16 4.061217891191609397e+03
9.426468913760495709e-15 3.636983840522970884e-16 4.061938578076218619e+03
1.052730729194867178e-14 3.644792942909143172e-16 4.062659278957509741e+03
1.028673362942329136e-14 3.645827997694900005e-16 4.063379992720140763e+03
1.118407498967141360e-14 3.662287446821659358e-16 4.064100719195555484e+03
1.029813939412874321e-14 3.655478207900024282e-16 4.064821458717042333e+03
9.799726719475238868e-15 3.639876735629162611e-16 4.065542211395631057e+03
1.050205945257966450e-14 3.634765151303543125e-16 4.066262977301698356e+03
9.783235245258165046e-15 3.623792243194922217e-16 4.066983756462163001e+03
1.090505702281229336e-14 3.598775315910667173e-16 4.067704548803449143e+03
1.067566204443214403e-14 3.575198759543106872e-16 4.068425354263160443e+03
1.024358900298684812e-14 3.574764800135323522e-16 4.069146172793891310e+03
8.719691837636329719e-15 3.548520355488694162e-16 4.069867004264832758e+03
1.047292102684863913e-14 3.546360213074601910e-16 4.070587848700250561e+03
1.018480398776042569e-14 3.548882399261726827e-16 4.071308706061219709e+03
9.652015729964084920e-15 3.553264907017412647e-16 4.072029576382723462e+03
9.854438537930094768e-15 3.535675281435132300e-16 4.072750459834497178e+03
1.011834681820635257e-14 3.551494102221284597e-16 4.073471356475743960e+03
9.904648277486619776e-15 3.549744361114339861e-16 4.074192266347725308e+03
1.004142846057124794e-14 3.540244556149436192e-16 4.074913189643914848e+03
1.044249691875541192e-14 3.528339129983658764e-16 4.075634125829803452e+03
1.015326197707974034e-14 3.523396657221315885e-16 4.076355074520908602e+03
1.055505111167781327e-14 3.530657099473402011e-16 4.077076035714039790e+03
1.020107296137165811e-14 3.521181101113253186e-16 4.077797009530904688e+03
1.020966980431796046e-14 3.520164266130851152e-16 4.078517997035375629e+03
9.898169789275958717e-15 3.506205447427661813e-16 4.079238998249350061e+03
9.495275792229458882e-15 3.547998615715424088e-16 4.079960010979848903e+03
9.469194362649202736e-15 3.832019998290842421e-16 4.080681037605780148e+03
1.077326366148368051e-14 3.513660102930338776e-16 4.081402077731008376e+03
9.952338647136660297e-15 3.485874925481635754e-16 4.082123130453162048e+03
9.690277655244473304e-15 3.480675641435981537e-16 4.082844196377493063e+03
1.127747911642149003e-14 3.460303681088164268e-16 4.083565275066514005e+03
9.931872888193240783e-15 3.451770417362322278e-16 4.084286366540222843e+03
9.045175944808122134e-15 3.460879162233008051e-16 4.085007472324037735e+03
1.038922131803523324e-14 3.424123094584502966e-16 4.085728591766282989e+03
1.048010189364280395e-14 3.420371607371084260e-16 4.086449720959421938e+03
9.706105911478585075e-15 3.416879344718783943e-16 4.087170864920508393e+03
9.938208436107470494e-15 3.404661866087054911e-16 4.087892022533136696e+03
9.569941827261231056e-15 3.393078345971838876e-16 4.088613192013754997e+03
1.018398112576309914e-14 3.408397206584110042e-16 4.089334374285577724e+03
1.088114701753467740e-14 3.394622833197396142e-16 4.090055569269165971e+03
1.035636206080899081e-14 3.365166162174959836e-16 4.090776777463195685e+03
9.161860343812590076e-15 3.355123581064680029e-16 4.091497998435552290e+03
1.005253039496035343e-14 3.349590990434064977e-16 4.092219232782637846e+03
1.006146119590063913e-14 3.338347338904842734e-16 4.092940479786575452e+03
1.004277384880630336e-14 3.330511875413535593e-16 4.093661740686403846e+03
9.437175892181186988e-15 3.318382757710422130e-16 4.094383014086660296e+03
9.508335505835493060e-15 3.320752488034109436e-16 4.095104299479418842e+03
8.835696586094231531e-15 3.311687713300920514e-16 4.095825598796530358e+03
9.687582005339751314e-15 3.307679870817743630e-16 4.096546910411019780e+03
1.115646150066683002e-14 3.290157625056349257e-16 4.097268235343052766e+03
9.333274540462891224e-15 3.298316319758809419e-16 4.097989574081129831e+03
1.035712291793320497e-14 3.309180700532907723e-16 4.098710924783235896e+03
9.242649002142599664e-15 3.293254747818823708e-16 4.099432288490716928e+03
9.661030043469463033e-15 3.301236272060088124e-16 4.100153664903975368e+03
9.154855107147957724e-15 3.302111184187873725e-16 4.100875054512905081e+03
9.818482134455684949e-15 3.299941616550987650e-16 4.101596456769199904e+03
9.582567104559930351e-15 3.289244532650906183e-16 4.102317871593652853e+03
9.736642522623385264e-15 3.286404979918380217e-16 4.103039299807719544e+03
8.415727216140698087e-15 3.261047434960708985e-16 4.103760740028787041e+03
1.045450670759826106e-14 3.263777965206712842e-16 4.104482193268995616e+03
1.004130970295335473e-14 3.262978604687118514e-16 4.105203660439585292e+03
8.907425983480718976e-15 3.264740736343369321e-16 4.105925140280365667e+03
8.895764000056196168e-15 3.283776595722010768e-16 4.106646632083093209e+03
9.020050350712867810e-15 3.262104452773504764e-16 4.107368136981523094e+03
9.899161460123752006e-15 3.259847547387865154e-16 4.108089655334590134e+03
9.141626292554298560e-15 3.266026196160764781e-16 4.108811184763033452e+03
8.868812068824117884e-15 3.261447900257061033e-16 4.109532727771409554e+03
9.144777121467043830e-15 3.239769407604145312e-16 4.110254285363764211e+03
1.090324788610892643e-14 3.244572373815163018e-16 4.110975855178443453e+03
8.855293712915153131e-15 3.243114268238875106e-16 4.111697436426562490e+03
1.013366205700958480e-14 3.238159971794342769e-16 4.112419031233392161e+03
9.569023341905302242e-15 3.223925764865906546e-16 4.113140640276440536e+03
9.412473838092708456e-15 3.221389376573937630e-16 4.113862260424281885e+03
9.450325899173821064e-15 3.228755015752636255e-16 4.114583893130570686e+03
8.991555780877352644e-15 3.222996178202260553e-16 4.115305539580936966e+03
9.571851838726966235e-15 3.205400528879577192e-16 4.116027198994082937e+03
9.116474522135557287e-15 3.214739149950225447e-16 4.116748870101966531e+03
8.901261851963520812e-15 3.232408059213326956e-16 4.117470554062114388e+03
9.215525235883250630e-15 3.242693062133295723e-16 4.118192251272804242e+03
8.895539403452435842e-15 3.222320874391109140e-16 4.118913960796950050e+03
8.521831985264210332e-15 3.211822793113017089e-16 4.119635684131020753e+03
9.009334512923882161e-15 3.216432910941620914e-16 4.120357420621058736e+03
9.216155445711479455e-15 3.213984212158010008e-16 4.121079169103029017e+03
9.071857509437942435e-15 3.222892634941795983e-16 4.121800930459890878e+03
8.299423208537715052e-15 3.231304543735869567e-16 4.122522704609035827e+03
8.987855740858289393e-15 3.223056464862304133e-16 4.123244491180967088e+03
7.698525979384469209e-15 3.214232537089213113e-16 4.123966290403606763e+03
7.880033573790562363e-15 3.207785717342664442e-16 4.124688102388774496e+03
9.363141876312496309e-15 3.209081134976383345e-16 4.125409927178434373e+03
8.824459110762753537e-15 3.200958596023215317e-16 4.126131764701075554e+03
7.848952580918636610e-15 3.193714732122346862e-16 4.126853615003141385e+03
7.830709220020478767e-15 3.187537605149098912e-16 4.127575478261400349e+03
8.044528256376959180e-15 3.181160976954246528e-16 4.128297354510466903e+03
8.531135978620315363e-15 3.170575525320005525e-16 4.129019243561209805e+03
9.203573638097696555e-15 3.179738741490218799e-16 4.129741145133556529e+03
7.740003679231661779e-15 3.173413867194896727e-16 4.130463058911920598e+03
8.277771211014783751e-15 3.156168816873648567e-16 4.131184985104795487e+03
7.977855947658959584e-15 3.156722243476693260e-16 4.131906924012411764e+03
8.335721723759825633e-15 3.141692360540991881e-16 4.132628875967096974e+03
8.622657256757396790e-15 3.151033797092187857e-16 4.133350840948607583e+03
9.199000619378508237e-15 3.166385237669300628e-16 4.134072818788641598e+03
7.755669708749936413e-15 3.147097396643335588e-16 4.134794809367302150e+03
8.052095816756974667e-15 3.128633926929515812e-16 4.135516812637156363e+03
9.540621156611458823e-15 3.117120339402055259e-16 4.136238828214043679e+03
8.215900966827919176e-15 3.121088141057087948e-16 4.136960855969417025e+03
9.122386018290305940e-15 3.125576148920784837e-16 4.137682896557968888e+03
9.666691738481777810e-15 3.116291809490892510e-16 4.138404951319573229e+03
9.958499827612734569e-15 3.105573502944744252e-16 4.139127018491777562e+03
8.389425800961475008e-15 3.092267071026820689e-16 4.139849096535604986e+03
8.911129412408255293e-15 3.088098744148378265e-16 4.140571187783966707e+03
9.004792087649634443e-15 3.069750206284714020e-16 4.141293291523774315e+03
8.572533702491822087e-15 3.062790240268070489e-16 4.142015408943797411e+03
9.789256221046520162e-15 3.065277908555352088e-16 4.142737539202857079e+03
1.064851952465529600e-14 3.061083540369248917e-16 4.143459679052878528e+03
1.028143410883614495e-14 3.038321374046527080e-16 4.144181834276563677e+03
9.126353194767275677e-15 3.053339097641948909e-16 4.144904002479954215e+03
1.022574325438116050e-14 3.047521371225115498e-16 4.145626182067051559e+03
1.023020216280265010e-14 3.033673681400432498e-16 4.146348375807026969e+03
9.037833399012450822e-15 3.033005492774753624e-16 4.147070580138420155e+03
9.911047746683915508e-15 3.045916578903625263e-16 4.147792797409525519e+03
8.320439654968144248e-15 3.034701607681870299e-16 4.148515029003741802e+03
1.017604490713856907e-14 3.036471900344909481e-16 4.149237273008613556e+03
1.028342544588563123e-14 3.027838166926950480e-16 4.149959528415118257e+03
9.202113029097563044e-15 3.026046457457406621e-16 4.150681796908394972e+03
9.486581988152733151e-15 3.019736196524474520e-16 4.151404077674236760e+03
9.530674129835684965e-15 3.033391834779606894e-16 4.152126369647212414e+03
9.410157905381423945e-15 3.048957195969991316e-16 4.152848675932486913e+03
9.629374381831272472e-15 3.043898705089633686e-16 4.153570995459769620e+03
1.021843105770957044e-14 3.055209920388799381e-16 4.154293326848282959e+03
9.453645763723693331e-15 3.060426354159922971e-16 4.155015670866363507e+03
9.741548452131391905e-15 3.068413081033760244e-16 4.155738027891030470e+03
9.639701571193717480e-15 3.084850909352546611e-16 4.156460397172673765e+03
9.071364913796672218e-15 3.177763686364115452e-16 4.157182776706309596e+03
9.246602301668572942e-15 3.088111819482732634e-16 4.157905171013768268e+03
9.909952744845932638e-15 3.094174909776261643e-16 4.158627579050216809e+03
9.325974304577468323e-15 3.095255002065871348e-16 4.159349996196365282e+03
1.025992777965537414e-14 3.100396280366303943e-16 4.160072426871560310e+03
1.023151987999961057e-14 3.081992980920150502e-16 4.160794873421897137e+03
1.093428534670733923e-14 3.076336298471074350e-16 4.161517329934428744e+03
9.388707245313431765e-15 3.089299941387943609e-16 4.162239799670154753e+03
1.036395591133709127e-14 3.073638438800406408e-16 4.162962281290059764e+03
9.516686086260291622e-15 3.075548078622197436e-16 4.163684774970595754e+03
1.011657437623150913e-14 3.056346040474135852e-16 4.164407280169139995e+03
1.091779055563581573e-14 3.069060809567794224e-16 4.165129800164324479e+03
9.667774910516034559e-15 3.059912574734376617e-16 4.165852330375815654e+03
9.846139465279253986e-15 3.071278409401078926e-16 4.166574875379919831e+03
9.418188891702513600e-15 3.080358348638489508e-16 4.167297435043326914e+03
1.047098858994923723e-14 3.081998994651261526e-16 4.168020002528598525e+03
1.025534383859581103e-14 3.057289153465565434e-16 4.168742584724579501e+03
9.919204331379510988e-15 3.076252852980908562e-16 4.169465180031193086e+03
1.018886174364311915e-14 3.071700582761006948e-16 4.170187786225555101e+03
9.840463227247486782e-15 3.062549589961231147e-16 4.170910405747959885e+03
9.756468104287395221e-15 3.070176547232456892e-16 4.171633037365556447e+03
9.858202634094196234e-15 3.053148548785477034e-16 4.172355680419677810e+03
1.119387652511960966e-14 3.054900098105097516e-16 4.173078337499187910e+03
9.825927243933939294e-15 3.027006855042029059e-16 4.173801006190636144e+03
9.410413670500597657e-15 3.010845598536825929e-16 4.174523688833958659e+03
9.267784301385423661e-15 2.994219023678769851e-16 4.175246383141039587e+03
1.043012427433389215e-14 2.978541703824268856e-16 4.175969089689375323e+03
9.894320139754884537e-15 2.990424502070834586e-16 4.176691808630083870e+03
9.266695099094762960e-15 2.991150659024696632e-16 4.177414539500861792e+03
9.415501614338580127e-15 3.003121221402442787e-16 4.178137283236215808e+03
1.122198408148263511e-14 2.992949551482556818e-16 4.178860039989551296e+03
1.032707516923791131e-14 2.982112912087796337e-16 4.179582808583663791e+03
9.684753281871653399e-15 2.965170515350547133e-16 4.180305588978350897e+03
1.049774883136255137e-14 2.976584200710038688e-16 4.181028382800418512e+03
9.678589944356209203e-15 2.981784366305910527e-16 4.181751189446784338e+03
1.084170276718754258e-14 2.978836812394072237e-16 4.182474007872711809e+03
1.066793601807217805e-14 2.996131076578447403e-16 4.183196838243780803e+03
9.886542463325127863e-15 2.983494685797426194e-16 4.183919681025593491e+03
1.019851554853610048e-14 2.981211643639775306e-16 4.184642536610152092e+03
9.595877254879050014e-15 2.963219598343171150e-16 4.185365404794403730e+03
1.058917456024879807e-14 2.946356214453871800e-16 4.186088285289074520e+03
1.004140246140850068e-14 2.952546261357380049e-16 4.186811177384699477e+03
1.037739030111649411e-14 2.945133502929494782e-16 4.187534081716667060e+03
1.004367819374270587e-14 2.943584753071569890e-16 4.188256999784515756e+03
1.054581576811518156e-14 2.915368738297609580e-16 4.188979930324815541e+03
1.023821233496621303e-14 2.921691507632464218e-16 4.189702871580497231e+03
9.703420034046452747e-15 2.909741383220651133e-16 4.190425826129947382e+03
1.093479366620969894e-14 2.906877163010799892e-16 4.191148793821923391e+03
1.044169825189602676e-14 2.919058658293509161e-16 4.191871773110137838e+03
1.078049798510928753e-14 2.913309780868172726e-16 4.192594765110596200e+03
9.321393098683845558e-15 2.874009855963575117e-16 4.193317768640387840e+03
8.995832449277375441e-15 2.882849954860727302e-16 4.194040785448509268e+03
1.130156132674843164e-14 2.872139019092076954e-16 4.194763813282545016e+03
1.073575924848624226e-14 2.863380808492315281e-16 4.195486853370442986e+03
9.419560553010362108e-15 2.880792759893124547e-16 4.196209908247548810e+03
9.669443968069802981e-15 2.882134664534098754e-16 4.196932974146257038e+03
9.678355375600371857e-15 2.901876473715339695e-16 4.197656051239197041e+03
1.033181359838316991e-14 2.912691874937129720e-16 4.198379140855313381e+03
9.085182075081990521e-15 2.931056653080204884e-16 4.199102243864384945e+03
9.999993469392078129e-15 2.942013855815259002e-16 4.199825359417476648e+03
9.313392550958230913e-15 2.941508619351398957e-16 4.200548486674408196e+03
9.757752165989636311e-15 2.945779107084006703e-16 4.201271625814861181e+03
1.034648520015976159e-14 2.934626135215696094e-16 4.201994777707559479e+03
9.889887769213233389e-15 2.934177327367980057e-16 4.202717942549456893e+03
1.058352482711254699e-14 2.925105831013652222e-16 4.203441119285555033e+03
9.542886663432250723e-15 2.938040129198845573e-16 4.204164307735041803e+03
1.082938971202365294e-14 2.924336976717471239e-16 4.204887508038341366e+03
9.068530370045721385e-15 2.907059510588284183e-16 4.205610720302966001e+03
8.946977263298594056e-15 2.886371946890370014e-16 4.206333945173541906e+03
9.908176773991248649e-15 2.874469640459941418e-16 4.207057183294378774e+03
1.045491742218059176e-14 2.857010384711029585e-16 4.207780433405352596e+03
9.842332756508995685e-15 2.858329064463780196e-16 4.208503695167282785e+03
1.041155428795159423e-14 2.858803348127637279e-16 4.209226971144419622e+03
9.145396206334729536e-15 2.866677098934961358e-16 4.209950257243473970e+03
1.053943166251324602e-14 2.865164820049194863e-16 4.210673555551282334e+03
1.106502718106414454e-14 2.858249013848989945e-16 4.211396867974894121e+03
9.409018550265763553e-15 2.848806108601739755e-16 4.212120190081697729e+03
1.017779564224718372e-14 2.851651702877505630e-16 4.212843525117718855e+03
9.791393435063062437e-15 2.844414239534166919e-16 4.213566873938198114e+03
1.066186478158760386e-14 2.845302649020936963e-16 4.214290234935009721e+03
1.051868338637290053e-14 2.846491273674799566e-16 4.215013607106310701e+03
1.030679609678232637e-14 2.840361836685823793e-16 4.215736992249981085e+03
1.037829002238459642e-14 2.852317623148342103e-16 4.216460389792036040e+03
1.035414244019488514e-14 2.856992407475905887e-16 4.217183799106561310e+03
1.031280388032893365e-14 2.813373128275054585e-16 4.217907220535064880e+03
1.037123848816165783e-14 2.812614766235805032e-16 4.218630653909763168e+03
1.122782752776660986e-14 2.811666255998572847e-16 4.219354098872338000e+03
9.389092754866325926e-15 2.798573525719776995e-16 4.220077555950862916e+03
9.925844318795207837e-15 2.804699241619694572e-16 4.220801025846939410e+03
9.890540666592224879e-15 2.806803700753037151e-16 4.221524508287593562e+03
1.042768149713909534e-14 2.789719106217173784e-16 4.222248002133249429e+03
9.936036946231081526e-15 2.788922305677498245e-16 4.222971509043652986e+03
9.465320510867918624e-15 2.781218796757762725e-16 4.223695028102030847e+03
9.908447336230133914e-15 2.761943573431850639e-16 4.224418557903014516e+03
9.673319904268589458e-15 2.758249384243097147e-16 4.225142101442064813e+03
9.638061570274399725e-15 2.751199229541252689e-16 4.225865656116317041e+03
9.939630256829138988e-15 2.742928099908452721e-16 4.226589222428297944e+03
1.000268560706042111e-14 2.739523796951053191e-16 4.227312802673995066e+03
1.024316157429207651e-14 2.733261779069816182e-16 4.228036394397371623e+03
9.291631966974980643e-15 2.731469971142771512e-16 4.228759998310682931e+03
9.434434287136025265e-15 2.738090465009386559e-16 4.229483615163479044e+03
9.786281421261397146e-15 2.728483288624880067e-16 4.230207242512660741e+03
9.505320092076083492e-15 2.730668624798044614e-16 4.230930882189264594e+03
9.601417031935700845e-15 2.730209908216922275e-16 4.231654535302463955e+03
1.000436383273641966e-14 2.752861908459780616e-16 4.232378199498632966e+03
1.045618153651274093e-14 2.751277083437655891e-16 4.233101875286058203e+03
1.018588367834548878e-14 2.738623824702593442e-16 4.233825564827289782e+03
9.506153982623447002e-15 2.729380327989783945e-16 4.234549266543793237e+03
1.043238272712758510e-14 2.730779914980017056e-16 4.235272979220657362e+03
9.204339907586282065e-15 2.726673593864552301e-16 4.235996703489010542e+03
1.025197863154178845e-14 2.732320404749385220e-16 4.236720440658986263e+03
1.042316493995886824e-14 2.736647744994441606e-16 4.237444190517352581e+03
9.689520261485239379e-15 2.741281418463675722e-16 4.238167950685412507e+03
1.031912949122924349e-14 2.742420932876048544e-16 4.238891722682769796e+03
1.035173606214786273e-14 2.739535507539291052e-16 4.239615509477230262e+03
1.063645746840209887e-14 2.768487470204972401e-16 4.240339306635383764e+03
9.815625333865225721e-15 2.737948667434157519e-16 4.241063115978887254e+03
1.003277808029522730e-14 2.734312861387057315e-16 4.241786937927395229e+03
9.980534610923704496e-15 2.718257015198248499e-16 4.242510771198356451e+03
1.016050363859627908e-14 2.721935737907022535e-16 4.243234616592179009e+03
1.076011066009831762e-14 2.731906279299043376e-16 4.243958473734814106e+03
1.041265867275482625e-14 2.737757260945567473e-16 4.244682342807789610e+03
9.605798394383100818e-15 2.742991192808326886e-16 4.245406224288864905e+03
1.039329429539113906e-14 2.720885590559730761e-16 4.246130118150131239e+03
9.583340806937861161e-15 2.720279017359820382e-16 4.246854024211121214e+03
9.653264473047108743e-15 2.715008564016300781e-16 4.247577942486581378e+03
9.636328707765501366e-15 2.716845941892464001e-16 4.248301872753503631e+03
1.047533364209066668e-14 2.789222579105813365e-16 4.249025814852192525e+03
9.750729560814390675e-15 2.705206668555424836e-16 4.249749768723586385e+03
9.472432676707818668e-15 2.696381586623653587e-16 4.250473734530381989e+03
9.936128399495122207e-15 2.691695219146185973e-16 4.251197712458508249e+03
1.034986555644071827e-14 2.689946366655400866e-16 4.251921702577332326e+03
8.976070984141370415e-15 2.688640645404426724e-16 4.252645704836171717e+03
9.459078308181467527e-15 2.687813675335885155e-16 4.253369719044561862e+03
9.811716236402401321e-15 2.686331312400812742e-16 4.254093745048221535e+03
9.527887560078035639e-15 2.702277781629823320e-16 4.254817782706973958e+03
9.436910784929962167e-15 2.718507202553794577e-16 4.255541832111281110e+03
9.877132630270159562e-15 2.693156270454890670e-16 4.256265893570060143e+03
1.047508269999686991e-14 2.682528925297978819e-16 4.256989967317597802e+03
9.592909855541935550e-15 2.677951597022017707e-16 4.257714053369292742e+03
9.165662254282964398e-15 2.671135522463013636e-16 4.258438151466366435e+03
9.771944551918452090e-15 2.680155119679833644e-16 4.259162261358431351e+03
1.063415735477558456e-14 2.674069192145246915e-16 4.259886382980464077e+03
8.979380266397341204e-15 2.672429789982059980e-16 4.260610516518804616e+03
9.407102650439675248e-15 2.670149371404368272e-16 4.261334662147157360e+03
1.015316032226594481e-14 2.659458889856399144e-16 4.262058819883935939e+03
9.630274488136420412e-15 2.654032250624766444e-16 4.262782989560066198e+03
9.905786763942739597e-15 2.637397659165258302e-16 4.263507171069722972e+03
9.922222342300041615e-15 2.640841860196703940e-16 4.264231364418564226e+03
9.704910833018090323e-15 2.635608733689616718e-16 4.264955569737948281e+03
1.028946757371584487e-14 2.622137416276948097e-16 4.265679787243114333e+03
9.266750334259488472e-15 2.617707393575293210e-16 4.266404017105533967e+03
1.014198036597430545e-14 2.593430531315153818e-16 4.267128258085476773e+03
9.767894904304967940e-15 2.597640376961743908e-16 4.267852510586023527e+03
1.027464282961118499e-14 2.611358310714220567e-16 4.268576776455760410e+03
9.388014722807152869e-15 2.619823844977070513e-16 4.269301052264670943e+03
9.334221185034015119e-15 2.616848111767149360e-16 4.270025340926546050e+03
1.063652288215842500e-14 2.603114831250897456e-16 4.270749642806583324e+03
9.090520520082869793e-15 2.586759601298982073e-16 4.271473953616179642e+03
9.926204768678754403e-15 2.592429901257989110e-16 4.272198277738169963e+03
9.004058273319513413e-15 2.578467401973095290e-16 4.272922614234188586e+03
9.854575204591527191e-15 2.568194750958433912e-16 4.273646961725493384e+03
9.571959476469676595e-15 2.556605966249840828e-16 4.274371322179906201e+03
9.686768945742959867e-15 2.567049245586943585e-16 4.275095693557328559e+03
9.129655464825452847e-15 2.552317987535326468e-16 4.275820077161385598e+03
1.031105179221385358e-14 2.559235489955416118e-16 4.276544473922744146e+03
1.029744390046372758e-14 2.569307189917812671e-16 4.277268881291938669e+03
9.847784896953799373e-15 2.583789621976548677e-16 4.277993299986808779e+03
9.250280003249976083e-15 2.585812799990728610e-16 4.278717731115746574e+03
9.501667952288067398e-15 2.578681903183347286e-16 4.279442174317226090e+03
9.703039650675237378e-15 2.587456632462914620e-16 4.280166628177293205e+03
9.510158859997005591e-15 2.585262701599527536e-16 4.280891095814160508e+03
9.439617124100942194e-15 2.580234828586035103e-16 4.281615574959714650e+03
9.179369125587307795e-15 2.579655876729179009e-16 4.282340064767966396e+03
9.857293862738595100e-15 2.566785939103832796e-16 4.283064567310742859e+03
9.261992612165559634e-15 2.553534963479364005e-16 4.283789080052945792e+03
9.516448150373560928e-15 2.556037600246096652e-16 4.284513606236339911e+03
1.068596261757051284e-14 2.537756279000108570e-16 4.285238145062739932e+03
9.616719632848776969e-15 2.525282026580491320e-16 4.285962693108782332e+03
9.120681793253997792e-15 2.600721889479681980e-16 4.286687255002145321e+03
9.194464341007071591e-15 2.677589547292148436e-16 4.287411827631105552e+03
1.088649190023610013e-14 2.506001151818139976e-16 4.288136411130186389e+03
1.018666408022404735e-14 2.510903498934053573e-16 4.288861008819490053e+03
1.018812106502926061e-14 2.522324864129527830e-16 4.289585616908409065e+03
9.783669593476755302e-15 2.525237083392470608e-16 4.290310236347997488e+03
8.960107811374501741e-15 2.523359581012941502e-16 4.291034868185352025e+03
1.024078995806591709e-14 2.513486908347824422e-16 4.291759511399546682e+03
9.959287689930387546e-15 2.500877917783810464e-16 4.292484167270697071e+03
1.019399901782777345e-14 2.501869806097209280e-16 4.293208834476658012e+03
9.610157864389347839e-15 2.511443754829819388e-16 4.293933512564734883e+03
9.731262286092315842e-15 2.508686441429123092e-16 4.294658204315393959e+03
1.042882191220340701e-14 2.500761611631435684e-16 4.295382907478457128e+03
9.473315543356534414e-15 2.507825111190340482e-16 4.296107621552971978e+03
9.580063341110301117e-15 2.496258919808777806e-16 4.296832347842379022e+03
1.010203170493653799e-14 2.484991250519002483e-16 4.297557084835973910e+03
9.782997205994970856e-15 2.469941458386277626e-16 4.298281833756010201e+03
9.404395819294938503e-15 2.456705180363502882e-16 4.299006595218408620e+03
9.249664676130325317e-15 2.452891141630234603e-16 4.299731367787009731e+03
9.211409882042481923e-15 2.447969759443999259e-16 4.300456152572420251e+03
9.223872063326141446e-15 2.459433004657905698e-16 4.301180948708432879e+03
9.221877823991574921e-15 2.462479596303998125e-16 4.301905756238385948e+03
9.889384072401718417e-15 2.453345780775017963e-16 4.302630578292736573e+03
8.992343780773672778e-15 2.450887233085831556e-16 4.303355408571102089e+03
9.555165064908824558e-15 2.454246732063217469e-16 4.304080249028260369e+03
9.401266674110492697e-15 2.444468038770065484e-16 4.304805106544525188e+03
1.001850320206899994e-14 2.454431842813692799e-16 4.305529972175118019e+03
9.564859515920773309e-15 2.452316226201713694e-16 4.306254849166030908e+03
1.032313148104620933e-14 2.475641354992693456e-16 4.306979740938317263e+03
8.890853250958175607e-15 2.473223881031706977e-16 4.307704642621234598e+03
9.669575639938164774e-15 2.476574681483856114e-16 4.308429555113473725e+03
9.848492900237292800e-15 2.478559232745501233e-16 4.309154480082284863e+03
9.081067553833320780e-15 2.470539511089645085e-16 4.309879417268572070e+03
9.695498725019492066e-15 2.464608800751660736e-16 4.310604365578210491e+03
9.509287320826103854e-15 2.469867328821414716e-16 4.311329325261476697e+03
9.560662558783284374e-15 2.470626568439974017e-16 4.312054296648862874e+03
9.760646612484646373e-15 2.463548902795559426e-16 4.312779279831742315e+03
9.385781551808342688e-15 2.469583826979226067e-16 4.313504274397538211e+03
9.498774299511881607e-15 2.468735725467693975e-16 4.314229280356333220e+03
9.451840075606941058e-15 2.465666256032184630e-16 4.314954297916718133e+03
9.132585517560172711e-15 2.468269633856326557e-16 4.315679327482544977e+03
9.040926439844001785e-15 2.465633000083256424e-16 4.316404368898292887e+03
9.636711602845990116e-15 2.453621768459478402e-16 4.317129421704526976e+03
1.040968158387215421e-14 2.456383399237167925e-16 4.317854486373957116e+03
9.030254377718071879e-15 2.449139305031581673e-16 4.318579563564658201e+03
9.929768978084113059e-15 2.454527047039194306e-16 4.319304651481666951e+03
8.529924958235070714e-15 2.452811476201454924e-16 4.320029750969197266e+03
9.176618034440641576e-15 2.442300711158355796e-16 4.320754862846868491e+03
9.592411342403657365e-15 2.433479125449648066e-16 4.321479984783937653e+03
8.969350260205131097e-15 2.425252731374314437e-16 4.322205118241415221e+03
8.588986653517321505e-15 2.424685439851780623e-16 4.322930264061944399e+03
9.436493747846915136e-15 2.414870980925773586e-16 4.323655420895458519e+03
8.910798471363167262e-15 2.398889966784950663e-16 4.324380590057111476e+03
8.965426155542088770e-15 2.397131106887605072e-16 4.325105771202292090e+03
8.749428133742652158e-15 2.392363415751175209e-16 4.325830963386759322e+03
8.490438916104491417e-15 2.393875373721587109e-16 4.326556166563894294e+03
9.635657254235441305e-15 2.386014268791516875e-16 4.327281381854094434e+03
8.517376591662141160e-15 2.372338462154229042e-16 4.328006609173537072e+03
8.404566295381335255e-15 2.382570284847661225e-16 4.328731848196144711e+03
7.505288399584827649e-15 2.386803864346896383e-16 4.329457098234434852e+03
8.983401471554577940e-15 2.390361939327461171e-16 4.330182357685796887e+03
8.116555289797945462e-15 2.382141721617009131e-16 4.330907630583335049e+03
8.407000281672487164e-15 2.365659761140766540e-16 4.331632916737911728e+03
8.459605624493444228e-15 2.360936404746417228e-16 4.332358211107575698e+03
8.165488622807454529e-15 2.360131717335153650e-16 4.333083519243782575e+03
8.270695526790243392e-15 2.361712112722459551e-16 4.333808839555906161e+03
8.418611256552399684e-15 2.359775200557623523e-16 4.334534169329515862e+03
8.137169857653868182e-15 2.341137078490936253e-16 4.335259512257860479e+03
8.978855853835021340e-15 2.343096941962111947e-16 4.335984865939482916e+03
9.232150992430565413e-15 2.335859347462102901e-16 4.336710230730852345e+03
8.164449245935828560e-15 2.340437133248849532e-16 4.337435608332012634e+03
8.226427048177683565e-15 2.348469255771196647e-16 4.338160996077635900e+03
8.474199651177982707e-15 2.344142034884121257e-16 4.338886395532366805e+03
9.356112133302963867e-15 2.340880075235575435e-16 4.339611807111410599e+03
8.682471682464394120e-15 2.341982354584962247e-16 4.340337229771669627e+03
9.474175330663697579e-15 2.343148084704222492e-16 4.341062663799399161e+03
8.507355362918390428e-15 2.330474255100689619e-16 4.341788109103585157e+03
9.194212993007469307e-15 2.325597218256668351e-16 4.342513566368277679e+03
9.660719576436775049e-15 2.325390485844233238e-16 4.343239035684908231e+03
9.364277577668984287e-15 2.323523208405228096e-16 4.343964515487839890e+03
8.920045868229372723e-15 2.333692612507255731e-16 4.344690007344548576e+03
9.239492321705487456e-15 2.330785045485981172e-16 4.345415509527472750e+03
9.607241534982185954e-15 2.335545945307336459e-16 4.346141022949107537e+03
9.552874606248744840e-15 2.326584260473747708e-16 4.346866549717884482e+03
8.663303554368081721e-15 2.328304627407749366e-16 4.347592086827658932e+03
9.387713354576617405e-15 2.332146339002201207e-16 4.348317635330811754e+03
9.713931482029916786e-15 2.335979177204019385e-16 4.349043196317516049e+03
9.484562962716082706e-15 2.334557282400652052e-16 4.349768767699870295e+03
9.250974496069115281e-15 2.339987550099227691e-16 4.350494350580993341e+03
9.340014080621657242e-15 2.336665089526445083e-16 4.351219944752800075e+03
9.346268410847644260e-15 2.317302522692035315e-16 4.351945550497912336e+03
9.538110409459899100e-15 2.318116104319199529e-16 4.352671168342952114e+03
8.945950452659064795e-15 2.331290465826255947e-16 4.353396797075572977e+03
8.951990002672828522e-15 2.322047725846648763e-16 4.354122436670614661e+03
9.393408342230179228e-15 2.336055585036802280e-16 4.354848089542583693e+03
9.020054451055633446e-15 2.341498826884354904e-16 4.355573752692363087e+03
8.940535228171564780e-15 2.330769950032496943e-16 4.356299425072425947e+03
8.594264696072649760e-15 2.337043595314474717e-16 4.357025110189681982e+03
8.465305316507577430e-15 2.342265303576494139e-16 4.357750808092525403e+03
8.880010144215927164e-15 2.351748586264793668e-16 4.358476516888831611e+03
9.239961745063323491e-15 2.353772703180341444e-16 4.359202235704924533e+03
8.531915993950291917e-15 2.356255986152572804e-16 4.359927967102777984e+03
7.986847861957812738e-15 2.358005078216290563e-16 4.360653710622984363e+03
9.391111216679989192e-15 2.349875544170858722e-16 4.361379464540976187e+03
9.473442421357834648e-15 2.338511513584539121e-16 4.362105230513774586e+03
9.506748829027618813e-15 2.327842059039495386e-16 4.362831006685959437e+03
9.929616217695008099e-15 2.324578207939209378e-16 4.363556794377345796e+03
9.410228170153185157e-15 2.316479152395314095e-16 4.364282594716497442e+03
9.438674613010814606e-15 2.320473568281477034e-16 4.365008404416214034e+03
9.823346214121614878e-15 2.320962557546255731e-16 4.365734225310945476e+03
8.690627355807628159e-15 2.291224744912478859e-16 4.366460060617067029e+03
9.040296984774196005e-15 2.298996450102300599e-16 4.367185905710459338e+03
9.024735351495651919e-15 2.300492244738488099e-16 4.367911760345465154e+03
8.998791812917959515e-15 2.300461505463430379e-16 4.368637628123209652e+03
8.578381629649715067e-15 2.298635218400154080e-16 4.369363508577498578e+03
8.591216080188286816e-15 2.303268709995245919e-16 4.370089397740750428e+03
9.274660199592237682e-15 2.433251895072856433e-16 4.370815297518242005e+03
9.341406184538108890e-15 2.296305454372945377e-16 4.371541211144927729e+03
9.258336629053639364e-15 2.282708306911459947e-16 4.372267135672776931e+03
9.266920277220690253e-15 2.271501729892405107e-16 4.372993070567547875e+03
8.822485809639119284e-15 2.279900016152348907e-16 4.373719017035822617e+03
8.575560714999791670e-15 2.274964724407069395e-16 4.374444975284146494e+03
9.106425083870494009e-15 2.269827323532934602e-16 4.375170943547414936e+03
8.897045188461693389e-15 2.265847742919917208e-16 4.375896923710530245e+03
8.729631097320264369e-15 2.268286365387786852e-16 4.376622915771769840e+03
8.364219138995213091e-15 2.273620025188769435e-16 4.377348918865664018e+03
8.834074205614919861e-15 2.275527077414489503e-16 4.378074933655496352e+03
8.905693062684609625e-15 2.262342243205899054e-16 4.378800959255358975e+03
9.530539476416448412e-15 2.263180821453944483e-16 4.379526995190638445e+03
8.544983506305055611e-15 2.261840371305337134e-16 4.380253043357412025e+03
8.656759698293399550e-15 2.261769866466514998e-16 4.380979102444369346e+03
9.671277680125566212e-15 2.261649615705524505e-16 4.381705172624177067e+03
1.016411966452340184e-14 2.254149919472283875e-16 4.382431254387801346e+03
9.910050340160202774e-15 2.266611011446919680e-16 4.383157346800066080e+03
9.335339850306462185e-15 2.259539510028398519e-16 4.383883451482415694e+03
8.914194139816049317e-15 2.250911922684365447e-16 4.384609567946123207e+03
9.418842456530778452e-15 2.239016575658096333e-16 4.385335695447714897e+03
1.001858376464061834e-14 2.233106785719634614e-16 4.386061831569355491e+03
9.909287937951002543e-15 2.235979917273921845e-16 4.386787980126391631e+03
9.441722852682989496e-15 2.240641503753403426e-16 4.387514141910339276e+03
1.028671582538100089e-14 2.250205321140339843e-16 4.388240312881382124e+03
1.009290777827150454e-14 2.254322562051804090e-16 4.388966495925693380e+03
9.757333170442561768e-15 2.254422749917826880e-16 4.389692689696041271e+03
1.041077440679974686e-14 2.259080258411100397e-16 4.390418893913258216e+03
9.668727110776901930e-15 2.235226288685837420e-16 4.391145110946370551e+03
9.534913035401424103e-15 2.239273742786475937e-16 4.391871338199338425e+03
9.915708950939610395e-15 2.244639404682569702e-16 4.392597576778347502e+03
1.074178362947400897e-14 2.237940249691407957e-16 4.393323826933219607e+03
1.014592599735031828e-14 2.239849035950147142e-16 4.394050087874569726e+03
9.620055597958251642e-15 2.247161152774666284e-16 4.394776360138937889e+03
1.020805291703219499e-14 2.246839403324452781e-16 4.395502644298177074e+03
1.011579355014011155e-14 2.240667228560594780e-16 4.396228938716098128e+03
9.838775664443513156e-15 2.231679244354152226e-16 4.396955243504009559e+03
1.006433258243683819e-14 2.234091588989914878e-16 4.397681560068670478e+03
9.741821384324844666e-15 2.241574119118802338e-16 4.398407888192341488e+03
9.749517394996863868e-15 2.256328453378043017e-16 4.399134227564729372e+03
9.714675607500672031e-15 2.262679844567777535e-16 4.399860577764829031e+03
9.316650764588829424e-15 2.264083112717890021e-16 4.400586938648311843e+03
1.034965266292614461e-14 2.268427852609110069e-16 4.401313311677375168e+03
9.757166186805913081e-15 2.270484776685379034e-16 4.402039696643587376e+03
1.014219305382469535e-14 2.285110279708873958e-16 4.402766091492430860e+03
9.556880614001522862e-15 2.290882800524693626e-16 4.403492497314380671e+03
9.509287398245395875e-15 2.280691417110409140e-16 4.404218914101123119e+03
9.901072316169865885e-15 2.288204446752915960e-16 4.404945341675485906e+03
9.750471899614934615e-15 2.296921261144222754e-16 4.405671780802474132e+03
9.778882500834302054e-15 2.300561335234332227e-16 4.406398230934964886e+03
9.765659466171932065e-15 2.304012103208357805e-16 4.407124692212195441e+03
9.439072602846959651e-15 2.294969733847947578e-16 4.407851164873118250e+03
9.687485130510206098e-15 2.273481633643111337e-16 4.408577648975986449e+03
1.001872174017180218e-14 2.271274749004346267e-16 4.409304144086252563e+03
1.004016178447541608e-14 2.266196160950259012e-16 4.410030649905440441e+03
9.750036172259681871e-15 2.266238332398682280e-16 4.410757166489817791e+03
9.331158511282081417e-15 2.274502997292172557e-16 4.411483694375420782e+03
1.050557711293381033e-14 2.272852581087183618e-16 4.412210233681185855e+03
9.668709228103586493e-15 2.267464146140578299e-16 4.412936784096017618e+03
9.172772695789262102e-15 2.261696881183255879e-16 4.413663344958897142e+03
9.640942095887831833e-15 2.267638183411088528e-16 4.414389916421941052e+03
1.041051563142016440e-14 2.275510163193934652e-16 4.415116499375539206e+03
8.869942820329355943e-15 2.256504655976967780e-16 4.415843094219919294e+03
9.512058829396196796e-15 2.256096165341008613e-16 4.416569700164532151e+03
9.837152474124132137e-15 2.253571715143226317e-16 4.417296316538622705e+03
9.800161057129438591e-15 2.247508874851826201e-16 4.418022943513769860e+03
1.068549383362761800e-14 2.253705106925768905e-16 4.418749581751549158e+03
9.619307698961143679e-15 2.261456265464177740e-16 4.419476230847038096e+03
9.616843684275114548e-15 2.257478076660848723e-16 4.420202891324051052e+03
9.283185965000884331e-15 2.257073765977225925e-16 4.420929563378775129e+03
1.024452650039706828e-14 2.256714175834119512e-16 4.421656246505810486e+03
1.004297504617621907e-14 2.252181335270765167e-16 4.422382939941378936e+03
1.019552871448917279e-14 2.252021199827256757e-16 4.423109643997129751e+03
1.060559937653213149e-14 2.256507243845149407e-16 4.423836359314793299e+03
1.030863472494790794e-14 2.255390370053183311e-16 4.424563085804154980e+03
1.011552576131669058e-14 2.242837552051611582e-16 4.425289823371669627e+03
1.075975601107587006e-14 2.240264075562581279e-16 4.426016572267764786e+03
9.304791689243311179e-15 2.233462036492207649e-16 4.426743332309641119e+03
1.047212339139855694e-14 2.237271843988867604e-16 4.427470101980276013e+03
1.023028345087575751e-14 2.235914919792443972e-16 4.428196882895224917e+03
1.020506240556935856e-14 2.247883537429232776e-16 4.428923676046422770e+03
1.037278695073852767e-14 2.252375806251046517e-16 4.429650479858215476e+03
1.041705100413160747e-14 2.241802407198144566e-16 4.430377293305876265e+03
9.988229525835879661e-15 2.238915299549025438e-16 4.431104118553161243e+03
9.454801222243004796e-15 2.238323340913874496e-16 4.431830956404997778e+03
9.896321180582102466e-15 2.233385100279369355e-16 4.432557802841858575e+03
9.764673086922209089e-15 2.228954350140127992e-16 4.433284660208837522e+03
1.002824945058365975e-14 2.224973210726069802e-16 4.434011529391078511e+03
1.013464716035387002e-14 2.221783313973633073e-16 4.434738408552530927e+03
9.677509131674467620e-15 2.223756432076729897e-16 4.435465300339814348e+03
1.024471173802094960e-14 2.226006399624430633e-16 4.436192202881504272e+03
1.073197404664528853e-14 2.227343843707070405e-16 4.436919115063599747e+03
1.025218264180805538e-14 2.222238618857223304e-16 4.437646039483587629e+03
9.831324813045965996e-15 2.226124769569213118e-16 4.438372974248555693e+03
1.018914952462742376e-14 2.226436495452945477e-16 4.439099919499572934e+03
1.068310914933185090e-14 2.227183991092168757e-16 4.439826876686249307e+03
1.038865817924905866e-14 2.226319609854014314e-16 4.440553844247855523e+03
9.811593922757736076e-15 2.225632579270451837e-16 4.441280822828679447e+03
1.060678485092042069e-14 2.220364048775684782e-16 4.442007812003361323e+03
1.048908106938641713e-14 2.218232093948905483e-16 4.442734810795745943e+03
1.073950652816757776e-14 2.215973532010671454e-16 4.443461822070488779e+03
1.051595770804280712e-14 2.216540584437765930e-16 4.444188844617001450e+03
1.042817382436377353e-14 2.215576155467731067e-16 4.444915876745475543e+03
1.059261670504567696e-14 2.210844020710806534e-16 4.445642920226777278e+03
1.069095904092985939e-14 2.203764715981375929e-16 4.446369973873418530e+03
1.044361161585690471e-14 2.200029929717597300e-16 4.447097038730355052e+03
1.050393365803752983e-14 2.203308269928014340e-16 4.447824116499394222e+03
1.067100429737001590e-14 2.198723809539811793e-16 4.448551202088947321e+03
1.053390735466783878e-14 2.192861856010649061e-16 4.449278299603971391e+03
9.787914765049104281e-15 2.184140131736969511e-16 4.450005410531870439e+03
1.032151362638435790e-14 2.177386719046002124e-16 4.450732528961200842e+03
1.007659625488830003e-14 2.173346260510818238e-16 4.451459659702612043e+03
1.061376268766256987e-14 2.173708464616140239e-16 4.452186801376466065e+03
1.058792209133327186e-14 2.183683249115857441e-16 4.452913952018918280e+03
1.057205650138860808e-14 2.164339748659462017e-16 4.453641115826842906e+03
1.043379939531640360e-14 2.153811629855978245e-16 4.454368290751141103e+03
9.899250987949969709e-15 2.148627114337814523e-16 4.455095475439748043e+03
1.065913918096618977e-14 2.164720254900400743e-16 4.455822670473347898e+03
1.070335886003705975e-14 2.159029536750655390e-16 4.456549876521163242e+03
1.098717261058402542e-14 2.149794001569856169e-16 4.457277093284228613e+03
9.924368375279326453e-15 2.152653059254633162e-16 4.458004321286163758e+03
1.013717165795927472e-14 2.151097868822299079e-16 4.458731560107835321e+03
1.000430930921811773e-14 2.146453382603549958e-16 4.459458809339353138e+03
1.107841220535039120e-14 2.143735456860685066e-16 4.460186070110872606e+03
1.049981494812315122e-14 2.135555937321666581e-16 4.460913341753390341e+03
1.046635832044576424e-14 2.133759865460888691e-16 4.461640622393029844e+03
1.027259644546967395e-14 2.135714584929415103e-16 4.462367915376340534e+03
9.790229965564092877e-15 2.137485432094211216e-16 4.463095220501774747e+03
1.087141934422072334e-14 2.139043326491599092e-16 4.463822533341524831e+03
1.056798123259626743e-14 2.141684532415987888e-16 4.464549857228106703e+03
9.889650877394831746e-15 2.133634602998181470e-16 4.465277193833629099e+03
1.051834060818365046e-14 2.136176491975313302e-16 4.466004540277358501e+03
1.030571384473245001e-14 2.145340391048179943e-16 4.466731896942487765e+03
1.057610579359382128e-14 2.146096450354573160e-16 4.467459264929887468e+03
1.028208932166787355e-14 2.147009323696680228e-16 4.468186643607157748e+03
1.106227516000109617e-14 2.152297165195035806e-16 4.468914032754750224e+03
1.048229941868727951e-14 2.155685813853373510e-16 4.469641432726404673e+03
1.089205591535839970e-14 2.163464794081908522e-16 4.470368843678592384e+03
1.049674017025888307e-14 2.160516876739948069e-16 4.471096265397722163e+03
9.753004767217262832e-15 2.151627560476926039e-16 4.471823697676800293e+03
1.103447767011758584e-14 2.146939487010597822e-16 4.472551140612607014e+03
1.128036481774770200e-14 2.146488166759833242e-16 4.473278594284161954e+03
1.073293627779186661e-14 2.150904554050622045e-16 4.474006058706592739e+03
1.030963386706502283e-14 2.151516673551122358e-16 4.474733533834916670e+03
1.078914992540920721e-14 2.142539798104757030e-16 4.475461019887557995e+03
1.058658300142652439e-14 2.142965925480299181e-16 4.476188516761623760e+03
1.162563042111062727e-14 2.137418453769583041e-16 4.476916023573139682e+03
1.053606279885464078e-14 2.131595491607546511e-16 4.477643540365536865e+03
1.097991368941917345e-14 2.128759956244141240e-16 4.478371069441374857e+03
1.046106903819980243e-14 2.128704378129457961e-16 4.479098609511898758e+03
1.056608827632318243e-14 2.125040304574203460e-16 4.479826159448286489e+03
1.038606159622754202e-14 2.117764786390727262e-16 4.480553719895993709e+03
1.036997004747897247e-14 2.121965295269701441e-16 4.481281291404062358e+03
1.066393839416422611e-14 2.117519135614827934e-16 4.482008873828684955e+03
1.068450596149916515e-14 2.105842259718837998e-16 4.482736466560616464e+03
1.074898944811863819e-14 2.104980125228422630e-16 4.483464069396443847e+03
9.986892498330539584e-15 2.107127235638460373e-16 4.484191683278941127e+03
9.880168540577762553e-15 2.118586826617190205e-16 4.484919308130205536e+03
1.048370747184799322e-14 2.107526157462490998e-16 4.485646943504196315e+03
1.050159316607142195e-14 2.109968162819751292e-16 4.486374588895182569e+03
1.026799811468494468e-14 2.112507647472169101e-16 4.487102244717782014e+03
1.008144141469702981e-14 2.120490967015363936e-16 4.487829912228873582e+03
1.023851747562904422e-14 2.125443661003900160e-16 4.488557590015602727e+03
1.033799942891620655e-14 2.122339958587246160e-16 4.489285278356646813e+03
1.068944980104277414e-14 2.121444539589477264e-16 4.490012978285587451e+03
1.098507004174312389e-14 2.119776635881390511e-16 4.490740687133725260e+03
1.053654614066488698e-14 2.122665769995100049e-16 4.491468406613223124e+03
1.040200714923453997e-14 2.117484586051277860e-16 4.492196137774755698e+03
1.017586652945154609e-14 2.113527320030890452e-16 4.492923880027472478e+03
1.004782400432546093e-14 2.103128223614517866e-16 4.493651632713992512e+03
1.095127626646135045e-14 2.095951384913118080e-16 4.494379395087787998e+03
1.060736501592822299e-14 2.097552526244132476e-16 4.495107167154572380e+03
1.064369171725449474e-14 2.102096953896393293e-16 4.495834950424927229e+03
1.111781093115692973e-14 2.105275126044178404e-16 4.496562744919438046e+03
1.091658233006608994e-14 2.112199344453169367e-16 4.497290549376433773e+03
1.038771482135628387e-14 2.115606811436976708e-16 4.498018365917667325e+03
1.132417738110798652e-14 2.108422757448636674e-16 4.498746192457256257e+03
1.075441034175101354e-14 2.104797918931906231e-16 4.499474027980464598e+03
1.095795441986636587e-14 2.098663866881330324e-16 4.500201874952772414e+03
1.070371495632072555e-14 2.098315174934715081e-16 4.500929733214134103e+03
1.074502335690161765e-14 2.105152105928859326e-16 4.501657601312816951e+03
1.104738313791392546e-14 2.096028273189698849e-16 4.502385480969169294e+03
1.101921318365222844e-14 2.089526193621730921e-16 4.503113369891518232e+03
1.110137223692007913e-14 2.085576482123658377e-16 4.503841268561632205e+03
1.152556570145562747e-14 2.088135162898966087e-16 4.504569180270305878e+03
1.050728617414046139e-14 2.078685987228370236e-16 4.505297101247547289e+03
1.099362717339926716e-14 2.064825872456777346e-16 4.506025031846967977e+03
1.092164630592769427e-14 2.057141942703651227e-16 4.506752974121405714e+03
1.114463340619627915e-14 2.058513586200229721e-16 4.507480927612319647e+03
1.084002377099903543e-14 2.064604055494784822e-16 4.508208890670945948e+03
1.053516547410875480e-14 2.084620647633015331e-16 4.508936863453607657e+03
1.108287784001787040e-14 2.081851785853475388e-16 4.509664847673660006e+03
1.109658433913273200e-14 2.065761456438184247e-16 4.510392842744951849e+03
1.048807869601621620e-14 2.060711872703184852e-16 4.511120846940744741e+03
9.735724454241922368e-15 2.054677908853308951e-16 4.511848861938628033e+03
1.079053946342801844e-14 2.050223353760438060e-16 4.512576888242758287e+03
1.082765679134197575e-14 2.044702598325997716e-16 4.513304924758875131e+03
1.087976800371980028e-14 2.058249716761164087e-16 4.514032970735841445e+03
1.096448213517588743e-14 2.056384210017395941e-16 4.514761027803568140e+03
1.103706699738539689e-14 2.043852062663071890e-16 4.515489096217961560e+03
1.098091309616683712e-14 2.029100145237132969e-16 4.516217175426503672e+03
1.124338335317377623e-14 2.031374097090258511e-16 4.516945264521365061e+03
1.046342572437360627e-14 2.015032681205854592e-16 4.517673362757486757e+03
1.087999645682344561e-14 2.028778864190591449e-16 4.518401471361864424e+03
1.118514352367535612e-14 2.027484598983519910e-16 4.519129592978420078e+03
1.058639606544813939e-14 2.031384979857746614e-16 4.519857724368965137e+03
1.070879179417051422e-14 2.036708999173053875e-16 4.520585864620532448e+03
1.072380305692456647e-14 2.035507573153955642e-16 4.521314016783494480e+03
1.092915305196230408e-14 2.032266681942681843e-16 4.522042177598967100e+03
1.105927438339939604e-14 2.031907756367627421e-16 4.522770350034136754e+03
1.071610875471964823e-14 2.027516985731438004e-16 4.523498534207530611e+03
1.084256236986569523e-14 2.026187738541240197e-16 4.524226726592043633e+03
1.171338592202576715e-14 2.030470091990870129e-16 4.524954929176108635e+03
1.116533505401475001e-14 2.030442342068125562e-16 4.525683145048169536e+03
1.113182890467405400e-14 2.025971226142268658e-16 4.526411370682968482e+03
1.092637018180265372e-14 2.022038604223038984e-16 4.527139602799428758e+03
1.093072007306157414e-14 2.019972181129500872e-16 4.527867848165515170e+03
1.108531834760291710e-14 2.027929274902620823e-16 4.528596105209675443e+03
1.132396119961336595e-14 2.027122365658916691e-16 4.529324371085122038e+03
1.157132782782725206e-14 2.026995131392661394e-16 4.530052646416323114e+03
1.139525124218545444e-14 2.019964049123977953e-16 4.530780933947068661e+03
1.030379080313147644e-14 2.011072795251905619e-16 4.531509230638422196e+03
1.069131346400738810e-14 2.006474079361995428e-16 4.532237537319427247e+03
1.071760930827264582e-14 2.005779119318687643e-16 4.532965855516098600e+03
1.065012019874365495e-14 2.019699521977796119e-16 4.533694183996582069e+03
1.076986412538160938e-14 2.025777563315608614e-16 4.534422522553591989e+03
1.109868772775959649e-14 2.031769421378301752e-16 4.535150871663719954e+03
1.158490166860755545e-14 2.027603174465344909e-16 4.535879231450006046e+03
1.127142683774275104e-14 2.023919890222539022e-16 4.536607601402534783e+03
1.099088335803700899e-14 2.023836673735397074e-16 4.537335981153131797e+03
1.168655091913605806e-14 2.023336711958558719e-16 4.538064370974830126e+03
1.096917417993244664e-14 2.030985627431014402e-16 4.538792771282434842e+03
1.166027012700302396e-14 2.034363358881582566e-16 4.539521182385596148e+03
1.166951845548045241e-14 2.019446488243276183e-16 4.540249604274028570e+03
1.122516732510510292e-14 2.021084956829488043e-16 4.540978036648290072e+03
1.120703768031792869e-14 2.024126418762219328e-16 4.541706478224830789e+03
1.129058717562866775e-14 2.022564017501903363e-16 4.542434929659684713e+03
1.102603966876117565e-14 2.018399092547837449e-16 4.543163392133003072e+03
1.116325465860054582e-14 2.017803878777927611e-16 4.543891865010098627e+03
1.196595347117476030e-14 2.012604982326877222e-16 4.544620348182483212e+03
1.082146423930456996e-14 2.008020230315079127e-16 4.545348841856780382e+03
1.096509004456606581e-14 2.008778612617131179e-16 4.546077346291730464e+03
1.095700255687996350e-14 2.072665479248134737e-16 4.546805861405217911e+03
1.111727024818733337e-14 2.008013196946132702e-16 4.547534385016060696e+03
1.082549863052916705e-14 1.994512670035198731e-16 4.548262918380422889e+03
1.067653500372679886e-14 1.989175888296981254e-16 4.548991463473308613e+03
1.134934075133517608e-14 1.985622024842221053e-16 4.549720017829456992e+03
1.073969289328301373e-14 1.983010048296651886e-16 4.550448583584031439e+03
1.118843361471598443e-14 1.971553178842991987e-16 4.551177159998302159e+03
1.079468459266520569e-14 1.969419695811105617e-16 4.551905745559788556e+03
1.063391943493541590e-14 1.967595830281194425e-16 4.552634342331251901e+03
1.096748633620973094e-14 1.966244857798186454e-16 4.553362947901298867e+03
1.047701310859399551e-14 1.960427094624048336e-16 4.554091563979179227e+03
1.101233919420892036e-14 1.954941181557786857e-16 4.554820192524528466e+03
1.034679259403977383e-14 1.947729512862397954e-16 4.555548828638187842e+03
1.035762477223310232e-14 1.932910583228904054e-16 4.556277475415168738e+03
1.032143314338321734e-14 1.928688515140117040e-16 4.557006133510868494e+03
1.025526424096131630e-14 1.930274200898965909e-16 4.557734801242802860e+03
1.060980608411243627e-14 1.934310498526098722e-16 4.558463479755747358e+03
1.059909164363084880e-14 1.944475606473517621e-16 4.559192168452684200e+03
1.001582501014962976e-14 1.959553970068083514e-16 4.559920866979022321e+03
1.032185986544814486e-14 1.958135989746111957e-16 4.560649576156323747e+03
1.060497749271750775e-14 1.957744829845881631e-16 4.561378295884555882e+03
1.039326169634730430e-14 1.957440696504630628e-16 4.562107023122767714e+03
1.076554710824949842e-14 1.963071378120172926e-16 4.562835761941481906e+03
1.018303865559823439e-14 1.963721073574661604e-16 4.563564512253316934e+03
1.072557162446882856e-14 1.965237008101298878e-16 4.564293270517653582e+03
1.067889540231627713e-14 1.949041337009838239e-16 4.565022040507950805e+03
1.029243953729765969e-14 1.951712476721848388e-16 4.565750821050185550e+03
1.064590210894473772e-14 1.958051142836476271e-16 4.566479610800268347e+03
1.124311468148935098e-14 1.961786451987698120e-16 4.567208410494954478e+03
1.070431358782102175e-14 1.963319237133267943e-16 4.567937221933140790e+03
1.119087299366805787e-14 1.969985653487823096e-16 4.568666043434306630e+03
1.091841722256124848e-14 2.009905977787477519e-16 4.569394874300094671e+03
1.108947885606325819e-14 1.966888035611432141e-16 4.570123715466719659e+03
1.118154605591089409e-14 1.959612914061749077e-16 4.570852565731629511e+03
1.058742491743076077e-14 1.956706447247897160e-16 4.571581426541977635e+03
1.083010913886936879e-14 1.952708555913454776e-16 4.572310298525293547e+03
1.171007700289300233e-14 1.956224563619213795e-16 4.573039179727289593e+03
1.080775808883182940e-14 1.947276079097151235e-16 4.573768071188376780e+03
1.043303568121031971e-14 1.946222961768209492e-16 4.574496973396755493e+03
1.075977328128459954e-14 1.945376097312589903e-16 4.575225885715552977e+03
1.145991082745878668e-14 1.933143451433101037e-16 4.575954807494614215e+03
1.064951675629944652e-14 1.930907503971398308e-16 4.576683739685237924e+03
1.076502335979916797e-14 1.936373983203723753e-16 4.577412682503520045e+03
1.012536119355983492e-14 1.936276786923696449e-16 4.578141635363686873e+03
1.069574464930906087e-14 1.939086208880567437e-16 4.578870598126799450e+03
1.041983675482257405e-14 1.938358639220986499e-16 4.579599570219748784e+03
1.100623141365236950e-14 1.942313355483966105e-16 4.580328552609355938e+03
1.092730134878226741e-14 1.938767381009701406e-16 4.581057546001377887e+03
1.018196619544438030e-14 1.942098845198886038e-16 4.581786547510668242e+03
9.928628400317993840e-15 1.935496381206500982e-16 4.582515560644294965e+03
1.080568857272133517e-14 1.933378601247860784e-16 4.583244584629506789e+03
1.094167594046208462e-14 1.923854684523906950e-16 4.583973616191379733e+03
1.074363349070971998e-14 1.931445429896308910e-16 4.584702658861033342e+03
1.065333527822677926e-14 1.926797904908497612e-16 4.585431712830991273e+03
1.102957862521283536e-14 1.921608985911018053e-16 4.586160775962353000e+03
1.069140099716187722e-14 1.910744341052485273e-16 4.586889849700528430e+03
1.079883065599176251e-14 1.913744851330113140e-16 4.587618934550356244e+03
1.073817065487110387e-14 1.913701315090909293e-16 4.588348026677399503e+03
1.090412392385807124e-14 1.915482378909578606e-16 4.589077129440871431e+03
1.066217715509864444e-14 1.899333644120555307e-16 4.589806243497980176e+03
9.854460832282119617e-15 1.903669238908227765e-16 4.590535366278616493e+03
1.140934887179177854e-14 1.904253271711714157e-16 4.591264499397258987e+03
1.118057826934641715e-14 1.893913555970947204e-16 4.591993644012600271e+03
1.051725863131492097e-14 1.888241543011027605e-16 4.592722798687524119e+03
1.055337294205361478e-14 1.889436272611468780e-16 4.593451960703538134e+03
1.093591344025494645e-14 1.888842500670646140e-16 4.594181134378670322e+03
1.076454281319360779e-14 1.883909353626338802e-16 4.594910319335902386e+03
1.096663973669153344e-14 1.878284195196626201e-16 4.595639512989635477e+03
1.092167260505956704e-14 1.880965198813731925e-16 4.596368716032116936e+03
1.038189292815093275e-14 1.884169973177046589e-16 4.597097929047411526e+03
1.096748499798197190e-14 1.879671680808445142e-16 4.597827152373526587e+03
1.068178386170313718e-14 1.880984558117594140e-16 4.598556386051070149e+03
1.102490018023725909e-14 1.882280521315457848e-16 4.599285630204305562e+03
1.104178462307213841e-14 1.884775202508409905e-16 4.600014884057802192e+03
1.153001034637397926e-14 1.894649002995887938e-16 4.600744147472804798e+03
1.087313098601902750e-14 1.900389073106879541e-16 4.601473421447364672e+03
1.159681697103338838e-14 1.900687989906329911e-16 4.602202705020937174e+03
1.108849124306349264e-14 1.899534138036712234e-16 4.602931998189499609e+03
1.099541142596994774e-14 1.898528532814896880e-16 4.603661301686945080e+03
1.118379033968397777e-14 1.895480031821149427e-16 4.604390614719241057e+03
1.075575661631389762e-14 1.895248786890748230e-16 4.605119937877750999e+03
1.137329343779390634e-14 1.900174738811552652e-16 4.605849271551309357e+03
1.065486150723908886e-14 1.900530732262522355e-16 4.606578615003534651e+03
1.104809018696008742e-14 1.901870694153977890e-16 4.607307968161523604e+03
1.064914305685100646e-14 1.900623195609678718e-16 4.608037330927904804e+03
1.132893442508925573e-14 1.896445850124295625e-16 4.608766703456747564e+03
1.095692556217721463e-14 1.893452087989660361e-16 4.609496086560982803e+03
1.116069459912654903e-14 1.894099759972370439e-16 4.610225479327405992e+03
1.107388923174133700e-14 1.891351871748779115e-16 4.610954881424024279e+03
1.134624190951409324e-14 1.884970405937328291e-16 4.611684293500347849e+03
1.057662255261308894e-14 1.884443976618758930e-16 4.612413716139612916e+03
1.102928288726193587e-14 1.887983735442148877e-16 4.613143149087703932e+03
1.072593032587118985e-14 1.894362420189070029e-16 4.613872591862882473e+03
1.113883322087976037e-14 1.874635897543617428e-16 4.614602044247099911e+03
1.084375603722739693e-14 1.873808275917909908e-16 4.615331506165855899e+03
1.132291687829268527e-14 1.874969140154500708e-16 4.616060977800538240e+03
1.065382904651378619e-14 1.873971227551980051e-16 4.616790459353816914e+03
1.076419620610094922e-14 1.873333312976177848e-16 4.617519951047170252e+03
1.034960610272656329e-14 1.870971790056376125e-16 4.618249453081007232e+03
1.122469015923181489e-14 1.875055528222152913e-16 4.618978965200347375e+03
1.113255998319250786e-14 1.874276184173838058e-16 4.619708486447181713e+03
1.075177667800694012e-14 1.871924733554958767e-16 4.620438016793697898e+03
1.129521407445499103e-14 1.871306450900462319e-16 4.621167558231089970e+03
1.069924454572478080e-14 1.869791893963872086e-16 4.621897109353317319e+03
1.100189000517327663e-14 1.869059440413113239e-16 4.622626669438338467e+03
1.133261411827038796e-14 1.866189229750195065e-16 4.623356240896900999e+03
1.090526042306703514e-14 1.868580293129358536e-16 4.624085820715103182e+03
1.088388627792070082e-14 1.863013747009332303e-16 4.624815410332927058e+03
1.101184742953786371e-14 1.858974437331205116e-16 4.625545011011387942e+03
1.102815031455132499e-14 1.853186701301069422e-16 4.626274620534039059e+03
1.071629677466080007e-14 1.852036519335705952e-16 4.627004241300618560e+03
1.053295848797743415e-14 1.850645206616652621e-16 4.627733871744438147e+03
1.092424007330002228e-14 1.848241896393944965e-16 4.628463510377829152e+03
1.113895882175595712e-14 1.841795419879354973e-16 4.629193159923696840e+03
1.071828391591244502e-14 1.843590736137861511e-16 4.629922819671586694e+03
1.133984223336164918e-14 1.828152206680471814e-16 4.630652487531397128e+03
1.138797720647698410e-14 1.826182541468360013e-16 4.631382164898210249e+03
1.065308423032354259e-14 1.827941826942491039e-16 4.632111853476784745e+03
1.088461550077534986e-14 1.822992221283348810e-16 4.632841552951787889e+03
1.138010506063787721e-14 1.820460461752300790e-16 4.633571260794407863e+03
1.149876890337848525e-14 1.822665105262681301e-16 4.634300978198884877e+03
1.138694445022069526e-14 1.823156796034399051e-16 4.635030706368470419e+03
1.102664863083317168e-14 1.813534937342739006e-16 4.635760443451479659e+03
1.066450305238982165e-14 1.809076183601816473e-16 4.636490190637045089e+03
1.133181590114971778e-14 1.806321206154951149e-16 4.637219948254316478e+03
1.075151043535428864e-14 1.808067812328188424e-16 4.637949714126587423e+03
1.095232168438996375e-14 1.813803466561856266e-16 4.638679490502143381e+03
1.134199218404384135e-14 1.801689196190206357e-16 4.639409276962433978e+03
1.084162724481649273e-14 1.801154116968303598e-16 4.640139072236171160e+03
1.077812582380614879e-14 1.807011594201952918e-16 4.640868876280410404e+03
1.138734827299878083e-14 1.804684543704665733e-16 4.641598692171572111e+03
1.133966425944047296e-14 1.806342759673225491e-16 4.642328517651836592e+03
1.064803054711079880e-14 1.810378495754962931e-16 4.643058353116840408e+03
1.111839315982742231e-14 1.813069262263705028e-16 4.643788198553489565e+03
1.058354431361215465e-14 1.811693979646928424e-16 4.644518051790371828e+03
1.129568720993486065e-14 1.813187263949221926e-16 4.645247915553598432e+03
1.066646587738371983e-14 1.812856725184877921e-16 4.645977789609627507e+03
1.117570517969903654e-14 1.810542376045831160e-16 4.646707672605429252e+03
1.050150436139307783e-14 1.809602914036336026e-16 4.647437565125252149e+03
1.101848455973769260e-14 1.814314197884730496e-16 4.648167469053784771e+03
1.126448778794785779e-14 1.814033332505402767e-16 4.648897380832786439e+03
1.155356594403952995e-14 1.817923967899900602e-16 4.649627302422359207e+03
1.101844985353449112e-14 1.819677179822730908e-16 4.650357235131525158e+03
1.091522354143290514e-14 1.821759196346063873e-16 4.651087175917204149e+03
1.070409531695256306e-14 1.822772425189689535e-16 4.651817127699070625e+03
1.089739145934353588e-14 1.820760187428606800e-16 4.652547089127803702e+03
1.106800705444116807e-14 1.820925334456460282e-16 4.653277058826417488e+03
1.096476721552731150e-14 1.818529934811007762e-16 4.654007038766054393e+03
1.116999826612508209e-14 1.817880176550105059e-16 4.654737028957448274e+03
1.134030881599340710e-14 1.814711061872904060e-16 4.655467028945745369e+03
1.097036823818760739e-14 1.815696494469810175e-16 4.656197038388118017e+03
1.115323641339417780e-14 1.811499410735648795e-16 4.656927056950989936e+03
1.092832317212676533e-14 1.810271607601592599e-16 4.657657084542523080e+03
1.092242504726575088e-14 1.808800137706415713e-16 4.658387122047595767e+03
1.095364962497581045e-14 1.803578295820444159e-16 4.659117170284860549e+03
1.110745143194934078e-14 1.801158253087143240e-16 4.659847227738779111e+03
1.087871126321751296e-14 1.795314078025390025e-16 4.660577294778626310e+03
1.108775133650988620e-14 1.786883076726797881e-16 4.661307372357532586e+03
1.094209792963965429e-14 1.788034534342588524e-16 4.662037457914642800e+03
1.057913229677166482e-14 1.783223296340379164e-16 4.662767554092422870e+03
1.102045238972865453e-14 1.796172500168283260e-16 4.663497660361083035e+03
1.099295662921289359e-14 1.783000626368733789e-16 4.664227775336919876e+03
1.092401525278695449e-14 1.777454903574716808e-16 4.664957900382496518e+03
1.069414592164657949e-14 1.769024175690967790e-16 4.665688033254833499e+03
1.151596337124699075e-14 1.766324508088381917e-16 4.666418177179088161e+03
1.150276160614811022e-14 1.767045253475089474e-16 4.667148332073444180e+03
1.123759143447259460e-14 1.766622213304421084e-16 4.667878493973435980e+03
1.092833624057411747e-14 1.767914028348471014e-16 4.668608667195136150e+03
1.011548183009703434e-14 1.766394466605591802e-16 4.669338849345568633e+03
1.065048163337409453e-14 1.761445269862973155e-16 4.670069040197917275e+03
1.063276285704617889e-14 1.752969478194679009e-16 4.670799241807333601e+03
1.021962974532925872e-14 1.755676813089327262e-16 4.671529452535753990e+03
1.055447193497205869e-14 1.757328191919820100e-16 4.672259672834396042e+03
1.056335571632810306e-14 1.759649301660349601e-16 4.672989902628763048e+03
1.068716998055275767e-14 1.759977473552497052e-16 4.673720141757752572e+03
1.069182037526331486e-14 1.759903546948166961e-16 4.674450391429025331e+03
1.052839069076660848e-14 1.755648259852467489e-16 4.675180650468299064e+03
1.024940552715807677e-14 1.755429487863212025e-16 4.675910918240593674e+03
1.070761145818200713e-14 1.752832180385949289e-16 4.676641195755413719e+03
1.124979952199448096e-14 1.753447309894940852e-16 4.677371483284372516e+03
1.033275517948720371e-14 1.749332091374541156e-16 4.678101780524983042e+03
1.075637862880726451e-14 1.748384391425053433e-16 4.678832086977619838e+03
1.125035846757352966e-14 1.746757230995877496e-16 4.679562402633720922e+03
1.102676471154539121e-14 1.744225418172558927e-16 4.680292728122147309e+03
1.096106058615860688e-14 1.746975635901530444e-16 4.681023063129315233e+03
1.073821995872121899e-14 1.752268002777703975e-16 4.681753407702663026e+03
1.087654946451473113e-14 1.752920905900401034e-16 4.682483761759705885e+03
1.053205123240033038e-14 1.753868931056061194e-16 4.683214124928536876e+03
1.064362310885490708e-14 1.752531300970666882e-16 4.683944497368597695e+03
1.103689810875386116e-14 1.747242231562062883e-16 4.684674879407255503e+03
1.108421518883929704e-14 1.751210042928365281e-16 4.685405271773521235e+03
1.116124881925584926e-14 1.752241870246225832e-16 4.686135674193450541e+03
1.092340044974857335e-14 1.758915158051367898e-16 4.686866084692503136e+03
1.122949687164879869e-14 1.757909471047082541e-16 4.687596504374994765e+03
1.060341628399272059e-14 1.765186109010241174e-16 4.688326933975707107e+03
1.059007591003279241e-14 1.754655678899114420e-16 4.689057372933079023e+03
1.077051068703047259e-14 1.743737749986143630e-16 4.689787821284285201e+03
1.091819551166037927e-14 1.741845966418490168e-16 4.690518279122148670e+03
1.064405371038006213e-14 1.736875273852495018e-16 4.691248746540232787e+03
1.119427560700029581e-14 1.742862374587006468e-16 4.691979223503289177e+03
1.106669552511560733e-14 1.736271865820304082e-16 4.692709709984150322e+03
1.060580812772795182e-14 1.735158465367801671e-16 4.693440205928380237e+03
1.081839747486601720e-14 1.740204392623897709e-16 4.694170711257881521e+03
1.053268505733618048e-14 1.784504908548744189e-16 4.694901226020514514e+03
1.057568388508207230e-14 1.728338821588815623e-16 4.695631750301932698e+03
1.043773225331253944e-14 1.724456231737050571e-16 4.696362284057932811e+03
1.082072915329548494e-14 1.719479774715355643e-16 4.697092826993459312e+03
1.088566877709340754e-14 1.726930291369270776e-16 4.697823379073544857e+03
1.024253360895321210e-14 1.725450366152177201e-16 4.698553940518744639e+03
1.068384273598158906e-14 1.726411840477889912e-16 4.699284511738005676e+03
1.086761916499855542e-14 1.725062149834432718e-16 4.700015092560066478e+03
1.043806727934264391e-14 1.726124144600751654e-16 4.700745682266338918e+03
1.050410693976961472e-14 1.721372037811091570e-16 4.701476282925762462e+03
1.053373871994733337e-14 1.718905943623943084e-16 4.702206892323275497e+03
1.067394874270240165e-14 1.709943399843138227e-16 4.702937508883509508e+03
1.039787716161254428e-14 1.704363603678651714e-16 4.703668136313905052e+03
1.108696114179273965e-14 1.701970488727642336e-16 4.704398772552060109e+03
1.098952004861679268e-14 1.707452257051807202e-16 4.705129419040312314e+03
1.055579104506910984e-14 1.707133021654257630e-16 4.705860074823078321e+03
1.075760668847337891e-14 1.704304470272614540e-16 4.706590739098444828e+03
1.144745256198113641e-14 1.705539593887279868e-16 4.707321414918528717e+03
1.084516935608546984e-14 1.708978654966526423e-16 4.708052099299116890e+03
1.120708555487071561e-14 1.709178038179540073e-16 4.708782791152419122e+03
1.107628878282866528e-14 1.709152673432768695e-16 4.709513492940599463e+03
1.026761942524987987e-14 1.711281619511094408e-16 4.710244206230908276e+03
1.069636772853464700e-14 1.711465040978736261e-16 4.710974926731913001e+03
1.118143158025773392e-14 1.712812085154631961e-16 4.711705656710020776e+03
1.116046851540920105e-14 1.706302420707584266e-16 4.712436396898667226e+03
1.086928261529208611e-14 1.705478588990013508e-16 4.713167145478597376e+03
1.121038586110190327e-14 1.709794966065530857e-16 4.713897903575640157e+03
1.092270416421880585e-14 1.703186311916468984e-16 4.714628671697723803e+03
1.084442050685027436e-14 1.715678633808218580e-16 4.715359448863947364e+03
1.029695248922603965e-14 1.712227052513326430e-16 4.716090234747391150e+03
1.081965830599458073e-14 1.711202883980826225e-16 4.716821030746641554e+03
1.085958488409646116e-14 1.706017856055216686e-16 4.717551835783304341e+03
1.102801910817283863e-14 1.704724724356964823e-16 4.718282649302070240e+03
1.095694879938458920e-14 1.702469828407979261e-16 4.719013472052884026e+03
1.135556459319788772e-14 1.697175243196877621e-16 4.719744304863493198e+03
1.077998676309067031e-14 1.692867124614961044e-16 4.720475147313792149e+03
1.098882282903541681e-14 1.685668572731494582e-16 4.721205999060926843e+03
1.096719077484857311e-14 1.683838657217516511e-16 4.721936860143556260e+03
1.130838445141201068e-14 1.682546211811715200e-16 4.722667729442078780e+03
1.078653929564602154e-14 1.679338158693195926e-16 4.723398608524441443e+03
1.100191732498039365e-14 1.681722740879310652e-16 4.724129498092768699e+03
1.056332411582693595e-14 1.676891954771725113e-16 4.724860395746673021e+03
1.113912977057180510e-14 1.675557096361210835e-16 4.725591302050941522e+03
1.124656672143511848e-14 1.677606713818697024e-16 4.726322218287023134e+03
1.082986373784353881e-14 1.675510382920282721e-16 4.727053143670083955e+03
1.105787617239365921e-14 1.672374901406645640e-16 4.727784077394251653e+03
1.112006022962986276e-14 1.669887320207715205e-16 4.728515022638646769e+03
1.056260438860674158e-14 1.669575268155537909e-16 4.729245975518746491e+03
1.073053938227373333e-14 1.671199713310441154e-16 4.729976936660805222e+03
1.079160641939697116e-14 1.670679050424655447e-16 4.730707907526039889e+03
1.081894577680325200e-14 1.670850474080237475e-16 4.731438888517010128e+03
1.038565346735311964e-14 1.666142035138083564e-16 4.732169878787225571e+03
1.056070174991249431e-14 1.663927356239342030e-16 4.732900878185700094e+03
1.075154506520844727e-14 1.670537047480893704e-16 4.733631886828277857e+03
1.056238633513381597e-14 1.667061021765644037e-16 4.734362904504410835e+03
1.099030631782365028e-14 1.669221152899358639e-16 4.735093932459443749e+03
1.055508623009499068e-14 1.677034615267731665e-16 4.735824966624409171e+03
1.040734040369378828e-14 1.676329899485132708e-16 4.736556011930628301e+03
1.041956316567858157e-14 1.681889973069849508e-16 4.737287067343719173e+03
1.011001668685020063e-14 1.681453594082431194e-16 4.738018129463223886e+03
1.082342987706530418e-14 1.679262211763001416e-16 4.738749202286478067e+03
1.059285641192190081e-14 1.666892127623029283e-16 4.739480284590537849e+03
1.076615016172411072e-14 1.669401944606782534e-16 4.740211375362185208e+03
1.068135717950251453e-14 1.677074014910133677e-16 4.740942475346010724e+03
1.100795959286921646e-14 1.676383815829964000e-16 4.741673584811740511e+03
1.052678004185552966e-14 1.671741153060170290e-16 4.742404703515459914e+03
1.031005463756413668e-14 1.667138495816676272e-16 4.743135831245610461e+03
1.116238543861527416e-14 1.663804695791203901e-16 4.743866967970972837e+03
1.121611945530813599e-14 1.662606095712346993e-16 4.744598113809984170e+03
1.073664097705898680e-14 1.660242216917418806e-16 4.745329268878043877e+03
1.064832365239346667e-14 1.660972428739736678e-16 4.746060433217015998e+03
1.134195469351700577e-14 1.659748248653997028e-16 4.746791606759761635e+03
1.106430766613755216e-14 1.663543804057973777e-16 4.747522789403237766e+03
1.066581214601627773e-14 1.658839913827604012e-16 4.748253981087387729e+03
1.142510305156755463e-14 1.659131144476515003e-16 4.748985181714000646e+03
1.074817711295734327e-14 1.656943942232538131e-16 4.749716391231958369e+03
1.130052993497673319e-14 1.653771488411546356e-16 4.750447609760380146e+03
1.102986473856480845e-14 1.651309564605339432e-16 4.751178837578729144e+03
1.098366224724583362e-14 1.648751352020460550e-16 4.751910074855661151e+03
1.066819682614897814e-14 1.646878411763631764e-16 4.752641321453811543e+03
1.110011980449127567e-14 1.643742078656299332e-16 4.753372576994006522e+03
1.103376518330870224e-14 1.639092237929464769e-16 4.754103841085781823e+03
1.115596451040884207e-14 1.637323190931747100e-16 4.754835114259300099e+03
1.064163082584800336e-14 1.633605723975614579e-16 4.755566397161455825e+03
1.050731676290570555e-14 1.635685574365329865e-16 4.756297688733001451e+03
1.079811502568776023e-14 1.645327044163682746e-16 4.757028988628558182e+03
1.090932035001861108e-14 1.637677960364416703e-16 4.757760298088244781e+03
1.041298656969957834e-14 1.625265649997540751e-16 4.758491618008997648e+03
1.084532680344516664e-14 1.622555746125784097e-16 4.759222945886078378e+03
1.046453716433694343e-14 1.622098791739614598e-16 4.759954282493120445e+03
1.048794210385568330e-14 1.615136626742160032e-16 4.760685628470866504e+03
1.082021626536722068e-14 1.618077417257729306e-16 4.761416983324312241e+03
1.027829651138371767e-14 1.623164636334375069e-16 4.762148348204538706e+03
1.075695778774084118e-14 1.624831681060188243e-16 4.762879720690868453e+03
1.072502164113140066e-14 1.632737883690022184e-16 4.763611101955055346e+03
1.103628716130281861e-14 1.621386133484450596e-16 4.764342494820019056e+03
1.108685099193766534e-14 1.624838303468038434e-16 4.765073894248964280e+03
1.065861042292709026e-14 1.625801613132309404e-16 4.765805302971438323e+03
1.065032874923250448e-14 1.619074507408827968e-16 4.766536721334553476e+03
1.073501414749259468e-14 1.626772028424892361e-16 4.767268148391180148e+03
1.089822376334929744e-14 1.632695665139167613e-16 4.767999584300570859e+03
1.058816771804081410e-14 1.647587092458334928e-16 4.768731030894337891e+03
1.040595373517520475e-14 1.640925534007691609e-16 4.769462485418510369e+03
1.060577209069956420e-14 1.633541732662555487e-16 4.770193946888663959e+03
1.099725096823088633e-14 1.629026501471383464e-16 4.770925421265569639e+03
1.061260654908325619e-14 1.623183526600917217e-16 4.771656900813376524e+03
1.054663208014129640e-14 1.617510274366276262e-16 4.772388390152105785e+03
1.044233956820409748e-14 1.612892392375553768e-16 4.773119891265952901e+03
1.125700719267015374e-14 1.613295418616203857e-16 4.773851399186006347e+03
1.074844998917105052e-14 1.609714628473150089e-16 4.774582915816850800e+03
1.063843279000488845e-14 1.605232684408720564e-16 4.775314441735186847e+03
1.044719730543912369e-14 1.604549807948619079e-16 4.776045976884386619e+03
1.059506104816295717e-14 1.604765745344233872e-16 4.776777519618472070e+03
1.105661108452158368e-14 1.596105095629178114e-16 4.777509072396752345e+03
1.072833185859026079e-14 1.592154069836080427e-16 4.778240634404020966e+03
1.059196845809936380e-14 1.585873104914477671e-16 4.778972205520381976e+03
1.112824975021555168e-14 1.583575914143581967e-16 4.779703785460347717e+03
1.054058035141084748e-14 1.578686775012134712e-16 4.780435374130522177e+03
1.066599107361924117e-14 1.579349377412728692e-16 4.781166972149580943e+03
1.084178802728936760e-14 1.578586463954664810e-16 4.781898579548082125e+03
1.044986095044214746e-14 1.582794404638928428e-16 4.782630194902622861e+03
1.087810951805631424e-14 1.578507791242801831e-16 4.783361818472078085e+03
1.056991887618224749e-14 1.576248647845770970e-16 4.784093451243021264e+03
1.062550334844964041e-14 1.572021862283415737e-16 4.784825093333163750e+03
1.049998171613196685e-14 1.569513995870286150e-16 4.785556743740484308e+03
1.092407904575940561e-14 1.566496445760982278e-16 4.786288403606926295e+03
1.084348410518462115e-14 1.568910319468639544e-16 4.787020073206762390e+03
1.066482045184284409e-14 1.573081156040114488e-16 4.787751750563891619e+03
1.051564845256979316e-14 1.576440617364863957e-16 4.788483437394680550e+03
1.029576379442196926e-14 1.565621507595053511e-16 4.789215132935421934e+03
1.070559040661583366e-14 1.566749535104159521e-16 4.789946836402720692e+03
1.019982830432847450e-14 1.571026960612838492e-16 4.790678549970364656e+03
1.054663880086864230e-14 1.573558156217314496e-16 4.791410273198812320e+03
1.013530362657562401e-14 1.577112420784120750e-16 4.792142003507162372e+03
1.044217050180508547e-14 1.582178442943372506e-16 4.792873745138551385e+03
1.041683316904126610e-14 1.580763315456426753e-16 4.793605494101744625e+03
1.043827150923035696e-14 1.580011780183101505e-16 4.794337250355172728e+03
8.763703161294837294e-15 1.333248854106559883e-16 4.914552041295326489e+03
9.064716849389936863e-15 1.356574658764219092e-16 4.915272062133675718e+03
9.611432589077754148e-15 1.373112968776518988e-16 4.915992116623653601e+03
9.142897930251155861e-15 1.381004037898434336e-16 4.916712202238726604e+03
9.327222884804591662e-15 1.383819559764460237e-16 4.917432321492429764e+03
8.911103425433183401e-15 1.381180255913592974e-16 4.918152473929883854e+03
9.510492444396907162e-15 1.376606562855173605e-16 4.918872660415536302e+03
9.184435277791941907e-15 1.364553569403155387e-16 4.919592875355778233e+03
9.338269710119397485e-15 1.361207996383401705e-16 4.920313126285154794e+03
9.129783234953242665e-15 1.360581663630749484e-16 4.921033410474557058e+03
9.088331719379131356e-15 1.363481831921290492e-16 4.921753726741237188e+03
9.542256671336012045e-15 1.368034795170519473e-16 4.922474075186054506e+03
9.520820138614342878e-15 1.366685513214486849e-16 4.923194457150465496e+03
9.779066346841671941e-15 1.372366321198331410e-16 4.923914870682257970e+03
9.507763871576086299e-15 1.378655224032110095e-16 4.924635317425319954e+03
9.636473513909223423e-15 1.384654786626318653e-16 4.925355797277396050e+03
9.495641674869557419e-15 1.394881802851008214e-16 4.926076308967521982e+03
9.290986231500829782e-15 1.401162424047870605e-16 4.926796851719413098e+03
9.620502929875148857e-15 1.406136941186843319e-16 4.927517429442341381e+03
1.005871326065636374e-14 1.397524974580892962e-16 4.928238040550888400e+03
9.946166668758172271e-15 1.404951575275200038e-16 4.928958682149315791e+03
9.693104057399386442e-15 1.408045638641062716e-16 4.929679355507951186e+03
1.024530108998511188e-14 1.401368569087383673e-16 4.930400062441211048e+03
1.016452249215968905e-14 1.396364370118926971e-16 4.931120802088253186e+03
9.736452550844380353e-15 1.397704144440465797e-16 4.931841573345309371e+03
9.485855161879326175e-15 1.401597284692179703e-16 4.932562377072108575e+03
1.050756915802358140e-14 1.406399563703104453e-16 4.933283214417037016e+03
1.038984436999602259e-14 1.410470761892525612e-16 4.934004082885124262e+03
1.030728050723995677e-14 1.411395660569568776e-16 4.934724983299054657e+03
1.015167867949634738e-14 1.416456790426375258e-16 4.935445917456563620e+03
1.008808475312956619e-14 1.419105596801407366e-16 4.936166882664656441e+03
1.049088425211290222e-14 1.419157062977295169e-16 4.936887879578016509e+03
1.045073767139735223e-14 1.416263892711764190e-16 4.937608911321954110e+03
9.954171716304468555e-15 1.422364004091412316e-16 4.938329974149492045e+03
1.001992456634179845e-14 1.426006950314090767e-16 4.939051067670372504e+03
1.063635437618278823e-14 1.429437187456679777e-16 4.939772194337161636e+03
1.057647237961350394e-14 1.432095831408852822e-16 4.940493354141581221e+03
1.023694506444112294e-14 1.435137185989497125e-16 4.941214544586046031e+03
1.029960225028675720e-14 1.439341058310939585e-16 4.941935767271310397e+03
1.033994490281689968e-14 1.438845344756434956e-16 4.942657022326036895e+03
9.919218247218844653e-15 1.439462132090089469e-16 4.943378309139198791e+03
1.051948006660635301e-14 1.438735661037925027e-16 4.944099627882304048e+03
1.006376992769653547e-14 1.443938318906247863e-16 4.944820978151830786e+03
9.877745802156166681e-15 1.449476029926843665e-16 4.945542361169430478e+03
9.972066798889112791e-15 1.451605653523819703e-16 4.946263777085513539e+03
1.014308461669541108e-14 1.449559233851921737e-16 4.946985224700310937e+03
9.774263666866742029e-15 1.449326785972512913e-16 4.947706703362102417e+03
1.010671302386997090e-14 1.446108403629090190e-16 4.948428213407880321e+03
9.875697218418445536e-15 1.439030271802045193e-16 4.949149756357516708e+03
1.037448429600062009e-14 1.438645408838261560e-16 4.949871331622931393e+03
9.589696657416517825e-15 1.427633075555912968e-16 4.950592937796051046e+03
9.176443520438500788e-15 1.426627754445081595e-16 4.951314574618167171e+03
9.491797614923901516e-15 1.426685520243912226e-16 4.952036244406706828e+03
9.312307647600371584e-15 1.418978238722545527e-16 4.952757946562182042e+03
1.010616663264810795e-14 1.434781406767048091e-16 4.953479680072090559e+03
9.821997871451030201e-15 1.437713209097815242e-16 4.954201445632916148e+03
9.554648820056051895e-15 1.440585328633434519e-16 4.954923242920282064e+03
9.796844036864863353e-15 1.440099357774063826e-16 4.955645071303621080e+03
1.011441216151916290e-14 1.436452635035467798e-16 4.956366930782035524e+03
9.851795886387792126e-15 1.438461204169334188e-16 4.957088822176620852e+03
1.035775089503492896e-14 1.439207638355025531e-16 4.957810746059836674e+03
9.617954501855082150e-15 1.446336979405043868e-16 4.958532701386462577e+03
1.008451280201499662e-14 1.450706720812109384e-16 4.959254686874617619e+03
1.031588128342128232e-14 1.458038387631850426e-16 4.959976704974644235e+03
1.022367094221045271e-14 1.463971502670197705e-16 4.960698754228125836e+03
1.104615053187623125e-14 1.469011934553288854e-16 4.961420834880443181e+03
1.047755701923821235e-14 1.475854041027110627e-16 4.962142948257669559e+03
1.030248831619420624e-14 1.481029183755953954e-16 4.962865091461366319e+03
1.075768865852903723e-14 1.484038457577646280e-16 4.963587267371536655e+03
1.052266862173080314e-14 1.484738827719019792e-16 4.964309473940867974e+03
1.065082683826538177e-14 1.482551800257418351e-16 4.965031712609391434e+03
1.080548014282251256e-14 1.490131547483598334e-16 4.965753981846883107e+03
1.021599203563990129e-14 1.481910369839477639e-16 4.966476281693647252e+03
1.051411204455909894e-14 1.476964776884783769e-16 4.967198615378461909e+03
9.907579326369636160e-15 1.477178031229174204e-16 4.967920976286934092e+03
9.727175020002946133e-15 1.479491142570329314e-16 4.968643372566407379e+03
1.079162378264256110e-14 1.491156720270853178e-16 4.969365799841690205e+03
1.034856174669086888e-14 1.491490709880156078e-16 4.970088255768298040e+03
1.023432484251961713e-14 1.487085699652622543e-16 4.970810744043543309e+03
1.039264459298075901e-14 1.488228785775493310e-16 4.971533264674962084e+03
1.076538707637812355e-14 1.481821576102712469e-16 4.972255813952289827e+03
1.029680309737798317e-14 1.476022098474517483e-16 4.972978395778702179e+03
1.079473943330883217e-14 1.471856973154638560e-16 4.973701009769554730e+03
1.053794679923415230e-14 1.469119477549103675e-16 4.974423654033858838e+03
1.069259545286269051e-14 1.464156342521452115e-16 4.975146328691062081e+03
1.069967027842801057e-14 1.466042378445350813e-16 4.975869034194962296e+03
1.084464668281206413e-14 1.467216171442950994e-16 4.976591771222365423e+03
1.062910535377881859e-14 1.454267715001611968e-16 4.977314539939887254e+03
1.088057817139054733e-14 1.449701482682116477e-16 4.978037339500099733e+03
1.040101316422441404e-14 1.450010673031969235e-16 4.978760169806188969e+03
1.101411847877914650e-14 1.449799979133204582e-16 4.979483030997655078e+03
1.090956696901636307e-14 1.448776692680404946e-16 4.980205923034455736e+03
1.122420823593562270e-14 1.456091009542329996e-16 4.980928845691066272e+03
1.114297450905145913e-14 1.458127818707161538e-16 4.981651799156328707e+03
1.105521047650122355e-14 1.465351406702528313e-16 4.982374783772107548e+03
1.113649998255450459e-14 1.473108016053188031e-16 4.983097799405615660e+03
1.183331552656556584e-14 1.465963659704179274e-16 4.983820845450804882e+03
1.170595087914679947e-14 1.462294228984267156e-16 4.984543921895265157e+03
1.215900868340781973e-14 1.465082490789878911e-16 4.985267029317032211e+03
1.249220566121449505e-14 1.468515279653223313e-16 4.985990168375701614e+03
1.265560354476332609e-14 1.471745050895541875e-16 4.986713338223971732e+03
1.238181520869312705e-14 1.472397150556937321e-16 4.987436537979221612e+03
1.355608131094244556e-14 1.471763666950825170e-16 4.988159768033245200e+03
1.195740680810627171e-14 1.470920270368904243e-16 4.988883029193682887e+03
1.183330590724534479e-14 1.473378650526922933e-16 4.989606321413170008e+03
1.205235860492488656e-14 1.470291555835355963e-16 4.990329643709368611e+03
1.239841582381379930e-14 1.468999471064350908e-16 4.991052997346307166e+03
1.202806429720676193e-14 1.473542047798981689e-16 4.991776381469248008e+03
1.262300602696915293e-14 1.470136156718194237e-16 4.992499795169859681e+03
1.200523507990237088e-14 1.470003080269519270e-16 4.993223239842609473e+03
1.165843515413399427e-14 1.470199280180416866e-16 4.993946715022364515e+03
1.218865046415225583e-14 1.468310114332663432e-16 4.994670220408048408e+03
1.194565257786182633e-14 1.462095972141346430e-16 4.995393756177836622e+03
1.152731270993721797e-14 1.457357049445605929e-16 4.996117322517109642e+03
1.203285813729706592e-14 1.456971486151371300e-16 4.996840919737653167e+03
1.141136180929983682e-14 1.455588798084343462e-16 4.997564546922909358e+03
1.150980527267423376e-14 1.456102643584353658e-16 4.998288203667457310e+03
1.154602331021805063e-14 1.455303353970537198e-16 4.999011891697371539e+03
1.095051728949657579e-14 1.456314351266881523e-16 4.999735610314652149e+03
1.082859505974049965e-14 1.459401681721618572e-16 5.000459358953186893e+03
1.051652004117253834e-14 1.459699603790596120e-16 5.001183137803558566e+03
1.075886807798095625e-14 1.441996296067631421e-16 5.001906946649076417e+03
1.109352413840325215e-14 1.442359650145634468e-16 5.002630785632323750e+03
1.060058268363851471e-14 1.441354768212322387e-16 5.003354655029311289e+03
1.059557402694452752e-14 1.443143451989746856e-16 5.004078554861054727e+03
1.056140260091103290e-14 1.453447845465254162e-16 5.004802485017020445e+03
1.103002131589481584e-14 1.454305941991354371e-16 5.005526445388004504e+03
1.060794577452714406e-14 1.453616754564365749e-16 5.006250435845540778e+03
1.081733604736984140e-14 1.454102145235709726e-16 5.006974456278649086e+03
1.058913172506094251e-14 1.450218053493906938e-16 5.007698506617735802e+03
1.036086747328100615e-14 1.452268878518502688e-16 5.008422586803646482e+03
1.096572464970102900e-14 1.453062212769037102e-16 5.009146696867412174e+03
1.088547101545312838e-14 1.449807680480406784e-16 5.009870836845146187e+03
1.090372545841968541e-14 1.446396755063605497e-16 5.010595006839708731e+03
1.089328370854695638e-14 1.447678321347593281e-16 5.011319206913882226e+03
1.057416447333970005e-14 1.444151743485510410e-16 5.012043437124567390e+03
1.063087952330766280e-14 1.441834244950664369e-16 5.012767697359347949e+03
1.065397014682377523e-14 1.440199851275237031e-16 5.013491987502709890e+03
1.026367839280317212e-14 1.438083803343708329e-16 5.014216307493555178e+03
1.045274565938632310e-14 1.435959902292142236e-16 5.014940657271170494e+03
1.042558343356213718e-14 1.435762981582955843e-16 5.015665036758672613e+03
1.033640465467928667e-14 1.434469769435202076e-16 5.016389445928927671e+03
9.928129486615326770e-15 1.435704704977186961e-16 5.017113884866420449e+03
1.015601148049829155e-14 1.436458366778469086e-16 5.017838353674724203e+03
1.012779149111158091e-14 1.438692224539156834e-16 5.018562852394410584e+03
1.112405652031752696e-14 1.437930382780029112e-16 5.019287380945082987e+03
1.072115569065252764e-14 1.440230783380608626e-16 5.020011939237925617e+03
1.031599184802613067e-14 1.439545077971214072e-16 5.020736527160599508e+03
1.009012209752087797e-14 1.440966826216724716e-16 5.021461144679431527e+03
1.037842913230424009e-14 1.442599354627395090e-16 5.022185791725037234e+03
1.081029632489218286e-14 1.443331123863406270e-16 5.022910468260361085e+03
1.038550194119543280e-14 1.443869100182177857e-16 5.023635174320989790e+03
1.014020734031281218e-14 1.442893101470830908e-16 5.024359909894525117e+03
1.080085293161993991e-14 1.445472221373865847e-16 5.025084675034721840e+03
1.054086562895478497e-14 1.446782731671656078e-16 5.025809469757503393e+03
1.031345068767376067e-14 1.439410261062182085e-16 5.026534294065018912e+03
1.011644157987047266e-14 1.439331994379354410e-16 5.027259147851847047e+03
1.048447945636162483e-14 1.438124899459265522e-16 5.027984031013472304e+03
1.067487667860441772e-14 1.440174330388380629e-16 5.028708943491055834e+03
1.034973915437697204e-14 1.439089223892281785e-16 5.029433885342443318e+03
1.085299836154483631e-14 1.436481584715827240e-16 5.030158856671718240e+03
1.140979317414073857e-14 1.437817558528811298e-16 5.030883857511355018e+03
1.207934964420892260e-14 1.434326731812805245e-16 5.031608887693083489e+03
1.385927245278237753e-14 1.432580277384428178e-16 5.032333946984277645e+03
1.484209044668365446e-14 1.433839520525665778e-16 5.033059035572356152e+03
1.560034280851863999e-14 1.440108929271202906e-16 5.033784153904251070e+03
1.521253289371160533e-14 1.443036760557429791e-16 5.034509301163139753e+03
1.581328015766772053e-14 1.445909920700650800e-16 5.035234477312320450e+03
1.548819193254021828e-14 1.445423529209674853e-16 5.035959684251693943e+03
1.539852214602782226e-14 1.445488777569380188e-16 5.036684918821849351e+03
1.477336582039239485e-14 1.443594701337339520e-16 5.037410181736473533e+03
1.437284906591222002e-14 1.437851095549326480e-16 5.038135474867941412e+03
1.508487191823141543e-14 1.431751649872659107e-16 5.038860797795866347e+03
1.482681440699231872e-14 1.426661821713359009e-16 5.039586149712529732e+03
1.440614748580305455e-14 1.427404659543932030e-16 5.040311529448821602e+03
1.416598335719771686e-14 1.419489457085499217e-16 5.041036937471511010e+03
1.427710509128977405e-14 1.419261702876584201e-16 5.041762378514225929e+03
1.403049826773688568e-14 1.415680389848018442e-16 5.042487844010758636e+03
1.384041356634235703e-14 1.419541979932878416e-16 5.043213341258853688e+03
1.335764162507036201e-14 1.438689392419495142e-16 5.043938867493811813e+03
1.347496743775576192e-14 1.431972095106055833e-16 5.044664421620216672e+03
1.245147658644325096e-14 1.432591237774301430e-16 5.045390004038644292e+03
1.166727480059905376e-14 1.437097808127939219e-16 5.046115616014447369e+03
1.110441324261300110e-14 1.449099508387927743e-16 5.046841257469324773e+03
1.042660522817843034e-14 1.443078884605410322e-16 5.047566926663499544e+03
1.039230227388569458e-14 1.437095594185377783e-16 5.048292625246995158e+03
1.041721566947246276e-14 1.435609946162700541e-16 5.049018353576853769e+03
9.611082441233201331e-15 1.429326903858072870e-16 5.049744110312729390e+03
9.947523061986787815e-15 1.435074272868430372e-16 5.050469895391193859e+03
1.023377412313961580e-14 1.425876925807385203e-16 5.051195709115167119e+03
1.048753200672165725e-14 1.421093756279094372e-16 5.051921551658513636e+03
1.019646082966200138e-14 1.427705710884501824e-16 5.052647422994226872e+03
1.008631996101932601e-14 1.427571620984303016e-16 5.053373323019754025e+03
1.018675412732873964e-14 1.431725809715383581e-16 5.054099251522427039e+03
1.027944588779706192e-14 1.429780557087008914e-16 5.054825208506646959e+03
1.053748959442700935e-14 1.426800557119632354e-16 5.055551194099305576e+03
1.017958662808191550e-14 1.429018117518792827e-16 5.056277208417286602e+03
1.042451471685648178e-14 1.428969684301644252e-16 5.057003251307010942e+03
9.855874832399881786e-15 1.428843141308822141e-16 5.057729322596435850e+03
1.023870897178228731e-14 1.426823199785909161e-16 5.058455422311866641e+03
1.042312029493587073e-14 1.425277577205481839e-16 5.059181550726547357e+03
1.045921094491865388e-14 1.422445360162820267e-16 5.059907707970850424e+03
1.057955468797697928e-14 1.422064845746484326e-16 5.060633893748692572e+03
1.014299760828410899e-14 1.424486202547191477e-16 5.061360107618758775e+03
1.040435519119600956e-14 1.419345587873105457e-16 5.062086349499470998e+03
1.060401745558774117e-14 1.416807500842784279e-16 5.062812619736765555e+03
1.058073172562312985e-14 1.413049164222368094e-16 5.063538918670517887e+03
1.010363174525856271e-14 1.414960858253251097e-16 5.064265246254657541e+03
1.073206244875436166e-14 1.416498619544477294e-16 5.064991602086436615e+03
1.032190276880476711e-14 1.418135075531475219e-16 5.065717985891176795e+03
1.045238681615937389e-14 1.417484086969658935e-16 5.066444397806222696e+03
1.025872391661762128e-14 1.414791127685947585e-16 5.067170838186233595e+03
1.011477447454614787e-14 1.408462602301299239e-16 5.067897307192701192e+03
1.053738553229354745e-14 1.411532632438681893e-16 5.068623804650263082e+03
9.975839618326185539e-15 1.414695701956588163e-16 5.069350329880021491e+03
1.019252054406184570e-14 1.412165460882488644e-16 5.070076882334291440e+03
1.038743283832240873e-14 1.413040620738419875e-16 5.070803463431853743e+03
1.009326378493386304e-14 1.412059961122893032e-16 5.071530072878580540e+03
1.031299067827919958e-14 1.412514427305931039e-16 5.072256710037299854e+03
1.080307611505220477e-14 1.409922180006240426e-16 5.072983376019247771e+03
1.003291746576974700e-14 1.406645851284660376e-16 5.073710069722007574e+03
1.007584232657892525e-14 1.403142523867561128e-16 5.074436791923294550e+03
1.026880160946838786e-14 1.408851009581485103e-16 5.075163541455067389e+03
1.025643416385543632e-14 1.404193598100488404e-16 5.075890317602588766e+03
1.044355709511454277e-14 1.397232380978406670e-16 5.076617123958547381e+03
1.036036039263331012e-14 1.405796858156748703e-16 5.077343959481611819e+03
1.051446500179896096e-14 1.405457199369940912e-16 5.078070819927863340e+03
1.026635743537889966e-14 1.402845703682524972e-16 5.078797709064514493e+03
1.003659316075158277e-14 1.408099499336866006e-16 5.079524627011353004e+03
9.789818650856623701e-15 1.410004312398912354e-16 5.080251572051692165e+03
1.033754173898008255e-14 1.413025935181263916e-16 5.080978544850191611e+03
1.034765885452330004e-14 1.418289871858713366e-16 5.081705545627906758e+03
1.040515550195766056e-14 1.420814900963895200e-16 5.082432574297146857e+03
1.056291927922805484e-14 1.422022080431499324e-16 5.083159630758352250e+03
1.058462925682007203e-14 1.428727289109206917e-16 5.083886714864967871e+03
1.042271285690252068e-14 1.427585308192809298e-16 5.084613826557758330e+03
1.060186952851053568e-14 1.429430545627415776e-16 5.085340965774046708e+03
1.084701464029476130e-14 1.426379116486938937e-16 5.086068132667824102e+03
1.049120417263074285e-14 1.418564026818112957e-16 5.086795327416613873e+03
1.042175574073775607e-14 1.419963266780917743e-16 5.087522550090325240e+03
1.101103726988158847e-14 1.422219326317997431e-16 5.088249800537196279e+03
1.076213494932249185e-14 1.424025689370602569e-16 5.088977078466020430e+03
1.063562709041820451e-14 1.424462164132277885e-16 5.089704383621958186e+03
1.075680133401636671e-14 1.424339553368061671e-16 5.090431716012692050e+03
1.057882782976197263e-14 1.423064645794927735e-16 5.091159075786532412e+03
1.067452322913228925e-14 1.414243778066810801e-16 5.091886463112146885e+03
1.085017554432408183e-14 1.413929542085232827e-16 5.092613878102454692e+03
1.045934951592382863e-14 1.403137895466991646e-16 5.093341320725973674e+03
1.042489916436840996e-14 1.393727806430547601e-16 5.094068790877498031e+03
1.053409102386812479e-14 1.392321208082173176e-16 5.094796288425396597e+03
1.073387090599877527e-14 1.392158976292185680e-16 5.095523813330952180e+03
1.038526660547783973e-14 1.393629106640753661e-16 5.096251365598328448e+03
1.036045036421540968e-14 1.390112587875972438e-16 5.096978945238363849e+03
1.097753407064623167e-14 1.393249556352523657e-16 5.097706552149367781e+03
1.059848841945165279e-14 1.393614014903976740e-16 5.098434186221749769e+03
1.005049474698007921e-14 1.395041695062044428e-16 5.099161847402936473e+03
1.052696059287480800e-14 1.398929039668906115e-16 5.099889535717262333e+03
1.005817843930657387e-14 1.400842990912111009e-16 5.100617251247300374e+03
1.055755830525236748e-14 1.396740909807248076e-16 5.101344994184801180e+03
1.041921102491999586e-14 1.406608392010593985e-16 5.102072764745000313e+03
1.027411644752058221e-14 1.409749727549379469e-16 5.102800562955950227e+03
1.074281060158947171e-14 1.410550228832975321e-16 5.103528388290993462e+03
1.061945354241290342e-14 1.408797020046215692e-16 5.104256239983085834e+03
1.053248119111049379e-14 1.410098826349839559e-16 5.104984118452740404e+03
1.085117869335736044e-14 1.409825545189494485e-16 5.105712024323331207e+03
1.068040042938116118e-14 1.411068142829680069e-16 5.106439956829816765e+03
9.988452285634721045e-15 1.406677834577358410e-16 5.107167917164783830e+03
1.007800065389154704e-14 1.409272544992514160e-16 5.107895904826673359e+03
1.075654815816342567e-14 1.409731350950496322e-16 5.108623917959586834e+03
1.050377470003733031e-14 1.409405010344328487e-16 5.109351958605429900e+03
1.042967300582398965e-14 1.408914975309136438e-16 5.110080026402632939e+03
1.053372978641788136e-14 1.412428129145568728e-16 5.110808120730524934e+03
1.060625212018089324e-14 1.413278193869728073e-16 5.111536242623546059e+03
1.026192153282392939e-14 1.414721807158577067e-16 5.112264391986552255e+03
1.054195824383322122e-14 1.414049099191515870e-16 5.112992567547569706e+03
1.022320201584519482e-14 1.427926621089622290e-16 5.113720768884269091e+03
1.005237460236291496e-14 1.413681976400465472e-16 5.114448997971541758e+03
1.066513479184008485e-14 1.406434137244575026e-16 5.115177253218458645e+03
1.055277229293128808e-14 1.401252341469967566e-16 5.115905534994970367e+03
1.069131018673936546e-14 1.392829218490466080e-16 5.116633844697711538e+03
1.073564476223696200e-14 1.389461931993773460e-16 5.117362180801657814e+03
9.902664200625311798e-15 1.393198304423340753e-16 5.118090543809826158e+03
1.047233342329673304e-14 1.396296165776104659e-16 5.118818933345966798e+03
1.033733646991315421e-14 1.397693417477456637e-16 5.119547349191400826e+03
1.049319993059127749e-14 1.397198859292890192e-16 5.120275792457010539e+03
1.043466691012485792e-14 1.389738931527390929e-16 5.121004262550131898e+03
1.069198093297451805e-14 1.394131352643751055e-16 5.121732758682735948e+03
1.044951075707573555e-14 1.390161599245077765e-16 5.122461280475348758e+03
1.080198904289743128e-14 1.394288906845997304e-16 5.123189829229284442e+03
1.101159699126461172e-14 1.405077932803589494e-16 5.123918404669194388e+03
1.091219043727218471e-14 1.414568001188368362e-16 5.124647006396844517e+03
1.095940731516490508e-14 1.411941369980789189e-16 5.125375634879502286e+03
1.036574299030698576e-14 1.404759717743948702e-16 5.126104289844631239e+03
1.058296542831569530e-14 1.407125994046015106e-16 5.126832971485293456e+03
9.940603356226318234e-15 1.402582157260851897e-16 5.127561679881127930e+03
1.023085421103518767e-14 1.401861940112730847e-16 5.128290414171339762e+03
1.012115966497808764e-14 1.403203713764497562e-16 5.129019173992630385e+03
1.017735637515889634e-14 1.401378875505835668e-16 5.129747960038145720e+03
1.007857710406833900e-14 1.406164386361980684e-16 5.130476773117919947e+03
1.103513226894306078e-14 1.411612675796453975e-16 5.131205613286087100e+03
1.087668166564767252e-14 1.400493779554969804e-16 5.131934479749590537e+03
1.089530328711247678e-14 1.405214259465845993e-16 5.132663371831521545e+03
1.096808727745816237e-14 1.401337137814572516e-16 5.133392289584546234e+03
1.087387488271715727e-14 1.410357272329468441e-16 5.134121233432872032e+03
1.061398996797575722e-14 1.411589736483661907e-16 5.134850203726828113e+03
1.060049169132214360e-14 1.413945602647805301e-16 5.135579200269519788e+03
1.051387682276886879e-14 1.414811280505471130e-16 5.136308222889565513e+03
1.052860841196397493e-14 1.414069897357839464e-16 5.137037271693792718e+03
1.062127225258538543e-14 1.409326328561241793e-16 5.137766346837672245e+03
1.074290650417570652e-14 1.409541646835619001e-16 5.138495448266356107e+03
1.051329652979875261e-14 1.407303991918434811e-16 5.139224575730182551e+03
1.050420664223535350e-14 1.404692966259868810e-16 5.139953729062826824e+03
1.001241020154181729e-14 1.403794718129857675e-16 5.140682908362028684e+03
1.021396040995993370e-14 1.404450714208561978e-16 5.141412113820942977e+03
1.030707137005195065e-14 1.403065826513153349e-16 5.142141345490266758e+03
1.056700957978408382e-14 1.402479462520245978e-16 5.142870603112189201e+03
1.025348467985922093e-14 1.407892581431478452e-16 5.143599886316267657e+03
1.105691348356953505e-14 1.408289568376396739e-16 5.144329194698692845e+03
9.890180601239646004e-15 1.408006617946239429e-16 5.145058528370367640e+03
1.020712118803781013e-14 1.403685062887333651e-16 5.145787888960470809e+03
1.021558939489352993e-14 1.406770690630684831e-16 5.146517276134609347e+03
1.050912219752588397e-14 1.402973860885908341e-16 5.147246688959250605e+03
1.051469054483416051e-14 1.406818107719314273e-16 5.147976127419955446e+03
1.032828159114106243e-14 1.413215425936997793e-16 5.148705591026520779e+03
1.081097296916412307e-14 1.413713188099422633e-16 5.149435080570086939e+03
1.097480106481219803e-14 1.417326673585394908e-16 5.150164596318867552e+03
1.059640838005938707e-14 1.400998982941415080e-16 5.150894137152991789e+03
1.053778131229212251e-14 1.401371955374968686e-16 5.151623703351777294e+03
1.066775579780172745e-14 1.401344628599692921e-16 5.152353295454452564e+03
1.055257098998633775e-14 1.403245330709611077e-16 5.153082912487225258e+03
1.038478122412090177e-14 1.401166720558990236e-16 5.153812556476210375e+03
1.064436533042319143e-14 1.401084668791916151e-16 5.154542226604982716e+03
1.036698309906649171e-14 1.398030785403966614e-16 5.155271920766850599e+03
1.052647274497040701e-14 1.396198245157463646e-16 5.156001640467186917e+03
1.032087725327099941e-14 1.393284276509082038e-16 5.156731385796689210e+03
1.060408594620062643e-14 1.389247072223329547e-16 5.157461157566298425e+03
1.048431153025874942e-14 1.387046535165540843e-16 5.158190955581574599e+03
1.012174607440614942e-14 1.380612861427082453e-16 5.158920776524254507e+03
1.005448661767616766e-14 1.375949695544680263e-16 5.159650623155122048e+03
1.036235733049944313e-14 1.369775204886133569e-16 5.160380496770758327e+03
1.037602968362940936e-14 1.358832257543635862e-16 5.161110395945746859e+03
1.018222207933871490e-14 1.351187026425980733e-16 5.161840319788110719e+03
1.006591565702152478e-14 1.342227099577986730e-16 5.162570267662478727e+03
1.027879847988607742e-14 1.341660849183302499e-16 5.163300242728459125e+03
9.371823099542909082e-15 1.345705721188266813e-16 5.164030243151581999e+03
1.062809288017152575e-14 1.349489187438860087e-16 5.164760268456975609e+03
1.046720671377864033e-14 1.355113074750645439e-16 5.165490318441231466e+03
1.024236860862858767e-14 1.357552680545243008e-16 5.166220392693066970e+03
1.077510302135007761e-14 1.360770083417210504e-16 5.166950494642936974e+03
1.053970422218523907e-14 1.360689290755524490e-16 5.167680621596773562e+03
1.065762766125831204e-14 1.362903008568938840e-16 5.168410771548670709e+03
1.011721102253452409e-14 1.352929944111754638e-16 5.169140947652693285e+03
1.043943134529840070e-14 1.354592427160488362e-16 5.169871148796068155e+03
1.043206794201129347e-14 1.356529599562641018e-16 5.170601374333884451e+03
1.031063128171907211e-14 1.360209171889001019e-16 5.171331626432102894e+03
1.048936544430089206e-14 1.366826359357902702e-16 5.172061903183332106e+03
1.035567309677677503e-14 1.359767897173617911e-16 5.172792204367455270e+03
1.034446563843860982e-14 1.356708598267070414e-16 5.173522531792463269e+03
1.057752954476136623e-14 1.360128192537233353e-16 5.174252883935985665e+03
1.042047248257054412e-14 1.366940695231353482e-16 5.174983260307481942e+03
1.002926065630831859e-14 1.362402424854771711e-16 5.175713661392504946e+03
1.033133728378599361e-14 1.369416161637565662e-16 5.176444087968674467e+03
1.031762582063319848e-14 1.372714249438618229e-16 5.177174539007850399e+03
1.064569292006128493e-14 1.374581413263856564e-16 5.177905014750042028e+03
1.020195662829105397e-14 1.373896288784718831e-16 5.178635515284160647e+03
1.007747229286817245e-14 1.372516041467750891e-16 5.179366041441747257e+03
9.553133410360362768e-15 1.372211061141698985e-16 5.180096592369877726e+03
1.029309408364464096e-14 1.370893723689009955e-16 5.180827167598551569e+03
9.723758443799946476e-15 1.368041866177660271e-16 5.181557768072903855e+03
1.048589227742943606e-14 1.365949303296099904e-16 5.182288392771612052e+03
9.921465982524763335e-15 1.367734319993682853e-16 5.183019042326457566e+03
1.023692672815130631e-14 1.370202482882554897e-16 5.183749717288295869e+03
1.046829425406223881e-14 1.373771325381552046e-16 5.184480414963731164e+03
1.067514747619283695e-14 1.389109060101695783e-16 5.185211138291702810e+03
1.030071301012832435e-14 1.411944518951389975e-16 5.185941887479214529e+03
1.079575099082946848e-14 1.439034013058447802e-16 5.186672659099149314e+03
1.078902628236223372e-14 1.468106802675123611e-16 5.187403457353000704e+03
1.074444658882211659e-14 1.487554416010782887e-16 5.188134278877347242e+03
1.066097907628567771e-14 1.507259178181582589e-16 5.188865124230541369e+03
1.069772092131998483e-14 1.516171570394723520e-16 5.189595997746077956e+03
1.051186353388279994e-14 1.517563388003537492e-16 5.190326891731861906e+03
1.048015664072585153e-14 1.518846044331606676e-16 5.191057811555210719e+03
1.053867688644895848e-14 1.521044613202970537e-16 5.191788757950695071e+03
1.048497945038806862e-14 1.518657670566756412e-16 5.192519725276668396e+03
1.025397926516498351e-14 1.525838273068597654e-16 5.193250720461188394e+03
9.937239202209359459e-15 1.527067400498638393e-16 5.193981737309565688e+03
1.030124018483480552e-14 1.527151261208226803e-16 5.194712778252272983e+03
1.000561212745793291e-14 1.523140977629089797e-16 5.195443846308146021e+03
1.005272166613505595e-14 1.519634251220264359e-16 5.196174935449691475e+03
1.002416032776930953e-14 1.516830289557266198e-16 5.196906052098862347e+03
1.000793174819618571e-14 1.513071873437623269e-16 5.197637191333118608e+03
9.824139948108460186e-15 1.511493666540732827e-16 5.198368353882264273e+03
9.285557177544926688e-15 1.500632925028862849e-16 5.199099543783338959e+03
9.401576487142644689e-15 1.487062351797510213e-16 5.199830756143031977e+03
8.907643008586460628e-15 1.450378258085311600e-16 5.200561991844531804e+03
9.503481440424752782e-15 1.429482023452453981e-16 5.201293254142453407e+03
9.352596795302841675e-15 1.413275972695697454e-16 5.202024538195360947e+03
9.395187826397227994e-15 1.397240294579461305e-16 5.202755846551446666e+03
9.574429865877778626e-15 1.383818796765748426e-16 5.203487178431087159e+03
9.538933398336939958e-15 1.371165233085880066e-16 5.204218536704438520e+03
9.782609636104624459e-15 1.364875507184267173e-16 5.204949917248424754e+03
9.507970974820826397e-15 1.366739111274260244e-16 5.205681321236301301e+03
9.307399365322955563e-15 1.363258486341296416e-16 5.206412751339883471e+03
1.012831449952055625e-14 1.355962067669492456e-16 5.207144204184600312e+03
9.575662368935170550e-15 1.356812772376996416e-16 5.207875680429244312e+03
9.752038601198420185e-15 1.359101632986478035e-16 5.208607182107514745e+03
1.006332539239545445e-14 1.364272481637789798e-16 5.209338706887447188e+03
9.698093482699174306e-15 1.370359825884012448e-16 5.210070254577610285e+03
9.899380352500361178e-15 1.372497496768746672e-16 5.210801827614212016e+03
1.011761492304245886e-14 1.376042738816236875e-16 5.211533424148208724e+03
9.922793885836326422e-15 1.380479424937849303e-16 5.212265043508810777e+03
1.000883155165010166e-14 1.385068016766503576e-16 5.212996687397215283e+03
9.864620045062210100e-15 1.388694563226610172e-16 5.213728355763418222e+03
9.839398857631935714e-15 1.383224949989570931e-16 5.214460047820862201e+03
1.027747791846419145e-14 1.379332215254537525e-16 5.215191763242310117e+03
9.584386610333542366e-15 1.379681482831829456e-16 5.215923502209023354e+03
1.004285553824293941e-14 1.379256132100137706e-16 5.216655264975821410e+03
9.758202986283686666e-15 1.387639567679569129e-16 5.217387051361318299e+03
9.727901159860037885e-15 1.385987284063067695e-16 5.218118861067156104e+03
9.724624553250345764e-15 1.381477393169580791e-16 5.218850694100230612e+03
9.518321445175362354e-15 1.379654533617387174e-16 5.219582551330386195e+03
1.008103635672698384e-14 1.378169907862938421e-16 5.220314433125846335e+03
9.615279832185927604e-15 1.380616055102674792e-16 5.221046337593568751e+03
9.753630555189488914e-15 1.384918900284362298e-16 5.221778264789310924e+03
1.022533038230838921e-14 1.382449499374721485e-16 5.222510217316486887e+03
1.029983168230049793e-14 1.380753635226315407e-16 5.223242192091738616e+03
1.058899312883061029e-14 1.380827665058918712e-16 5.223974189573455988e+03
9.786078029543463529e-15 1.381763625137864519e-16 5.224706213450568612e+03
1.023162667695322668e-14 1.376948166798440906e-16 5.225438258814154324e+03
1.044893111321923778e-14 1.376462267353969296e-16 5.226170326407813263e+03
1.017744773108535838e-14 1.379056971327365041e-16 5.226902419258243754e+03
1.061314836772092681e-14 1.385821583365343155e-16 5.227634534795278341e+03
1.008586078554864726e-14 1.385005706582793823e-16 5.228366673237505893e+03
1.016215165723656677e-14 1.388671092362445478e-16 5.229098835885937660e+03
1.027975370401973222e-14 1.391816541578594523e-16 5.229831021629666793e+03
1.019537656665235776e-14 1.393334186029077273e-16 5.230563229831081117e+03
1.005442473039677074e-14 1.389702231936015160e-16 5.231295461290803360e+03
1.017811626858016761e-14 1.387163975119569094e-16 5.232027717417398890e+03
1.047958399859604911e-14 1.387886220597581854e-16 5.232759995596853514e+03
1.023229383304529789e-14 1.387006654527743776e-16 5.233492296736980279e+03
1.001339960757902201e-14 1.387923316929009089e-16 5.234224622092449863e+03
1.007276481482943085e-14 1.387396974671746275e-16 5.234956969403809126e+03
1.031140479132071744e-14 1.387174060740346774e-16 5.235689340604798417e+03
1.026507347798085878e-14 1.383939467634063518e-16 5.236421734598808143e+03
9.923085614966146120e-15 1.386274888199770701e-16 5.237154151641285353e+03
1.053810405469329074e-14 1.391606377559416419e-16 5.237886592411277888e+03
1.010764161187761123e-14 1.390495732979407331e-16 5.238619055472427135e+03
1.030415149675672908e-14 1.389343423330315778e-16 5.239351542343947585e+03
9.770148313985919226e-15 1.387190839657394861e-16 5.240084051199860369e+03
1.030244055951312622e-14 1.380255803967140852e-16 5.240816583322986844e+03
1.015941286012839128e-14 1.373136297841659001e-16 5.241549139137228849e+03
1.022914672715642778e-14 1.371700958584096447e-16 5.242281716947671157e+03
1.033401240027151846e-14 1.372969461213250669e-16 5.243014317585802928e+03
1.003416822715851654e-14 1.379243190073625347e-16 5.243746941773279104e+03
1.005257156436445311e-14 1.383164304967162029e-16 5.244479588860391232e+03
1.038734925302679263e-14 1.389664408908207020e-16 5.245212258455187111e+03
1.028725672550047904e-14 1.393835910357674940e-16 5.245944952291340087e+03
1.028740718726887773e-14 1.394426444638582252e-16 5.246677667467558422e+03
1.013043521229337077e-14 1.396709088281690837e-16 5.247410404000254857e+03
1.049384819731574403e-14 1.398470193906680977e-16 5.248143164848186643e+03
1.025781760535373898e-14 1.395279145083415800e-16 5.248875949859265347e+03
1.018574733893837228e-14 1.396399823281513507e-16 5.249608756212552180e+03
9.993458319419466996e-15 1.392963794624001939e-16 5.250341583868439557e+03
1.032558464870565911e-14 1.383429367665236476e-16 5.251074434561402086e+03
1.050397738386820590e-14 1.381405288131658586e-16 5.251807308650919367e+03
1.051475352621149873e-14 1.380754173320093132e-16 5.252540206727443547e+03
9.835767122880174361e-15 1.379086098926469865e-16 5.253273125430298023e+03
9.831625276606101119e-15 1.371906425159908016e-16 5.254006066375452065e+03
9.907668092060382286e-15 1.365301135052725699e-16 5.254739031993111894e+03
1.059859940157136833e-14 1.362567595284430466e-16 5.255472018479680628e+03
9.949521651951607666e-15 1.361563093808706798e-16 5.256205027240581330e+03
9.904418664040771531e-15 1.362005264687130698e-16 5.256938059771491680e+03
1.040897706170484311e-14 1.355866885005807495e-16 5.257671113750146105e+03
1.015979278926015147e-14 1.349323630791747239e-16 5.258404191076968345e+03
1.016126233448643434e-14 1.348938791656542875e-16 5.259137290513441258e+03
1.012719906366606178e-14 1.343347366498592611e-16 5.259870412111820769e+03
1.029060613297118080e-14 1.332920497232034928e-16 5.260603555705103645e+03
1.042003645946369711e-14 1.329543832094142755e-16 5.261336720822750067e+03
9.837741366190475653e-15 1.328631928770008623e-16 5.262069912163988192e+03
9.640789203291976867e-15 1.329251948246765511e-16 5.262803122941830225e+03
9.645675119103247646e-15 1.338643905358185284e-16 5.263536355265872771e+03
1.020349121224386381e-14 1.339932990502413299e-16 5.264269609360948380e+03
9.807761526844454187e-15 1.349313189028553734e-16 5.265002887785443818e+03
1.018921121586039593e-14 1.354007783566182877e-16 5.265736188287955883e+03
9.808483302800563283e-15 1.356974728838459140e-16 5.266469510131872084e+03
1.047754346390894662e-14 1.362051349138410920e-16 5.267202854375238530e+03
9.947909427151065590e-15 1.361967580443125617e-16 5.267936221117704918e+03
1.059377520948823045e-14 1.363443027709535578e-16 5.268669609725003284e+03
1.081100819396329404e-14 1.366461638015709556e-16 5.269403019733674228e+03
1.040263851984797549e-14 1.367081617495603604e-16 5.270136452197434664e+03
1.044294766358934418e-14 1.367819032808418912e-16 5.270869907123911617e+03
1.043235580674112699e-14 1.368472316002405608e-16 5.271603383557250709e+03
1.030229218222871509e-14 1.365868326710799639e-16 5.272336882546641391e+03
1.060189292396461795e-14 1.365767117193755599e-16 5.273070405587452115e+03
1.051887563888071785e-14 1.367191836019439772e-16 5.273803947971931848e+03
1.101603171184096917e-14 1.373832370457678360e-16 5.274537511573638767e+03
1.019457530716042589e-14 1.368630022855969945e-16 5.275271099160609083e+03
1.071631023146652787e-14 1.362605007781047898e-16 5.276004707053300990e+03
1.050650409163679555e-14 1.362259669943310466e-16 5.276738337001512264e+03
1.013693122581416382e-14 1.364320966479284566e-16 5.277471989358131395e+03
1.038704827548945442e-14 1.360312238611468680e-16 5.278205663118658777e+03
1.043954744212100900e-14 1.356332220071488535e-16 5.278939359124053226e+03
1.061785019465059568e-14 1.353045786930773389e-16 5.279673077244877277e+03
1.035478796827544352e-14 1.351571098055082804e-16 5.280406817027197576e+03
1.038746511243986084e-14 1.350533979443793010e-16 5.281140577599395328e+03
1.070246300342168045e-14 1.352749988253726662e-16 5.281874361369728831e+03
1.039844772063505236e-14 1.351396015958732149e-16 5.282608166736523344e+03
1.022320077381975049e-14 1.352579228750855442e-16 5.283341991639672415e+03
1.009206738953275729e-14 1.354480003137235007e-16 5.284075838500739337e+03
1.054051120688157086e-14 1.357008730081355637e-16 5.284809708309464440e+03
1.066663903989547542e-14 1.358196445873042334e-16 5.285543599889717370e+03
1.049851861816848852e-14 1.364588274017763075e-16 5.286277511615744515e+03
1.068606254175380372e-14 1.367950277848358877e-16 5.287011446165854068e+03
1.026742809465048573e-14 1.372453843344348291e-16 5.287745403302595150e+03
1.054457945088973960e-14 1.373561182742098466e-16 5.288479380625773956e+03
1.057172761380922072e-14 1.373475195058662618e-16 5.289213379558155793e+03
1.012002317431705011e-14 1.369642158253383673e-16 5.289947399463144393e+03
1.042845252469262628e-14 1.371581962365181192e-16 5.290681440221887897e+03
1.040895405379785774e-14 1.370066707141357994e-16 5.291415503163723770e+03
1.054338083017659322e-14 1.370014989742385529e-16 5.292149588853700152e+03
1.021679864867761208e-14 1.366772281280969845e-16 5.292883694957563421e+03
1.035150678307188574e-14 1.366614919075951790e-16 5.293617821356956483e+03
9.611006415738181923e-15 1.367926842398389490e-16 5.294351971120157941e+03
9.593956942941487938e-15 1.368959025434866369e-16 5.295086142009457035e+03
9.994193359483601578e-15 1.370718296297599598e-16 5.295820333124474928e+03
1.019297964428804464e-14 1.369281658016093643e-16 5.296554545501224311e+03
9.728401854150994499e-15 1.368424024718489142e-16 5.297288779947111834e+03
1.018876902201711524e-14 1.371188277907213121e-16 5.298023034929901769e+03
9.919518360984367665e-15 1.369822418130389694e-16 5.298757310558810786e+03
9.565255476547013402e-15 1.373917699725226453e-16 5.299491608448523948e+03
9.571961674007101733e-15 1.375114432779026428e-16 5.300225927787463661e+03
9.621432243776864285e-15 1.370738594625236462e-16 5.300960267790695070e+03
9.233119169520352641e-15 1.372303662188187409e-16 5.301694628788960472e+03
9.449399272940869716e-15 1.376285889701172021e-16 5.302429011225523027e+03
9.891759145414251948e-15 1.377967400809293497e-16 5.303163415072354837e+03
9.383748671126082106e-15 1.377636337451408936e-16 5.303897839782757728e+03
9.862633498487416848e-15 1.378345916520519583e-16 5.304632284847575647e+03
9.770830728495139868e-15 1.375881852765631601e-16 5.305366750286011666e+03
9.908755141814227631e-15 1.374427132255500850e-16 5.306101236582067941e+03
1.046598652357828739e-14 1.371661613337123852e-16 5.306835744234296726e+03
1.008592831368943668e-14 1.365319784961445711e-16 5.307570273350522257e+03
9.976733533570357697e-15 1.361089803025794264e-16 5.308304823686792588e+03
1.009741746827931486e-14 1.358749215420749647e-16 5.309039394884901412e+03
9.949822710360395773e-15 1.358225633367697230e-16 5.309773986810900169e+03
1.022998466312983461e-14 1.364565398794033915e-16 5.310508599567682722e+03
1.008228834295264118e-14 1.365477157476700769e-16 5.311243233273809892e+03
1.038120742146622361e-14 1.367356027083484767e-16 5.311977887896437096e+03
1.004847726055159052e-14 1.373280248133448017e-16 5.312712563290993785e+03
1.019383633270679068e-14 1.373723066000657097e-16 5.313447259321676029e+03
1.059020261003347484e-14 1.372048050130959179e-16 5.314181975830832016e+03
1.038737642678376147e-14 1.370530547300677930e-16 5.314916712882351021e+03
1.013498927793995401e-14 1.366399736388910048e-16 5.315651470723956663e+03
1.071231113781329780e-14 1.362912254915930385e-16 5.316386249585575570e+03
1.095336169651531961e-14 1.365188212667902761e-16 5.317121049088461405e+03
1.031237283412304883e-14 1.369173626344013098e-16 5.317855868883285439e+03
1.012812223629633017e-14 1.378445195757517758e-16 5.318590711246695719e+03
1.067886054538885403e-14 1.387168426963989677e-16 5.319325571195324301e+03
1.041311343658589784e-14 1.401665131793075064e-16 5.320060452950154286e+03
1.032371163849576017e-14 1.405954937843384296e-16 5.320795355518326687e+03
1.069141037134419043e-14 1.411415518686666090e-16 5.321530279203074315e+03
1.067938179186424326e-14 1.405874317897197004e-16 5.322265222490759697e+03
1.063437572221132921e-14 1.400619732645403402e-16 5.323000185354829227e+03
1.069133102257053633e-14 1.400000299893205259e-16 5.323735170059564553e+03
1.051144040221375689e-14 1.402578028327528564e-16 5.324470175521751116e+03
1.064670473268880948e-14 1.404138290976507038e-16 5.325205199605662528e+03
1.091438826502495695e-14 1.398093873216315085e-16 5.325940246866632151e+03
1.081615457023482458e-14 1.397824025346599960e-16 5.326675312085928454e+03
1.094285667494437692e-14 1.399089805033704927e-16 5.327410398562242335e+03
1.027742542365796328e-14 1.402993116140533496e-16 5.328145504462473582e+03
1.038570959647587412e-14 1.406400747997646590e-16 5.328880632441921989e+03
1.081753330084668981e-14 1.408866746911765748e-16 5.329615778616686839e+03
1.032515561274349881e-14 1.404516498166716771e-16 5.330350946798293080e+03
1.080615698764905192e-14 1.393479227293369922e-16 5.331086134470479010e+03
1.042105704396064688e-14 1.380812315119493914e-16 5.331821342070158607e+03
1.034768816434611661e-14 1.367985473844346280e-16 5.332556569697746454e+03
1.044222683459324582e-14 1.361961160922927112e-16 5.333291819421308901e+03
1.036293629581691142e-14 1.357216612301852056e-16 5.334027087503910479e+03
1.052236590017822003e-14 1.360321530455495244e-16 5.334762374981968605e+03
1.047036052459717834e-14 1.358980252506284658e-16 5.335497682793740751e+03
1.060978799918408466e-14 1.358031489129571497e-16 5.336233012772541770e+03
1.066907877120951510e-14 1.360039871825168279e-16 5.336968361116903907e+03
1.116002516836728365e-14 1.355329300460465707e-16 5.337703729537104664e+03
1.079379758946525962e-14 1.356237265243817159e-16 5.338439119131152438e+03
1.110462692351375974e-14 1.357139271521592516e-16 5.339174528279034348e+03
1.113243527442270682e-14 1.354927008675859850e-16 5.339909956807969138e+03
1.069836752357652020e-14 1.357057993742758822e-16 5.340645405611000569e+03
1.094037958159443755e-14 1.357065707576615467e-16 5.341380874511767615e+03
1.085653189793691434e-14 1.358339187454963337e-16 5.342116362033873884e+03
1.069091850565689636e-14 1.362915273388987401e-16 5.342851870177773890e+03
1.101253396431927691e-14 1.365226934339629507e-16 5.343587399055397327e+03
1.097885349708694402e-14 1.369098368431503522e-16 5.344322947394357470e+03
1.048830685857721363e-14 1.371006233130164529e-16 5.345058515330983937e+03
1.070127945816810515e-14 1.373081712331376452e-16 5.345794102467079028e+03
1.090706957251398930e-14 1.370121015544257109e-16 5.346529709753417592e+03
1.113949825561572643e-14 1.371255181796059281e-16 5.347265338150474236e+03
1.084055602568110518e-14 1.369874275674264838e-16 5.348000985374315860e+03
1.050638819355494275e-14 1.373956737288734560e-16 5.348736652340749970e+03
1.109861595104608598e-14 1.376404124427613905e-16 5.349472338915358705e+03
1.047667115840287506e-14 1.375263692101136507e-16 5.350208044517232338e+03
1.088447404735734200e-14 1.363028722103251397e-16 5.350943769331969634e+03
1.052915692605610475e-14 1.365087075264489132e-16 5.351679513933099770e+03
1.046512388901656264e-14 1.362264439495544417e-16 5.352415279408682181e+03
1.035852966652176315e-14 1.357851255000959291e-16 5.353151064014431540e+03
1.060139232548782336e-14 1.354303595957253748e-16 5.353886867453195009e+03
1.028439035201456911e-14 1.353678429509990890e-16 5.354622689694075234e+03
1.005128690204213117e-14 1.345048760645099842e-16 5.355358532165902943e+03
1.017823427112032265e-14 1.340113688373620138e-16 5.356094395945402539e+03
1.029842071107177925e-14 1.337951018821170480e-16 5.356830278363562684e+03
1.036230192898117986e-14 1.338064847022209983e-16 5.357566178388062326e+03
1.034134627276928101e-14 1.350989670905909817e-16 5.358302099071761404e+03
1.051056526309292953e-14 1.345708656125322284e-16 5.359038040641825319e+03
9.768108234760061253e-15 1.345264492237265904e-16 5.359773998907370697e+03
1.030214536715343134e-14 1.344398791400128252e-16 5.360509977398447518e+03
1.005067068561469655e-14 1.337623714548025598e-16 5.361245976147663896e+03
1.041579234345900988e-14 1.336559388262049526e-16 5.361981994405141450e+03
1.008572165406899487e-14 1.335231308466833020e-16 5.362718031608509591e+03
1.027268885632905342e-14 1.336188013945345121e-16 5.363454086719314546e+03
1.039822708878988173e-14 1.336474811096911013e-16 5.364190162390885234e+03
1.032331917288327008e-14 1.337511763823277331e-16 5.364926257366263599e+03
1.022760466432467425e-14 1.341811060635133472e-16 5.365662370164067397e+03
1.013796949856966209e-14 1.342570386004626907e-16 5.366398503066170633e+03
1.048069203952031098e-14 1.340535377696301016e-16 5.367134656076284955e+03
1.072434285013930152e-14 1.340407631910196858e-16 5.367870827423346782e+03
1.034507245911185330e-14 1.340609416977139454e-16 5.368607016513844428e+03
1.063458308220615954e-14 1.341036636786727312e-16 5.369343225643358892e+03
1.051702622410095290e-14 1.342813803225985612e-16 5.370079454538961727e+03
1.060981495837892893e-14 1.343602382475041916e-16 5.370815701820268259e+03
1.044480054911314003e-14 1.343794107832713663e-16 5.371551967290381072e+03
1.018788731312054329e-14 1.343076631902232996e-16 5.372288252827869655e+03
1.055972279217211650e-14 1.346113505878075114e-16 5.373024556624870456e+03
1.083613258218462244e-14 1.351816432061214360e-16 5.373760879231346735e+03
1.072057950344417977e-14 1.355263283989235931e-16 5.374497223699976530e+03
1.066714787577895457e-14 1.356311079670161525e-16 5.375233585104810118e+03
1.065749973176599862e-14 1.351969084516358918e-16 5.375969964255134983e+03
1.034005944022643655e-14 1.358288928813741711e-16 5.376706363301533202e+03
1.040898435930241640e-14 1.350483830824887697e-16 5.377442780844547087e+03
1.017746121573840151e-14 1.349475510944420292e-16 5.378179217810815317e+03
9.947484725055652965e-15 1.343216129638747774e-16 5.378915673651650650e+03
1.018251683862810484e-14 1.343066031088375737e-16 5.379652147408851306e+03
1.047809589327566795e-14 1.347461011712822153e-16 5.380388639982897075e+03
1.065026899078514023e-14 1.349286774020785696e-16 5.381125150654228491e+03
1.052186221449545930e-14 1.347090886669529791e-16 5.381861680580550455e+03
1.038528567660921429e-14 1.341360685668257723e-16 5.382598230686231545e+03
1.073070035977650835e-14 1.340386298316522806e-16 5.383334798654022961e+03
1.078833095149535975e-14 1.336494139550424959e-16 5.384071384552587006e+03
1.107270371683971550e-14 1.332648765465614644e-16 5.384807989307081698e+03
1.085033490647806466e-14 1.337220403479386483e-16 5.385544612741316087e+03
1.072862723416524855e-14 1.342508786482603397e-16 5.386281252980988029e+03
1.120232992952574072e-14 1.346961544341852034e-16 5.387017912767521921e+03
1.071298616932805426e-14 1.346674076003372405e-16 5.387754593731775458e+03
1.101056921876621711e-14 1.346870808473682866e-16 5.388491290447508618e+03
1.117086327291125059e-14 1.346511374587828028e-16 5.389228006425548301e+03
1.096853023290133173e-14 1.346823611949187687e-16 5.389964742306568041e+03
1.104967858206251192e-14 1.347377814200548454e-16 5.390701494564581481e+03
1.088650505186761042e-14 1.344619283193902342e-16 5.391438265263692301e+03
1.089368965529907510e-14 1.342580548513019544e-16 5.392175055749437888e+03
1.094037648077694944e-14 1.333553329903374141e-16 5.392911863683522824e+03
1.102012058733241042e-14 1.334458234712767971e-16 5.393648688456582022e+03
1.108412379703046806e-14 1.324890936349741450e-16 5.394385535726907619e+03
1.080589208887583828e-14 1.325386562602262755e-16 5.395122399046764258e+03
1.091559900194314220e-14 1.322697362468317135e-16 5.395859278672249275e+03
1.099384617933642367e-14 1.324658389120893414e-16 5.396596178760423754e+03
1.075629674408823443e-14 1.329330432484047575e-16 5.397333096077196387e+03
1.073940805339803202e-14 1.334203344981531391e-16 5.398070032499852459e+03
1.047842259605682976e-14 1.333211939927031865e-16 5.398806986999141373e+03
1.039329013746995711e-14 1.334106979986107321e-16 5.399543958623420622e+03
1.044066600483915761e-14 1.334292903820911006e-16 5.400280950570733694e+03
1.075230177177988683e-14 1.326788665747519223e-16 5.401017957369284886e+03
1.015991493527727175e-14 1.326021906489357410e-16 5.401754983898287719e+03
1.004835653690645009e-14 1.329220292817476459e-16 5.402492031520493583e+03
1.037167493765666410e-14 1.329111571074666719e-16 5.403229094277447075e+03
1.029048959233738991e-14 1.328706728595847455e-16 5.403966173798629825e+03
1.039443972652123641e-14 1.327009717213124069e-16 5.404703272757740706e+03
1.048975232888318761e-14 1.328011757803615392e-16 5.405440390503037634e+03
1.042499358461119330e-14 1.328807198472711746e-16 5.406177525120498103e+03
1.036288118086148173e-14 1.330717097948720044e-16 5.406914677472574112e+03
1.017124384916326242e-14 1.330067190977017739e-16 5.407651848147310375e+03
1.072166535997810495e-14 1.331161072680628316e-16 5.408389037054946130e+03
1.050891266346058224e-14 1.327333188811306308e-16 5.409126243790659828e+03
1.077069292260590355e-14 1.322167548525109160e-16 5.409863468495614143e+03
1.027578900415249819e-14 1.322624977244394300e-16 5.410600710819930100e+03
1.050189197152011562e-14 1.323517185181552168e-16 5.411337970501072050e+03
1.016039070266161836e-14 1.331515365937184540e-16 5.412075247899218084e+03
1.052906957736860516e-14 1.335703837547798798e-16 5.412812543613012167e+03
1.088617672835911283e-14 1.333822887757722505e-16 5.413549857650621561e+03
1.077250082238604280e-14 1.335419296423849652e-16 5.414287189289175330e+03
1.067466964737060712e-14 1.336385481573079742e-16 5.415024538381760067e+03
1.114594840341352015e-14 1.339051373709892966e-16 5.415761904657517334e+03
1.059301161352731683e-14 1.340139757110069717e-16 5.416499288338241968e+03
1.097802555396775878e-14 1.343868853189733130e-16 5.417236690348187039e+03
1.061284502991816730e-14 1.338583826571454953e-16 5.417974109969355595e+03
1.037800073307146867e-14 1.338960489513448026e-16 5.418711546971331700e+03
1.086822486268141043e-14 1.337584619639314049e-16 5.419449001585393489e+03
1.039826236780619266e-14 1.339751727854513314e-16 5.420186473397314330e+03
1.088619294544164985e-14 1.337897317719343856e-16 5.420923963961226036e+03
1.067225559365164778e-14 1.337091123638111957e-16 5.421661470969710535e+03
1.059467943052658568e-14 1.338831872127744736e-16 5.422398994296654564e+03
1.028737711104123966e-14 1.339696621732349024e-16 5.423136538136976014e+03
1.096119628133973883e-14 1.344687743462424629e-16 5.423874098435814631e+03
1.050544689738024827e-14 1.356391890644046250e-16 5.424611673474395502e+03
1.052990974357594987e-14 1.351111657442148320e-16 5.425349267048158254e+03
1.019171484378738670e-14 1.348764283400116935e-16 5.426086879463309742e+03
1.017851090071945736e-14 1.349348772960663313e-16 5.426824508543484626e+03
1.061279691560626541e-14 1.350977977794440838e-16 5.427562154518030184e+03
1.042115209675885666e-14 1.352403358707225972e-16 5.428299818599585706e+03
1.053782209941045204e-14 1.350455398221988228e-16 5.429037500128122701e+03
1.057380851071990027e-14 1.351169513143825586e-16 5.429775198354092936e+03
1.027724504773085779e-14 1.354631184040829565e-16 5.430512914109882331e+03
9.802348305886091888e-15 1.356643562590910294e-16 5.431250646142943879e+03
1.031089907294500841e-14 1.357747849299712019e-16 5.431988394182784759e+03
1.032038102614606707e-14 1.357260673556448704e-16 5.432726162392587867e+03
1.006357846600438600e-14 1.356832033084282382e-16 5.433463946858009876e+03
1.016806340531591511e-14 1.357814477631863772e-16 5.434201748830850192e+03
1.062560076670664258e-14 1.355378758385172020e-16 5.434939569205894259e+03
1.011140562675967017e-14 1.356710601749565546e-16 5.435677402748880013e+03
1.019046979359506411e-14 1.356056540298982446e-16 5.436415254799687318e+03
1.024302585107826742e-14 1.355580992740038885e-16 5.437153126063656600e+03
1.006893050993160262e-14 1.351409814228050436e-16 5.437891011316821277e+03
1.038071960491435935e-14 1.347274025122294852e-16 5.438628913666039807e+03
1.048740846308948147e-14 1.339850779379778749e-16 5.439366834857106369e+03
1.048293987365077325e-14 1.341028015414606490e-16 5.440104772746864001e+03
9.913342955000085726e-15 1.341500604894077128e-16 5.440842726572346692e+03
9.954169410452253857e-15 1.335158226855164299e-16 5.441580698629917606e+03
1.057635791327814475e-14 1.332347187551277299e-16 5.442318688307019329e+03
1.039925706805692971e-14 1.336083053697808175e-16 5.443056693422091485e+03
9.978837338842939787e-15 1.335601893950160491e-16 5.443794714602535350e+03
9.997143283658637460e-15 1.338236810077404226e-16 5.444532753926057921e+03
1.025536349308024824e-14 1.335767621022290265e-16 5.445270808557075725e+03
1.012589888776426577e-14 1.330668715511599835e-16 5.446008879805182914e+03
1.028584223401503883e-14 1.328998495273670072e-16 5.446746970951351614e+03
1.048471965623260125e-14 1.327660503413577221e-16 5.447485077030565662e+03
1.051286308005526409e-14 1.323777258933710063e-16 5.448223198251284884e+03
1.027239776508557232e-14 1.326607239803533875e-16 5.448961337118561460e+03
1.041299517522873759e-14 1.334423092477466122e-16 5.449699492128112979e+03
1.064653531317870209e-14 1.344426205427722138e-16 5.450437664377865076e+03
1.039716431712117315e-14 1.348419691080436306e-16 5.451175854103807069e+03
1.036063294894572285e-14 1.346250310223930817e-16 5.451914060845519089e+03
1.081967212366922771e-14 1.349181836810184900e-16 5.452652282294566248e+03
1.071856549771059645e-14 1.351410653978218578e-16 5.453390520943938100e+03
1.057781802164149090e-14 1.355199192789780470e-16 5.454128777539051953e+03
1.085497557793560577e-14 1.378397280926078547e-16 5.454867048316938963e+03
1.053378124842369767e-14 1.357954519874081807e-16 5.455605336339651330e+03
1.067501600452792709e-14 1.355356277308201367e-16 5.456343641842455327e+03
1.025685366666468223e-14 1.356652763990724072e-16 5.457081963108852506e+03
1.052866877987146476e-14 1.358359676250097431e-16 5.457820300082079484e+03
1.071037891597747095e-14 1.357277200015940216e-16 5.458558653973595938e+03
1.036292677492861158e-14 1.354481398795968026e-16 5.459297024497971506e+03
1.056431039310556060e-14 1.348183586586448430e-16 5.460035410987449723e+03
1.035146884083249317e-14 1.348262066824106357e-16 5.460773814206438146e+03
1.061979099917414582e-14 1.345281497073769053e-16 5.461512233654782904e+03
1.081407473895806005e-14 1.345831936715152440e-16 5.462250669072003802e+03
1.025193760544611300e-14 1.348029302648236690e-16 5.462989120782201098e+03
1.055249595887894359e-14 1.347829728984111683e-16 5.463727588944657327e+03
1.025942448130937633e-14 1.346414651363699284e-16 5.464466073511122886e+03
1.078072053924308055e-14 1.344001578473574421e-16 5.465204574332285119e+03
1.054751940562463660e-14 1.346633329130057796e-16 5.465943091186698439e+03
1.012345972210949204e-14 1.347403292060211241e-16 5.466681623975649927e+03
1.040157617920651676e-14 1.349134496529810761e-16 5.467420172890127105e+03
1.076539846469018951e-14 1.346341269144945944e-16 5.468158738191872544e+03
1.021903100055057180e-14 1.348534246448343710e-16 5.468897319744632114e+03
1.055683664249632627e-14 1.348558073411644609e-16 5.469635916600432211e+03
1.073505035615293669e-14 1.352933793857856351e-16 5.470374529135826378e+03
1.063328334158757950e-14 1.350371059827058464e-16 5.471113159560132772e+03
1.049637068507471980e-14 1.349831777923465722e-16 5.471851804886169703e+03
1.052667199840259607e-14 1.344974718239179067e-16 5.472590465722521003e+03
1.045656242376440560e-14 1.346496748323010775e-16 5.473329143854696667e+03
9.981559203614570700e-15 1.344886942224445370e-16 5.474067836011692634e+03
1.100364671049442512e-14 1.349285206413118445e-16 5.474806544687093265e+03
1.096614757496772747e-14 1.350756820945725121e-16 5.475545269998459844e+03
1.056079645239445770e-14 1.347472957246312975e-16 5.476284010518079413e+03
1.077049522871252246e-14 1.341914028420332130e-16 5.477022767155828660e+03
1.053386746006157354e-14 1.344902323510355987e-16 5.477761540479041287e+03
1.042731716041665396e-14 1.350646004764607748e-16 5.478500328668329530e+03
1.064611553322199936e-14 1.351092992346202972e-16 5.479239131336954415e+03
1.082685664217978754e-14 1.347403731392259756e-16 5.479977951110873619e+03
1.080723727709776077e-14 1.346469202312274733e-16 5.480716787454401128e+03
1.069627402681072354e-14 1.347868444247600574e-16 5.481455638967727282e+03
1.036053533566197754e-14 1.349109229187250647e-16 5.482194505299307821e+03
1.064117692186115682e-14 1.353183196621751044e-16 5.482933387439868056e+03
1.070028836241319618e-14 1.352325956272874072e-16 5.483672286172879467e+03
1.081900663968641879e-14 1.354001224824860000e-16 5.484411200542304869e+03
1.015548988491227206e-14 1.356429880340264902e-16 5.485150129517471214e+03
1.003581893118563668e-14 1.357235862081997000e-16 5.485889074121490012e+03
1.046576768819381784e-14 1.355047279400363945e-16 5.486628034295819816e+03
1.058596039993720872e-14 1.353314246606417878e-16 5.487367009603739461e+03
1.060860640184747920e-14 1.355588516911318195e-16 5.488106001823909537e+03
1.058129951266273242e-14 1.357098763486942034e-16 5.488845008599682842e+03
1.072714305643536678e-14 1.359858266020898512e-16 5.489584030725842240e+03
1.039202566515305732e-14 1.359787424095101081e-16 5.490323069997794846e+03
1.074679434591681143e-14 1.359621676798084915e-16 5.491062123117483679e+03
1.075045525326695387e-14 1.359758935706351355e-16 5.491801192077756241e+03
1.069127572097465543e-14 1.360850604721404359e-16 5.492540276558769619e+03
1.089806820012855468e-14 1.357659427627995700e-16 5.493279375188167251e+03
1.048915085834215310e-14 1.358302300366870249e-16 5.494018489777128707e+03
1.058004105862523755e-14 1.359355018338516272e-16 5.494757619938991411e+03
1.052904071405321256e-14 1.359173786023403515e-16 5.495496765669330671e+03
1.079289392658358248e-14 1.359348096809805515e-16 5.496235926792748614e+03
1.056864085957832026e-14 1.359283139129136361e-16 5.496975102296320074e+03
1.056568102086849874e-14 1.360788002018049211e-16 5.497714293554346114e+03
1.056466228662952982e-14 1.361575766476614743e-16 5.498453500112704205e+03
1.052000721366319635e-14 1.361607551512981869e-16 5.499192721180075750e+03
1.069000124272247212e-14 1.353259883692981228e-16 5.499931957491669891e+03
1.038814767731980348e-14 1.353321354039501127e-16 5.500671209424932385e+03
1.054538523821186929e-14 1.357304622643712700e-16 5.501410476543484037e+03
1.036026822770335784e-14 1.348390004134562942e-16 5.502149758431727605e+03
1.046838521915481341e-14 1.359904515791184244e-16 5.502889055085551263e+03
1.038728904142918028e-14 1.352973599339292079e-16 5.503628366833939253e+03
1.068845317938979931e-14 1.350307516148727071e-16 5.504367693886702909e+03
1.019495906214791252e-14 1.349529280016734740e-16 5.505107036112071910e+03
1.030279814148146386e-14 1.351135766387234014e-16 5.505846393232639457e+03
1.016792990520468767e-14 1.354875553106152930e-16 5.506585765142410310e+03
1.035696049933345758e-14 1.361009192074473882e-16 5.507325151933919187e+03
1.078188361802926229e-14 1.360255985025067409e-16 5.508064553688365777e+03
1.052886416529321379e-14 1.361300356727963908e-16 5.508803970313556420e+03
9.986943810887208030e-15 1.362596194182765778e-16 5.509543401723609350e+03
1.036876942041942785e-14 1.363746487017563598e-16 5.510282847910471901e+03
1.047937958544152740e-14 1.366368669293980580e-16 5.511022309001735266e+03
9.881560654834598213e-15 1.366369457118632200e-16 5.511761785045151555e+03
1.067798056524699068e-14 1.365174562182437013e-16 5.512501276003019484e+03
1.031753301978338953e-14 1.360733014317603639e-16 5.513240781793017049e+03
1.086898164500981487e-14 1.360143902360936579e-16 5.513980302412655874e+03
1.051685560942976270e-14 1.359438919776427950e-16 5.514719837626922526e+03
1.002793870784907730e-14 1.366382901227436752e-16 5.515459387011645958e+03
1.036508625853027685e-14 1.366546743890194224e-16 5.516198950221827545e+03
1.027069007610569549e-14 1.361882234819143477e-16 5.516938528039834637e+03
1.067737350983708400e-14 1.361060855617675443e-16 5.517678121972992813e+03
1.096087695926252361e-14 1.357862259798373490e-16 5.518417730500707876e+03
1.081874073435646958e-14 1.353997148555390019e-16 5.519157352992591768e+03
1.078010432564667996e-14 1.355550773336323921e-16 5.519896991356299623e+03
1.009488109581122695e-14 1.354706556077706770e-16 5.520636643118578831e+03
1.052229773958684221e-14 1.357746169428660413e-16 5.521376308120634349e+03
1.078743541954767195e-14 1.354220718486620902e-16 5.522115988673266656e+03
1.040390146161958334e-14 1.355587039281632884e-16 5.522855685051035834e+03
1.042375630032999025e-14 1.356461573855879254e-16 5.523595394576535909e+03
1.049205058034744241e-14 1.353330682766169823e-16 5.524335118204500759e+03
1.092506503909914526e-14 1.352347227518497291e-16 5.525074857574536509e+03
1.047883234724310497e-14 1.354041941289669551e-16 5.525814608310103722e+03
1.003963787085621658e-14 1.362299878946116186e-16 5.526554376024469093e+03
1.041400068706256508e-14 1.348786502125316324e-16 5.527294160263099002e+03
1.086985138809914208e-14 1.353794890407716263e-16 5.528033954008894398e+03
1.081810655767475518e-14 1.356844222033226865e-16 5.528773763417939335e+03
1.059916646750001821e-14 1.362257777671501298e-16 5.529513589022966698e+03
1.054109248959318504e-14 1.366066071818815449e-16 5.530253427271871260e+03
1.060867156664614148e-14 1.373865690090123724e-16 5.530993279663856811e+03
1.053658819143526835e-14 1.378735349567004746e-16 5.531733148100355720e+03
1.038295713415386220e-14 1.386077129374931524e-16 5.532473030022434614e+03
1.022055345355240569e-14 1.391944017851117857e-16 5.533212923578230402e+03
1.078630481478797873e-14 1.401566329455795119e-16 5.533952833804317379e+03
1.036268843882585140e-14 1.401480613363919280e-16 5.534692757832010102e+03
1.057661867519248652e-14 1.401476630746070439e-16 5.535432694322130374e+03
1.081418632199036448e-14 1.403156321614210254e-16 5.536172646749204432e+03
1.065738476803398149e-14 1.406237368742071681e-16 5.536912612060765241e+03
1.055277823863793678e-14 1.405474647122760000e-16 5.537652591502424002e+03
1.013236935113655877e-14 1.408983714722626736e-16 5.538392586941719856e+03
1.069565822636520688e-14 1.408942027100245676e-16 5.539132594066758429e+03
1.061626968773215200e-14 1.404882162048710098e-16 5.539872615133657746e+03
1.040489637488832864e-14 1.403941171446902421e-16 5.540612651537117017e+03
1.046431679823633361e-14 1.403790803874576305e-16 5.541352700639776231e+03
1.028454057492226128e-14 1.402500313975622555e-16 5.542092763811848272e+03
1.031308121062407390e-14 1.404105342194120518e-16 5.542832842028898085e+03
1.046419936367003340e-14 1.402092871646236941e-16 5.543572933882691359e+03
1.057645658933504835e-14 1.405415223465517470e-16 5.544313037970166988e+03
1.017470243845323132e-14 1.402239837632870419e-16 5.545053156317218964e+03
1.058765611563505242e-14 1.398294582823066251e-16 5.545793288829897392e+03
1.043254583010790537e-14 1.391835752733995893e-16 5.546533433963106290e+03
1.057833236089478089e-14 1.386845215252178831e-16 5.547273593834318490e+03
1.027739298394602168e-14 1.385768631454227937e-16 5.548013767415830443e+03
1.042554277287827309e-14 1.386928810249562906e-16 5.548753954595336836e+03
1.080884451336987486e-14 1.397716646802224843e-16 5.549494156643662791e+03
1.029062339513019690e-14 1.394828896375757276e-16 5.550234370744453372e+03
1.084642928919180564e-14 1.395548926572398245e-16 5.550974598671915373e+03
1.080039124970074969e-14 1.402223033735830560e-16 5.551714841640598934e+03
1.094005760865952274e-14 1.397578223366763086e-16 5.552455096735318875e+03
1.070144243154388615e-14 1.406390450056247044e-16 5.553195366049587392e+03
1.061304621332427628e-14 1.412866785626651142e-16 5.553935649642231510e+03
1.084755723469369754e-14 1.413527616166950549e-16 5.554675945468737154e+03
1.087748271709303859e-14 1.412916399563080265e-16 5.555416253693643739e+03
1.120165417425787924e-14 1.415137540770644386e-16 5.556156576859571032e+03
1.087937019166153185e-14 1.419194438481485930e-16 5.556896914598519288e+03
1.057287858921985147e-14 1.422047506160308299e-16 5.557637263672922927e+03
1.059387309789061961e-14 1.422897951053359096e-16 5.558377626860748933e+03
1.069651183900964470e-14 1.422200260284650714e-16 5.559118004318739622e+03
1.069418466079793015e-14 1.420376961181804131e-16 5.559858394417429736e+03
1.091466281785835232e-14 1.423385036624735010e-16 5.560598796897140346e+03
1.030993186871874192e-14 1.427927258113548316e-16 5.561339213538565673e+03
1.024041841760470388e-14 1.430020048780008766e-16 5.562079643564337857e+03
1.037015404063186335e-14 1.440619719045919799e-16 5.562820086532358800e+03
9.552502327066857469e-15 1.491826863873696987e-16 5.563560540884463990e+03
1.068259889649702438e-14 1.690419914017562962e-16 5.564301008714021009e+03
1.444366872929913190e-14 2.118485983834794579e-16 5.565041486029103908e+03
1.926856706486124053e-14 2.594907954766017612e-16 5.565781981944364816e+03
1.766243985778300734e-14 2.966777051643263727e-16 5.566522494929668028e+03
1.304636357895086883e-14 3.174389106836325166e-16 5.567263018189274590e+03
1.046176137476960170e-14 3.247227091804270971e-16 5.568003553975352588e+03
1.090964437676728776e-14 3.252392520279141509e-16 5.568744102440266033e+03
1.056944805412521968e-14 3.275539282210010692e-16 5.569484664339770461e+03
1.052497554748983287e-14 3.266775061913108890e-16 5.570225238409500889e+03
9.905901797251802635e-15 3.266220127774276413e-16 5.570965826346762697e+03
1.088383536414644916e-14 3.276941534325508322e-16 5.571706426679240394e+03
9.597196709031945821e-15 3.275755907972469851e-16 5.572447040299159198e+03
9.570427112796260380e-15 3.272961594307030608e-16 5.573187666917179740e+03
1.065214784116972506e-14 3.284934624184460380e-16 5.573928305815786189e+03
9.533245837654606883e-15 3.279550743533971503e-16 5.574668958023424238e+03
1.089609523031560330e-14 3.277844304571474234e-16 5.575409623829982593e+03
1.103440855759198752e-14 3.275305209744563823e-16 5.576150301809486336e+03
1.023322473507224092e-14 3.277522602713656747e-16 5.576890992565680790e+03
9.682538854647271064e-15 3.229435791567899547e-16 5.577631696657296743e+03
7.094908508938207640e-15 3.074080918475182043e-16 5.578372414574210779e+03
5.960621966735667396e-15 2.713577595735320272e-16 5.579113146268393393e+03
9.388343779891316991e-15 2.228835756633627811e-16 5.579853891716431463e+03
1.244937259167892568e-14 1.767417513514306690e-16 5.580594644791965038e+03
1.204201762762813470e-14 1.494984488661014881e-16 5.581335410052261068e+03
1.078809642468893653e-14 1.424731241399691783e-16 5.582076190975358259e+03
1.066560646200522843e-14 1.408434554528395689e-16 5.582816984061133553e+03
1.061221065234901756e-14 1.402067463202880081e-16 5.583557789683298324e+03
1.028086424091286866e-14 1.396174857445022931e-16 5.584298607910721330e+03
1.070255503582413661e-14 1.398990528547189120e-16 5.585039437813913537e+03
1.071761044661194037e-14 1.393288350081316036e-16 5.585780281567676866e+03
1.054631597231192145e-14 1.393920511348389626e-16 5.586521138263997273e+03
1.075102518578186920e-14 1.394369129903051484e-16 5.587262006210643449e+03
1.103745774078795026e-14 1.394780737148703743e-16 5.588002886294516429e+03
1.048820825546159053e-14 1.393921203588913527e-16 5.588743779297794390e+03
1.021746504196749804e-14 1.395132238822365902e-16 5.589484685549773531e+03
1.043325871837378187e-14 1.392251020976939452e-16 5.590225604653076516e+03
1.086024701035898088e-14 1.385688662456751031e-16 5.590966535590679996e+03
1.066800247971050554e-14 1.377722354241762627e-16 5.591707478069443823e+03
1.044559431581252773e-14 1.375889304612377305e-16 5.592448432736219729e+03
1.076240317623352615e-14 1.382285997201427788e-16 5.593189400255143482e+03
1.089456037304887562e-14 1.393979206016207382e-16 5.593930380311844601e+03
1.078852159587934575e-14 1.407380041510606655e-16 5.594671372985507332e+03
1.073826544441472288e-14 1.403914733356738397e-16 5.595412378321683718e+03
1.075989065560363131e-14 1.405937577777090861e-16 5.596153395577165611e+03
1.045935831181637662e-14 1.409469960071646282e-16 5.596894424740215982e+03
1.027918309982968508e-14 1.410061588905956953e-16 5.597635465819106685e+03
1.040196834879432313e-14 1.403563510562442672e-16 5.598376518991452031e+03
1.012350260646656504e-14 1.401076176515453645e-16 5.599117584520319724e+03
1.056249214906535345e-14 1.396751412922169720e-16 5.599858662566097337e+03
1.019017255690404203e-14 1.397866474981747599e-16 5.600599753067585880e+03
1.012808113163819439e-14 1.398066918636075685e-16 5.601340855632656712e+03
9.962943915631838358e-15 1.401695792397845024e-16 5.602081969524293527e+03
1.010445571560406954e-14 1.397425239905405696e-16 5.602823095045532682e+03
1.035869502438169574e-14 1.394291086644026431e-16 5.603564233258332024e+03
1.024264119731765372e-14 1.393920070713042809e-16 5.604305384861267157e+03
1.051978833960732003e-14 1.397000379713490503e-16 5.605046547693102184e+03
1.024464912429192702e-14 1.399959240727030296e-16 5.605787721412185419e+03
1.003367083559494967e-14 1.398732630842355852e-16 5.606528907226356750e+03
1.026345190464488915e-14 1.389235611483037469e-16 5.607270105898602196e+03
1.046285315578882800e-14 1.380176123318279041e-16 5.608011316793985316e+03
1.066643406908078467e-14 1.373787166234264495e-16 5.608752538863484006e+03
1.017832713548743360e-14 1.366231030684007563e-16 5.609493771431772984e+03
1.055648722070857320e-14 1.360081829059828987e-16 5.610235018126521027e+03
1.029215709705464356e-14 1.362764198022383360e-16 5.610976275668666858e+03
1.025234428356282528e-14 1.382946656525227387e-16 5.611717545129676182e+03
1.021945001110892942e-14 1.369990959296554416e-16 5.612458825603703190e+03
9.975945474031470450e-15 1.384933320992864672e-16 5.613200118627151824e+03
1.022323969726207531e-14 1.392573600172061665e-16 5.613941423802954887e+03
1.050559169007789930e-14 1.404555097599519077e-16 5.614682740191291487e+03
1.044760752068680659e-14 1.397080318337990676e-16 5.615424068159247327e+03
9.820549969302997023e-15 1.395180623131502589e-16 5.616165408071996353e+03
1.033159085954232594e-14 1.394993679218524550e-16 5.616906759589333888e+03
1.048392927798364557e-14 1.382460420810158580e-16 5.617648122342417082e+03
1.055958313903785843e-14 1.378916462333311055e-16 5.618389496520353532e+03
1.018516489520454762e-14 1.375240495913446840e-16 5.619130882695537366e+03
1.023165819238403293e-14 1.367455486811619180e-16 5.619872281008847494e+03
1.023553050810273351e-14 1.382851540080510056e-16 5.620613690474539908e+03
1.042697226551895953e-14 1.380663269693170863e-16 5.621355110029993739e+03
9.918176275573339029e-15 1.383019404702597020e-16 5.622096541761078697e+03
1.012336175615127797e-14 1.382522272452251645e-16 5.622837986063683275e+03
1.015913988969185325e-14 1.384755293025781318e-16 5.623579441033203693e+03
1.004244640417924345e-14 1.383941597210171291e-16 5.624320907810453718e+03
9.880054722262769429e-15 1.377452992228662301e-16 5.625062386173858613e+03
9.814258692076680761e-15 1.370015125688602418e-16 5.625803875004139627e+03
1.066770488512730566e-14 1.362614318283840476e-16 5.626545376997542007e+03
1.052111254832638487e-14 1.361211306911437679e-16 5.627286887868880513e+03
9.953822770815913302e-15 1.360270142101225327e-16 5.628028410629640348e+03
1.005548082343410687e-14 1.359227273237494670e-16 5.628769945305744841e+03
9.813613203883168542e-15 1.351974797855715261e-16 5.629511490183546812e+03
9.715887285840113088e-15 1.351637945209627790e-16 5.630253048951294659e+03
1.014709682965126523e-14 1.353992451849254184e-16 5.630994617617850963e+03
9.896448479921582088e-15 1.357271215043951328e-16 5.631736196435240345e+03
1.040072982801502848e-14 1.370471362641291164e-16 5.632477786536239364e+03
1.018201634846139504e-14 1.376485775301679767e-16 5.633219389666343886e+03
1.027280491704240102e-14 1.383317812814129553e-16 5.633961003524940679e+03
1.004171477972121139e-14 1.388693930193397852e-16 5.634702626380309084e+03
9.907088277196032702e-15 1.391440789660354351e-16 5.635444260483178368e+03
9.960050069929306809e-15 1.392714288384931908e-16 5.636185907345188753e+03
1.032858316413774872e-14 1.391100765495602331e-16 5.636927565507010513e+03
1.030008442986753282e-14 1.391169519824870188e-16 5.637669232650236154e+03
1.021416701456241237e-14 1.393052493724751344e-16 5.638410911692455556e+03
1.021282606279780156e-14 1.390175260726460879e-16 5.639152603278247625e+03
1.013913762533315622e-14 1.377551325856244495e-16 5.639894305094236188e+03
1.008166917892810107e-14 1.377679178696836380e-16 5.640636016458542144e+03
9.962556669281110784e-15 1.376425640999283300e-16 5.641377738602091995e+03
1.043650241447249842e-14 1.382560555919005280e-16 5.642119473128788741e+03
1.038123134561311909e-14 1.385834907791579293e-16 5.642861218222255047e+03
1.030876512742975131e-14 1.385611581831139687e-16 5.643602973082199242e+03
1.010366184006432790e-14 1.385206067120718436e-16 5.644344740773459307e+03
1.052596923874817110e-14 1.384539125451783817e-16 5.645086517147712584e+03
1.037865018503853576e-14 1.384461527051757094e-16 5.645828304895584552e+03
1.059593805830851293e-14 1.375901005731206513e-16 5.646570105670622070e+03
1.021379546060105961e-14 1.374806483376472923e-16 5.647311914297912153e+03
9.708597610349906021e-15 1.375972766237006226e-16 5.648053734547803288e+03
1.040351001613966903e-14 1.368718613991677336e-16 5.648795565744412670e+03
9.972890862228024889e-15 1.364037796648859883e-16 5.649537406259927593e+03
9.999358437737159126e-15 1.357989649557890023e-16 5.650279258776682582e+03
1.033020795189977177e-14 1.356392923063991622e-16 5.651021122223310158e+03
1.044764392330385871e-14 1.357424708829508223e-16 5.651762995137519283e+03
1.021051944213849720e-14 1.363978645830247384e-16 5.652504878838757577e+03
1.032508220420913355e-14 1.370684222236893045e-16 5.653246773461415614e+03
1.052990525743074316e-14 1.374153316068468511e-16 5.653988678636924305e+03
1.059106041760579344e-14 1.373891030065675863e-16 5.654730593022130051e+03
1.033762136599202403e-14 1.373843274407549789e-16 5.655472519669566282e+03
1.079823552000393734e-14 1.370990983848412556e-16 5.656214457134649820e+03
1.053123753694807856e-14 1.367205706699581462e-16 5.656956403329551904e+03
1.036419769807122354e-14 1.372682980596873419e-16 5.657698360508240512e+03
1.003029996230171046e-14 1.373758744162737983e-16 5.658440329986251527e+03
1.031776545464345188e-14 1.380078974137266779e-16 5.659182309221589094e+03
1.003190368735623888e-14 1.380456286943722338e-16 5.659924296688432150e+03
1.010670095645656436e-14 1.379197867948692789e-16 5.660666294779724922e+03
1.018413180934065088e-14 1.377805441061286112e-16 5.661408304484362816e+03
1.043692610956517245e-14 1.374955434232688058e-16 5.662150324872762212e+03
1.028174766049058541e-14 1.378516118495872821e-16 5.662892354312314637e+03
1.003166657318469201e-14 1.379319977701587194e-16 5.663634394191730280e+03
1.035803138917104658e-14 1.377534946757110476e-16 5.664376443493538318e+03
1.022033947560567402e-14 1.379499528796614105e-16 5.665118503468607742e+03
1.042493518450913310e-14 1.389007598392448501e-16 5.665860575783038257e+03
1.022133777863885537e-14 1.385702185366068749e-16 5.666602656941095120e+03
1.029269777621507989e-14 1.383543712965194941e-16 5.667344746485277938e+03
1.029236028871732382e-14 1.382625005789572663e-16 5.668086846589189008e+03
1.012493109536787269e-14 1.377694907741820393e-16 5.668828958421199786e+03
1.024867138189749436e-14 1.392434688976003494e-16 5.669571080086193433e+03
1.014582770365163699e-14 1.395930485326501686e-16 5.670313210644231731e+03
1.036626702023825262e-14 1.398082062116872449e-16 5.671055351084868562e+03
1.012992781416644353e-14 1.389351215104270563e-16 5.671797502875256214e+03
1.018596791503701465e-14 1.389818698821055520e-16 5.672539664676686698e+03
1.004670334970140897e-14 1.399616922500164639e-16 5.673281835359392971e+03
1.045506913643151025e-14 1.400817996154516540e-16 5.674024015852057346e+03
1.040389833873116970e-14 1.402710964858814993e-16 5.674766205957286729e+03
1.000706779885057673e-14 1.401185867265564246e-16 5.675508407639481447e+03
1.035078686834494940e-14 1.402058411713680448e-16 5.676250619435009867e+03
1.057619547680268146e-14 1.399375466026046383e-16 5.676992839856600767e+03
1.055894014411220206e-14 1.399735699103226204e-16 5.677735069895969900e+03
1.031874249421856904e-14 1.398545734988152833e-16 5.678477310433348975e+03
1.056571330279220439e-14 1.401168216134818886e-16 5.679219561387450995e+03
1.037518234413649498e-14 1.405367914627412147e-16 5.679961820441239070e+03
1.038944230368876708e-14 1.400533159789642276e-16 5.680704088956023043e+03
1.022083419945445151e-14 1.402738851328284240e-16 5.681446368161037753e+03
1.048885966162283979e-14 1.401625223192128100e-16 5.682188657747777143e+03
1.036318132182661794e-14 1.396452248766329599e-16 5.682930957432876312e+03
9.795318770959606898e-15 1.389832074628522999e-16 5.683673264959617882e+03
9.890065186380635438e-15 1.395145848454024524e-16 5.684415581695378023e+03
1.014526718796991674e-14 1.399319273176049418e-16 5.685157909485378696e+03
1.051458312389409904e-14 1.404958166683948431e-16 5.685900246505862015e+03
1.048812489893791202e-14 1.403858584166110921e-16 5.686642592418918866e+03
1.025736913454918633e-14 1.406316682866607475e-16 5.687384947995351467e+03
1.012397295662502878e-14 1.406048379680385940e-16 5.688127313894468898e+03
9.889456136525991740e-15 1.407628201785968060e-16 5.688869689367795218e+03
1.032516847551798814e-14 1.407513891969914568e-16 5.689612074206435864e+03
1.025313704905600381e-14 1.405896681962003847e-16 5.690354468182376877e+03
1.053848023482869567e-14 1.405068692666817172e-16 5.691096871312238363e+03
1.011387244401815370e-14 1.403219958936967883e-16 5.691839284203362695e+03
1.028817973127496559e-14 1.405396649506150375e-16 5.692581706746907912e+03
1.001310593077239803e-14 1.405242085022683106e-16 5.693324138425638921e+03
9.911514355431901354e-15 1.403157298039546396e-16 5.694066578981886778e+03
1.027533437395563303e-14 1.402307774533615038e-16 5.694809028655108705e+03
1.012588639909550235e-14 1.401233416396364088e-16 5.695551487991750037e+03
9.823240962705795741e-15 1.402415258334734630e-16 5.696293957048639641e+03
1.018850785420316683e-14 1.401373525117883959e-16 5.697036435278866520e+03
1.043268209856993497e-14 1.398888150658409517e-16 5.697778922170851729e+03
9.922709061329877531e-15 1.393229995970170538e-16 5.698521418350765089e+03
1.019167319351191135e-14 1.387568642595993458e-16 5.699263924476195825e+03
9.921440505467559887e-15 1.386184941128352888e-16 5.700006439526985559e+03
1.036181869860813407e-14 1.384301387796888421e-16 5.700748962062607461e+03
1.002294341359870111e-14 1.385374903232512740e-16 5.701491494283964130e+03
9.994791766158553987e-15 1.392139934231451660e-16 5.702234037095727217e+03
1.034420177688073119e-14 1.391240897309655543e-16 5.702976589157198759e+03
1.051381356105125231e-14 1.387847774479437706e-16 5.703719149128147365e+03
9.882222679229267302e-15 1.384106145125283612e-16 5.704461717430742283e+03
1.006026020054191497e-14 1.382010891950617233e-16 5.705204295657054899e+03
1.051862178753149428e-14 1.382331278429110403e-16 5.705946883336622705e+03
1.024314085018826015e-14 1.382555648546559400e-16 5.706689479863667657e+03
1.024666689709840026e-14 1.385276031250639889e-16 5.707432085265470960e+03
1.056103179288189035e-14 1.388521308993114300e-16 5.708174698935617926e+03
1.008990437822547724e-14 1.387750976143344221e-16 5.708917322046980189e+03
1.040202519015110947e-14 1.401270227372517314e-16 5.709659954135723638e+03
1.061553061229261107e-14 1.399705164976815331e-16 5.710402594053472058e+03
1.055593953557043261e-14 1.401852798921151637e-16 5.711145242305403372e+03
1.006426573283982405e-14 1.394087479777133432e-16 5.711887900533352877e+03
1.060651760100299312e-14 1.392177872359552646e-16 5.712630567904123382e+03
1.047635324427349474e-14 1.392333414892169530e-16 5.713373242855596800e+03
1.052923276140527958e-14 1.392762468550644519e-16 5.714115928869001436e+03
1.012206686435986757e-14 1.393826027440134466e-16 5.714858621798961394e+03
1.028316118612688408e-14 1.394900049597464482e-16 5.715601321449161333e+03
1.026640292501531179e-14 1.391462996157544355e-16 5.716344032510402940e+03
1.083902487864561721e-14 1.393884951215496188e-16 5.717086752421695564e+03
1.021288397647284954e-14 1.395784119895429555e-16 5.717829480290328320e+03
1.010898723790285106e-14 1.400484843466897341e-16 5.718572216655427837e+03
1.031674628896548400e-14 1.401765778975280056e-16 5.719314961978026986e+03
1.067136066822448531e-14 1.399342756490414060e-16 5.720057715274093425e+03
1.032904260517886773e-14 1.396180758188168531e-16 5.720800477737203437e+03
1.024866632855310842e-14 1.393724740754356257e-16 5.721543247597530353e+03
1.023139205375940935e-14 1.390422963373013805e-16 5.722286025848050485e+03
1.001120531634432438e-14 1.386123409141853350e-16 5.723028814052098824e+03
1.039152247705461193e-14 1.387193821872204491e-16 5.723771610551582853e+03
1.013899705542134147e-14 1.382840269699002286e-16 5.724514414762455999e+03
1.000974474612641681e-14 1.378178105605292468e-16 5.725257227260273794e+03
9.779723970259774619e-15 1.379959002895514176e-16 5.726000048556645197e+03
9.926009820272806024e-15 1.376017757684456124e-16 5.726742877879510161e+03
9.967227986079551828e-15 1.373711822309898877e-16 5.727485714482484582e+03
1.021619375572538065e-14 1.377038764848053767e-16 5.728228560829918933e+03
1.006740705717967215e-14 1.375632496842309777e-16 5.728971416822429092e+03
1.035351076896861677e-14 1.376773004046255122e-16 5.729714279105031892e+03
1.031015704826750291e-14 1.379960444654568028e-16 5.730457149383759315e+03
1.055089860284897647e-14 1.382434985063005682e-16 5.731200028591425507e+03
1.003220558571212898e-14 1.401581017478183808e-16 5.731942916034074187e+03
1.066214968964282741e-14 1.501098117429283373e-16 5.732685811830864623e+03
1.023332622426911649e-14 1.436927176302426144e-16 5.733428715545068371e+03
1.006491345902269665e-14 1.372858996994794268e-16 5.734171627250168967e+03
1.015287142655045186e-14 1.372017253152317769e-16 5.734914547699492687e+03
9.932638021075420916e-15 1.373591233096740760e-16 5.735657475158728630e+03
9.872123090848004376e-15 1.370004368431626613e-16 5.736400410890060812e+03
1.004905491611057985e-14 1.369979449135525128e-16 5.737143355441667154e+03
9.903367426765093141e-15 1.358892930060580469e-16 5.737886307902715998e+03
9.236811591237251037e-15 1.353827902834502301e-16 5.738629268593168490e+03
9.325717015920302635e-15 1.350861631908476916e-16 5.739372236442465692e+03
9.316368015823610152e-15 1.340562666759607643e-16 5.740115211916521730e+03
9.756050362224493457e-15 1.337795506812140887e-16 5.740858196002223849e+03
9.583595225342288954e-15 1.337856248612596548e-16 5.741601188721491781e+03
9.241676365089886546e-15 1.341756625547087463e-16 5.742344188014620158e+03
9.583647762753831227e-15 1.346765013198479535e-16 5.743087194785244719e+03
9.430659682592331187e-15 1.349145935240253884e-16 5.743830210467582219e+03
9.495172560360377260e-15 1.354191212317785703e-16 5.744573234412966485e+03
9.706208682046912455e-15 1.358592950040443977e-16 5.745316265547708099e+03
1.036668332409418658e-14 1.361118058427441749e-16 5.746059303866264599e+03
9.791318797636586273e-15 1.360039480881157437e-16 5.746802350062658661e+03
9.675713513606853257e-15 1.356720642582813649e-16 5.747545404880648675e+03
9.977695795827637726e-15 1.352117427581204542e-16 5.748288467455615319e+03
9.845941491902370153e-15 1.353821865357064810e-16 5.749031537738590487e+03
1.048462352702843090e-14 1.349495148394257528e-16 5.749774615363497105e+03
9.984054998531078756e-15 1.346679284699185894e-16 5.750517701091029267e+03
1.015461744669207251e-14 1.348839638951545342e-16 5.751260792965354085e+03
9.911385066013802635e-15 1.355485727707835210e-16 5.752003893253659953e+03
9.880884602999867330e-15 1.357638263554589811e-16 5.752747002415097995e+03
1.003153203983121804e-14 1.357664078368103178e-16 5.753490117123701566e+03
1.003094093561372696e-14 1.358648371234224750e-16 5.754233239958120976e+03
9.847663390982656955e-15 1.358257478895534993e-16 5.754976370714997756e+03
1.022241172803991343e-14 1.357787540832467331e-16 5.755719508773074267e+03
1.010825537187951706e-14 1.357964445325463272e-16 5.756462653972916087e+03
1.003079762403998788e-14 1.359701118189323010e-16 5.757205807574720893e+03
1.026275756350601103e-14 1.361183370526044743e-16 5.757948968060365587e+03
1.078033805621779053e-14 1.366926970893660150e-16 5.758692135163948478e+03
1.012884074436018311e-14 1.351580241697865347e-16 5.759435310754434795e+03
9.836295719206219849e-15 1.351855184833779829e-16 5.760178493847058235e+03
1.002506572972075211e-14 1.353672556335296767e-16 5.760921682978540048e+03
1.012267234133490455e-14 1.355039104282820705e-16 5.761664878926727397e+03
1.014674177183670895e-14 1.358610824477470913e-16 5.762408084040881477e+03
1.019426616786537452e-14 1.362845603686308160e-16 5.763151296689606170e+03
1.040782981571059189e-14 1.367968979332782193e-16 5.763894515519823472e+03
1.034470564146772149e-14 1.367893979995173109e-16 5.764637741104913403e+03
1.028519454301477726e-14 1.361453209804520296e-16 5.765380975766196570e+03
1.025774026124707240e-14 1.365083718305191616e-16 5.766124216231940409e+03
1.012142563702181112e-14 1.366172352443692579e-16 5.766867462226262433e+03
1.046839968349907412e-14 1.363343690367235665e-16 5.767610717846929219e+03
1.008381805576143950e-14 1.361061286517406825e-16 5.768353980332183710e+03
1.021069462189833009e-14 1.359091901413317987e-16 5.769097249280192045e+03
9.997824104968789182e-15 1.356908441142816807e-16 5.769840525443539264e+03
1.015557721564530060e-14 1.355208587798568809e-16 5.770583807791432264e+03
1.044899786602235464e-14 1.348804635094717987e-16 5.771327097618488551e+03
1.037678126600576486e-14 1.349523890451179111e-16 5.772070395826025560e+03
9.937503741290869478e-15 1.347259452385517473e-16 5.772813699528118377e+03
1.041237739518310751e-14 1.346208230605971305e-16 5.773557009614307390e+03
1.028320337912342932e-14 1.347753805826562505e-16 5.774300328870413068e+03
1.030553185783257518e-14 1.350607940254606629e-16 5.775043653900211211e+03
1.007163372537625672e-14 1.349942890890720818e-16 5.775786985781973272e+03
1.049124819268940251e-14 1.351050113940221642e-16 5.776530324703774568e+03
1.024252283724156889e-14 1.353207425118912275e-16 5.777273670067406783e+03
1.007965760078236209e-14 1.351737797863261723e-16 5.778017022565750267e+03
1.023459399801265170e-14 1.352987127121352580e-16 5.778760381465999671e+03
1.041444344167616677e-14 1.351669753161589466e-16 5.779503747393140657e+03
1.006660140172659689e-14 1.352089703663049188e-16 5.780247120710838317e+03
1.011343658582008987e-14 1.355340691761815987e-16 5.780990499445689238e+03
1.067456765452105952e-14 1.385502687750999310e-16 5.781733885174673560e+03
9.902451269346103314e-15 1.357398593080351148e-16 5.782477278374677553e+03
1.006933701941130564e-14 1.357344967154620944e-16 5.783220677446328409e+03
1.020762291903756945e-14 1.359599257738264817e-16 5.783964083603143081e+03
1.003208176640435462e-14 1.349565378165314836e-16 5.784707496774612082e+03
1.021437310840034134e-14 1.351209449006668489e-16 5.785450917042087895e+03
1.022385331838354518e-14 1.345642182844448533e-16 5.786194342719427368e+03
9.921956639867310262e-15 1.345918523120146639e-16 5.786937774898095086e+03
9.957492359600282190e-15 1.344597358164223673e-16 5.787681214870111944e+03
1.030228962359972425e-14 1.346046173668203752e-16 5.788424660797913020e+03
1.047711608172909165e-14 1.345904472128250257e-16 5.789168112266150274e+03
9.853762969572916681e-15 1.350110488808802405e-16 5.789911570369388755e+03
9.582072089782851380e-15 1.352604952837652115e-16 5.790655035701654015e+03
1.012802404655766749e-14 1.350943250061553608e-16 5.791398507087300459e+03
1.018962045454134998e-14 1.350438418410893298e-16 5.792141985028181807e+03
1.046356182723145759e-14 1.350675934994411445e-16 5.792885469500393810e+03
9.900313224794372707e-15 1.350871000246968897e-16 5.793628959847580518e+03
9.835767290252727935e-15 1.354621393335131597e-16 5.794372456282479106e+03
9.960966601735074755e-15 1.361116562557615733e-16 5.795115960302400708e+03
9.458297711558604851e-15 1.356877996429657636e-16 5.795859470168914413e+03
9.949306334236438471e-15 1.356793479303548449e-16 5.796602984595518137e+03
1.010912494691022626e-14 1.353047475808368526e-16 5.797346507135156571e+03
9.779120100715867032e-15 1.356057018881783981e-16 5.798090035872342924e+03
9.874377259826799899e-15 1.358573051566577127e-16 5.798833569808558423e+03
9.657830333079481967e-15 1.364106262876945277e-16 5.799577109814703363e+03
1.028082366697205663e-14 1.367539742464841089e-16 5.800320657087272593e+03
1.003173883049442350e-14 1.367655786205422891e-16 5.801064211069126031e+03
1.020419649100069557e-14 1.366315569365222801e-16 5.801807770464351051e+03
1.047849699393997281e-14 1.371874722959073889e-16 5.802551335221781301e+03
1.016446479035556981e-14 1.373805719736513421e-16 5.803294906232691574e+03
1.025996008959787930e-14 1.375962266411309891e-16 5.804038483656176140e+03
1.041562090829653776e-14 1.378297769629402948e-16 5.804782066893036244e+03
1.044006924377730681e-14 1.383295467635576734e-16 5.805525655735578766e+03
1.010989103255840183e-14 1.381215957862807609e-16 5.806269250519097113e+03
1.054072100199033358e-14 1.380712286225889244e-16 5.807012851608499659e+03
1.033457145716526852e-14 1.379954968871827204e-16 5.807756459043557697e+03
9.975858370119468105e-15 1.382636013879075490e-16 5.808500072493861808e+03
1.038736097169277940e-14 1.384220875119931094e-16 5.809243691650296569e+03
1.045909614880647613e-14 1.376961328991877575e-16 5.809987316404027297e+03
1.076977459451892721e-14 1.379708673970193790e-16 5.810730946825580759e+03
1.067138416506764118e-14 1.380699890582151001e-16 5.811474582922310219e+03
1.027890596788652287e-14 1.381452233347813947e-16 5.812218224890792044e+03
1.055505140200839485e-14 1.382610501655426440e-16 5.812961872938632951e+03
1.027540121314532990e-14 1.385400031503549296e-16 5.813705527233654720e+03
1.057667631260979760e-14 1.383974547636983974e-16 5.814449187522196553e+03
1.015878896091723514e-14 1.381116999961291872e-16 5.815192853335695872e+03
1.023615771342207376e-14 1.382689404313203940e-16 5.815936524269317488e+03
1.011352255455207989e-14 1.384882784535620437e-16 5.816680200449107360e+03
1.010777645139932425e-14 1.379541161498670273e-16 5.817423882176148254e+03
1.006258809325484762e-14 1.378347309163027646e-16 5.818167569756025841e+03
1.029226810733352693e-14 1.378217523926623039e-16 5.818911263312341362e+03
1.050334529761268112e-14 1.378002474114945106e-16 5.819654962765493110e+03
9.983954126476257831e-15 1.382344489759816482e-16 5.820398667744417253e+03
9.997526945368414931e-15 1.385626637452393634e-16 5.821142378082965479e+03
1.035019233868931691e-14 1.388205347362547672e-16 5.821886093656643425e+03
9.943546628717410227e-15 1.387244166565238950e-16 5.822629814691905267e+03
1.001457441067702226e-14 1.386887488632593189e-16 5.823373541245537126e+03
9.812202480977896354e-15 1.386252478441550053e-16 5.824117273276962806e+03
1.019577687239163690e-14 1.388748255213327270e-16 5.824861010618164983e+03
9.938169806756869324e-15 1.389188480929562556e-16 5.825604753351305590e+03
1.001045401329631057e-14 1.389753670776270223e-16 5.826348501625006975e+03
1.032737466209335558e-14 1.391256298148083723e-16 5.827092255550500340e+03
1.032777600892892242e-14 1.393008562202217178e-16 5.827836014860555224e+03
1.042806018279435995e-14 1.391405533190348624e-16 5.828579779198691540e+03
1.025887627939605977e-14 1.389949093921404141e-16 5.829323548422211388e+03
1.010628164233582770e-14 1.390876043279441220e-16 5.830067322863988920e+03
1.002721608452047155e-14 1.391066298924805480e-16 5.830811102856832804e+03
1.021479155595018078e-14 1.389900512498984164e-16 5.831554888536866201e+03
1.086145235577626771e-14 1.387579255073364798e-16 5.832298679539154364e+03
1.086425529740629911e-14 1.384084510596348450e-16 5.833042475394793655e+03
1.103696493044080924e-14 1.382867348859261485e-16 5.833786276017333876e+03
1.039803752580790173e-14 1.387348244586039050e-16 5.834530081783881542e+03
1.027841719387697130e-14 1.379273121487020415e-16 5.835273892981151221e+03
1.080458972618951228e-14 1.383233322745550055e-16 5.836017709598421789e+03
1.048227987065279939e-14 1.383063209355691347e-16 5.836761531233467394e+03
1.090528915297582030e-14 1.383903994267939137e-16 5.837505357771800846e+03
1.007045508386122017e-14 1.384057774400524243e-16 5.838249189278637459e+03
1.048323706451090630e-14 1.386834150585754799e-16 5.838993025576010041e+03
1.009902962111990048e-14 1.387203911051746953e-16 5.839736865983913958e+03
1.069011750810952236e-14 1.382786509115613630e-16 5.840480711493584749e+03
1.010875281628063237e-14 1.381748393627572744e-16 5.841224563540471536e+03
1.033139644005406346e-14 1.382325191555437722e-16 5.841968419793827707e+03
1.037896214063974543e-14 1.382494674684386617e-16 5.842712280611807728e+03
1.029505023500176219e-14 1.381956500072158848e-16 5.843456146636211997e+03
1.016468147556470279e-14 1.381015175752453137e-16 5.844200017498707894e+03
1.088302730335361904e-14 1.380244246323928785e-16 5.844943893245696017e+03
1.043426167231934470e-14 1.380874061115990530e-16 5.845687773123787338e+03
1.022412765500168380e-14 1.378805113679393801e-16 5.846431658853869521e+03
1.033764978034397047e-14 1.376127581253663796e-16 5.847175549320221762e+03
1.050603319389052183e-14 1.379751468106850942e-16 5.847919443548797062e+03
1.028643012349017325e-14 1.383954752114961152e-16 5.848663342407824530e+03
1.044728255446812470e-14 1.377647588507484833e-16 5.849407246980092168e+03
1.014822443308335342e-14 1.375858823432438325e-16 5.850151156307791098e+03
1.023139556306269308e-14 1.376588112965072400e-16 5.850895069975884326e+03
1.057278297290442814e-14 1.374249233338719760e-16 5.851638987429808367e+03
1.033601176921408014e-14 1.372910021315788834e-16 5.852382910228220680e+03
9.784395596386052473e-15 1.374505760397181456e-16 5.853126837966005041e+03
1.019719478098695519e-14 1.380438409868738372e-16 5.853870769057922189e+03
1.034254459821829236e-14 1.393029065264842199e-16 5.854614704265302862e+03
1.003087606637605280e-14 1.409537939688727221e-16 5.855358645653117492e+03
1.033596987789193472e-14 1.433174497529885654e-16 5.856102592569119224e+03
1.071556721645890950e-14 1.459036602450051556e-16 5.856846542774036607e+03
1.059810808910016698e-14 1.481710522100552664e-16 5.857590496617449389e+03
1.072097688789986757e-14 1.499772954429984910e-16 5.858334454318173812e+03
1.069225510395477982e-14 1.514503343162929859e-16 5.859078417903783702e+03
1.013164054194810127e-14 1.526883102370113664e-16 5.859822385727198707e+03
1.062511584169477786e-14 1.524171795690077028e-16 5.860566356828614516e+03
1.038218514708556451e-14 1.524968126790405564e-16 5.861310333315450407e+03
1.043915782880019562e-14 1.532285553005065688e-16 5.862054314503229762e+03
1.024666077258600339e-14 1.538148562129501782e-16 5.862798299836274964e+03
1.026877044595333656e-14 1.541535346732515991e-16 5.863542288691107387e+03
1.060901646330615118e-14 1.545015997207579359e-16 5.864286281524139667e+03
1.082789942648507325e-14 1.548291618244442184e-16 5.865030279890690508e+03
1.082590946679510834e-14 1.550727098713487460e-16 5.865774281608571982e+03
1.052387489628360712e-14 1.553184040851314026e-16 5.866518286317322236e+03
1.013861868869681845e-14 1.552627519215660944e-16 5.867262296475980293e+03
1.072689599367134205e-14 1.544223718391027313e-16 5.868006312288193840e+03
1.057274641793869731e-14 1.530310711550041354e-16 5.868750329628166583e+03
1.067358045459707361e-14 1.508150941150792301e-16 5.869494351109431591e+03
1.050975007639737640e-14 1.494839341788241195e-16 5.870238379015310784e+03
1.041319645979835169e-14 1.480766278977454413e-16 5.870982409514337633e+03
1.011130905922656447e-14 1.466808621631378716e-16 5.871726443256231505e+03
1.045103496321731441e-14 1.452982927824558391e-16 5.872470480674064675e+03
1.037684844792835983e-14 1.448778521632616241e-16 5.873214523418048884e+03
1.050203686954777950e-14 1.442951405702580675e-16 5.873958569785039799e+03
1.057464954600438012e-14 1.434415845273133182e-16 5.874702619840629268e+03
1.036216971733444232e-14 1.429862412901031183e-16 5.875446675320315990e+03
1.021844949558339292e-14 1.430360754398753930e-16 5.876190732478359678e+03
1.041909348533083369e-14 1.447390275519285575e-16 5.876934794713435622e+03
1.005553423758221504e-14 1.495053266643895369e-16 5.877678861572161622e+03
1.056196471396943378e-14 1.589609522821643436e-16 5.878422929602501426e+03
1.158029311625021803e-14 1.758354887999186372e-16 5.879167003023007055e+03
1.187904679017730458e-14 1.912500351306359528e-16 5.879911083614348172e+03
1.140670584423867141e-14 2.033254171912030160e-16 5.880655165435953677e+03
1.053805051075963443e-14 2.090507028315983832e-16 5.881399251017093775e+03
1.018938078362656376e-14 2.102735389573467315e-16 5.882143339080304031e+03
1.037324578805747761e-14 2.109599440625191206e-16 5.882887430503920768e+03
1.015198749626730739e-14 2.121387483617847954e-16 5.883631527150744660e+03
1.032960181143791764e-14 2.147805624895932322e-16 5.884375625928443696e+03
1.052452577442536278e-14 2.213789682262444039e-16 5.885119729167985497e+03
1.056942154080373507e-14 2.280130351723125414e-16 5.885863836121755412e+03
1.035452354067161668e-14 2.332251925361248726e-16 5.886607947104416780e+03
9.889686586928229868e-15 2.380154310350243637e-16 5.887352061642517583e+03
9.676129191240905677e-15 2.386260257675726754e-16 5.888096179749087241e+03
9.485676491247677973e-15 2.382891451476511734e-16 5.888840300015721368e+03
1.001017335075597024e-14 2.373704304384830301e-16 5.889584424223917267e+03
1.011858642355243557e-14 2.360810324814906546e-16 5.890328553095994721e+03
9.686602819115598917e-15 2.342213941970159040e-16 5.891072684230639425e+03
9.834852244230351454e-15 2.301273282557028057e-16 5.891816819193778429e+03
9.357042756043878125e-15 2.214870937908029739e-16 5.892560958165151533e+03
9.610017636168634659e-15 2.081332221890194727e-16 5.893305100841216699e+03
1.044886732335217548e-14 1.954298699412685919e-16 5.894049243602684328e+03
1.052739453728022615e-14 1.862062338247380727e-16 5.894793391325792982e+03
9.858886334620913896e-15 1.833151106486484787e-16 5.895537542782592936e+03
9.542943853879589246e-15 1.831165557138270292e-16 5.896281696532126261e+03
9.956958850399405988e-15 1.828665940417036528e-16 5.897025855828132990e+03
1.011406824741569661e-14 1.816669238648543153e-16 5.897770017527882374e+03
9.712097655029141125e-15 1.758456077872060524e-16 5.898514181923837896e+03
9.662394011433774889e-15 1.655848308437490470e-16 5.899258351253867659e+03
1.054614846255432439e-14 1.556968449446333258e-16 5.900002520222995372e+03
1.066833855467462838e-14 1.487456562924718218e-16 5.900746692722684202e+03
1.031445859431406358e-14 1.462068647396531828e-16 5.901490869593678326e+03
1.030509048510393114e-14 1.459913504426483283e-16 5.902235051121319884e+03
1.026973268672741610e-14 1.465383827186107178e-16 5.902979235178021554e+03
1.018149409487370392e-14 1.496051665073388883e-16 5.903723421625361880e+03
1.064788108172679638e-14 1.491044306430516649e-16 5.904467611453681457e+03
1.021521682235063919e-14 1.511757099421162775e-16 5.905211804539902005e+03
1.074024175306757639e-14 1.531100123130200810e-16 5.905955999435665035e+03
1.044030944479720392e-14 1.537572962521939715e-16 5.906700198296271992e+03
1.047815725427491175e-14 1.531966567529215956e-16 5.907444401383854711e+03
1.100984472373160375e-14 1.524750292751732243e-16 5.908188605631126848e+03
1.075057106721285313e-14 1.538076853083501491e-16 5.908932812016167190e+03
1.049261931652361761e-14 1.517519593933979796e-16 5.909677022452586243e+03
1.053591770286489338e-14 1.511273697969234954e-16 5.910421235583471571e+03
1.065705404882784809e-14 1.508533074049325943e-16 5.911165451795910485e+03
1.085856799052039223e-14 1.507999289002282480e-16 5.911909671354451348e+03
1.074255316099051862e-14 1.511568255380616656e-16 5.912653893466236696e+03
1.056963444045240436e-14 1.516077203898040582e-16 5.913398117434002415e+03
1.092898631948975687e-14 1.523491633835118174e-16 5.914142344640935335e+03
1.073194870924299627e-14 1.533423897455628315e-16 5.914886574987722270e+03
1.077653337510109192e-14 1.536575076758979576e-16 5.915630807456609546e+03
1.079211792735224942e-14 1.539829449840205394e-16 5.916375042308672164e+03
1.089484327099945872e-14 1.539479862637406845e-16 5.917119281478785524e+03
1.050913428568106746e-14 1.527276938478498776e-16 5.917863522989358898e+03
1.055241037104012391e-14 1.507748189897288660e-16 5.918607765268069670e+03
1.060848072470764325e-14 1.486813778559581555e-16 5.919352011495735496e+03
1.041262904957756964e-14 1.471164344944331352e-16 5.920096259988504244e+03
1.064831382366199307e-14 1.468943267272034252e-16 5.920840510784764774e+03
1.022852504407181115e-14 1.480093556984756936e-16 5.921584764374198130e+03
9.897384175644867705e-15 1.503937624870559781e-16 5.922329021210050996e+03
1.002103832797449740e-14 1.527937378567693272e-16 5.923073280047068693e+03
9.951546615829105017e-15 1.543890806447665104e-16 5.923817541286251071e+03
9.701062484065196132e-15 1.550411648452979800e-16 5.924561805235014617e+03
1.015102176778944638e-14 1.550421517947007470e-16 5.925306071291492117e+03
9.280847001236054985e-15 1.550335385726487652e-16 5.926050339539100605e+03
9.600853524679561502e-15 1.550434581983863194e-16 5.926794609782883526e+03
9.398711673823378193e-15 1.542087897524907407e-16 5.927538883751916728e+03
9.356789904903054075e-15 1.533431837149633952e-16 5.928283160053510073e+03
9.464043882471315778e-15 1.522382113128816670e-16 5.929027436839642178e+03
9.346872046601644796e-15 1.515631724663537633e-16 5.929771717384375734e+03
9.203487765934989890e-15 1.510070852990167595e-16 5.930515999696577637e+03
9.596919597367787925e-15 1.507154028577561623e-16 5.931260283509760484e+03
9.285326670208252535e-15 1.504053914432752892e-16 5.932004571149185722e+03
9.290294906255985327e-15 1.503594584139762325e-16 5.932748860262779090e+03
9.219004505822311068e-15 1.505838851015701448e-16 5.933493151450908044e+03
9.493359296495236376e-15 1.507359977523505794e-16 5.934237445475748245e+03
9.440761661761083548e-15 1.505764595564320127e-16 5.934981739636636121e+03
9.725635891180481389e-15 1.496601616596903464e-16 5.935726037494089724e+03
9.686759141014754980e-15 1.484001527918437044e-16 5.936470338714554600e+03
9.855482188995545932e-15 1.455768486213033498e-16 5.937214639143357999e+03
9.341761554244994127e-15 1.477545453755280683e-16 5.937958943793189974e+03
9.780078730542465317e-15 1.452531387148023778e-16 5.938703249705342387e+03
9.931561236482629932e-15 1.451663481751884322e-16 5.939447556644473480e+03
9.506733876143383530e-15 1.469175123576503783e-16 5.940191866892460894e+03
9.748532268642746128e-15 1.439953926245424894e-16 5.940936178873681456e+03
9.898648493553450279e-15 1.440157170015895728e-16 5.941680491909393822e+03
1.003993267221376945e-14 1.453183998256061547e-16 5.942424807167051767e+03
1.017093354392082797e-14 1.472202138085752789e-16 5.943169126591630629e+03
1.008194969237965624e-14 1.485346215565239357e-16 5.943913446241058409e+03
9.856652446227795034e-15 1.500914436856200268e-16 5.944657766621681731e+03
9.856753286783464700e-15 1.507832402499230565e-16 5.945402090364914329e+03
9.795779708180942809e-15 1.511812485941136356e-16 5.946146416259776743e+03
1.021169376023332237e-14 1.509205138983032629e-16 5.946890742888699606e+03
1.024610293663294607e-14 1.510123755513048398e-16 5.947635070661893224e+03
1.008928318165926395e-14 1.508519197409971696e-16 5.948379400444254316e+03
1.039244682557660453e-14 1.504761020521865099e-16 5.949123732059566464e+03
1.024625266426050513e-14 1.502714578999366851e-16 5.949868066692990396e+03
9.871112131581225920e-15 1.497758459235895459e-16 5.950612402554251275e+03
1.023416561902299143e-14 1.496526821742041304e-16 5.951356738958202186e+03
9.619865723332597960e-15 1.497895372873418589e-16 5.952101077785126108e+03
1.027767799917441265e-14 1.498063957259440917e-16 5.952845418153769060e+03
1.013837747839137549e-14 1.497614406200272218e-16 5.953589760154993201e+03
9.986283487044331061e-15 1.498900231975252603e-16 5.954334104333858704e+03
9.915794088817511899e-15 1.491790848763382704e-16 5.955078449356378769e+03
1.008924789886243811e-14 1.480492464632352137e-16 5.955822795686501195e+03
9.801022812513227564e-15 1.462061818132523421e-16 5.956567144281278161e+03
9.671311237699917015e-15 1.440639442967038520e-16 5.957311492744624047e+03
1.004259167740146324e-14 1.420749625435500800e-16 5.958055842113759354e+03
1.003746944950653307e-14 1.402295521206094710e-16 5.958800194924316202e+03
9.959101489230095602e-15 1.404176047853096649e-16 5.959544548690728334e+03
1.009433934331948328e-14 1.406962964386423788e-16 5.960288903828615730e+03
9.700123524515688009e-15 1.414721093149558267e-16 5.961033259842311963e+03
9.720202366101495185e-15 1.416236063268254264e-16 5.961777617290763374e+03
9.877582284851459311e-15 1.403929224340583684e-16 5.962521976769001412e+03
9.490655372854633133e-15 1.406556664726063841e-16 5.963266337097975338e+03
9.714608579361796301e-15 1.407216918268316482e-16 5.964010699404248953e+03
9.887188865301743874e-15 1.414882841954991096e-16 5.964755063086066912e+03
1.025588384001224136e-14 1.419996348605494651e-16 5.965499427345876029e+03
9.882349558799962131e-15 1.428264136844904764e-16 5.966243793049619853e+03
1.015513519554326371e-14 1.439218569960465305e-16 5.966988159443239965e+03
1.001492076355959176e-14 1.450370667447828257e-16 5.967732526705660348e+03
9.791030116685876263e-15 1.459132859350451521e-16 5.968476896340938765e+03
1.014801708956008078e-14 1.463870376936756461e-16 5.969221267357112993e+03
1.026044615890073536e-14 1.462640506361448243e-16 5.969965637346902440e+03
1.014774272658194991e-14 1.468790622529018481e-16 5.970710008666812428e+03
9.489923725726939575e-15 1.469624769900699062e-16 5.971454381824436496e+03
9.845735680006378444e-15 1.470106885651962879e-16 5.972198755379715294e+03
9.998912289867100787e-15 1.467706492755821755e-16 5.972943130986141114e+03
1.004572786024630095e-14 1.457604839405030432e-16 5.973687508108740076e+03
9.895771298552930941e-15 1.451226957336723317e-16 5.974431885084710302e+03
1.030823477662991344e-14 1.446317421229817805e-16 5.975176262816592498e+03
1.018203126534515039e-14 1.446473921959933151e-16 5.975920641707127288e+03
9.599325414454649969e-15 1.445277708650756276e-16 5.976665021653729127e+03
9.876066615298863289e-15 1.443110801085624707e-16 5.977409402980738378e+03
9.884074466784662588e-15 1.446134386512777744e-16 5.978153784131995963e+03
9.829566723826210369e-15 1.444080894301148642e-16 5.978898166447723270e+03
1.021173265083081597e-14 1.439281485804912862e-16 5.979642550654769366e+03
1.002440797811835325e-14 1.427058599184177176e-16 5.980386934887590542e+03
9.811748618573821907e-15 1.413864239947739679e-16 5.981131317937592939e+03
1.040884259189169010e-14 1.401337220954399733e-16 5.981875703533551132e+03
1.009477917161998156e-14 1.392988362421771159e-16 5.982620091374250478e+03
1.041156863663787003e-14 1.390184967290214505e-16 5.983364478820893055e+03
1.004884235453239144e-14 1.388999725738072600e-16 5.984108866082277018e+03
1.013368647797193706e-14 1.387535328926695834e-16 5.984853254140893114e+03
9.958846169431626111e-15 1.383768902314374029e-16 5.985597643066030287e+03
9.392447937314724758e-15 1.383881467311172977e-16 5.986342031973133999e+03
9.731986574972458916e-15 1.389172756546856934e-16 5.987086421843948301e+03
9.763465200704009591e-15 1.381663450284092500e-16 5.987830812861927370e+03
9.971352448535980024e-15 1.386819653367343823e-16 5.988575204188613498e+03
9.791022527023207174e-15 1.389062231979900580e-16 5.989319595929620846e+03
9.718029175365325443e-15 1.389618015032607269e-16 5.990063988570196670e+03
1.017158360356868648e-14 1.388878767688752202e-16 5.990808381421024023e+03
9.974179732902174250e-15 1.389620489822590111e-16 5.991552774682315430e+03
9.841987945503504658e-15 1.392354175930711232e-16 5.992297168062650599e+03
9.873264922115719155e-15 1.397384696664183166e-16 5.993041561394396922e+03
9.818397856309303947e-15 1.405282718847764551e-16 5.993785956175965111e+03
9.777642683418978749e-15 1.410151275579831367e-16 5.994530350598144651e+03
1.028553013647355794e-14 1.412561059112274439e-16 5.995274745048291152e+03
9.976530639414219015e-15 1.409388882034946001e-16 5.996019141376373227e+03
1.000504522276710674e-14 1.402934921798975702e-16 5.996763537034019464e+03
9.886437211662183848e-15 1.398053598215773585e-16 5.997507933025012790e+03
1.004226390309184891e-14 1.397777688760673513e-16 5.998252330131266717e+03
1.008814451222089968e-14 1.406644731221487956e-16 5.998996726276362097e+03
1.005433273457521470e-14 1.394230996141146016e-16 5.999741123029773007e+03
1.031938995253021125e-14 1.395684499788928934e-16 6.000485520533806266e+03
9.898422914360956294e-15 1.391282552615702754e-16 6.001229916683738338e+03
1.057706878193430739e-14 1.392730016152308846e-16 6.001974312607162574e+03
9.948032472915032346e-15 1.401961259028977481e-16 6.002718710988709063e+03
1.002799865479566678e-14 1.413290699884609033e-16 6.003463109140889173e+03
1.000752949730654609e-14 1.387663701640124628e-16 6.004207505693599160e+03
1.011633277807316419e-14 1.385253823509703186e-16 6.004951903503208086e+03
9.741017713491231225e-15 1.383130008784690950e-16 6.005696301792135273e+03
1.008352454042439867e-14 1.380377522451783107e-16 6.006440698915459507e+03
9.797204534172528197e-15 1.373894328564255783e-16 6.007185095572394857e+03
1.042076761602417767e-14 1.361766083988806688e-16 6.007929493294557687e+03
1.016952535549833630e-14 1.353727329062650621e-16 6.008673890739314629e+03
9.919649690101573958e-15 1.340613265039722016e-16 6.009418287053471431e+03
1.016814889804447650e-14 1.336363776876787851e-16 6.010162684424300096e+03
9.795240018045852882e-15 1.335017230790231012e-16 6.010907082727451780e+03
9.938073234873022183e-15 1.342306249508359202e-16 6.011651479890371775e+03
1.001499975519221827e-14 1.345506318748024365e-16 6.012395875686162981e+03
9.933744773200195208e-15 1.338670012121153165e-16 6.013140271951598152e+03
1.022728383436826609e-14 1.342177021603090338e-16 6.013884669107492300e+03
9.909415496473116513e-15 1.340888255634805492e-16 6.014629065824455211e+03
9.967971335040213658e-15 1.337117388087821576e-16 6.015373460745179727e+03
9.914196394620616194e-15 1.334735029422449765e-16 6.016117855793846502e+03
9.694293897134805999e-15 1.335077615817780672e-16 6.016862253080393202e+03
9.565190889454343498e-15 1.333341379597296798e-16 6.017606648241284347e+03
9.792511999848883318e-15 1.331754144368229936e-16 6.018351041845610780e+03
1.007956171383948516e-14 1.338176655798099052e-16 6.019095436210718617e+03
9.905737318937542806e-15 1.335859315067397714e-16 6.019839830662054737e+03
1.007767564099445235e-14 1.335204136652195385e-16 6.020584223403000578e+03
9.946403382133853216e-15 1.334831321087698621e-16 6.021328616010863698e+03
9.839108699899808441e-15 1.338714728360053187e-16 6.022073009404104596e+03
9.730088014594467778e-15 1.342400939820930556e-16 6.022817401620675810e+03
9.792020364043315290e-15 1.345528401364897676e-16 6.023561792609472832e+03
1.019708486109570841e-14 1.342800574497925032e-16 6.024306182845059084e+03
1.023684891953252899e-14 1.342218684788605429e-16 6.025050573050520143e+03
1.006799253051472708e-14 1.343540133163759016e-16 6.025794963523838305e+03
9.581275649846286660e-15 1.348654289776050032e-16 6.026539353512343951e+03
9.751081184254392005e-15 1.350559817696692491e-16 6.027283742601073754e+03
9.792544018360254426e-15 1.347565657094698174e-16 6.028028130442170550e+03
9.722975594331686586e-15 1.343984996160722922e-16 6.028772518251383190e+03
9.629417698180908653e-15 1.336811951067787248e-16 6.029516904780719415e+03
9.969364796053593821e-15 1.335230890415146574e-16 6.030261289958639281e+03
9.627154253624743558e-15 1.332696175444374607e-16 6.031005675578548107e+03
9.844850425121238991e-15 1.327482707132639243e-16 6.031750059955684264e+03
9.683657040357162099e-15 1.326890322702078201e-16 6.032494444291308355e+03
9.869982315450721077e-15 1.326205018872400465e-16 6.033238827999363821e+03
9.719270682316124545e-15 1.324953236732108124e-16 6.033983209952218203e+03
1.003312045195274544e-14 1.326454671944640873e-16 6.034727590763789522e+03
9.785642538018290419e-15 1.326116072633826316e-16 6.035471970763892386e+03
9.960784593889980483e-15 1.329903710838682597e-16 6.036216349644028924e+03
1.019670703149568632e-14 1.330980313899227908e-16 6.036960728162000123e+03
1.022590818737842833e-14 1.329649781176671051e-16 6.037705107365867661e+03
1.008955553546501440e-14 1.315823448811955086e-16 6.038449484967877652e+03
9.992786829331019322e-15 1.309365224547699684e-16 6.039193860689473695e+03
9.754528085905362166e-15 1.309846117734949188e-16 6.039938235293348953e+03
1.041797238714759445e-14 1.310152225576522026e-16 6.040682608016879385e+03
9.793222455774083726e-15 1.307337496243300369e-16 6.041426980856125738e+03
9.861398960671261322e-15 1.310974363034221718e-16 6.042171353112325960e+03
1.004957620197276066e-14 1.308762083020370874e-16 6.042915723938098381e+03
9.944188351228112734e-15 1.307785588055802208e-16 6.043660093423448416e+03
9.430177322733931790e-15 1.310236934095539937e-16 6.044404461836551491e+03
9.754674968601424060e-15 1.306802286379866756e-16 6.045148829320014556e+03
1.008737287623916474e-14 1.308728321650988919e-16 6.045893195616814410e+03
9.848278240897052667e-15 1.307474715626321009e-16 6.046637560655703055e+03
9.790501383956679963e-15 1.306520321913927494e-16 6.047381924475546839e+03
9.953604181061316797e-15 1.308396847935916151e-16 6.048126287026741920e+03
9.925465454856796470e-15 1.311755705595738757e-16 6.048870648171523499e+03
9.956102656779621017e-15 1.310259748927759462e-16 6.049615007864780637e+03
9.649691216312946761e-15 1.309526511456955083e-16 6.050359366391764524e+03
9.765648127038540409e-15 1.306824372959709042e-16 6.051103723887017622e+03
9.737225671965378167e-15 1.306514150710011098e-16 6.051848080224794103e+03
9.884431432699813442e-15 1.306072511603790342e-16 6.052592434915815829e+03
9.858905609289659054e-15 1.306495113049503518e-16 6.053336787711458783e+03
1.009550201278504315e-14 1.305261501884302996e-16 6.054081138857624865e+03
9.693696836551055451e-15 1.304886091599947328e-16 6.054825489170090805e+03
1.005993057329577098e-14 1.301898399588866952e-16 6.055569838612379499e+03
9.901147717222005009e-15 1.301205977794067901e-16 6.056314186194054855e+03
1.012892632888305595e-14 1.299362787788420136e-16 6.057058532519615255e+03
1.007013114671866522e-14 1.300684417175575588e-16 6.057802877577774780e+03
9.868105198466675483e-15 1.301478342582905683e-16 6.058547220718917742e+03
9.960368722040892820e-15 1.302250228304651059e-16 6.059291562067382984e+03
9.811677378448126593e-15 1.299489785559376859e-16 6.060035901732194361e+03
9.975594074738048587e-15 1.298259269445590677e-16 6.060780239528652601e+03
9.687702871475413944e-15 1.298370634549535887e-16 6.061524575421810368e+03
9.804527516422842819e-15 1.297639813562187013e-16 6.062268909526545031e+03
1.020767819375680311e-14 1.299158892722632911e-16 6.063013244676831164e+03
9.928198561392741174e-15 1.294692011235524574e-16 6.063757575818839541e+03
9.682012855995476988e-15 1.290377121451711193e-16 6.064501902570795210e+03
9.590973685290866281e-15 1.290877692887295310e-16 6.065246233016312544e+03
9.936783470488748126e-15 1.288041453881706300e-16 6.065990560625235958e+03
9.592916805845241850e-15 1.285331009610657639e-16 6.066734883342087414e+03
1.006454849713103289e-14 1.285341392366743587e-16 6.067479205574258231e+03
9.561125931210120479e-15 1.279452830537174929e-16 6.068223526410096383e+03
1.002887827889138625e-14 1.273855780996600055e-16 6.068967844908676852e+03
1.009937735187657794e-14 1.272475991407018625e-16 6.069712162551484653e+03
9.830841747830527491e-15 1.269960161058558301e-16 6.070456477298985192e+03
1.006452697465325306e-14 1.273726312497085223e-16 6.071200789868775246e+03
9.936738807153920843e-15 1.271426604735972006e-16 6.071945101379693369e+03
9.903100323387983519e-15 1.268209426002312721e-16 6.072689411502852636e+03
1.016224367005087302e-14 1.266346851580526145e-16 6.073433718725701510e+03
9.865081762587159501e-15 1.265323096098993192e-16 6.074178022833287287e+03
9.762249940453307511e-15 1.264355988289792433e-16 6.074922325865218227e+03
9.980390816894211526e-15 1.262415288100460235e-16 6.075666628399559158e+03
1.020842922391660944e-14 1.259291275548835100e-16 6.076410927581265241e+03
1.003782672602156526e-14 1.257463127973126481e-16 6.077155224119733248e+03
9.978330060081672113e-15 1.256876559315933598e-16 6.077899518639271264e+03
1.016738954376255158e-14 1.257535258355734305e-16 6.078643811965954228e+03
9.945090096598378165e-15 1.256039328037089259e-16 6.079388104015812132e+03
1.007914226189345975e-14 1.257606855409944203e-16 6.080132391620898488e+03
9.698709883877818736e-15 1.254556027031176309e-16 6.080876676156713074e+03
9.721808891002078471e-15 1.253146177590328723e-16 6.081620961313763473e+03
1.014032522301558303e-14 1.248379610636066096e-16 6.082365243302144336e+03
9.460628343944301731e-15 1.245509939773273201e-16 6.083109521848819895e+03
9.836646103697623105e-15 1.246208890479027741e-16 6.083853798922335045e+03
9.549690343124908306e-15 1.245034859633399674e-16 6.084598074498897404e+03
1.014268218128994040e-14 1.251753411588242409e-16 6.085342347043933842e+03
1.007162367403281895e-14 1.253930623045462440e-16 6.086086615931955748e+03
9.951740436476524554e-15 1.255015486089762090e-16 6.086830883244196229e+03
9.805633820075880579e-15 1.262740688255212644e-16 6.087575149309415792e+03
9.679386451352268065e-15 1.268782707194682811e-16 6.088319411829477758e+03
9.604468374633850945e-15 1.266707862900581613e-16 6.089063671726606117e+03
9.872995958729287109e-15 1.262019697675330943e-16 6.089807930022669098e+03
1.029400091665593842e-14 1.264143266263727384e-16 6.090552185007675689e+03
1.014974519409181657e-14 1.263983603974693591e-16 6.091296437802215223e+03
1.012410918070634181e-14 1.262251005937560069e-16 6.092040688388731724e+03
1.016447890453407987e-14 1.264958303225864208e-16 6.092784935953670356e+03
1.027319784099279423e-14 1.267742728485422480e-16 6.093529181638024056e+03
1.015841652538005400e-14 1.266425147444371587e-16 6.094273424830169461e+03
9.873754016846417325e-15 1.262027714095433253e-16 6.095017665078258688e+03
9.269966091085031780e-15 1.257944335256563001e-16 6.095761902393651326e+03
9.736069205724278245e-15 1.256531643632668554e-16 6.096506136411548141e+03
9.576138832650553367e-15 1.261550611442302592e-16 6.097250367654134607e+03
9.577147179916878855e-15 1.260021391788094160e-16 6.097994597074637568e+03
9.942118736385485236e-15 1.266104496929837600e-16 6.098738823998501175e+03
1.000911929699212282e-14 1.269524918490080114e-16 6.099483047266021458e+03
9.883793626618367629e-15 1.261729039740780177e-16 6.100227267256504092e+03
9.923854872841234439e-15 1.259220353650792669e-16 6.100971485316575126e+03
1.003615389458139538e-14 1.256581487751127635e-16 6.101715701233847540e+03
1.001335119142580365e-14 1.257390509747607072e-16 6.102459913513619540e+03
1.021913970074233378e-14 1.260198759019597428e-16 6.103204123780611553e+03
9.691432299420763266e-15 1.256550471813951623e-16 6.103948330961342435e+03
9.867812950262760856e-15 1.255250839627928756e-16 6.104692533934174207e+03
9.716941543547881606e-15 1.254942349684825374e-16 6.105436734009461361e+03
1.013570203970011988e-14 1.253493630353864335e-16 6.106180931672516635e+03
9.924031157886654500e-15 1.254038276787300238e-16 6.106925126310784435e+03
9.769987553059651917e-15 1.252582897098164810e-16 6.107669317601163129e+03
1.002467295111862282e-14 1.253531096459510539e-16 6.108413506546819917e+03
9.867634374577709120e-15 1.251222998048853918e-16 6.109157692008438971e+03
9.912926457276666557e-15 1.249539261806028680e-16 6.109901874322643380e+03
1.003724565554028644e-14 1.247832340180156531e-16 6.110646054572489447e+03
1.019016777039669615e-14 1.247201940843559809e-16 6.111390231024408422e+03
9.866413116298055978e-15 1.246511928673842050e-16 6.112134404150003320e+03
9.943207811048676688e-15 1.241710073489183408e-16 6.112878574046232643e+03
9.930420758857156707e-15 1.241256967796803031e-16 6.113622741138116908e+03
9.859836401972759244e-15 1.241410371172635645e-16 6.114366904064905611e+03
9.996580833689933440e-15 1.233399449613941911e-16 6.115111063562040727e+03
9.372011514715436116e-15 1.234986475908433553e-16 6.115855221087118480e+03
9.647433940662228161e-15 1.233795799402943444e-16 6.116599375041360872e+03
9.925771250451986666e-15 1.231469927372387879e-16 6.117343525085412693e+03
9.706593039635969154e-15 1.230651144860829436e-16 6.118087672590440889e+03
9.865288271635633007e-15 1.236527524197485343e-16 6.118831817914670864e+03
1.017421298138513677e-14 1.236185329937665720e-16 6.119575957546327118e+03
1.007768657218298767e-14 1.237498845627066770e-16 6.120320093551119498e+03
9.878776726979295951e-15 1.238891611392873465e-16 6.121064227930145535e+03
9.782087517919950513e-15 1.244280744951849153e-16 6.121808358892641991e+03
9.573539188739666025e-15 1.249178237907601362e-16 6.122552485395985059e+03
9.597945706846352296e-15 1.240118761824881990e-16 6.123296608021552856e+03
1.001605932475636171e-14 1.236003528381319272e-16 6.124040727861500272e+03
1.007796350512814369e-14 1.231676381088601218e-16 6.124784845139574827e+03
9.444027751737025327e-15 1.230119858246726646e-16 6.125528957055528736e+03
9.727683402185508088e-15 1.228700383707640741e-16 6.126273065166808010e+03
9.538659031470090858e-15 1.222911565497898238e-16 6.127017171947936731e+03
9.611866613572827903e-15 1.217614306410938415e-16 6.127761274339387455e+03
9.722513965318517939e-15 1.223149773882877069e-16 6.128505371363380618e+03
9.752810777520752038e-15 1.228412608963672739e-16 6.129249465854652954e+03
9.855193710893264309e-15 1.237903304020853130e-16 6.129993557932311887e+03
9.599080955605369097e-15 1.244637310792362893e-16 6.130737646022376794e+03
9.736073307323096614e-15 1.247628812901975452e-16 6.131481729405579244e+03
9.615661482397701176e-15 1.247966346394583620e-16 6.132225808716898428e+03
9.604546580599338715e-15 1.250910007478739800e-16 6.132969885069370321e+03
9.374024065415186249e-15 1.256117134628825818e-16 6.133713957506295628e+03
9.796195015866061417e-15 1.254039922787234043e-16 6.134458025458707198e+03
9.991976054184286495e-15 1.263179666359026650e-16 6.135202090119961213e+03
1.000578476562696514e-14 1.269817453086182135e-16 6.135946151770353026e+03
1.013293197494183886e-14 1.278324683360207584e-16 6.136690208358809286e+03
1.015256759210036865e-14 1.286062461556984519e-16 6.137434260968138005e+03
9.704771849196868387e-15 1.285377943026292270e-16 6.138178309922328481e+03
9.839311109859664733e-15 1.285504766783319979e-16 6.138922355874572531e+03
1.000606686293800780e-14 1.287296550300441239e-16 6.139666397824836167e+03
9.596753203852462784e-15 1.280363761262893464e-16 6.140410434628700386e+03
9.941640636152150528e-15 1.282767459206158178e-16 6.141154467122498318e+03
1.002419342674167971e-14 1.283039194495034196e-16 6.141898496032135881e+03
9.537522218744066395e-15 1.281184031622262878e-16 6.142642521488623970e+03
9.763451486093282574e-15 1.275134335198760342e-16 6.143386542547508725e+03
9.998894806677043519e-15 1.266876181741801069e-16 6.144130558872669098e+03
9.591983242412001703e-15 1.264010064951772635e-16 6.144874571663694041e+03
9.758165608960118587e-15 1.266344007006436703e-16 6.145618579918667820e+03
9.974370368357471231e-15 1.278117685328544763e-16 6.146362583199846995e+03
1.006503838092169271e-14 1.292242382997159603e-16 6.147106584777415264e+03
9.856226638768884181e-15 1.307045236059829971e-16 6.147850581348736341e+03
9.906551175718119610e-15 1.323460914488234520e-16 6.148594570710543849e+03
1.002007628415230505e-14 1.342055859170330990e-16 6.149338560521720865e+03
1.004056913642741061e-14 1.332189290640597938e-16 6.150082543820361025e+03
1.018489838548561941e-14 1.330693902690507465e-16 6.150826522730741999e+03
9.802996735254802800e-15 1.328776687004618794e-16 6.151570497630888894e+03
9.537029981659433092e-15 1.329874033324411480e-16 6.152314466647530935e+03
9.646664045996786211e-15 1.327919708517668920e-16 6.153058434354410565e+03
9.641875734083349522e-15 1.327939908616800201e-16 6.153802394311142052e+03
1.011058814610483718e-14 1.324548801092156443e-16 6.154546354430412975e+03
9.505520824760861290e-15 1.321892763441309670e-16 6.155290304710968485e+03
9.870428472087382767e-15 1.319639652693312185e-16 6.156034251333599968e+03
9.969616614202738804e-15 1.317555906135202992e-16 6.156778196075596497e+03
9.722106334870210679e-15 1.316955400648677754e-16 6.157522136803123431e+03
9.771890917049094746e-15 1.313440246992889301e-16 6.158266071162299340e+03
9.886517590520905372e-15 1.311860391389648211e-16 6.159010001376353102e+03
9.672827032801504196e-15 1.308120599408006468e-16 6.159753926736997528e+03
9.817323696880033101e-15 1.306455458293941576e-16 6.160497848651901222e+03
9.777241348357891409e-15 1.302452976663811976e-16 6.161241763635811367e+03
1.010776744852132463e-14 1.291773907423638532e-16 6.161985677256104282e+03
9.980707443912733614e-15 1.284440674208815208e-16 6.162729585536222658e+03
9.705260934470264997e-15 1.276593288195703436e-16 6.163473486632519780e+03
9.811400461484464209e-15 1.273287660653571364e-16 6.164217384940089687e+03
9.581665727742161890e-15 1.275665886643379572e-16 6.164961278131320796e+03
9.415193940818998486e-15 1.265009329608287165e-16 6.165705166843907136e+03
9.869130475769067800e-15 1.270240902899440452e-16 6.166449049369182831e+03
9.584495703792488468e-15 1.279843695605455706e-16 6.167192927026210782e+03
9.965117189180761062e-15 1.279760832221035277e-16 6.167936802788228306e+03
9.459048736168867800e-15 1.282107220625713129e-16 6.168680673153929092e+03
9.477175470458310764e-15 1.286206052694776680e-16 6.169424536478126356e+03
9.656065554851399855e-15 1.287937223365190926e-16 6.170168396202268013e+03
9.781855433092184068e-15 1.289478138930136576e-16 6.170912250872388540e+03
1.007166627271034592e-14 1.288238093297659715e-16 6.171656100383610465e+03
9.797623663827168318e-15 1.290596221117894589e-16 6.172399945649956862e+03
1.012529960393372664e-14 1.288604496906102373e-16 6.173143784668410262e+03
9.838320863543561544e-15 1.278490869359314078e-16 6.173887619000267478e+03
9.783333431698235828e-15 1.266550560434787284e-16 6.174631449271626479e+03
9.577444147349575391e-15 1.255483622505785880e-16 6.175375272157388281e+03
9.663167181030917461e-15 1.246648099929976861e-16 6.176119091770287923e+03
1.009999563255559698e-14 1.242561187644993426e-16 6.176862907636195814e+03
9.813067741486865089e-15 1.240455457972450201e-16 6.177606716887810762e+03
9.644869599042208621e-15 1.239507457690417478e-16 6.178350520446590963e+03
9.660514430809054619e-15 1.239840104240561859e-16 6.179094318533354453e+03
9.489910342113391058e-15 1.238156441261076581e-16 6.179838113537436584e+03
9.894486789676922964e-15 1.232818481886436127e-16 6.180581903231797696e+03
9.969766565108136377e-15 1.228372694843225765e-16 6.181325684580503548e+03
9.727979626419201815e-15 1.226943974595045402e-16 6.182069463776976590e+03
9.380074593735528693e-15 1.228073238541067688e-16 6.182813237489869607e+03
9.816234178822789772e-15 1.232732427871881773e-16 6.183557005050891348e+03
9.855008892100125396e-15 1.235025891721894941e-16 6.184300768603736287e+03
9.417097372831049425e-15 1.237063148243024738e-16 6.185044524985309181e+03
9.809666437208754289e-15 1.240407666403771128e-16 6.185788276024069091e+03
9.660984363688621550e-15 1.236822360306157971e-16 6.186532023642561398e+03
9.465126799134491614e-15 1.239839512259563564e-16 6.187275764911226361e+03
9.961070800578800478e-15 1.250051051595583867e-16 6.188019499588024701e+03
9.799724955738155797e-15 1.235196042387841884e-16 6.188763229373071226e+03
9.895782961432501493e-15 1.234581999524653048e-16 6.189506955479173484e+03
9.847651885993901083e-15 1.244033257741551356e-16 6.190250675407652125e+03
9.809676597146198946e-15 1.237460787361921536e-16 6.190994388626946602e+03
9.787518486533699833e-15 1.242562890740715040e-16 6.191738097106094756e+03
9.804174446855396222e-15 1.250638815995378045e-16 6.192481798716620688e+03
9.715018011871071771e-15 1.261452190888286880e-16 6.193225496870765710e+03
1.005929525104495913e-14 1.273109257276011701e-16 6.193969189125871708e+03
9.669688887942427269e-15 1.278628750690640535e-16 6.194712874817509146e+03
9.630261285772448047e-15 1.283793913451265560e-16 6.195456555977983953e+03
1.004968805327503155e-14 1.280518746317290258e-16 6.196200231001179418e+03
9.844781525976804180e-15 1.275311653665499249e-16 6.196943897774379366e+03
9.720130847149408799e-15 1.273643075754402487e-16 6.197687560466558352e+03
9.513820279751737972e-15 1.270121891298520244e-16 6.198431220190474960e+03
9.569456650597488485e-15 1.270416717308393764e-16 6.199174871401464770e+03
9.550018668219262433e-15 1.269370201242049336e-16 6.199918517443084056e+03
9.604014878862821847e-15 1.268506304789626576e-16 6.200662158430473937e+03
9.433367921710181090e-15 1.268207412129372168e-16 6.201405792620469583e+03
9.399009398750622380e-15 1.270401377869929363e-16 6.202149421245130725e+03
9.520167664751042465e-15 1.275419114582417749e-16 6.202893043373624096e+03
9.433053910149275953e-15 1.279185594976999961e-16 6.203636660345907330e+03
9.353765445961951748e-15 1.283077699550399481e-16 6.204380272183358102e+03
9.471914372756793277e-15 1.281400647006829857e-16 6.205123877866928524e+03
9.236018592629375164e-15 1.275266954667559587e-16 6.205867476317211185e+03
9.580102825958680464e-15 1.257866376975793919e-16 6.206611069675243016e+03
9.508419041492058784e-15 1.246313729251841606e-16 6.207354656986322880e+03
9.186947329072935799e-15 1.237574641845360685e-16 6.208098237724305363e+03
9.291628734397711116e-15 1.234684828460653064e-16 6.208841813558939975e+03
9.516406373252937575e-15 1.236966560256312978e-16 6.209585381695139404e+03
9.643235635162365799e-15 1.239983382766625241e-16 6.210328944188360765e+03
9.362989233107358267e-15 1.272620075228985905e-16 6.211072502806273405e+03
9.329715208365965103e-15 1.438668971969285645e-16 6.211816053576663762e+03
9.355251200890952615e-15 1.437635817242705611e-16 6.212559597325049253e+03
1.001344572162328427e-14 1.322919735238616231e-16 6.213303136693524721e+03
9.196615707601929034e-15 1.292334465463989074e-16 6.214046669512294102e+03
9.323727607156809004e-15 1.287685570994471075e-16 6.214790195007832153e+03
9.641352901862396308e-15 1.286250111494188960e-16 6.215533715715610015e+03
9.368438594291970411e-15 1.280625054692298708e-16 6.216277229252784309e+03
9.541386274639727320e-15 1.278288239313512959e-16 6.217020735547952427e+03
9.420713756639949634e-15 1.269659326872113981e-16 6.217764237139805118e+03
9.626393372669181872e-15 1.271499005874373018e-16 6.218507732866637525e+03
9.068655290903892784e-15 1.268771246285686912e-16 6.219251220426245709e+03
9.827630477749016786e-15 1.266445148946642647e-16 6.219994702240802326e+03
9.596954717384431300e-15 1.263885661106450148e-16 6.220738177954819548e+03
9.522952567307811975e-15 1.259737668026558255e-16 6.221481647110151243e+03
1.003540930996588692e-14 1.259682519489926118e-16 6.222225110388057146e+03
9.225726462362609990e-15 1.265417287426736916e-16 6.222968566257780367e+03
9.737051467281603126e-15 1.277700018565327940e-16 6.223712016037748981e+03
9.644978793031210858e-15 1.291658626399436948e-16 6.224455460561370273e+03
9.325825384388206383e-15 1.309234019912503337e-16 6.225198898116999771e+03
1.017618492016512390e-14 1.337141139733850521e-16 6.225942327698843656e+03
9.874385433596666875e-15 1.362919962720879352e-16 6.226685751403520044e+03
9.741939741113859705e-15 1.386269839306958599e-16 6.227429169370471755e+03
9.646140458429383567e-15 1.402829651500113599e-16 6.228172580666835529e+03
9.171846358548547206e-15 1.410507674032047743e-16 6.228915984041018419e+03
9.157399975788946958e-15 1.421923671227441999e-16 6.229659381143290375e+03
9.072942545423516348e-15 1.443160321739479570e-16 6.230402772875962910e+03
9.419874276708245736e-15 1.452571548952352902e-16 6.231146155269077099e+03
9.639773059143339943e-15 1.460625897092114519e-16 6.231889532786317432e+03
9.435785212411844706e-15 1.471291411861408157e-16 6.232632904593908279e+03
9.452265815878347732e-15 1.473562901719382688e-16 6.233376268254834031e+03
9.298354032766756253e-15 1.479462879450731246e-16 6.234119625166767946e+03
9.353371822694582835e-15 1.487708564190594674e-16 6.234862975189440476e+03
9.059765977822282444e-15 1.495282972060150555e-16 6.235606317893592859e+03
9.321063846126241077e-15 1.504034015810310747e-16 6.236349655205173804e+03
9.011251203261335206e-15 1.498154234239059766e-16 6.237092984378437905e+03
9.185907584100449927e-15 1.487949527875556202e-16 6.237836307435922208e+03
8.888197534906765315e-15 1.466993170173214746e-16 6.238579622610046499e+03
9.220709974093742299e-15 1.437163654027033701e-16 6.239322931821917336e+03
9.605143814677198730e-15 1.407661812091592559e-16 6.240066233235053005e+03
9.526751044633112082e-15 1.372821021958768157e-16 6.240809526808039664e+03
9.734485582036771159e-15 1.335933741467092513e-16 6.241552814056436546e+03
9.404555565196297712e-15 1.319071859966060162e-16 6.242296094673520201e+03
9.315325051292096528e-15 1.317277342233026262e-16 6.243039368284991724e+03
9.804319141531422073e-15 1.305585778124838581e-16 6.243782634837672958e+03
9.444576804157460966e-15 1.289541790675794427e-16 6.244525895154816681e+03
9.577589485474922257e-15 1.283573292633269933e-16 6.245269148579764078e+03
9.548571003633795744e-15 1.273949962656329532e-16 6.246012393671288919e+03
9.631985520472644205e-15 1.275240071942697999e-16 6.246755630790513351e+03
9.470623369239730014e-15 1.293255910716859827e-16 6.247498860843639704e+03
9.520400616413345022e-15 1.326766645910589217e-16 6.248242084757196608e+03
9.824225707339204389e-15 1.354532615129474967e-16 6.248985301967035412e+03
9.404000311226231138e-15 1.380520927519750048e-16 6.249728511756784428e+03
9.676478524355863593e-15 1.394637275407294028e-16 6.250471714582622553e+03
9.707079760384876555e-15 1.404839150258705722e-16 6.251214908960916546e+03
9.476133257607206416e-15 1.404896744161307644e-16 6.251958095429756213e+03
9.517193188505394700e-15 1.410760983438865215e-16 6.252701275821414129e+03
9.521425261869488967e-15 1.409858031369236726e-16 6.253444448630962142e+03
9.277004097406256036e-15 1.414793326395511510e-16 6.254187612911753604e+03
9.287793129600535457e-15 1.425962808045397071e-16 6.254930770492141164e+03
9.754180210533684352e-15 1.439620157453981782e-16 6.255673923344248578e+03
9.880773120097740706e-15 1.456382704748328342e-16 6.256417065861136507e+03
9.894272964825997008e-15 1.466985054136778160e-16 6.257160199799300244e+03
9.492995647581880437e-15 1.473748224749717469e-16 6.257903328739634162e+03
9.517794292044774408e-15 1.480367107570483747e-16 6.258646449707254760e+03
9.302068443207829103e-15 1.483744403247512043e-16 6.259389563324144547e+03
9.087518386647963656e-15 1.483828639201368700e-16 6.260132668414454201e+03
8.776811720674721815e-15 1.462387432796199573e-16 6.260875766370038036e+03
9.157344215603937560e-15 1.425626126027589357e-16 6.261618857539169767e+03
9.712228797332113308e-15 1.381522008292325974e-16 6.262361939064085163e+03
9.771195369138410796e-15 1.342092079579882217e-16 6.263105014527460298e+03
9.452586272831895392e-15 1.321313645737843103e-16 6.263848079246457019e+03
9.478123158920112233e-15 1.316053845906570445e-16 6.264591138798064094e+03
9.187210072708589057e-15 1.319737555382218413e-16 6.265334191568838833e+03
9.410589065421702865e-15 1.323879146827643185e-16 6.266077235057017788e+03
9.340580386951798018e-15 1.328166725185286064e-16 6.266820271639331622e+03
9.143500527694499058e-15 1.329101290022835114e-16 6.267563299202680355e+03
9.421832481654958245e-15 1.328257341662954433e-16 6.268306320206747841e+03
9.241685352940571860e-15 1.321237674906922817e-16 6.269049333078482960e+03
9.214486778381248901e-15 1.309694610688168033e-16 6.269792337593680713e+03
9.326923802758789972e-15 1.299292983968755381e-16 6.270535334830967258e+03
9.275181959208102590e-15 1.292303566898257409e-16 6.271278324749891908e+03
9.229163842117018254e-15 1.286318058679919638e-16 6.272021306082382580e+03
9.368447897528453616e-15 1.289246290523947039e-16 6.272764278946266131e+03
8.985078411917601689e-15 1.281295249616296677e-16 6.273507243431180541e+03
9.067206098263296668e-15 1.274471875076869010e-16 6.274250200892579414e+03
9.327768844629590282e-15 1.274320221674384662e-16 6.274993151925683378e+03
9.480060522090566171e-15 1.272340000104784081e-16 6.275736093129072287e+03
9.138940664260962005e-15 1.284443881796997102e-16 6.276479025981750056e+03
9.076548408176715878e-15 1.313644877171100117e-16 6.277221951328876457e+03
9.404974432772917328e-15 1.347279834098387308e-16 6.277964867914376555e+03
9.416461452832249390e-15 1.376536153026932936e-16 6.278707777884637835e+03
9.086925109814043807e-15 1.392730700647966970e-16 6.279450679574249989e+03
8.954851290916428904e-15 1.396731290406173814e-16 6.280193572008728552e+03
9.166571983073538373e-15 1.393036684356000982e-16 6.280936456061497665e+03
9.067305426786695253e-15 1.391884364413892274e-16 6.281679333325884727e+03
9.464322620343464763e-15 1.391776636804495133e-16 6.282422200892473484e+03
9.233167367814228730e-15 1.383845184794424695e-16 6.283165060346382234e+03
8.880556428350221994e-15 1.376337054249597429e-16 6.283907912635684625e+03
8.701765469667106437e-15 1.375949732369614509e-16 6.284650756219614777e+03
9.132431959203650059e-15 1.376961377047205519e-16 6.285393590812642287e+03
8.815769348075441480e-15 1.372769157044635834e-16 6.286136417187917687e+03
8.274003855198840321e-15 1.381368627226104439e-16 6.286879235746462655e+03
8.612947357985118438e-15 1.402514574406475797e-16 6.287622045492162215e+03
8.397245672878901841e-15 1.442935755766130183e-16 6.288364846572228089e+03
6.373553187872132724e-15 1.625286241907903058e-16 6.289107637739269194e+03
6.116305768559256151e-15 2.117038337576918805e-16 6.289850412064879492e+03
1.005762604507495364e-14 2.634795425243605941e-16 6.290593178518637615e+03
1.495789044422971568e-14 3.040957534755368776e-16 6.291335951151884728e+03
1.327312199884030135e-14 3.300521542959344589e-16 6.292078710392747780e+03
9.792421404417485010e-15 3.368125327257326287e-16 6.292821460570432464e+03
8.714608544261917367e-15 3.389527941449526345e-16 6.293564202929264866e+03
9.330984112476948365e-15 3.403650209316328036e-16 6.294306935778791740e+03
9.155681859646349088e-15 3.403483513742497337e-16 6.295049660890461382e+03
8.572768837705104308e-15 3.407316999846062239e-16 6.295792376945129945e+03
9.168979945222427375e-15 3.422515870031375366e-16 6.296535084685281618e+03
9.106743196696444155e-15 3.446144773447146785e-16 6.297277783856754468e+03
9.575907594354165368e-15 3.463853542857717875e-16 6.298020474182235375e+03
8.581608881673027679e-15 3.474599430514761324e-16 6.298763155907771761e+03
8.702632610273123657e-15 3.466611592241864940e-16 6.299505829435846863e+03
9.063621842889074491e-15 3.459863290264341154e-16 6.300248492659062322e+03
9.117340330137194644e-15 3.455203895191648931e-16 6.300991148057817554e+03
9.464713618975149837e-15 3.456538133872436041e-16 6.301733794391000629e+03
9.293342557478445551e-15 3.415368852084654605e-16 6.302476431943949137e+03
9.020469198649813847e-15 3.235111487770814423e-16 6.303219061171361318e+03
1.086865819151805446e-14 2.836128282491126411e-16 6.303961687746832467e+03
1.396271095534387065e-14 2.346614844773369333e-16 6.304704309291706522e+03
1.590855987996258819e-14 1.861449386941618136e-16 6.305446910315454261e+03
1.218710157915813640e-14 1.515174408115152276e-16 6.306189504713125643e+03
9.824287128572836102e-15 1.433438484334018434e-16 6.306932088832437330e+03
9.493794809713290786e-15 1.421020299581413256e-16 6.307674662360157527e+03
8.478646852938170426e-15 1.410726083035113998e-16 6.308417228623729898e+03
9.053014534883192507e-15 1.403635095465590402e-16 6.309159787591151144e+03
9.315502792412927011e-15 1.380361287886425019e-16 6.309902336036444467e+03
9.176643461628573485e-15 1.344899179823536423e-16 6.310644873974743859e+03
9.722236230825293534e-15 1.313147113862681756e-16 6.311387402752588969e+03
9.605255263095597746e-15 1.290549960241043889e-16 6.312129923294171022e+03
9.382733143056077464e-15 1.284176653179488353e-16 6.312872434251756204e+03
9.671405155868878214e-15 1.289533215321171686e-16 6.313614937073471083e+03
9.376113948906959950e-15 1.289467480005579305e-16 6.314357430623011169e+03
9.531137869298671186e-15 1.288991979714447543e-16 6.315099913827209093e+03
9.447482094187312195e-15 1.288578594703123472e-16 6.315842389173671108e+03
9.404160932955076090e-15 1.290959269606375922e-16 6.316584855702400091e+03
9.452137870917912421e-15 1.293543111409393974e-16 6.317327311769744483e+03
9.552315168678914226e-15 1.284231606406161151e-16 6.318069757786235641e+03
9.544840399682378400e-15 1.301148083920998767e-16 6.318812195380996855e+03
9.395898190516979820e-15 1.332958993599046194e-16 6.319554623045449262e+03
9.448472094809475788e-15 1.368917750882270839e-16 6.320297042382795553e+03
9.501840563398864494e-15 1.402660989521104502e-16 6.321039454510246287e+03
9.287721623713397724e-15 1.425416448844083048e-16 6.321781855046961027e+03
9.509321060866081983e-15 1.432865452664736028e-16 6.322524244922647995e+03
9.549802660727064898e-15 1.432097366635606620e-16 6.323266626200571409e+03
9.471928356464372328e-15 1.428060808734168971e-16 6.324008998136617265e+03
9.020954279098701964e-15 1.418591747105417912e-16 6.324751361031017950e+03
9.659906987284877402e-15 1.404081129208800392e-16 6.325493713553114503e+03
9.395131635093719618e-15 1.392935318596805396e-16 6.326236055382523773e+03
9.609660309132824912e-15 1.384618549522729755e-16 6.326978389755900935e+03
9.517791879766743341e-15 1.375575226309032711e-16 6.327720714627920643e+03
9.423157004872835241e-15 1.374923583246323810e-16 6.328463028758334076e+03
9.349827219066632816e-15 1.374158905474890398e-16 6.329205333821591921e+03
9.858215201842840168e-15 1.375169839618788587e-16 6.329947629425690138e+03
9.448128479674150978e-15 1.376623304848933255e-16 6.330689914808983303e+03
9.556080110809064860e-15 1.374355684185657162e-16 6.331432190242854631e+03
9.801922592942100192e-15 1.370268136357935123e-16 6.332174456733909210e+03
9.795486523060209157e-15 1.347215779819957979e-16 6.332916713587626873e+03
9.814360016061268371e-15 1.308831724536914879e-16 6.333658959846348807e+03
9.835336929702051132e-15 1.274036741346760777e-16 6.334401195327858659e+03
1.043346838170830807e-14 1.245978349088858639e-16 6.335143422914949952e+03
1.008912429190896861e-14 1.234373919780598370e-16 6.335885639450327290e+03
9.752984529244044201e-15 1.240426878693736658e-16 6.336627847177067451e+03
9.982066260322775844e-15 1.246515474373174640e-16 6.337370044199139556e+03
9.763663434236043385e-15 1.250168379630115157e-16 6.338112229744974684e+03
1.030705013608009188e-14 1.260384053703509066e-16 6.338854408362819413e+03
9.954661348820663674e-15 1.269808106315352407e-16 6.339596576817180903e+03
1.016173562079924481e-14 1.276086323903651384e-16 6.340338734730561555e+03
1.017214951044753216e-14 1.277614174638730504e-16 6.341080883855833235e+03
1.023968505568430829e-14 1.276416440657394959e-16 6.341823021255378990e+03
9.982702722569075211e-15 1.278062415781943250e-16 6.342565148524529832e+03
9.924370623317782386e-15 1.266573783003157079e-16 6.343307267177382528e+03
1.000784019628979833e-14 1.266881726670360482e-16 6.344049374652882761e+03
9.904752809869827060e-15 1.272571516786694724e-16 6.344791471314829323e+03
1.006099503559931824e-14 1.286831053031759456e-16 6.345533558785056812e+03
9.657199649709203075e-15 1.300698548890057056e-16 6.346275636252472395e+03
1.033048474572157000e-14 1.330816641598144297e-16 6.347017704590807625e+03
9.628743485253202765e-15 1.335390423697592582e-16 6.347759762707522896e+03
9.744696107036926295e-15 1.338824092881754822e-16 6.348501809535575376e+03
9.818316596276167486e-15 1.346434232354645670e-16 6.349243845896445237e+03
9.186084442482211933e-15 1.352818608907819675e-16 6.349985871848488387e+03
9.686009941854813738e-15 1.363976994610126873e-16 6.350727887764941443e+03
9.772831618485172877e-15 1.370783646644535761e-16 6.351469893883906479e+03
9.584034027341290771e-15 1.400972674829957803e-16 6.352211888521294895e+03
8.475254549702804327e-15 1.561168805125993563e-16 6.352953868707461879e+03
9.353828123957836178e-15 1.812322031312534347e-16 6.353695832649180375e+03
1.029142856483395142e-14 2.022139212889611451e-16 6.354437797050768495e+03
1.118434296674320518e-14 2.176302485431109752e-16 6.355179752546119744e+03
9.621404647722530621e-15 2.243115581927617770e-16 6.355921696517196324e+03
9.253694431161601516e-15 2.249834845646287246e-16 6.356663628785898254e+03
9.919029012112012525e-15 2.246519424782870052e-16 6.357405551956661839e+03
9.679113494822057214e-15 2.244302312045981836e-16 6.358147463469226750e+03
9.553457143868679740e-15 2.235422224634909492e-16 6.358889365185053975e+03
9.268361514649720829e-15 2.217393846891149140e-16 6.359631255958984184e+03
9.589725667806231978e-15 2.199307637946751571e-16 6.360373136000960585e+03
9.505166888285725933e-15 2.181208839137712917e-16 6.361115006010496472e+03
9.680318160738495907e-15 2.180150707165090638e-16 6.361856864712290189e+03
8.925317009591376552e-15 2.184774810643526913e-16 6.362598713479994331e+03
9.283034413542279404e-15 2.184723534647218380e-16 6.363340551125184902e+03
9.688593420462873699e-15 2.187126819255764299e-16 6.364082378162981513e+03
9.346144384910270275e-15 2.186914332901266801e-16 6.364824195218598106e+03
9.565384999715279515e-15 2.180657478129457438e-16 6.365566002083260173e+03
9.290858709532594295e-15 2.118253154502006389e-16 6.366307796171360678e+03
1.050531450746056236e-14 1.936052954073640130e-16 6.367049584914133447e+03
1.164124198193226928e-14 1.702135197784578231e-16 6.367791369378004674e+03
1.175003156596681241e-14 1.461500439777680166e-16 6.368533131183588921e+03
1.122900813377761206e-14 1.295450763941115545e-16 6.369274882101266485e+03
1.002620248941237420e-14 1.245111855620566496e-16 6.370016624571888315e+03
9.551914004689786274e-15 1.241070715280018740e-16 6.370758355350466445e+03
9.569066418816375505e-15 1.237847132106972400e-16 6.371500074246093391e+03
9.617593619673430805e-15 1.236401927412105791e-16 6.372241782636625430e+03
9.617468142135207448e-15 1.234504824917937770e-16 6.372983480287281054e+03
9.619347796779199260e-15 1.238070855183269905e-16 6.373725167012353268e+03
9.095036389958700992e-15 1.417180285769180732e-16 6.495741491707005480e+03
9.839360078834488571e-15 1.431441629037972734e-16 6.496487400784670172e+03
1.021054671712376189e-14 1.446476307572597797e-16 6.497233314201749636e+03
1.010613996177943017e-14 1.453398093297089522e-16 6.497979233146193110e+03
9.881127700385584276e-15 1.459147803665684925e-16 6.498725154609905076e+03
9.367838427289292367e-15 1.463208782365423868e-16 6.499471083362193895e+03
9.129497927606017109e-15 1.454381897253606477e-16 6.500217016088923629e+03
9.644866226250941666e-15 1.438213007095628327e-16 6.500962951833807892e+03
9.998196014561788325e-15 1.401989789756868698e-16 6.501708892748792096e+03
9.648150753926667433e-15 1.353194239922973975e-16 6.502454839746505058e+03
9.455781019658658906e-15 1.307806310889029298e-16 6.503200791010875946e+03
9.968575417933670365e-15 1.271046060269067522e-16 6.503946744902616956e+03
9.831813860396485441e-15 1.252827084053880284e-16 6.504692704909994063e+03
1.005329579591462688e-14 1.248057169381119369e-16 6.505438670538978840e+03
9.680191318499054652e-15 1.248212466929515833e-16 6.506184640256971761e+03
9.791519437618146025e-15 1.246725188676006252e-16 6.506930615870418478e+03
9.648619976150542774e-15 1.238887865158635778e-16 6.507676596536117358e+03
9.566487832319569925e-15 1.223129848277611350e-16 6.508422579788008989e+03
9.751557737220629891e-15 1.205257385742426395e-16 6.509168568681285251e+03
9.621696947148857788e-15 1.183221879620038521e-16 6.509914562221354572e+03
9.919559298989553524e-15 1.177083359400120758e-16 6.510660560111213272e+03
9.219692018063614066e-15 1.178676940041132750e-16 6.511406565470640999e+03
9.502766225645507801e-15 1.189264696685743260e-16 6.512152573170536925e+03
9.546099413410218434e-15 1.199721478085060838e-16 6.512898584086359733e+03
1.015591267741281559e-14 1.207340359174860857e-16 6.513644602157532063e+03
9.712588624143283418e-15 1.213369769282741361e-16 6.514390624962847141e+03
9.741755796552538140e-15 1.214950778807315141e-16 6.515136652178476652e+03
9.403830753079956997e-15 1.213183083752632883e-16 6.515882683905256272e+03
1.011377208006290996e-14 1.213159319187277531e-16 6.516628720023497408e+03
9.495434190389054159e-15 1.206375666819603804e-16 6.517374761919955745e+03
1.011189799660401342e-14 1.199576303776821108e-16 6.518120808441661211e+03
9.871759922270161937e-15 1.193728438375650503e-16 6.518866858223039344e+03
9.449440581801807084e-15 1.191344701807884887e-16 6.519612912274686096e+03
9.543134780696480608e-15 1.189564301908206371e-16 6.520358971819681756e+03
9.267359368444596735e-15 1.187827978633513234e-16 6.521105037362758594e+03
9.103325290173407024e-15 1.204620914354674922e-16 6.521851107578533629e+03
9.177898425841147186e-15 1.239745210764476627e-16 6.522597180751675296e+03
9.515453595925089864e-15 1.285531468737115572e-16 6.523343258585638068e+03
9.790499503884807184e-15 1.319631593498200300e-16 6.524089344525966226e+03
1.002918276693329346e-14 1.336968333252005338e-16 6.524835434251430343e+03
9.398742619714068370e-15 1.341136934026673780e-16 6.525581526836539524e+03
9.356485745416007264e-15 1.327457345264329849e-16 6.526327624767084671e+03
9.430530714398855346e-15 1.318310204742154286e-16 6.527073725679916606e+03
9.451741662984095663e-15 1.309399031534418686e-16 6.527819832890681937e+03
9.770732403251258345e-15 1.303620685635873950e-16 6.528565944459415732e+03
9.674246624701469382e-15 1.302079807986951101e-16 6.529312060816033409e+03
8.995372675886743144e-15 1.301803028231879529e-16 6.530058182431060231e+03
9.367518407989352019e-15 1.303175889143027964e-16 6.530804309610675773e+03
9.526434344983251372e-15 1.303390677383497709e-16 6.531550441132029846e+03
9.592660081684386006e-15 1.309888061805673745e-16 6.532296575888804000e+03
9.663817999648335749e-15 1.314742257745094527e-16 6.533042714917852209e+03
9.340827188606662278e-15 1.324539239919835966e-16 6.533788860278252287e+03
9.156497692663153405e-15 1.334401755121457047e-16 6.534535009681723750e+03
9.044033160161192465e-15 1.331505329118967027e-16 6.535281166557848337e+03
9.285989900845261370e-15 1.319292193323111605e-16 6.536027324671705173e+03
9.296929420397692679e-15 1.289180884174262327e-16 6.536773488557550081e+03
9.055742327692605004e-15 1.254752249000258989e-16 6.537519656637534354e+03
9.092774077948327098e-15 1.218162053451102213e-16 6.538265829161875445e+03
9.021182602775041398e-15 1.194492182286788954e-16 6.539012006821291834e+03
8.659734407722258798e-15 1.182880944990137840e-16 6.539758189394706278e+03
9.225572891514970308e-15 1.182502733396399792e-16 6.540504376174838399e+03
9.206252894999480465e-15 1.185862126171222888e-16 6.541250568005845707e+03
9.136222011457180329e-15 1.192791711390540490e-16 6.541996766191450661e+03
8.526375208672224420e-15 1.218621348983800794e-16 6.542742966326641181e+03
8.589423345446705149e-15 1.266565027340476693e-16 6.543489173515599759e+03
8.960638178392649293e-15 1.308036565250127705e-16 6.544235383896802887e+03
9.488021612204819298e-15 1.339440361848613404e-16 6.544981602774514613e+03
9.293424272937242597e-15 1.356787226721128599e-16 6.545727821020525880e+03
9.341894679088020759e-15 1.353950998397384065e-16 6.546474047790474287e+03
8.813351737158311610e-15 1.343547784139812771e-16 6.547220276952318272e+03
9.214015705489286015e-15 1.327854001522909527e-16 6.547966510558854679e+03
8.833614049835903957e-15 1.311209182497700431e-16 6.548712747765404856e+03
8.860778673265617345e-15 1.297941128460234418e-16 6.549458994170983715e+03
9.404409334632212761e-15 1.290484678695290734e-16 6.550205240390097970e+03
9.274040648663257252e-15 1.291108718111862137e-16 6.550951493810307511e+03
9.484642847625414794e-15 1.293826075210633927e-16 6.551697751462262204e+03
9.156197971949251960e-15 1.293071748814853741e-16 6.552444013732507301e+03
9.265073102909064935e-15 1.294899418952067169e-16 6.553190281083778245e+03
9.203297706369203685e-15 1.296362067602145900e-16 6.553936553672518130e+03
9.269097339648410581e-15 1.298785052308879761e-16 6.554682830733966512e+03
9.252550823224304760e-15 1.295452021391998768e-16 6.555429110560821755e+03
9.329254036111431600e-15 1.273968059955051816e-16 6.556175396643749991e+03
9.271479077460765513e-15 1.238312098838794397e-16 6.556921688251430169e+03
9.271399874075479439e-15 1.195093118060434930e-16 6.557667983717077732e+03
9.621997705162737447e-15 1.158429086356730453e-16 6.558414282636492317e+03
9.501473268410887387e-15 1.140294324375559940e-16 6.559160585813460784e+03
9.322272070537355818e-15 1.136578052709635474e-16 6.559906894644966997e+03
9.151799378396708293e-15 1.133984073685786767e-16 6.560653209307207362e+03
9.130157781163899227e-15 1.139850328857693874e-16 6.561399528428251870e+03
9.079175425241926464e-15 1.143494391175598305e-16 6.562145851560537267e+03
9.231191148903474482e-15 1.144128896425523491e-16 6.562892179656382723e+03
9.274743527784964434e-15 1.143827214864861766e-16 6.563638512298730348e+03
9.387300534278383979e-15 1.149255939776501510e-16 6.564384849855975517e+03
8.928768434246590128e-15 1.149111258695273288e-16 6.565131192767688844e+03
9.218206939463631499e-15 1.227123199511361091e-16 6.565877540355508245e+03
9.299188983651890879e-15 1.294308427891243119e-16 6.566623890681016746e+03
8.895929041454897303e-15 1.196010021095075685e-16 6.567370246144693738e+03
9.410589378744339188e-15 1.218137874660631149e-16 6.568116608738837385e+03
9.613124515357078950e-15 1.240503979820996629e-16 6.568862975176823966e+03
9.307147868915189416e-15 1.253571993770356961e-16 6.569609344990032696e+03
8.624967411089723659e-15 1.259621828765215166e-16 6.570355720123410720e+03
9.188352714755384298e-15 1.263099791715957203e-16 6.571102101938116903e+03
9.126392888476137520e-15 1.254443964081488823e-16 6.571848485106662338e+03
9.393668403288152652e-15 1.243424056559430204e-16 6.572594874337737565e+03
9.425039854116256321e-15 1.232732061285096461e-16 6.573341267736931513e+03
9.134344804656795770e-15 1.224211994313983841e-16 6.574087666449317112e+03
8.821545036090489017e-15 1.219702809811122606e-16 6.574834068715114881e+03
9.265430975297917450e-15 1.216962118421788032e-16 6.575580475669567022e+03
8.909015283039992861e-15 1.215888513277766853e-16 6.576326888818250154e+03
8.921343866338315170e-15 1.214536720762082784e-16 6.577073306392147970e+03
9.057137779628256292e-15 1.212538425906042953e-16 6.577819727269581563e+03
8.964497726250272787e-15 1.209832335111694571e-16 6.578566153120336821e+03
9.153238468592541085e-15 1.205085097925773888e-16 6.579312583662789621e+03
8.987315079677122748e-15 1.185607900768237157e-16 6.580059020039527240e+03
8.970831522073114225e-15 1.165925107151593851e-16 6.580805462138136136e+03
8.927192688639429631e-15 1.178890705901650595e-16 6.581551904086869399e+03
8.944379898610432188e-15 1.093719309882792232e-16 6.582298352528345276e+03
9.140335727085617005e-15 1.070181281318842198e-16 6.583044806737058934e+03
8.988531765794384332e-15 1.063949038230642663e-16 6.583791266105758041e+03
9.268339609128402099e-15 1.067325240335013005e-16 6.584537731263586466e+03
9.286393665867275992e-15 1.068897246850686791e-16 6.585284199523835923e+03
9.567175038958438048e-15 1.067139998046181551e-16 6.586030672046473228e+03
1.002276109209361888e-14 1.074711755866618746e-16 6.586777150526012520e+03
9.729039836381689924e-15 1.084587881139712932e-16 6.587523633558297661e+03
9.764031336883170309e-15 1.088765360185251620e-16 6.588270119608465393e+03
9.952125718038879407e-15 1.092646559607625584e-16 6.589016611136139545e+03
9.432819922297487300e-15 1.091929744690595340e-16 6.589763108525723510e+03
9.815431358075049999e-15 1.091584506830977106e-16 6.590509608849230062e+03
9.690542028130026833e-15 1.090811188368255172e-16 6.591256113845121945e+03
9.397156740890927312e-15 1.090559992090826665e-16 6.592002625739604809e+03
9.461915293958272678e-15 1.088763092730694139e-16 6.592749141762530598e+03
9.464916290910730307e-15 1.096528057899607299e-16 6.593495660768233392e+03
9.538684820098892922e-15 1.108196887229956775e-16 6.594242184551243554e+03
9.713248230907036347e-15 1.121152445847323080e-16 6.594988715029262494e+03
9.553545969264029001e-15 1.130370931022147778e-16 6.595735248464519827e+03
9.056864232328507001e-15 1.137675801403591510e-16 6.596481787158050793e+03
9.196852787953928151e-15 1.137493604758400020e-16 6.597228331129848812e+03
9.450105980569559126e-15 1.136933735397926177e-16 6.597974877952106908e+03
1.144556072007695222e-14 1.136079146043454491e-16 6.598721430594036065e+03
1.478524943239062828e-14 1.131305800787741909e-16 6.599467988092313135e+03
1.901275922337622476e-14 1.125199107931975139e-16 6.600214548888961872e+03
2.138730096654200227e-14 1.118129807115564980e-16 6.600961114730776899e+03
2.216430775084343376e-14 1.114504635113177647e-16 6.601707686594724692e+03
2.307989366022003357e-14 1.118225998636998347e-16 6.602454261559433689e+03
2.323408441254089007e-14 1.124868730731270220e-16 6.603200840082457034e+03
2.359923266862028484e-14 1.132335846752206537e-16 6.603947424859637977e+03
2.380291362917300656e-14 1.136666071260375549e-16 6.604694015072005641e+03
2.358937381939048452e-14 1.135748803332011877e-16 6.605440609319340183e+03
2.307534081195436406e-14 1.134109795483946336e-16 6.606187209156394601e+03
2.257432329135533065e-14 1.126273620192690021e-16 6.606933812483451220e+03
2.290671100510670610e-14 1.110883566562386864e-16 6.607680419382075343e+03
2.287319249759125185e-14 1.091080204201360507e-16 6.608427031987655937e+03
2.259173381918555011e-14 1.078658034785028272e-16 6.609173649790038326e+03
2.228777543293152731e-14 1.070391814629070718e-16 6.609920269969331457e+03
2.204522355086446362e-14 1.074478884788350159e-16 6.610666895904124431e+03
2.149473287307978238e-14 1.121583868725766950e-16 6.611413529299719812e+03
2.072009837444731249e-14 1.075121868890094019e-16 6.612160165637909813e+03
1.942248719926030514e-14 1.066277955843264640e-16 6.612906804926631594e+03
1.628097645204345305e-14 1.067333897775571788e-16 6.613653450476345824e+03
1.349984597612899977e-14 1.068281945052505321e-16 6.614400101933379119e+03
1.162894584264554022e-14 1.071628694634100955e-16 6.615146755924401077e+03
1.077344440855417986e-14 1.072184239260922012e-16 6.615893412504552543e+03
9.998358924153177955e-15 1.069884562069787639e-16 6.616640075997982422e+03
9.274301658818947179e-15 1.069911354499763990e-16 6.617386746124348065e+03
9.224411292738655377e-15 1.073448825359471400e-16 6.618133418857385550e+03
8.724774440527329811e-15 1.075778302098716352e-16 6.618880096859933474e+03
9.500474175853024852e-15 1.094097244433814336e-16 6.619626780865690307e+03
9.804994379797341634e-15 1.091289083122613643e-16 6.620373467346349571e+03
1.068100143301573275e-14 1.087086923545778892e-16 6.621120158460694256e+03
1.132852952156266600e-14 1.087774192189640878e-16 6.621866855521825528e+03
1.125599527119055751e-14 1.092246110212189221e-16 6.622613557114595096e+03
1.164592139100736617e-14 1.100198283114131739e-16 6.623360262396739927e+03
1.183549482146790456e-14 1.109830906325620862e-16 6.624106971754965343e+03
1.188794145622723820e-14 1.117764267114208081e-16 6.624853686662529071e+03
1.219602381771319541e-14 1.123433413611704027e-16 6.625600407159801762e+03
1.220883115279810523e-14 1.129978991743851487e-16 6.626347130849018868e+03
1.184666894109666799e-14 1.132891887650038987e-16 6.627093858976635602e+03
1.191082087373234587e-14 1.136347559904281207e-16 6.627840592547060623e+03
1.172304699270788023e-14 1.134044201393826714e-16 6.628587330535896399e+03
1.198081969855086464e-14 1.133702993059295100e-16 6.629334072007951363e+03
1.187472318303733461e-14 1.133413220965425797e-16 6.630080819314209293e+03
1.200863713094474608e-14 1.136910244160405058e-16 6.630827571338619236e+03
1.211996034108477265e-14 1.135118133944551770e-16 6.631574327950329462e+03
1.208027348373223380e-14 1.135181099194677675e-16 6.632321089678073804e+03
1.192414866034990611e-14 1.132935978079059265e-16 6.633067855453524317e+03
1.166837085147856413e-14 1.130740013666803186e-16 6.633814625761684511e+03
1.062359690944917695e-14 1.132153173474549826e-16 6.634561400700082231e+03
1.011910230053374750e-14 1.134848505723901379e-16 6.635308180029776850e+03
9.672752584842081459e-15 1.138123231413275425e-16 6.636054963327278529e+03
9.640632493529113003e-15 1.131176805331110171e-16 6.636801751339246948e+03
9.403975037331006198e-15 1.123983255569581022e-16 6.637548545032741458e+03
9.448651446587228323e-15 1.116129435603464401e-16 6.638295343580160079e+03
9.379531284961781416e-15 1.107688853530301591e-16 6.639042145742295361e+03
8.964247874719053557e-15 1.100159868344104255e-16 6.639788953392035182e+03
9.310125198126647594e-15 1.103696281953634465e-16 6.640535764938475040e+03
9.261754903471935580e-15 1.128625839411706556e-16 6.641282580681856416e+03
9.378569254166229048e-15 1.304142686275658082e-16 6.642029401871081063e+03
9.774270946007055881e-15 1.150449559037079962e-16 6.642776227337885757e+03
9.324303052366727784e-15 1.119374686584320216e-16 6.643523057680332386e+03
9.134479286424135530e-15 1.110441230897471107e-16 6.644269893566771316e+03
9.475519250014357200e-15 1.107709673779265697e-16 6.645016733129563363e+03
9.222431279831333672e-15 1.108476522843153659e-16 6.645763576082887084e+03
9.441306004117048011e-15 1.108358144163882596e-16 6.646510425477090394e+03
9.263235228538876066e-15 1.111221030441372806e-16 6.647257279450992428e+03
9.670936883478955371e-15 1.112810884472706409e-16 6.648004137356059800e+03
9.496110865435734658e-15 1.116821155270703251e-16 6.648751000908228889e+03
9.390725404301240706e-15 1.123365993880190528e-16 6.649497868120111889e+03
9.456173060217403188e-15 1.142503615433283545e-16 6.650244739300887886e+03
9.472275160213604845e-15 1.124357442725590266e-16 6.650991615764727612e+03
9.503862759914512004e-15 1.125783335830824819e-16 6.651738495825873542e+03
9.873942497628105105e-15 1.127894134233109430e-16 6.652485382292051327e+03
9.530232987368089148e-15 1.128429883238080646e-16 6.653232273845761483e+03
9.260702990632593318e-15 1.128484935013317399e-16 6.653979166757831990e+03
9.125026605819468424e-15 1.128137866183455210e-16 6.654726065752939576e+03
9.545724573317129337e-15 1.127981133501706802e-16 6.655472970539085509e+03
9.734263215641589987e-15 1.130269747495389177e-16 6.656219879455293267e+03
9.665564455259185780e-15 1.132369838325292649e-16 6.656966792672581505e+03
9.263935432157946015e-15 1.137043469514149196e-16 6.657713711051947030e+03
9.619459994599292899e-15 1.142160050865098293e-16 6.658460633781462093e+03
9.526687173658902452e-15 1.143858993087920577e-16 6.659207560352495420e+03
9.309419696817841379e-15 1.144415105604811038e-16 6.659954493321010887e+03
9.691074315594787640e-15 1.145906440681505976e-16 6.660701429647935583e+03
9.530870281860265896e-15 1.145632008073701434e-16 6.661448368666780880e+03
9.737515265209106294e-15 1.142749462425497786e-16 6.662195314542796041e+03
9.722440963874803607e-15 1.137417845603140265e-16 6.662942264538099153e+03
9.543090359697415202e-15 1.139475082519281020e-16 6.663689218645595247e+03
9.495271627409396437e-15 1.138352317052594555e-16 6.664436178898446087e+03
9.387130128471323967e-15 1.137730215412056081e-16 6.665183143229220150e+03
9.313987469277061214e-15 1.135584056676587691e-16 6.665930110828783654e+03
9.420118931723555287e-15 1.128987968971444252e-16 6.666677083666664657e+03
9.667937166085913963e-15 1.129414421029644858e-16 6.667424062982843679e+03
9.314852939015267053e-15 1.129698625385564541e-16 6.668171045990611674e+03
9.357217811808526560e-15 1.134780980822709490e-16 6.668918032013138145e+03
9.508386070665114455e-15 1.133070759475953686e-16 6.669665023094956268e+03
9.383595100826628178e-15 1.134694366946555016e-16 6.670412019801390670e+03
9.322320868796021780e-15 1.123897027424247140e-16 6.671159020004592094e+03
9.432283769276678858e-15 1.119229043207732300e-16 6.671906024375624838e+03
9.316854842552856280e-15 1.112682182347088404e-16 6.672653033540957040e+03
9.399836369970167624e-15 1.109630121791155253e-16 6.673400048161743143e+03
9.281126022763889484e-15 1.108485292422331543e-16 6.674147068311177463e+03
8.935449110760083100e-15 1.111622485696812919e-16 6.674894091038342594e+03
9.400987449225313553e-15 1.114518139257781387e-16 6.675641118881359034e+03
9.526739038293264762e-15 1.117341019021490122e-16 6.676388152463199731e+03
9.642274367497877958e-15 1.117280256199942128e-16 6.677135190480554229e+03
9.501312373505766623e-15 1.118035484879954445e-16 6.677882232034240587e+03
9.386590924503038906e-15 1.119595052766545936e-16 6.678629278139622329e+03
9.329460519799334934e-15 1.120693399173672001e-16 6.679376329854085270e+03
9.404712895286139576e-15 1.120121075370049326e-16 6.680123385448969202e+03
9.637499607993293446e-15 1.118914392119581956e-16 6.680870444766518631e+03
9.730554435574349418e-15 1.120150569045058596e-16 6.681617508444018313e+03
9.303529138317171240e-15 1.119766492140054790e-16 6.682364578779364820e+03
9.505237746737098754e-15 1.119063946569639452e-16 6.683111651944827827e+03
9.599895382341600771e-15 1.118296196868018377e-16 6.683858729705508267e+03
9.470433759668371215e-15 1.119087729970102045e-16 6.684605813770436725e+03
9.336539113579283807e-15 1.119540283679518920e-16 6.685352901115544228e+03
9.296919068015036419e-15 1.116028708440501368e-16 6.686099993527952392e+03
9.264034063603810900e-15 1.117367873031005191e-16 6.686847090507146277e+03
9.416233714002789582e-15 1.119513164431249426e-16 6.687594191743838564e+03
9.370600037581711839e-15 1.124268520297118045e-16 6.688341298176368582e+03
9.213573532175340450e-15 1.126115517918734728e-16 6.689088409003619745e+03
9.753488681634758912e-15 1.127951585503739041e-16 6.689835523828587611e+03
9.597540913500014106e-15 1.129913532574106391e-16 6.690582643559670032e+03
9.381700526765208097e-15 1.131518485403544331e-16 6.691329768845198487e+03
9.870360848630720051e-15 1.132885148996125530e-16 6.692076897261053091e+03
9.458894905933172813e-15 1.134992623494680632e-16 6.692824030236807630e+03
9.807159922931345404e-15 1.144782292540548898e-16 6.693571168450178448e+03
9.540804659261420981e-15 1.335421882594739602e-16 6.694318311017975248e+03
9.466621132874081174e-15 1.145907890969037872e-16 6.695065457703167340e+03
9.685289624648837894e-15 1.141306596841845875e-16 6.695812609247041109e+03
9.431295929220705591e-15 1.143749369132218110e-16 6.696559766361749098e+03
9.383751836123731519e-15 1.142777985664187377e-16 6.697306928146874270e+03
9.493200957849885786e-15 1.141563940484552670e-16 6.698054093618111438e+03
9.772413839764228280e-15 1.142622718033740351e-16 6.698801263242274217e+03
9.498195872383650858e-15 1.141273507728672696e-16 6.699548437187362651e+03
9.711105634313731381e-15 1.142928532381611684e-16 6.700295615346129125e+03
9.374157033047145444e-15 1.143234204009701859e-16 6.701042799929011380e+03
9.311869384359196157e-15 1.141954900167918267e-16 6.701789989573328967e+03
9.647382236385846168e-15 1.141296322678848867e-16 6.702537182323111665e+03
9.715517624300864313e-15 1.138124323366041531e-16 6.703284379170548164e+03
9.346539502233917519e-15 1.137028744235559702e-16 6.704031580471048073e+03
9.209314951789423332e-15 1.136966438234624908e-16 6.704778787204163564e+03
9.547076162129027132e-15 1.139769661355119849e-16 6.705525998934277595e+03
9.637066382225001201e-15 1.140879640314518575e-16 6.706273213053639665e+03
9.876426964786933391e-15 1.137874192738632912e-16 6.707020433520410734e+03
9.664697956837899789e-15 1.136348727213043216e-16 6.707767659435799942e+03
9.169914113216674997e-15 1.137761954380731386e-16 6.708514887465878019e+03
9.322460992898843188e-15 1.136481286150934202e-16 6.709262121017362006e+03
9.318308997652742731e-15 1.133504929342892206e-16 6.710009359776284327e+03
9.341902809105759200e-15 1.131482284372418187e-16 6.710756602560821193e+03
9.942284940708237947e-15 1.130556873895213560e-16 6.711503850018802950e+03
9.464256906449910023e-15 1.133575869749662019e-16 6.712251104081976337e+03
9.630103200503221716e-15 1.134168223730726572e-16 6.712998361091398692e+03
9.569248271359114408e-15 1.128312210501439665e-16 6.713745620573165070e+03
9.579065539974033543e-15 1.129747681882145985e-16 6.714492886444068972e+03
9.310332156667257101e-15 1.130198090350958057e-16 6.715240156712276075e+03
9.536779999562390779e-15 1.130664627037449753e-16 6.715987431833114897e+03
9.571572042786294458e-15 1.130420268535068325e-16 6.716734711555101057e+03
9.651444254444075248e-15 1.127773349448142415e-16 6.717481993770765257e+03
9.748659877584750239e-15 1.127624102521902694e-16 6.718229282275797232e+03
9.591430719943237914e-15 1.124509412170430541e-16 6.718976576094528355e+03
9.692168515096450221e-15 1.123029372135185154e-16 6.719723873209146404e+03
9.686237758647392076e-15 1.123422435018875988e-16 6.720471175597917863e+03
9.427033447257340310e-15 1.123974071669159917e-16 6.721218482367999968e+03
9.546534959492753003e-15 1.126158314584003174e-16 6.721965793030831264e+03
9.395430137136948149e-15 1.124669745767920334e-16 6.722713108200112401e+03
9.413804569022976061e-15 1.126271840249022307e-16 6.723460428916539058e+03
9.659811068711996114e-15 1.128529016332766940e-16 6.724207754733593902e+03
9.713908794551464268e-15 1.136490734093344136e-16 6.724955083314622243e+03
9.137223765701213638e-15 1.142822828181991881e-16 6.725702418313703674e+03
9.491325553195271986e-15 1.151475054365015269e-16 6.726449756849669939e+03
9.251652395363358729e-15 1.161537760495084219e-16 6.727197100787871022e+03
9.148501951422722377e-15 1.162812596808243466e-16 6.727944448538688448e+03
9.155114053565933546e-15 1.166335353725862418e-16 6.728691802212748371e+03
9.326321935901552941e-15 1.170860238479414906e-16 6.729439157647047978e+03
9.100491332114617632e-15 1.170385549798246245e-16 6.730186518957858425e+03
9.097844432657488120e-15 1.173728109276026394e-16 6.730933883896750558e+03
9.045080756511827969e-15 1.173710328825329349e-16 6.731681253952776387e+03
9.417340916584290592e-15 1.176098995647874061e-16 6.732428629592011021e+03
9.463055402341358517e-15 1.179464741192478358e-16 6.733176009238820370e+03
9.396797567523732892e-15 1.179823818528692333e-16 6.733923393094584753e+03
9.543915591791376785e-15 1.174976888067914852e-16 6.734670781006105244e+03
9.385089857596682050e-15 1.173127236854756447e-16 6.735418173711977033e+03
9.383603011132760006e-15 1.173480090836115323e-16 6.736165572811543825e+03
9.409853457256159369e-15 1.169205240469717060e-16 6.736912973027623593e+03
9.427101571596395924e-15 1.171140543595512720e-16 6.737660379284079681e+03
9.702683394987544972e-15 1.170649824917488485e-16 6.738407792070224787e+03
9.464789978875138503e-15 1.155323113743079903e-16 6.739155205380975531e+03
9.479229524608523136e-15 1.149506578457394718e-16 6.739902626195690573e+03
9.606175737565955683e-15 1.140616068087390664e-16 6.740650050993153855e+03
9.694376731220579394e-15 1.132855178733046405e-16 6.741397478375261016e+03
9.353573764718932376e-15 1.130789721220659779e-16 6.742144914194319426e+03
9.357155162591778900e-15 1.125043824147900590e-16 6.742892352893168209e+03
9.464880997579369169e-15 1.122506710440237852e-16 6.743639795446782955e+03
9.201501276541235314e-15 1.119406692210358265e-16 6.744387241425803950e+03
9.231800186502460354e-15 1.115045900392428711e-16 6.745134693283833258e+03
9.336165620560708533e-15 1.112057396222185696e-16 6.745882149019309509e+03
9.284284813303228219e-15 1.113974224659375199e-16 6.746629608550616467e+03
9.446600682233036438e-15 1.119796883136153894e-16 6.747377074076137433e+03
9.991074923597727126e-15 1.109400319753500006e-16 6.748124545076034337e+03
9.788887264360054828e-15 1.107289445894182680e-16 6.748872019922528125e+03
9.271516350347382293e-15 1.108021204981690599e-16 6.749619497985999260e+03
9.439009346309803779e-15 1.107806585144510416e-16 6.750366981552169818e+03
9.331884394332128750e-15 1.112074073811554274e-16 6.751114470582948343e+03
9.471003775165147618e-15 1.109707323709839170e-16 6.751861962464496173e+03
9.193417391882368731e-15 1.102314597558439648e-16 6.752609460019528342e+03
9.517871273516248038e-15 1.096119326507417342e-16 6.753356962130841566e+03
1.008739052071244781e-14 1.091705873233826219e-16 6.754104465776788857e+03
1.091299426594535107e-14 1.092809045522669507e-16 6.754851976758171077e+03
1.167588595541618766e-14 1.090037490905023920e-16 6.755599494295674958e+03
1.195417775266479041e-14 1.093128828866447963e-16 6.756347013525874900e+03
1.270698956023629490e-14 1.103389372471633285e-16 6.757094536266609794e+03
1.252002320028241741e-14 1.114790946589833235e-16 6.757842063859940026e+03
1.291674175560935621e-14 1.118750838564036822e-16 6.758589596837944555e+03
1.282849629619275056e-14 1.118931061222685175e-16 6.759337134756162413e+03
1.322185666291491328e-14 1.118995136455977526e-16 6.760084677067394296e+03
1.290617333196864482e-14 1.121413204440623690e-16 6.760832223742405404e+03
1.322609541100732975e-14 1.116667909652439758e-16 6.761579775003686336e+03
1.320865023960531842e-14 1.113165775109129068e-16 6.762327330757000709e+03
1.271370241365553829e-14 1.112509863948485718e-16 6.763074890097588650e+03
1.284572096456182862e-14 1.115253314931173042e-16 6.763822454324130376e+03
1.310246735981564456e-14 1.111287759162581864e-16 6.764570024531138188e+03
1.295479888248138407e-14 1.113150178918329428e-16 6.765317597773574562e+03
1.297082230506002442e-14 1.114155634404969359e-16 6.766065175576199181e+03
1.271400478414488685e-14 1.117015861451001671e-16 6.766812759332687165e+03
1.257037981808021843e-14 1.117940153587039333e-16 6.767560345954223521e+03
1.239845547971852806e-14 1.117760709390816231e-16 6.768307937254932767e+03
1.193130917129415507e-14 1.120470387613062327e-16 6.769055533751984512e+03
1.218465908120135355e-14 1.118832941048566825e-16 6.769803134722893446e+03
1.170643325635517211e-14 1.113018833649819992e-16 6.770550740859185680e+03
1.186283660945661202e-14 1.106206792362485859e-16 6.771298350560198742e+03
1.194173791193774239e-14 1.103773861391882976e-16 6.772045963799268065e+03
1.219966624579250108e-14 1.102787035283189193e-16 6.772793582378095380e+03
1.219759174350411141e-14 1.105090482287333541e-16 6.773541206140074792e+03
1.234135152355857578e-14 1.109704119963704475e-16 6.774288834591267005e+03
1.217404077534673668e-14 1.111148241925485906e-16 6.775036466293044214e+03
1.182091414953210280e-14 1.113994268682660372e-16 6.775784103184292690e+03
1.163929576266429290e-14 1.112578994679848256e-16 6.776531744524155329e+03
1.181105527916399039e-14 1.109031592173378632e-16 6.777279388876532721e+03
1.185907362561843044e-14 1.110773360253370575e-16 6.778027039478973165e+03
1.179150420410634133e-14 1.106552563422410483e-16 6.778774695968982996e+03
1.185892486342940924e-14 1.109275655152380583e-16 6.779522355880109899e+03
1.192940648509406196e-14 1.113964406795127987e-16 6.780270018124322633e+03
1.158251598694605541e-14 1.116772126062472195e-16 6.781017686139700345e+03
1.154016860510304987e-14 1.116306021602705594e-16 6.781765359958018053e+03
1.071683336198428773e-14 1.119293768594677629e-16 6.782513037650664046e+03
1.060594115185891317e-14 1.115251923351281572e-16 6.783260719151521698e+03
9.954324397540387312e-15 1.113819493568053586e-16 6.784008403826361246e+03
9.860141196366965689e-15 1.115975292075391083e-16 6.784756094284758547e+03
9.407908750840351921e-15 1.113295372445318194e-16 6.785503790212171225e+03
9.490492037469929555e-15 1.111809961785378866e-16 6.786251489054908234e+03
9.117470803983027417e-15 1.108381682695652956e-16 6.786999192796050011e+03
9.076808202361789200e-15 1.105648682810052456e-16 6.787746902292861705e+03
9.195901508085152882e-15 1.103761100258811494e-16 6.788494616118576232e+03
9.627759395130904553e-15 1.108352487372522765e-16 6.789242333244612382e+03
9.256851746285345715e-15 1.099376864805673682e-16 6.789990054700986548e+03
9.288329928172113057e-15 1.099814383615494721e-16 6.790737781384334085e+03
9.189182901653826603e-15 1.100857611989617142e-16 6.791485512939842010e+03
9.237761082935032190e-15 1.102360521415730614e-16 6.792233248831142191e+03
9.284133512586414399e-15 1.102800266422819377e-16 6.792980988676934430e+03
9.157447937052624073e-15 1.103087287889671342e-16 6.793728732723629037e+03
9.249852910746031758e-15 1.103339632121273317e-16 6.794476481333402262e+03
9.268841709115013083e-15 1.103110519301261125e-16 6.795224234738061568e+03
9.135366481757336584e-15 1.105195184701313986e-16 6.795971992850289098e+03
9.488558536939087130e-15 1.106703264902357160e-16 6.796719755544465443e+03
9.553866580733387219e-15 1.109295807771149627e-16 6.797467522666994228e+03
8.986658389667757294e-15 1.110500407848635179e-16 6.798215294175128292e+03
9.133846147724244962e-15 1.111776071610909100e-16 6.798963070039861122e+03
9.207943740418306520e-15 1.107962418341659657e-16 6.799710850267875685e+03
9.297343195270094872e-15 1.106224535678005319e-16 6.800458634948673534e+03
9.389459194865860788e-15 1.104597600310849462e-16 6.801206424187404991e+03
9.392248688688500367e-15 1.103874885095699637e-16 6.801954218091759685e+03
9.306557132873495296e-15 1.104238186801892171e-16 6.802702016651948725e+03
9.075076102908234187e-15 1.105796448223073348e-16 6.803449819864616984e+03
9.551923333640826782e-15 1.104256145940966526e-16 6.804197627517850378e+03
9.472196289612828890e-15 1.100271544475516161e-16 6.804945438746915897e+03
9.390071397019552253e-15 1.098375743766274633e-16 6.805693253167637522e+03
9.392761238198110524e-15 1.096928767688976544e-16 6.806441074317896891e+03
9.450146767434083697e-15 1.095441088293956462e-16 6.807188901300226462e+03
9.419712313923619565e-15 1.096208608727298355e-16 6.807936729432536595e+03
9.404768795541124066e-15 1.094921462427310667e-16 6.808684562452170212e+03
9.295074819714259305e-15 1.095645657244735761e-16 6.809432400783123740e+03
9.300524217184909568e-15 1.096398821567433874e-16 6.810180243521919692e+03
8.972447303848976778e-15 1.096299387039730154e-16 6.810928092238405952e+03
9.017903388581608613e-15 1.094477677330050604e-16 6.811675944535639246e+03
9.244953794156331191e-15 1.093612391015583916e-16 6.812423800630296682e+03
8.911975191182842682e-15 1.094277123403599718e-16 6.813171662293812915e+03
9.223799113751596732e-15 1.093120621750130160e-16 6.813919526164790113e+03
9.022346919725837042e-15 1.098538698490169468e-16 6.814667395151218443e+03
9.037181808817217776e-15 1.093746271544295165e-16 6.815415271063546243e+03
9.396891444963035626e-15 1.097947435756966732e-16 6.816163148941392137e+03
8.997887648842728026e-15 1.116953401642177382e-16 6.816911030897725141e+03
9.072660268867235322e-15 1.143981077887693784e-16 6.817658919270050319e+03
9.362090425434393125e-15 1.186423428912053805e-16 6.818406812518483093e+03
8.997052084666954907e-15 1.251695443456213446e-16 6.819154709558422837e+03
9.399943281573224176e-15 1.313306690415423412e-16 6.819902612123907602e+03
8.934810834450388357e-15 1.366604411379732026e-16 6.820650518522555103e+03
9.266101627036147951e-15 1.396642756706801787e-16 6.821398428941745806e+03
8.929291750990805422e-15 1.413426802989842299e-16 6.822146343128357330e+03
8.997590668680727376e-15 1.432113277904887558e-16 6.822894262650709607e+03
8.892709346448272314e-15 1.465432870428676390e-16 6.823642185320968565e+03
8.935596263945565294e-15 1.515637387969774892e-16 6.824390111892747882e+03
8.935063462117121085e-15 1.562168465917068632e-16 6.825138045824391156e+03
9.535280028340884110e-15 1.616059011377877661e-16 6.825885983861777277e+03
8.891432461728141564e-15 1.625383507827153097e-16 6.826633925120813728e+03
9.018808828230347273e-15 1.623369823983403009e-16 6.827381869741535411e+03
8.941082627244299070e-15 1.624501270480916466e-16 6.828129820856577680e+03
9.271040188297519874e-15 1.622998831345921205e-16 6.828877774345944999e+03
9.081005704512268209e-15 1.618401135974925161e-16 6.829625734353539883e+03
8.986714116448066696e-15 1.613594666599020073e-16 6.830373697269633340e+03
9.041989088761627409e-15 1.600496471500880712e-16 6.831121664435366256e+03
9.059171279481718985e-15 1.589047715150558909e-16 6.831869637407866321e+03
9.085987108132110378e-15 1.557991411697834898e-16 6.832617613420229645e+03
9.325528422589041672e-15 1.512250993693365594e-16 6.833365594214179509e+03
9.290946881789040887e-15 1.468303089892149749e-16 6.834113579812987155e+03
9.285330873731241473e-15 1.425366297891998594e-16 6.834861568376290052e+03
8.973612225241161762e-15 1.399052077129239758e-16 6.835609562898568583e+03
8.910038386807072289e-15 1.381957203283381465e-16 6.836357561788538078e+03
9.070682252195478485e-15 1.353082913415804754e-16 6.837105565288156868e+03
8.824216343132262459e-15 1.307913907480974769e-16 6.837853572249392528e+03
8.973709289706142765e-15 1.253750866258973246e-16 6.838601586060009140e+03
9.542623311414675931e-15 1.202840248457479571e-16 6.839349600872583324e+03
9.194492866266626148e-15 1.170798199485769474e-16 6.840097618800624332e+03
8.966884311113967335e-15 1.153559059439098030e-16 6.840845644900440675e+03
8.899295855109883617e-15 1.148933533138878548e-16 6.841593676826332739e+03
8.988140975933374673e-15 1.150873779175468050e-16 6.842341710175729531e+03
8.607533915852943773e-15 1.140023014102010181e-16 6.843089747807624917e+03
8.735095238963118419e-15 1.135736169068911113e-16 6.843837792215344052e+03
8.866436888089054204e-15 1.123337234322804409e-16 6.844585840580021795e+03
8.616831544899616419e-15 1.109799591882596270e-16 6.845333893008619270e+03
9.126256157162956432e-15 1.093329037808042674e-16 6.846081949223031188e+03
8.731593139346579983e-15 1.084055408907844432e-16 6.846830009066861749e+03
9.214227573904030303e-15 1.074753943360011096e-16 6.847578073686511743e+03
8.842893157255664761e-15 1.068177437780746255e-16 6.848326143194810356e+03
9.141019611435919776e-15 1.066175888046797558e-16 6.849074217413202859e+03
9.258441632586041775e-15 1.065086975136330739e-16 6.849822296310388992e+03
9.002963070020673778e-15 1.065299316341209675e-16 6.850570379953749580e+03
8.788199470616327949e-15 1.070390618717913883e-16 6.851318468043011308e+03
8.941874080679088883e-15 1.083965128651321172e-16 6.852066559881075591e+03
8.494475534275689952e-15 1.130071535690363249e-16 6.852814655085741833e+03
8.105370805177466151e-15 1.223895411155352435e-16 6.853562755670098340e+03
8.719732833925487507e-15 1.330474040979646092e-16 6.854310863164841066e+03
9.440278661493194458e-15 1.418791681505212299e-16 6.855058975527026632e+03
9.252335470211797331e-15 1.477631691582257862e-16 6.855807090067492027e+03
9.079551346777862473e-15 1.498784064244102168e-16 6.856555210136675669e+03
8.462934660086891047e-15 1.503422973453657587e-16 6.857303331982178861e+03
8.773129421510775858e-15 1.500769695189466970e-16 6.858051460725537254e+03
7.980194039684596915e-15 1.497217449433831093e-16 6.858799590848722801e+03
8.371537669778001105e-15 1.496586041756872222e-16 6.859547728682176057e+03
8.221048016470154419e-15 1.496828175223986544e-16 6.860295868980841988e+03
7.809943360535176886e-15 1.505908629520025964e-16 6.861044013868735419e+03
7.476556249528810259e-15 1.512027252843506562e-16 6.861792163854849605e+03
7.444864460858789512e-15 1.517418258547259031e-16 6.862540318295452380e+03
6.954459895799496155e-15 1.519583491386584901e-16 6.863288477032123410e+03
7.220794849353759083e-15 1.515935863601808773e-16 6.864036640322678068e+03
7.360625952147103267e-15 1.511113901388134626e-16 6.864784805698367563e+03
6.811794569216320493e-15 1.496660095799699045e-16 6.865532980206005050e+03
6.763376943902728818e-15 1.470097241488406998e-16 6.866281155077203948e+03
6.931263595255840890e-15 1.400062923014831119e-16 6.867029335818788240e+03
7.057666394486677972e-15 1.305329528624193980e-16 6.867777521547121069e+03
7.536259914830229963e-15 1.202332133174299680e-16 6.868525711836157825e+03
7.482449413680445581e-15 1.109386205326056141e-16 6.869273899054843241e+03
7.189737023935250472e-15 1.062385439519112956e-16 6.870022098058563643e+03
6.442209840406057713e-15 1.061036880494175382e-16 6.870770300630112615e+03
6.687873695781102923e-15 1.074749356091062995e-16 6.871518505105038457e+03
6.940659527161696157e-15 1.088618443785401204e-16 6.872266719936338632e+03
7.013675941251638218e-15 1.093325174670597659e-16 6.873014935404049538e+03
7.267878862504415931e-15 1.094080038400814457e-16 6.873763154568219761e+03
7.487431193922836513e-15 1.086563546048227945e-16 6.874511380756182916e+03
7.445338600963638425e-15 1.078773025234614084e-16 6.875259608845482035e+03
7.780131630884580668e-15 1.070015533064429432e-16 6.876007842014938433e+03
7.529247569260089755e-15 1.065361437114036916e-16 6.876756080698511141e+03
7.810784080250901490e-15 1.067427822663828507e-16 6.877504323009384279e+03
7.449054110498677505e-15 1.079760471080253483e-16 6.878252569898371803e+03
7.465774562135893550e-15 1.102371480011079535e-16 6.879000820095037852e+03
7.705702580444259729e-15 1.128918023763358642e-16 6.879749075120348607e+03
7.704100631301755960e-15 1.149898421719076955e-16 6.880497337209812940e+03
7.711765817061802600e-15 1.165544837586707616e-16 6.881245602927778236e+03
7.681809323185061606e-15 1.169752735520146656e-16 6.881993870811768829e+03
7.599283286826696665e-15 1.168739191219890099e-16 6.882742142824935399e+03
8.106028454223346699e-15 1.164477936409152064e-16 6.883490422135750123e+03
7.761966916768189071e-15 1.151593760291789203e-16 6.884238704578147008e+03
7.704147821669457620e-15 1.140567218094997422e-16 6.884986989679741782e+03
7.840674099256168571e-15 1.130840517221359297e-16 6.885735280209729353e+03
7.334509977512727227e-15 1.123435979043210776e-16 6.886483576594662736e+03
7.314675611991239513e-15 1.115021582033700703e-16 6.887231875970990586e+03
7.179415615130069966e-15 1.112414423669793117e-16 6.887980178144254751e+03
7.338917393578903584e-15 1.108895312992933901e-16 6.888728486075273395e+03
7.438795796724610147e-15 1.112786052887283525e-16 6.889476800669145632e+03
7.592421586550903037e-15 1.127424554227073301e-16 6.890225117907115418e+03
7.091895292792763228e-15 1.149155363304709533e-16 6.890973437697215559e+03
7.487810443171633811e-15 1.165915800876217871e-16 6.891721764844620338e+03
7.589118772472709724e-15 1.163795146855760111e-16 6.892470095687323919e+03
7.442578420668514480e-15 1.152876223648331507e-16 6.893218430317846469e+03
7.600276636357618899e-15 1.134832441450311502e-16 6.893966770082739458e+03
7.602553804869532421e-15 1.115482242217144727e-16 6.894715112745501756e+03
7.690683644059907261e-15 1.105396560045595055e-16 6.895463459327789678e+03
7.574125542745767533e-15 1.102154421733418464e-16 6.896211811199840668e+03
7.364156014482630372e-15 1.100802371152403782e-16 6.896960168415440421e+03
7.639291234394866483e-15 1.099332143934283150e-16 6.897708529954339610e+03
7.492297870864838735e-15 1.097469424121217499e-16 6.898456895715280552e+03
7.663068105429143135e-15 1.094814407704813392e-16 6.899205265402513760e+03
7.421618840352403394e-15 1.096022976399945858e-16 6.899953638586506713e+03
7.714548866212152725e-15 1.098291949091412185e-16 6.900702017604900902e+03
7.548703250790279258e-15 1.110658786310734015e-16 6.901450401030278044e+03
7.635940552467744549e-15 1.139317283581236264e-16 6.902198787762087704e+03
7.704192847505541888e-15 1.169880719831476590e-16 6.902947180735245638e+03
7.934809108763098654e-15 1.190447504793131091e-16 6.903695577928217972e+03
7.858525237073480254e-15 1.193663827270229180e-16 6.904443979087456682e+03
7.870245438093336282e-15 1.183334746415840626e-16 6.905192384660198513e+03
8.154334549701382310e-15 1.168685133514152681e-16 6.905940792298382803e+03
7.861092321054391174e-15 1.157441670540759589e-16 6.906689205086673610e+03
7.935297664996957177e-15 1.154938398885555521e-16 6.907437624711211356e+03
8.139091401331931717e-15 1.156304589045783383e-16 6.908186048274583300e+03
7.999556914331382727e-15 1.158291393650340814e-16 6.908934473790756783e+03
8.011636067665300750e-15 1.160498471980448618e-16 6.909682903718443413e+03
8.056989118408563208e-15 1.163873253594018901e-16 6.910431339753129578e+03
8.346125778911157939e-15 1.168177959169900311e-16 6.911179779330241217e+03
8.044474571421909462e-15 1.185407437016869668e-16 6.911928224272176521e+03
7.961405653429275506e-15 1.230575253822322706e-16 6.912676673271087566e+03
7.652263588252148077e-15 1.290244522671801147e-16 6.913425125438338000e+03
8.275960506202376654e-15 1.340782040548359988e-16 6.914173585279429972e+03
8.422992288501771317e-15 1.369417778295480365e-16 6.914922048479101250e+03
8.284664589180113163e-15 1.372445260049874313e-16 6.915670515295752921e+03
8.327240351809240589e-15 1.351682691452061756e-16 6.916418984779969833e+03
8.549495300181125465e-15 1.331649001101086220e-16 6.917167460963041776e+03
8.487431914790913595e-15 1.308658733825828298e-16 6.917915937528598079e+03
8.451331478526604787e-15 1.300255330453995519e-16 6.918664421176137694e+03
8.038846074774046548e-15 1.305773334984922409e-16 6.919412910030826424e+03
8.111845461533378650e-15 1.304247884490627858e-16 6.920161403032188900e+03
8.534916045380816464e-15 1.306533826461226731e-16 6.920909899642171695e+03
8.305782766642797448e-15 1.307899860530621853e-16 6.921658400066570721e+03
8.274724663807152020e-15 1.310533441783710393e-16 6.922406905706732687e+03
8.499318232407415487e-15 1.311561772125594913e-16 6.923155416949353821e+03
8.547501303979420586e-15 1.314673064463041771e-16 6.923903932156864357e+03
8.329088461005770143e-15 1.313880557747286409e-16 6.924652450418948320e+03
8.507386788863264219e-15 1.308845277707610905e-16 6.925400972911010285e+03
8.457316334078175607e-15 1.272158666169630842e-16 6.926149500878686013e+03
8.906016972342163587e-15 1.212501486947471428e-16 6.926898034156225549e+03
9.045775877027475856e-15 1.153536027212219233e-16 6.927646568298192506e+03
9.260503283693258125e-15 1.114209064378597340e-16 6.928395105713875637e+03
8.918741888341548434e-15 1.104444182802499282e-16 6.929143650300366062e+03
8.480568914068883675e-15 1.128603603944453010e-16 6.929892199963358507e+03
8.617375917278243273e-15 1.154023724559777932e-16 6.930640755136166263e+03
8.342496361125268310e-15 1.176714723208271351e-16 6.931389313646209303e+03
8.582538346189393521e-15 1.187117795876184606e-16 6.932137875028236522e+03
8.489179047034752121e-15 1.188605985432826861e-16 6.932886442283857832e+03
8.239270261732739510e-15 1.190183101364064680e-16 6.933635013290790084e+03
8.801395695102330822e-15 1.191784104517518581e-16 6.934383589267348725e+03
8.631921711728835749e-15 1.193569372574589857e-16 6.935132169272969804e+03
8.537433785167780930e-15 1.193728383447669964e-16 6.935880752813252002e+03
8.527542516385109647e-15 1.198587726569707608e-16 6.936629341739733718e+03
8.330405018768429288e-15 1.204611724513284900e-16 6.937377933474044767e+03
8.677562640243608982e-15 1.235906153914150223e-16 6.938126530818764877e+03
8.262012460773067785e-15 1.296788772895214324e-16 6.938875132438919536e+03
8.105733284017961530e-15 1.364270002504152691e-16 6.939623739818987815e+03
8.765516579017425935e-15 1.417851671508666701e-16 6.940372352361713638e+03
8.348868861165534617e-15 1.454566828432102137e-16 6.941120967013561312e+03
8.494775736183781570e-15 1.464618651617237598e-16 6.941869585727530648e+03
8.496183947693518248e-15 1.455658493793847104e-16 6.942618209603849209e+03
9.126087099852407756e-15 1.429755325967454072e-16 6.943366837698795280e+03
8.992676594374292729e-15 1.416912242764863770e-16 6.944115468791218518e+03
8.908780824409084242e-15 1.400600517859747222e-16 6.944864102736387395e+03
9.006667762110884188e-15 1.391426987243877928e-16 6.945612746317313395e+03
8.625649911435538376e-15 1.392749758642938899e-16 6.946361389989573581e+03
9.009157769598478725e-15 1.397218303497410842e-16 6.947110039176841383e+03
8.357615381747590735e-15 1.392279751132686089e-16 6.947858692009379411e+03
8.882900157672428833e-15 1.393885917196195861e-16 6.948607351852038846e+03
8.514452662030183684e-15 1.396665033228567409e-16 6.949356012334685147e+03
8.857709944589859509e-15 1.397059112695128470e-16 6.950104680034748526e+03
8.686030268347068593e-15 1.397202414999882325e-16 6.950853350129204046e+03
9.029302087756594592e-15 1.377308463277850794e-16 6.951602027226558675e+03
8.962591728102997036e-15 1.328039234033034635e-16 6.952350707670046177e+03
9.660192090885712625e-15 1.262544344950413542e-16 6.953099391650503094e+03
9.772785835324950691e-15 1.196798591513942751e-16 6.953848077172986450e+03
9.185638890491024209e-15 1.144066731891665394e-16 6.954596767271580575e+03
9.088967951178907093e-15 1.117938437651050952e-16 6.955345464891437587e+03
8.876923221640861548e-15 1.110196283701922382e-16 6.956094168227587943e+03
8.830583385635301430e-15 1.111301033720943585e-16 6.956842873776938177e+03
8.917512828042029392e-15 1.110935456196766180e-16 6.957591583391900713e+03
9.116986788621774456e-15 1.113148955224695387e-16 6.958340298658013126e+03
8.983176169106259311e-15 1.125935755562767488e-16 6.959089017058489844e+03
8.919999741195185643e-15 1.142811339159691097e-16 6.959837739831100407e+03
8.688995277677350374e-15 1.167076529691148046e-16 6.960586468063778739e+03
8.962627339082438747e-15 1.184668974315713176e-16 6.961335201248863996e+03
8.507629706431290108e-15 1.196231747381408563e-16 6.962083937550843075e+03
8.940419274840213431e-15 1.202014096311850968e-16 6.962832677228040666e+03
8.973308184011549589e-15 1.242674256240621340e-16 6.963581421626346128e+03
8.947260247544142013e-15 1.488783092851678718e-16 6.964330171479086857e+03
9.068572201163695417e-15 1.850974780612276716e-16 6.965078925554675152e+03
9.102582498731430446e-15 1.436443236645232612e-16 6.965827683491157586e+03
9.292263488127212866e-15 1.230840486695481251e-16 6.966576445393857284e+03
8.835951619437002633e-15 1.231777273305802648e-16 6.967325210807616713e+03
8.980794444032954080e-15 1.266614206943146063e-16 6.968073981507352983e+03
9.034634863061402481e-15 1.305105422075663294e-16 6.968822757856381941e+03
9.043629407648277745e-15 1.343910012207299746e-16 6.969571538553702339e+03
9.262997295011587319e-15 1.369919685092691097e-16 6.970320324686972526e+03
8.917246541152465955e-15 1.378040163570097534e-16 6.971069112712940296e+03
8.998829252043276425e-15 1.379038591424604479e-16 6.971817902495521594e+03
8.847687668525099534e-15 1.372809150438455470e-16 6.972566701951565847e+03
8.934109586719627251e-15 1.360028025638961846e-16 6.973315502463561643e+03
8.893580526207882077e-15 1.344310262864677675e-16 6.974064309462400161e+03
9.105909434000255070e-15 1.324145706770287604e-16 6.974813116805622485e+03
8.802374628102153154e-15 1.304474528878123729e-16 6.975561929376152875e+03
8.819113878678418894e-15 1.298118424234391724e-16 6.976310748611429517e+03
8.798526319369740845e-15 1.297974306769923215e-16 6.977059571701083769e+03
8.591554986469240458e-15 1.300702538818695536e-16 6.977808398753293659e+03
8.905388893834400759e-15 1.301151659039181319e-16 6.978557229891952375e+03
9.132301228129437525e-15 1.293022270130984527e-16 6.979306065894559651e+03
8.660783638721059678e-15 1.289770248093962373e-16 6.980054905981984120e+03
8.669081423759279359e-15 1.279978057446884515e-16 6.980803749699283799e+03
8.877410640323103135e-15 1.253084216227475478e-16 6.981552598319692152e+03
9.242349040211752521e-15 1.220867007541521401e-16 6.982301453553987812e+03
9.392572743926913886e-15 1.175013221407333376e-16 6.983050308271287577e+03
9.214795042221642811e-15 1.136361032363209400e-16 6.983799167746012245e+03
9.046970486462619385e-15 1.115904886692244551e-16 6.984548032510821940e+03
8.950058288990167759e-15 1.108857034271009992e-16 6.985296902340764973e+03
8.990105013469242797e-15 1.108888648206755184e-16 6.986045778582421917e+03
8.855306285250275389e-15 1.109909303225184695e-16 6.986794657809016826e+03
8.880275352875760932e-15 1.111375641670972735e-16 6.987543540621512875e+03
9.044274838296319638e-15 1.108959699038158522e-16 6.988292428679840668e+03
9.072925526569671199e-15 1.108895916522246084e-16 6.989041319503850900e+03
8.686424004564019966e-15 1.107211539944758135e-16 6.989790215420784079e+03
9.054612731963529347e-15 1.116740787961077647e-16 6.990539116677159655e+03
8.570335651102639342e-15 1.205413616300341442e-16 6.991288019600848202e+03
8.952913000820079306e-15 1.130012143911566754e-16 6.992036929781033905e+03
8.704210640795324212e-15 1.138283723407721141e-16 6.992785844347043167e+03
8.909959551526655108e-15 1.156941117409431093e-16 6.993534759769585435e+03
8.943873963622535262e-15 1.167339966981057525e-16 6.994283682753492030e+03
8.711401930148081775e-15 1.178199226981671336e-16 6.995032610255891996e+03
8.626645021492119335e-15 1.189174496826435586e-16 6.995781541658610877e+03
8.854806086745496674e-15 1.191572404023239689e-16 6.996530476508676657e+03
8.796532625960726578e-15 1.192101499532601305e-16 6.997279414851888760e+03
8.807719777190113259e-15 1.190567557165939232e-16 6.998028358259703055e+03
8.518966147053826547e-15 1.191892342781646219e-16 6.998777304838957207e+03
8.661710018262209718e-15 1.192884961540494294e-16 6.999526256817705871e+03
8.795693100493367990e-15 1.198577602006181485e-16 7.000275213311031621e+03
8.920949565060822769e-15 1.215007322582383589e-16 7.001024174485962249e+03
8.957469785514861928e-15 1.235620770473015454e-16 7.001773139853237808e+03
8.730711208795754135e-15 1.254051615410900281e-16 7.002522109411309430e+03
8.998493465151649218e-15 1.264964513406447353e-16 7.003271083958407871e+03
8.837684242722823320e-15 1.268338335426587895e-16 7.004020062213201527e+03
9.063909248952693603e-15 1.263961664766707925e-16 7.004769044026355914e+03
8.830060027490917990e-15 1.256209882761475763e-16 7.005518030862947853e+03
9.272661119251366348e-15 1.242875606677675906e-16 7.006267021642480358e+03
9.236964078791464475e-15 1.227363268650006154e-16 7.007016015616220102e+03
9.128720644506992345e-15 1.209356641203201671e-16 7.007765016330478829e+03
9.157777270425342736e-15 1.195416885510082417e-16 7.008514020523420186e+03
9.275966527091576899e-15 1.185425197351416168e-16 7.009263026334362621e+03
8.889001447986414016e-15 1.177332878423758307e-16 7.010012039125385854e+03
8.971277668762243056e-15 1.177322588548626438e-16 7.010761057605223868e+03
8.922009108444548680e-15 1.177414724105594163e-16 7.011510077015242132e+03
8.932379049598495418e-15 1.178846316762945748e-16 7.012259100153021791e+03
8.732235583031408733e-15 1.177392411561233629e-16 7.013008131244167998e+03
9.064324703610749364e-15 1.178404504632646563e-16 7.013757164864737206e+03
9.076174480349323489e-15 1.164436220847891648e-16 7.014506201244587828e+03
9.004586879795196346e-15 1.138542146022304683e-16 7.015255245189372545e+03
9.355600401805908442e-15 1.116782903695244223e-16 7.016004291749821277e+03
9.252074332499684544e-15 1.099703006109715734e-16 7.016753341199878378e+03
8.884887129267920930e-15 1.090291981858805648e-16 7.017502395060201707e+03
9.111665559149674226e-15 1.089126804933630413e-16 7.018251454093695429e+03
9.082358081838521475e-15 1.091538355421466992e-16 7.019000518030098647e+03
9.177669628287845210e-15 1.090610289370589783e-16 7.019749586056486805e+03
8.818563668245198237e-15 1.090694375085959023e-16 7.020498658133579738e+03
8.758209682226182077e-15 1.093585955968509753e-16 7.021247734064490942e+03
9.253372740056878668e-15 1.094189075583815969e-16 7.021996814996666217e+03
8.853719033221019265e-15 1.092124962403415424e-16 7.022745899975683642e+03
8.915651256648802320e-15 1.092348856629808767e-16 7.023494989874769999e+03
8.905459568182830736e-15 1.091953809640342465e-16 7.024244084243050565e+03
9.029388287014554417e-15 1.087338537792915173e-16 7.024993179842920654e+03
8.814129809478244580e-15 1.087252583784854360e-16 7.025742281162953077e+03
8.566530502482302198e-15 1.087477237030455027e-16 7.026491389983306362e+03
8.729139157800504172e-15 1.086899920499419591e-16 7.027240500686538326e+03
8.655382284688952367e-15 1.083466440698025477e-16 7.027989614643951427e+03
8.665643153232786266e-15 1.082191972755074381e-16 7.028738733598005638e+03
8.286986660973342334e-15 1.078639633195622923e-16 7.029487858757573122e+03
8.465180920997900230e-15 1.078610550984883091e-16 7.030236986198460727e+03
8.681901936475507302e-15 1.084935475572262909e-16 7.030986118415746205e+03
8.804456722801988270e-15 1.092384671083501647e-16 7.031735256193684108e+03
8.478817829867650030e-15 1.100094282849487506e-16 7.032484395852632588e+03
8.969119000509190260e-15 1.106649107904662974e-16 7.033233541706933465e+03
8.476216734218894487e-15 1.111345737548070306e-16 7.033982691599030659e+03
8.817626909250637587e-15 1.110964568382681146e-16 7.034731844565167194e+03
9.186125790009464760e-15 1.113703525849540667e-16 7.035481002072652700e+03
8.887961947293159301e-15 1.116326182338210924e-16 7.036230164181721193e+03
8.844904354076803792e-15 1.123444918376187878e-16 7.036979330097283309e+03
9.050546972953639655e-15 1.136464981168226897e-16 7.037728500073013493e+03
8.842973741669753003e-15 1.150569813463160868e-16 7.038477675701115913e+03
9.360937319804468895e-15 1.168918697601876365e-16 7.039226855175380479e+03
8.659385640794207487e-15 1.182634191294377060e-16 7.039976038616090591e+03
9.040397704757069056e-15 1.194365294505923082e-16 7.040725226572480096e+03
8.780539231089177717e-15 1.200428961944600954e-16 7.041474417804567565e+03
8.982435054414467380e-15 1.205185454879585654e-16 7.042223613497797487e+03
8.840914566465060136e-15 1.207665833136639613e-16 7.042972815082423949e+03
8.807294812670504298e-15 1.210884418312281751e-16 7.043722019553450082e+03
8.953884435965691425e-15 1.207449519672448697e-16 7.044471227377041942e+03
9.229988364435369872e-15 1.200434972890463770e-16 7.045220441055484116e+03
8.877756925819640562e-15 1.192189613786685949e-16 7.045969658982355213e+03
8.990504466348931280e-15 1.190540117219549193e-16 7.046718879700514663e+03
9.067047997556797640e-15 1.188416976447014850e-16 7.047468105970032411e+03
8.666759102691117534e-15 1.191077922415169841e-16 7.048217336903997420e+03
8.645051117539647879e-15 1.187216266264240984e-16 7.048966569610580336e+03
9.418813055875464370e-15 1.182274540011503270e-16 7.049715809524224824e+03
9.065355384064283460e-15 1.179669647522582831e-16 7.050465053892887227e+03
8.996440977031972107e-15 1.169462354068720657e-16 7.051214300216290212e+03
8.826598235062199921e-15 1.157805106721730555e-16 7.051963551227982862e+03
8.827389247435115193e-15 1.147195027609967351e-16 7.052712806562204605e+03
9.023139363422673648e-15 1.138053377826324646e-16 7.053462065908934164e+03
8.942383184621772938e-15 1.131456498469011974e-16 7.054211328850124119e+03
8.780969838536761241e-15 1.128340800549807271e-16 7.054960597885139578e+03
8.874616732090184420e-15 1.125965713777429793e-16 7.055709871989030034e+03
9.078059763742853002e-15 1.126315180161884620e-16 7.056459149280499332e+03
8.838622006896706860e-15 1.124191810150663855e-16 7.057208429188318405e+03
9.092373073954644233e-15 1.125798572870122130e-16 7.057957714961192323e+03
8.896375902307435071e-15 1.125098141113773651e-16 7.058707005678346832e+03
8.783245562085185872e-15 1.124528404315333563e-16 7.059456298925313604e+03
8.807753799654002153e-15 1.126349943645411649e-16 7.060205596856066222e+03
8.776450882561764155e-15 1.128798711408843116e-16 7.060954899736521838e+03
8.968560728585330021e-15 1.132006581452460414e-16 7.061704206986605641e+03
9.120469148349105649e-15 1.137235258735698082e-16 7.062453517446894693e+03
8.807632953053649959e-15 1.139553950969668295e-16 7.063202832780776589e+03
9.296048044061812079e-15 1.142108312016462130e-16 7.063952152917414423e+03
8.652931336577453330e-15 1.142637861089892057e-16 7.064701476248015751e+03
9.009477503754698922e-15 1.142506289802232057e-16 7.065450803417268617e+03
8.758804981184511869e-15 1.141796205546115269e-16 7.066200136010223105e+03
9.213858451949026490e-15 1.140262611642822840e-16 7.066949473686305282e+03
8.896140077063745542e-15 1.140351769461457685e-16 7.067698813730626171e+03
8.725171134064908275e-15 1.140384388065774841e-16 7.068448157510110832e+03
8.920460422344469885e-15 1.140787118826521303e-16 7.069197506683021857e+03
8.512395663544065717e-15 1.142578710959902127e-16 7.069946860460710923e+03
8.533802379020270562e-15 1.139398072683163038e-16 7.070696218579540073e+03
8.940498539513805594e-15 1.131226374595595590e-16 7.071445580260859060e+03
8.855645590291344718e-15 1.135653685712778033e-16 7.072194945867262504e+03
8.854079296236826442e-15 1.137524490945935263e-16 7.072944314654436312e+03
8.805751903995415230e-15 1.137388052362970901e-16 7.073693689553350850e+03
8.768785352771654403e-15 1.134658441292118533e-16 7.074443071858586336e+03
9.196756796087377469e-15 1.133657705861056109e-16 7.075192454488746080e+03
8.861605433929124552e-15 1.130957531605369799e-16 7.075941840256423347e+03
8.669150858314701928e-15 1.132475401641223539e-16 7.076691231565651833e+03
9.358467942373908443e-15 1.133189508480365192e-16 7.077440627960068014e+03
8.750143977954792809e-15 1.132467876105700013e-16 7.078190027581254981e+03
8.357996257467524187e-15 1.137469321040095844e-16 7.078939432687394401e+03
8.746057731425270085e-15 1.138537749462839976e-16 7.079688841901943306e+03
8.994575268571039583e-15 1.145209489567108554e-16 7.080438253638349124e+03
9.135298450832284781e-15 1.151581163507984284e-16 7.081187670657590388e+03
8.929851427975085054e-15 1.150525133461317949e-16 7.081937090733089462e+03
8.898323669664589686e-15 1.146922790388399955e-16 7.082686515374269220e+03
8.940225728225646430e-15 1.145030955338907529e-16 7.083435947550477067e+03
8.954462276196288184e-15 1.144492118883060471e-16 7.084185380007385902e+03
8.897909006972099057e-15 1.141329746878223972e-16 7.084934816211053658e+03
9.023992086546365132e-15 1.142319527219705718e-16 7.085684260406689646e+03
8.728678617182539813e-15 1.136185737529209012e-16 7.086433707244241305e+03
9.252047715493654708e-15 1.131647794304733902e-16 7.087183156768061963e+03
9.103431112830232057e-15 1.126257818114780733e-16 7.087932611362466560e+03
9.032180244385411018e-15 1.125707142652987519e-16 7.088682071502282270e+03
8.865115974293881837e-15 1.123752665620971170e-16 7.089431535129710937e+03
8.901096155677078646e-15 1.119041109056385523e-16 7.090181001146357630e+03
9.066900549918964038e-15 1.119396678392668259e-16 7.090930472385271059e+03
8.869859534974636755e-15 1.118251368921069149e-16 7.091679949953657342e+03
8.911801902918031818e-15 1.111286111755381835e-16 7.092429429159023130e+03
9.183192449995719233e-15 1.108431958577020814e-16 7.093178912643803415e+03
9.295541771251467924e-15 1.101261664157358199e-16 7.093928402786825245e+03
9.125827893373606072e-15 1.093815215563116442e-16 7.094677895472428645e+03
8.736938209008395390e-15 1.094379992304982094e-16 7.095427391825076484e+03
8.896812797877899273e-15 1.095439604783895627e-16 7.096176894031101256e+03
8.951044179166456865e-15 1.086456818946496513e-16 7.096926400169233602e+03
8.851630482030448826e-15 1.090375590625944178e-16 7.097675910069050587e+03
9.172310505823488793e-15 1.090777442104338790e-16 7.098425422464485564e+03
9.000287579240411950e-15 1.091817880074218891e-16 7.099174939207494390e+03
8.846931671197378899e-15 1.095594127375170149e-16 7.099924463061443021e+03
8.966731867162929716e-15 1.099045141081154596e-16 7.100673991382576787e+03
8.534697075215308694e-15 1.097175135835550600e-16 7.101423522379463066e+03
8.892017293751724817e-15 1.096195055369617767e-16 7.102173056754671052e+03
9.000784024971146189e-15 1.093812166393336641e-16 7.102922595801298485e+03
9.121638246776419277e-15 1.088914793048732216e-16 7.103672139991615040e+03
8.574437259198551491e-15 1.089023914586132610e-16 7.104421687806634509e+03
8.902803628978386044e-15 1.087965054555170688e-16 7.105171239608598626e+03
9.026369422806089556e-15 1.091702544109509656e-16 7.105920795350075423e+03
8.883894056609856199e-15 1.093230180950478694e-16 7.106670355700023720e+03
8.570913003593696603e-15 1.091459125076879844e-16 7.107419921357465682e+03
9.082537411295167551e-15 1.086650912639514439e-16 7.108169489465881270e+03
8.821173758114375359e-15 1.082864450929626276e-16 7.108919062351649700e+03
8.584780804610307142e-15 1.081221977243197657e-16 7.109668638936615935e+03
9.028822921586826171e-15 1.077823624219480478e-16 7.110418220185749306e+03
8.947219608983859924e-15 1.079918740573328633e-16 7.111167806786028450e+03
8.687926963054910895e-15 1.079262669030403243e-16 7.111917395731405122e+03
8.831371475375668480e-15 1.082994699641138067e-16 7.112666989231050138e+03
8.657953270531429171e-15 1.083772179198913140e-16 7.113416587848701056e+03
8.814548885061855991e-15 1.084990488406362591e-16 7.114166189193349055e+03
8.473734316299698583e-15 1.085175671024399197e-16 7.114915794183519210e+03
8.721836836396603606e-15 1.083400205600435883e-16 7.115665405449168247e+03
8.731911583586291874e-15 1.084953320594213473e-16 7.116415022605329796e+03
8.664428976242736414e-15 1.082982113127736373e-16 7.117164639642236580e+03
8.646192198128216663e-15 1.086388849556359096e-16 7.117914260922509129e+03
9.002121317014607369e-15 1.090416686952583540e-16 7.118663890303407243e+03
8.715244854366216435e-15 1.097291748482003449e-16 7.119413523794595676e+03
8.623730526790051725e-15 1.100060100692996584e-16 7.120163159599089340e+03
8.799260020291842367e-15 1.100692066812180459e-16 7.120912799281874868e+03
8.700664878918475219e-15 1.102362815196495653e-16 7.121662443322938998e+03
8.547096642236295434e-15 1.092235238777010838e-16 7.122412092560054589e+03
8.566174635481383506e-15 1.096809969877084105e-16 7.123161745056710060e+03
8.525501633085531506e-15 1.101965679618835674e-16 7.123911401832830961e+03
8.454803871490888083e-15 1.105909122146265075e-16 7.124661064539584913e+03
8.662610568744104704e-15 1.107323514435868334e-16 7.125410728693384954e+03
8.689587723143464449e-15 1.106561079403782534e-16 7.126160396676554228e+03
8.916977400364331926e-15 1.106814643737996382e-16 7.126910071263838290e+03
8.650629259175370612e-15 1.117546163171925821e-16 7.127659749594315144e+03
8.414123727755573640e-15 1.108245803096823569e-16 7.128409431325754667e+03
8.761880329456064074e-15 1.104680803054741695e-16 7.129159118021492759e+03
8.636270578880441610e-15 1.102747285593441045e-16 7.129908808587329986e+03
8.584088367811564677e-15 1.101826418782570122e-16 7.130658501970961879e+03
8.658575255766109803e-15 1.098489906937168323e-16 7.131408201067119080e+03
8.502170977363520048e-15 1.100146190664116959e-16 7.132157904496511037e+03
8.646701676383319230e-15 1.100468406957617085e-16 7.132907610676611512e+03
8.675120799592949644e-15 1.103251858873846173e-16 7.133657322234115782e+03
8.878787308467566447e-15 1.107490489893832177e-16 7.134407038711915447e+03
8.647751839745575613e-15 1.115372168640490745e-16 7.135156757618321535e+03
8.317298673761354983e-15 1.124573393489841493e-16 7.135906481248377531e+03
8.471679454970044323e-15 1.126016487773492351e-16 7.136656209506674713e+03
8.777802416588460107e-15 1.126945318048804572e-16 7.137405940605880460e+03
8.165095883205259441e-15 1.128302873212667728e-16 7.138155677860349897e+03
8.562231852906590309e-15 1.131534721087324019e-16 7.138905418132825616e+03
8.361500863250785084e-15 1.133984673253828614e-16 7.139655162199393089e+03
8.560989363833785525e-15 1.134220866663770768e-16 7.140404912844656792e+03
8.456745080748616481e-15 1.136748822139217766e-16 7.141154665514040971e+03
8.777128913817025860e-15 1.136653180376122431e-16 7.141904423272038912e+03
8.539711446813556328e-15 1.138452587497354178e-16 7.142654184324621383e+03
8.735816495247856018e-15 1.140259914787928432e-16 7.143403950831532711e+03
8.411932277964353688e-15 1.141267670374774731e-16 7.144153719172843921e+03
8.625786389847164459e-15 1.139002052236493138e-16 7.144903495252354332e+03
8.498502355782165759e-15 1.138532057947896445e-16 7.145653273145076128e+03
8.528684131597504490e-15 1.136905739101390100e-16 7.146403053809433914e+03
8.252571122559620634e-15 1.135191206831229798e-16 7.147152841140900819e+03
8.281454119859501256e-15 1.123205647891124246e-16 7.147902632609556349e+03
8.769701852255861509e-15 1.121352757313796646e-16 7.148652426095373812e+03
8.525313784211055268e-15 1.116327585893661253e-16 7.149402223550683630e+03
8.678503457570647898e-15 1.111920924070832109e-16 7.150152027718264435e+03
8.598671424692921194e-15 1.109211155363370949e-16 7.150901834872309337e+03
8.534276860024862608e-15 1.110548509272935838e-16 7.151651647081862393e+03
8.509425791832884270e-15 1.109722637333415068e-16 7.152401462698891919e+03
8.550455201375778726e-15 1.107419582646882901e-16 7.153151280791092177e+03
8.153205327298412376e-15 1.106446921348169376e-16 7.153901105205384738e+03
8.332779347730212692e-15 1.107771706294166489e-16 7.154650934929501091e+03
8.251176767944205497e-15 1.117030625691848384e-16 7.155400766155524252e+03
8.441114508953610315e-15 1.110813358806120142e-16 7.156150601854129491e+03
8.376717148627235974e-15 1.110167837223269958e-16 7.156900443353679293e+03
8.430034335115010642e-15 1.108301410035510205e-16 7.157650288390973401e+03
8.323065703859837794e-15 1.105798861792740814e-16 7.158400137305128737e+03
8.512985111057946490e-15 1.103889687182872920e-16 7.159149991519250761e+03
8.430326907732029264e-15 1.108535278956447907e-16 7.159899848821563864e+03
8.355904797385797671e-15 1.108421848121300574e-16 7.160649708342132726e+03
8.661157718601348950e-15 1.107878207427493054e-16 7.161399574223097261e+03
8.109737193025462643e-15 1.107285336752365650e-16 7.162149445200817354e+03
8.254178656955634104e-15 1.105014921295875008e-16 7.162899318211459104e+03
8.091692718173136836e-15 1.102298392273382402e-16 7.163649196233151088e+03
7.976068386840626814e-15 1.100754192749114162e-16 7.164399078264930722e+03
7.791404515691095331e-15 1.098013506441544749e-16 7.165148964780644746e+03
7.582097261402618734e-15 1.096150341695705880e-16 7.165898855563835241e+03
7.857383231592557230e-15 1.094114393164398836e-16 7.166648749557677547e+03
8.076739938180391725e-15 1.091628886862688449e-16 7.167398648746762774e+03
7.680320075103108969e-15 1.088119231895181955e-16 7.168148552557489893e+03
8.119157878432218986e-15 1.088210942108658519e-16 7.168898459094165446e+03
8.090352582457902574e-15 1.087951667965688188e-16 7.169648369621916572e+03
7.750312417887625214e-15 1.087914906266415496e-16 7.170398285632741135e+03
7.822507866895431368e-15 1.085314679400974674e-16 7.171148205366748698e+03
7.657472541416465724e-15 1.086125741145855730e-16 7.171898128801823077e+03
7.596366259223225923e-15 1.087088258594867074e-16 7.172648056914542394e+03
7.617732711806232271e-15 1.079037812461860894e-16 7.173397989117383077e+03
8.036096169070854840e-15 1.080749118135808450e-16 7.174147924962392608e+03
7.577067558059200545e-15 1.078962419315859534e-16 7.174897865406835990e+03
7.448695849634832030e-15 1.074491338536966745e-16 7.175647810792856944e+03
7.330393589699648040e-15 1.073654579889178938e-16 7.176397759068967389e+03
7.492377098038108655e-15 1.069410635741070420e-16 7.177147710620869475e+03
7.486361769418795790e-15 1.064233469007073998e-16 7.177897667970228213e+03
7.555271827279086866e-15 1.057302795459870367e-16 7.178647629901105574e+03
7.921990066357310878e-15 1.058100557492207336e-16 7.179397594479740292e+03
7.531711532825668196e-15 1.055203392632675162e-16 7.180147565028719328e+03
7.754536259503586265e-15 1.054025366745856801e-16 7.180897539593877809e+03
7.732048371829173771e-15 1.052794138830471123e-16 7.181647516027164784e+03
7.604088338886577634e-15 1.049808494439285107e-16 7.182397496663038510e+03
7.577667910122168828e-15 1.045746777023403197e-16 7.183147482754161501e+03
7.789885802926416021e-15 1.040937020507532353e-16 7.183897473181925307e+03
7.436199605632768694e-15 1.036571523535993101e-16 7.184647466558795713e+03
7.520024502189451343e-15 1.042530584784914160e-16 7.185397465457343969e+03
7.327843134933702352e-15 1.031445856385863649e-16 7.186147467073564258e+03
7.553487111342589320e-15 1.029782131165363855e-16 7.186897472771551293e+03
7.468703382169695890e-15 1.078058330818047072e-16 7.187647484519208774e+03
7.476270582140257922e-15 1.252836445295724094e-16 7.188397500186253637e+03
7.570998638522524670e-15 1.075369249101796239e-16 7.189147517920330756e+03
7.692081968548010576e-15 1.034789911999230273e-16 7.189897543647603925e+03
7.626795876136631767e-15 1.027019312166636697e-16 7.190647568404425328e+03
7.574436655267590971e-15 1.024965148733568500e-16 7.191397599206871746e+03
7.372603709007121574e-15 1.024925416072896865e-16 7.192147635312117927e+03
7.253041125528350450e-15 1.024356945614213833e-16 7.192897677448952891e+03
7.098332903413921573e-15 1.023347826531365805e-16 7.193647718179422554e+03
7.454998556729004145e-15 1.020066280071780112e-16 7.194397767332707190e+03
7.218019849724355946e-15 1.019876567767974640e-16 7.195147819099973276e+03
7.505802068015959040e-15 1.018919713255520489e-16 7.195897875312605720e+03
7.309829996713944580e-15 1.018915523236386387e-16 7.196647936259916605e+03
7.056811639663244827e-15 1.021084297154947589e-16 7.197398000275003142e+03
7.165364450575837822e-15 1.019539500264375159e-16 7.198148067375921528e+03
7.415687586496916469e-15 1.018170126064180425e-16 7.198898140944580518e+03
7.191208454265388900e-15 1.019840653800530833e-16 7.199648218645008455e+03
7.331704205564998381e-15 1.021820627146384537e-16 7.200398299006751586e+03
7.367915989132537738e-15 1.023875729119490235e-16 7.201148383637062580e+03
7.430417941041970209e-15 1.025412548254744043e-16 7.201898474450963477e+03
7.389083923779408773e-15 1.025622672566574832e-16 7.202648568366246764e+03
7.606194326408302746e-15 1.028040615775410728e-16 7.203398664719506996e+03
7.376886494107166131e-15 1.026505300478744323e-16 7.204148766065627569e+03
7.738539744882035875e-15 1.028157955579964892e-16 7.204898871687624705e+03
7.819527992765391194e-15 1.027860637053430486e-16 7.205648980822424164e+03
7.991072032261650342e-15 1.028209290278762467e-16 7.206399095077404127e+03
7.790936021337038246e-15 1.028252469810988748e-16 7.207149215642717536e+03
7.877713733851911646e-15 1.030533308360124011e-16 7.207899336009493709e+03
7.990578457891080603e-15 1.035492652604864912e-16 7.208649460603493935e+03
7.815816877106720726e-15 1.037093917302298851e-16 7.209399592471028882e+03
8.001220080149610886e-15 1.039307808932217201e-16 7.210149725676947128e+03
7.957514550824854433e-15 1.038554664132673647e-16 7.210899864288341632e+03
7.914260797264111258e-15 1.039763028056638330e-16 7.211650007498988089e+03
7.941154659105628179e-15 1.043325045424387016e-16 7.212400153330902867e+03
8.087688478668754386e-15 1.046520824211603456e-16 7.213150305205925179e+03
7.952415005472759673e-15 1.049476211000818229e-16 7.213900460676821240e+03
8.348584236886054893e-15 1.052535955624410528e-16 7.214650619055561947e+03
8.220815458783079666e-15 1.055727059067362377e-16 7.215400782087679545e+03
8.090531583459327688e-15 1.056820379068667846e-16 7.216150950509334507e+03
7.691510346785014102e-15 1.057952279443743063e-16 7.216901122309460334e+03
8.005985858488670805e-15 1.058919831411815526e-16 7.217651297328406145e+03
8.100821547429919843e-15 1.059652831361878945e-16 7.218401477165064534e+03
8.097913072134350069e-15 1.060556353359329418e-16 7.219151660212872230e+03
8.132358019020708700e-15 1.064320787989332823e-16 7.219901848369782783e+03
8.076526783203066465e-15 1.066165706847393971e-16 7.220652041065693993e+03
8.029145227271106873e-15 1.068942035027206456e-16 7.221402236064779572e+03
8.111786052304641298e-15 1.071113631810770947e-16 7.222152437901429948e+03
8.044492734950339027e-15 1.074144513412502933e-16 7.222902642439305055e+03
7.768404892754452687e-15 1.077514392501699850e-16 7.223652848159715177e+03
7.736022242869301899e-15 1.069036121439478518e-16 7.224403060941982403e+03
7.898165121232418855e-15 1.062434018357079901e-16 7.225153279925565585e+03
7.820873688568140684e-15 1.063709755762426647e-16 7.225903500825101219e+03
7.699736787546658110e-15 1.066011124567604443e-16 7.226653723920037010e+03
7.764344605293903760e-15 1.081256569590847572e-16 7.227403954736697415e+03
7.357736818283460860e-15 1.121709731968282543e-16 7.228154188164327934e+03
7.324710803374562073e-15 1.185723555685547755e-16 7.228904422496416373e+03
7.531427385534336382e-15 1.287414011839277387e-16 7.229654666147989701e+03
7.080357651901875967e-15 1.405437061622737717e-16 7.230404913181135271e+03
6.954828122973975431e-15 1.506839795744793690e-16 7.231155164242438332e+03
7.128632289674226099e-15 1.591366083363639177e-16 7.231905418583944993e+03
7.015853556458595880e-15 1.644244609746305024e-16 7.232655677317969094e+03
7.283132114022918552e-15 1.677842890556896935e-16 7.233405940130405725e+03
6.765955041168389090e-15 1.735243800611586433e-16 7.234156204429846184e+03
6.701468427361047967e-15 1.819109581363388468e-16 7.234906473157829168e+03
6.515608005428699899e-15 1.905079115317455375e-16 7.235656748712866829e+03
6.789701854835385562e-15 1.979870584788682117e-16 7.236407027295778789e+03
6.899881062963663863e-15 2.013561545435889031e-16 7.237157310889047949e+03
7.634244276562657721e-15 2.033290822813230093e-16 7.237907596518471109e+03
7.461687683935607719e-15 2.039154555721078851e-16 7.238657888061068661e+03
7.123459724740827678e-15 2.045552184108774117e-16 7.239408181038760631e+03
7.339155457006503955e-15 2.066011393734728013e-16 7.240158481046904853e+03
7.672505471279922613e-15 2.063551812445358755e-16 7.240908782543314373e+03
7.063051428654204873e-15 2.050868017305502297e-16 7.241659090336230292e+03
8.027129101889706146e-15 2.027411103482150998e-16 7.242409400226299113e+03
7.962849933863935003e-15 1.989745823374559206e-16 7.243159716603086054e+03
7.846377890411681161e-15 1.930156155789735202e-16 7.243910033400101383e+03
8.675085373938257480e-15 1.866586250097780897e-16 7.244660358883307708e+03
8.253183255178492343e-15 1.806827391033875080e-16 7.245410683378126123e+03
8.184716281274000187e-15 1.752624924980691466e-16 7.246161015564628542e+03
7.654170016010008876e-15 1.721850527857078646e-16 7.246911349853106913e+03
7.963160877450173225e-15 1.676819984166097851e-16 7.247661690380118671e+03
8.035390312683871785e-15 1.601306759545536220e-16 7.248412035198852209e+03
8.780665456814756352e-15 1.502607058914015781e-16 7.249162382183316367e+03
9.285360941286595557e-15 1.407971748847938226e-16 7.249912730804718194e+03
9.223383383056522618e-15 1.338473065499545354e-16 7.250663084101876848e+03
8.083031687932507992e-15 1.273305345009899540e-16 7.251413444473043455e+03
7.776875083624918770e-15 1.250023428698180734e-16 7.252163808046250779e+03
7.494526126792867678e-15 1.245914878005497655e-16 7.252914174419709525e+03
7.595679193041897100e-15 1.241833836855911691e-16 7.253664547490230689e+03
7.538438045752080894e-15 1.239037064693796293e-16 7.254414923693142555e+03
7.479078634044445969e-15 1.234410802926443394e-16 7.255165303279496584e+03
7.397571089299414821e-15 1.222982627083295888e-16 7.255915687850656468e+03
7.836965464211419190e-15 1.201630969830887338e-16 7.256666076393999901e+03
7.629470382833902765e-15 1.177246957944045864e-16 7.257416468193116089e+03
7.844703422938350704e-15 1.153848290419938385e-16 7.258166863919733260e+03
8.030687369805407758e-15 1.132013094823395701e-16 7.258917264548513231e+03
7.792290921807267797e-15 1.135842210411886347e-16 7.259667668828366004e+03
7.701775164844332077e-15 1.127575107948809363e-16 7.260418077296172669e+03
7.680349045767559716e-15 1.122494258200919871e-16 7.261168490355414178e+03
7.542465336107103685e-15 1.118381353394999226e-16 7.261918907477978792e+03
7.707215381734981900e-15 1.120526781573060259e-16 7.262669328193826914e+03
7.560097968928188387e-15 1.124015639258512723e-16 7.263419753026792023e+03
7.569328444568054241e-15 1.138050617993748347e-16 7.264170182231619037e+03
7.622941321487045929e-15 1.188667405144455242e-16 7.264920614672022566e+03
7.174965643977892556e-15 1.311097982935020811e-16 7.265671050878108872e+03
6.298530611191729115e-15 1.499624631399408534e-16 7.266421492727420627e+03
6.598744237790249578e-15 1.669549242375908403e-16 7.267171940059599365e+03
7.343331201501503581e-15 1.787219166293931596e-16 7.267922392688136824e+03
7.381865649506694685e-15 1.867205569940358104e-16 7.268672848616775809e+03
7.198842404435260399e-15 1.885017595497451249e-16 7.269423303765269338e+03
7.622203073669624070e-15 1.889397977711587892e-16 7.270173766838308438e+03
7.879300469082733026e-15 1.937622832508932519e-16 7.270924231553479331e+03
7.593561233066376543e-15 2.020802174255914419e-16 7.271674701547733093e+03
7.809777034571520939e-15 1.929140062349618277e-16 7.272425176265431219e+03
7.599650943965040693e-15 1.920741417737951134e-16 7.273175652886861826e+03
7.243722727334814102e-15 1.945192124165832074e-16 7.273926134725295924e+03
7.612315453790254034e-15 1.998532886022660570e-16 7.274676621878974402e+03
7.316410182726959687e-15 2.047304048510358718e-16 7.275427111270496425e+03
7.732507593524689232e-15 2.085726120752641768e-16 7.276177606027644288e+03
7.452423208504209213e-15 2.106593665192598922e-16 7.276928104768623598e+03
7.475823661364815542e-15 2.106791682596350935e-16 7.277678606864768881e+03
8.159985605468096153e-15 2.083176956053761449e-16 7.278429111410592668e+03
8.600490369370431592e-15 2.029858054199686036e-16 7.279179624822038932e+03
9.108966983140347914e-15 1.903587423039063175e-16 7.279930138482646726e+03
9.745135260576434557e-15 1.755618839138540946e-16 7.280680658239226432e+03
1.050545049615446663e-14 1.649607753077314894e-16 7.281431178682831160e+03
9.618007484107409335e-15 1.526773435920895296e-16 7.282181702325455262e+03
8.517590865555146927e-15 1.477295900071990818e-16 7.282932232502463194e+03
7.907754011031535058e-15 1.470298882654640455e-16 7.283682767110214627e+03
7.650992028010681073e-15 1.472361493683911998e-16 7.284433305651531555e+03
7.824238232785517390e-15 1.473401751430809651e-16 7.285183848208323980e+03
8.244299716312481065e-15 1.489040751956838202e-16 7.285934394942220933e+03
7.714932804971858573e-15 1.502114133879317241e-16 7.286684946070238766e+03
8.059123339529858704e-15 1.482164188387237277e-16 7.287435502625015943e+03
7.941075694918417620e-15 1.429980465189073621e-16 7.288186062864779160e+03
8.639116388724537848e-15 1.361928255919061602e-16 7.288936624613597814e+03
8.872907702070847902e-15 1.297343173981895144e-16 7.289687188538244300e+03
8.437773131233223168e-15 1.250885971789342362e-16 7.290437758289273006e+03
8.290908206692065607e-15 1.231606193035546185e-16 7.291188334030424812e+03
8.085726791799801470e-15 1.226974910657288817e-16 7.291938913268317265e+03
7.918954680432308171e-15 1.241858589808754613e-16 7.292689496393752961e+03
7.500282961801770069e-15 1.277725999410701959e-16 7.293440082022705610e+03
7.603984198098802018e-15 1.325302359149789706e-16 7.294190672471106154e+03
7.360796261966065314e-15 1.367149445999271497e-16 7.294941270819355850e+03
7.869567072620279923e-15 1.394316442531543732e-16 7.295691871927088869e+03
7.749135563713903049e-15 1.407548503880925310e-16 7.296442474993023097e+03
8.039837465015082790e-15 1.408295661249723671e-16 7.297193081683704804e+03
7.894188026530214391e-15 1.404962398568899100e-16 7.297943693503097165e+03
7.746097425211259964e-15 1.398789112826513876e-16 7.298694309175980379e+03
8.279172104707875739e-15 1.381220898386554450e-16 7.299444928502251059e+03
8.129226125447743713e-15 1.360458942863291367e-16 7.300195551940796577e+03
8.160854763867853651e-15 1.345201887150675433e-16 7.300946178904834596e+03
8.180838038485527661e-15 1.333016879282013745e-16 7.301696810504976384e+03
8.015019514279667357e-15 1.330035021324079041e-16 7.302447446651085556e+03
8.054755843061357676e-15 1.337269795769538962e-16 7.303198085666550469e+03
7.641351900335791920e-15 1.342930147112680423e-16 7.303948729718842515e+03
7.968870883380694466e-15 1.364111894738188205e-16 7.304699377841014211e+03
7.480032008898496771e-15 1.434099166370610496e-16 7.305450027908078482e+03
7.478196138722523202e-15 1.557011355227009748e-16 7.306200681989111217e+03
6.993863541414631689e-15 1.682662810412380686e-16 7.306951344588368556e+03
7.445978734037669946e-15 1.761291678390603958e-16 7.307702011502698952e+03
8.596950051650779193e-15 1.796520435147299484e-16 7.308452679404815171e+03
8.510974995701821362e-15 1.796543800963785838e-16 7.309203350234512982e+03
8.810944943432468938e-15 1.780379157434232178e-16 7.309954026148745470e+03
8.361297113033733557e-15 1.776698322344055131e-16 7.310704706689223713e+03
7.791113516449173633e-15 1.780443116326611091e-16 7.311455389925373311e+03
8.118974234202258390e-15 1.779469246357079278e-16 7.312206078128216177e+03
7.677277441471166869e-15 1.777175313937632512e-16 7.312956770417085863e+03
8.242645663306540393e-15 1.776248671351522270e-16 7.313707465763234723e+03
7.900549310078670226e-15 1.773431819396626645e-16 7.314458166743805123e+03
7.929339542434206699e-15 1.771104390344144834e-16 7.315208871512881160e+03
8.252340552712993040e-15 1.764904669200803677e-16 7.315959578918958869e+03
7.991290573399353525e-15 1.762391803180921658e-16 7.316710290351528784e+03
8.291150641902599700e-15 1.760461853784155090e-16 7.317461007143121606e+03
8.072794461075601551e-15 1.765170470350281714e-16 7.318211727470646110e+03
8.149725361990978475e-15 1.765759143603848704e-16 7.318962451205201432e+03
8.367788098853796725e-15 1.719917896225188485e-16 7.319713181014566544e+03
9.041322757483445611e-15 1.636985849733426012e-16 7.320463915286436531e+03
9.918281797708402048e-15 1.547629819777991317e-16 7.321214651062715348e+03
9.838361262770650444e-15 1.463563802488726357e-16 7.321965387445257875e+03
8.508098112806547687e-15 1.420532940252950856e-16 7.322716132263522013e+03
8.047289674995415846e-15 1.415334553949527016e-16 7.323466881347732851e+03
8.246788664340876231e-15 1.416006148987085451e-16 7.324217632693318592e+03
7.979947573708671255e-15 1.413838809728159303e-16 7.324968389350402504e+03
8.543392960590469123e-15 1.414867600001753482e-16 7.325719149852938244e+03
8.495523065721073185e-15 1.414128944190887071e-16 7.326469914006773251e+03
8.115761714195760694e-15 1.424336173339004737e-16 7.327220682389711328e+03
8.218527640930737819e-15 1.432632704843745613e-16 7.327971454960530536e+03
8.525141511077905896e-15 1.439875672486580864e-16 7.328722231574336547e+03
8.166356458330072461e-15 1.466398734597843350e-16 7.329473012063090209e+03
7.938706259948132255e-15 1.561434039288082048e-16 7.330223795904326835e+03
7.104255083082813288e-15 1.722540054645855610e-16 7.330974581950846186e+03
7.190539871595675803e-15 1.851581920533196562e-16 7.331725376419944951e+03
8.137721812923154551e-15 1.938676900890957054e-16 7.332476177411970639e+03
8.137755968576783560e-15 1.954027919135749238e-16 7.333226978178141508e+03
8.806031029946167192e-15 1.924826594484514683e-16 7.333977782035222845e+03
8.565960254370775368e-15 1.892315103834993989e-16 7.334728589180973358e+03
8.425856445591286610e-15 1.885580163012739753e-16 7.335479402007124008e+03
7.848304349036830966e-15 1.882694935721374475e-16 7.336230219565720290e+03
7.872554454661200498e-15 1.889003758469704499e-16 7.336981038636822632e+03
8.202189451519631049e-15 1.891171763975624425e-16 7.337731861989565004e+03
8.423411301637162385e-15 1.895082112625428376e-16 7.338482692825575214e+03
7.922972365686266199e-15 1.895951443019929210e-16 7.339233524911442146e+03
7.461351638149827864e-15 1.898656180442775566e-16 7.339984360414809998e+03
8.025015154049457788e-15 1.902610984108474061e-16 7.340735202031451081e+03
8.158363134864439511e-15 1.901972436369389193e-16 7.341486045929729698e+03
8.562767111551213550e-15 1.900415295140202162e-16 7.342236895825777538e+03
8.504214115715837079e-15 1.886293990478056464e-16 7.342987748006678885e+03
8.285238699232371231e-15 1.827360735726285739e-16 7.343738604156771544e+03
8.890873103005125665e-15 1.694666885443711286e-16 7.344489468183796816e+03
1.004610035597064880e-14 1.524078857411610567e-16 7.345240333998734059e+03
1.115626755550344845e-14 1.361290817142625873e-16 7.345991197048083450e+03
1.048203845921174386e-14 1.234996687469425927e-16 7.346742064312446018e+03
8.646066983476842363e-15 1.195728879305704497e-16 7.347492941541671826e+03
8.349819067576412453e-15 1.238941709686563238e-16 7.348243821152567762e+03
8.234480706475476284e-15 1.303003449367325707e-16 7.348994705790810258e+03
8.085333495429225668e-15 1.363391793691911365e-16 7.349745597793196794e+03
8.404034563298951794e-15 1.421014114841080065e-16 7.350496490994642045e+03
8.210298530807833389e-15 1.423852906313341264e-16 7.351247387864876146e+03
8.574184413131614518e-15 1.424352774893848811e-16 7.351998288721615609e+03
8.677791670971091562e-15 1.423419264939284234e-16 7.352749192448680333e+03
8.535458399968307859e-15 1.423042371676662780e-16 7.353500101816856841e+03
8.752291691000952238e-15 1.418550961366946234e-16 7.354251014088298689e+03
8.308131274657804108e-15 1.420444391042803426e-16 7.355001929259704411e+03
8.140259700110955969e-15 1.421129901493894343e-16 7.355752850356261661e+03
8.452774820061171637e-15 1.425495999461103893e-16 7.356503775106949433e+03
8.176042688884040027e-15 1.427202027251674701e-16 7.357254703614996288e+03
8.370042355216057361e-15 1.447207704198827758e-16 7.358005636333397888e+03
8.038212323095641348e-15 1.524890711629602022e-16 7.358756572087188943e+03
8.040808784114967503e-15 1.645586457662624346e-16 7.359507510002102208e+03
7.469816262337095336e-15 1.755538765106522453e-16 7.360258456450161248e+03
7.884953622739443940e-15 1.835045667815216246e-16 7.361009407280484083e+03
8.213225393359580695e-15 1.854871346457251123e-16 7.361760360099813624e+03
8.256718374393862242e-15 1.823192234349009885e-16 7.362511317675964165e+03
9.345084697346756995e-15 1.768638659040202231e-16 7.363262276278819627e+03
9.217418286422763608e-15 1.728736670298356633e-16 7.364013239353478639e+03
9.168024413682294849e-15 1.708177474051834248e-16 7.364764207430862371e+03
8.304760075836981877e-15 1.709430970785866167e-16 7.365515180151194727e+03
8.468896216823898387e-15 1.718028727309856976e-16 7.366266156150279130e+03
8.161672719732163042e-15 1.712083573625036892e-16 7.367017135301706730e+03
8.488323380226675265e-15 1.715287706074116786e-16 7.367768120571665349e+03
8.668138166582126032e-15 1.740073187948443079e-16 7.368519108909838906e+03
8.099917840063964470e-15 1.718619860318687514e-16 7.369270099884050069e+03
8.852121781793402333e-15 1.713100861809331829e-16 7.370021096765126458e+03
7.988325334859422060e-15 1.705830610729741096e-16 7.370772098091802945e+03
8.891202501702926796e-15 1.696102385914125217e-16 7.371523101999495339e+03
8.965911478265049841e-15 1.663912192339847828e-16 7.372274109328999657e+03
8.898229990880935405e-15 1.546586128050070401e-16 7.373025123621316197e+03
1.002495169343243736e-14 1.407020123106891167e-16 7.373776139935301217e+03
1.077027897062239996e-14 1.288439545989829207e-16 7.374527154091837474e+03
1.001143202454949563e-14 1.196659038344073555e-16 7.375278173858121590e+03
8.876397070850446652e-15 1.153324657019089017e-16 7.376029201597086285e+03
8.691806261189148066e-15 1.144121258861773319e-16 7.376780234042314987e+03
8.939964455983916438e-15 1.137670857156653664e-16 7.377531269734479793e+03
8.661608517253426356e-15 1.132325864726083834e-16 7.378282309895661456e+03
8.686265230010828603e-15 1.132468046450101270e-16 7.379033353843519762e+03
8.046685736713412773e-15 1.134169840291143491e-16 7.379784401276223434e+03
8.609345582225821698e-15 1.137277461558039314e-16 7.380535452774378427e+03
8.369177498175566381e-15 1.158852548263236062e-16 7.381286508664928988e+03
8.612664672577343234e-15 1.204331471358120013e-16 7.382037567989265881e+03
8.153318852346114078e-15 1.245226075684514564e-16 7.382788631870325844e+03
8.409999980039412073e-15 1.292218444545067225e-16 7.383539702078776827e+03
8.526880702099999101e-15 1.321988758720722105e-16 7.384290775167003630e+03
8.525549064806404099e-15 1.335339361806154223e-16 7.385041850135949062e+03
8.800079991013729659e-15 1.339764417049618054e-16 7.385792928356969242e+03
8.177923852754040690e-15 1.340437104006547155e-16 7.386544011669751853e+03
8.795773977141614392e-15 1.341212087284015085e-16 7.387295099494384885e+03
8.679355273099219880e-15 1.342228892771642747e-16 7.388046191126366466e+03
8.491071853315029988e-15 1.345526440686134545e-16 7.388797286492528656e+03
8.420033517182700651e-15 1.345902175738324693e-16 7.389548385006497483e+03
8.651402274569261938e-15 1.357835762049701250e-16 7.390299487785772726e+03
8.435255192100781364e-15 1.401441003525048589e-16 7.391050595192502442e+03
8.063524715238052647e-15 1.481430474955639105e-16 7.391801705099995161e+03
7.765156604178073166e-15 1.570887021008799089e-16 7.392552821528421191e+03
8.092544405832010361e-15 1.638083456602568271e-16 7.393303943046981658e+03
8.340439273531258958e-15 1.677192762937342750e-16 7.394055066585275199e+03
8.369538118852173718e-15 1.681577611517717686e-16 7.394806193473898020e+03
8.767565876507234476e-15 1.652895173088711885e-16 7.395557324694484123e+03
8.870600035467309575e-15 1.616640069228564602e-16 7.396308459711938667e+03
9.324669418262231154e-15 1.580243018028087418e-16 7.397059596962045362e+03
9.109288409259853274e-15 1.551081446552560094e-16 7.397810739078564438e+03
8.997784802106068470e-15 1.525671998624716103e-16 7.398561885949540738e+03
8.279046188096197993e-15 1.512803198786839967e-16 7.399313035455573299e+03
8.110068845702809466e-15 1.512116657274904276e-16 7.400064191091203611e+03
8.102740486813260995e-15 1.503163583199783225e-16 7.400815350183597729e+03
8.094508243622120502e-15 1.519217280531391309e-16 7.401566511413817352e+03
8.705906243324783839e-15 1.527825304210931897e-16 7.402317678470000828e+03
8.336861419495249801e-15 1.539253255203624544e-16 7.403068849164508720e+03
8.522797502527661034e-15 1.525923917811355795e-16 7.403820023328386014e+03
8.555541557387551326e-15 1.495806237709844820e-16 7.404571202345600796e+03
8.488666606240756484e-15 1.429947727843089076e-16 7.405322384685822726e+03
9.203656000459640140e-15 1.337425310368140556e-16 7.406073570615357312e+03
1.013480213070298091e-14 1.250542545526990825e-16 7.406824759100943993e+03
9.732455061739991766e-15 1.185457121555592995e-16 7.407575948288120344e+03
8.649742565347211946e-15 1.143596109020152315e-16 7.408327146887526396e+03
8.642437822110059024e-15 1.129946584748162392e-16 7.409078350392512220e+03
8.574994374470212980e-15 1.127898078202132992e-16 7.409829552973265891e+03
8.147702244437769203e-15 1.124830561071822034e-16 7.410580763142954311e+03
8.388066704301225082e-15 1.123707378145671410e-16 7.411331976759138342e+03
8.364716713524281620e-15 1.125935486994362824e-16 7.412083193155997833e+03
8.330737543075379570e-15 1.136909099616675361e-16 7.412834417453046626e+03
8.440565851492927710e-15 1.140150699548561055e-16 7.413585643967786382e+03
8.524243304072313816e-15 1.143003031954200581e-16 7.414336871930529014e+03
8.470444261367243920e-15 1.143578536589842761e-16 7.415088104083552025e+03
8.752284014164729191e-15 1.139464421062664639e-16 7.415839341808928111e+03
8.532879210279998357e-15 1.135039640511040873e-16 7.416590583342136597e+03
8.214143444517406419e-15 1.132608379287924571e-16 7.417341828560830436e+03
8.583284280333510011e-15 1.130939474061829999e-16 7.418093078134012103e+03
8.686315367644257371e-15 1.140535150726006023e-16 7.418844328740075071e+03
8.280802725144753097e-15 1.164228586337203539e-16 7.419595585945429775e+03
8.471745053060798218e-15 1.193719915357134307e-16 7.420346850621119302e+03
8.257307849407872778e-15 1.220280764776771978e-16 7.421098114923435787e+03
8.712942050241252953e-15 1.234828782170406777e-16 7.421849383192929963e+03
8.904416820090119690e-15 1.240331957749720550e-16 7.422600656954395163e+03
8.599511676946234709e-15 1.241068587296300906e-16 7.423351933901827579e+03
8.574491198175873546e-15 1.241827880348936394e-16 7.424103213812409194e+03
8.869303588446327521e-15 1.240263934668775986e-16 7.424854498265713119e+03
8.482548823497795811e-15 1.240847835230244421e-16 7.425605787359405440e+03
8.689298836005085729e-15 1.240442199838319945e-16 7.426357079204761249e+03
8.401283982418622280e-15 1.249658512208902880e-16 7.427108375840316512e+03
8.598295806267154446e-15 1.279423967802259320e-16 7.427859676123811369e+03
8.469908659418719808e-15 1.326474854025127567e-16 7.428610979017193131e+03
8.080176532195680849e-15 1.375824979962196189e-16 7.429362288090109359e+03
8.264093487330821986e-15 1.412477819585851699e-16 7.430113601762112012e+03
8.736898638859288871e-15 1.435992030980184444e-16 7.430864918670664338e+03
8.347612794577240233e-15 1.444890463927044754e-16 7.431616238696276014e+03
8.640900729184871918e-15 1.451820831762385807e-16 7.432367562281960090e+03
8.639910186720028744e-15 1.456232544249588012e-16 7.433118890326591099e+03
8.485703138406296697e-15 1.400656775260815317e-16 7.433870222660649233e+03
8.885585186305630440e-15 1.372129019646705441e-16 7.434621557056335405e+03
8.288296719664310497e-15 1.353238325286260841e-16 7.435372894607682611e+03
8.162283926930415072e-15 1.343755796403393890e-16 7.436124237033538520e+03
8.140306571175101959e-15 1.341918885676663363e-16 7.436875584746559980e+03
8.644774637834884674e-15 1.343281298717835252e-16 7.437626937358752002e+03
8.307622934837940510e-15 1.343320181278719094e-16 7.438378292799694464e+03
8.362262845584885737e-15 1.343489684957556693e-16 7.439129650652055716e+03
8.262322107302678806e-15 1.343362947844544134e-16 7.439881013500735207e+03
8.285417677334915538e-15 1.336594480986616229e-16 7.440632380735611150e+03
8.410516589151355139e-15 1.316040396191240473e-16 7.441383751937659326e+03
8.331044596095437243e-15 1.274015519543663846e-16 7.442135127308534720e+03
9.210896963457451524e-15 1.218937729748766199e-16 7.442886504918545143e+03
9.403127539496162294e-15 1.172032601231191644e-16 7.443637884572850453e+03
8.933187906584763870e-15 1.136631974359085256e-16 7.444389268525137595e+03
8.516469704138740767e-15 1.121425821573176517e-16 7.445140658755347431e+03
8.267885433626664521e-15 1.115000845496570062e-16 7.445892053416646377e+03
8.454730553305858812e-15 1.119776482974185687e-16 7.446643451509714396e+03
8.195334707638855426e-15 1.127235476749895513e-16 7.447394853320538459e+03
7.944915235728975122e-15 1.223382854616507154e-16 7.448146259092598484e+03
7.975037398892475567e-15 1.183403291493867977e-16 7.448897668677508591e+03
8.510526616986349081e-15 1.439951862810801847e-16 7.449649082238118353e+03
8.401176524005837658e-15 1.219607852260451050e-16 7.450400500074540105e+03
8.650059565999303027e-15 1.350659155047069107e-16 7.451151921263162876e+03
8.552319781063533733e-15 1.422458142460417359e-16 7.451903346457313091e+03
8.500489820656709582e-15 1.170295835873481241e-16 7.452654776030214634e+03
8.460372215553085616e-15 1.184272191234753156e-16 7.453406208760578011e+03
8.325490820574331928e-15 1.179694657683720376e-16 7.454157647394140440e+03
8.322328547347721791e-15 1.188438793672211077e-16 7.454909090401692993e+03
8.392208694867657722e-15 1.197898953891488456e-16 7.455660534101045414e+03
8.536153130202780545e-15 1.215721477598327165e-16 7.456411983644484280e+03
8.148957523607110904e-15 1.237674643852718077e-16 7.457163437207207608e+03
8.376702645444468822e-15 1.257007658755189635e-16 7.457914892901068924e+03
8.658923196735722873e-15 1.270139844435862438e-16 7.458666354376853633e+03
8.315002920275874015e-15 1.273168657547334399e-16 7.459417819695545404e+03
8.613571773370860764e-15 1.280574849647148320e-16 7.460169288077289821e+03
8.479239409742129467e-15 1.302364847349605976e-16 7.460920760521960801e+03
7.911251831145105544e-15 1.327489814149598858e-16 7.461672236935171895e+03
7.852551000847145881e-15 1.356075696479188473e-16 7.462423716780367613e+03
7.868209403142982204e-15 1.393347418530102776e-16 7.463175200164514536e+03
7.904061767019770837e-15 1.429998528646499756e-16 7.463926687857822799e+03
7.455616713447021648e-15 1.453350174748266555e-16 7.464678180310233074e+03
7.677522253093438911e-15 1.471990478920748692e-16 7.465429677040955539e+03
7.653338327859059250e-15 1.476420254197282350e-16 7.466181177215596108e+03
8.173058370405460132e-15 1.473848730275410925e-16 7.466932680637028170e+03
8.320866617166603788e-15 1.475470849566114015e-16 7.467684187595694311e+03
7.969618011485637171e-15 1.480819752657917642e-16 7.468435698250503265e+03
8.469111675234068213e-15 1.502345750420099417e-16 7.469187212523789640e+03
8.017845489104720120e-15 1.518846123354859648e-16 7.469938731058304256e+03
8.183764330676617330e-15 1.534834887685035650e-16 7.470690255732435617e+03
8.254065356257073995e-15 1.543471474463950322e-16 7.471441782509848053e+03
8.670776591330786139e-15 1.554028348657139369e-16 7.472193314003830892e+03
8.662034938863116501e-15 1.578314711080012646e-16 7.472944847440994636e+03
7.679193073190567149e-15 1.612980970388416774e-16 7.473696383128866728e+03
7.927201839120692617e-15 1.639309350946258009e-16 7.474447927022740259e+03
8.477770365450495226e-15 1.653639925577403633e-16 7.475199473632667832e+03
8.546383491517585375e-15 1.648460007951218594e-16 7.475951023270612495e+03
8.860036312410073576e-15 1.624812242078599043e-16 7.476702577780695719e+03
8.793579798237653613e-15 1.585345177202590954e-16 7.477454135230512293e+03
8.955818009256601950e-15 1.554112737146477285e-16 7.478205698875775852e+03
9.104961561278364931e-15 1.527419098901210379e-16 7.478957262811883993e+03
8.626318261914264503e-15 1.511965770897890718e-16 7.479708831109273888e+03
8.866968074606233913e-15 1.511461511067198875e-16 7.480460404920087058e+03
8.524958903893339167e-15 1.506805589545162947e-16 7.481211979368163156e+03
8.656953626315463153e-15 1.497909089102616273e-16 7.481963562015734169e+03
8.774080327489439833e-15 1.484716046053920355e-16 7.482715147401982904e+03
8.878339306589246227e-15 1.469878186917894819e-16 7.483466735599780804e+03
8.999726628178370111e-15 1.454450290137270322e-16 7.484218328056882456e+03
8.828156624325309433e-15 1.435687457677044821e-16 7.484969923875030872e+03
8.548854339857640655e-15 1.417066620653129386e-16 7.485721523407828499e+03
9.126999208800564156e-15 1.390899863240658896e-16 7.486473128360198643e+03
8.530541649141127362e-15 1.348889478932723811e-16 7.487224737802016534e+03
8.625224374221185399e-15 1.301075800964066418e-16 7.487976349716358527e+03
8.952651905305041952e-15 1.257974121042876144e-16 7.488727963721650667e+03
8.697213963350188185e-15 1.230115192202142478e-16 7.489479582494139322e+03
8.831872387966811242e-15 1.217631882677271229e-16 7.490231205055491046e+03
8.527781220365732952e-15 1.215026340260398067e-16 7.490982832112162214e+03
8.611440289656774616e-15 1.214578722457333610e-16 7.491734464316634330e+03
8.284151682263053415e-15 1.213406929426202536e-16 7.492486099222867779e+03
8.653749799070447222e-15 1.212905853606529698e-16 7.493237738087685102e+03
8.226969992826997883e-15 1.204934165865496205e-16 7.493989381537592635e+03
8.563950936959291940e-15 1.203447015414682441e-16 7.494741028656470917e+03
8.365752910782009822e-15 1.200645066504983704e-16 7.495492678681610414e+03
8.576709282390449524e-15 1.193877188611181286e-16 7.496244333150825696e+03
8.561975782655663470e-15 1.182854376268689281e-16 7.496995992578092228e+03
8.890584689716405433e-15 1.164902674265847799e-16 7.497747655028902045e+03
8.965874725766112348e-15 1.147734448519205630e-16 7.498499319516503419e+03
8.626840629399132006e-15 1.137103827165095147e-16 7.499250988087540463e+03
8.486514090131476267e-15 1.131428202740777018e-16 7.500002661995464223e+03
8.393920763830104674e-15 1.123819750424942639e-16 7.500754338748729424e+03
8.588483770164208883e-15 1.121933213011399280e-16 7.501506021456498274e+03
8.562654544724237482e-15 1.120568702287904313e-16 7.502257708611375165e+03
8.455322355790441656e-15 1.120424251000859380e-16 7.503009396329292940e+03
8.571573580354724631e-15 1.120401400007396722e-16 7.503761088288278188e+03
8.647523904201494319e-15 1.123720636226491432e-16 7.504512785972580787e+03
8.738129324679265701e-15 1.122867759648407703e-16 7.505264487912219920e+03
8.902544565886227311e-15 1.124831107639241864e-16 7.506016192085206058e+03
8.569008962704259528e-15 1.127157032576294535e-16 7.506767900282366099e+03
8.349808661311129555e-15 1.136552630987587608e-16 7.507519613445680989e+03
8.020500449290850320e-15 1.146356786956284909e-16 7.508271331029076464e+03
8.498033878463463682e-15 1.154941932842490899e-16 7.509023051781259710e+03
8.318650295583937263e-15 1.157948621954401476e-16 7.509774774530480499e+03
8.563808879425307750e-15 1.161482589900142012e-16 7.510526501106508476e+03
8.360919391943638390e-15 1.163910124195512935e-16 7.511278233439479664e+03
8.745178068651956023e-15 1.181545400355929633e-16 7.512029968198575261e+03
8.842181825550925574e-15 1.237573559825657955e-16 7.512781707924423245e+03
8.053464792326892403e-15 1.345236399371415664e-16 7.513533450617082053e+03
7.481775735818993658e-15 1.516202503513899954e-16 7.514285195503385694e+03
6.944945849721499099e-15 1.605156691983407720e-16 7.515036952634513000e+03
7.629921594961617626e-15 1.690760404917997033e-16 7.515788708916426003e+03
8.249011807243409952e-15 1.738524694517597692e-16 7.516540467939263181e+03
8.786526093912002573e-15 1.748289316190784531e-16 7.517292231165227349e+03
8.615575546749399519e-15 1.750959307052066619e-16 7.518043996323491228e+03
8.847157044518040415e-15 1.758001511321333727e-16 7.518795766795545205e+03
8.394468487069629030e-15 1.762790089096467442e-16 7.519547541488488605e+03
8.078906734575759244e-15 1.785214422054635969e-16 7.520299318583062814e+03
8.167938515639219735e-15 1.814159060991177992e-16 7.521051099615660860e+03
7.694238927004645014e-15 1.838528381749264165e-16 7.521802885983173837e+03
7.674936335871707767e-15 1.860920518933093954e-16 7.522554675620104717e+03
8.554884993299899608e-15 1.866827358326665326e-16 7.523306469538554666e+03
8.218064224555154331e-15 1.865575628132683390e-16 7.524058265359492907e+03
8.654273549708751234e-15 1.852497288883280685e-16 7.524810067492118833e+03
8.806970709102861897e-15 1.840423461920536309e-16 7.525561873043572632e+03
9.137774537121193479e-15 1.815698900733220871e-16 7.526313681840138997e+03
9.032187197714508494e-15 1.753472836692323288e-16 7.527065494522121298e+03
9.685683258916100625e-15 1.668426260713882692e-16 7.527817312318484255e+03
9.927544980388793529e-15 1.587329894911609238e-16 7.528569130345373196e+03
1.047061368679468783e-14 1.456458682210274607e-16 7.529320951281282760e+03
9.643291627164871238e-15 1.393105987473215020e-16 7.530072777886982294e+03
8.823517287958350614e-15 1.375921832583602983e-16 7.530824608160712160e+03
8.242267322922207635e-15 1.378668776528727189e-16 7.531576444522155725e+03
8.106086318365548654e-15 1.393358633237252466e-16 7.532328285668500030e+03
8.675475374346039396e-15 1.384259304004000158e-16 7.533080129338832194e+03
8.537989586682205449e-15 1.344410385856388896e-16 7.533831975474453429e+03
8.694682569353001372e-15 1.305978629988615675e-16 7.534583825673619685e+03
9.025152924891783863e-15 1.265984359160456574e-16 7.535335679901761978e+03
9.136701746002540470e-15 1.233827869020938580e-16 7.536087535672324520e+03
8.801079463639943768e-15 1.204235509990251543e-16 7.536839398294778221e+03
8.334691642604344064e-15 1.200543265577820777e-16 7.537591265086814019e+03
8.741886651101078201e-15 1.200790672832696280e-16 7.538343134814937002e+03
8.541723717187401251e-15 1.201389458970118947e-16 7.539095008309326658e+03
8.613407886353267275e-15 1.199212210783013535e-16 7.539846885364329864e+03
8.532849997125437208e-15 1.197657155703853638e-16 7.540598766837967560e+03
8.399297121018822888e-15 1.195394026060922761e-16 7.541350652566541612e+03
8.350807630374652268e-15 1.194278199017208223e-16 7.542102541284524705e+03
8.482677445637707743e-15 1.189718575815214523e-16 7.542854433728503864e+03
8.452280207777582519e-15 1.185096907073743185e-16 7.543606330114184857e+03
8.061433077187742390e-15 1.177193808697329837e-16 7.544358230391640973e+03
8.355478781713978661e-15 1.168161290084743923e-16 7.545110133827554819e+03
8.443203580498447049e-15 1.162385556693498145e-16 7.545862042661325177e+03
8.452720674529944308e-15 1.168395057750956589e-16 7.546613955099888699e+03
8.349007372117281406e-15 1.192637892746068223e-16 7.547365869773560917e+03
8.117317288037239547e-15 1.228945648965443214e-16 7.548117788850303441e+03
8.312090255645568752e-15 1.257761086953589875e-16 7.548869714358101191e+03
8.042153161092032929e-15 1.276607272238895175e-16 7.549621644209036276e+03
8.194403450603664925e-15 1.286545984949227535e-16 7.550373572552920450e+03
8.461789328709600963e-15 1.287937733323586507e-16 7.551125507313291564e+03
8.439525958084213459e-15 1.285064138008182681e-16 7.551877447549957651e+03
8.382173123541627042e-15 1.288008689647001891e-16 7.552629391141905217e+03
8.587963493758316552e-15 1.287340730913747592e-16 7.553381337243925373e+03
8.463385067203499680e-15 1.289783093660883479e-16 7.554133286814923849e+03
7.999081916363567628e-15 1.290834098973279255e-16 7.554885240900745885e+03
8.774035628017172161e-15 1.290937371583814538e-16 7.555637199370457893e+03
8.570246723127022320e-15 1.291602021331900579e-16 7.556389159918253426e+03
8.477558713200968665e-15 1.292708188425156631e-16 7.557141124679757922e+03
8.679699718324094453e-15 1.298424502525519534e-16 7.557893095710559464e+03
8.573443908659487108e-15 1.304195981366247091e-16 7.558645068209043529e+03
8.289472343580125855e-15 1.310078762410343204e-16 7.559397044424214982e+03
8.471427856349196766e-15 1.310608035240369142e-16 7.560149025942685512e+03
8.426155577619301056e-15 1.328957059419694976e-16 7.560901009373086708e+03
7.728894464931648391e-15 1.390888849554236511e-16 7.561652994518808555e+03
7.769903470851589216e-15 1.457085988951281814e-16 7.562404987304682436e+03
7.788081442230482779e-15 1.542393909322955680e-16 7.563156987074511562e+03
7.602707235777436368e-15 1.581288315131899872e-16 7.563908985027006565e+03
8.114922842131050951e-15 1.599582036988496849e-16 7.564660989717041957e+03
8.024222211138221027e-15 1.663028419143498034e-16 7.565412997049625119e+03
8.295473958783812309e-15 1.656731183095013954e-16 7.566165009353588175e+03
8.397828705144585251e-15 1.620487008238049315e-16 7.566917023552216051e+03
8.505408411319729371e-15 1.613381998696062014e-16 7.567669041146212294e+03
8.386761835250715273e-15 1.611788110760644831e-16 7.568421066502863141e+03
8.637057209658481290e-15 1.608916603966351800e-16 7.569173092179775267e+03
8.482030405012093456e-15 1.614512213095038693e-16 7.569925120279776820e+03
8.261272595142273983e-15 1.611006609917211701e-16 7.570677154118904582e+03
8.484763704997046866e-15 1.605425445979140732e-16 7.571429194120927605e+03
8.404657469642589256e-15 1.605829062333009314e-16 7.572181233622562104e+03
8.359153528452473728e-15 1.592536738630697050e-16 7.572933280360739445e+03
8.717823145155588173e-15 1.582239043281687768e-16 7.573685328182593366e+03
8.579144853722483865e-15 1.554977647698947423e-16 7.574437381169485889e+03
8.600771628918996322e-15 1.499499345283943856e-16 7.575189438691160831e+03
9.150822482891709483e-15 1.437497724253118184e-16 7.575941498714148111e+03
9.478317664242070514e-15 1.385548340655764792e-16 7.576693561862130082e+03
9.711358486820761545e-15 1.345563831449174774e-16 7.577445628473061333e+03
8.609214226977042562e-15 1.347986862567216927e-16 7.578197699760448813e+03
8.607167774400495886e-15 1.321445269867702869e-16 7.578949777017853194e+03
8.513324540468855563e-15 1.314909075275173440e-16 7.579701856067909830e+03
8.550565650958934204e-15 1.310770235182216915e-16 7.580453936828416772e+03
8.365328299153506596e-15 1.338897781222255839e-16 7.581206025674440752e+03
8.403269610255203450e-15 1.439537762863684230e-16 7.581958116337475985e+03
8.328453659995650226e-15 1.326717269461637624e-16 7.582710209775056683e+03
8.825031804108100665e-15 1.315735181564160343e-16 7.583462309978689518e+03
8.426655338386692276e-15 1.305511676866977463e-16 7.584214411695168565e+03
8.151450873048348848e-15 1.302381752146624929e-16 7.584966517010449024e+03
7.725720256882769976e-15 1.299811966358981089e-16 7.585718626547428357e+03
7.425348449693078808e-15 1.292972587544209010e-16 7.586470738625150261e+03
7.424749467667093656e-15 1.300634616358526801e-16 7.587222856746988327e+03
7.103117292222834740e-15 1.308538034203425483e-16 7.587974978939513676e+03
6.795032638051890456e-15 1.332713209885932665e-16 7.588727103218167031e+03
6.479893404799908434e-15 1.336933590534732577e-16 7.589479233022326298e+03
6.223241608888462872e-15 1.320165365898426397e-16 7.590231366766517567e+03
6.528570042828819208e-15 1.291142958693429672e-16 7.590983502391406546e+03
6.143877308363745940e-15 1.256201469294133388e-16 7.591735639928847377e+03
5.359296027195394437e-15 1.232224331969559615e-16 7.592487783822814890e+03
4.733671466097941337e-15 1.215755818934096737e-16 7.593239932287924603e+03
4.760419607001929619e-15 1.201774750521291843e-16 7.593992083058965363e+03
4.346607330049605475e-15 1.192343021223649199e-16 7.594744237785868791e+03
4.164258458526626173e-15 1.181529066520468074e-16 7.595496397243984575e+03
3.915901316110305305e-15 1.169657562100892148e-16 7.596248560433759849e+03
3.332557840369489683e-15 1.160148612032302593e-16 7.597000726592834326e+03
3.231376309302672928e-15 1.155389715348769879e-16 7.597752897055182075e+03
2.985271051271658669e-15 1.190245015244647879e-16 7.598505069996295788e+03
2.636997871026500168e-15 1.159940841645861857e-16 7.599257246852242133e+03
2.672620171891019890e-15 1.139860430347457354e-16 7.600009430163911020e+03
2.873685527740792669e-15 1.129343060781896020e-16 7.600761615398383583e+03
2.829155397725435192e-15 1.105045016006941419e-16 7.601513804161370899e+03
2.761420335441204532e-15 1.059672087169680238e-16 7.602265998303646484e+03
3.215202023202315265e-15 1.008221537304076767e-16 7.603018194168518676e+03
3.438624207528628831e-15 9.642195089341935554e-17 7.603770389928178702e+03
3.157489537185253612e-15 9.383859576738472806e-17 7.604522597791217777e+03
2.814109245471561747e-15 9.329864439641793595e-17 7.605274802590301988e+03
2.735592134243634993e-15 9.396713317868861592e-17 7.606027013289574825e+03
3.059391882962791815e-15 9.527183603908802355e-17 7.606779231688087748e+03
3.122575490176821566e-15 9.855193733074791100e-17 7.607531449604382033e+03
3.586795001869413325e-15 1.033144906613484564e-16 7.608283670001293103e+03
3.693069983206312408e-15 1.080370887774312530e-16 7.609035898756533243e+03
4.139116824569139039e-15 1.118972823262279204e-16 7.609788133518957693e+03
4.172803474452114455e-15 1.144592238110879408e-16 7.610540366330803408e+03
4.379469860576294615e-15 1.160651510603396118e-16 7.611292603545412931e+03
4.858701867458865543e-15 1.173239515497951780e-16 7.612044846211252661e+03
5.130819678412589475e-15 1.186690342990149847e-16 7.612797093052226046e+03
5.199409290916304484e-15 1.192400964180813342e-16 7.613549343177657647e+03
5.516499807378570681e-15 1.197001735005292427e-16 7.614301595701843326e+03
5.155602827381118151e-15 1.201291328018656126e-16 7.615053851624847084e+03
5.458130327713563329e-15 1.204408894495047110e-16 7.615806111944034456e+03
5.174275287314070019e-15 1.208189619596085847e-16 7.616558375661653372e+03
5.189742923195446031e-15 1.216229501299675247e-16 7.617310643826487649e+03
5.094687995629112950e-15 1.237991208445720331e-16 7.618062915750435423e+03
5.331248190351020554e-15 1.280089860539327818e-16 7.618815190583184631e+03
5.190691565093725014e-15 1.322457428646208354e-16 7.619567471314481736e+03
5.025654849092237089e-15 1.344907792324130955e-16 7.620319756406408487e+03
5.447127033621679710e-15 1.349728652108724833e-16 7.621072044365009788e+03
5.434133827822853465e-15 1.327955155011029628e-16 7.621824335192814942e+03
5.038902089241490827e-15 1.294920203845295738e-16 7.622576628641587376e+03
5.243020610574011123e-15 1.269367286102384947e-16 7.623328924631643531e+03
4.885264622553212990e-15 1.247726052972285437e-16 7.624081224984081928e+03
5.036425869341466440e-15 1.234537846330912263e-16 7.624833532924337305e+03
4.509848878997162853e-15 1.227119051400523469e-16 7.625585843266860138e+03
4.783441375475725754e-15 1.219738273791475586e-16 7.626338154386339738e+03
4.293044806600900874e-15 1.212470696288990072e-16 7.627090471648320090e+03
4.487341374088116839e-15 1.217188457334367900e-16 7.627842793371567495e+03
4.468277342038481058e-15 1.238878472759288380e-16 7.628595117572122035e+03
4.857730063355478375e-15 1.223056726506818989e-16 7.629347444675864608e+03
4.629292184640585833e-15 1.207945512178960043e-16 7.630099777586237906e+03
4.473071924412280065e-15 1.200546387329327244e-16 7.630852114204286408e+03
4.411522685726035090e-15 1.181955717820576272e-16 7.631604452940308875e+03
4.888216609122118704e-15 1.147622642826790922e-16 7.632356794893799815e+03
4.970442211317714005e-15 1.108627811495928675e-16 7.633109141615169392e+03
5.712162603843986306e-15 1.066574261787364989e-16 7.633861491562285664e+03
5.338852377316447385e-15 1.039211927040601874e-16 7.634613843946413908e+03
4.991465657701950980e-15 1.026933106383555199e-16 7.635366201990851550e+03
4.667694945516128637e-15 1.026009310373369772e-16 7.636118563971969706e+03
4.967728129399853069e-15 1.028265575915759684e-16 7.636870930096061784e+03
5.173570071070855170e-15 1.029403274279885907e-16 7.637623301147768871e+03
5.182988733883864042e-15 1.037238441124006270e-16 7.638375673349371937e+03
5.226250635234405242e-15 1.037032741412455535e-16 7.639128049649498280e+03
5.007872923317489188e-15 1.039356002240079104e-16 7.639880430870100099e+03
4.982361198589062069e-15 1.045099510729313002e-16 7.640632813181092388e+03
4.942352786465533785e-15 1.047599457124359847e-16 7.641385202167705756e+03
5.783705762374401350e-15 1.051854684475021812e-16 7.642137594596038070e+03
5.662598592127462814e-15 1.072667980038852487e-16 7.642889986565451181e+03
5.554923964492741950e-15 1.166415517309182532e-16 7.643642386734733918e+03
5.667810602840259752e-15 1.114314552177912357e-16 7.644394792436140051e+03
5.630412451170848920e-15 1.124438673368062025e-16 7.645147200373628039e+03
5.745292474880141529e-15 1.132258137256944631e-16 7.645899610680837213e+03
5.666193569565511216e-15 1.131461954959754577e-16 7.646652024296187847e+03
5.845837637216774855e-15 1.129035899924111975e-16 7.647404442380664477e+03
6.286597406299770328e-15 1.129290341077855407e-16 7.648156864588952885e+03
6.004327486518359973e-15 1.131247460532213446e-16 7.648909288862694666e+03
6.530102403793517422e-15 1.133073106067717193e-16 7.649661718499772178e+03
6.401665824119441619e-15 1.136711273262413558e-16 7.650414152956265752e+03
6.164942576011645358e-15 1.147844183602020657e-16 7.651166588543603211e+03
6.122863617379335837e-15 1.175388297756795589e-16 7.651919027295054548e+03
5.998520551459010270e-15 1.219952213642811285e-16 7.652671471648827719e+03
5.942915340885580765e-15 1.261065553417023450e-16 7.653423921082476227e+03
6.556578485226644484e-15 1.291184317610882901e-16 7.654176373558107116e+03
6.666727843621876323e-15 1.310451591074462754e-16 7.654928828600999623e+03
6.692898654176801357e-15 1.312992972940754406e-16 7.655681287341258212e+03
6.591044818670614589e-15 1.306281942080663526e-16 7.656433751051734362e+03
6.747360904133590012e-15 1.293619059065038285e-16 7.657186218631704833e+03
7.127111640137679559e-15 1.279630174801580890e-16 7.657938687216668768e+03
6.997994261140570563e-15 1.270417003848902440e-16 7.658691158480127342e+03
7.371497500179945118e-15 1.275719577551543607e-16 7.659443637174450487e+03
7.276769995667207619e-15 1.546617014848868568e-16 7.660196118605501397e+03
7.355756038711062971e-15 1.736028049730737255e-16 7.660948603362870017e+03
7.417150013168603629e-15 1.284019130254437339e-16 7.661701093324585599e+03
7.297482831626272934e-15 1.272580268965476186e-16 7.662453584540677184e+03
7.133694655005127705e-15 1.275066232020030468e-16 7.663206080537258458e+03
7.506137804479603971e-15 1.280414508283109183e-16 7.663958581511960801e+03
7.302853084925683947e-15 1.275675769074548841e-16 7.664711084397236846e+03
7.458419233449745097e-15 1.253692256088538616e-16 7.665463592166865055e+03
7.671887202171359975e-15 1.222001390224013801e-16 7.666216103911936443e+03
8.000955851306265808e-15 1.180218350365384424e-16 7.666968617372403969e+03
7.638475784620827887e-15 1.147822659077992387e-16 7.667721132974053035e+03
7.411944868019760539e-15 1.124645650803079864e-16 7.668473655193449304e+03
7.378081621352108260e-15 1.117138119154188897e-16 7.669226181945564349e+03
7.941593667503659786e-15 1.118667622649899030e-16 7.669978709364825590e+03
7.599771274982501290e-15 1.121089699707335804e-16 7.670731243275475208e+03
7.406266319712080182e-15 1.125693079567319993e-16 7.671483781210999950e+03
7.410761321681443119e-15 1.132142513042090850e-16 7.672236320629572219e+03
7.719296777956180920e-15 1.135112893417884965e-16 7.672988864014580031e+03
7.723404954574291930e-15 1.139772594824201318e-16 7.673741413358773571e+03
7.344642943952674764e-15 1.157318718845805109e-16 7.674493966332851414e+03
7.476249160600148123e-15 1.148620140306409047e-16 7.675246520756702012e+03
7.728829828609077134e-15 1.152172505605699864e-16 7.675999079781309774e+03
7.864598003304287084e-15 1.158279055179506218e-16 7.676751643119541768e+03
8.004343357561272409e-15 1.166079303673633418e-16 7.677504209825957332e+03
7.950404447011039123e-15 1.173741489632419114e-16 7.678256780010759030e+03
7.930909035038521954e-15 1.180182701243367639e-16 7.679009353765557535e+03
7.573075575639028210e-15 1.185500850831493986e-16 7.679761931194261706e+03
8.017589079899579934e-15 1.190964924809319185e-16 7.680514512220352117e+03
7.726639230980445048e-15 1.200679333515645981e-16 7.681267096752539146e+03
7.773583340445572090e-15 1.215403777380243616e-16 7.682019685869885507e+03
7.939963647749165936e-15 1.227977084130542231e-16 7.682772279165886175e+03
7.763009036409025558e-15 1.236908313424478100e-16 7.683524875659843019e+03
8.146410214823675919e-15 1.240773874126013249e-16 7.684277476647108415e+03
8.162485853470709310e-15 1.241641920941536104e-16 7.685030081555087236e+03
7.769381685523304819e-15 1.237381303873435299e-16 7.685782688475079340e+03
7.838860764960686722e-15 1.236775706570335348e-16 7.686535296817386552e+03
7.887986085933817770e-15 1.235901584815957209e-16 7.687287911680054094e+03
7.818272253714353468e-15 1.239806397506022689e-16 7.688040531151687901e+03
7.897088587683598460e-15 1.251341830130909941e-16 7.688793152000975169e+03
7.879520970830816981e-15 1.271378766492846035e-16 7.689545779881686030e+03
7.911723029978768746e-15 1.291244057871285040e-16 7.690298411496327390e+03
7.477569633282788458e-15 1.301021751947917093e-16 7.691051044445379375e+03
8.065491069892826778e-15 1.311491113098615595e-16 7.691803680651287323e+03
8.292385613665795444e-15 1.312720687609903445e-16 7.692556321607267819e+03
8.407859767084655028e-15 1.310664698896045590e-16 7.693308966162167053e+03
7.809996899807024966e-15 1.310549007847353943e-16 7.694061613353407665e+03
8.201100390311416858e-15 1.307503427280633037e-16 7.694814264925460520e+03
8.299153871286255912e-15 1.302021759450393934e-16 7.695566921113443641e+03
8.354139876579249563e-15 1.294407112860147634e-16 7.696319580547636178e+03
8.163602276704074402e-15 1.285119930892096053e-16 7.697072242286425535e+03
8.446926213952918167e-15 1.277679053898065060e-16 7.697824908723523549e+03
8.135535018647078076e-15 1.275635417033025005e-16 7.698577579354071531e+03
8.075873860058987975e-15 1.273712323278280623e-16 7.699330252835021383e+03
8.363105721960094829e-15 1.274646294215772904e-16 7.700082929395979590e+03
7.985378908446969339e-15 1.290849795206457717e-16 7.700835609517951525e+03
7.539349851373241724e-15 1.348325655708400351e-16 7.701588293807524678e+03
7.070785115568926442e-15 1.478200393597255049e-16 7.702340982725863796e+03
6.289462413176840494e-15 1.626704023656811616e-16 7.703093676052119918e+03
6.664207007874301502e-15 1.738703686456539521e-16 7.703846375333057949e+03
7.799431490741944522e-15 1.831887588034853377e-16 7.704599076611165401e+03
7.897119781491026848e-15 1.901446546912591139e-16 7.705351779966205868e+03
7.130900732574053760e-15 1.976793192226785902e-16 7.706104485991485490e+03
6.902616015527517660e-15 2.097928381856148491e-16 7.706857196687892610e+03
6.760172703503484186e-15 2.225322246217201262e-16 7.707609911217803528e+03
6.071851974381199250e-15 2.333477077134589116e-16 7.708362631352436438e+03
7.146414157421273791e-15 2.407480546712520020e-16 7.709115353613042316e+03
7.008458711734624401e-15 2.441301876788336340e-16 7.709868078733210496e+03
7.243505619437104394e-15 2.455915408412133455e-16 7.710620808401226896e+03
7.703431360397972810e-15 2.461185508311108739e-16 7.711373540744083584e+03
7.005316628707633459e-15 2.468552398852135903e-16 7.712126277013943763e+03
7.129819540481504567e-15 2.477030071581749959e-16 7.712879017334262244e+03
7.916889063378946176e-15 2.483307499259175766e-16 7.713631760889338693e+03
8.138535610612614303e-15 2.491327844837372370e-16 7.714384508631534118e+03
7.899915272774804876e-15 2.482598166911528091e-16 7.715137259607670785e+03
7.499063298264712115e-15 2.445661764198677324e-16 7.715890015177917121e+03
8.499536317944577089e-15 2.365168495493662851e-16 7.716642773986439352e+03
9.659537037756151137e-15 2.293614246777026764e-16 7.717395535965124509e+03
1.047248383165116262e-14 2.215443088731668352e-16 7.718148299977578063e+03
9.026922482448519241e-15 2.146801421225734626e-16 7.718901070262603753e+03
8.695901854963124322e-15 2.079269381313020298e-16 7.719653843345866335e+03
8.964498485182246493e-15 1.975210353590482058e-16 7.720406621013147742e+03
1.010376394513237165e-14 1.842540590771020570e-16 7.721159402151683025e+03
1.056742808034606240e-14 1.705143079515449163e-16 7.721912184983999396e+03
1.004996779456967548e-14 1.592691019386122017e-16 7.722664969796902369e+03
9.502223862860136015e-15 1.524465294474006194e-16 7.723417759866759297e+03
8.270496749458763698e-15 1.500099802785198407e-16 7.724170555280936242e+03
7.830053328136569821e-15 1.495770114456011701e-16 7.724923353918369685e+03
8.250467327632016882e-15 1.503819724185608893e-16 7.725676155087261577e+03
7.969974040953229222e-15 1.506312842238368066e-16 7.726428961030664141e+03
8.079578156677676572e-15 1.497943016912802894e-16 7.727181772419499794e+03
8.093223798406965118e-15 1.479863432348294133e-16 7.727934587080279016e+03
8.508611955052389504e-15 1.446594940175801254e-16 7.728687402448213106e+03
8.212609526005190265e-15 1.408401106000503675e-16 7.729440222694811382e+03
8.359648542604257369e-15 1.364155185932469032e-16 7.730193047682603719e+03
8.622091538829785754e-15 1.327642824518377292e-16 7.730945875314722798e+03
8.548560232137829789e-15 1.306013989861497144e-16 7.731698705479235286e+03
8.506240302552400375e-15 1.290193243600647898e-16 7.732451540441795260e+03
8.579773425982714358e-15 1.282943526615333371e-16 7.733204380107274119e+03
7.841705903957016354e-15 1.280506137527561745e-16 7.733957222693934455e+03
8.012936161439201288e-15 1.279862556376956994e-16 7.734710067582465854e+03
8.088243299021281631e-15 1.278834071376321551e-16 7.735462917186125196e+03
8.266849361076186071e-15 1.284049225292714502e-16 7.736215771955864511e+03
8.063243817960307587e-15 1.299601960902603355e-16 7.736968629919642808e+03
7.947980118978446627e-15 1.308823271171183663e-16 7.737721490271429502e+03
8.212625721072842428e-15 1.306110068546161127e-16 7.738474353872048596e+03
8.048679852934119713e-15 1.350045262595033070e-16 7.739227221357903545e+03
7.441618028585452467e-15 1.494292883573410078e-16 7.739980092737656378e+03
7.224299843683829259e-15 1.728101850936079685e-16 7.740732968102041923e+03
5.733490057977437155e-15 1.957080128893033665e-16 7.741485848340169468e+03
5.247608954469634889e-15 2.113800443498223822e-16 7.742238735444847407e+03
6.941940324496082055e-15 2.216413280682769525e-16 7.742991623470239574e+03
7.775307080326989407e-15 2.250741191707879963e-16 7.743744514122771761e+03
8.364802244790955954e-15 2.250705517580164895e-16 7.744497406803154263e+03
7.759063339056793424e-15 2.252732402169838524e-16 7.745250304803053950e+03
8.044989628204083075e-15 2.256063198363871458e-16 7.746003206354278518e+03
7.976833909990896522e-15 2.259909488060260619e-16 7.746756110529500802e+03
7.870189038912250320e-15 2.266677871149623142e-16 7.747509018009044667e+03
8.558821883919451625e-15 2.273687512425706685e-16 7.748261932018562220e+03
7.436407854459392112e-15 2.293477484478213383e-16 7.749014846450043478e+03
7.981702174440473495e-15 2.339914772057522319e-16 7.749767766396035768e+03
6.679670723547864647e-15 2.401389048245562432e-16 7.750520687193400590e+03
7.580745246089276532e-15 2.458233554352681608e-16 7.751273615139449248e+03
7.536628651406453603e-15 2.500470387532687745e-16 7.752026545417751549e+03
9.184780977461921238e-15 2.474710926047072400e-16 7.752779480903787771e+03
8.907947461902564068e-15 2.388344009874165287e-16 7.753532418955643152e+03
9.558757549723077073e-15 2.236534654818199833e-16 7.754285361731284866e+03
1.147541843134063607e-14 2.050578872661600907e-16 7.755038307413066832e+03
1.272728591471998448e-14 1.869862413280090189e-16 7.755791252990264184e+03
1.189717513794865465e-14 1.732254267234563852e-16 7.756544202523017702e+03
9.332346860225418630e-15 1.668666566278072535e-16 7.757297158542418401e+03
8.756847949577402348e-15 1.649918074625223916e-16 7.758050116558337322e+03
7.966492029152892991e-15 1.649963129225727127e-16 7.758803079202274603e+03
7.994162533001387819e-15 1.651535278546469028e-16 7.759556046242243610e+03
7.815043620434313108e-15 1.655837689435614518e-16 7.760309016736518970e+03
7.808312257044317706e-15 1.680547771642476267e-16 7.761061991205362574e+03
8.273372989166867459e-15 1.743413737298612075e-16 7.761814965573445079e+03
7.408256430011662574e-15 1.821675032339576071e-16 7.762567943994565212e+03
7.077123751566311160e-15 1.887341555395290442e-16 7.763320929813475232e+03
7.756731332419967971e-15 1.939249123589314128e-16 7.764073917880785302e+03
8.366760453258515611e-15 1.988065318850909888e-16 7.764826908765791813e+03
7.533082097855977965e-15 2.028652423796472631e-16 7.765579903469158126e+03
7.967294761865253000e-15 2.066937468284284900e-16 7.766332901836814926e+03
7.972965017777899498e-15 2.105835451432076047e-16 7.767085905758056469e+03
7.731518988099618340e-15 2.111639654630849331e-16 7.767838913125558975e+03
7.111197367527001274e-15 2.115596821968248174e-16 7.768591922416595480e+03
7.835840024771708325e-15 2.128874986363713914e-16 7.769344935803680528e+03
7.485704252064599030e-15 2.156291233712159382e-16 7.770097953289718134e+03
8.088879420621732748e-15 2.207535655795964565e-16 7.770850974909322758e+03
7.420947474449231988e-15 2.245047530255711645e-16 7.771604000544204609e+03
7.489071669992661744e-15 2.273356325250010824e-16 7.772357029313994644e+03
7.509142783363607320e-15 2.286679388595466019e-16 7.773110061714221956e+03
8.414786499298030793e-15 2.284521967075803395e-16 7.773863097557468791e+03
9.205888744834150295e-15 2.263597053947919955e-16 7.774616136338507204e+03
8.408619966137943450e-15 2.218305703677567663e-16 7.775369179762619751e+03
9.122052808883581444e-15 2.146308259785125807e-16 7.776122227612962888e+03
9.669557730583074411e-15 2.056524245602185316e-16 7.776875278604637060e+03
1.021352652874305187e-14 2.028164416618290363e-16 7.777628331993936627e+03
1.026762763730861918e-14 1.840358521975550785e-16 7.778381389729856892e+03
1.040043097590012411e-14 1.705789710338232109e-16 7.779134451971601266e+03
1.019097205953159218e-14 1.618905201190511001e-16 7.779887516465769295e+03
9.060558392255886741e-15 1.568135852682501772e-16 7.780640583131296808e+03
8.674517072687076518e-15 1.553192899470709655e-16 7.781393654304245501e+03
8.155075236401164532e-15 1.563641310438370807e-16 7.782146730793365350e+03
8.080337734023447277e-15 1.650253501914421849e-16 7.782899810353893372e+03
7.964819429236672967e-15 1.783562324862823656e-16 7.783652890250998098e+03
7.057336963799599202e-15 1.901319715831149669e-16 7.784405974918507127e+03
6.642186002902512620e-15 1.920354484352323864e-16 7.785159066448630256e+03
7.692805614743358760e-15 1.998669502162301647e-16 7.785912161643367654e+03
8.207933253392065847e-15 2.042254732933024328e-16 7.786665259851917654e+03
8.405748469834991643e-15 2.053448532021900530e-16 7.787418360348160604e+03
7.678106357680324832e-15 2.051475724931056356e-16 7.788171463565173326e+03
8.455619876222735931e-15 2.061439153682501738e-16 7.788924571335324799e+03
7.938937915419345797e-15 2.067394525378586505e-16 7.789677683240872284e+03
8.352979701945339230e-15 2.066423488877554640e-16 7.790430798379080443e+03
8.277600664023272781e-15 2.075981500105565354e-16 7.791183916692752973e+03
8.155254275424156465e-15 2.057255550538621444e-16 7.791937038704634688e+03
8.243017330443440084e-15 2.056579148137454819e-16 7.792690164662806637e+03
8.091254069766000132e-15 2.043388437943878664e-16 7.793443294225058708e+03
8.221016416376277772e-15 2.044020668929325349e-16 7.794196426651511501e+03
8.134232607455921182e-15 2.046593692778806929e-16 7.794949562984145814e+03
8.548015043840382865e-15 2.030076534892160918e-16 7.795702703942839435e+03
8.402226300562385976e-15 2.002169189324166789e-16 7.796455849063558162e+03
8.807276344013262480e-15 1.922102751632393285e-16 7.797208997152692973e+03
8.564343644040475330e-15 1.816852315300049415e-16 7.797962148581895235e+03
1.022675483442119135e-14 1.718462774502000261e-16 7.798715302565302409e+03
1.087911951623575697e-14 1.640719092827294525e-16 7.799468457713585849e+03
1.003828728235573564e-14 1.600978433234512205e-16 7.800221620296626497e+03
8.192426141120221522e-15 1.601176544240262556e-16 7.800974787423388989e+03
8.201286654825084495e-15 1.600421876014511450e-16 7.801727955717477016e+03
8.053493949178723140e-15 1.603476978279208775e-16 7.802481128299868942e+03
7.970951330247541829e-15 1.604573752536809063e-16 7.803234304547884676e+03
8.261469275862113592e-15 1.606537509509409301e-16 7.803987484224433501e+03
8.509238872538938967e-15 1.613852212348412173e-16 7.804740667678127465e+03
8.454215904417708921e-15 1.619041073372022356e-16 7.805493854207676122e+03
7.999628955548271323e-15 1.624202892970053535e-16 7.806247044656112848e+03
8.146053747484091459e-15 1.626125956257828653e-16 7.807000238992834056e+03
8.096768154636781973e-15 1.626909632066436880e-16 7.807753436439926190e+03
8.041830145671215648e-15 1.632123480431389324e-16 7.808506637690884418e+03
7.880304785520764756e-15 1.638172606982080844e-16 7.809259843065599853e+03
8.535019840215852483e-15 1.652060674011644992e-16 7.810013052071608399e+03
7.678450864911862744e-15 1.740171139212487777e-16 7.810766263449097096e+03
7.231955257427370902e-15 1.897592794842928156e-16 7.811519476317358567e+03
6.216991564922861028e-15 2.023947228656842467e-16 7.812272696355486914e+03
6.627157819404670922e-15 2.119545681141457065e-16 7.813025923387563125e+03
8.488006432212132722e-15 2.168041285411937582e-16 7.813779150921158362e+03
8.383504612708321804e-15 2.180655442050941029e-16 7.814532380355747591e+03
7.925061606521271660e-15 2.167076778004628445e-16 7.815285613718075183e+03
8.529389810996988025e-15 2.160186997786966300e-16 7.816038850810979966e+03
8.083149048721166330e-15 2.159675514865889100e-16 7.816792091866172086e+03
8.057827789953984786e-15 2.157173855447230591e-16 7.817545336209696870e+03
8.137514459605235027e-15 2.164533205394627920e-16 7.818298583892282295e+03
7.846065195437494556e-15 2.162256989864988236e-16 7.819051835846271388e+03
8.026802053361080547e-15 2.170045274644167272e-16 7.819805090796547120e+03
8.038976668966457450e-15 2.173623031984011410e-16 7.820558349273856038e+03
7.895991068191323922e-15 2.173878630236441764e-16 7.821311612002797119e+03
7.829105250929377539e-15 2.177093288987820403e-16 7.822064877016379796e+03
8.065218431957970141e-15 2.172658465523188494e-16 7.822818147058826071e+03
7.994692357485214102e-15 2.153618936286968262e-16 7.823571421479871788e+03
8.713118035724620243e-15 2.097361034357270043e-16 7.824324697073211610e+03
8.807768346575222149e-15 1.956719421478469972e-16 7.825077979628175854e+03
1.093651696179237503e-14 1.766190869618509629e-16 7.825831266000024698e+03
1.196819889006986557e-14 1.563784995219215107e-16 7.826584549338650504e+03
1.180741638137987583e-14 1.391881968681050884e-16 7.827337834928113807e+03
9.891607618267789495e-15 1.294770050424749410e-16 7.828091127378334932e+03
8.179331835918537798e-15 1.273707070990600227e-16 7.828844426218198350e+03
8.103836758701599784e-15 1.263587613105625008e-16 7.829597726881558629e+03
7.671060018375445539e-15 1.279079067984910915e-16 7.830351030708208782e+03
8.000983705940086549e-15 1.341007276469164117e-16 7.831104341182794997e+03
7.116028363803029877e-15 1.416420183021683248e-16 7.831857652848289035e+03
6.891052785527191915e-15 1.493699057577861623e-16 7.832610972418342499e+03
7.540935527629860151e-15 1.541174152901026608e-16 7.833364295172536004e+03
8.228032537415212882e-15 1.557484294384569606e-16 7.834117618288400990e+03
8.247721005684916310e-15 1.555328190788374772e-16 7.834870943962803722e+03
8.057714176731593639e-15 1.568246502631840924e-16 7.835624273926286151e+03
8.097308076561197718e-15 1.563907240261965530e-16 7.836377607564327263e+03
7.793104227027596158e-15 1.565424369673347201e-16 7.837130944267426457e+03
8.076134329287750659e-15 1.572695329949207562e-16 7.837884285993102822e+03
8.310785937406870868e-15 1.578663783211016513e-16 7.838637630837223696e+03
8.133377132214274347e-15 1.597259767204457243e-16 7.839390978027624442e+03
7.954890789079325199e-15 1.628909329031797582e-16 7.840144330199803335e+03
7.603355466672621567e-15 1.665386924186617394e-16 7.840897686178976983e+03
7.593055187580755737e-15 1.705737409767629836e-16 7.841651045095821246e+03
7.783379439269259186e-15 1.780284348688249955e-16 7.842404407714753688e+03
7.014151627282437583e-15 1.940013141539513697e-16 7.843157773055534562e+03
5.672668013020354642e-15 2.127413950868408673e-16 7.843911138793086138e+03
5.441544603904056474e-15 2.262040698939345100e-16 7.844664516849848951e+03
6.229695775372021487e-15 2.338336407391040269e-16 7.845417895742520159e+03
8.615012146686226421e-15 2.357799500460296064e-16 7.846171274882637590e+03
9.027976762853324305e-15 2.348764763964829168e-16 7.846924658695292237e+03
8.287572217749358027e-15 2.331824209936867979e-16 7.847678044916774525e+03
7.476101543455636608e-15 2.333274856672888571e-16 7.848431435174385115e+03
7.698896333465189460e-15 2.353321271639658944e-16 7.849184830096581209e+03
7.805360548699754675e-15 2.394249799822367694e-16 7.849938228393679310e+03
7.727220480248537803e-15 2.470855984517314860e-16 7.850691629038325118e+03
6.642055224264423266e-15 2.539105876871790528e-16 7.851445034804980423e+03
6.364865527684650289e-15 2.604005512596384016e-16 7.852198443797242362e+03
7.155901155588392387e-15 2.634556549371187029e-16 7.852951855717836224e+03
8.140084825213784707e-15 2.630904016656658764e-16 7.853705272666506971e+03
8.367243428989673527e-15 2.614348143901880978e-16 7.854458691005058427e+03
8.959522078328954081e-15 2.586635944412377809e-16 7.855212114302748887e+03
8.717266178060938525e-15 2.541547464781428943e-16 7.855965539939048540e+03
9.229194676574640065e-15 2.444119974492684507e-16 7.856718970587853619e+03
9.723300281860677537e-15 2.313562659088439456e-16 7.857472404505613667e+03
1.164288172629676511e-14 2.171589059728950670e-16 7.858225840503824656e+03
1.198568581921868226e-14 2.057382011426964721e-16 7.858979278752236496e+03
9.954721121158626799e-15 2.014743909464287924e-16 7.859732723406212244e+03
8.205848741190907063e-15 2.058400164711573816e-16 7.860486168643741621e+03
7.196049341036241347e-15 2.146078384307117732e-16 7.861239618411173069e+03
7.035352944744815021e-15 2.217037940999054083e-16 7.861993075762416993e+03
7.201858243556406003e-15 2.253175460478949987e-16 7.862746534898610662e+03
8.244399243875313667e-15 2.246624877899205151e-16 7.863499996935335730e+03
8.368469148166959646e-15 2.188830635636460172e-16 7.864253462565693553e+03
8.901087954559571875e-15 2.113707159167725470e-16 7.865006931093432286e+03
9.598510767287820187e-15 2.041733230863840170e-16 7.865760402846025499e+03
9.523851094523676449e-15 1.988068911814958000e-16 7.866513877448987841e+03
8.654295333351691196e-15 1.959733554945341107e-16 7.867267355921934723e+03
8.436728177239279165e-15 1.967836427390990562e-16 7.868020839477321715e+03
7.988538536122880099e-15 2.005476532883397181e-16 7.868774325761858563e+03
7.243317718601000885e-15 2.051356345978085498e-16 7.869527815719037790e+03
7.265865877234804117e-15 2.083001018486332698e-16 7.870281310546199165e+03
7.729970938800416581e-15 2.102017614942631345e-16 7.871034808799933671e+03
8.222971357555190814e-15 2.118449845755923860e-16 7.871788309074448989e+03
8.382413657626624204e-15 2.117650186133751310e-16 7.872541812292056420e+03
8.422069736279862972e-15 2.106011455827015260e-16 7.873295320084109335e+03
8.450193013684440733e-15 2.058127932572978168e-16 7.874048831766576768e+03
8.889071322107267233e-15 1.969330719320270667e-16 7.874802348154260471e+03
1.033870772094298455e-14 1.874402418202365863e-16 7.875555867252434837e+03
1.023876787660705887e-14 1.795108207807034251e-16 7.876309385224545622e+03
9.475505990808111430e-15 1.747300553161728341e-16 7.877062909660548030e+03
7.980683282461133558e-15 1.732864871129341486e-16 7.877816440070093449e+03
8.292030459788063723e-15 1.741270436334401769e-16 7.878569972590019461e+03
7.729885311799805800e-15 1.798635292774016195e-16 7.879323507256765879e+03
7.476336422417761024e-15 1.894363714695780429e-16 7.880077046169955793e+03
6.725374598139584978e-15 1.994498565136702918e-16 7.880830590261446559e+03
6.981723823805141851e-15 2.066061629908335637e-16 7.881584138454980348e+03
7.991817812383229420e-15 2.087062392804346382e-16 7.882337689098667397e+03
8.631053993967451057e-15 2.069614947073919822e-16 7.883091243020090587e+03
8.902847175523161128e-15 2.031993175600363855e-16 7.883844799881377185e+03
8.930770163928758974e-15 1.989146326017669675e-16 7.884598359012464243e+03
8.143780402613579698e-15 1.949033650565368055e-16 7.885351923250706022e+03
8.148228486983205537e-15 1.902720091634721415e-16 7.886105491875307052e+03
8.440931352659670803e-15 1.865935905349186767e-16 7.886859062852134230e+03
8.764884635894690245e-15 1.879637116481356817e-16 7.887612636018669946e+03
7.960226129754367926e-15 1.895807185778990578e-16 7.888366214389869128e+03
7.930210738445177835e-15 1.851449636103889556e-16 7.889119796580325783e+03
7.631586228162584897e-15 1.819093442740910837e-16 7.889873381125303240e+03
8.161228544036569457e-15 1.816717113041851687e-16 7.890626970210530089e+03
8.016858161062929533e-15 1.812008778918948868e-16 7.891380562773238125e+03
7.708663170583318793e-15 1.801290863015136743e-16 7.892134158543275589e+03
8.402743077685391366e-15 1.756748621540572429e-16 7.892887758205102728e+03
8.746284852538647986e-15 1.665711004805256590e-16 7.893641361790364499e+03
9.850550970962816290e-15 1.549535014142175386e-16 7.894394968426829109e+03
1.040112975760638174e-14 1.438824703319680832e-16 7.895148576519273774e+03
9.938384007017751237e-15 1.350719066780176806e-16 7.895902186341703782e+03
8.663557983465274537e-15 1.296956808988519105e-16 7.896655802440051048e+03
7.717548894828652655e-15 1.288864549880569735e-16 7.897409423938050168e+03
7.435122088706708722e-15 1.289060497540184816e-16 7.898163047753551837e+03
7.701840440373709890e-15 1.286483138865475460e-16 7.898916673219108816e+03
7.914948773874084845e-15 1.290751558612019930e-16 7.899670304282864890e+03
7.882805381108030908e-15 1.292310381604132894e-16 7.900423940148866677e+03
7.915879428232034581e-15 1.306882722166660120e-16 7.901177578552818886e+03
7.758018090679769468e-15 1.353335740649731968e-16 7.901931219264872198e+03
7.060529819951494919e-15 1.472988679438130014e-16 7.902684862291048375e+03
6.765530828764548329e-15 1.728121450632225671e-16 7.903438513353134113e+03
4.692972869986196205e-15 2.045880556716806394e-16 7.904192162466319132e+03
3.808101690198940647e-15 2.295927283873145439e-16 7.904945822301771841e+03
4.465010232073018691e-15 2.472053292111447947e-16 7.905699487784731900e+03
6.275806545690396414e-15 2.562335358483708255e-16 7.906453148914692974e+03
7.219434111860052662e-15 2.580872420936774914e-16 7.907206815410401759e+03
7.766275095696834509e-15 2.586762880129798015e-16 7.907960485239871559e+03
7.174885742133531212e-15 2.598101593054789173e-16 7.908714157664903723e+03
7.338175739841854327e-15 2.602812410928516940e-16 7.909467833294384036e+03
7.658952147573653131e-15 2.626574287424245508e-16 7.910221515172584986e+03
6.643270713115051814e-15 2.689467233639161988e-16 7.910975196885217883e+03
6.199565389858825375e-15 2.769890453192094738e-16 7.911728884127542187e+03
5.984700279313409734e-15 2.851442467380105659e-16 7.912482575639602146e+03
6.943828622408500536e-15 2.917022347068035534e-16 7.913236270607212646e+03
7.359359728804615194e-15 2.953404788041409492e-16 7.913989968210790721e+03
7.344629182901053080e-15 2.953702673631220883e-16 7.914743669238309849e+03
8.691437574101045197e-15 2.933362164359439233e-16 7.915497373232301470e+03
8.956101992272082073e-15 2.884317005644158024e-16 7.916251082440448954e+03
9.296051324957569357e-15 2.750601412669924099e-16 7.917004795362059667e+03
1.050186024855550948e-14 2.549956550765822670e-16 7.917758510821188793e+03
1.372626168604596054e-14 2.331347049624008132e-16 7.918512230088528668e+03
1.448466986570777505e-14 2.134538829825615872e-16 7.919265949736098264e+03
1.229898052252647933e-14 2.022121857239920715e-16 7.920019673324954056e+03
8.516366742845770526e-15 2.006695511838856629e-16 7.920773401730602018e+03
7.251761568305850837e-15 2.066173994068030927e-16 7.921527133680587212e+03
7.369601543121349251e-15 2.120796414081981929e-16 7.922280869846103087e+03
6.766883089059185806e-15 2.197098406809010046e-16 7.923034610061635249e+03
7.722681664268268390e-15 2.181213286798397610e-16 7.923788354130936568e+03
8.297474896424936233e-15 2.113712583683443770e-16 7.924542101564895347e+03
9.211654327214232097e-15 2.011843594974386833e-16 7.925295851931708967e+03
1.013496370500556644e-14 1.903006227382703505e-16 7.926049605580165007e+03
1.008473504562271099e-14 1.809413952015528352e-16 7.926803361957068773e+03
9.144998704997749710e-15 1.750408050477602360e-16 7.927557120349820252e+03
8.217337429167863760e-15 1.723920694316524146e-16 7.928310883933527293e+03
8.392905754787106276e-15 1.717343522359976028e-16 7.929064652022489099e+03
7.861846745592051487e-15 1.714116901855880329e-16 7.929818422825646849e+03
7.776517966533153504e-15 1.713253885148734076e-16 7.930572196680370325e+03
7.924529492536439755e-15 1.714837197815993457e-16 7.931325974770788889e+03
7.598377393101464138e-15 1.714664851249476003e-16 7.932079756546441786e+03
8.192312619852618217e-15 1.712559154766112375e-16 7.932833540768428065e+03
7.755186586705657227e-15 1.699685998133039474e-16 7.933587328037109728e+03
8.325790221004527494e-15 1.664038965194094745e-16 7.934341120694084566e+03
8.679197330456165120e-15 1.597192982462444335e-16 7.935094917789525425e+03
9.002212474813735295e-15 1.514461568231718902e-16 7.935848715503308995e+03
9.574958972243049342e-15 1.436515951450276755e-16 7.936602515035755459e+03
9.268964025676956953e-15 1.379650895112381008e-16 7.937356319389507917e+03
8.453255147927176966e-15 1.360600736262510177e-16 7.938110128288461965e+03
7.877450964297903603e-15 1.402766229215725682e-16 7.938863938254769892e+03
7.527471784187219743e-15 1.483600100250240799e-16 7.939617754203669392e+03
7.030310872095778093e-15 1.565361231580532310e-16 7.940371576681796796e+03
7.326074707222970079e-15 1.625409086326508104e-16 7.941125402737671720e+03
7.891365999916273665e-15 1.655845927146555181e-16 7.941879229942996972e+03
7.891802086812615979e-15 1.660777514014991487e-16 7.942633060323138125e+03
7.521733809630391209e-15 1.662251707320962969e-16 7.943386894031311385e+03
7.923812956725854042e-15 1.665146550093389722e-16 7.944140729201484646e+03
7.858667998190666187e-15 1.668004924858573793e-16 7.944894569650222365e+03
8.059482394561674295e-15 1.676914775435111759e-16 7.945648414859295372e+03
7.654615609500500896e-15 1.678335280535673764e-16 7.946402262343217444e+03
8.197107153686420486e-15 1.678508910827275111e-16 7.947156112039823711e+03
7.970195775743357821e-15 1.663290763985674084e-16 7.947909965669287885e+03
7.937277239196008716e-15 1.658517764204977388e-16 7.948663823768460134e+03
7.740636651073864620e-15 1.651798453923973434e-16 7.949417685373273343e+03
8.124834975927388648e-15 1.643436576058497569e-16 7.950171549876255085e+03
8.151765914413209243e-15 1.634510699611293257e-16 7.950925418684058968e+03
8.370225962833310960e-15 1.619547520973147649e-16 7.951679291013895636e+03
7.941567223954726062e-15 1.575598936879595261e-16 7.952433165063506749e+03
7.777366170895057655e-15 1.517870154134246133e-16 7.953187046577465480e+03
8.452688952269032066e-15 1.533436199783186086e-16 7.953940926727600527e+03
8.080330440039237168e-15 1.702327606326678790e-16 7.954694802430485652e+03
5.481893127706405702e-15 1.910317967148938673e-16 7.955448696172704331e+03
4.734395755544921992e-15 2.096533371127242746e-16 7.956202593155269824e+03
5.603026124982666912e-15 2.220386362963826092e-16 7.956956491108030605e+03
7.826990795805096905e-15 2.275606586528559444e-16 7.957710390355056006e+03
7.606673698161445602e-15 2.293673926373190824e-16 7.958464292760270837e+03
7.389489712961067652e-15 2.300795812605130604e-16 7.959218199028071467e+03
7.828504679684994479e-15 2.301241012808398577e-16 7.959972109469590578e+03
7.497477355948414516e-15 2.309377915564810059e-16 7.960726023794586581e+03
7.152433535930328416e-15 2.313876225678348229e-16 7.961479939625363841e+03
7.569361804087045031e-15 2.318870630644504325e-16 7.962233858442658857e+03
7.481962309253327550e-15 2.328863475990530638e-16 7.962987782517839150e+03
7.398451909668604069e-15 2.331085980268723213e-16 7.963741710685364524e+03
7.723445828553878002e-15 2.329261330088171343e-16 7.964495640910070506e+03
7.624845724529028759e-15 2.333107429192061608e-16 7.965249574177130853e+03
7.937803888626985835e-15 2.325890661254238444e-16 7.966003512306715493e+03
7.719080041100706285e-15 2.320718129315565259e-16 7.966757452881226527e+03
8.741655377809627688e-15 2.282768113516020463e-16 7.967511397597074392e+03
8.427495033925097225e-15 2.170305475230344411e-16 7.968265347463469880e+03
9.418047003250113848e-15 2.022961943508532620e-16 7.969019300478996229e+03
1.209075509294889948e-14 1.901720903057870995e-16 7.969773252219386450e+03
1.167115839756810631e-14 1.837424251676153025e-16 7.970527206408418351e+03
8.259864598434625477e-15 1.826322269176958047e-16 7.971281169607559605e+03
7.229682547776841567e-15 1.849165766458291083e-16 7.972035136188704200e+03
7.805976335539104145e-15 1.865849816533517123e-16 7.972789105379071771e+03
7.889621459768960324e-15 1.846757897432075517e-16 7.973543076516751171e+03
7.816100042143147461e-15 1.840476294166081339e-16 7.974297049846896698e+03
7.276122229722769806e-15 1.838167555870565197e-16 7.975051029006732279e+03
7.725811764651387855e-15 1.833733170194092511e-16 7.975805011554039083e+03
7.739751591132589001e-15 1.831763108404441987e-16 7.976558996177355766e+03
7.705137462666465892e-15 1.830777787188738803e-16 7.977312985901944558e+03
7.566712271711561362e-15 1.832713167955954086e-16 7.978066978986862523e+03
8.121793672137601553e-15 1.835849337698436150e-16 7.978820975111962980e+03
7.474480244773422461e-15 1.543657337106759848e-16 8.101903075887410523e+03
7.727753345052959766e-15 1.629586307966209936e-16 8.102470096194276266e+03
8.126385840560872076e-15 1.626907915022611193e-16 8.103227392700548080e+03
7.635460983970102889e-15 1.617402092002346980e-16 8.103984680419156575e+03
7.876947933941634144e-15 1.598674893419445398e-16 8.104741960489477606e+03
7.696248156356809904e-15 1.556821731284633465e-16 8.105499234236309348e+03
7.776313263346558332e-15 1.504676711611990449e-16 8.106256499039085611e+03
8.482307105568326261e-15 1.455590872809881862e-16 8.107013753672586063e+03
8.515801720119002563e-15 1.411311359366712821e-16 8.107771003769127674e+03
8.077556387178173655e-15 1.377396681939003750e-16 8.108528246143458091e+03
7.972641204034011320e-15 1.360867938300040238e-16 8.109285485989415065e+03
7.959683384616305333e-15 1.357112136044851828e-16 8.110042714150221400e+03
8.183636632633313556e-15 1.353601626959308522e-16 8.110799933377469642e+03
7.915270223470275338e-15 1.353829568193662532e-16 8.111557148103780492e+03
8.152767166979420693e-15 1.358068852646064802e-16 8.112314356538108768e+03
8.126499916121625145e-15 1.355895055505398290e-16 8.113071556888750820e+03
7.905579237936546855e-15 1.354717357890512363e-16 8.113828748547066425e+03
8.010971738900561964e-15 1.352741045036692807e-16 8.114585934357500264e+03
8.210824756578316123e-15 1.351162514089743055e-16 8.115343112276868851e+03
8.189513432868680258e-15 1.343742068518559394e-16 8.116100283474504067e+03
8.237632702602638313e-15 1.346572567616813920e-16 8.116857449041185646e+03
8.440580278568713977e-15 1.347520601584660526e-16 8.117614606293727775e+03
8.109826181255419454e-15 1.345833275345959655e-16 8.118371754522715491e+03
8.079846307744365453e-15 1.347460167681561098e-16 8.119128895890581589e+03
7.969604452155126930e-15 1.347058196219732562e-16 8.119886031539839678e+03
8.058870401691280572e-15 1.344938383975685427e-16 8.120643160409030315e+03
7.845518701936809687e-15 1.346741425395590037e-16 8.121400282237602369e+03
8.331916087732483839e-15 1.342985967535493064e-16 8.122157393679786765e+03
7.658053408401880655e-15 1.341992171395129841e-16 8.122914499051827079e+03
7.938075078058203006e-15 1.342846262177523179e-16 8.123671599957800936e+03
7.859831298840143654e-15 1.348472079293788860e-16 8.124428692188603236e+03
7.897900338123288020e-15 1.347138564972814125e-16 8.125185776222759159e+03
7.568964277490011690e-15 1.344297220796895335e-16 8.125942853748147172e+03
7.455391864204034122e-15 1.343648779832075400e-16 8.126699925270480890e+03
7.325366937992643941e-15 1.346391982606799846e-16 8.127456989807078571e+03
7.785759783899590869e-15 1.356182490750399228e-16 8.128214047415329333e+03
7.499285518981368016e-15 1.371033379977622233e-16 8.128971095737415453e+03
7.835300302704043292e-15 1.382358704363995371e-16 8.129728137287191203e+03
7.428597962700879511e-15 1.392917646575140847e-16 8.130485178331258794e+03
7.502198547895938925e-15 1.399370545194565786e-16 8.131242206494867787e+03
7.508025662451009605e-15 1.399627715406164358e-16 8.131999226509884465e+03
7.602077082972693341e-15 1.395532420459381983e-16 8.132756244024325497e+03
7.479365714019455234e-15 1.393756228110963532e-16 8.133513251410289740e+03
7.487203246991226198e-15 1.390865598348781854e-16 8.134270252586684364e+03
7.636300587337092482e-15 1.392574728589299668e-16 8.135027242925400060e+03
7.311188535977629653e-15 1.404302710700854268e-16 8.135784233498370668e+03
7.209780115399000481e-15 1.417524665823593125e-16 8.136541210520848836e+03
7.583395091602870915e-15 1.431709353237962382e-16 8.137298184823797783e+03
7.802709063992750353e-15 1.443626359028547936e-16 8.138055152355937935e+03
7.530490014581794677e-15 1.452056595089547096e-16 8.138812109610917105e+03
7.038996212989887834e-15 1.446900273150298526e-16 8.139569063252024534e+03
7.211773110484786060e-15 1.444550306003672925e-16 8.140326010585167751e+03
7.245014406329162545e-15 1.439606491704828876e-16 8.141082945716139875e+03
6.777772827434379761e-15 1.419791916843003104e-16 8.141839878611260247e+03
7.082444166302559244e-15 1.409822997426459184e-16 8.142596805309369302e+03
6.987846531472154842e-15 1.393276285107170363e-16 8.143353721465138733e+03
7.248627122657767188e-15 1.376316978307988070e-16 8.144110633283164134e+03
7.328462934625870323e-15 1.362878606044386684e-16 8.144867536258203472e+03
7.265555506950398331e-15 1.355455066538178226e-16 8.145624436240780597e+03
6.459482454722112059e-15 1.350047313177478289e-16 8.146381325319652206e+03
6.876612359853449268e-15 1.348827613882244844e-16 8.147138207809326559e+03
7.162101820333358252e-15 1.347608525666322842e-16 8.147895087413451620e+03
7.105255984231139621e-15 1.344218758936048265e-16 8.148651956627868458e+03
6.801699338772705374e-15 1.333791538218671656e-16 8.149408819899346781e+03
6.691174158087124580e-15 1.318253156708463966e-16 8.150165678689712877e+03
7.227991770165709514e-15 1.299129135998705921e-16 8.150922526222737361e+03
7.225065826122555814e-15 1.281364975006121187e-16 8.151679367985383578e+03
6.820312669035348637e-15 1.266411745133087475e-16 8.152436204882986203e+03
6.947393719816639135e-15 1.257116396397606044e-16 8.153193034604575587e+03
6.581384778714463978e-15 1.250759653378479644e-16 8.153949857832128146e+03
6.750002260251714490e-15 1.248136657050468564e-16 8.154706674512291102e+03
7.242698855985989495e-15 1.246103346564999420e-16 8.155463484753661760e+03
6.573426040321076572e-15 1.243921155801039779e-16 8.156220288821459690e+03
6.576716000143201954e-15 1.259450423291991260e-16 8.156977086203538420e+03
7.145194820922254494e-15 1.248792511997755746e-16 8.157733876215366763e+03
6.347579158612967806e-15 1.245080105980879994e-16 8.158490659271916229e+03
6.426617531067220674e-15 1.243661913114437920e-16 8.159247436144935818e+03
6.755763962865101814e-15 1.242138942469264005e-16 8.160004207261326883e+03
6.688926990284279593e-15 1.241745341968058137e-16 8.160760971224499372e+03
6.795850323682555073e-15 1.243751753981490863e-16 8.161517726403802953e+03
6.699071576128498581e-15 1.243221179996103667e-16 8.162274476113780111e+03
6.825700521559860781e-15 1.244895038874463595e-16 8.163031222500238982e+03
6.990869873607439584e-15 1.246795434997613103e-16 8.163787960810788718e+03
6.930320134079937471e-15 1.249332832482516685e-16 8.164544690739930957e+03
6.941608514604491840e-15 1.253375482740930388e-16 8.165301414679815025e+03
6.897538685171182717e-15 1.252197795148804773e-16 8.166058132487155490e+03
6.783001766282700112e-15 1.267840902477323891e-16 8.166814843149645640e+03
7.323982681052504386e-15 1.249307242023638143e-16 8.167571547507346622e+03
7.009094537644464925e-15 1.250152631082034238e-16 8.168328246658674288e+03
7.226411942432642187e-15 1.257774875842486471e-16 8.169084936340685090e+03
6.862323299330791987e-15 1.325126749903382971e-16 8.169841620778721335e+03
6.808831171926095832e-15 1.340834204807590041e-16 8.170598301433171400e+03
6.521821211282845327e-15 1.273490038756554551e-16 8.171354973296993194e+03
6.766731219511587802e-15 1.251317230865099573e-16 8.172111639127280796e+03
6.609211746631312728e-15 1.249525669260834722e-16 8.172868298780540499e+03
6.872927857487518082e-15 1.258324921746956885e-16 8.173624951005944240e+03
6.762433132718308131e-15 1.247084361632194033e-16 8.174381597790770684e+03
6.933978878435487784e-15 1.249797924671814383e-16 8.175138238685180113e+03
6.937645400894155963e-15 1.250479223226492379e-16 8.175894872248216416e+03
6.960049713345502317e-15 1.252672865517107077e-16 8.176651498697334318e+03
6.993778425548499828e-15 1.256200845827622647e-16 8.177408121922378996e+03
6.986956181627718373e-15 1.263688156599674051e-16 8.178164737971337672e+03
7.119042979651030877e-15 1.271526953353910062e-16 8.178921344647613296e+03
7.074717111241254134e-15 1.278404836905173578e-16 8.179677946539219192e+03
6.698068686006707836e-15 1.286883921762659504e-16 8.180434542424215579e+03
7.022113589681218325e-15 1.292620899761665867e-16 8.181191133061857727e+03
6.701514559539286569e-15 1.310489423293381992e-16 8.181947717395616564e+03
7.124049840500381074e-15 1.298886112880322464e-16 8.182704293885336483e+03
7.193043671804404106e-15 1.298621631446921957e-16 8.183460864990342088e+03
7.182607826935230981e-15 1.299900190640830117e-16 8.184217429241391983e+03
7.174660878433186118e-15 1.307654919701608837e-16 8.184973986252449322e+03
7.038820214210555555e-15 1.317937888324129407e-16 8.185730536833049882e+03
6.965255600856677607e-15 1.322753381964816971e-16 8.186487083113270273e+03
6.787820742119748718e-15 1.321515558431252454e-16 8.187243625364127183e+03
7.085702178270526147e-15 1.321841647981747196e-16 8.188000158154566634e+03
6.991325865460097508e-15 1.324662047268919211e-16 8.188756684351517833e+03
6.643526635997737777e-15 1.317467427089390215e-16 8.189513205010031015e+03
7.091871031474306500e-15 1.318319838090191485e-16 8.190269719765885384e+03
6.808075139667060534e-15 1.312895892279889757e-16 8.191026229537055769e+03
6.796989672323742138e-15 1.307154008829360658e-16 8.191782731507874814e+03
6.900149274895772590e-15 1.305847450973200467e-16 8.192539225013155374e+03
7.172402731421108322e-15 1.289944111368205937e-16 8.193295715027255937e+03
6.923773443273912647e-15 1.288340467243581858e-16 8.194052202238810423e+03
6.795505825071809829e-15 1.289122172461687722e-16 8.194808679179423052e+03
7.168549411816312995e-15 2.312665079146229713e-16 8.195565149116009707e+03
7.146777148006547963e-15 1.315303633106309007e-16 8.196321613991549384e+03
7.399720452017887445e-15 1.297067891150402097e-16 8.197078073295233480e+03
6.925917176333980411e-15 1.301611156311998306e-16 8.197834528367919120e+03
7.468010236674855432e-15 1.301281401837712083e-16 8.198590976413201133e+03
7.201695327291488195e-15 1.297397676709972186e-16 8.199347417248538477e+03
7.227359936017768593e-15 1.292493563499246632e-16 8.200103852119722433e+03
7.215946203705859420e-15 1.291968543496925369e-16 8.200860280151493498e+03
7.335954381279014519e-15 1.287536993925245166e-16 8.201616704299409321e+03
7.321849744438024654e-15 1.286593870440310416e-16 8.202373122936307482e+03
7.397554206096964440e-15 1.288804251592061903e-16 8.203129532977993222e+03
7.541092681338833375e-15 1.289999612600211543e-16 8.203885938646177237e+03
7.088607653271010417e-15 1.289966129805381893e-16 8.204642337880561172e+03
7.491261181357432359e-15 1.291476869056439532e-16 8.205398729434997222e+03
7.167105657179926208e-15 1.285344889957588130e-16 8.206155117958365736e+03
7.119102194807000894e-15 1.280632975422539807e-16 8.206911499721347354e+03
7.345846054972458461e-15 1.279781870245950136e-16 8.207667874633856627e+03
7.617848888562372713e-15 1.284697032661000241e-16 8.208424243741010287e+03
7.863985103003644211e-15 1.281323605711718468e-16 8.209180606274810998e+03
7.337576482607213148e-15 1.295726639772553127e-16 8.209936965260629222e+03
7.398650983762732660e-15 1.324329131310714999e-16 8.210693318636900585e+03
7.240023175651273185e-15 1.301074698768042531e-16 8.211449662852817710e+03
6.895459678979335761e-15 1.276131084536753950e-16 8.212206002956609154e+03
7.141553579748143140e-15 1.274114409038532537e-16 8.212962337647215463e+03
7.490523658812777171e-15 1.273829124859295360e-16 8.213718664861055004e+03
7.599337974049920098e-15 1.275678798302087414e-16 8.214474988056055736e+03
7.398252793724339493e-15 1.277254794096036619e-16 8.215231304682525661e+03
7.023471673439446377e-15 1.278365053011868331e-16 8.215987615035730414e+03
7.110755683575670209e-15 1.279969659280624510e-16 8.216743921236760798e+03
6.729414146778181493e-15 1.279969823530719301e-16 8.217500221370792133e+03
7.044268738001498806e-15 1.278317914078805473e-16 8.218256514500370031e+03
6.439538412570244515e-15 1.267083467884049081e-16 8.219012801294851670e+03
6.351971097256523555e-15 1.270514786521480847e-16 8.219769082704355242e+03
6.892740375800343556e-15 1.260483268962300491e-16 8.220525358715922266e+03
6.759727837163506538e-15 1.792545978311345604e-16 8.221281629173859983e+03
6.700546935101382970e-15 1.262602667028204883e-16 8.222037894211771345e+03
6.601907374534029039e-15 1.245827956900844853e-16 8.222794153903192637e+03
6.460680277186220562e-15 1.246234481191199659e-16 8.223550407993952831e+03
6.135200059700217049e-15 1.239958244714870621e-16 8.224306652223203855e+03
5.925282634618859716e-15 1.238474254495960391e-16 8.225062893713969970e+03
6.203792565467154069e-15 1.237238993667808630e-16 8.225819132790067670e+03
6.219584462954646935e-15 1.236736449583012123e-16 8.226575363722204202e+03
6.387643653341283404e-15 1.233195647252609026e-16 8.227331588549624939e+03
6.126682037013743397e-15 1.234717560216396991e-16 8.228087807481177151e+03
5.951223949576072239e-15 1.232998941529808876e-16 8.228844020111337159e+03
6.589219111372270455e-15 1.229605635656365527e-16 8.229600227182432718e+03
6.376640342331234799e-15 1.233046937543549015e-16 8.230356429131474215e+03
6.441997838667417259e-15 1.236053564588826505e-16 8.231112625969302826e+03
6.676012965477639151e-15 1.233884810616970497e-16 8.231868817773090996e+03
6.863872683293054447e-15 1.244080371361806711e-16 8.232625004785535566e+03
6.223289320127075555e-15 1.250985071662532385e-16 8.233381184257155837e+03
6.760192741586532801e-15 1.260431747313926579e-16 8.234137358603986286e+03
6.951116550668452987e-15 1.269582351921843826e-16 8.234893528230879383e+03
6.608704246482889990e-15 1.304306503503872514e-16 8.235649691764920135e+03
7.011498947248459309e-15 1.283273434486217967e-16 8.236405849165048494e+03
6.763832622779226018e-15 1.284864445196248206e-16 8.237162000249463745e+03
7.042986488292515626e-15 1.433927644134771286e-16 8.237918147147333002e+03
7.037329879300892859e-15 1.302182611165947870e-16 8.238674288861024252e+03
7.587023887953645964e-15 1.304623520341824172e-16 8.239430424703168683e+03
6.990032041126654435e-15 1.312927732629561461e-16 8.240186555568496260e+03
6.672869337882295030e-15 1.317451523300783810e-16 8.240942679730826057e+03
7.233597279348238720e-15 1.322069506701664672e-16 8.241698797975906928e+03
7.612821891233423639e-15 1.323828707116246379e-16 8.242454913033234334e+03
7.266287396967085076e-15 1.325487587963786175e-16 8.243211022728948592e+03
7.129971942348963327e-15 1.329653389354115206e-16 8.243967125618768478e+03
7.339694705458160056e-15 1.325019734375145428e-16 8.244723222206599530e+03
7.385131719459421869e-15 1.323426832355906143e-16 8.245479314416870693e+03
7.108358916192057574e-15 1.325786282753887410e-16 8.246235402006343065e+03
7.522229158486785035e-15 1.324699555721906376e-16 8.246991482642813935e+03
7.375860001384725323e-15 1.342355687580197298e-16 8.247747558794366341e+03
7.191804654372538244e-15 1.321130572130464053e-16 8.248503630022962170e+03
7.224186982908388265e-15 1.313383513441089182e-16 8.249259696965913463e+03
7.426067892377657510e-15 1.310361024289712027e-16 8.250015757171855512e+03
6.883692290549929159e-15 1.306144916861627439e-16 8.250771810672329593e+03
7.491042845111867399e-15 1.301867343161531435e-16 8.251527861250742717e+03
7.101690682926630087e-15 1.294535713407272735e-16 8.252283905051994225e+03
7.252411745590767999e-15 1.284227549472464516e-16 8.253039940603317518e+03
6.965092891996971419e-15 1.276143213121951771e-16 8.253795975092099980e+03
7.151728197084894965e-15 1.275517247856474676e-16 8.254552007162528753e+03
6.732883280235251006e-15 1.270624761242547934e-16 8.255308029799933138e+03
7.117215332478814118e-15 1.272017440383118066e-16 8.256064047078672957e+03
7.086649200501305560e-15 1.272449750920390291e-16 8.256820058806068118e+03
7.223200109063867727e-15 1.273544761314088601e-16 8.257576064909508204e+03
7.061285523066386772e-15 1.274022718462086424e-16 8.258332067866722355e+03
6.772867986369568549e-15 1.271985306509288417e-16 8.259088065929707227e+03
6.752285065624314792e-15 1.271288910076554311e-16 8.259844056764921334e+03
7.401232605328017919e-15 1.269775522005373231e-16 8.260600042575362750e+03
6.780187445186348571e-15 1.268100973280033166e-16 8.261356023121596081e+03
7.412468984905607775e-15 1.266364147062354243e-16 8.262111998737163958e+03
7.255515572984050986e-15 1.265796769899760942e-16 8.262867970983899795e+03
7.202812038485217077e-15 1.265907402083042361e-16 8.263623937284362910e+03
7.238364610049138443e-15 1.267210568112170688e-16 8.264379896596903563e+03
7.266471705915839516e-15 1.269675702094154670e-16 8.265135852089157197e+03
7.087244498746733074e-15 1.267167764343157775e-16 8.265891804111826787e+03
6.719679777451664919e-15 1.275295690509079624e-16 8.266647747379614884e+03
6.873628553914225946e-15 1.311369649218113869e-16 8.267403685983259493e+03
7.193808401348440504e-15 1.376273190273049406e-16 8.268159622775321623e+03
7.127851471668370389e-15 1.447726176704744496e-16 8.268915555275822044e+03
7.261454265077633095e-15 1.525000332486902660e-16 8.269671483781683492e+03
6.899914974441180823e-15 1.620175772073201404e-16 8.270427403577552468e+03
6.693675416754534306e-15 1.748884711120547010e-16 8.271183319145991845e+03
6.350534717295186278e-15 1.874957101091366363e-16 8.271939228387800540e+03
7.171561578836752645e-15 1.979065659494495391e-16 8.272695134535140824e+03
7.162692138715392917e-15 2.063507566103301427e-16 8.273451038933158998e+03
6.897754632907013643e-15 2.125034436820035406e-16 8.274206931756747508e+03
6.199387263091231571e-15 2.157025064169947064e-16 8.274962823603082143e+03
6.836181241594195157e-15 2.187118509719078399e-16 8.275718706700781695e+03
6.189088012407598866e-15 2.216568852346543977e-16 8.276474587680371769e+03
5.973364592291984538e-15 2.268664654499151047e-16 8.277230463564363163e+03
6.133856405596633350e-15 2.377153266918623403e-16 8.277986332818669325e+03
7.259445986039562469e-15 2.511203319902636377e-16 8.278742196514282114e+03
7.077471595356568990e-15 2.630433948811085649e-16 8.279498057027929462e+03
8.066330942216711858e-15 2.721893031174953380e-16 8.280253914722747140e+03
8.097674161171436887e-15 2.787819446091204182e-16 8.281009765192538907e+03
6.558785402882342605e-15 2.796518027337800033e-16 8.281765611567851010e+03
6.726652654742774618e-15 2.772754202604112456e-16 8.282521452291704918e+03
6.812505625436400944e-15 2.728766721912254117e-16 8.283277286713691865e+03
6.907990157571550505e-15 2.675518654756856782e-16 8.284033118237002782e+03
5.939903726130183923e-15 2.599725041364852476e-16 8.284788944261736106e+03
5.924744442671282703e-15 2.553080028466332874e-16 8.285544765890692361e+03
6.692239752047126493e-15 2.532333345128234331e-16 8.286300581646497449e+03
7.072939615099663286e-15 2.517485341623820832e-16 8.287056390269610347e+03
6.284202213032933752e-15 2.558921616754866326e-16 8.287812200565407693e+03
6.483543303844920511e-15 2.678677348870780775e-16 8.288567999457744008e+03
7.255630915645820464e-15 2.804130350697264793e-16 8.289323794800828182e+03
7.528297076431304702e-15 2.891075792275373141e-16 8.290079590218523663e+03
8.248960841518104913e-15 2.948417564894283112e-16 8.290835379072137584e+03
8.049028179409104619e-15 2.938790920503099105e-16 8.291591162066144534e+03
7.242724315689127086e-15 2.853873662967204545e-16 8.292346941119882104e+03
7.447664026707621246e-15 2.738274832247016784e-16 8.293102714021582869e+03
8.223910617402238284e-15 2.646111061005200511e-16 8.293858481448900420e+03
8.863459167105107684e-15 2.572618749983265016e-16 8.294614243948166404e+03
8.705924589614679346e-15 2.528937017649987479e-16 8.295370004053998855e+03
7.333193516737133744e-15 2.520202113846803117e-16 8.296125759472050049e+03
7.359684457090336739e-15 2.500646524451300059e-16 8.296881508048327305e+03
6.964683333815302490e-15 2.501092195925484396e-16 8.297637252968252142e+03
7.649249106638694017e-15 2.497331040254450344e-16 8.298392993144152570e+03
7.500223962958892911e-15 2.487837200621437429e-16 8.299148729364467727e+03
7.246040874626396602e-15 2.466169186340486040e-16 8.299904463262435456e+03
7.164332097130888254e-15 2.458775798660265255e-16 8.300660188151694456e+03
7.491375040932274207e-15 2.426481953719308460e-16 8.301415909563231253e+03
8.104464329581932874e-15 2.320455981782752258e-16 8.302171628677810077e+03
7.833578078669041109e-15 2.183986748263985369e-16 8.302927345680072904e+03
7.890855679762947875e-15 2.047418295194400283e-16 8.303683053353779542e+03
8.136048083432831267e-15 1.905734825471245019e-16 8.304438751952609891e+03
8.025307184854731220e-15 1.777527540066432011e-16 8.305194448894648303e+03
7.068197009762222829e-15 1.713595583456772251e-16 8.305950144637336052e+03
6.763539616904513279e-15 1.696029491922168077e-16 8.306705835352822760e+03
6.833311366194796450e-15 1.694433276941777574e-16 8.307461520747971008e+03
7.334031235132100628e-15 1.695385986810772924e-16 8.308217200476081416e+03
7.054925674122354011e-15 1.699528558585263303e-16 8.308972876438623643e+03
7.157778299083508139e-15 1.699967948633879395e-16 8.309728550210062167e+03
6.631860992315449805e-15 1.698391385779173615e-16 8.310484217152552446e+03
6.644465437083840476e-15 1.697431929426194658e-16 8.311239879213404492e+03
7.079975305185336932e-15 1.694964351638466753e-16 8.311995538406878040e+03
6.623243714910198481e-15 1.686963841335123911e-16 8.312751193006817630e+03
7.061436590785571003e-15 1.660669370649861680e-16 8.313506843120012491e+03
6.701083179728196237e-15 1.593510034745133366e-16 8.314262489798216848e+03
7.232779558708141699e-15 1.514642682284689148e-16 8.315018131786462618e+03
7.133732551619576001e-15 1.441511467799932421e-16 8.315773763776938722e+03
7.774920011323434596e-15 1.368698788535332021e-16 8.316529391655118161e+03
7.238275303067935881e-15 1.315128928614863028e-16 8.317285020217215788e+03
6.970161129117548082e-15 1.295314448068197653e-16 8.318040645319342730e+03
6.909214444976984291e-15 1.296085198789216051e-16 8.318796263742067822e+03
6.819324271212991737e-15 1.293803126831798495e-16 8.319551879107726563e+03
7.385546670694988906e-15 1.293764097145436552e-16 8.320307489132039336e+03
7.374864416764694552e-15 1.292664466780919137e-16 8.321063091858726693e+03
7.034317613866811487e-15 1.285712335517516483e-16 8.321818695150119311e+03
7.603013417662239736e-15 1.276392573263584027e-16 8.322574293034129369e+03
7.194593385082119835e-15 1.267378874438758502e-16 8.323329884744907758e+03
7.513026019628216614e-15 1.262649708121452660e-16 8.324085475064148341e+03
7.054892751159141210e-15 1.259320440405984937e-16 8.324841058324171172e+03
6.696787074133250356e-15 1.260101355432318562e-16 8.325596637131915486e+03
7.480954253747685907e-15 1.263270907965641616e-16 8.326352213457783364e+03
7.037313867697950893e-15 1.265468983262494085e-16 8.327107784942545550e+03
7.240163600886179358e-15 1.272247224507635544e-16 8.327863352901978942e+03
7.412380539070799813e-15 1.278517096987897677e-16 8.328618915950381052e+03
7.304003366588886309e-15 1.282115154210724204e-16 8.329374473916413990e+03
7.116861117079984853e-15 1.290744261155940138e-16 8.330130029132906202e+03
7.393196453933621140e-15 1.297031516812286612e-16 8.330885580171048787e+03
6.825427756396651181e-15 1.317348851018022837e-16 8.331641126486976646e+03
7.192073287182925183e-15 1.378748102640173549e-16 8.332396668340217730e+03
6.167846610848064963e-15 1.524856040456230767e-16 8.333152205691698327e+03
4.865981197968940356e-15 1.883836262947586653e-16 8.333907737952122261e+03
6.448288170609716944e-15 2.322226902683292753e-16 8.334663265971217697e+03
8.732286991312742933e-15 2.673986277360276434e-16 8.335418793281198305e+03
9.907565368690696226e-15 2.978678253369916596e-16 8.336174324215791785e+03
1.143471873769597000e-14 3.168122527196522087e-16 8.336929843411788170e+03
8.590333272826653794e-15 3.284472551601933861e-16 8.337685356077265169e+03
6.565424084414629860e-15 3.311310549208387213e-16 8.338440865937707713e+03
6.803563001310745949e-15 3.317763881296798175e-16 8.339196370645004208e+03
6.556746920907252814e-15 3.338496488052809126e-16 8.339951871498649780e+03
6.839840175195654363e-15 3.360446228959974159e-16 8.340707368546463840e+03
6.110792885692890767e-15 3.375605870010225505e-16 8.341462861410225742e+03
6.346970006041958119e-15 3.417370073385698254e-16 8.342218348925238388e+03
7.344546972912175043e-15 3.517917831523238910e-16 8.342973834147875095e+03
6.922943109395066620e-15 3.605029226853022010e-16 8.343729314947544481e+03
7.781610201383682350e-15 3.668354703882181613e-16 8.344484792989878770e+03
7.714691181578485940e-15 3.736858967056294072e-16 8.345240265414216992e+03
8.249355605048968941e-15 3.762697206070442927e-16 8.345995734953368810e+03
7.408281691773160762e-15 3.728573755798574716e-16 8.346751200298484036e+03
6.721623836690500375e-15 3.600083208485374076e-16 8.347506661382154562e+03
7.561529689536491052e-15 3.328180561903485643e-16 8.348262119772643928e+03
8.865148545434554642e-15 3.042088786004365298e-16 8.349017578008148121e+03
1.006870327646456672e-14 2.760383492894988140e-16 8.349773023502521028e+03
9.828667276253482742e-15 2.495372529078090995e-16 8.350528461657977459e+03
9.535845140503487137e-15 2.298626401128817749e-16 8.351283904396312209e+03
7.351594516708954331e-15 2.236986142346509158e-16 8.352039341897188933e+03
7.004287315267706021e-15 2.229662396520547922e-16 8.352794775835016480e+03
6.875353455256574009e-15 2.221031450086175912e-16 8.353550205702293169e+03
7.393841970635761836e-15 2.239145168939506567e-16 8.354305630570852372e+03
6.629828029806799537e-15 2.256047870414297161e-16 8.355061051039503582e+03
7.306330522017824594e-15 2.213559199702503855e-16 8.355816470649057010e+03
6.890548932097979634e-15 2.131562328355804031e-16 8.356571887285663252e+03
7.554035806158049331e-15 2.025262924336929241e-16 8.357327300252847635e+03
7.731857122683421502e-15 1.914982591202217892e-16 8.358082701839484798e+03
8.145810739407884547e-15 1.802124249139611162e-16 8.358838100145634598e+03
7.793201091052219262e-15 1.718827712804477762e-16 8.359593501716404717e+03
7.310397987197142685e-15 1.690772570747562746e-16 8.360348896719911863e+03
7.145072048270640571e-15 1.684082308108570662e-16 8.361104288109065237e+03
7.495271862529413538e-15 1.681713875996264279e-16 8.361859674769195408e+03
7.126591432392302976e-15 1.681611792048911829e-16 8.362615056859071046e+03
6.868581570877559431e-15 1.687078029603218449e-16 8.363370438422765801e+03
7.326662054967414763e-15 1.690055546324215548e-16 8.364125816213443613e+03
6.923154326300619928e-15 1.705406319885252351e-16 8.364881187940882228e+03
7.196436268942867741e-15 1.675982119683718727e-16 8.365636558469763258e+03
7.222250722842930095e-15 1.672276938997521318e-16 8.366391922871323914e+03
7.180591822765698865e-15 1.652853599644858686e-16 8.367147283697308012e+03
7.249212286273790758e-15 1.607569086149868136e-16 8.367902642726803606e+03
7.361199846692105668e-15 1.548320713417221051e-16 8.368657998925831635e+03
7.262645049538285129e-15 1.490372113965315898e-16 8.369413346851395545e+03
7.719967628745484291e-15 1.441743132684527988e-16 8.370168691665159713e+03
7.328784728664005561e-15 1.421983334909034453e-16 8.370924035126845411e+03
6.875245289019821300e-15 1.475950010985755953e-16 8.371679373648847104e+03
7.066454189895970853e-15 1.602595395603133357e-16 8.372434708991146181e+03
7.384399650703325417e-15 1.728941375726756150e-16 8.373190039464301663e+03
7.896376478156648782e-15 1.829468257481986996e-16 8.373945376187444708e+03
8.686357624226304786e-15 1.914599384477644069e-16 8.374700702464553615e+03
8.106051979659362452e-15 1.964246733801841439e-16 8.375456022805334214e+03
7.279965433428960509e-15 1.977792658167951013e-16 8.376211342246395361e+03
7.231145851103393877e-15 1.973694050472511156e-16 8.376966657161116018e+03
7.167722741098664670e-15 1.973076000532432632e-16 8.377721968299036234e+03
7.519822060467585872e-15 1.972670530266373152e-16 8.378477275856712367e+03
7.384039597185524988e-15 1.972892846463350466e-16 8.379232580172480084e+03
6.677372386315137071e-15 1.963498627848751025e-16 8.379987881319768348e+03
7.102003879828485787e-15 1.961785205308116201e-16 8.380743178317910861e+03
7.318995540802659683e-15 1.962240203470666300e-16 8.381498471324099228e+03
6.739640178257505622e-15 1.969209326663422749e-16 8.382253761744319490e+03
7.234724177189352674e-15 1.961291914716147598e-16 8.383009047871331859e+03
6.591302567779265801e-15 1.951089064122265373e-16 8.383764329585148516e+03
7.234259744000131604e-15 1.931121101387508326e-16 8.384519611602332589e+03
7.175390870301347103e-15 1.867846563721667959e-16 8.385274887417137506e+03
6.654416969341929391e-15 1.766447927646079554e-16 8.386030157428249368e+03
7.361019153597911762e-15 1.651794315044869302e-16 8.386785436072943412e+03
7.313555311511955777e-15 1.571613477111104222e-16 8.387540694875959161e+03
5.689101077099246327e-15 1.653928955610139958e-16 8.388295946625850775e+03
6.302190978448623560e-15 1.919678495264442930e-16 8.389051210925659689e+03
7.079143442199018664e-15 2.225375625103869397e-16 8.389806455976618963e+03
8.448960560960252603e-15 2.479602248734571449e-16 8.390561722778518742e+03
9.381467708038832814e-15 2.700286821713015424e-16 8.391316979827917748e+03
8.485825645382441417e-15 2.858231187194071937e-16 8.392072220741170895e+03
6.362449379535390892e-15 2.910604807534253253e-16 8.392827465109738114e+03
6.964675604007493276e-15 2.913503705773392659e-16 8.393582706215194776e+03
6.872565974141619450e-15 2.925948478577435912e-16 8.394337940160257858e+03
5.965145054547594199e-15 2.923831892689606739e-16 8.395093173824086989e+03
6.291638139404545853e-15 2.922279210932382484e-16 8.395848403349405999e+03
5.394938147820889680e-15 2.916750954433492301e-16 8.396603629428265776e+03
6.429728862467270421e-15 2.912179395895908770e-16 8.397358853622503375e+03
5.420508879799926338e-15 2.916621496382735488e-16 8.398114072358068370e+03
6.212762251480340868e-15 2.929194880973122922e-16 8.398869288427013089e+03
6.063187443688691788e-15 2.915341227723233864e-16 8.399624501298632822e+03
6.600379141173161137e-15 2.929173370231530293e-16 8.400379711972151199e+03
5.222909197433419398e-15 2.921242176159563228e-16 8.401134918067677063e+03
6.548562180302566474e-15 2.833062760448087416e-16 8.401890123720258998e+03
6.298087449218211446e-15 2.626625202572849650e-16 8.402645322104383013e+03
6.825585885929761417e-15 2.352108456096628929e-16 8.403400531062943628e+03
7.599004332249037542e-15 2.098463631431673800e-16 8.404155726053784747e+03
8.489829429876279245e-15 1.922624369589672149e-16 8.404910898270143662e+03
8.852637987644555787e-15 1.838301362542184302e-16 8.405666083742338742e+03
7.291931440484388089e-15 1.819967151429390312e-16 8.406421273069587187e+03
7.597423643606904417e-15 1.913980742117396058e-16 8.407176457792174915e+03
7.689896135729381272e-15 1.997986922717164495e-16 8.407931638255831786e+03
6.784557268997134980e-15 2.033685617689950921e-16 8.408686812382577045e+03
6.765105880114365058e-15 2.038148775312601290e-16 8.409441985242243391e+03
6.805039067468284247e-15 2.034801767708359689e-16 8.410197154056613726e+03
6.429409638959963168e-15 2.027179055420615566e-16 8.410952320741063886e+03
7.390064098353718362e-15 2.025795909838895867e-16 8.411707484235845186e+03
6.854205769320891513e-15 2.025289744973046710e-16 8.412462643904047582e+03
7.153805196994766004e-15 2.034681712764483021e-16 8.413217801588678412e+03
7.009790322125952333e-15 2.039368072469793723e-16 8.413972954654163914e+03
6.943140492276304844e-15 2.040900343251662247e-16 8.414728105302299809e+03
6.947291219499551282e-15 2.046868609472532812e-16 8.415483253908379993e+03
6.608346931195468953e-15 2.055764824568629626e-16 8.416238399032707093e+03
6.934342357218892330e-15 2.051146268571917601e-16 8.416993541776813800e+03
6.678902495317755603e-15 2.038994885572380546e-16 8.417748680039392639e+03
6.574896453916806664e-15 1.989954887987599392e-16 8.418503813817571427e+03
5.533810464374463870e-15 2.017873622826527504e-16 8.419258952412177678e+03
6.084864439388375654e-15 2.248589567797258270e-16 8.420014079550463066e+03
8.560691748150744729e-15 2.484124542924396709e-16 8.420769189547540009e+03
1.033637196327983122e-14 2.688906447799191959e-16 8.421524326343580469e+03
1.098798295123688596e-14 2.884437721775301002e-16 8.422279454056157192e+03
9.959780660198244864e-15 3.046582954258857544e-16 8.423034570941978018e+03
8.425024267789772477e-15 3.108932836594478987e-16 8.423789687474680250e+03
7.319013288387124952e-15 3.116417738234022230e-16 8.424544799521139794e+03
7.041155162683515766e-15 3.111197675675837917e-16 8.425299909797398868e+03
7.601530898433086493e-15 3.101005630135062920e-16 8.426055016695856466e+03
8.325197769820803221e-15 3.095285604607509608e-16 8.426810121520720713e+03
7.878014317475613160e-15 3.086971280323453199e-16 8.427565222647070186e+03
7.360292481331997044e-15 3.067704913627288283e-16 8.428320321680748748e+03
7.560811896117645056e-15 3.040825146576662112e-16 8.429075416366964419e+03
6.877471021154215448e-15 3.027698994242479509e-16 8.429830508557208304e+03
7.208285306955916211e-15 3.019155574194699671e-16 8.430585600967178834e+03
8.016139632155809534e-15 3.023757534902789560e-16 8.431340686839708724e+03
6.528628290495909577e-15 3.005421815508402909e-16 8.432095772733900958e+03
7.433593023646753698e-15 2.939924708795080437e-16 8.432850853112078767e+03
7.771004447833390609e-15 2.727742695476789537e-16 8.433605934101911771e+03
8.135514504232478882e-15 2.446092560633740783e-16 8.434361015974482143e+03
9.700610368346510861e-15 2.161328958430238928e-16 8.435116088928569297e+03
9.734984490735810259e-15 1.879256457564491981e-16 8.435871149262155086e+03
1.016915761420574506e-14 1.663069603693988998e-16 8.436626210133210407e+03
7.717417345305650041e-15 1.592896486715694866e-16 8.437381275205607380e+03
7.353038491009617655e-15 3.265617193105025464e-16 8.438136338854972564e+03
7.731544191774656436e-15 1.695680641636930217e-16 8.438891399855896452e+03
7.869984109439292055e-15 1.705594623340113423e-16 8.439646456449441757e+03
7.365001056058409326e-15 1.714418837337175532e-16 8.440401510102168686e+03
6.790226694554992224e-15 1.751961541894602299e-16 8.441156563214142807e+03
6.413403022165593474e-15 1.850917280427992644e-16 8.441911612623835026e+03
6.797561609620602540e-15 1.968151513967115837e-16 8.442666660508144560e+03
7.409905475053646256e-15 2.062624498326778448e-16 8.443421707928664546e+03
7.767989988379836127e-15 2.147370215931247473e-16 8.444176752704301180e+03
7.479470851806272836e-15 2.216040631383435328e-16 8.444931792152678099e+03
6.468167608170536091e-15 2.245624097478715788e-16 8.445686827487159462e+03
6.489173258908388377e-15 2.249340142940509944e-16 8.446441861862113001e+03
7.081850838717052176e-15 2.253636369326695420e-16 8.447196894274238730e+03
6.196030934550761518e-15 2.253588828080369027e-16 8.447951923833912588e+03
6.945806987824162769e-15 2.245678231908596956e-16 8.448706949968986009e+03
6.451585878295956643e-15 2.219191902376127813e-16 8.449461972935599988e+03
6.447650485215962181e-15 2.173983133952975444e-16 8.450216995904251235e+03
7.111392722048013148e-15 2.117066164850997640e-16 8.450972017136620707e+03
7.062091246454362221e-15 2.063801379785593007e-16 8.451727033521285193e+03
7.405183717100340861e-15 2.026465652358809493e-16 8.452482047661691468e+03
7.387994333636996247e-15 1.999039837311634824e-16 8.453237058819750018e+03
6.316510594440306791e-15 2.034320307378819906e-16 8.453992067767641856e+03
5.710995914145716352e-15 2.162298975227793042e-16 8.454747074694238108e+03
6.749027875054788289e-15 2.329471910369760323e-16 8.455502073299878248e+03
7.613409961489910549e-15 2.463634072053332870e-16 8.456257076110896378e+03
9.728032338243510477e-15 2.565678012535896597e-16 8.457012081937189578e+03
1.107106632011912996e-14 2.655180484280261550e-16 8.457767079609966459e+03
9.037102506174529088e-15 2.692694119815333900e-16 8.458522071657018387e+03
7.611223222472207310e-15 2.690217114639497948e-16 8.459277063683051892e+03
7.545684667372174087e-15 2.681413148794746405e-16 8.460032055211919214e+03
7.023154915062701471e-15 2.687831738361161207e-16 8.460787041852263428e+03
7.140633814779092455e-15 2.690529674518047519e-16 8.461542026069062558e+03
7.270591407765096529e-15 2.693029519338331169e-16 8.462297009548481583e+03
7.751037127641008836e-15 2.698776862355373020e-16 8.463051989542545925e+03
7.800560945741363309e-15 2.687185369630182139e-16 8.463806966872201883e+03
8.013834628455709577e-15 2.692776551737788468e-16 8.464561942443117005e+03
7.020375743543747659e-15 2.697633416163940987e-16 8.465316916159385073e+03
7.417764988073541665e-15 2.697585081172445031e-16 8.466071887310090460e+03
7.447708275102057300e-15 2.709335648260745565e-16 8.466826856467241669e+03
7.493995432908578995e-15 2.678607100878755534e-16 8.467581823059637827e+03
7.302197802239164140e-15 2.578340193202085879e-16 8.468336786962445331e+03
7.379493022550036046e-15 2.371825496519458170e-16 8.469091752324809931e+03
7.636398657720303453e-15 2.125397841885661236e-16 8.469846716568701595e+03
8.219408931402747113e-15 1.868807603444569305e-16 8.470601669327301352e+03
8.912003136152752863e-15 1.611954116394391070e-16 8.471356611910925494e+03
8.147281756168730375e-15 1.412035711312273319e-16 8.472111565666575189e+03
7.475022210938594716e-15 1.328615508812753887e-16 8.472866518516701035e+03
7.108363728898821490e-15 1.320895528198898264e-16 8.473621465330561477e+03
7.065427944323144413e-15 1.315729498946937227e-16 8.474376412573201378e+03
6.756431757816176337e-15 1.319174768017922955e-16 8.475131357920836308e+03
6.750716623061522619e-15 1.315661453963290337e-16 8.475886298583391181e+03
7.041628745932703606e-15 1.307738625411778467e-16 8.476641237657642705e+03
6.750551558776734423e-15 1.305297012116773123e-16 8.477396176740978262e+03
6.914193735145660565e-15 1.305362561598399095e-16 8.478151114097636309e+03
7.190998080143095276e-15 1.296642720120942047e-16 8.478906047443419084e+03
7.099143764039872397e-15 1.285869737938947969e-16 8.479660978962958325e+03
7.278074037535587108e-15 1.278372894803799767e-16 8.480415908512384703e+03
6.950428235120203409e-15 1.275605347758332406e-16 8.481170835176371838e+03
6.759456699796345494e-15 1.288799675588625986e-16 8.481925759629370077e+03
6.546267194915621352e-15 1.349609696286837891e-16 8.482680684702339931e+03
7.072219080094872098e-15 1.449481431802731739e-16 8.483435604750553466e+03
6.826315511432053987e-15 1.552203874314775352e-16 8.484190521966433153e+03
7.661608905412798751e-15 1.635056725158519958e-16 8.484945446296296723e+03
7.421425507418147002e-15 1.710352183618015362e-16 8.485700366339526227e+03
7.697497722487741261e-15 1.767073090486277896e-16 8.486455277867462428e+03
6.978637398360620634e-15 1.795079349780032390e-16 8.487210187747208693e+03
6.695633782729142012e-15 1.809461195748548982e-16 8.487965097980446444e+03
7.048569070074118452e-15 1.824559238823576021e-16 8.488720005503733773e+03
7.185849860464094591e-15 1.834624506087073892e-16 8.489474909893920994e+03
7.158019669421751905e-15 1.843686190911192853e-16 8.490229814828853705e+03
7.530212281025593455e-15 1.850493776587220761e-16 8.490984716389897585e+03
7.345685519253365707e-15 1.860450022947968158e-16 8.491739614794474619e+03
7.504851320245465332e-15 1.872220651215735837e-16 8.492494513575144083e+03
6.788050819714770161e-15 1.896190370307841170e-16 8.493249410015956528e+03
6.197406173077126850e-15 1.977642898714627325e-16 8.494004303593388613e+03
6.762839623157483742e-15 2.115006108681091804e-16 8.494759193493049679e+03
6.929700353996638061e-15 2.254719045254800453e-16 8.495514083006510191e+03
7.309490913263345013e-15 2.339552476597653142e-16 8.496268975166087330e+03
7.630306964245311451e-15 2.389946001094732594e-16 8.497023865402381489e+03
8.020574869005307139e-15 2.398136444444710163e-16 8.497778749771621733e+03
7.137660987174382203e-15 2.364855453049122787e-16 8.498533630639703915e+03
7.624807206233508519e-15 2.307681698247814549e-16 8.499288510892340128e+03
6.913511989720715863e-15 2.249664531341638351e-16 8.500043390495544372e+03
6.848664814197836003e-15 2.217221238751980622e-16 8.500798266561432683e+03
6.161610195927165098e-15 2.204195764077731599e-16 8.501553141986782066e+03
6.530600645443538561e-15 2.195184259721614170e-16 8.502308016228711494e+03
6.813379961235896839e-15 2.189355749224683558e-16 8.503062887170992326e+03
6.912126722105631043e-15 2.180054703898559159e-16 8.503817759084158752e+03
6.488647607072275152e-15 2.169995513395302724e-16 8.504572628702788279e+03
6.766673890528693055e-15 2.151693274562473845e-16 8.505327494126353486e+03
6.541075906492414519e-15 2.141822759557337269e-16 8.506082359616566464e+03
6.287611480010703419e-15 2.160429392467826352e-16 8.506837223290815018e+03
6.697091264633004448e-15 2.075812903208697916e-16 8.507592084207281005e+03
6.553115344056553444e-15 1.949383869000641944e-16 8.508346945719753421e+03
6.825249585253343762e-15 1.798142410876398361e-16 8.509101808043045821e+03
7.400243368579577752e-15 1.650998048357785076e-16 8.509856661674501083e+03
8.052986997954917228e-15 1.498792519867410314e-16 8.510611504602195055e+03
8.089243313391331050e-15 1.383608118055327813e-16 8.511366359206507695e+03
7.161867174766680457e-15 1.308728530742423214e-16 8.512121210559376777e+03
7.306227541342194814e-15 1.306688224057042032e-16 8.512876058842153725e+03
6.814019871537129650e-15 1.325318151699212795e-16 8.513630910788586334e+03
7.213872124028340524e-15 1.315377688671706157e-16 8.514385756346717244e+03
7.015282456903317273e-15 1.318929726727070354e-16 8.515140600344710037e+03
7.152166775304972251e-15 1.322545283418040256e-16 8.515895445149853913e+03
7.571059105955320584e-15 1.325719600618762474e-16 8.516650287733955338e+03
7.113493172828400594e-15 1.328485433671264041e-16 8.517405128816821161e+03
7.133551846736846676e-15 1.330319595821018538e-16 8.518159967802024767e+03
7.291029847739686805e-15 1.331302853066579463e-16 8.518914804381671274e+03
7.024344475863504553e-15 1.333088385618370540e-16 8.519669639391497185e+03
7.059202800443716407e-15 1.332783221285733473e-16 8.520424473642397061e+03
7.125886572884874722e-15 1.330390289924238988e-16 8.521179307947102643e+03
6.807257019362968632e-15 1.327420886146240307e-16 8.521934140685563762e+03
7.423706878482029529e-15 1.321939567601145249e-16 8.522688968700382247e+03
6.937462126749632092e-15 1.315912810569217087e-16 8.523443796545561781e+03
6.898582305687155190e-15 1.306167680322135448e-16 8.524198624921955343e+03
6.348796124973313672e-15 1.296675172833332861e-16 8.524953448981323163e+03
6.994563399544466734e-15 1.286401802943471252e-16 8.525708272258314537e+03
6.752934315230131901e-15 1.277146373394100687e-16 8.526463094910444852e+03
6.886612942748631563e-15 1.274528709981819971e-16 8.527217915820157941e+03
6.555016780687317502e-15 1.300698293305119847e-16 8.527972735325442045e+03
6.610525815521587454e-15 1.333429825048883430e-16 8.528727554713594145e+03
6.966142807263172042e-15 1.377483427319997744e-16 8.529482373558281324e+03
6.818078441569997315e-15 1.423716635036378078e-16 8.530237189305513311e+03
7.102114845955530317e-15 1.461327322082446715e-16 8.530992006064625457e+03
6.760447500179069937e-15 1.494011379429601788e-16 8.531746819964457245e+03
6.802949844039231180e-15 1.508706110406775708e-16 8.532501629901016713e+03
7.147320985852384884e-15 1.518484200543124134e-16 8.533256440786793974e+03
7.076567631465509664e-15 1.528406840716264893e-16 8.534011249420915192e+03
6.642831939477731831e-15 1.536491076166873732e-16 8.534766056242473496e+03
6.755557743021998411e-15 1.538740712364169790e-16 8.535520863695976004e+03
7.275434792108898045e-15 1.544177411216898658e-16 8.536275669398748505e+03
7.012353781063649316e-15 1.554883983564199943e-16 8.537030472411955998e+03
7.120028015203295188e-15 1.591104549153905539e-16 8.537785274648773338e+03
6.693184525078744491e-15 1.659908914769821023e-16 8.538540075983299175e+03
6.698396242984131459e-15 1.733022447664018835e-16 8.539294875857478473e+03
6.959055213223372429e-15 1.793869904647060689e-16 8.540049674940499244e+03
7.278612345476637380e-15 1.843341521358470854e-16 8.540804475938275573e+03
7.370286397447905556e-15 1.870323507526597824e-16 8.541559270221845509e+03
6.901464231754171022e-15 2.003879102962606768e-16 8.542314067084300405e+03
7.021807171498278115e-15 1.830109484254192033e-16 8.543068861534160533e+03
6.726105538193544782e-15 1.783491201182535429e-16 8.543823651728005643e+03
6.693074930748922072e-15 1.755849075990411556e-16 8.544578442766525768e+03
6.972843282149707617e-15 1.734002171153901288e-16 8.545333232756041980e+03
7.053713276320092651e-15 1.726450285381810727e-16 8.546088022007890686e+03
6.690221893049417293e-15 1.726130348258045033e-16 8.546842808146417156e+03
6.772810376124060164e-15 1.730104489471941914e-16 8.547597596122286632e+03
6.261895688175621338e-15 1.719247232846268213e-16 8.548352382890778244e+03
6.589935898917347472e-15 1.721801661069533760e-16 8.549107167414542346e+03
6.467105289794555716e-15 1.726283655724070923e-16 8.549861951864771981e+03
6.560378518541301315e-15 1.740771478611075199e-16 8.550616732257087278e+03
5.848021654279631562e-15 1.718214589993600987e-16 8.551371512869312937e+03
6.301393991615284701e-15 1.659974184241021903e-16 8.552126295213822232e+03
6.494977081612665405e-15 1.584728261775509389e-16 8.552881074911296309e+03
6.862916675349895022e-15 1.509549100807708232e-16 8.553635852370360226e+03
7.133730965478821097e-15 1.426964596414808652e-16 8.554390621081663994e+03
6.985160106153923715e-15 1.364409205410822699e-16 8.555145395629111590e+03
6.808379965824157315e-15 1.329750185605058512e-16 8.555900171800156386e+03
6.711398504533476761e-15 1.321428738187574752e-16 8.556654947398557852e+03
6.181928815052659689e-15 1.316595245568080485e-16 8.557409718697337667e+03
6.634900254481321340e-15 1.311247448801181713e-16 8.558164488740720117e+03
6.271235988794756665e-15 1.307583191816585596e-16 8.558919259346701438e+03
6.599668182727934401e-15 1.304994174808888406e-16 8.559674029337618776e+03
6.278833028370072712e-15 1.302416382619848808e-16 8.560428799933835762e+03
6.635973566255946808e-15 1.300655723954422011e-16 8.561183568839458530e+03
6.346976813068763018e-15 1.301179670626899561e-16 8.561938335688166262e+03
6.525473532055073442e-15 1.299840206548813212e-16 8.562693101213571936e+03
6.598918725414062620e-15 1.291668634111638385e-16 8.563447867148157457e+03
6.603185530528392381e-15 1.288024185710432067e-16 8.564202633037961277e+03
6.844751347146217181e-15 1.289784370427059493e-16 8.564957396154615708e+03
6.395395652390234879e-15 1.291170563050186879e-16 8.565712157178742927e+03
6.801222978124432671e-15 1.300727288537180643e-16 8.566466919198303003e+03
6.836289519099649174e-15 1.303652763168210288e-16 8.567221680830589321e+03
6.840437118201287587e-15 1.300993404613401598e-16 8.567976441780579989e+03
6.570424169286880805e-15 1.303186628566469338e-16 8.568731200703583454e+03
6.773680259310998637e-15 1.305421703347771370e-16 8.569485959634552273e+03
6.831568692483962194e-15 1.309598294611684286e-16 8.570240718456434479e+03
7.058940605164153443e-15 1.309597050193612261e-16 8.570995473629085609e+03
7.094031749181368572e-15 1.314109160367408044e-16 8.571750229327608395e+03
6.802366067635612734e-15 1.316177260981872165e-16 8.572504984773531760e+03
6.525277113259788549e-15 1.318516051163908993e-16 8.573259738752611156e+03
6.578486270562072085e-15 1.319113131042945144e-16 8.574014493800696073e+03
6.940681791777660460e-15 1.321270148859287255e-16 8.574769245776238677e+03
6.929829449028719091e-15 1.323619155064837517e-16 8.575523996683114092e+03
6.177842410104497031e-15 1.327139539128682659e-16 8.576278749747389156e+03
6.571302646420122019e-15 1.330263419438826756e-16 8.577033500279059808e+03
6.792239500020714102e-15 1.348714177248531916e-16 8.577788248647393630e+03
7.051398989036401221e-15 1.376735148797437114e-16 8.578542998071239708e+03
6.972720417249129368e-15 1.402318830205370609e-16 8.579297748084027262e+03
7.168533101963642017e-15 1.423046286276117260e-16 8.580052498390330584e+03
6.814920218032260496e-15 1.441686446469146410e-16 8.580807246562133514e+03
7.039446465291176722e-15 1.457948119453574144e-16 8.581561990907310246e+03
6.852833020606768948e-15 1.464354554434429467e-16 8.582316736919388859e+03
6.908122581830961400e-15 1.461849624382774370e-16 8.583071483961412014e+03
7.118957798940467131e-15 1.463214152868847948e-16 8.583826229350270296e+03
7.672767538307876679e-15 1.463484925763437170e-16 8.584580972243405995e+03
6.791074536981484585e-15 1.468711126167924398e-16 8.585335715835068186e+03
6.740153445396876563e-15 1.484705427608059947e-16 8.586090459309349171e+03
6.954903954680219007e-15 1.516985165887841558e-16 8.586845201543837902e+03
6.966620047726260277e-15 1.553179336978198880e-16 8.587599943068486027e+03
7.169721270298451960e-15 1.602487202131943922e-16 8.588354684883197478e+03
6.862120777978040070e-15 1.611865124466585558e-16 8.589109425548369472e+03
6.719296950833975765e-15 1.631197985535264388e-16 8.589864164950449776e+03
6.840769305311935573e-15 1.669474347244310405e-16 8.590618906807369058e+03
7.005042234150535174e-15 1.611307924815116617e-16 8.591373647652992076e+03
6.995883586503505521e-15 1.583628795668278712e-16 8.592128385679805433e+03
6.745923650389365084e-15 1.555315712229956623e-16 8.592883122932300466e+03
6.227133155492876449e-15 1.537552903578895948e-16 8.593637859351569205e+03
6.229351474729181559e-15 1.521949961979260854e-16 8.594392596283239982e+03
6.354927586388861947e-15 1.509241762655611515e-16 8.595147333923254337e+03
6.482832988013403620e-15 1.511254764510507946e-16 8.595902070262556663e+03
5.702746575246050893e-15 1.508807770307488578e-16 8.596656805935028387e+03
5.915507964718555064e-15 1.510340724446617203e-16 8.597411540872282785e+03
5.847635099944758233e-15 1.507291401226429900e-16 8.598166274585933934e+03
5.498003340923703257e-15 1.501570257011506182e-16 8.598921009694382519e+03
6.172601169302523842e-15 1.485538597536100082e-16 8.599675743545769365e+03
5.644360267578162338e-15 1.458228055283575219e-16 8.600430476098305007e+03
5.417573395360635231e-15 1.424298871195354665e-16 8.601185211995347345e+03
5.625628262822005708e-15 1.392079944355288182e-16 8.601939944204064886e+03
5.700790385197033806e-15 1.364670850067639489e-16 8.602694672727378929e+03
5.934314608105033776e-15 1.341366934958145212e-16 8.603449404996690646e+03
5.443413765315310019e-15 1.332388837326737307e-16 8.604204137346048810e+03
5.761443538079568763e-15 1.340623792264028321e-16 8.604958868600748247e+03
5.437640813295092111e-15 1.347403968190905916e-16 8.605713600000015504e+03
5.873015611510748437e-15 1.360061059944293811e-16 8.606468331524194582e+03
5.814838532628255674e-15 1.380834413617953353e-16 8.607223062829780247e+03
5.990417461497262422e-15 1.405747136066876628e-16 8.607977792493071320e+03
5.925173078610207177e-15 1.427747073449538177e-16 8.608732521554255072e+03
6.462274804389205424e-15 1.452203171718607223e-16 8.609487251397085856e+03
6.521731327612360348e-15 1.485304436358561052e-16 8.610241981736548041e+03
6.469268914381693684e-15 1.525440126232208150e-16 8.610996712065354586e+03
6.529686967206562638e-15 1.564137223983727079e-16 8.611751441956028430e+03
6.611144549117212137e-15 1.600006975406028771e-16 8.612506171732775329e+03
6.530004352891139731e-15 1.641506419670872565e-16 8.613260901172201557e+03
7.335698907313450432e-15 1.678969784565776430e-16 8.614015629973477189e+03
7.817019189054914966e-15 1.713075137788006174e-16 8.614770357223083920e+03
7.504013262944678561e-15 1.751991815905017188e-16 8.615525085420562391e+03
7.858090508916370730e-15 1.793219492687749162e-16 8.616279814317515047e+03
-9.621096199436633858e-14 1.843474856437250552e-16 8.617034541846962384e+03
-2.342243141200315142e-13 1.910452762940685369e-16 8.617789269610424526e+03
6.131515831483368376e-15 1.960362528477243756e-16 8.618543998546156217e+03
5.766077851289056703e-15 2.261778443916486163e-16 8.619298725241713328e+03
6.229649385741683749e-15 2.040191718740731981e-16 8.620053451957512152e+03
5.927884800886889021e-15 2.032837652087813169e-16 8.620808178890036288e+03
6.081367778169846700e-15 2.059112135737969029e-16 8.621562906661954912e+03
6.735852900268896906e-15 2.083033639493317286e-16 8.622317633433063747e+03
6.908962465041147483e-15 2.103766600448543980e-16 8.623072362103259366e+03
6.868177209567212784e-15 2.118175037898370214e-16 8.623827089382702979e+03
7.158917777884792923e-15 2.135361174623091615e-16 8.624581816458685353e+03
7.494713883744227263e-15 2.149604436050564133e-16 8.625336542742183155e+03
7.122048842267854451e-15 2.162271033745708834e-16 8.626091266830240784e+03
7.090547442356284611e-15 2.167002298704239599e-16 8.626845995890516861e+03
7.119628410700927739e-15 2.169313431575404990e-16 8.627600721882256039e+03
7.004237742593466222e-15 2.166287895776822077e-16 8.628355450037877745e+03
7.891348280250436757e-15 2.157125567935177355e-16 8.629110175524445367e+03
7.580871055595974424e-15 2.148223044627373438e-16 8.629864902255789275e+03
6.928292026494636659e-15 2.139431786159581859e-16 8.630619630049082843e+03
6.826471514451854866e-15 2.116739406342631021e-16 8.631374355862706580e+03
7.232034599790327928e-15 2.096203741893031033e-16 8.632129084394819074e+03
7.460644511892953443e-15 2.074725449870365326e-16 8.632883809282982838e+03
7.395508866151281306e-15 2.049249771762118206e-16 8.633638538105653424e+03
7.505364195148517440e-15 2.010480920728372002e-16 8.634393264556299982e+03
7.111017964707030964e-15 1.973014481669448258e-16 8.635147991742069280e+03
7.268450656048723408e-15 1.924520458290477753e-16 8.635902721025897335e+03
7.244682112284754598e-15 1.886400032527801026e-16 8.636657446932662424e+03
7.146640882158704006e-15 1.850489048772231129e-16 8.637412172695649133e+03
6.687887133428593433e-15 1.815736050913261330e-16 8.638166901906417479e+03
7.298335219596534977e-15 1.796668778648289292e-16 8.638921630734203063e+03
7.264005581815797155e-15 1.782764789083553492e-16 8.639676357892112719e+03
6.652411067649246727e-15 1.786600175971632827e-16 8.640431085732963766e+03
7.292038391838322360e-15 1.809116817837372322e-16 8.641185814791751909e+03
7.208718707455180823e-15 1.817749079116188170e-16 8.641940542835343877e+03
7.472080290954384108e-15 1.830104479070207299e-16 8.642695272789216688e+03
7.192143827863760975e-15 1.847907380732259064e-16 8.643450002592071542e+03
6.573143266006489838e-15 1.862128865935999493e-16 8.644204731021527550e+03
6.837457492655523666e-15 1.889531772385601202e-16 8.644959461061738693e+03
6.707019654397500319e-15 1.920619721450438501e-16 8.645714190106438764e+03
7.469904852822911997e-15 1.947714229493554827e-16 8.646468919327589902e+03
7.523262002054616955e-15 1.981728500209504232e-16 8.647223652586637400e+03
7.685807908197087321e-15 2.014361879060005242e-16 8.647978381491204345e+03
7.621322888116021906e-15 2.059732957442505208e-16 8.648733112154175615e+03
6.744687418445895129e-15 2.103542100584307918e-16 8.649487843804025033e+03
6.900247749951850759e-15 2.145285061526660569e-16 8.650242573120774978e+03
7.063703902839575894e-15 2.204339026757104115e-16 8.650997306936907989e+03
7.519894180028068501e-15 2.225015913572890037e-16 8.651752040376457444e+03
7.874907453593129357e-15 2.224587792492320466e-16 8.652506772993288905e+03
6.667339721176513501e-15 2.221620229794979839e-16 8.653261504636933751e+03
6.631959482978960335e-15 2.226508080397614408e-16 8.654016237799516603e+03
6.936331987529726331e-15 2.219157733606827827e-16 8.654770973253740522e+03
7.315873499252723558e-15 2.215653874323311037e-16 8.655525705921350891e+03
7.180353741196902493e-15 2.216227119847851015e-16 8.656280439324120380e+03
7.517058945257573448e-15 2.209641215763910691e-16 8.657035174293418095e+03
7.072761998295986104e-15 2.187123620588080193e-16 8.657789911043291795e+03
7.244154596147107833e-15 2.169067644949116393e-16 8.658544647852286289e+03
6.916593697474328462e-15 2.141165944741205584e-16 8.659299384118632588e+03
7.560514093372445367e-15 2.122084018386561602e-16 8.660054118765401654e+03
7.263082416416076360e-15 2.108301641262128552e-16 8.660808856716943410e+03
7.075381546851775958e-15 2.097451261872216813e-16 8.661563594181690860e+03
7.341833731796920762e-15 2.081746811815358306e-16 8.662318331648288222e+03
6.681638557718802508e-15 2.057283064590862285e-16 8.663073072262845017e+03
7.104427442656111847e-15 2.026819404537175826e-16 8.663827811043574911e+03
6.989094128567154254e-15 1.990913504010237523e-16 8.664582549168097103e+03
6.443749528362969971e-15 1.963665167466835005e-16 8.665337289983874143e+03
6.813885059891280839e-15 1.951926910093428753e-16 8.666092029784758779e+03
6.642791259731342159e-15 1.942706130441160575e-16 8.666846770459997060e+03
6.719073484680300613e-15 1.928536469764868589e-16 8.667601512737533994e+03
6.829972066237511001e-15 1.902887383111687451e-16 8.668356255289945693e+03
6.813562017141553689e-15 1.871126453262778396e-16 8.669110998492835279e+03
7.604829201380391713e-15 1.840515736838760426e-16 8.669865742170259182e+03
6.038739891998839435e-15 1.816164825069773249e-16 8.670620485885039670e+03
6.804713751141044112e-15 1.801691028314836574e-16 8.671375229347169807e+03
6.861834213534532847e-15 1.783863504991341532e-16 8.672129974506335202e+03
6.748353088144419617e-15 1.772183755683634305e-16 8.672884721111533509e+03
6.715875760219381188e-15 1.753256517738618198e-16 8.673639468695586402e+03
7.223924761140246354e-15 1.728909883124086298e-16 8.674394216665084969e+03
6.592135797125619467e-15 1.710679140407949043e-16 8.675148962741699506e+03
6.881548234855533035e-15 1.685742702084782778e-16 8.675903709241218166e+03
6.949529214199422228e-15 1.672953994583287006e-16 8.676658458712816355e+03
7.332520221568889171e-15 1.666758480637216416e-16 8.677413207712857911e+03
6.781127812213695365e-15 1.653362902620198716e-16 8.678167959743743268e+03
6.914495914523654022e-15 1.641551330116281675e-16 8.678922714791759063e+03
6.734205133469731638e-15 1.620511793105266448e-16 8.679677464794172920e+03
7.088548243315221779e-15 1.602527236492101199e-16 8.680432216237524699e+03
7.080871869319017284e-15 1.581679679748962475e-16 8.681186970624199603e+03
6.899795599188845712e-15 1.560620144682190255e-16 8.681941723273892421e+03
7.262618465592513374e-15 1.547138602612388556e-16 8.682696479990994703e+03
7.112447283512168427e-15 1.532542342194490809e-16 8.683451235826052653e+03
6.995484730255280680e-15 1.524151753215805785e-16 8.684205989728208806e+03
7.414025104620889611e-15 1.511551492716026557e-16 8.684960750539450601e+03
7.127156687958003013e-15 1.493729639924229794e-16 8.685715508256784233e+03
7.331737088306224154e-15 1.487424037315046021e-16 8.686470263942126621e+03
7.082737938772627851e-15 1.481883498507201770e-16 8.687225025589206780e+03
7.345167738600152726e-15 1.478982716412583570e-16 8.687979788049262424e+03
6.800579856421926302e-15 1.521809643054815969e-16 8.688734548844899109e+03
7.364662705811993808e-15 1.479194295628619242e-16 8.689489310047503750e+03
7.513401496549838633e-15 1.479990510999879789e-16 8.690244074160729724e+03
6.734565598863275199e-15 1.516049337430474606e-16 8.690998838189236267e+03
7.716078378880797319e-15 1.505021297324333852e-16 8.691753602495551604e+03
7.333759612942202238e-15 1.483309236133840011e-16 8.692508370217001357e+03
6.974517701033755673e-15 1.485587809484472345e-16 8.693263138141384843e+03
6.741532128537039431e-15 1.488296399113759494e-16 8.694017905194968989e+03
7.028962545491932939e-15 1.490075289533752742e-16 8.694772674656131130e+03
7.297614778581302882e-15 1.487414230282785702e-16 8.695527444552815723e+03
6.926546585998571230e-15 1.488222113365553633e-16 8.696282213786395005e+03
7.715799411663522834e-15 1.491719370508308465e-16 8.697036986194334531e+03
7.367673767972141713e-15 1.498780239493298593e-16 8.697791759632320463e+03
7.126748616676707626e-15 2.452394026176599612e-16 8.698546531644768038e+03
7.141009093698500019e-15 1.526235555414247761e-16 8.699301307527392055e+03
7.038229684207263462e-15 1.560603411083962414e-16 8.700056085824588081e+03
6.876336988309664134e-15 1.527653711262000996e-16 8.700810862750635351e+03
6.862930592284094259e-15 1.519739290448810529e-16 8.701565639920432659e+03
7.446079290050636808e-15 1.508065693337560894e-16 8.702320417978495243e+03
7.394018863792418431e-15 1.498166699621270787e-16 8.703075198251834081e+03
7.277251672485081620e-15 1.486300736096949475e-16 8.703829980451897427e+03
7.143941926231774284e-15 1.473026721822160217e-16 8.704584763155824476e+03
6.757536187930668404e-15 1.461410252541672435e-16 8.705339546115112171e+03
7.225587073261694182e-15 1.450329054601413398e-16 8.706094329198960622e+03
7.226702769258271918e-15 1.442714702875999822e-16 8.706849113785854570e+03
6.828522350844217193e-15 1.438468771929079922e-16 8.707603901509990465e+03
6.845872173879306089e-15 1.430888199036868523e-16 8.708358690164644941e+03
6.680320235497897852e-15 1.417731997872337860e-16 8.709113478606393983e+03
6.854287007936538805e-15 1.413593327052985019e-16 8.709868268177804566e+03
6.949920978848023023e-15 1.404082392394932644e-16 8.710623059639357962e+03
6.997899800167018827e-15 1.390670124203061210e-16 8.711377853125555703e+03
6.974897909182904362e-15 1.383895105786655949e-16 8.712132646155070688e+03
6.320335619299552719e-15 1.375380140440490119e-16 8.712887438364243280e+03
6.223164033824329825e-15 1.365868472384988887e-16 8.713642233658862096e+03
6.548726679958886170e-15 1.394111220002181856e-16 8.714397032249537006e+03
6.317565111452318088e-15 1.357661951228290499e-16 8.715151829083508346e+03
6.168373250739719497e-15 1.358994331179188423e-16 8.715906628966518838e+03
6.553482139062261079e-15 1.368699381343607514e-16 8.716661432280656300e+03
6.397481056080746325e-15 1.380844310484516676e-16 8.717416234558910219e+03
5.931012532015578709e-15 1.385443086745122407e-16 8.718171037794545555e+03
5.848928635649931076e-15 1.389446519544105560e-16 8.718925841689084336e+03
6.015678980026856917e-15 1.392302097385945288e-16 8.719680647590177614e+03
6.158527168678889932e-15 1.392184761472311706e-16 8.720435458563850261e+03
5.887418072881070775e-15 1.388118524521270571e-16 8.721190268094167550e+03
5.693165725673063377e-15 1.390689514431543195e-16 8.721945076046175018e+03
5.493471856550070032e-15 1.389505832503411362e-16 8.722699887558141199e+03
5.475112522908497299e-15 1.391590651161984204e-16 8.723454699559764776e+03
5.988637593081423088e-15 1.388831636507174650e-16 8.724209512336165062e+03
5.651730739479150545e-15 1.389106864238540452e-16 8.724964327923862584e+03
6.007766898958591552e-15 1.384269859034123722e-16 8.725719146209947212e+03
5.771281862072427367e-15 1.378896983941045282e-16 8.726473965662569753e+03
6.038835500445401271e-15 1.377988076476800454e-16 8.727228783900303824e+03
5.770259793189035733e-15 1.502670466642603091e-16 8.727983602368769425e+03
5.811607974380277334e-15 1.481336905260868306e-16 8.728738426410673128e+03
6.236073733189777707e-15 1.368672546112160606e-16 8.729493251862346369e+03
6.445483057017581390e-15 1.365513950146582588e-16 8.730248077057447517e+03
6.604103157794630073e-15 1.364257930597347993e-16 8.731002903653181420e+03
6.320154129196926981e-15 1.362380070143322221e-16 8.731757730556897513e+03
6.561511295146962581e-15 1.364223560190053068e-16 8.732512559787377540e+03
6.488557349122713656e-15 1.368081192495958585e-16 8.733267391955807398e+03
6.738790658055987069e-15 1.377119398937384088e-16 8.734022225194370549e+03
6.665544832478562068e-15 1.373764479887411646e-16 8.734777058811519964e+03
6.716480156900473801e-15 1.387373059490669236e-16 8.735531894241874397e+03
6.748726784851521488e-15 1.427648127203695490e-16 8.736286731267799041e+03
6.674500814682297057e-15 1.404883263353347294e-16 8.737041569639273803e+03
6.428006157122416857e-15 1.412522164626699955e-16 8.737796411046647336e+03
7.039852709644271560e-15 1.419956595019418033e-16 8.738551254319423606e+03
6.948157858716811313e-15 1.429828817419722970e-16 8.739306096828122463e+03
6.860641732200197628e-15 1.450269999965439606e-16 8.740060941545209062e+03
6.831872945779967861e-15 1.463846933452776905e-16 8.740815789841957667e+03
6.792292262707103363e-15 1.450122952237847465e-16 8.741570638433770000e+03
6.736136778155960747e-15 1.452323377350253230e-16 8.742325486431631361e+03
7.075060868748430437e-15 1.450977722249149458e-16 8.743080337128398241e+03
7.127242608153456233e-15 1.447479611531600837e-16 8.743835190624369716e+03
6.634395666076390330e-15 1.442727237288298853e-16 8.744590046296452783e+03
6.308190502285235740e-15 1.438506152183398842e-16 8.745344903204353614e+03
7.235595115335707219e-15 1.434821216381392416e-16 8.746099759520442603e+03
6.798776681256883614e-15 1.434396975295925884e-16 8.746854618886098251e+03
6.258989072304246667e-15 1.467240867497979625e-16 8.747609480784656625e+03
6.401286226785216901e-15 1.543014076615294325e-16 8.748364344385523509e+03
6.216629854407729771e-15 1.638684392825221303e-16 8.749119207961181019e+03
6.175719199295410189e-15 1.768520884660175416e-16 8.749874079311492096e+03
5.606133743034958096e-15 1.983373435705833684e-16 8.750628950613699999e+03
5.941467949976275265e-15 2.215997317118085325e-16 8.751383819822338410e+03
7.058719826303066948e-15 2.408286938949238054e-16 8.752138691495116291e+03
7.072413500738117664e-15 2.613065042523026340e-16 8.752893570912227005e+03
7.505087740785554250e-15 2.661569363784022283e-16 8.753648447226047210e+03
6.798082538165951005e-15 2.732159288711620079e-16 8.754403324303966656e+03
5.516573992974103132e-15 2.770340216457234478e-16 8.755158203104308996e+03
5.631869276047027348e-15 2.826635986141557706e-16 8.755913084602612798e+03
5.234663744693001231e-15 2.932271207979750688e-16 8.756667966209046426e+03
6.384163627883341164e-15 3.105140111187209812e-16 8.757422849792381385e+03
7.003035986687847020e-15 3.284751379017889992e-16 8.758177734416341991e+03
9.088328150286435636e-15 3.431581620446180857e-16 8.758932623016900834e+03
9.195353005823989739e-15 3.561485478399984034e-16 8.759687515678579075e+03
8.525744655635657333e-15 3.635364561960759670e-16 8.760442409009421681e+03
7.624748515947875708e-15 3.689869517186633122e-16 8.761197301593936572e+03
6.082773906837758884e-15 3.693799957194639238e-16 8.761952196718006235e+03
6.811092002822900528e-15 3.673032641890141363e-16 8.762707095708075940e+03
6.241405805438126790e-15 3.636557794598899603e-16 8.763461994196011801e+03
5.873736461971670776e-15 3.556864668461340140e-16 8.764216895359721093e+03
7.343737488522892024e-15 3.458926443193120437e-16 8.764971800379980778e+03
6.851698645720184978e-15 3.412408266301133158e-16 8.765726706162442497e+03
7.278485264648764939e-15 3.399347808297565993e-16 8.766481610121067206e+03
6.061599270427260340e-15 3.452926401536472806e-16 8.767236518534238712e+03
6.540913995087575483e-15 3.599787684433792412e-16 8.767991429996387524e+03
6.492984827482484494e-15 3.763021911267245297e-16 8.768746340606114245e+03
6.078154203081638982e-15 3.880927713925253785e-16 8.769501257621152035e+03
8.252645874846142597e-15 3.925210560914892710e-16 8.770256177319746712e+03
8.246994546586409039e-15 3.873534732429047670e-16 8.771011096667503807e+03
6.199432922795297170e-15 3.750861888412640014e-16 8.771766018991758756e+03
6.839045209699121197e-15 3.578942231881193372e-16 8.772520941823193425e+03
7.310733452050945016e-15 3.408387306669381279e-16 8.773275863372487947e+03
7.373889888277326200e-15 3.273263238755819301e-16 8.774030791454664723e+03
6.712191461243955203e-15 3.179332724580225651e-16 8.774785720723833947e+03
6.299872550686647297e-15 3.150445626296641839e-16 8.775540652851310369e+03
6.402546650246931299e-15 3.127874726732626106e-16 8.776295586948468554e+03
6.553001363060910018e-15 3.112446787396822916e-16 8.777050520752782177e+03
5.663853958788525009e-15 3.080993465701357657e-16 8.777805459411119955e+03
5.135341850436156464e-15 3.056220368335415161e-16 8.778560398889183489e+03
6.077898920255555251e-15 3.001036249702635168e-16 8.779315342604211764e+03
5.348729467266916195e-15 2.954488122540608445e-16 8.780070286740992742e+03
6.738092071431781975e-15 2.893463984255066180e-16 8.780825233077224766e+03
7.073470114203287680e-15 2.749456170269921096e-16 8.781580181989918856e+03
8.483517886343839375e-15 2.571335701871074503e-16 8.782335133026290350e+03
8.626104568628784081e-15 2.416889540449266242e-16 8.783090093050039286e+03
8.900573905371149861e-15 2.283297056831985666e-16 8.783845037157170736e+03
8.500962542408566214e-15 2.150445059867652430e-16 8.784599995391323318e+03
6.644306980912167591e-15 2.072821690762710873e-16 8.785354955669594347e+03
6.691780683468300255e-15 2.050194077495598547e-16 8.786109914876502444e+03
7.191150914611780195e-15 2.062685702743447042e-16 8.786864881916801096e+03
6.770498648807520894e-15 2.063449385927460902e-16 8.787619847022617250e+03
7.247158504612832078e-15 2.068990649672056373e-16 8.788374815432052856e+03
6.767473290614075851e-15 2.075194468029225371e-16 8.789129787507084984e+03
6.822381435309817207e-15 2.079459305431979589e-16 8.789884758816129761e+03
6.698726580895164363e-15 2.083895395798417650e-16 8.790639734561245859e+03
7.530939301436694173e-15 2.088850017593758839e-16 8.791394713437242899e+03
6.909652229276849794e-15 2.088593185370021866e-16 8.792149692487797438e+03
6.826477985776749536e-15 2.077920685999547040e-16 8.792904674315377633e+03
6.590340843612895741e-15 2.029515806712331022e-16 8.793659659127784835e+03
6.505974605508062166e-15 1.929229969187477753e-16 8.794414646959843594e+03
6.801743451839052624e-15 1.807687660826133323e-16 8.795169639823885518e+03
6.576345975489446772e-15 1.679683155001851984e-16 8.795924624690705969e+03
6.931895352410874631e-15 1.553987490806806546e-16 8.796679619294583972e+03
7.377052037854542749e-15 1.451097656979420710e-16 8.797434613181871100e+03
7.113547903321015443e-15 1.396873889227287222e-16 8.798189609833279974e+03
6.351204886667394241e-15 1.394366115479031372e-16 8.798944613490319171e+03
6.376183931985973388e-15 1.402002317692848467e-16 8.799699616692631025e+03
6.360003159789584200e-15 1.410048199855381764e-16 8.800454622801185906e+03
6.453809288953916772e-15 1.418246675276192064e-16 8.801209632899790449e+03
6.878978804125976657e-15 1.422382655281663000e-16 8.801964643718467414e+03
6.401954415571138274e-15 1.425525968384581583e-16 8.802719657754467335e+03
6.662913517175891555e-15 1.422780343765561765e-16 8.803474673921497015e+03
6.417526127621686806e-15 1.423186709518450716e-16 8.804229691358921627e+03
6.450640860103703731e-15 1.423552443577642552e-16 8.804984712286292051e+03
6.259269715093582269e-15 1.422838150167386374e-16 8.805739736450243072e+03
6.223546981294569337e-15 1.421928043835939859e-16 8.806494763355007308e+03
6.544425742157878227e-15 1.426968656533176697e-16 8.807249792494201756e+03
6.271049055853910555e-15 1.429465549760896651e-16 8.808004824328469113e+03
6.624823141324547615e-15 1.432182550836283098e-16 8.808759857593338893e+03
6.593625453239668572e-15 1.435912566187832069e-16 8.809514893411162120e+03
6.022854211515518226e-15 1.442268956309009957e-16 8.810269933413337640e+03
6.461532924016600637e-15 1.449337917023763567e-16 8.811024974067018775e+03
6.622798242585641281e-15 1.450046584003165619e-16 8.811780017044851775e+03
6.335186713467559695e-15 1.451917958078005393e-16 8.812535065047692115e+03
6.043666701836915918e-15 1.457656410922134429e-16 8.813290114983949024e+03
5.512096091135925474e-15 1.486868328712407617e-16 8.814045166943453296e+03
6.153791942776533019e-15 1.581247758269952517e-16 8.814800219828935951e+03
3.430212181201565500e-15 1.850906091093826986e-16 8.815555276576842516e+03
3.673287783005595333e-15 2.370801319678185325e-16 8.816310334864811011e+03
5.816617415729713604e-15 2.952231068553389491e-16 8.817065392776688896e+03
1.029213127470648224e-14 3.388167224268490266e-16 8.817820461296541907e+03
1.151573473198494818e-14 3.750274279800334687e-16 8.818575541480517131e+03
1.242827593793613163e-14 4.041066906732059858e-16 8.819330611295672497e+03
9.381384092437075582e-15 4.230524718290770935e-16 8.820085684315210528e+03
5.905638209679872140e-15 4.285443471933269843e-16 8.820840761397004826e+03
6.901057816132087742e-15 4.311148412944105855e-16 8.821595840930014674e+03
7.690884699994088267e-15 4.332721186237276275e-16 8.822350922675066613e+03
7.614122415478982456e-15 4.354549682333854441e-16 8.823106005883186299e+03
6.225340685170283690e-15 4.378135158310567465e-16 8.823861094221039821e+03
5.290414207121082838e-15 4.408954829611229232e-16 8.824616183621332311e+03
5.294183933390993204e-15 4.481826216663125064e-16 8.825371275621004315e+03
6.727474750694735966e-15 4.602150102280881093e-16 8.826126371368474793e+03
6.311789191313956015e-15 4.702699168225291759e-16 8.826881467747309216e+03
6.603521042014366849e-15 4.794601342426291208e-16 8.827636570910683076e+03
7.715230667946400627e-15 4.856620469037063657e-16 8.828391675084792951e+03
8.739581384269165787e-15 4.856934749267220943e-16 8.829146783520380268e+03
6.997357910837244263e-15 4.681903239147713121e-16 8.829901893385118456e+03
7.621830034165562887e-15 4.345314876663750651e-16 8.830657006597564759e+03
8.393304718893055458e-15 3.988701275903705619e-16 8.831412127616064026e+03
9.984696602234228162e-15 3.636629301250444047e-16 8.832167241761108016e+03
9.072590690912129933e-15 3.291726642223589606e-16 8.832922358113828523e+03
8.825790185287697721e-15 3.017842323822161369e-16 8.833677482664694253e+03
7.416142310772968734e-15 2.913105011531718134e-16 8.834432609797549958e+03
6.990713187268807914e-15 2.889326362647033929e-16 8.835187738929234911e+03
7.699776537971551947e-15 2.867625080924417792e-16 8.835942871169045247e+03
7.208198073648724079e-15 2.839794829633359500e-16 8.836698007328568565e+03
7.451144605987261574e-15 2.803031358869879705e-16 8.837453146859266781e+03
7.602391223068892013e-15 2.769238049965471327e-16 8.838208287941029994e+03
7.892851720468163054e-15 2.719348589701814580e-16 8.838963432003753041e+03
7.754023177160955812e-15 2.574207132548289230e-16 8.839718580557226232e+03
7.410896053301852758e-15 2.417927489162746506e-16 8.840473734886811144e+03
7.787174536694549599e-15 2.278988190144953301e-16 8.841228888167499463e+03
8.264739783907254401e-15 2.141824746112469148e-16 8.841984039769107767e+03
8.091992666770933061e-15 2.017522884359210276e-16 8.842739197174409128e+03
6.834434079664907823e-15 1.943682013250863885e-16 8.843494361169585318e+03
6.519648541569830453e-15 1.923226507081837093e-16 8.844249529013879510e+03
6.160869238385137435e-15 1.923632948294447049e-16 8.845004697345502791e+03
7.368823940438439206e-15 1.926212732410178766e-16 8.845759868694822217e+03
6.047904913894055098e-15 1.934562362073270418e-16 8.846515043876130221e+03
6.509577028735714029e-15 1.947870087087863831e-16 8.847270221803431923e+03
6.690589770397862551e-15 1.952281999979195251e-16 8.848025402883053175e+03
6.143144969372651029e-15 1.952988216515440340e-16 8.848780588308050937e+03
6.683137973592448440e-15 1.954614844690104068e-16 8.849535775281427050e+03
6.387174857228659778e-15 1.955929950471441443e-16 8.850290965492786199e+03
6.152101151916606702e-15 1.959769006546262357e-16 8.851046160399622750e+03
6.213429189410556643e-15 1.954765672298022224e-16 8.851801357411501158e+03
6.698064326519333314e-15 1.908907465513292566e-16 8.852556558001822850e+03
6.236894565149720504e-15 1.839097519457263203e-16 8.853311761705039316e+03
7.117359028663937373e-15 1.760358688478402746e-16 8.854066970096053410e+03
6.716816524929430069e-15 1.691451517029809492e-16 8.854822174254168203e+03
7.022813054049397823e-15 1.641903700167374039e-16 8.855577385148999383e+03
6.177830708994281543e-15 1.687577915676286147e-16 8.856332602872536881e+03
6.432793567651243469e-15 1.854296652922886428e-16 8.857087817047951830e+03
7.346614858183479334e-15 2.050147348011346865e-16 8.857843039640014467e+03
7.509835001755149922e-15 2.209182321664168012e-16 8.858598267503877651e+03
8.640427460144533842e-15 2.345310270890529686e-16 8.859353505130258782e+03
7.829905555871760989e-15 2.453562145344970239e-16 8.860108737713198934e+03
7.309412080491862076e-15 2.504814275642394274e-16 8.860863972634486345e+03
6.284733548462222969e-15 2.508606928144847951e-16 8.861619211677309067e+03
7.346580363471919124e-15 2.502139292275758594e-16 8.862374453036689374e+03
6.518684555012195415e-15 2.501631347478656914e-16 8.863129698909568106e+03
6.748627912704040601e-15 2.484001511876640394e-16 8.863884948725333743e+03
6.144117560062184901e-15 2.477055894089632144e-16 8.864640201909012831e+03
6.698792962215998234e-15 2.467658978278395122e-16 8.865395457466835069e+03
6.959995560264439885e-15 2.453867384086359988e-16 8.866150717332931890e+03
7.426226707063063531e-15 2.446149476493975267e-16 8.866905979677347204e+03
7.252823294770676147e-15 2.429849542528019959e-16 8.867661243976981496e+03
7.205636112903710204e-15 2.418418829990200547e-16 8.868416514598047797e+03
7.436779165650817616e-15 2.406303932364045695e-16 8.869171787006394879e+03
7.092540641269213847e-15 2.347438992141634713e-16 8.869927063797849769e+03
7.046847355974247356e-15 2.219528992574987817e-16 8.870682344052649569e+03
6.961336211798518774e-15 2.051328040779430668e-16 8.871437630051106680e+03
7.576029888414153894e-15 1.887462273427516711e-16 8.872192919954517492e+03
7.866909838473953214e-15 1.731666251314152563e-16 8.872948193954482122e+03
6.829818630588566425e-15 1.609423179156792937e-16 8.873703483323177352e+03
3.930103309886063931e-15 1.739052761945457283e-16 8.874458788627212925e+03
3.988536300454617185e-15 2.185606081928366978e-16 8.875214071349317237e+03
4.572810158746168916e-15 2.654199553189870891e-16 8.875969370876562607e+03
8.169281657844166000e-15 3.010778375070148946e-16 8.876724698855352472e+03
1.043839771946346157e-14 3.316136704795538774e-16 8.877480010471552305e+03
1.260464266686835312e-14 3.556776329559977187e-16 8.878235330393163167e+03
9.183208434860388056e-15 3.697646293440180026e-16 8.878990646026431932e+03
7.850353236861444770e-15 3.731799279932758036e-16 8.879745967549803026e+03
7.682489904235608714e-15 3.754417655446805694e-16 8.880501292488941544e+03
7.491464276379792343e-15 3.741885050168704759e-16 8.881256622206876273e+03
8.049101120669511353e-15 3.725194925245952328e-16 8.882011954012592469e+03
6.475032756474929408e-15 3.710547650139575275e-16 8.882767289921455813e+03
7.702955330090566845e-15 3.711189088014501520e-16 8.883522628467675531e+03
6.771062254653817475e-15 3.697990923846242407e-16 8.884277973123082120e+03
6.993234405098330169e-15 3.687216125378070066e-16 8.885033319432453936e+03
6.782178143869431799e-15 3.674071289261365303e-16 8.885788668998477078e+03
6.824107948250013787e-15 3.655646676745747367e-16 8.886544023181751982e+03
5.610839495334459243e-15 3.636809254760879161e-16 8.887299379766194761e+03
6.857250336955130112e-15 3.536545346156458252e-16 8.888054743448330555e+03
6.239807654513972883e-15 3.297200798529949783e-16 8.888810106925120635e+03
6.885816868289293704e-15 2.967406759276275463e-16 8.889565481240802910e+03
7.404706820207468994e-15 2.624977656775684913e-16 8.890320871368370717e+03
7.982966654418684690e-15 2.270595196372623038e-16 8.891076215484923523e+03
8.211013737978522827e-15 1.972692702904002905e-16 8.891831604767456156e+03
7.441045913535463593e-15 1.905772166276804613e-16 8.892586972597335262e+03
6.244433558931516828e-15 2.031236626218075356e-16 8.893342364986157918e+03
7.596741114693981387e-15 2.203302024935595284e-16 8.894097762887351564e+03
8.447663534904718072e-15 2.354364338882668427e-16 8.894853157522422407e+03
8.770858232999129472e-15 2.478229678014843561e-16 8.895608560655364272e+03
7.621864546928537261e-15 2.546790771044227874e-16 8.896363959636768413e+03
6.993923302440023355e-15 2.558004784768267355e-16 8.897119367442992370e+03
7.039634807799942950e-15 2.568447115629120202e-16 8.897874779176929223e+03
6.353384928622119344e-15 2.580430930421456270e-16 8.898630191719734285e+03
7.139941117731551196e-15 2.589912794205712720e-16 8.899385609444183501e+03
6.359061471512886284e-15 2.608386752688108184e-16 8.900141031525838116e+03
6.953007075552717252e-15 2.617989401648711183e-16 8.900896457094280777e+03
7.172118485044323484e-15 2.629067755131913470e-16 8.901651886203389950e+03
6.043135304831848655e-15 2.637035161286435449e-16 8.902407319013480446e+03
6.480211356700990983e-15 2.671359068985512308e-16 8.903162756453322800e+03
6.132360008209587993e-15 2.776487940544939547e-16 8.903918196636437642e+03
6.809784819694511947e-15 2.690250327909462614e-16 8.904673640809953213e+03
5.818014828391978797e-15 2.597317414244089756e-16 8.905429091015517770e+03
5.714999669376749434e-15 2.459161173594074043e-16 8.906184544370542426e+03
6.394775555758657159e-15 2.284182107797277191e-16 8.906940004267258701e+03
5.663326923396544983e-15 2.163732977434874419e-16 8.907695470618902618e+03
5.612556046902877412e-15 2.256109109645760881e-16 8.908450913257413049e+03
5.156082405726796010e-15 2.619040988980819886e-16 8.909206390013776399e+03
6.668817505047098761e-15 2.991099450539495593e-16 8.909961844344394194e+03
6.497656724019156931e-15 3.319996367269523906e-16 8.910717338475547876e+03
8.279062109001430370e-15 3.601494865679710349e-16 8.911472823198189872e+03
8.213885241807617878e-15 3.835303208092349476e-16 8.912228308042156641e+03
5.254296969549711843e-15 3.944450090491865832e-16 8.912983796741616970e+03
4.868864227923448331e-15 3.930501432269435293e-16 8.913739288000022498e+03
4.861148367853074828e-15 3.905691726223783640e-16 8.914494785266979306e+03
5.670400964558641618e-15 3.876320516551670222e-16 8.915250285684956907e+03
6.057516411998490479e-15 3.846569780671551219e-16 8.916005791143192255e+03
5.820851422578037326e-15 3.816575852244092479e-16 8.916761299948520900e+03
6.166148966473567331e-15 3.794644758548639505e-16 8.917516813005277072e+03
7.280000644854211255e-15 3.781851796391860346e-16 8.918272329658004310e+03
5.721880431188429725e-15 3.794420670367344631e-16 8.919027851028728037e+03
6.825391356309803360e-15 3.739311545723499570e-16 8.919783374981911038e+03
6.830632570333340920e-15 3.734362193989269895e-16 8.920538905184654141e+03
5.777726414893779846e-15 3.707688790646958067e-16 8.921294439211997087e+03
6.673383654961949801e-15 3.608637224741292384e-16 8.922049975981452008e+03
6.616667663550662067e-15 3.569242539251902919e-16 8.922805520278408949e+03
7.031578260661200414e-15 3.055433268259724658e-16 8.923561073297594703e+03
7.061287977351575798e-15 2.627032670925143061e-16 8.924316627443824473e+03
7.985028663894604465e-15 2.245134831108521127e-16 8.925072165717285316e+03
8.176330490577153504e-15 1.857711930933001584e-16 8.925827718050019030e+03
6.675630404865245098e-15 1.615368409440295346e-16 8.926583283448837392e+03
6.465880952359329030e-15 1.559412124481060222e-16 8.927338848161856731e+03
6.635379333773940032e-15 1.560017390595903390e-16 8.928094421434518154e+03
6.170996872517111637e-15 1.555310316210527536e-16 8.928849996212473343e+03
6.594973022358405584e-15 1.555003862777659484e-16 8.929605574642675492e+03
6.616422554898100344e-15 1.548686795021049236e-16 8.930361160150492651e+03
6.325385029896936238e-15 1.551120650191741202e-16 8.931116747999076324e+03
5.878014691646548524e-15 1.601029673759283379e-16 8.931872341360151040e+03
5.942318513273903868e-15 1.762298927200035450e-16 8.932627936046337709e+03
5.738078594220262079e-15 1.954459056596706324e-16 8.933383533036843801e+03
7.339277495598142808e-15 2.107910249932801943e-16 8.934139146004830764e+03
8.289083738742981212e-15 2.244476481587956966e-16 8.934894760087419854e+03
8.552377356644068984e-15 2.362113827941750018e-16 8.935650375243238159e+03
7.785749215523797422e-15 2.436487017656555088e-16 8.936405994610220660e+03
7.009965512841505196e-15 2.453719182622377680e-16 8.937161617304052925e+03
6.488723076377346105e-15 2.450536192610050113e-16 8.937917243911730111e+03
6.843767911940471566e-15 2.444189854469610169e-16 8.938672875723397738e+03
6.989181657842005718e-15 2.439147303727755697e-16 8.939428512725280598e+03
6.776747708893194959e-15 2.432234619799027763e-16 8.940184152370447919e+03
7.270185539678944581e-15 2.424575246782267935e-16 8.940939796074442711e+03
6.784644836709511729e-15 2.418453753643080650e-16 8.941695446345431264e+03
6.917176188092860934e-15 2.422056052492681123e-16 8.942451100695554487e+03
6.957911826694720097e-15 2.697271826123638793e-16 8.943206758106434791e+03
6.469272525202056311e-15 2.412268823953172668e-16 8.943962419890998717e+03
6.273154802480341692e-15 2.404379418568325274e-16 8.944718087382198064e+03
6.572015307578000499e-15 2.355173492986031236e-16 8.945473758787820771e+03
6.036253289259491160e-15 2.286770434870757567e-16 8.946229436727622669e+03
5.106564468244884551e-15 2.340121086643175722e-16 8.946985119749522710e+03
5.694427604552138575e-15 2.531447639494533111e-16 8.947740798689910662e+03
6.001596060898253291e-15 2.718397163275454682e-16 8.948496484699331631e+03
7.369255232084305635e-15 2.881235627652276930e-16 8.949252182965108659e+03
7.665512396975088162e-15 3.036675267101925244e-16 8.950007886865045293e+03
6.662489140805888540e-15 3.183528032574623916e-16 8.950763590556500276e+03
4.108336311325950433e-15 3.241178984606949391e-16 8.951519297581176943e+03
4.373800816175358618e-15 3.240765472939264207e-16 8.952275010622935952e+03
3.942278320426463868e-15 3.229238100160250523e-16 8.953030727675799426e+03
4.700137647075068160e-15 3.191675920189463161e-16 8.953786448884282436e+03
5.032715264301883664e-15 3.150447363964749757e-16 8.954542175372498605e+03
4.837502382070883512e-15 3.142917408037167904e-16 8.955297907107593346e+03
4.634624598965352441e-15 3.130104061816145926e-16 8.956053642687076717e+03
4.498233795256619445e-15 3.137768660759176907e-16 8.956809382565450505e+03
4.507749594584603997e-15 3.159441142511751771e-16 8.957565127354664583e+03
4.535694535049275527e-15 3.156930104960785907e-16 8.958320877087615372e+03
4.722177008853227670e-15 3.169084062872563695e-16 8.959076630846004264e+03
5.513886262142706388e-15 3.155429294860492422e-16 8.959832388835489837e+03
5.866908630328469023e-15 3.038909260084777843e-16 8.960588154031591330e+03
4.763872621972312562e-15 2.801962841189789164e-16 8.961343925009663508e+03
5.753438887954229727e-15 2.516514158822275223e-16 8.962099703670217423e+03
6.598647360660450650e-15 2.223822699025582366e-16 8.962855482285845937e+03
7.328778634067621818e-15 1.912707216640584146e-16 8.963611248424303994e+03
7.399822033252758328e-15 1.624320825826763980e-16 8.964367034413837246e+03
6.308320671852145022e-15 1.451330412123107881e-16 8.965122824398791636e+03
5.876857613942750711e-15 1.415656229312594349e-16 8.965878619641334808e+03
5.835432716266973473e-15 1.416687191971087857e-16 8.966634424195966858e+03
6.311079905427792966e-15 1.416605350249183861e-16 8.967390229975928378e+03
6.347610552046226809e-15 1.423566639630903559e-16 8.968146039298069809e+03
6.100268347100441877e-15 1.431242970819855762e-16 8.968901857947606914e+03
5.861684108205060088e-15 1.435885428319365696e-16 8.969657678868312360e+03
5.519599114000473157e-15 1.445015969639091251e-16 8.970413504649131937e+03
6.306024206561595813e-15 1.446955013439677166e-16 8.971169335978660456e+03
6.042289790244335322e-15 1.463255659080433056e-16 8.971925168871979622e+03
5.858588246513863450e-15 1.466130660656607538e-16 8.972681009241929132e+03
6.107600098735217011e-15 1.465113830492776961e-16 8.973436855647596531e+03
5.742348582300461357e-15 1.461397788460263218e-16 8.974192704772529396e+03
6.203533482340544994e-15 1.458005819143795088e-16 8.974948559279564506e+03
5.868526675016372547e-15 1.453691543052248219e-16 8.975704418121264098e+03
6.067750884107252304e-15 1.465570769147876718e-16 8.976460284723654695e+03
5.654304171944963023e-15 1.528571793635477344e-16 8.977216152204959144e+03
6.065554919261697215e-15 1.641459095445564435e-16 8.977972028134805441e+03
5.947623349552917407e-15 1.741325443452079450e-16 8.978727908097775071e+03
6.359152821824998432e-15 1.831346649671778673e-16 8.979483793505445647e+03
6.801764119331990571e-15 1.914307132391885590e-16 8.980239691682010744e+03
6.240517896053064887e-15 1.990504725509429992e-16 8.980995584363248781e+03
5.814246936176940161e-15 2.024639306836013928e-16 8.981751482225075961e+03
5.847438550738151821e-15 2.027516037975480470e-16 8.982507386654642687e+03
5.038453639563443382e-15 2.033718962913898732e-16 8.983263296588416779e+03
5.659436642175556232e-15 2.038164112305221190e-16 8.984019212775176129e+03
5.347741860730666696e-15 2.036400151364589235e-16 8.984775132515578662e+03
5.647116071553701847e-15 2.038339836102729367e-16 8.985531056358931892e+03
5.416449549244709040e-15 2.037891150261140479e-16 8.986286984440048400e+03
5.143569987042275766e-15 2.039833286047084914e-16 8.987042920334864903e+03
5.115563970444264292e-15 2.045244967187633339e-16 8.987798859235925192e+03
6.076467352216967746e-15 2.040777485801956599e-16 8.988554801160873467e+03
4.446007645863726437e-15 2.065311455693686575e-16 8.989310758407449612e+03
3.402236849478351937e-15 2.151578083374663282e-16 8.990066712417406961e+03
3.988773037200900403e-15 2.280162850023397455e-16 8.990822661224658077e+03
3.744995659530750731e-15 2.397250000495388037e-16 8.991578631926928210e+03
4.489153589555041557e-15 2.485154458749322613e-16 8.992334610212941698e+03
4.939805015824815811e-15 2.565423986538005184e-16 8.993090580767620850e+03
5.691806931305675484e-15 2.614382368928578251e-16 8.993846567400840286e+03
3.976469733407030843e-15 2.614868847766097810e-16 8.994602549196191831e+03
3.622318155063710375e-15 2.595076965927692053e-16 8.995358542531665080e+03
3.745782564497748265e-15 2.580326579277517290e-16 8.996114537517834833e+03
4.679470794041702170e-15 2.552750689535432999e-16 8.996870538260613102e+03
4.438463769486318289e-15 2.550024805010777410e-16 8.997626546813373352e+03
4.614992937993327912e-15 2.541351030927604066e-16 8.998382557947403257e+03
5.875854132348546459e-15 2.530316786532516680e-16 8.999138575390648839e+03
4.978778840085309221e-15 2.523254459607836059e-16 8.999894597855070970e+03
5.482205003490952975e-15 2.516158259884190944e-16 9.000650626489470596e+03
6.106549954051110581e-15 2.507090796324433301e-16 9.001406659057391153e+03
5.875242981820328733e-15 2.496699211489341352e-16 9.002162698148349591e+03
6.012842646951181596e-15 2.479416491984013977e-16 9.002918740870056354e+03
7.056650948135691158e-15 2.409492118435957870e-16 9.003674790159999247e+03
6.226956937879523226e-15 2.248556753083198843e-16 9.004430845704615422e+03
6.375746622607501755e-15 2.048757270764289696e-16 9.005186910379628898e+03
6.484399532071508013e-15 1.847695662635123955e-16 9.005942974608657096e+03
6.555411021983240860e-15 1.643951053191435773e-16 9.006699034104954990e+03
6.639642147663500058e-15 1.439355955033087214e-16 9.007455104046646738e+03
5.442433365305416722e-15 1.303395262583572174e-16 9.008211186131684372e+03
5.448073546517381395e-15 1.263088202762335900e-16 9.008967270049281069e+03
5.224400477291208008e-15 1.260700245545641096e-16 9.009723362743407051e+03
5.578280238568167317e-15 1.268963179349641952e-16 9.010479461035580243e+03
5.401010161697864288e-15 1.282566048031947915e-16 9.011235562321482575e+03
5.348597527984654279e-15 1.288723654515036071e-16 9.011991671548068553e+03
5.961889953492758513e-15 1.297178328504072182e-16 9.012747784568327916e+03
5.721331013323340081e-15 1.305237405852506951e-16 9.013503902266769728e+03
6.090127970315722438e-15 1.310149623521115823e-16 9.014260027401560365e+03
6.008263426946976268e-15 1.311927777996603872e-16 9.015016158642269147e+03
5.837829822093792717e-15 1.316023602035832593e-16 9.015772294331654848e+03
6.086288963016165427e-15 1.322128903358180923e-16 9.016528435312826332e+03
5.397859893879458320e-15 1.328230685741220278e-16 9.017284581832675030e+03
5.166150389740354786e-15 1.337722290030137695e-16 9.018040731702905759e+03
5.718058570159372713e-15 1.351656904993894288e-16 9.018796889509081666e+03
5.568365938745125174e-15 1.364854266929705041e-16 9.019553054001109558e+03
5.776124449666701987e-15 1.381210028715616274e-16 9.020309221142553724e+03
5.784228859315692281e-15 1.395445027157578687e-16 9.021065394177039707e+03
6.174836057345969672e-15 1.410022258733721087e-16 9.021821574177629373e+03
6.153561166173485358e-15 1.411340737828754270e-16 9.022577760859339833e+03
6.190751251223163975e-15 1.420460228016537907e-16 9.023333953304470924e+03
5.939068035209594865e-15 1.419436577711697304e-16 9.024090149241692416e+03
5.620030780998574638e-15 1.417886165279896873e-16 9.024846349004734293e+03
6.012430996667900029e-15 1.417162011058026182e-16 9.025602555054254481e+03
6.061943274741832895e-15 1.437725954422393366e-16 9.026358769107420812e+03
6.299012079442964207e-15 1.492705694327115638e-16 9.027114986978322122e+03
6.256789327487661597e-15 1.572434660712327142e-16 9.027871211500187201e+03
6.713409946640355368e-15 1.650100747746999247e-16 9.028627444963614835e+03
6.850009333873009226e-15 1.711973205397496167e-16 9.029383683841344464e+03
7.220965901964098999e-15 1.763512345878629683e-16 9.030139925089573808e+03
6.700532298187144410e-15 1.801360799270541260e-16 9.030896171854572458e+03
6.969348263295607494e-15 1.816116070391906377e-16 9.031652426582801127e+03
6.578290482388844134e-15 1.802345952694983371e-16 9.032408684195921523e+03
6.197774937199536320e-15 1.814162130206682041e-16 9.033164946242566657e+03
5.694398321418411256e-15 1.820783072808462083e-16 9.033921215858788855e+03
6.462858424957077833e-15 1.831169384160618811e-16 9.034677493327923003e+03
6.916375817246893337e-15 1.843504970612551993e-16 9.035433775144640094e+03
6.815447831090789071e-15 1.849898881251600351e-16 9.036190061881618021e+03
6.700636561454306674e-15 1.839008657140621570e-16 9.036946354868048729e+03
6.670033900417433759e-15 1.851264640862681161e-16 9.037702653961967371e+03
5.745070785583271868e-15 1.929031472542236442e-16 9.038458958248562340e+03
6.032196711635730977e-15 2.052863164176114228e-16 9.039215267710274929e+03
6.473517876360180707e-15 2.155234519040095899e-16 9.039971581733519997e+03
6.552806286759797963e-15 2.218962170781734260e-16 9.040727908096732790e+03
6.814323445286950551e-15 2.266381681058261492e-16 9.041484240638190386e+03
6.455245106229301886e-15 2.280483925389154664e-16 9.042240574595498401e+03
6.612339654184200819e-15 2.256493033439105338e-16 9.042996910433561425e+03
5.843157112617411887e-15 2.204335679865367801e-16 9.043753255728279328e+03
6.069648361790758263e-15 2.162536060964594464e-16 9.044509606905059627e+03
6.060725825139798121e-15 2.140321233652941919e-16 9.045265964076465025e+03
6.178610861330500172e-15 2.125473095362205029e-16 9.046022326345169859e+03
5.867389869813264887e-15 2.133816948398198642e-16 9.046778695756915113e+03
6.348286140472245628e-15 2.125341858146720496e-16 9.047535069894529443e+03
6.217637587922955501e-15 2.109497333642908532e-16 9.048291452650084466e+03
5.607895264741076461e-15 2.105598153367211335e-16 9.049047840274606642e+03
5.828321657367454909e-15 2.111272996264768356e-16 9.049804230259862379e+03
5.885146666687504821e-15 2.110646418076327820e-16 9.050560628517127043e+03
5.110346590217641719e-15 2.096392321617725152e-16 9.051317032834338534e+03
5.873128279292811795e-15 2.041593940989573142e-16 9.052073445598110993e+03
5.236641250510585883e-15 1.937529146562282823e-16 9.052829864470022585e+03
5.574465860469104809e-15 1.821626842228827887e-16 9.053586287295160218e+03
6.054532335235948856e-15 1.708617934278329061e-16 9.054342712542978916e+03
6.707994924268431958e-15 1.596845529021459877e-16 9.055099138306279201e+03
6.487925335844478505e-15 1.504266015107747912e-16 9.055855580208441097e+03
6.199577361877474100e-15 1.454368132490408679e-16 9.056612025460688528e+03
6.304609961679245560e-15 1.449247959320763796e-16 9.057368480648849072e+03
6.060306848536842719e-15 1.459104844808983396e-16 9.058124941357964417e+03
6.096139015547034681e-15 1.468510427678232023e-16 9.058881404326279153e+03
5.844861211318247176e-15 1.480238095426673482e-16 9.059637875305827038e+03
6.344704845674106738e-15 1.486839303104966773e-16 9.060394352185376192e+03
6.114408212450494855e-15 1.492753152467317417e-16 9.061150836378297754e+03
6.146332220458968170e-15 1.500776519885904669e-16 9.061907327288861779e+03
5.898456306043724389e-15 1.501500407458880298e-16 9.062663823256618343e+03
5.874165357490418698e-15 1.496660730400929201e-16 9.063420324374557822e+03
5.804163576734089205e-15 1.492839185884610244e-16 9.064176829840725986e+03
5.564721771276408405e-15 1.487854721990055605e-16 9.064933344568307803e+03
5.807401547309309222e-15 1.484747667635726125e-16 9.065689867181763475e+03
5.822975338809213535e-15 1.481210212374486978e-16 9.066446394133008653e+03
5.644402840457377859e-15 1.471153755719426273e-16 9.067202924482324306e+03
6.311274144323105025e-15 1.460659779250498515e-16 9.067959463390516248e+03
5.921830476590200150e-15 1.450947937493289078e-16 9.068716009635299997e+03
5.789738645884188761e-15 1.437196860470483780e-16 9.069472560128037003e+03
5.971616487133961474e-15 1.421895785995788450e-16 9.070229117916973337e+03
5.603921847896014304e-15 1.396260348263298922e-16 9.070985680875259277e+03
5.318794576184157288e-15 1.386872475625046730e-16 9.071742251393108745e+03
5.746144212422588642e-15 1.382095018561164917e-16 9.072498829580761594e+03
5.374358272338273991e-15 1.373859409218321783e-16 9.073255411065911176e+03
5.419003447853234232e-15 1.373041962257208743e-16 9.074011999738673694e+03
5.392375319540588241e-15 1.362280784764633663e-16 9.074768593877521198e+03
5.871017562993847181e-15 1.349650674837562720e-16 9.075525193196172040e+03
5.326396306813809546e-15 1.342843341657791917e-16 9.076281801360042664e+03
5.758947704683646907e-15 1.344489336050063453e-16 9.077038417795592977e+03
5.277393100309017115e-15 1.351012181074240497e-16 9.077795038701893645e+03
5.395859848551206568e-15 1.364779035624138897e-16 9.078551663194422872e+03
5.632589542935115922e-15 1.377548409347922459e-16 9.079308298026495322e+03
5.691998416201683341e-15 1.386035677492850480e-16 9.080064938494422677e+03
5.527165436321837690e-15 1.394506313226317426e-16 9.080821582113116165e+03
5.505029239662609296e-15 1.425871783027803619e-16 9.081578234354699816e+03
5.594176550529895567e-15 1.466550627963126011e-16 9.082334892554037651e+03
6.046409124759837343e-15 1.507912786796938046e-16 9.083091561152818031e+03
6.030488441024123076e-15 1.541564150951971988e-16 9.083848237426051128e+03
5.350680013994577451e-15 1.575340150581824951e-16 9.084604913303930516e+03
6.387426282436270312e-15 1.603122004863710907e-16 9.085361599693576864e+03
6.270498714722887230e-15 1.620587852449072534e-16 9.086118293111081584e+03
6.043029433689103298e-15 1.631467490192092039e-16 9.086874988031620887e+03
6.461995005920901822e-15 1.637270631008849030e-16 9.087631693243038171e+03
5.454991845981467193e-15 1.641142318226054075e-16 9.088388405368223175e+03
6.245068633202136869e-15 1.643720103453144241e-16 9.089145121806315728e+03
6.230697470988066937e-15 1.650786255671169497e-16 9.089901844851427086e+03
5.442625596156903028e-15 1.663907264652666765e-16 9.090658574536308151e+03
5.546861956817381710e-15 1.699097388888336094e-16 9.091415311255901543e+03
5.779749857918871453e-15 1.755983537559766412e-16 9.092172055163584446e+03
5.857187962371539521e-15 1.820813105177918832e-16 9.092928804291628694e+03
6.672680847167242333e-15 1.883306838885884847e-16 9.093685562116526853e+03
6.547976715925247220e-15 1.932656320307624646e-16 9.094442327366192330e+03
6.726312404009720617e-15 1.952467570416514117e-16 9.095199095543723161e+03
6.796941130277367592e-15 1.950124641348016043e-16 9.095955875362051302e+03
6.428457696578402556e-15 1.925425434608769359e-16 9.096712656088047879e+03
6.450990599395036989e-15 1.893999572949618756e-16 9.097469447011957527e+03
6.668330660750109600e-15 1.955561432514434042e-16 9.098226240723946830e+03
6.119458008927735893e-15 2.096646806036388392e-16 9.098983043301319412e+03
5.771311030909911720e-15 1.820460262566442258e-16 9.099739854297638885e+03
5.925623690677738370e-15 1.904890587252553926e-16 9.100496668712639803e+03
6.253625632761125001e-15 2.396200911511071347e-16 9.101253492803256449e+03
6.257328161110022540e-15 1.889922386136675118e-16 9.102010320894598408e+03
6.326319837917030773e-15 1.755906981372361271e-16 9.102767155365880171e+03
5.975832454457377558e-15 1.744726059731432031e-16 9.103523999460445339e+03
5.786905033770744184e-15 1.715024348788517529e-16 9.104280848972868625e+03
5.976030949882364299e-15 1.678317386047069971e-16 9.105037704814352765e+03
5.798864460932944484e-15 1.621573638881770611e-16 9.105794569308562131e+03
6.564306631080421708e-15 1.553761327030880774e-16 9.106551440132623611e+03
6.507111913902660356e-15 1.489796116481850144e-16 9.107308316012724390e+03
6.397953268536772636e-15 1.433006636806515930e-16 9.108065194795468415e+03
6.218194879999948017e-15 1.381916228175249818e-16 9.108822082820759533e+03
5.791542307457724365e-15 1.353038115252221104e-16 9.109578977627284985e+03
5.788661552153229161e-15 1.353328888253475757e-16 9.110335882597451928e+03
6.091665536964176738e-15 1.459861030028252099e-16 9.111092793816811536e+03
5.888062715216659836e-15 1.510913017056158782e-16 9.111849712031786112e+03
6.123112830625821992e-15 1.393911153927459677e-16 9.112606635925940282e+03
6.114169946762293689e-15 1.403419145490625572e-16 9.113363565495707007e+03
6.459166422500316975e-15 1.421075090402206310e-16 9.114120503001708130e+03
6.641920555390926685e-15 1.430817246805234225e-16 9.114877446413269354e+03
6.640747494271281987e-15 1.436496722058365659e-16 9.115634398978934769e+03
6.249933599584903281e-15 1.436691476488024688e-16 9.116391360343162887e+03
6.157395060743774673e-15 1.428820697221617234e-16 9.117148325842928898e+03
6.348627194066915296e-15 1.422887470400637896e-16 9.117905297267392598e+03
6.107039867455098389e-15 1.413317476080940618e-16 9.118662277274330336e+03
5.975800303433424536e-15 1.394109459094208990e-16 9.119419263001660511e+03
6.319145753709042655e-15 1.383503124998254771e-16 9.120176254787314974e+03
5.857394711623300072e-15 1.371764772288089091e-16 9.120933256344082110e+03
5.657250300726898366e-15 1.359768040815035865e-16 9.121690266158953818e+03
6.097018374532559796e-15 1.355846802842993040e-16 9.122447279495561816e+03
5.599420605097360098e-15 1.352820508483471824e-16 9.123204298318283691e+03
6.244633404516078843e-15 1.351060004941296725e-16 9.123961326227143218e+03
6.531530942203956360e-15 1.357422972936989631e-16 9.124718363404030242e+03
7.051805840041937876e-15 1.367233631195532280e-16 9.125475406875180852e+03
6.939560420799629865e-15 1.363179041133128206e-16 9.126232457548961975e+03
6.762163640364202438e-15 1.376348059947399716e-16 9.126989512554944667e+03
6.776501229097949530e-15 1.388780617988707609e-16 9.127746572728658066e+03
6.368437709776353416e-15 1.399828248217434362e-16 9.128503643764088338e+03
6.795063451764708458e-15 1.414343401715067870e-16 9.129260721808681410e+03
6.842786467930446244e-15 1.426060606407588360e-16 9.130017806123609262e+03
6.512102350711965725e-15 1.443736238419389335e-16 9.130774898862458940e+03
6.664903330928782822e-15 1.452371026429313146e-16 9.131531996557700040e+03
6.559118987269256370e-15 1.458807011764127995e-16 9.132289100686160964e+03
6.443275817504272089e-15 1.467334341612246781e-16 9.133046214526890253e+03
6.945128271982702908e-15 1.464734512409276179e-16 9.133803335881590101e+03
6.992983657159412479e-15 1.454346577272249773e-16 9.134560462277107945e+03
6.930013780072867952e-15 1.447928969639242499e-16 9.135317596666922327e+03
6.879657239458873719e-15 1.439642678444309172e-16 9.136074739364725247e+03
7.292386222683218118e-15 1.431845923287134512e-16 9.136831887432437725e+03
6.381577997441313303e-15 1.425701813235089033e-16 9.137589043080044576e+03
6.689051868888483700e-15 1.418710747311534470e-16 9.138346206492773490e+03
5.901844992484950072e-15 1.412627765523115112e-16 9.139103376077167923e+03
6.222511240718276774e-15 1.411751820076525455e-16 9.139860552952399303e+03
6.367498047995893136e-15 1.421907709356254529e-16 9.140617738030836335e+03
6.888557327473610381e-15 1.441606974295984854e-16 9.141374930926569505e+03
6.334163710712124151e-15 1.469165225966350310e-16 9.142132130070023777e+03
6.184920897542537514e-15 1.496668930631485390e-16 9.142889337116157549e+03
6.337451918398747369e-15 1.524015215271983202e-16 9.143646554823306360e+03
6.126433984382727100e-15 1.545279540005486252e-16 9.144403773922767868e+03
6.106960571409873544e-15 1.563546518625824341e-16 9.145161004778028655e+03
5.467445155931185032e-15 1.576466366884571466e-16 9.145918240318191238e+03
5.879691352540422070e-15 1.592993188290615080e-16 9.146675481249236327e+03
6.333972491839704292e-15 1.602537648783446601e-16 9.147432732060897251e+03
5.536328860447396923e-15 1.615356420422305283e-16 9.148189991915416613e+03
5.802943151283711582e-15 1.630067401102094698e-16 9.148947255289333043e+03
5.751545176397292193e-15 1.646840472566805196e-16 9.149704528063310136e+03
5.786238824360457192e-15 1.674846631694760621e-16 9.150461810133663676e+03
5.954005929424397220e-15 1.708066204823775236e-16 9.151219096104687196e+03
5.970618511227302153e-15 1.727520937037113080e-16 9.151976393143326277e+03
6.605157675915317531e-15 1.754085072893761569e-16 9.152733695409009670e+03
5.787562263288817225e-15 1.771321689177709781e-16 9.153491005795882302e+03
5.919448781269194167e-15 1.776584007673297394e-16 9.154248319375834399e+03
5.855915324562883456e-15 1.758336341631178289e-16 9.155005646404137224e+03
6.153265144681622822e-15 1.729009193268533945e-16 9.155762976770951354e+03
5.964487982322572543e-15 1.702737124216424719e-16 9.156520316439793532e+03
5.524186095768259261e-15 1.678766465561862440e-16 9.157277663420689350e+03
5.739041513418935778e-15 1.663126857932223144e-16 9.158035016156445636e+03
6.074152682470629343e-15 1.650155719365805785e-16 9.158792378098241898e+03
6.265153889697086624e-15 1.639836088784409474e-16 9.159549746454802516e+03
6.164923628034289709e-15 1.634818253678323188e-16 9.160307121114785332e+03
6.361654889625169832e-15 1.631819572811040791e-16 9.161064509010784604e+03
6.464556580137220083e-15 1.629158921288122421e-16 9.161821898625690665e+03
6.569077823749273893e-15 1.625247183621733876e-16 9.162579297789990960e+03
6.238988157178884676e-15 1.614957959970924548e-16 9.163336703512752138e+03
6.369660972573700583e-15 1.595489066595398496e-16 9.164094121927028027e+03
6.131936577200543103e-15 1.572885637059122405e-16 9.164851542959786457e+03
6.120200853140354465e-15 1.545813706647108774e-16 9.165608970250550556e+03
6.253204933669370551e-15 1.521541111897057504e-16 9.166366407995610643e+03
6.752045930664431191e-15 1.506372257200688077e-16 9.167123849970668743e+03
6.046925866380088274e-15 1.495460549907962658e-16 9.167881299299211605e+03
6.266115834079513814e-15 1.488434522675027363e-16 9.168638762275302724e+03
6.200675675100621182e-15 1.493261571330578783e-16 9.169396230161799394e+03
6.179755618435060161e-15 1.495997468317346046e-16 9.170153702864865409e+03
6.494021207955435375e-15 1.496949126400847617e-16 9.170911188557733112e+03
6.205679815744956386e-15 1.497817781575165660e-16 9.171668680486056473e+03
6.349553693357284855e-15 1.497221214591173456e-16 9.172426178157322283e+03
6.091586234538010647e-15 1.489075076865851461e-16 9.173183683891436885e+03
6.026543458552312122e-15 1.482280831678341311e-16 9.173941196861978824e+03
5.893681377695164288e-15 1.475926453819020992e-16 9.174698717987808777e+03
6.062162697754186552e-15 1.467336845969506722e-16 9.175456247074092971e+03
5.875523138280410131e-15 1.462388379497678600e-16 9.176213784132549335e+03
6.275865312607190827e-15 1.457088982296644441e-16 9.176971329553663963e+03
5.768979268876632342e-15 1.454102695543086320e-16 9.177728882991024875e+03
6.007078614311984740e-15 1.438010835399984396e-16 9.178486442738449114e+03
5.765422973000293587e-15 1.430432588913685661e-16 9.179244010652051657e+03
6.287405602525073693e-15 1.423441294726766169e-16 9.180001587010474395e+03
6.301376453357269443e-15 1.415201333106553876e-16 9.180759169960765576e+03
6.015895211842520988e-15 1.408989672175441082e-16 9.181516761434089858e+03
5.898675894230852516e-15 1.402802962599375811e-16 9.182274361829924601e+03
5.920862351505911904e-15 1.401192114441107540e-16 9.183031967239636288e+03
5.758132920455065276e-15 1.403452109460924724e-16 9.183789582411371157e+03
5.838288883919855221e-15 1.418388525773369037e-16 9.184547205408449372e+03
5.727096874727025813e-15 1.422367428212358108e-16 9.185304835100199853e+03
5.903332177700692155e-15 1.428439056455181062e-16 9.186062475317598000e+03
5.757717447375365572e-15 1.438550703029837586e-16 9.186820121841423315e+03
5.922055920134169243e-15 1.450153415463785558e-16 9.187577774462588422e+03
6.430500430350853568e-15 1.460344219935449346e-16 9.188335437116369576e+03
6.424010841080771666e-15 1.468879935063758134e-16 9.189093107373289968e+03
7.052476531157211224e-15 1.480911225613682029e-16 9.189850786125738523e+03
6.471533577748738308e-15 1.491451620643644098e-16 9.190608472330741279e+03
7.338328362251800070e-15 1.526999126724416287e-16 9.191366165704548621e+03
6.627546920944593039e-15 1.551745938641722838e-16 9.192123867012111077e+03
6.345413644092477881e-15 1.488051518910243104e-16 9.192881576633946679e+03
6.946238568213144165e-15 1.473391335235388917e-16 9.193639295793363999e+03
6.970469598374672718e-15 1.463950649541826860e-16 9.194397022918692528e+03
6.500923065590150172e-15 1.455156390763530554e-16 9.195154754901863271e+03
6.695906487782886128e-15 1.452149139205242406e-16 9.195912495909993595e+03
6.731097439785672535e-15 1.476064831517880287e-16 9.196670247262252815e+03
6.288503546369375441e-15 1.450685848559067084e-16 9.197428003117667686e+03
6.217703866650394176e-15 1.427140911015286702e-16 9.198185770457886974e+03
6.462938309048440838e-15 1.419181492948084527e-16 9.198943546197799151e+03
6.442956858191428153e-15 1.415632596591204396e-16 9.199701326320611770e+03
6.153623980538429187e-15 1.412229332306307625e-16 9.200459116076224745e+03
6.449138074376478090e-15 1.411034726918043615e-16 9.201216914219385217e+03
6.266280627458957952e-15 1.410329685301667549e-16 9.201974721486134513e+03
6.230718662456038603e-15 1.413784473716530459e-16 9.202732538370175462e+03
6.093761916199464872e-15 1.405553680722566425e-16 9.203490361384836433e+03
6.350253095090978963e-15 1.407759637601578698e-16 9.204248190110614814e+03
5.797549438040799067e-15 1.414942319518234509e-16 9.205006026797040249e+03
5.821117159885376865e-15 1.430728809226463897e-16 9.205763872783103579e+03
6.182866317180105560e-15 1.455838050854060715e-16 9.206521731322562118e+03
5.783292720505177502e-15 1.478308909483879720e-16 9.207279596672648040e+03
6.019812368881993055e-15 1.507325737406762714e-16 9.208037467203499546e+03
5.583828647089444150e-15 1.539149652490168266e-16 9.208795346077866270e+03
5.854992873644900638e-15 1.541071249950867065e-16 9.209553233893268043e+03
6.136450217137458571e-15 1.560412986367251751e-16 9.210311129968358728e+03
6.429540021497329729e-15 1.566733453875277264e-16 9.211069033995981954e+03
6.541702192068719270e-15 1.572773948327299972e-16 9.211826947600562562e+03
6.148059593554335113e-15 1.584975922257328109e-16 9.212584869310401700e+03
6.111486063063724494e-15 1.605316683590829245e-16 9.213342796025155621e+03
6.244147215269162511e-15 1.634424545854312607e-16 9.214100730315338296e+03
6.280614186438055710e-15 1.662563025200308437e-16 9.214858679360982933e+03
5.826920478104938716e-15 1.694857205942636129e-16 9.215616634387264639e+03
6.824252783541146016e-15 1.725491342097397012e-16 9.216374597997988531e+03
6.929176791666331502e-15 1.747305592410551449e-16 9.217132570351612230e+03
6.359811531127387169e-15 1.768702317923709472e-16 9.217890551268019408e+03
6.542044449386362544e-15 1.776070623335161589e-16 9.218648534783187642e+03
6.320727063329182541e-15 1.775875354523315538e-16 9.219406528065090242e+03
6.176499503933411316e-15 1.768389001211822543e-16 9.220164534435109090e+03
6.275197510107460548e-15 1.757332917475198280e-16 9.220922545845236527e+03
6.569992398320891866e-15 1.754556150349402972e-16 9.221680566426683072e+03
6.309703097163633448e-15 2.114458495918678935e-16 9.222438595889920180e+03
6.034413247540987616e-15 1.936949324823854728e-16 9.223196633671208474e+03
7.162985464444060622e-15 1.755080365316003180e-16 9.223954678392063215e+03
6.880474675706008724e-15 1.692446965662981506e-16 9.224712730801293219e+03
6.581560419500824915e-15 1.682292304988939181e-16 9.225470795892442766e+03
6.239170973836872513e-15 1.670538228997951750e-16 9.226228868112199052e+03
6.597531725678179210e-15 1.653070219944933583e-16 9.226986946217031800e+03
6.098445262003164348e-15 1.627686016957306794e-16 9.227745036445678124e+03
6.325246856042257776e-15 1.594670237122597350e-16 9.228503133049616736e+03
5.876135872407612182e-15 1.549158594666324724e-16 9.229261237239235925e+03
6.308550321128744258e-15 1.514986472805191189e-16 9.230019350997714355e+03
5.984583694645237454e-15 1.478608045454521870e-16 9.230777469575516079e+03
6.466722602077523389e-15 1.450361510652613128e-16 9.231535599803894002e+03
5.713415379309419826e-15 1.433112091968246069e-16 9.232293739786297010e+03
6.616847676794498275e-15 1.417714632010993822e-16 9.233051884720574890e+03
5.569021375663221857e-15 1.405828194172600861e-16 9.233810043144065276e+03
5.615240865679802414e-15 1.397351988063213706e-16 9.234568208704549761e+03
5.420618954543978743e-15 1.391966501598516534e-16 9.235326379918426028e+03
5.252807444573567749e-15 1.389917566936032055e-16 9.236084561980971557e+03
5.477014034184334678e-15 1.393708343025383506e-16 9.236842751386131567e+03
5.778258848757699039e-15 1.410621178732088438e-16 9.237600949927369584e+03
5.487150614577143654e-15 1.425143863336233694e-16 9.238359158786068292e+03
5.689401723365533255e-15 1.441739917865023098e-16 9.239117375231217011e+03
5.757380182977952731e-15 1.464922777136351680e-16 9.239875600272325755e+03
5.564299387864099367e-15 1.493252729406522693e-16 9.240633834893526000e+03
5.994357185041701118e-15 1.520320602685184911e-16 9.241392078637170926e+03
5.835506561071635852e-15 1.547220430476457093e-16 9.242150330135664262e+03
5.788161404337150463e-15 1.573543044941383809e-16 9.242908590398106753e+03
6.506680258726511279e-15 1.591303091185189385e-16 9.243666858252641759e+03
6.210710572932032883e-15 1.604121943199512663e-16 9.244425132705016949e+03
6.186863367099436451e-15 1.610547794252180483e-16 9.245183416482574103e+03
6.023257581086481975e-15 1.609455229400211400e-16 9.245941712284136884e+03
6.260358897461399092e-15 1.603549979380467150e-16 9.246700017680555902e+03
5.966118782062362674e-15 1.591549824311336488e-16 9.247458328664204600e+03
6.344272934370351251e-15 1.576690584406011139e-16 9.248216648185603844e+03
5.756362703998380772e-15 1.560667970742596576e-16 9.248974977610270798e+03
6.132417481320778003e-15 1.544731115729905734e-16 9.249733315687819413e+03
5.578938838878403188e-15 1.535133711250112148e-16 9.250491661305342859e+03
5.382542929855357185e-15 1.531333492672857754e-16 9.251250018728842406e+03
5.790595009403375005e-15 1.545066563303143288e-16 9.252008383664244320e+03
5.699438105729493326e-15 1.570086804349478794e-16 9.252766753829124355e+03
5.769227768532441510e-15 1.596174295432980879e-16 9.253525136279622529e+03
5.494064297535010825e-15 1.627769712039336119e-16 9.254283529076235936e+03
6.034088047033433106e-15 1.664230786311176146e-16 9.255041928372196708e+03
5.604135928803673829e-15 1.707320931115598644e-16 9.255800337154152658e+03
5.914439108790118588e-15 1.750018173774010086e-16 9.256558750516138389e+03
5.107209078724579729e-15 1.787105384604621885e-16 9.257317177578286646e+03
5.163361073966780903e-15 1.824442015732126771e-16 9.258075615933426889e+03
6.049961451024482550e-15 1.859676477070007964e-16 9.258834058431155427e+03
6.014580016896961988e-15 1.896842791018383007e-16 9.259592513898500329e+03
5.925437723614100679e-15 1.912946868691495043e-16 9.260350976106077724e+03
5.354950723799896282e-15 1.930120818483226465e-16 9.261109447861555964e+03
6.240033365807822692e-15 1.944744652243724950e-16 9.261867923920613975e+03
5.456804826206661126e-15 1.966349063436773374e-16 9.262626413654183125e+03
6.507046893737389926e-15 1.971168617588225901e-16 9.263384910532698996e+03
6.273529776736066747e-15 1.962174628164250511e-16 9.264143418797328195e+03
5.917047750130431629e-15 1.948823239763544900e-16 9.264901934330620861e+03
6.235025613958796561e-15 1.917415170884347821e-16 9.265660460164239339e+03
6.490083669408011236e-15 1.868157936696282029e-16 9.266418993303468596e+03
5.515835032651968351e-15 1.812143167299185714e-16 9.267177536573914040e+03
6.017047888016906837e-15 1.765179058123077637e-16 9.267936088032240150e+03
6.149725530928825989e-15 1.697922749846252770e-16 9.268694648400480219e+03
5.178685149759997580e-15 1.622842717464525184e-16 9.269453218058635684e+03
6.067615672208422184e-15 1.550501273248766525e-16 9.270211799734541273e+03
5.107977682354512600e-15 1.491835249978945516e-16 9.270970389149257244e+03
5.306990961175360647e-15 1.442593672142629856e-16 9.271728986414615065e+03
5.608056268870519743e-15 1.397150525820901563e-16 9.272487591081135179e+03
4.959615265600435937e-15 1.369844953693904678e-16 9.273246206517833343e+03
4.905925627052397191e-15 1.353659484224451896e-16 9.274004829551766306e+03
4.791509030082290626e-15 1.349679892845490550e-16 9.274763461807275235e+03
4.501607513976055241e-15 1.354917100928582928e-16 9.275522105720287072e+03
5.273460438878675465e-15 1.368232267023716536e-16 9.276280758459937715e+03
4.624793403484349843e-15 1.387779762537950653e-16 9.277039419207429091e+03
5.009883795997989682e-15 1.410891771472370977e-16 9.277798089244928633e+03
4.693526377669961489e-15 1.436639928504499015e-16 9.278556768999189444e+03
5.192842562829912004e-15 1.459654304888341943e-16 9.279315456106602142e+03
4.974795132065994750e-15 1.479577240465234542e-16 9.280074153545823719e+03
4.988711949453001685e-15 1.490301572300889724e-16 9.280832862760158605e+03
5.098442357522435245e-15 1.496274397656285574e-16 9.281591580512100336e+03
5.086932750419605673e-15 1.509684479591021810e-16 9.282350305811933140e+03
4.884794076099719727e-15 1.520575488361174772e-16 9.283109038247797798e+03
4.666547253996107218e-15 1.531593470618618235e-16 9.283867779837846683e+03
4.316224463376867154e-15 1.538783510683489735e-16 9.284626533619244583e+03
4.671037769917664888e-15 1.540934677427766739e-16 9.285385298048398909e+03
5.255512950073721753e-15 1.542857000159792637e-16 9.286144072128816333e+03
4.614617154643306041e-15 1.537644815993390544e-16 9.286902852627143147e+03
4.706761587838099568e-15 1.527979857992974915e-16 9.287661641710627009e+03
4.555016385228457539e-15 1.514792681155799229e-16 9.288420443094320945e+03
4.155685613006955039e-15 1.499849912093214627e-16 9.289179251707864751e+03
4.250057135519948481e-15 1.483565488719536696e-16 9.289938068637609831e+03
4.683534255815246551e-15 1.468151412064792830e-16 9.290696896589142852e+03
4.316270157424600474e-15 1.454202931351110776e-16 9.291455734491435578e+03
4.346228663875010065e-15 1.442273414139633480e-16 9.292214580955545898e+03
4.048260315951508224e-15 1.436856472530780254e-16 9.292973435217596489e+03
3.783926901859721147e-15 1.437587280727142501e-16 9.293732297799857406e+03
3.929399023749092702e-15 1.462892149754951946e-16 9.294491171320805734e+03
3.150360467996147453e-15 1.549607258067620822e-16 9.295250057134035160e+03
2.528218691778256691e-15 1.711594335293809301e-16 9.296008949369803304e+03
2.316324190988659427e-15 1.939816788629251103e-16 9.296767849126688816e+03
3.115441940702494876e-15 2.187267710692575166e-16 9.297526767836297950e+03
4.351656303623104100e-15 2.415919666204438925e-16 9.298285691435383342e+03
5.381421231717479922e-15 2.622608304222111697e-16 9.299044626795363001e+03
5.470813884753124734e-15 2.792871969920048456e-16 9.299803567599436064e+03
5.934169083920290135e-15 2.936521783484911983e-16 9.300562518828353859e+03
4.388987478918745445e-15 3.026291895415255759e-16 9.301321478934754850e+03
2.671779082000994958e-15 3.150492726885674318e-16 9.302080447949927475e+03
1.460662635808512685e-15 3.377236687444337712e-16 9.302839425461534120e+03
3.818559803919096777e-15 3.630807664526759534e-16 9.303598411741828386e+03
5.737103439297267177e-15 3.841505128323807707e-16 9.304357406880277267e+03
7.273786000696408123e-15 4.016357120450457597e-16 9.305116420052505418e+03
8.718837581152789986e-15 4.168475365445106769e-16 9.305875437438891822e+03
6.313559874993025687e-15 4.347114081819915622e-16 9.306634462892849115e+03
4.504241380878936740e-15 4.278786816871078313e-16 9.307393499106125091e+03
3.177798585417907293e-15 4.248594678541090723e-16 9.308152545432812985e+03
2.897092837126712389e-15 4.200862678198962317e-16 9.308911599998333259e+03
2.798210862424221635e-15 4.121156399507109109e-16 9.309670665085966903e+03
3.722433238699983489e-15 4.012324141666515531e-16 9.310429739958111895e+03
3.047637121916990063e-15 3.876237180622868859e-16 9.311188823729233263e+03
3.996359635417730432e-15 3.745329974647130157e-16 9.311947919209025713e+03
2.265779682897544843e-15 3.654495925737575348e-16 9.312707021142003214e+03
2.397874475892477031e-15 3.647496145646944050e-16 9.313466131754270464e+03
2.872254035611752308e-15 3.689496772463426819e-16 9.314225251145948278e+03
5.200614569511622406e-15 3.740939208850225218e-16 9.314984384168204997e+03
6.557292161787836597e-15 3.782724637992856446e-16 9.315743528935219729e+03
6.766431638265688792e-15 3.739966025066831146e-16 9.316502680754230823e+03
4.969520784627532418e-15 3.632423176169140067e-16 9.317261844374665088e+03
3.457028253166041582e-15 3.463993750066569333e-16 9.318021018356117565e+03
3.855233986817356655e-15 3.283735970212110226e-16 9.318780195976036339e+03
4.409108566396088789e-15 3.118853204281237176e-16 9.319539382812858094e+03
3.549361167180405172e-15 2.983483951600286679e-16 9.320298582881036054e+03
2.376442512204385773e-15 2.921129114699029114e-16 9.321057793666150246e+03
2.821788777284554463e-15 2.914200498435147973e-16 9.321817014272828601e+03
2.066269455168863217e-15 2.913608943711171300e-16 9.322576243220551987e+03
2.625264425840537977e-15 2.922634554701899514e-16 9.323335482926024270e+03
2.111946260226860043e-15 2.928940687894829514e-16 9.324094732939985988e+03
1.915731843324000452e-15 2.935063631169910647e-16 9.324853992883157844e+03
1.733222835469179236e-15 2.932164121209858764e-16 9.325613260810378051e+03
2.491258170680969692e-15 2.868845111109283739e-16 9.326372539487168979e+03
1.582001727265520911e-15 2.726602693864614862e-16 9.327131829198704509e+03
2.447439753370096847e-15 2.560859169271277625e-16 9.327891132354367073e+03
3.116345759311431930e-15 2.401799049153687905e-16 9.328650444257591516e+03
3.265592065728835593e-15 2.226678208322852579e-16 9.329409754791573505e+03
3.367542171491196285e-15 2.050131991767337084e-16 9.330169080696869059e+03
4.231633376833126452e-15 1.906140251497398466e-16 9.330928418986723045e+03
3.138391123217199497e-15 1.851444847691402190e-16 9.331687766236844254e+03
2.636552123262668189e-15 1.845072068012343558e-16 9.332447123830212149e+03
2.792846346567248380e-15 1.813442426947277059e-16 9.333206492143242940e+03
2.438523593720710754e-15 1.794953822437821205e-16 9.333965870655072649e+03
2.379208749515199307e-15 1.768507477471724738e-16 9.334725258828246297e+03
2.596379502434539423e-15 1.788394197460757266e-16 9.335484656551425360e+03
1.866243464081602905e-15 1.702222340514617406e-16 9.336244064062615507e+03
2.201405952522979468e-15 1.664862800777796872e-16 9.337003481956062387e+03
2.168416206694453635e-15 1.642357773755281556e-16 9.337762909966764710e+03
2.685911196179385388e-15 1.633549789988511254e-16 9.338522347374300807e+03
2.070129711126070571e-15 1.639551493120877674e-16 9.339281795299542864e+03
2.739811844833714339e-15 1.648603981150542715e-16 9.340041252891478507e+03
2.972362377177383511e-15 1.640119425065986213e-16 9.340800720736904623e+03
2.538915908594257552e-15 1.599028450494320709e-16 9.341560201445759958e+03
3.114815784990136050e-15 1.543461239374334904e-16 9.342319690916345280e+03
3.286183334861748848e-15 1.493144491585210784e-16 9.343079188688354407e+03
2.926867960046707411e-15 1.441660825535343434e-16 9.343838692558896582e+03
2.959515656236314260e-15 1.395760738315796649e-16 9.344598211792637812e+03
2.845299127934301126e-15 1.370007371797098240e-16 9.345357739370727359e+03
2.439478816196225687e-15 1.369190146716500037e-16 9.346117276325563580e+03
2.697107379814248340e-15 1.384862140368024856e-16 9.346876825870349421e+03
2.122339885681122336e-15 1.389627919632975553e-16 9.347636383910197765e+03
2.856921185460070455e-15 1.400676097456154446e-16 9.348395952053499059e+03
2.641464224360631945e-15 1.419275017984881609e-16 9.349155532267899616e+03
3.313120141159672131e-15 1.430965951070455108e-16 9.349915121615656972e+03
2.566482659781951114e-15 1.440738613953456862e-16 9.350674720511073247e+03
2.493229488034243605e-15 1.451892937658778003e-16 9.351434331742217182e+03
2.982270654544843156e-15 1.454121093595685693e-16 9.352193951726791056e+03
3.134146093535340269e-15 1.453226172538786613e-16 9.352953582201762401e+03
2.449877836804065606e-15 1.443534413793693333e-16 9.353713223987886522e+03
3.112710909727588069e-15 1.427852173736468395e-16 9.354472872418726183e+03
2.794970617150118123e-15 1.410215141696093105e-16 9.355232533668080578e+03
2.963619462280443763e-15 1.392631959812195690e-16 9.355992206232098397e+03
2.444081992901102346e-15 1.383286441766285442e-16 9.356751886222062240e+03
2.938843271618992693e-15 1.385406347839151104e-16 9.357511579296740820e+03
3.178686387358908526e-15 1.397868967569762186e-16 9.358271280567474605e+03
3.157695836340507368e-15 1.409982844880567955e-16 9.359030992696960311e+03
3.001413750969919973e-15 1.433201640964347498e-16 9.359790716572530073e+03
2.566592148192496190e-15 1.457886179052725331e-16 9.360550450178201572e+03
2.563630874886540155e-15 1.483071012847645747e-16 9.361310194034413144e+03
2.419925495295092632e-15 1.512076535465653442e-16 9.362069947458374372e+03
2.795137107107438778e-15 1.552086112406429907e-16 9.362829711788959685e+03
2.467873080407533672e-15 1.660442676549320382e-16 9.363589487149829438e+03
1.417082097873341007e-15 1.812028968351797678e-16 9.364349270464845176e+03
-5.610067423300761203e-16 2.133591569990199131e-16 9.365109061560218834e+03
-3.275738009825919125e-15 2.776763048917754156e-16 9.365868869631540292e+03
-2.766864035766430653e-15 3.379487721648024732e-16 9.366628677039039758e+03
-4.113288146429469964e-16 3.873010509465460754e-16 9.367388510079419575e+03
2.084285466425316862e-15 4.275357255774971350e-16 9.368148357281670542e+03
5.817425937105754030e-15 4.605585281425453534e-16 9.368908205221385288e+03
4.309906615953559753e-15 4.859783112313207290e-16 9.369668063835324574e+03
8.418120076116694729e-16 4.942782225489525088e-16 9.370427932458444047e+03
8.115240028444816439e-16 4.950091058967690845e-16 9.371187811647030685e+03
9.528043098149236017e-16 4.921560750561637517e-16 9.371947699428514170e+03
1.163934622207512384e-15 4.926854205014109971e-16 9.372707601038284338e+03
1.225229546526186588e-15 4.945767607159283811e-16 9.373467510493446753e+03
1.520125759313092549e-15 4.973087932037434146e-16 9.374227431928426086e+03
1.781056856702641847e-15 5.006286438612896955e-16 9.374987363122636452e+03
1.793174969345731978e-15 5.043758910196045679e-16 9.375747305548196891e+03
1.692492916606075329e-15 5.093127976798426120e-16 9.376507257820474479e+03
9.998123193507141244e-17 5.145503620613734998e-16 9.377267219668818143e+03
1.809715153603499443e-16 5.142879267638137033e-16 9.378027193888483453e+03
1.896513492690804438e-15 5.042089865700106439e-16 9.378787178400752964e+03
3.697504128951957934e-15 4.731447011580755912e-16 9.379547174085590086e+03
4.971387585036879395e-15 4.294605292727624279e-16 9.380307183672020983e+03
8.113521975006835271e-15 3.813043194421277881e-16 9.381067209953103884e+03
8.377421208838135817e-15 3.312466390144433059e-16 9.381827229678616277e+03
8.573485067132677281e-15 2.756070781817962982e-16 9.382587250961343670e+03
6.697349023946256201e-15 2.255544940548923401e-16 9.383347302232399670e+03
4.429416896490871249e-15 2.007380983921491322e-16 9.384107358824134280e+03
4.574244268186770841e-15 1.977193612970202789e-16 9.384867427831288296e+03
5.480371109698007623e-15 1.998697538154747418e-16 9.385627508001703973e+03
5.211919418155124725e-15 1.999781152561394052e-16 9.386387598648094354e+03
5.033125015951799250e-15 1.994489936072092987e-16 9.387147700889036059e+03
4.988584430153644357e-15 2.006129367196054049e-16 9.387907809334505146e+03
5.129175173689898794e-15 1.987154153256076287e-16 9.388667931733562000e+03
5.127114044786135730e-15 1.972083835205921726e-16 9.389428068587760208e+03
4.623181168290867475e-15 1.962996110657984156e-16 9.390188209742418621e+03
4.801848671995633459e-15 1.977543959461215408e-16 9.390948365142423427e+03
4.932668562443547935e-15 2.056885954004982495e-16 9.391708532224805822e+03
4.982796599618958343e-15 2.182565281554417771e-16 9.392468706454232233e+03
5.021952446454754803e-15 2.304347377974045196e-16 9.393228893551044166e+03
5.771047281169068459e-15 2.412215348470464010e-16 9.393989093228341517e+03
6.505034893500944014e-15 2.510274569292643345e-16 9.394749307565391064e+03
5.866263585473898070e-15 2.583780058292267541e-16 9.395509527215548587e+03
5.440889283259456585e-15 2.619520129595627820e-16 9.396269757787522394e+03
5.513377030489034802e-15 2.623005575551131662e-16 9.397029999295815287e+03
5.929586149766876695e-15 2.620006290095297184e-16 9.397790250992500660e+03
5.052493819094803694e-15 2.614731973921307683e-16 9.398550516039704235e+03
5.319704586443983860e-15 2.615447611246333242e-16 9.399310789982322603e+03
5.427748048073175141e-15 2.609460049626747599e-16 9.400071073038219765e+03
4.817079058918070902e-15 2.593102664965961130e-16 9.400831369371910114e+03
4.817532392192827791e-15 2.588785868344223618e-16 9.401591677099906519e+03
4.074695514654753196e-15 2.587740726253915793e-16 9.402351994106775237e+03
5.240390855615241086e-15 2.591436623521956559e-16 9.403112321161874206e+03
5.665154304342085448e-15 2.598347660269670360e-16 9.403872660160221130e+03
5.523899823717656623e-15 2.599751679185162678e-16 9.404633011248899493e+03
5.758410169503583632e-15 2.558125401658375893e-16 9.405393374036972091e+03
5.116901325835232258e-15 2.471439240710407920e-16 9.406153746626845532e+03
5.849524863731594843e-15 2.370329003098969547e-16 9.406914130744837166e+03
5.987345935778764764e-15 2.564966515894814965e-16 9.407674523436755408e+03
4.661275541994211081e-15 3.219099863857468308e-16 9.408434923421082203e+03
3.559543566643720677e-15 2.737869440118185619e-16 9.409195339918045647e+03
3.712646418878307579e-15 2.611281586269768473e-16 9.409955765085622261e+03
4.183231379695896177e-15 2.642877223029067681e-16 9.410716201454084512e+03
5.102858518250209209e-15 2.851097214481683805e-16 9.411476653572506621e+03
7.782008967657296696e-15 3.037008106790160540e-16 9.412237120229041466e+03
7.382480550315459861e-15 3.190136163179820317e-16 9.412997595026754425e+03
6.663381509092070344e-15 3.287075558884876943e-16 9.413758077060292635e+03
6.398032793355202770e-15 3.295821135997106943e-16 9.414518570301628642e+03
5.805977351146604012e-15 3.285685445773284237e-16 9.415279075131125865e+03
5.929141568623139190e-15 3.260273820584061892e-16 9.416039591742250195e+03
5.173440677851585232e-15 3.259923894293825046e-16 9.416800119165542128e+03
6.130811043074795740e-15 3.215553613745223742e-16 9.417560655944933387e+03
4.435633183543313980e-15 3.211087813871869327e-16 9.418321205726053449e+03
4.391610354503160727e-15 3.209936020793124184e-16 9.419081766629893536e+03
4.345580634681374136e-15 3.223670811493715058e-16 9.419842337133988622e+03
2.909577100625033791e-15 3.238746654719126402e-16 9.420602919963543172e+03
3.362153660858042178e-15 3.265949335213312101e-16 9.421363515068456763e+03
3.498440649189130652e-15 3.294758095640944916e-16 9.422124120533557289e+03
4.434245047452661567e-15 3.256070578096379800e-16 9.422884734445249705e+03
4.456449163754552141e-15 3.126728578775392532e-16 9.423645364174413771e+03
4.732666667214448776e-15 2.944938204534857449e-16 9.424406008356954771e+03
6.057057455267099942e-15 2.758658031856862316e-16 9.425166656122983113e+03
4.338288374811432299e-15 2.560170414481012720e-16 9.425927314109685540e+03
5.104255599087420303e-15 2.337367227621344124e-16 9.426687975721586554e+03
5.459547728668002594e-15 2.139704246811830498e-16 9.427448660463371198e+03
3.320118709197181616e-15 2.089181030301940772e-16 9.428209369073301787e+03
-6.895946206268896039e-16 2.258428591317566780e-16 9.428970054698449530e+03
-2.166231880289438347e-16 2.624673909433282321e-16 9.429730773730309011e+03
3.161920594191863085e-15 3.078167250485294789e-16 9.430491525146935601e+03
6.192626620473570188e-15 3.478774573682264152e-16 9.431252256981726532e+03
1.045098214804508009e-14 3.803024894079576052e-16 9.432012995201621379e+03
1.465575681325548964e-14 4.043419235252498577e-16 9.432773770570958732e+03
1.187117931913085345e-14 4.214719354514860699e-16 9.433534556199703729e+03
7.978751058213250892e-15 4.312777770500132636e-16 9.434295328914347920e+03
6.362531243165166571e-15 4.329850283131685388e-16 9.435056127003272195e+03
5.654084147296184579e-15 4.325371651500793982e-16 9.435816940794269613e+03
5.616132125253968662e-15 4.333563303052566548e-16 9.436577757554308846e+03
4.046064563168686313e-15 4.427570851735192769e-16 9.437338587253894730e+03
4.620291293914246310e-15 4.612840767797719941e-16 9.438099431073274900e+03
5.465783963670792565e-15 4.628134768979118593e-16 9.438860285406963158e+03
4.366071136134240932e-15 4.537529860301046105e-16 9.439621152118590544e+03
4.679201438162763980e-15 4.528088102538281970e-16 9.440382027351442957e+03
5.046129236793947752e-15 4.546867927938883399e-16 9.441142918065283084e+03
3.673844658301816472e-15 4.556648319247202369e-16 9.441903816480738897e+03
5.983605190346128001e-15 4.497392380824248084e-16 9.442664728622614348e+03
6.980559454487728001e-15 4.284816122583336631e-16 9.443425651717243454e+03
6.765953777502208746e-15 3.957123992852691297e-16 9.444186587561807755e+03
5.516771691853866119e-15 3.574174715046716239e-16 9.444947541362334960e+03
5.672406658342394997e-15 3.177889543739590228e-16 9.445708495609862439e+03
5.558823620460551206e-15 2.766761300308526438e-16 9.446469448416894011e+03
6.912468674996478061e-15 2.373581924509586922e-16 9.447230434196333590e+03
3.119787157102971311e-15 2.241240508996617361e-16 9.447991424969219224e+03
2.642591733512063869e-15 2.409847293380059335e-16 9.448752424677099043e+03
3.467919209335760480e-15 2.680016365024093760e-16 9.449513437482579320e+03
4.487887059318137208e-15 2.903783485306133435e-16 9.450274465638316542e+03
6.311966852599869067e-15 3.087024069926141098e-16 9.451035510676501872e+03
8.048104443753988630e-15 3.260584091344583215e-16 9.451796564802287321e+03
7.337959199713185923e-15 3.369389624535680887e-16 9.452557626154626632e+03
5.779836029074619207e-15 3.405389132724519636e-16 9.453318697943504958e+03
4.269941188445382251e-15 3.390991389847743585e-16 9.454079782539107327e+03
5.747749657055159786e-15 3.356269758854320198e-16 9.454840878727529343e+03
4.833422183043528673e-15 3.354990808216963496e-16 9.455601986078745540e+03
3.495903497171637072e-15 3.350391914991339241e-16 9.456363107209879672e+03
4.243306977382708286e-15 3.350861326105170896e-16 9.457124239315686282e+03
4.276117797239945451e-15 3.340363962412579505e-16 9.457885382161912275e+03
3.730552099381033170e-15 3.353727035933075436e-16 9.458646537452870689e+03
4.128317449221428664e-15 3.381469292720024676e-16 9.459407704269891838e+03
4.370481935206966749e-15 3.405171681577082206e-16 9.460168882731137273e+03
4.493889879994082914e-15 3.458231034445814565e-16 9.460930072707171348e+03
5.044313467870744002e-15 3.391942556936027152e-16 9.461691273555832595e+03
6.414163545843272817e-15 3.252489241904401301e-16 9.462452488102746429e+03
5.751110078222313458e-15 3.044325609553779360e-16 9.463213716971342365e+03
5.345348720393689918e-15 2.811797413791343241e-16 9.463974958296108525e+03
5.180127254054849702e-15 2.572769189148715094e-16 9.464736199552269682e+03
5.203092727579845157e-15 2.331310038357713380e-16 9.465497449373706331e+03
4.084861327649831542e-15 2.198952192643668251e-16 9.466258725630514164e+03
1.476878172170883269e-15 2.394137872527053075e-16 9.467020009308465887e+03
2.593144201427598623e-15 2.816207423122114083e-16 9.467781298291316489e+03
4.181460512192124368e-15 3.226375984970554891e-16 9.468542607652507286e+03
6.818980499827555923e-15 3.552890959531265613e-16 9.469303935123156407e+03
9.841017951466558974e-15 3.835220988681679959e-16 9.470065271664743705e+03
9.227933971729318909e-15 4.066867020953672683e-16 9.470826614546756900e+03
5.553819469111783725e-15 4.198771103914500955e-16 9.471587971580982412e+03
5.573960422319148785e-15 4.241148372546991356e-16 9.472349338552790869e+03
4.801178318620532303e-15 4.266904030599682927e-16 9.473110718294123217e+03
3.954015276585458532e-15 4.296529060075821164e-16 9.473872108132254652e+03
3.124190596041264722e-15 4.320808615796924887e-16 9.474633511965916114e+03
3.902409396676099423e-15 4.322064665027443992e-16 9.475394925243286707e+03
4.069432155416083844e-15 4.338654653481619024e-16 9.476156354141385236e+03
4.313945972722468394e-15 4.355711963610931881e-16 9.476917792323783942e+03
4.636460743783723480e-15 4.391200974491678803e-16 9.477679243850765488e+03
4.803924041035670469e-15 4.373125916503372727e-16 9.478440707386565919e+03
5.293268619908393110e-15 4.341245490043777749e-16 9.479202181614426081e+03
6.206541686538310876e-15 4.293659028961474692e-16 9.479963669021324677e+03
7.963103517963425924e-15 4.117032219811493463e-16 9.480725168217935789e+03
6.603868262254438328e-15 3.809712399293166129e-16 9.481486680695361429e+03
5.967920123703979758e-15 3.465798590374373753e-16 9.482248211358584740e+03
6.327304848909062167e-15 3.107851843239151888e-16 9.483009747568627063e+03
5.623138491024531892e-15 2.739080259640167292e-16 9.483771281910847392e+03
5.178385319203044765e-15 2.370058957327051802e-16 9.484532835423378856e+03
4.527754912921333533e-15 2.083623283496577472e-16 9.485294406793374947e+03
4.186982362124735729e-15 1.995175814488379403e-16 9.486055988274996707e+03
4.260902689624109143e-15 1.978214220488964420e-16 9.486817586244917038e+03
4.124664598587058033e-15 1.985897797652654680e-16 9.487579194765035936e+03
4.081249657605579829e-15 2.026758333399271334e-16 9.488340812304881183e+03
4.250507798299638835e-15 2.011002922309655708e-16 9.489102442506751686e+03
3.883668388310041180e-15 2.013848547156711785e-16 9.489864086849513114e+03
3.823595266030450458e-15 2.024122640060295953e-16 9.490625744410952393e+03
3.902803431912006754e-15 2.039789414093398021e-16 9.491387412885464073e+03
3.574946574632176313e-15 2.082403933482113592e-16 9.492149091926072288e+03
1.787674002070875628e-15 2.235514793187792477e-16 9.492910785393059996e+03
2.863651591414601162e-15 2.507958369269839250e-16 9.493672488135733147e+03
2.933607382762360183e-15 2.815871908172500068e-16 9.494434202989808909e+03
3.563433813714076760e-15 3.066062829002526359e-16 9.495195938749064226e+03
4.782694317725884040e-15 3.179256785988948869e-16 9.495957687162819639e+03
4.885188068026614314e-15 3.280196114576877733e-16 9.496719438594751409e+03
3.107690050765563681e-15 3.342244502596670496e-16 9.497481203007660952e+03
2.107540428181639175e-15 3.331286087643513575e-16 9.498242982778538135e+03
2.763177770118249533e-15 3.290746244910330046e-16 9.499004774474149599e+03
2.657797368490811662e-15 3.254711868191972858e-16 9.499766577920832788e+03
3.205764659776530497e-15 3.236095669418274402e-16 9.500528391882402502e+03
2.678068409463695319e-15 3.211836036537912307e-16 9.501290218876058134e+03
2.876714093247421067e-15 3.203938377103636295e-16 9.502052059517720409e+03
3.547832485539679716e-15 3.205608882305236201e-16 9.502813911350815033e+03
4.165354981934043596e-15 3.223350749075114596e-16 9.503575774460838147e+03
3.872542434585896112e-15 3.248503006355641671e-16 9.504337651653931971e+03
5.182120191155330034e-15 3.287192779461417412e-16 9.505099541860923637e+03
5.385069142902632549e-15 3.321087460202704571e-16 9.505861441492859740e+03
4.112558005756005912e-15 3.286045399792043703e-16 9.506623355129802803e+03
3.864407750372265459e-15 3.129889458278329772e-16 9.507385282158622431e+03
3.413833432018014932e-15 2.947180337506886200e-16 9.508147224007811019e+03
3.575977307440075238e-15 2.783956872039639069e-16 9.508909178739346316e+03
2.724658459010465368e-15 2.663948398004183311e-16 9.509671125548888085e+03
4.967478513543465646e-15 2.634165364923849395e-16 9.510433098922811041e+03
5.317877495345362517e-15 2.657758814700164656e-16 9.511195088753129312e+03
5.686436997529366442e-15 2.755556198601862716e-16 9.511957092341088355e+03
6.915295006391600619e-15 2.875758086767294614e-16 9.512719111645194062e+03
5.925088620273893745e-15 2.975135434617702224e-16 9.513481135420963255e+03
4.687460139762260025e-15 3.031816854202845507e-16 9.514243174013236057e+03
4.359896649989967580e-15 3.016901420669213795e-16 9.515005224688649832e+03
4.435128733497502564e-15 3.000190614781096949e-16 9.515767287198115810e+03
3.914226275685039300e-15 2.989567070760058822e-16 9.516529365678383328e+03
3.350319157310613559e-15 2.983087925291442988e-16 9.517291454136073298e+03
3.713587304381484292e-15 3.005447716140303441e-16 9.518053552513207251e+03
4.141722076188296088e-15 3.008408880321169644e-16 9.518815664752240991e+03
3.559489548205518801e-15 3.028681383560342543e-16 9.519577792102685635e+03
4.027161576295036127e-15 3.049774710293704348e-16 9.520339929276875409e+03
4.230715148690191456e-15 3.078134585198719534e-16 9.521102078995332704e+03
4.657215045417595036e-15 3.111773043536900587e-16 9.521864243881591392e+03
3.911763770458895768e-15 3.126137475067054964e-16 9.522626419340851498e+03
5.287074488906530044e-15 3.148564816808295745e-16 9.523388608191853564e+03
4.674885770722462971e-15 2.961690896125283406e-16 9.524150811297022301e+03
4.949565297298546362e-15 2.789096144059183190e-16 9.524913026990037906e+03
5.076430954334512366e-15 2.634609449618390243e-16 9.525675258095376194e+03
4.522443655126443668e-15 2.482875867535935949e-16 9.526437483605528541e+03
4.206200888682071612e-15 2.334759130159895259e-16 9.527199736586157087e+03
4.901060340076876808e-15 2.237116678648003795e-16 9.527962001791194780e+03
4.367064513365865547e-15 2.204671011220833844e-16 9.528724276637160074e+03
3.988139809300329474e-15 2.206717390566771483e-16 9.529486567091675170e+03
4.625862018511503312e-15 2.214519277840983719e-16 9.530248870650371828e+03
4.760269130780874182e-15 2.224092512143181802e-16 9.531011186518073373e+03
4.747708499620534500e-15 2.231953992775634983e-16 9.531773513581931184e+03
4.287463610277422459e-15 2.235090773206970691e-16 9.532535855108233591e+03
4.284726069661791296e-15 2.230673137945307883e-16 9.533298209214925009e+03
4.541092057979854447e-15 2.225296170486832185e-16 9.534060577261165236e+03
4.098656369781648910e-15 2.219959395811189758e-16 9.534822957165908520e+03
4.447642938538403338e-15 2.217597673398614293e-16 9.535585346343928904e+03
4.721361266703663883e-15 2.217916728417745744e-16 9.536347749032202046e+03
4.318885286029403840e-15 2.218347234441488008e-16 9.537110167267208453e+03
4.329413557346790618e-15 2.205186497583636250e-16 9.537872598811409262e+03
4.263177260260438961e-15 2.210984551008383546e-16 9.538635040609467978e+03
3.922779735326101158e-15 2.210901307894882326e-16 9.539397496104422316e+03
3.557668999968058496e-15 2.204763935377527518e-16 9.540159965387978446e+03
4.581137329164640295e-15 2.202551670997499834e-16 9.540922446802993363e+03
4.108378487819404840e-15 2.190903845422199304e-16 9.541684942580915958e+03
4.133946655829405065e-15 2.207109860606074004e-16 9.542447450815650882e+03
3.276391468443985382e-15 2.321206531257501513e-16 9.543209971936910733e+03
3.875943917281289213e-15 2.488856166326361319e-16 9.543972493821376702e+03
2.851197740474867717e-15 2.639955344317950918e-16 9.544735049198019624e+03
5.071772671417685882e-15 2.783221581784503162e-16 9.545497611774309917e+03
5.499290293725251475e-15 2.919036936681560713e-16 9.546260186483488724e+03
6.332411220476969424e-15 3.031703225787147549e-16 9.547022772460251872e+03
5.388064675036917289e-15 3.102426443580014335e-16 9.547785368750475754e+03
5.186269126024002120e-15 3.129065464030592016e-16 9.548547980808576540e+03
5.441082536150561511e-15 3.153006639113947236e-16 9.549310604941709244e+03
4.743023188721877035e-15 3.176313854335734776e-16 9.550073242902664788e+03
4.120744633605613344e-15 3.201280167243732219e-16 9.550835890850041324e+03
4.759051147574003124e-15 3.243486600484204594e-16 9.551598551838413186e+03
4.645933350794066923e-15 3.287294655682424111e-16 9.552361228857636888e+03
3.683046988528859127e-15 3.330537900241319121e-16 9.553123918732511811e+03
4.023006473196224291e-15 3.360106768877154887e-16 9.553886621878671576e+03
3.686309655016116234e-15 3.390706374174025054e-16 9.554649336872778804e+03
3.958142009313888715e-15 3.408161472671747421e-16 9.555412063322706672e+03
5.419071561259099740e-15 3.386814727992087726e-16 9.556174803046165835e+03
6.060999029394244612e-15 3.321014318554027241e-16 9.556937558304854974e+03
3.425975455908092239e-15 3.272728525175917167e-16 9.557700327851187467e+03
2.911998192483139988e-15 3.365018042718285461e-16 9.558463107342156945e+03
2.174662106466437336e-15 3.511017985749303153e-16 9.559225892317228499e+03
3.380861134244841273e-15 3.627487423674180777e-16 9.559988699349574745e+03
3.238077333854803956e-15 3.754254617220772893e-16 9.560751526236144855e+03
5.044070113027856333e-15 3.902787345646114793e-16 9.561514361753774210e+03
3.670090405332939111e-15 4.055179439288331953e-16 9.562277205849248276e+03
4.177652594068103505e-15 4.145187627220066147e-16 9.563040066926527288e+03
4.017219297951440597e-15 4.163855290143029297e-16 9.563802938458298740e+03
4.049871606233256409e-15 4.179996400814809044e-16 9.564565824095336211e+03
5.944535612144484604e-15 4.191615876519467898e-16 9.565328723536591497e+03
3.436647925946461825e-15 4.211847976808558255e-16 9.566091632209136151e+03
4.143550435177840774e-15 4.209431918174299762e-16 9.566854559600335051e+03
3.357953751574538540e-15 4.230057676171725350e-16 9.567617497495080897e+03
2.844193409124154511e-15 4.246842270421444979e-16 9.568380450220560306e+03
3.214168930348424202e-15 4.262568550569189003e-16 9.569143415263337374e+03
1.527364151540168556e-15 4.277143825264562766e-16 9.569906391735348734e+03
2.779824142722866143e-15 4.289611588217601731e-16 9.570669382138463334e+03
4.107819762009970061e-15 4.215596428857516081e-16 9.571432387342028960e+03
5.276644237174268402e-15 4.021715003613911942e-16 9.572195405852171461e+03
5.567155265359763555e-15 3.737112821281719685e-16 9.572958440507271007e+03
7.024735088463461395e-15 3.440741590170875738e-16 9.573721487008053373e+03
6.881253759798743891e-15 3.135246681881704648e-16 9.574484538784636243e+03
6.049147585398673473e-15 2.813985871368698274e-16 9.575247603509389592e+03
5.095874281265079402e-15 2.533207440433525281e-16 9.576010686678620914e+03
5.507715647318968140e-15 2.370723494613005406e-16 9.576773780242932844e+03
5.094533442866875684e-15 2.328636977745436875e-16 9.577536891992926030e+03
4.904621591333784049e-15 2.319155093431462401e-16 9.578300017944096908e+03
5.042591664145565286e-15 2.302304833654503828e-16 9.579063156617259665e+03
5.744658604398053379e-15 2.292921134807622054e-16 9.579826309643050990e+03
5.142244127744266993e-15 2.283877972959405689e-16 9.580589472760837452e+03
4.614060340800177722e-15 2.264538834317729710e-16 9.581352650892084057e+03
4.812015622977671887e-15 2.254071486845007992e-16 9.582115843556421169e+03
4.046597043448690498e-15 2.239832313510835053e-16 9.582879045919955388e+03
4.479730625525466371e-15 2.243409943565444821e-16 9.583642266054181164e+03
5.051723116066493604e-15 2.280674017840173198e-16 9.584405499022817821e+03
4.284085610926308641e-15 2.240966708755421651e-16 9.585168743235608417e+03
4.446325350773472459e-15 2.262724860044549862e-16 9.585932005179503903e+03
4.998862890356608922e-15 2.274692390976096996e-16 9.586695276707981975e+03
3.487594316288606605e-15 2.289871353197913650e-16 9.587458561354111225e+03
4.544821831406804078e-15 2.299928854799091910e-16 9.588221862461876299e+03
3.548308943338666485e-15 2.318743754683066947e-16 9.588985176398313342e+03
4.736447639289216122e-15 2.333066461430178405e-16 9.589748502518803434e+03
4.195609272007012506e-15 2.345139122549553719e-16 9.590511841793977510e+03
5.495783861966991171e-15 2.346722116775391631e-16 9.591275194641180860e+03
6.675789261741520583e-15 2.358114710537728824e-16 9.592038559780445212e+03
6.709397617545801025e-15 2.335624138354010976e-16 9.592801942175945442e+03
6.145786694550116397e-15 2.328830838034813048e-16 9.593565338929980499e+03
7.128752470566791110e-15 2.315926304517179774e-16 9.594328745214883384e+03
6.664089972777810174e-15 2.301881398007020713e-16 9.595092166730340978e+03
6.434437102132434814e-15 2.279599555165238046e-16 9.595855602074047056e+03
6.353250896911268255e-15 2.252772639482023220e-16 9.596619051053141447e+03
6.830676305812394863e-15 2.229059021704173704e-16 9.597382514317017922e+03
6.462104138228248257e-15 2.231010991498177965e-16 9.598145990978460759e+03
8.600213878749065660e-15 2.307388858061221994e-16 9.598909481015860365e+03
8.904250260915580596e-15 2.318388471186932315e-16 9.599511292456352749e+03
8.971412088296822475e-15 2.098486060752108838e-16 9.599799523571149621e+03
