1.077305559737083714e-12 6.605206198384661375e-13 3.279675400833496951e+03
-1.206160801879968921e-12 4.366243970850667930e-13 3.280385569720617241e+03
-1.076815404408766410e-13 2.043178309833620524e-13 3.281095749378241635e+03
6.069438681304714566e-13 1.200566754059904021e-13 3.281805939806363313e+03
-1.872161650397786698e-13 9.301442945801399568e-14 3.282516141004977271e+03
-2.450677754768378797e-13 7.344355183920518644e-14 3.283226352974075780e+03
8.496955027054200140e-14 6.319669736338616933e-14 3.283936575713654292e+03
1.051513426689886914e-13 5.335618942603204765e-14 3.284646809223705077e+03
3.323608009874432382e-14 4.806710102302823373e-14 3.285357053504223131e+03
-7.178978285645987690e-14 4.258960708764006065e-14 3.286067308555202089e+03
-5.074192490296654997e-14 3.896811153386133626e-14 3.286777574376634675e+03
1.147797428339311542e-14 3.529701861703156261e-14 3.287487850968516796e+03
8.474310508794809851e-14 3.275309134623296164e-14 3.288198138330840720e+03
5.092626859611219700e-14 3.030564687495958299e-14 3.288908436463600992e+03
-1.151714313462399601e-14 2.835920891851788397e-14 3.289618745366791700e+03
-2.189060888896982768e-14 2.667526007842629298e-14 3.290329065040405112e+03
-3.020316350513183843e-14 2.501299592134743668e-14 3.291039395484437591e+03
4.621643275777403901e-14 2.352829694220477699e-14 3.291749736698881406e+03
-1.404042516534734111e-14 2.242324961554589187e-14 3.292460088683729737e+03
-3.974157072110040188e-14 2.116823359034808386e-14 3.293170451438978944e+03
4.319874892493238073e-14 2.026436403149334708e-14 3.293880824964621752e+03
4.432988059968505666e-14 1.929744104242115026e-14 3.294591209260651340e+03
-2.041742266174492865e-14 1.881259674199357481e-14 3.295301604327061796e+03
-2.381848913314206965e-14 1.803641375093641425e-14 3.296012010163848572e+03
-1.038108887657691504e-14 1.702440875456320013e-14 3.296722426771004393e+03
8.344384321196842537e-15 1.634418002247269522e-14 3.297432854148522893e+03
-1.037587539799639756e-14 1.583454793567197980e-14 3.298143292296398613e+03
2.190290035443056483e-14 1.542828589084243209e-14 3.298853741214626552e+03
3.841995776035571634e-14 1.469117248167237447e-14 3.299564200903198980e+03
-2.518052372554437330e-14 1.416782897942532341e-14 3.300274671362109984e+03
4.743540697132350622e-15 1.367955386933104722e-14 3.300985152591355472e+03
-2.765080122190267427e-14 1.319134907620057159e-14 3.301695644590927259e+03
3.761072558575383360e-14 1.289658892064072957e-14 3.302406147360819887e+03
-2.163027544513366631e-14 1.239170236542181985e-14 3.303116660901028808e+03
-3.219393139053449453e-14 1.202335252938160046e-14 3.303827185211546748e+03
-1.219079763845030449e-15 1.166719412113888896e-14 3.304537720292367339e+03
2.754735520781837804e-14 1.145895679982112985e-14 3.305248266143485580e+03
1.188856572499289612e-15 1.105099243045540199e-14 3.305958822764894649e+03
-1.179250482828513920e-14 1.077555102074561274e-14 3.306669390156590453e+03
-2.541415462158002978e-15 1.056513189647295893e-14 3.307379968318565261e+03
1.672753734653847059e-14 1.037081643948731517e-14 3.308090557250812708e+03
-6.751509974255326286e-15 1.009142586251995141e-14 3.308801156953328700e+03
3.568404234371059373e-14 9.885776971765802847e-15 3.309511767426106417e+03
2.825456584654099667e-15 9.604937439658173062e-15 3.310222388669139036e+03
-2.837109986271110419e-14 9.525322505401514696e-15 3.310933020682422921e+03
2.774842406187150764e-14 9.691760510028876490e-15 3.311643663465950340e+03
-1.638992978593547160e-14 8.999120901285011834e-15 3.312354317019715381e+03
2.354259903917828675e-14 8.766024089748059575e-15 3.313064981343713043e+03
-4.053216542787635500e-15 8.621630771824203269e-15 3.313775656437937414e+03
5.877695824135191511e-15 8.478877760242004227e-15 3.314486342302382127e+03
-1.100298590992932367e-14 8.277030263101701949e-15 3.315197038937041725e+03
1.259525989924649850e-14 8.081517594051580204e-15 3.315907746341910297e+03
3.781370208307245814e-15 7.969496232465981276e-15 3.316618464516981476e+03
-2.301928372208722984e-16 7.813856736366606188e-15 3.317329193462250714e+03
-5.911781872876532825e-15 7.754536936386956056e-15 3.318039933177710736e+03
-2.420820422048729046e-15 7.577918362335880429e-15 3.318750683663356540e+03
-1.791988505268970753e-14 7.454108617745062600e-15 3.319461444919181304e+03
1.662763942580710474e-14 7.296280094592171030e-15 3.320172216945180480e+03
-2.766910680032563000e-16 7.178260186584940656e-15 3.320882999741347703e+03
8.373694381235624977e-15 7.046242840801931710e-15 3.321593793307677515e+03
-1.712466242208751256e-14 6.963215233047008817e-15 3.322304597644163550e+03
-1.521624726316066035e-14 6.875915113659441339e-15 3.323015412750799896e+03
1.160105476208520567e-14 6.722788699865365866e-15 3.323726238627582461e+03
-7.085018284897570764e-15 6.620596629245068155e-15 3.324437075274502604e+03
-5.621345971615501601e-15 6.533741918760371346e-15 3.325147922691558051e+03
-6.112023129162890484e-15 6.455797463402927596e-15 3.325858780878739708e+03
-2.524823939566158801e-15 6.367804827903808601e-15 3.326569649836044846e+03
4.609650074585222712e-15 6.279167969171779868e-15 3.327280529563465279e+03
-8.588500251260989209e-15 6.172880099348050062e-15 3.327991420060996461e+03
7.967971293906606979e-15 6.060644559121653648e-15 3.328702321328632024e+03
-1.278041100233518956e-14 6.030440264956324895e-15 3.329413233366367422e+03
1.904890711418207141e-14 5.893994493678665213e-15 3.330124156174195377e+03
9.810021990630947165e-15 5.859052844448049704e-15 3.330835089752111344e+03
-6.934419862347727761e-15 5.787736510054234471e-15 3.331546034100109864e+03
3.094919131135310044e-15 5.669143248673298328e-15 3.332256989218184572e+03
-6.214169422584139377e-15 5.576318014077590684e-15 3.332967955106329100e+03
2.631009563291664329e-15 5.537446286017205331e-15 3.333678931764538902e+03
3.032693582560863111e-15 5.409856177558356192e-15 3.334389919192808065e+03
-1.025186853948071194e-14 5.343994536050497925e-15 3.335100917391130679e+03
1.101156812435628986e-16 5.258101913882268148e-15 3.335811926359501740e+03
-9.198197617141642076e-15 5.208329283111327463e-15 3.336522946097914428e+03
2.237469346401517666e-15 5.142318352066185872e-15 3.337233976606365104e+03
-1.532328913381227516e-14 5.033985644744598763e-15 3.337945017884845583e+03
7.599650288948907817e-15 4.965150981144737014e-15 3.338656069933351318e+03
-1.087437021000456356e-14 4.912709190399010044e-15 3.339367132751876852e+03
1.580188979643383449e-14 4.910257988172970342e-15 3.340078206340417637e+03
3.047013512266264797e-14 4.867994042270905432e-15 3.340789290698965488e+03
-1.043882885069905567e-14 4.816666758478040423e-15 3.341500385827517675e+03
-2.990095687120788943e-16 4.765655067663750876e-15 3.342211491726066924e+03
3.502806186074432214e-15 4.720496798548272561e-15 3.342922608394607778e+03
-1.683456252005536295e-15 4.695417052894503246e-15 3.343633735833134779e+03
-1.118082482456496060e-14 4.644117744528256277e-15 3.344344874041641560e+03
3.970438723717711447e-15 4.592711654011111712e-15 3.345056023020124940e+03
1.074917745553883354e-14 4.551634862503172483e-15 3.345767182768577186e+03
-9.403347202147820303e-15 4.493702607371403400e-15 3.346478353286993297e+03
1.079112711094216775e-14 4.473058308176880585e-15 3.347189534575367361e+03
-2.527100244722730221e-16 4.370862411995293252e-15 3.347900726633694831e+03
-4.548078888231164548e-15 4.351770853892137110e-15 3.348611929461969794e+03
3.438863131071125455e-15 4.295329019597203384e-15 3.349323143060186339e+03
7.441374181319319081e-15 4.233874879945554611e-15 3.350034367428339465e+03
-4.834461734338533577e-15 4.161949853815689178e-15 3.350745602566423258e+03
-1.084867518894056245e-14 4.122950043793257053e-15 3.351456848474431354e+03
3.781348922958833746e-16 4.089794141776213202e-15 3.352168105152360113e+03
1.753719234210190260e-15 4.042030259782910096e-15 3.352879372600203169e+03
-4.749007649523952481e-16 4.030682232830555049e-15 3.353590650817955066e+03
2.894732597812675600e-15 3.995173125567101872e-15 3.354301939805609436e+03
5.905118533523496405e-15 4.119462673506040623e-15 3.355013239563162642e+03
7.567641697674819595e-15 3.954204330574421147e-15 3.355724550090607863e+03
5.743300874604375116e-15 3.902185964047294604e-15 3.356435871387939642e+03
-3.419069570190297546e-15 3.876102645601059482e-15 3.357147203455152976e+03
-1.619541898362808586e-14 3.850704283014549172e-15 3.357858546292242409e+03
-5.547193937400536274e-15 3.849466869583826553e-15 3.358569899899202937e+03
1.021843727482503789e-14 3.782320914010046744e-15 3.359281264276028196e+03
2.590441727140801286e-15 3.761249862635944948e-15 3.359992639422712273e+03
8.447193893728505310e-15 3.754430509201514654e-15 3.360704025339252439e+03
-5.450001494755929923e-15 3.726955829083361852e-15 3.361415422025639600e+03
-2.572193169542031055e-15 3.700438313000218813e-15 3.362126829481871482e+03
-7.619460230679178594e-15 3.649367238860725581e-15 3.362838247707940354e+03
3.123859956621040381e-15 3.652702478570494819e-15 3.363549676703842579e+03
1.034951041110355285e-14 3.639222056750470933e-15 3.364261116469571789e+03
-1.126689073830195503e-14 3.667070015330399248e-15 3.364972567005122073e+03
-1.235770371540102508e-15 3.599822186322244266e-15 3.365684028310490248e+03
2.463005824161820422e-15 3.591783226702648556e-15 3.366395500385668129e+03
9.411953786048267102e-15 3.574689950839253854e-15 3.367106983230652986e+03
2.053583328717638288e-15 3.576068981267886369e-15 3.367818476845437544e+03
-2.233738492047641283e-15 3.551595774472328512e-15 3.368529981230017711e+03
2.526480469764278402e-15 3.517915091672107712e-15 3.369241496384386664e+03
-1.754547682148881468e-15 3.513037955734303246e-15 3.369953022308540312e+03
5.801152288755307247e-15 3.486050647089750320e-15 3.370664559002473197e+03
2.721383921911223942e-15 3.468166784576762611e-15 3.371376106466179408e+03
5.994423145112453616e-16 3.485376522724548154e-15 3.372087664699654397e+03
1.173001049201375578e-14 3.455940736048225524e-15 3.372799233702891797e+03
-4.635373882481224237e-15 3.419391412111610127e-15 3.373510813475887517e+03
-1.623030279458166762e-15 3.457776487658401883e-15 3.374222404018635643e+03
-1.824331596513579839e-15 3.373616772755933270e-15 3.374934005331130720e+03
-2.364497380708407094e-15 3.361106900277426275e-15 3.375645617413367745e+03
-2.446040019965799527e-15 3.317835109664407116e-15 3.376357240265340351e+03
2.819404619853878483e-15 3.383524625623861733e-15 3.377068873887045811e+03
9.201021939472679830e-15 3.269271139387300968e-15 3.377780518278476393e+03
1.630945078080978164e-16 3.190125782885408252e-15 3.378492173439627550e+03
7.195802147207661467e-15 3.183504551787798753e-15 3.379203839370494279e+03
2.383905823239318942e-15 3.149153425003457261e-15 3.379915516071071579e+03
6.571502388704938051e-15 3.139861746519712319e-15 3.380627203541353992e+03
-1.817947633091244464e-15 3.124074385519843459e-15 3.381338901781335153e+03
-7.401748923716476191e-15 3.068968517995362959e-15 3.382050610791011877e+03
6.370232612154834008e-15 3.123799365574510942e-15 3.382762330570377344e+03
1.043753899318575775e-15 3.035744904126042111e-15 3.383474061119426551e+03
-3.868704923328075410e-15 3.013916775458972747e-15 3.384185802438155406e+03
3.333642674671842326e-15 2.978934159793204168e-15 3.384897554526557542e+03
1.047117114198229928e-14 2.952851739213625123e-15 3.385609317384627502e+03
4.696821599988027629e-15 2.928482960757593683e-15 3.386321091012361194e+03
4.074567035390622624e-16 2.900557340647871373e-15 3.387032875409752705e+03
4.152477086453450690e-15 2.883262753191706506e-15 3.387744670576797944e+03
1.161180824282950993e-15 2.852517086380169924e-15 3.388456476513489633e+03
1.979239582072260160e-15 2.835162989603408422e-15 3.389168293219823681e+03
-6.265927952150804026e-15 2.790890933066550935e-15 3.389880120695795995e+03
2.648163949028020913e-15 2.784781290211973656e-15 3.390591958941400208e+03
1.251635088673180191e-15 2.740508963780140426e-15 3.391303807956631317e+03
-2.164806710394133021e-15 2.724080538991611118e-15 3.392015667741483412e+03
5.556684926932987785e-15 2.697209301572670368e-15 3.392727538295952854e+03
-6.711469768900411731e-15 2.691239714820887531e-15 3.393439419620034641e+03
1.766312132725220490e-15 2.653107847629124527e-15 3.394151311713721952e+03
-3.776084462150270353e-15 2.628136512045942689e-15 3.394863214577010694e+03
3.934461552625415232e-15 2.615078840826992171e-15 3.395575128209896320e+03
5.786517898427155752e-17 2.603391528579581795e-15 3.396287052612371554e+03
1.227203550255197099e-16 2.573157776468866295e-15 3.396998987784433666e+03
-3.105303953423115831e-15 2.563734796413164512e-15 3.397710933726076746e+03
-4.133697054096373871e-15 2.528821149074744778e-15 3.398422890437294882e+03
5.201301791669241513e-15 2.523829078434643189e-15 3.399134857918083981e+03
-1.006142748238136645e-16 2.505486329466878219e-15 3.399846836168439040e+03
-5.434483997694266835e-15 2.491856035946705810e-15 3.400558825188353694e+03
6.748853104546129900e-15 2.501368822038253751e-15 3.401270824977825214e+03
-3.223751646331252154e-15 2.496379943344442625e-15 3.401982835536845869e+03
2.555371101229521907e-15 2.439237318669817871e-15 3.402694856865411566e+03
-2.664377554577116285e-15 2.416533924633622158e-15 3.403406888963519123e+03
-2.900422815489699004e-15 2.417034935193115172e-15 3.404118931831160808e+03
-3.861951699434994040e-17 2.403832460286265597e-15 3.404830985468332983e+03
2.546505825806280531e-15 2.400902888414387112e-15 3.405543049875028828e+03
-4.481071252544891147e-15 2.372261170323348368e-15 3.406255125051246523e+03
2.337214879377316073e-15 2.364777031255356447e-15 3.406967210996978793e+03
1.104827836777767118e-15 2.340690021353271728e-15 3.407679307712220634e+03
7.292346995501462122e-16 2.334191408270867297e-15 3.408391415196966591e+03
-3.606945894575194377e-15 2.323913411016377962e-15 3.409103533451214389e+03
-5.619821321967107138e-16 2.296507627596543905e-15 3.409815662474957207e+03
3.479353928588088181e-15 2.287311412290042529e-15 3.410527802268188680e+03
1.732675083606753985e-15 2.267814505645917773e-15 3.411239952830906077e+03
-5.055164947251509193e-17 2.246831161959498989e-15 3.411952114163103033e+03
-1.891762893164248561e-15 2.243680052707200032e-15 3.412664286264774546e+03
5.808250947463091456e-16 2.231511823354029409e-15 3.413376469135916523e+03
-1.665221617198149251e-15 2.224764808132676511e-15 3.414088662776523961e+03
1.790636084135563221e-15 2.223083213518424595e-15 3.414800867186591859e+03
5.306095287792525045e-15 2.200269517202255736e-15 3.415513082366114304e+03
2.964475658911483965e-15 2.211376630810078373e-15 3.416225308315087204e+03
3.112868203568217124e-16 2.381206525347434979e-15 3.416937545033505558e+03
-2.280471492352935703e-15 2.176291974784746037e-15 3.417649792521363452e+03
7.081138642955717424e-15 2.171643239347311998e-15 3.418362050778657704e+03
3.575774251211213234e-15 2.156704132271936531e-15 3.419074319805381492e+03
3.524790269909213727e-15 2.160352444575059212e-15 3.419786599601531634e+03
-3.850844142329854256e-15 2.136945509207281332e-15 3.420498890167102218e+03
1.066994113932166972e-15 2.127782554234089000e-15 3.421211191502087786e+03
3.301409280185778980e-15 2.122360746631878987e-15 3.421923503606485156e+03
4.762058959316643824e-15 2.114509292262835130e-15 3.422635826480287506e+03
1.936941701481493958e-16 2.101277844896163908e-15 3.423348160123491652e+03
3.066353818080305727e-16 2.090871874362771227e-15 3.424060504536091230e+03
2.920440740388933715e-15 2.080283573846720559e-15 3.424772859718082145e+03
7.107002131888683015e-16 2.066590455388861329e-15 3.425485225669459851e+03
1.735991640609436005e-15 2.079855670530619230e-15 3.426197602390218890e+03
-8.980827729457323305e-16 2.144452492306221755e-15 3.426909989880354715e+03
3.450047300541759511e-15 2.055083647701032121e-15 3.427622388139861414e+03
-2.407308698590216718e-15 2.020361439392785061e-15 3.428334797168736259e+03
3.790675613834941090e-15 2.031131825228437157e-15 3.429047216966972428e+03
5.218968283672332102e-15 2.026845913394465060e-15 3.429759647534566284e+03
1.126456670626928247e-15 2.018870732260641332e-15 3.430472088871511914e+03
4.455101841473579370e-15 2.019819123357475152e-15 3.431184540977805227e+03
-1.313046894856918652e-15 2.014065724703904597e-15 3.431897003853441220e+03
1.865849766235446680e-15 1.991599626945683936e-15 3.432609477498415799e+03
4.094970067175062618e-15 2.013099460689335070e-15 3.433321961912722600e+03
1.947326164701861392e-15 1.994748668623851245e-15 3.434034457096357983e+03
4.398176549136745408e-15 1.977116581938143181e-15 3.434746963049316491e+03
1.597355397289910590e-15 1.961363992413099927e-15 3.435459479771593578e+03
-5.065107337945094322e-15 1.948657834985392259e-15 3.436172007263184241e+03
3.530692969830582304e-15 1.934952847789040899e-15 3.436884545524085297e+03
7.479775301969458587e-16 1.930233330953747430e-15 3.437597094554289470e+03
4.779534834101503699e-15 1.928187299373429450e-15 3.438309654353793121e+03
-1.218116199819099458e-15 1.913460910131088142e-15 3.439022224922592159e+03
-4.722921598515271030e-15 1.896203094833168700e-15 3.439734806260680216e+03
1.014557710339705279e-15 1.894988264902032123e-15 3.440447398368054564e+03
-1.192444168996425696e-15 1.869338814985718400e-15 3.441160001244708837e+03
5.731846823036767411e-15 1.865959626298877349e-15 3.441872614890638943e+03
-2.863706398506762828e-15 1.852206961825849657e-15 3.442585239305839423e+03
9.580810413571324286e-16 1.848954470506569971e-15 3.443297874490306640e+03
-4.899184339433675250e-16 1.852728658550160310e-15 3.444010520444034682e+03
1.375168924767581871e-15 1.841905820779496288e-15 3.444723177167019458e+03
1.262028503723037910e-15 1.834246048798519184e-15 3.445435844659256418e+03
2.852855391785527117e-15 1.834202945686319605e-15 3.446148522920741925e+03
5.989488653365402966e-16 1.833907421194170860e-15 3.446861211951468249e+03
-3.641539453208666986e-15 1.823252015402905015e-15 3.447573911751432661e+03
6.640829140608117521e-15 1.829968648247429813e-15 3.448286622320631068e+03
1.408964833794555297e-15 1.835558038314641817e-15 3.448999343659056649e+03
6.803425286829104423e-15 1.901505122407142492e-15 3.449712075766707130e+03
-3.545074954124519931e-15 1.827854786951529701e-15 3.450424818643576145e+03
-6.373208586763284166e-17 1.818603448227070790e-15 3.451137572289659602e+03
4.552233006937718947e-15 1.802319086850742857e-15 3.451850336704953406e+03
2.542230441733238455e-15 1.829276983120429012e-15 3.452563111889450738e+03
-6.570555088037312801e-16 1.813094269281675550e-15 3.453275897843149323e+03
5.588401575237539787e-15 1.786084478082963483e-15 3.453988694566043250e+03
1.055206169442879156e-15 1.779830821880235987e-15 3.454701502058128881e+03
6.738150211599247861e-16 1.871571017125483131e-15 3.455414320319399849e+03
-3.013746285140401455e-15 1.754876898755121282e-15 3.456127149349853426e+03
4.462404017919019012e-15 1.741458730353074748e-15 3.456839989149484154e+03
3.446956230171051663e-15 1.739361902221110434e-15 3.457552839718286123e+03
5.440349031640793722e-16 1.725056847148837431e-15 3.458265701056257058e+03
6.342290751438095622e-16 1.762233269979498140e-15 3.458978573163391957e+03
4.199713254345225694e-15 1.713289294068415429e-15 3.459691456039684454e+03
2.509782625639118392e-15 1.686259625732464628e-15 3.460404349685130455e+03
4.184073475706549119e-15 1.674610220431418335e-15 3.461117254099725869e+03
-2.611980443612606081e-15 1.673870866952966144e-15 3.461830169283466603e+03
4.116340932405800914e-15 1.655083900275394649e-15 3.462543095236347654e+03
3.181394489009600015e-16 1.649032858071882716e-15 3.463256031958364019e+03
-5.835280204147733998e-16 1.629597444211292489e-15 3.463968979449512062e+03
8.741329778748813187e-16 1.627478343971314013e-15 3.464681937709785416e+03
-9.970433193541445095e-17 1.623243669677334842e-15 3.465394906739180442e+03
-1.200307252721869077e-16 1.628826528077991795e-15 3.466107886537692593e+03
1.033201240730759997e-15 1.606210038945415159e-15 3.466820877105318232e+03
-7.103338144762523689e-17 1.591739095233159546e-15 3.467533878442051900e+03
2.972828494251273681e-15 1.587106046393417072e-15 3.468246890547889052e+03
-6.012845367208289808e-15 1.573860428526412583e-15 3.468959913422824684e+03
1.648799622886755782e-15 1.570639428805113691e-15 3.469672947066854704e+03
3.530454367275797852e-15 1.567556243896875114e-15 3.470385991479975473e+03
1.481676445607867713e-15 1.561943912883734071e-15 3.471099046662180626e+03
-5.851479168784525808e-16 1.554764529844646484e-15 3.471812112613467434e+03
-7.821094611223340452e-15 1.552468569135140848e-15 3.472525189333830440e+03
1.364371602163871130e-15 1.537659752369561325e-15 3.473238276823265096e+03
2.349316204966401206e-15 1.548592615940288778e-15 3.473951375081766400e+03
4.264744314655505987e-15 1.546703914503428580e-15 3.474664484109331170e+03
1.869804401032389888e-15 1.569130389337475413e-15 3.475377603905953492e+03
1.134789013032053772e-15 1.543788731050589588e-15 3.476090734471630640e+03
2.655437776135506523e-15 1.548636760477470929e-15 3.476803875806356245e+03
-3.495429676504966098e-15 1.546768942098179972e-15 3.477517027910126671e+03
3.518774112685797088e-15 1.551613771008189968e-15 3.478230190782937370e+03
3.529438619617506560e-16 1.544187212646950845e-15 3.478943364424783795e+03
-1.981862319877391046e-16 1.541559171522698268e-15 3.479656548835661852e+03
5.678333194207280905e-16 1.532518975843380945e-15 3.480369744015566539e+03
2.083099133472480928e-15 1.539681838105488086e-15 3.481082949964493309e+03
3.033417432572730179e-15 1.533655279391698133e-15 3.481796166682438525e+03
-1.058466287447458805e-15 1.533247326519096335e-15 3.482509394169396728e+03
-3.969160338414647961e-16 1.530499583827295349e-15 3.483222632425363827e+03
3.472926587202814832e-15 1.514155188786384843e-15 3.483935881450336183e+03
-3.228635899557904884e-16 1.512653885721300419e-15 3.484649141244307430e+03
6.066298841730927076e-16 1.506522439850785015e-15 3.485362411807275748e+03
-2.224868449221805366e-15 1.507766729522441792e-15 3.486075693139234318e+03
2.095960573451609357e-15 1.498922165555435497e-15 3.486788985240179500e+03
4.350123024422256437e-15 1.480181303332850438e-15 3.487502288110107656e+03
1.585702617438475932e-16 1.481758391366939099e-15 3.488215601749013331e+03
-2.604244115830473258e-15 1.464648924256593696e-15 3.488928926156892885e+03
-1.118240857541250174e-15 1.442585736693443383e-15 3.489642261333741772e+03
3.602512548873799860e-15 1.428024595322250706e-15 3.490355607279554533e+03
-1.276175562342543533e-15 1.428914278143381543e-15 3.491068963994328442e+03
-2.061497845623561083e-15 1.433452995574354740e-15 3.491782331478058040e+03
3.491868694832917503e-16 1.404614521959129092e-15 3.492495709730739691e+03
-2.076513096634122335e-15 1.391772312232220683e-15 3.493209098752367936e+03
1.201297822206678455e-15 1.382876798252577726e-15 3.493922498542938683e+03
2.368614622209817123e-15 1.382864127404583919e-15 3.494635909102447840e+03
2.622256014311758760e-15 1.373017671405645805e-15 3.495349330430891314e+03
1.227606150698630548e-15 1.362222576758535638e-15 3.496062762528265011e+03
-1.196533730803030581e-16 1.358485404101229621e-15 3.496776205394563476e+03
2.454467364835653754e-15 1.352470334173972312e-15 3.497489659029783070e+03
1.729611532775199487e-15 1.344137063549917582e-15 3.498203123433918336e+03
7.732373473958997787e-18 1.338483900014454196e-15 3.498916598606966545e+03
-4.056887301426935024e-15 1.326790562738559729e-15 3.499630084548923151e+03
3.340106351086806985e-15 1.304200835260694882e-15 3.500343581259782695e+03
2.007694718516350275e-15 1.307222935735073641e-15 3.501057088739541541e+03
3.325660085804780189e-15 1.305795258369562070e-15 3.501770606988196050e+03
-3.285573415413769019e-15 1.300111091489633203e-15 3.502484136005740766e+03
9.361578436199099386e-16 1.293579324058103167e-15 3.503197675792171140e+03
2.028348615783796978e-15 1.287577537661668719e-15 3.503911226347484444e+03
-1.189514741958684445e-15 1.292456662498392017e-15 3.504624787671674312e+03
-8.356444681662125496e-16 1.280670109441843973e-15 3.505338359764738470e+03
-1.997687471033495731e-15 1.279256539167900876e-15 3.506051942626671007e+03
6.050747952062410901e-15 1.279964216398678219e-15 3.506765536257469194e+03
-6.078150548533678040e-16 1.274433855937292558e-15 3.507479140657127118e+03
-4.284308430190707006e-15 1.267756741185288074e-15 3.508192755825641143e+03
7.913655964935847493e-16 1.262759714968395949e-15 3.508906381763007630e+03
9.595957889719990389e-17 1.263110985644534413e-15 3.509620018469221577e+03
1.722486493148788940e-15 1.299662976633167646e-15 3.510333665944278891e+03
-1.777835363731393886e-15 1.265956617032447647e-15 3.511047324188175480e+03
4.215693851559141545e-15 1.267218339198421487e-15 3.511760993200906341e+03
1.548983001583091221e-15 1.251001339191134736e-15 3.512474672982468292e+03
-2.186498956485952952e-15 1.251561430598262355e-15 3.513188363532856783e+03
-3.062864663181862657e-16 1.247918137914055056e-15 3.513902064852067269e+03
3.564660820686871125e-15 1.244405144320525040e-15 3.514615776940095202e+03
-6.569079026897134964e-16 1.241557081551199455e-15 3.515329499796936943e+03
1.306076065631362492e-15 1.236987544037334557e-15 3.516043233422588401e+03
-2.323337039381895278e-15 1.225163886230814571e-15 3.516756977817044572e+03
-3.158594357027413272e-16 1.218170044700603052e-15 3.517470732980302273e+03
-7.085065030751429928e-16 1.208287134264371902e-15 3.518184498912356503e+03
2.410493086860774653e-15 1.194542686920862687e-15 3.518898275613202713e+03
1.324412951318511406e-15 1.195388031698895622e-15 3.519612063082837267e+03
-8.989155732788061132e-16 1.198903158154079129e-15 3.520325861321256525e+03
2.649700339037986475e-15 1.178831662504429419e-15 3.521039670328455031e+03
8.583918515044780411e-16 1.175488893673584916e-15 3.521753490104429147e+03
3.863895689196412954e-15 1.169221284764643803e-15 3.522467320649175690e+03
3.688573440189424508e-15 1.172131033252106484e-15 3.523181161962688748e+03
-1.014227878742049369e-15 1.163346544887714615e-15 3.523895014044965137e+03
-4.701885284951931183e-16 1.151795108422122580e-15 3.524608876896001220e+03
3.381831552824766725e-16 1.146173003663846821e-15 3.525322750515790176e+03
1.258011460274575894e-15 1.149029482488210623e-15 3.526036634904331095e+03
6.044041197650125038e-16 1.143837426963068269e-15 3.526750530061618520e+03
-2.447143171814205727e-15 1.144199611365994902e-15 3.527464435987648358e+03
2.703501275847533636e-15 1.133379657077879101e-15 3.528178352682416516e+03
-2.407529048508848247e-15 1.124144732868639924e-15 3.528892280145917539e+03
3.324489602388084089e-15 1.119102090339702044e-15 3.529606218378149151e+03
-4.135267808051656488e-16 1.121803809582869592e-15 3.530320167379106351e+03
-2.382784543473610559e-16 1.128125854948308518e-15 3.531034127148785046e+03
-9.702909506090142876e-16 1.124466845008167357e-15 3.531748097687182053e+03
4.076617915170604529e-15 1.125651835712546821e-15 3.532462078994291005e+03
9.658386238058144562e-16 1.124233643399285322e-15 3.533176071070109629e+03
3.002789815594770418e-15 1.128926490968864199e-15 3.533890073914632922e+03
-1.014508739769590909e-15 1.125475375557289350e-15 3.534604087527857700e+03
-2.123744664363446068e-15 1.126723904390987531e-15 3.535318111909779418e+03
4.492215650132472079e-15 1.127248623351590510e-15 3.536032147060393982e+03
6.107032204209521098e-16 1.137416907603475098e-15 3.536746192979696389e+03
-3.595839790853394174e-15 1.144448121841572149e-15 3.537460249667684366e+03
1.922512471432267400e-15 1.141759023311650325e-15 3.538174317124352001e+03
1.408671088196476490e-15 1.144060518364038563e-15 3.538888395349696111e+03
-1.277479917533523648e-15 1.245898114665974141e-15 3.539602484343713058e+03
-1.882377830065410007e-15 1.177111663070883459e-15 3.540316584106398295e+03
1.929885551133669148e-15 1.160494520935930634e-15 3.541030694637746819e+03
2.761755216840376804e-15 1.162589241218819841e-15 3.541744815937755902e+03
1.331480096503132523e-15 1.166669037169993312e-15 3.542458948006420542e+03
-1.342115605638061177e-16 1.175649981939872358e-15 3.543173090843737555e+03
-2.669175565930742003e-15 1.165553329720723290e-15 3.543887244449702393e+03
-2.972297986796606620e-16 1.162451211028371269e-15 3.544601408824310965e+03
4.928243091937579668e-15 1.163203210386995105e-15 3.545315583967559178e+03
-3.025441083421053003e-15 1.165167210790936663e-15 3.546029769879442938e+03
6.889702681955848653e-17 1.166438554039893901e-15 3.546743966559958608e+03
3.268860612974370381e-15 1.169484483073190283e-15 3.547458174009102095e+03
6.844806488298476261e-16 1.165966064147190884e-15 3.548172392226870215e+03
1.982957302173126287e-15 1.150152192262389142e-15 3.548886621213256149e+03
1.143945678649581330e-15 1.148987290695885616e-15 3.549600860968258530e+03
-3.727736501480568900e-16 1.145257218069122423e-15 3.550315111491871903e+03
-6.266986557776987727e-16 1.138621633067885438e-15 3.551029372784093539e+03
-1.574291476276513141e-15 1.133982042327480622e-15 3.551743644844918435e+03
2.057122899589660252e-15 1.132290623628001666e-15 3.552457927674342500e+03
2.287315877523087408e-15 1.125459059197224103e-15 3.553172221272363004e+03
1.552818394857858654e-15 1.122702190671962646e-15 3.553886525638973580e+03
1.307665929455134512e-15 1.116152718674013473e-15 3.554600840774172866e+03
9.105294652355863320e-16 1.107393477702752832e-15 3.555315166677955858e+03
3.574446189487999521e-16 1.098161732326453524e-15 3.556029503350317100e+03
-2.407275591791324386e-15 1.098081316874231005e-15 3.556743850791255227e+03
-1.458024612504665059e-15 1.087963217053436930e-15 3.557458209000764327e+03
1.874280440488936460e-15 1.082433594464869562e-15 3.558172577978841673e+03
-6.694757432469738324e-16 1.076882453946577047e-15 3.558886957725482262e+03
4.849356402011348600e-17 1.067883479995288010e-15 3.559601348240682455e+03
1.728887401622335692e-15 1.065761382938809533e-15 3.560315749524439525e+03
8.521418814860277102e-16 1.062721225167260025e-15 3.561030161576746650e+03
-1.236047927597122205e-15 1.053724157686598078e-15 3.561744584397602921e+03
6.589638894710389368e-16 1.046837629142802934e-15 3.562459017987002881e+03
6.527651798217923130e-16 1.035551928035461509e-15 3.563173462344941981e+03
3.023882136553615357e-16 1.028216882957580879e-15 3.563887917471418405e+03
-1.391322988295415698e-15 1.025614972303262830e-15 3.564602383366425784e+03
-7.098301899207904809e-16 1.016241415331915458e-15 3.565316860029962299e+03
3.656518248571655335e-15 1.011523710849849753e-15 3.566031347462022495e+03
2.873186816607162330e-15 1.010837497512228656e-15 3.566745845662602733e+03
4.047345361477921176e-16 1.003966227843144348e-15 3.567460354631700284e+03
-9.753789297161422877e-16 9.963660221742114736e-16 3.568174874369309691e+03
-5.594476268761201651e-16 9.912775061768517508e-16 3.568889404875428227e+03
4.782110807791758007e-18 9.789604157027797725e-16 3.569603946150050433e+03
2.887869415044452542e-15 9.778868989068878351e-16 3.570318498193174946e+03
1.136971144960220905e-15 9.691004441288098516e-16 3.571033061004795854e+03
-2.089668776435573677e-16 9.661326762498431094e-16 3.571747634584909065e+03
-1.169545057571733829e-15 9.682656358737256255e-16 3.572462218933512304e+03
1.647750129015861685e-15 9.723188036839435578e-16 3.573176814050600115e+03
-5.551276970369537162e-17 9.505866045261838618e-16 3.573891419936169314e+03
-1.176957087846376528e-16 9.500629732887979513e-16 3.574606036590216718e+03
1.773537370859013814e-15 9.466772850537862403e-16 3.575320664012738234e+03
3.354355420701836508e-15 9.392357295705281815e-16 3.576035302203727952e+03
8.834905044177625648e-16 9.323411771094184637e-16 3.576749951163184051e+03
1.360626197782369288e-15 9.295787513840799649e-16 3.577464610891102438e+03
-6.834983505015301184e-16 9.413390373294969883e-16 3.578179281387479023e+03
-1.057717450505539266e-16 9.355602406115897758e-16 3.578893962652310165e+03
-3.181641392384799794e-15 9.222551169722595616e-16 3.579608654685591318e+03
3.315964601303226523e-15 9.154317024113837602e-16 3.580323357487319754e+03
8.597107163524999973e-18 9.092068767435425493e-16 3.581038071057490470e+03
-1.339851927244866919e-15 9.080286079503807471e-16 3.581752795396099827e+03
-2.262473622928290137e-16 9.068119373539797593e-16 3.582467530503145099e+03
2.840061007304236732e-15 9.066985615703863746e-16 3.583182276378621282e+03
5.854217488181473622e-16 9.069048657146402528e-16 3.583897033022525648e+03
-1.182044331007124946e-16 9.029311031702099733e-16 3.584611800434852739e+03
1.021593438137231459e-15 9.010074336625404608e-16 3.585326578615600738e+03
2.990802341517521939e-16 8.957557941071874941e-16 3.586041367564764187e+03
7.399396825387739012e-16 8.999814087619492956e-16 3.586756167282339902e+03
2.412317550979735975e-18 8.947190006343564370e-16 3.587470977768324701e+03
2.498134077915228261e-15 8.886120358163731054e-16 3.588185799022713582e+03
1.006838805006008976e-15 8.969120216131401319e-16 3.588900631045503360e+03
3.665346910418250951e-15 8.824076320524375047e-16 3.589615473836690398e+03
2.659244172533205360e-15 8.769763059502475269e-16 3.590330327396271059e+03
-5.264416772161344428e-16 8.778453965704308589e-16 3.591045191724240794e+03
-9.551194148237068776e-16 8.847187768176272611e-16 3.591760066820596421e+03
4.687966640976941461e-16 8.681839718110078138e-16 3.592474952685333847e+03
1.566623397107047462e-15 8.673980787126218026e-16 3.593189849318449888e+03
-5.519344340518882358e-17 8.663799772857904349e-16 3.593904756719940451e+03
9.654261730103607511e-16 8.665813689030912010e-16 3.594619674889800990e+03
1.777806295579439059e-16 8.687243287756317209e-16 3.595334603828028776e+03
1.939387150863944159e-15 8.631782044458394963e-16 3.596049543534620170e+03
1.200295239380448040e-15 8.675845211782948740e-16 3.596764494009570626e+03
2.156103802498226814e-15 8.589052908693819571e-16 3.597479455252877415e+03
-3.580001266026487467e-15 8.537386823941565456e-16 3.598194427264535079e+03
2.537532930668657340e-15 8.524756754176280805e-16 3.598909410044541801e+03
2.302708975391944049e-15 8.483946260337257185e-16 3.599624403592893032e+03
-6.066225135661325225e-16 8.497677247597925610e-16 3.600339407909584224e+03
8.434745709822940789e-16 8.543894192887495688e-16 3.601054422994613105e+03
9.362368052353824739e-16 8.635471733792728615e-16 3.601769448847975582e+03
-6.843229970224226194e-16 8.394431739133385902e-16 3.602484485469666652e+03
7.394693169126090307e-16 8.341802692819198653e-16 3.603199532859684496e+03
1.696609758384586431e-15 8.260587184405546079e-16 3.603914591018024112e+03
1.711084575759160838e-15 8.321044797624429536e-16 3.604629659944681407e+03
-6.379446147353880733e-16 8.269137698816216316e-16 3.605344739639655018e+03
-5.979975430238405973e-17 8.280040299245989083e-16 3.606059830102939031e+03
2.546648957020095252e-16 8.306397439669456934e-16 3.606774931334530265e+03
2.164554948234105612e-15 8.239476193295515957e-16 3.607490043334425536e+03
-1.418425258886116442e-16 8.327520901706324786e-16 3.608205166102620296e+03
4.223754633407959581e-16 8.157081544199458756e-16 3.608920299639112272e+03
2.192225581862365440e-15 8.215310328654328835e-16 3.609635443943896462e+03
-9.226093464600950933e-16 8.206941496369027794e-16 3.610350599016969227e+03
-1.897594952846032832e-16 8.196357489673014185e-16 3.611065764858327384e+03
-4.115865043453344412e-18 8.128314854237083993e-16 3.611780941467967295e+03
-2.043019379697443373e-15 8.178153688936104419e-16 3.612496128845885323e+03
5.155395288291194726e-16 8.101658323243303099e-16 3.613211326992076465e+03
-2.269681855715982146e-17 8.145883398352101050e-16 3.613926535906539812e+03
-9.698815274353102657e-16 8.124012213173715064e-16 3.614641755589269451e+03
7.658317523984581615e-16 8.202134476379194517e-16 3.615356986040263109e+03
-6.561726379784776551e-16 8.222538124371364669e-16 3.616072227259515785e+03
4.203574412584444584e-15 8.188171556444734067e-16 3.616787479247025658e+03
-4.080646306508931492e-16 8.139722572740565096e-16 3.617502742002786363e+03
-2.134757348411120626e-15 8.240826427628990288e-16 3.618218015526796989e+03
1.557488269270927955e-15 8.337963291898617709e-16 3.618933299819052081e+03
2.356178871034823757e-16 8.666734893205994643e-16 3.619648594879549819e+03
4.895250993821229418e-17 8.373295824254764251e-16 3.620363900708284746e+03
-9.690832580150147115e-16 8.366275951598769485e-16 3.621079217305253223e+03
-7.797493083231071575e-16 8.353834749430493146e-16 3.621794544670453433e+03
3.604689773530436490e-16 8.364591858419144010e-16 3.622509882803879918e+03
8.395698775281752277e-16 8.329517629883687332e-16 3.623225231705530859e+03
1.886875515653150032e-15 8.336850171990455749e-16 3.623940591375400800e+03
6.483049865508208578e-16 8.278646758782624648e-16 3.624655961813487920e+03
-2.763169409202540017e-16 8.267563231856643102e-16 3.625371343019786764e+03
-1.468473969783889239e-15 8.231973635273535021e-16 3.626086734994295512e+03
-7.628529238373723870e-16 8.216836111073700168e-16 3.626802137737009616e+03
1.904220932708169977e-15 8.193787183628737568e-16 3.627517551247925439e+03
1.439804900579640154e-15 8.157541784390943664e-16 3.628232975527039343e+03
8.410852745540587928e-16 8.153515257967091320e-16 3.628948410574348600e+03
1.202360207497956495e-15 8.193243242720235567e-16 3.629663856389849570e+03
-2.237622283740691781e-16 8.164514931785429592e-16 3.630379312973537253e+03
-5.601269237807929428e-16 8.142263096531017630e-16 3.631094780325409374e+03
2.376040648462459738e-15 8.176717385071942486e-16 3.631810258445461841e+03
1.089140854923753465e-15 8.151318223206767914e-16 3.632525747333691470e+03
9.501964970740188362e-16 8.182890167793045753e-16 3.633241246990094623e+03
3.234696003175513662e-17 8.261185368320196715e-16 3.633956757414666299e+03
1.436449212836518640e-15 8.245281087583895895e-16 3.634672278607405588e+03
1.852908683787416470e-15 8.286889751823834077e-16 3.635387810568307032e+03
1.519541041571302698e-15 8.467474596290307314e-16 3.636103353297367903e+03
3.493369623750928266e-16 8.428664667838084412e-16 3.636818906794585018e+03
4.009567319008038700e-17 8.551478485297807955e-16 3.637534471059952921e+03
-1.229979539760241707e-15 9.330867524188951742e-16 3.638250046093470701e+03
-3.021960210874846215e-15 8.383911805253545280e-16 3.638965631895133811e+03
1.514862016888637688e-15 8.219874003871778095e-16 3.639681228464937703e+03
-1.300452768668501059e-16 8.180395211572120738e-16 3.640396835802879650e+03
8.491872246226103297e-16 8.177714585703523190e-16 3.641112453908956013e+03
-1.204570625154301443e-15 8.066433069060984003e-16 3.641828082783164064e+03
-7.048356581082021178e-16 8.040660748540492790e-16 3.642543722425499254e+03
3.433914628807002572e-16 8.006674703258463077e-16 3.643259372835958857e+03
1.100431008337764002e-15 7.989992355332357612e-16 3.643975034014539233e+03
6.619807924479344071e-16 7.965950319290650496e-16 3.644690705961235835e+03
-1.201682374693083410e-15 7.897138994625473450e-16 3.645406388676045935e+03
8.049142108176772341e-16 7.854903042718030055e-16 3.646122082158966805e+03
1.518153796403351734e-15 7.744429527437785092e-16 3.646837786409994806e+03
-5.794045349018273251e-16 7.830897980944599475e-16 3.647553501429124481e+03
-4.273178963801493229e-16 7.923215565148950944e-16 3.648269227216354011e+03
1.402649354319741715e-15 7.833315999234149755e-16 3.648984963771679759e+03
1.255005474137409079e-15 7.770277995287507933e-16 3.649700711095098995e+03
-1.556849068071687908e-15 7.740736338230038607e-16 3.650416469186606264e+03
-2.250943538392386280e-15 7.683923830399538061e-16 3.651132238046200655e+03
6.579513223218442751e-17 7.651270640306407247e-16 3.651848017673875802e+03
-8.718858522823025534e-17 7.646586501910402511e-16 3.652563808069630795e+03
-9.094848885276281932e-17 7.662300611341023479e-16 3.653279609233461088e+03
-4.947746798294500440e-16 7.624335074859053290e-16 3.653995421165363496e+03
7.339999774305659418e-16 7.614562682858696763e-16 3.654711243865333017e+03
-4.078897335558068073e-16 7.596811577254517523e-16 3.655427077333369198e+03
8.577239814162950691e-16 7.603846514913652004e-16 3.656142921569467035e+03
7.340479060908261596e-16 7.559327104149857460e-16 3.656858776573621526e+03
2.805202192298592674e-15 7.484455096239388474e-16 3.657574642345832217e+03
2.466296178103661766e-16 7.432912890024552696e-16 3.658290518886094105e+03
-5.926208251861773889e-16 7.441407881221803692e-16 3.659006406194403098e+03
2.865388847415309091e-15 7.454721656633493557e-16 3.659722304270757377e+03
3.358027290758242406e-15 7.443487805292428161e-16 3.660438213115151484e+03
-4.096316407835031225e-16 7.424969071993420350e-16 3.661154132727584056e+03
-1.323037104348546069e-15 7.427142062374202570e-16 3.661870063108051454e+03
3.139173475528901116e-15 7.393642694019110710e-16 3.662586004256548222e+03
1.211587656460329703e-15 7.413157432101569049e-16 3.663301956173073904e+03
6.414323847740947077e-16 7.412401999397673679e-16 3.664017918857623044e+03
1.074016194948187952e-15 7.369306528254700137e-16 3.664733892310192459e+03
8.473757067195940661e-16 7.322065265053659642e-16 3.665449876530779420e+03
2.157146792216558473e-15 7.302929896237387243e-16 3.666165871519379834e+03
2.306686184698710664e-15 7.260347382378148215e-16 3.666881877275991428e+03
6.525686557482652525e-16 7.252704234671165227e-16 3.667597893800609199e+03
7.027608029599342654e-16 7.255420618982505664e-16 3.668313921093230874e+03
-1.340941936145815633e-15 7.211670407122595358e-16 3.669029959153853270e+03
-5.305896745098673768e-16 7.180444767738868769e-16 3.669746007982473202e+03
1.389838524268171754e-15 7.150208015623430505e-16 3.670462067579085669e+03
-1.241006185229087298e-15 7.105949885165466384e-16 3.671178137943688398e+03
-1.129449757935981814e-15 7.071068124115478353e-16 3.671894219076278659e+03
4.214029851826567580e-16 7.043876987491123478e-16 3.672610310976851906e+03
6.698657017379687091e-16 7.016247456246720147e-16 3.673326413645406319e+03
5.260062623634528359e-16 6.941864908242295690e-16 3.674042527081936441e+03
-3.328189978882484411e-15 6.941583443502212136e-16 3.674758651286439999e+03
1.352932049219398767e-15 6.935209288402183800e-16 3.675474786258914264e+03
-8.436643937986129461e-16 6.940075081290584581e-16 3.676190931999354689e+03
-3.972877112414929346e-16 6.943468178963493697e-16 3.676907088507758999e+03
9.664592662624133812e-16 6.952637896141995763e-16 3.677623255784123103e+03
-1.081682333076891447e-15 6.905827236984473232e-16 3.678339433828444271e+03
1.725888981566528380e-15 6.941196830102763373e-16 3.679055622640718866e+03
3.958918345482538473e-16 6.947311780974793401e-16 3.679771822220943250e+03
1.134955820415140586e-15 6.932717657827125233e-16 3.680488032569115148e+03
-1.425973889321481276e-15 6.905885816306017260e-16 3.681204253685229560e+03
-2.112356116462383204e-17 6.858594932857189302e-16 3.681920485569284210e+03
-8.082363997098502805e-17 6.820329980349055900e-16 3.682636728221275916e+03
2.207778724123566449e-15 6.849777308611748517e-16 3.683352981641201040e+03
-4.562384570989791824e-16 6.854172830546543138e-16 3.684069245829057309e+03
-3.445799079297984270e-16 6.763412673534020631e-16 3.684785520784839719e+03
1.421772835784824609e-15 6.735117481512401302e-16 3.685501806508545997e+03
1.327058587321096770e-15 6.697504446532658580e-16 3.686218103000172960e+03
9.696032135685953518e-16 6.783953692954652535e-16 3.686934410259716060e+03
2.590519503858122782e-16 6.688787482755584059e-16 3.687650728287173024e+03
-1.068111001236344948e-15 6.692452212098398318e-16 3.688367057082541578e+03
7.351780749084355326e-16 6.628179149216665767e-16 3.689083396645816265e+03
8.362920434489898616e-16 6.636128202219106497e-16 3.689799746976994811e+03
-7.504562189134628866e-17 6.602592746210966341e-16 3.690516108076074943e+03
-1.037719416997133649e-15 6.570861975712888555e-16 3.691232479943052567e+03
1.758134446926193988e-16 6.566468655662613214e-16 3.691948862577923592e+03
8.412231974024164333e-16 6.566150875977225164e-16 3.692665255980685288e+03
2.922049356340676938e-15 6.566068233552037270e-16 3.693381660151334472e+03
6.000997195449181542e-16 6.618337467302696264e-16 3.694098075089868871e+03
1.144980400484627080e-15 7.796028903904642170e-16 3.694814500796283028e+03
8.906092460780384081e-16 8.228962989484937689e-16 3.695530937270576942e+03
2.073706362528344749e-15 6.661432929779592972e-16 3.696247384512743793e+03
-8.848820365200397313e-16 6.647618777643954450e-16 3.696963842522782670e+03
-2.278308812543524961e-15 6.667514999122678830e-16 3.697680311300689937e+03
1.267701038253917208e-15 6.704226144107241364e-16 3.698396790846461045e+03
1.254145670225680550e-15 6.695924130415267419e-16 3.699113281160094630e+03
9.020152153818202013e-16 6.725260771483828240e-16 3.699829782241586599e+03
3.121421402848077296e-17 6.689369285431490745e-16 3.700546294090934225e+03
9.976570221870409993e-16 6.692178523413029269e-16 3.701262816708132505e+03
-2.530558748391393963e-16 6.755307584727813755e-16 3.701979350093180074e+03
1.705961975933258399e-16 7.270582662665541885e-16 3.702695894246074204e+03
7.086879122953191573e-16 9.042299779467223723e-16 3.703412449166808983e+03
-2.125827759423909950e-15 7.329665755329221649e-16 3.704129014855383502e+03
1.713428442245128312e-15 6.633247694175153902e-16 3.704845591311794124e+03
2.442515172789294009e-15 6.572557511857502677e-16 3.705562178536037209e+03
-1.345891042341057420e-15 6.563516203227856221e-16 3.706278776528109574e+03
1.007208029993715945e-15 6.551205849921462751e-16 3.706995385288008947e+03
1.300171052232274208e-15 6.678581664117085026e-16 3.707712004815730324e+03
-1.380477189885534521e-15 8.736968944096610144e-16 3.708428635111272342e+03
4.498237029544978762e-16 7.270504000900931198e-16 3.709145276174631363e+03
1.448375875379579587e-15 6.473105519244996020e-16 3.709861928005802383e+03
6.118601660770092291e-16 6.402619125318038400e-16 3.710578590604784949e+03
1.433011130055662205e-15 6.350936445084570880e-16 3.711295263971574514e+03
-1.143348502792983339e-15 6.342485229128235053e-16 3.712011948106168347e+03
1.934520091752131965e-15 6.291766330718153083e-16 3.712728643008562358e+03
1.979072851945308816e-15 6.249821199822587784e-16 3.713445348678754272e+03
2.685677078563794138e-16 6.254880485753408605e-16 3.714162065116740450e+03
-4.813586005569238201e-16 6.227994652769722002e-16 3.714878792322519075e+03
4.911836170608998702e-16 6.193532629391312563e-16 3.715595530296084689e+03
9.454201279916937128e-16 6.134392463541310223e-16 3.716312279037435474e+03
1.011463910743416362e-15 6.081872781159312799e-16 3.717029038546567790e+03
-3.691077924039056479e-16 6.057575471365284468e-16 3.717745808823478455e+03
3.702889969466409761e-16 5.991906499264105792e-16 3.718462589868166106e+03
4.402575757617476787e-16 5.962330369982901565e-16 3.719179381680624829e+03
1.103063470376090016e-15 5.912452674000459563e-16 3.719896184260853261e+03
-7.083436546233383644e-16 5.917643409857053502e-16 3.720612997608848673e+03
1.276123658517128901e-15 5.903704913859410244e-16 3.721329821724605608e+03
2.120853037978346699e-15 5.874891028242676560e-16 3.722046656608123158e+03
-9.302860725635028031e-16 5.872195219142588383e-16 3.722763502259396773e+03
7.119654119246376408e-16 5.856797982268811100e-16 3.723480358678424636e+03
3.235567496603258316e-16 5.857518831878037397e-16 3.724197225865203109e+03
1.580323666876941229e-15 5.856318017491219421e-16 3.724914103819728552e+03
-1.037270000764172508e-15 5.862001381615899470e-16 3.725630992541998239e+03
-1.322603327019965051e-16 5.848129709085669866e-16 3.726347892032009440e+03
1.451620339944892590e-15 5.890852955792727235e-16 3.727064802289756699e+03
-1.250777692358955816e-15 5.910362635409680493e-16 3.727781723315241834e+03
-6.892591512258325432e-17 5.930008050136540236e-16 3.728498655108456660e+03
1.316097568382121098e-15 5.919155502393267658e-16 3.729215597669401177e+03
1.305181905543703734e-15 5.891763471211487692e-16 3.729932550998070838e+03
-1.815649894650837245e-16 5.940558719670068068e-16 3.730649515094463823e+03
6.302776519229107640e-16 5.948638259152353062e-16 3.731366489958574675e+03
1.314555596259277606e-15 6.010398925594441402e-16 3.732083475590403395e+03
-7.235827570896869298e-16 5.967106026913844369e-16 3.732800471989944526e+03
-1.635000401963770981e-16 5.974696700629556203e-16 3.733517479157196703e+03
5.119857106617121529e-16 5.992623364215290007e-16 3.734234497092154470e+03
-8.175480799672313765e-17 5.957902268990257671e-16 3.734951525794816916e+03
-1.681146635922606136e-16 5.973829091172789696e-16 3.735668565265180405e+03
-1.019447862664680995e-16 5.967690980438706817e-16 3.736385615503241752e+03
-9.622552396890365532e-17 5.921567976590746168e-16 3.737102676508997320e+03
2.513089605488005972e-15 5.907299636818037075e-16 3.737819748282445744e+03
1.898377356500265903e-15 5.883576098281594667e-16 3.738536830823582022e+03
-8.355818152748470575e-16 5.861380039684990479e-16 3.739253924132403881e+03
9.661292548687433260e-16 5.834122948172399880e-16 3.739971028208909047e+03
-9.940572136426648081e-17 5.812100089866200414e-16 3.740688143053092972e+03
9.996052747835783270e-16 5.760184792242350907e-16 3.741405268664952928e+03
-9.667213867911704191e-16 5.729903863811007915e-16 3.742122405044488005e+03
9.676334729289583751e-16 5.727222561362419718e-16 3.742839552191692292e+03
-5.716588745468707868e-17 5.716097334634295938e-16 3.743556710106564424e+03
1.242822516288105225e-15 5.681072012202467174e-16 3.744273878789100308e+03
-1.612931029255184525e-15 5.656257041981832053e-16 3.744991058239296763e+03
-4.591572674400822172e-16 5.600498761242963179e-16 3.745708248457152877e+03
7.298311957880023786e-16 5.554992567194946006e-16 3.746425449442663194e+03
-1.215165229010976540e-15 5.544263371303577136e-16 3.747142661195826349e+03
-8.541159180643593335e-17 5.503083437794572148e-16 3.747859883716638251e+03
1.202956096435534208e-15 5.491788118232331712e-16 3.748577117005095715e+03
-3.490684555877414607e-16 5.479246100758207697e-16 3.749294361061197378e+03
1.535551591586767465e-16 5.431114381203469052e-16 3.750011615884939147e+03
1.280662775449000725e-16 5.384390567458799383e-16 3.750728881476316928e+03
-9.146215997080662130e-16 5.359846711760414615e-16 3.751446157835329359e+03
3.905186278030114665e-16 5.340375204241230283e-16 3.752163444961973710e+03
-4.981877102955563363e-16 5.333040707046351780e-16 3.752880742856244979e+03
-2.970973711090037506e-16 5.336857089207701279e-16 3.753598051518141801e+03
2.136810313379938101e-15 5.315500390714150869e-16 3.754315370947660995e+03
3.684441774092531044e-16 5.279829122693345279e-16 3.755032701144798921e+03
-6.642441245171297288e-16 5.233122268295849926e-16 3.755750042109552851e+03
-5.580918951345126337e-16 5.215533714788019555e-16 3.756467393841919602e+03
1.641350797065678421e-15 5.204711872679542355e-16 3.757184756341896900e+03
8.642133489570774507e-16 5.182752846692128470e-16 3.757902129609482017e+03
-3.818096764184927464e-16 5.139117706548124137e-16 3.758619513644670405e+03
-9.357999721638605957e-16 5.135612097604600057e-16 3.759336908447458882e+03
1.060510557816488479e-15 5.115287271111978567e-16 3.760054314017847901e+03
-5.995907816935392172e-16 5.074799854853961901e-16 3.760771730355831551e+03
4.905036621618649435e-16 5.044282637318067094e-16 3.761489157461406649e+03
1.894611186046302130e-15 5.004790195466803691e-16 3.762206595334571830e+03
2.459201397239793786e-16 4.967187938325850924e-16 3.762924043975323912e+03
-3.509552745663975746e-16 4.939001748692320729e-16 3.763641503383657891e+03
1.203233620497927198e-15 4.923941030580481432e-16 3.764358973559573315e+03
1.132233411494123693e-15 4.907260088300175314e-16 3.765076454503066088e+03
2.256287416777289715e-16 4.904378591216671107e-16 3.765793946214133484e+03
-2.411922830713542179e-16 4.900593075006143708e-16 3.766511448692772319e+03
4.436543148315577682e-16 4.887351809940970818e-16 3.767228961938979864e+03
5.934307522998897761e-16 4.882105161960499061e-16 3.767946485952753392e+03
8.986924603902084357e-16 4.840386980469863996e-16 3.768664020734089718e+03
1.003153975701917799e-15 4.813834551002246929e-16 3.769381566282985659e+03
4.312729061649340463e-16 4.969574887901665804e-16 3.770099122599438488e+03
-4.238568118216335901e-16 5.324879282357481619e-16 3.770816689683445475e+03
1.281959931018429134e-15 4.868622641498237699e-16 3.771534267535003437e+03
3.439309125156780020e-16 4.828915009659536403e-16 3.772251856154110101e+03
1.149081270995708217e-15 4.802418626738456654e-16 3.772969455540761373e+03
1.083048423373844181e-16 4.793064936808000689e-16 3.773687065694955436e+03
4.762231532704611190e-16 4.792098668671639243e-16 3.774404686616688195e+03
-1.079633539028520070e-15 4.796183041890633164e-16 3.775122318305958288e+03
4.861135299724707068e-16 4.774852374155275555e-16 3.775839960762761621e+03
1.296264548132298891e-15 4.780453558341728743e-16 3.776557613987095010e+03
-1.535297584536683660e-16 4.784477007544109888e-16 3.777275277978957092e+03
-6.591547709555315369e-16 4.801687805349398853e-16 3.777992952738344229e+03
1.183427842885029969e-15 4.783804781568436601e-16 3.778710638265252783e+03
1.345675429850742233e-15 4.788387902990224865e-16 3.779428334559681389e+03
-5.727227833941836058e-17 4.769021625695368305e-16 3.780146041621624590e+03
-1.467161127704449431e-15 4.718314806197639819e-16 3.780863759451081478e+03
1.700385336985878500e-15 4.714405943915643201e-16 3.781581488048049323e+03
1.555153387489694537e-15 4.701804651941524690e-16 3.782299227412525397e+03
-3.107098118373891419e-16 4.671968151298286180e-16 3.783016977544505153e+03
4.095984717318696382e-16 4.665297071274478781e-16 3.783734738443986316e+03
6.847424907887449477e-16 4.658140001953107580e-16 3.784452510110966614e+03
1.231969518006911188e-16 4.626210386638875706e-16 3.785170292545443772e+03
2.704647010419243802e-16 4.608810249592479580e-16 3.785888085747414152e+03
-1.853685787884944668e-16 4.587416242875493836e-16 3.786605889716874117e+03
1.421378587718420490e-15 4.569309540590140113e-16 3.787323704453821847e+03
1.213007929950100545e-15 4.536775935645310580e-16 3.788041529958254159e+03
-5.541449684996528819e-16 4.532352079745679920e-16 3.788759366230168325e+03
2.483186773277976316e-16 4.546760459974003745e-16 3.789477213269560707e+03
1.101655030348428764e-15 4.538705065106554448e-16 3.790195071076429485e+03
7.077584378572351406e-16 4.548631933626131646e-16 3.790912939650772387e+03
4.589929611618974986e-16 4.526112710047627087e-16 3.791630818992583954e+03
9.006644848813126296e-16 4.512058836729302035e-16 3.792348709101865097e+03
1.095237551271510927e-15 4.514130948021884023e-16 3.793066609978609449e+03
-8.827190216167996655e-16 4.503126636207751452e-16 3.793784521622816101e+03
-5.509074067046233854e-16 4.500022478862662403e-16 3.794502444034480959e+03
7.220167880776350483e-16 4.762240340644400939e-16 3.795220377213602660e+03
1.579769155707722799e-15 5.385871556273507667e-16 3.795938321160177111e+03
8.985969470130714945e-17 4.797756062295884020e-16 3.796656275874202038e+03
-8.144105346786411974e-16 4.480981496427522714e-16 3.797374241355675622e+03
4.295256447024489589e-16 4.482109480733021651e-16 3.798092217604593316e+03
1.290807369265045900e-16 4.417618973243446452e-16 3.798810204620952391e+03
8.614628192388369724e-16 4.423617261757922869e-16 3.799528202404751482e+03
-1.418726149341118458e-16 4.402965414344679314e-16 3.800246210955987408e+03
5.011728875001198965e-16 4.386419047686842065e-16 3.800964230274656074e+03
9.230263118764946013e-16 4.401585634901555283e-16 3.801682260360756118e+03
6.841183558740016390e-16 4.366997152393666069e-16 3.802400301214283900e+03
2.906277123154578921e-16 4.332530358242570795e-16 3.803118352835237147e+03
-6.726244781261695892e-17 4.295968799485458463e-16 3.803836415223612676e+03
1.985613185544526379e-15 4.288762367111477391e-16 3.804554488379407303e+03
9.409313202901015975e-17 4.291294705523796149e-16 3.805272572302618755e+03
2.921197940116712532e-17 4.310486215405941953e-16 3.805990666993243394e+03
2.080917977180138812e-16 4.324781614481420042e-16 3.806708772451281675e+03
-6.612861679127857845e-17 4.318205499408024809e-16 3.807426888676726321e+03
-1.695251116921489096e-17 4.348908436616765677e-16 3.808145015669576424e+03
1.143663785172883639e-15 4.353568267027460757e-16 3.808863153429830618e+03
-3.345676677557291390e-16 4.382095341460519171e-16 3.809581301957483902e+03
-3.774243089781444564e-17 4.312720728732315675e-16 3.810299461252535366e+03
4.137001460682175757e-16 4.301497475973705259e-16 3.811017631314980008e+03
1.203742595571582784e-17 4.297031077159583085e-16 3.811735812144817828e+03
1.121494967733960663e-15 4.299437491142572689e-16 3.812454003742043824e+03
9.384219765980955351e-16 4.299968821314961563e-16 3.813172206106656631e+03
-3.005045273883756645e-16 4.312608115262249535e-16 3.813890419238652612e+03
-8.083665858004877116e-16 4.285147201565226979e-16 3.814608643138029038e+03
4.093162700536572283e-16 4.300864821030467166e-16 3.815326877804783180e+03
-6.172474718748065152e-16 4.256708853384398281e-16 3.816045123238913220e+03
9.709536441888061118e-16 4.260580797184270606e-16 3.816763379440414610e+03
5.213899312785020281e-16 4.281534500766410274e-16 3.817481646409286896e+03
5.630298753825348472e-16 4.232352157686247733e-16 3.818199924145525529e+03
1.078507095492268904e-15 4.227037450148880849e-16 3.818918212649128691e+03
1.014060692634377848e-16 4.246044897685757881e-16 3.819636511920093199e+03
-1.630895991528945227e-15 4.202466645217173153e-16 3.820354821958416323e+03
4.319827404531182726e-16 4.165233387519371980e-16 3.821073142764094882e+03
2.117007707416705264e-19 4.162783000923177216e-16 3.821791474337127056e+03
4.669021120192829242e-16 4.155143284394865794e-16 3.822509816677509662e+03
7.425671443890692120e-16 4.183249001001292438e-16 3.823228169785240425e+03
1.093237472194851102e-15 4.216831871964532250e-16 3.823946533660317073e+03
-3.293893354833386121e-16 4.191261943896508368e-16 3.824664908302734148e+03
5.190940649190197577e-16 4.190141155628260040e-16 3.825383293712491650e+03
2.243983883692545407e-15 4.242866477920980354e-16 3.826101689889585941e+03
6.978622584852283543e-16 4.270108429141860016e-16 3.826820096834015203e+03
-4.461836086211886044e-16 4.248262335723477652e-16 3.827538514545775342e+03
1.829605325505579196e-15 4.248654113466903628e-16 3.828256943024864086e+03
8.132027679760886746e-16 4.249854955990296653e-16 3.828975382271279159e+03
8.952382595109137785e-16 4.269515130985889757e-16 3.829693832285016470e+03
-9.894425178406487768e-16 4.268776729568947975e-16 3.830412293066076018e+03
1.416584744424733015e-15 4.266727495297063096e-16 3.831130764614452801e+03
-9.683197523906102064e-16 4.291350232991654664e-16 3.831849246930144545e+03
5.666429087397666424e-16 4.269010759816006263e-16 3.832567740013149887e+03
8.513449506334147213e-16 4.297894356549399155e-16 3.833286243863464733e+03
1.990546255282564706e-16 4.286250163368281304e-16 3.834004758481086355e+03
1.173921795327063728e-15 4.281113286478680286e-16 3.834723283866012480e+03
9.459946710552921305e-16 4.235704430628627745e-16 3.835441820018239923e+03
-1.026683961279128962e-16 4.229601261142786021e-16 3.836160366937767321e+03
6.964969857934107867e-16 4.195914316764496453e-16 3.836878924624590582e+03
5.629456438165242478e-16 4.202030030023841014e-16 3.837597493078708794e+03
1.439642096216364624e-15 4.182199210299772116e-16 3.838316072300116048e+03
3.308667164492824263e-16 4.164793847047747004e-16 3.839034662288812797e+03
-6.501132473957107484e-16 4.133340167293385790e-16 3.839753263044795858e+03
1.083830284940317397e-15 4.102779237131145522e-16 3.840471874568062049e+03
8.873321394096500975e-17 4.107109835593116041e-16 3.841190496858607275e+03
7.007784876552218886e-16 4.109994304621859395e-16 3.841909129916431993e+03
8.221816011023452442e-16 4.054547358546095989e-16 3.842627773741530291e+03
2.181370465070864656e-15 4.006411169938437533e-16 3.843346428333901713e+03
-1.433090927061091846e-14 5.824167161862604384e-16 3.844065093693543076e+03
-1.465242898159122782e-14 4.411658347104356757e-16 3.844783769820452108e+03
5.119559657727090543e-15 3.932982151344564376e-16 3.845502456714624714e+03
3.323845440656665365e-15 3.901817964897388560e-16 3.846221154376059076e+03
1.729345157177288119e-15 3.946220115845930590e-16 3.846939862804752920e+03
4.573249690319223184e-16 3.947467364387722462e-16 3.847658582000703973e+03
8.061933688312299698e-16 3.931181064184674210e-16 3.848377311963907232e+03
4.363813982635215075e-16 3.922436867594754782e-16 3.849096052694363607e+03
-6.766181734702999701e-16 3.881501854369508171e-16 3.849814804192067641e+03
1.049388363566899840e-15 3.841854073257478495e-16 3.850533566457017969e+03
-6.531275858116818286e-16 3.825786474470985375e-16 3.851252339489212318e+03
3.460496816533991411e-16 3.781599160812564213e-16 3.851971123288646595e+03
7.431034917718537228e-16 3.765184492911321402e-16 3.852689917855320346e+03
3.162857755060438967e-16 3.738784992035885096e-16 3.853408723189227658e+03
6.232631472356927650e-16 3.734145022077121599e-16 3.854127539290368986e+03
7.151076823152293713e-16 3.713384714750896899e-16 3.854846366158740238e+03
9.128270228029598396e-17 3.712274320041018581e-16 3.855565203794339141e+03
3.160609569023355367e-16 3.713713376680931574e-16 3.856284052197162964e+03
8.869455697137238613e-17 3.680913775932167154e-16 3.857002911367209890e+03
-3.163164012994132982e-16 3.777089722104025213e-16 3.857721781304476281e+03
4.543016716090012807e-17 3.719604646356630118e-16 3.858440662008959862e+03
1.215259205750832579e-15 3.657446661337251083e-16 3.859159553480658815e+03
-3.802710989332887388e-16 3.629770077692525545e-16 3.859878455719569502e+03
-8.399262795050418490e-16 3.654533176167902126e-16 3.860597368725689648e+03
9.958279929023794279e-16 3.617885456948673627e-16 3.861316292499016072e+03
7.261063836725576380e-17 3.593908605362120300e-16 3.862035227039546953e+03
-5.167491385490362276e-16 3.577033938881333950e-16 3.862754172347279564e+03
7.254019404496201077e-16 3.551616372888310940e-16 3.863473128422211175e+03
2.006182838777651274e-16 3.542801663663647536e-16 3.864192095264339514e+03
4.048729413760221298e-16 3.526883721107835877e-16 3.864911072873661851e+03
-2.640779773938592711e-16 3.512022693900968285e-16 3.865630061250175913e+03
-8.280284991169191662e-17 3.513259744260322171e-16 3.866349060393878062e+03
6.897877463992759760e-16 3.446414442038978954e-16 3.867068070304766479e+03
5.259703008270892926e-16 3.441640558831831942e-16 3.867787090982839345e+03
8.498798640956479272e-16 3.448789865859481314e-16 3.868506122428092567e+03
1.386593378558672485e-16 3.437527161448094596e-16 3.869225164640523872e+03
-5.763560514597694868e-17 3.413793186259943315e-16 3.869944217620131440e+03
-3.261161353921607694e-16 3.406956831478705888e-16 3.870663281366912997e+03
4.124757246172963299e-18 3.407715730496649434e-16 3.871382355880864452e+03
1.139960585922397881e-15 3.420785460753390411e-16 3.872101441161984440e+03
-1.882359152522696059e-16 3.380655060736326018e-16 3.872820537210270231e+03
2.216972240234644410e-16 3.363880801267669201e-16 3.873539644025719099e+03
-1.553424622491541648e-16 3.361079918722181997e-16 3.874258761608329223e+03
1.000665400447718981e-15 3.350974609953474913e-16 3.874977889958096966e+03
1.253506351448949336e-15 3.363288228105482588e-16 3.875697029075020055e+03
-8.632325854430962051e-18 3.337809805045567596e-16 3.876416178959096214e+03
-7.293186139270022822e-16 3.328937801153318898e-16 3.877135339610323172e+03
4.524302808844042734e-16 3.312969922643739318e-16 3.877854511028696834e+03
5.508691380552489908e-16 3.292665962987261094e-16 3.878573693214216291e+03
5.268628958579091286e-16 3.287696703750297262e-16 3.879292886166878816e+03
2.146757103778048422e-16 3.272746473200933606e-16 3.880012089886680769e+03
6.285286930201987618e-16 3.244195730146602818e-16 3.880731304373622152e+03
3.791428916558903887e-16 3.227661775503036037e-16 3.881450529627697506e+03
-9.165493895453367978e-17 3.229648367633683849e-16 3.882169765648905923e+03
5.905194811019616464e-16 3.239457510346420517e-16 3.882889012437244219e+03
1.734913253325247094e-16 3.211573181845570420e-16 3.883608269992711030e+03
5.345986981646350217e-16 3.193630370718033642e-16 3.884327538315302718e+03
2.028542484902909978e-16 3.192642314437643173e-16 3.885046817405016554e+03
1.262521135351043937e-15 3.168417589674715138e-16 3.885766107261850266e+03
9.850089906720032565e-17 3.174733685014270637e-16 3.886485407885802033e+03
2.682090307581886136e-16 3.175728691976733645e-16 3.887204719276869127e+03
3.886551693341382581e-16 3.163851315433175047e-16 3.887924041435048821e+03
7.702678671165445555e-16 3.156345259390645940e-16 3.888643374360337930e+03
-4.503585580547341364e-16 3.160958253128211760e-16 3.889362718052735545e+03
7.380270824330748320e-16 3.155972202656112400e-16 3.890082072512237573e+03
-2.785838597718565233e-16 3.163486491878871233e-16 3.890801437738842651e+03
1.122448745820561237e-15 3.140062872029680600e-16 3.891520813732547140e+03
-1.431628026285302723e-16 3.132228724381186100e-16 3.892240200493349221e+03
1.063309222577460060e-16 3.154348537711171593e-16 3.892959598021247075e+03
7.394395045793965048e-17 3.151323716728486461e-16 3.893679006316237064e+03
3.546753443260352328e-16 3.143122881888450825e-16 3.894398425378317370e+03
2.276950672135287445e-15 3.144792848929466594e-16 3.895117855207486173e+03
-4.187807659246442623e-16 3.148974050100949278e-16 3.895837295803738925e+03
-3.749764141335043702e-16 3.131427242248298730e-16 3.896556747167074718e+03
-6.243237672337084330e-16 3.136647890125769656e-16 3.897276209297491732e+03
1.502609961097695594e-15 3.136623392692046074e-16 3.897995682194985420e+03
2.271809905401020940e-16 3.137758606000414256e-16 3.898715165859554872e+03
3.449801897820560134e-17 3.139193585480445560e-16 3.899434660291196451e+03
6.575341572685177389e-16 3.145547913045167756e-16 3.900154165489908337e+03
-1.453859551916779852e-16 3.146100661861830128e-16 3.900873681455689621e+03
-5.101580612990844488e-16 3.141635117585400896e-16 3.901593208188535300e+03
7.912648419637880491e-16 3.140970911943853033e-16 3.902312745688444011e+03
7.572249127563780283e-16 3.150136762567229130e-16 3.903032293955413024e+03
4.464710003527735212e-16 3.172569086985278283e-16 3.903751852989440977e+03
-4.060253627007691528e-16 3.158394356640664862e-16 3.904471422790523320e+03
5.397647361718132878e-16 3.161603081336534962e-16 3.905191003358660055e+03
-1.490968122927837470e-16 3.169610850573581543e-16 3.905910594693846633e+03
7.477877417343998230e-16 3.190855693285404148e-16 3.906630196796081236e+03
2.680889752252088637e-16 3.196919585082978174e-16 3.907349809665362500e+03
1.660287361988560903e-16 3.224250367472095638e-16 3.908069433301687241e+03
3.905275135671017722e-16 3.208306844546923596e-16 3.908789067705052275e+03
-1.558640814166732805e-16 3.174577153806064566e-16 3.909508712875455785e+03
-6.240450101456692450e-16 3.193501415150763218e-16 3.910228368812896406e+03
5.771675622366973736e-16 3.177815998022136054e-16 3.910948035517369590e+03
8.264881682017439190e-16 3.179408959302173167e-16 3.911667712988874882e+03
9.621671330227376306e-16 3.172241710197292770e-16 3.912387401227408191e+03
-1.373082179705795726e-16 3.157624275940248580e-16 3.913107100232967241e+03
-4.538772457573107406e-17 3.144158722726247900e-16 3.913826810005551124e+03
5.301162809982917442e-16 3.119470731599653277e-16 3.914546530545157111e+03
3.652636385688600123e-16 3.103128025247711651e-16 3.915266261851781110e+03
-8.419216985995573935e-17 3.064756415700298235e-16 3.915986003925423120e+03
1.447227994064114322e-16 3.040793837317237350e-16 3.916705756766078139e+03
5.848950280001681913e-16 3.019807162024895676e-16 3.917425520373745712e+03
3.458025181990895289e-16 3.027224811843930649e-16 3.918145294748423112e+03
-1.433089691561774483e-16 3.010946746764679519e-16 3.918865079890106244e+03
1.471938836654673244e-15 2.989225132083528428e-16 3.919584875798795110e+03
8.339646712656494165e-16 2.960129149420467967e-16 3.920304682474485617e+03
-6.597475087575912102e-17 2.960585415022050822e-16 3.921024499917175945e+03
-6.422448711824917193e-16 2.957038590707782059e-16 3.921744328126864275e+03
2.484877170772250725e-16 2.927289167988650852e-16 3.922464167103546970e+03
7.869454831621746981e-16 2.914340788238703548e-16 3.923184016847222665e+03
3.465579175676173950e-16 2.891885868004737263e-16 3.923903877357888632e+03
-7.466744218483149604e-16 2.884980995877798968e-16 3.924623748635542142e+03
-2.929563322194395988e-16 2.867231038781015310e-16 3.925343630680182287e+03
5.446214091528868497e-16 2.848205822133324881e-16 3.926063523491804517e+03
6.166441099661961733e-16 2.836260493040538509e-16 3.926783427070407924e+03
-7.804957498703721206e-17 2.844374559011887895e-16 3.927503341415989780e+03
4.946581030065539962e-16 2.838266296312707683e-16 3.928223266528547356e+03
-3.831803668891510596e-16 2.827718971949772292e-16 3.928943202408077923e+03
4.854649713150070652e-16 2.810055613330871842e-16 3.929663149054580572e+03
4.833862357226349861e-16 2.797807132606822044e-16 3.930383106468051665e+03
9.189415993197427657e-16 2.816167756980306398e-16 3.931103074648488473e+03
2.653377680819575757e-16 2.799928194576559830e-16 3.931823053595890997e+03
-2.301574292195900591e-16 2.801311893411252882e-16 3.932543043310254234e+03
-1.576461386131002037e-16 2.797014471888012013e-16 3.933263043791576820e+03
5.267545223164259581e-16 2.787141433360393139e-16 3.933983055039857391e+03
-4.436363763024708448e-16 2.796232325522672667e-16 3.934703077055091853e+03
-2.824040601639170351e-16 2.813274277742066186e-16 3.935423109837278389e+03
1.480622957321385420e-16 2.813950025359309474e-16 3.936143153386415634e+03
3.490711032245854248e-16 2.819462335336334632e-16 3.936863207702499494e+03
4.414292515815592669e-16 2.828091207685282274e-16 3.937583272785529061e+03
-7.927077685537753111e-16 2.836312989158852198e-16 3.938303348635502061e+03
7.883706317131920204e-16 2.837746524240958281e-16 3.939023435252414856e+03
1.020024374215694922e-15 2.848768111055762711e-16 3.939743532636266082e+03
1.319254369053806005e-16 2.846955587955304703e-16 3.940463640787053009e+03
5.789634274010965825e-16 2.857682378457113191e-16 3.941183759704773365e+03
2.822668824342610837e-16 2.873037518641101887e-16 3.941903889389425331e+03
-1.189580956188671114e-16 2.886590918321251205e-16 3.942624029841005722e+03
-6.474458664383401013e-16 2.880899283491387300e-16 3.943344181059513176e+03
4.167056265899086955e-16 2.876139200414901272e-16 3.944064343044945417e+03
3.985254058128319138e-17 2.896789279677775084e-16 3.944784515797297900e+03
-2.139795662517226822e-16 2.881839871761595357e-16 3.945504699316571077e+03
-2.946395416878108999e-17 2.879025155886854735e-16 3.946224893602761767e+03
6.527609658258523725e-16 2.873522186171156115e-16 3.946945098655866786e+03
5.103364818988380632e-16 2.861148670568375072e-16 3.947665314475883406e+03
-2.456547241912356057e-17 2.841862175129362635e-16 3.948385541062810717e+03
-6.632268781443838914e-16 2.837676459519384758e-16 3.949105778416646899e+03
1.553296060260365451e-16 2.808736422424196101e-16 3.949826026537387861e+03
-4.449010914018041694e-17 2.815167638562778340e-16 3.950546285425031783e+03
8.723046960025865339e-16 2.795956321361532852e-16 3.951266555079578211e+03
-3.459227130275434463e-16 2.776617945025102756e-16 3.951986835501023052e+03
1.224207003532098794e-16 2.782378316997275876e-16 3.952707126689363577e+03
-2.150685955997546204e-16 2.770988347542549570e-16 3.953427428644597967e+03
5.184004410000294266e-16 2.765511134942180380e-16 3.954147741366724404e+03
4.822240796259569408e-18 2.766162328093143669e-16 3.954868064855740613e+03
-4.061036902018029537e-16 2.725163597476516828e-16 3.955588399111643412e+03
1.207067830766234901e-15 2.691237841547062848e-16 3.956308744134432345e+03
1.964671557251134845e-16 2.674322691398815599e-16 3.957029099924103321e+03
-4.985829209904650330e-16 2.659077492324982204e-16 3.957749466480653609e+03
1.298138662078152462e-16 2.655498425963816199e-16 3.958469843804083212e+03
7.105789796048714920e-16 2.628658150186261241e-16 3.959190231894387125e+03
-1.485741859195116499e-17 2.608325090306727481e-16 3.959910630751564895e+03
4.556373765607488012e-16 2.597637280254751130e-16 3.960631040375615157e+03
4.521674605388272731e-16 2.602470926736643455e-16 3.961351460766533819e+03
3.091786980395583912e-16 2.596792202415149959e-16 3.962071891924319061e+03
2.922020030551012828e-16 2.581123869996327079e-16 3.962792333848967701e+03
3.835722871895950875e-16 2.573543043694196915e-16 3.963512786540479283e+03
1.620174338252939744e-16 2.573975025013474313e-16 3.964233249998850624e+03
-8.898411378133291143e-16 2.547956424822940805e-16 3.964953724224079451e+03
3.610396964824621241e-16 2.527273522758855537e-16 3.965674209216163035e+03
2.677507871299058259e-16 2.534333257496149284e-16 3.966394704975099557e+03
1.479798266222801971e-16 2.535328201308002230e-16 3.967115211500888108e+03
6.646575479387993274e-16 2.548619489545861040e-16 3.967835728793523231e+03
4.696745623011833511e-16 2.548023009695230183e-16 3.968556256853005834e+03
1.156457997649155135e-16 2.543328109863506255e-16 3.969276795679331826e+03
8.534240122353637299e-16 2.548332380575402639e-16 3.969997345272499842e+03
1.226884118634453746e-16 2.542206917988371963e-16 3.970717905632507154e+03
3.489227927047713284e-17 2.552649392443230498e-16 3.971438476759351488e+03
1.071054539133106050e-15 2.562170408198504092e-16 3.972159058653030570e+03
2.392763622193341162e-16 2.551029482429493539e-16 3.972879651313543036e+03
1.699200274595507903e-16 2.559027891167701472e-16 3.973600254740886157e+03
-1.500198772931243264e-17 2.557667708329862369e-16 3.974320868935056296e+03
-2.511539075089293485e-16 2.558742680102038519e-16 3.975041493896053908e+03
-4.250596411432339518e-16 2.563810063180192388e-16 3.975762129623873989e+03
2.983403213328285448e-16 2.568913208872708379e-16 3.976482776118516540e+03
4.516971478655821488e-16 2.579389156505525404e-16 3.977203433379977469e+03
9.152313246399782408e-18 2.607774674653066189e-16 3.977924101408254955e+03
1.025165632977194706e-16 2.878619804635936314e-16 3.978644780203348546e+03
1.587678062000580936e-16 2.877978292542189947e-16 3.979365469765253692e+03
8.566997955216694122e-16 2.573947609468341555e-16 3.980086170093969940e+03
1.211975786394057630e-16 2.568314484704789807e-16 3.980806881189493652e+03
5.780820699004982772e-17 2.585770554740042236e-16 3.981527603051823462e+03
8.738095807924259353e-17 2.576011674285456416e-16 3.982248335680957553e+03
1.025882881817530685e-15 2.573703738035507486e-16 3.982969079076891830e+03
1.561825571988790610e-16 2.563586315189640864e-16 3.983689833239626296e+03
5.263193062890873358e-16 2.563377695350423723e-16 3.984410598169156856e+03
-1.053063307619021626e-16 2.546981769064196988e-16 3.985131373865483056e+03
1.158295237765218366e-16 2.538414888160152600e-16 3.985852160328601713e+03
-5.136961673295407119e-16 2.545634987166515462e-16 3.986572957558511007e+03
5.962186776789237058e-16 2.543890212249660975e-16 3.987293765555208211e+03
-4.326176929775270274e-16 2.549594504521199550e-16 3.988014584318691050e+03
9.110469236458047319e-16 2.539108837758060135e-16 3.988735413848958160e+03
-3.060323315202667925e-16 2.519439224173197266e-16 3.989456254146005449e+03
1.087121808923003628e-16 2.503516402181810942e-16 3.990177105209833826e+03
-2.520736301188806571e-16 2.503349644598734568e-16 3.990897967040438743e+03
4.351525356116129987e-16 2.494322615468442461e-16 3.991618839637818382e+03
3.427395866698979883e-16 2.472421664370067792e-16 3.992339723001971379e+03
2.033063995671483744e-16 2.480157320032306362e-16 3.993060617132894549e+03
1.606986961958932051e-16 2.472871597217747635e-16 3.993781522030585620e+03
3.647505677436085375e-16 2.473138878069103875e-16 3.994502437695044136e+03
1.514041086900884249e-15 2.519246403687613252e-16 3.995223364126265551e+03
4.890932391530161527e-16 2.469619780158072663e-16 3.995944301324249409e+03
3.747036349785262111e-16 2.449469597948021142e-16 3.996665249288992527e+03
-4.884961194612223573e-16 2.437537863965959699e-16 3.997386208020493086e+03
2.417432301949754232e-16 2.451328317512988047e-16 3.998107177518749722e+03
-1.283531203349917658e-16 2.440321434292299293e-16 3.998828157783758797e+03
2.899312538460891065e-16 2.418951215020134856e-16 3.999549148815518947e+03
-6.264166082369544001e-16 2.424026060763420128e-16 4.000270150614027443e+03
4.461950107357820481e-16 2.439215406560253533e-16 4.000991163179283831e+03
1.149764234542301618e-16 2.435334258370705713e-16 4.001712186511282653e+03
-1.382899232703232054e-16 2.434453627473084741e-16 4.002433220610025273e+03
1.500590888765856086e-16 2.458814741277008770e-16 4.003154265475508055e+03
3.029614427024883996e-16 2.474950493830561260e-16 4.003875321107728269e+03
6.536635404013231338e-16 2.485584335876044294e-16 4.004596387506684550e+03
-1.262129053503967826e-16 2.485186179615966790e-16 4.005317464672374172e+03
-6.102706040301666319e-17 2.498739048422850533e-16 4.006038552604795768e+03
-2.405041055183599226e-16 2.488126886290906019e-16 4.006759651303945247e+03
2.818618338900194816e-16 2.484648381775240502e-16 4.007480760769823974e+03
9.162290609573279418e-16 2.495351512306177304e-16 4.008201881002426035e+03
-2.779962956859244253e-16 2.492503130751025265e-16 4.008923012001752340e+03
-4.296703451674962973e-16 2.499288959549301796e-16 4.009644153767797434e+03
8.641392128895220810e-16 2.519080973278689062e-16 4.010365306300562679e+03
1.236863908384340125e-15 2.512297250597199183e-16 4.011086469600044438e+03
3.105544950782699327e-17 2.515238428044949266e-16 4.011807643666239528e+03
1.809778601837786079e-16 2.504828607123052650e-16 4.012528828499147494e+03
2.697320505010053366e-16 2.492021827855977112e-16 4.013250024098765607e+03
7.707250536447138222e-17 2.489555051260379607e-16 4.013971230465091139e+03
1.163822195983796960e-16 2.480900465353486853e-16 4.014692447598122726e+03
8.050969255208597784e-16 2.470934283416940380e-16 4.015413675497857639e+03
-4.999777425947051215e-16 2.447571460870867418e-16 4.016134914164293605e+03
4.826986116810796364e-16 2.441600659010459935e-16 4.016856163597429259e+03
2.710353484318545285e-16 2.441305317511264913e-16 4.017577423797262782e+03
5.155079707552745010e-16 2.420046332775654939e-16 4.018298694763790991e+03
-2.626340385863171331e-16 2.402994312534870450e-16 4.019019976497012522e+03
2.027810305449456069e-16 2.391940106415568743e-16 4.019741268996924191e+03
-1.806674646961971403e-16 2.393898320896689824e-16 4.020462572263524635e+03
8.941963318038796387e-16 2.392421120822477944e-16 4.021183886296812943e+03
3.126136377180357321e-16 2.396944011048447145e-16 4.021905211096785024e+03
-3.841178030219139436e-16 2.397883800371738802e-16 4.022626546663439058e+03
8.331479162647644388e-16 2.410570911256486483e-16 4.023347892996774135e+03
4.353554376310108353e-16 2.407028462101631423e-16 4.024069250096786163e+03
4.990033058380997486e-16 2.394313507935641245e-16 4.024790617963475597e+03
-1.451108135348165996e-16 2.383883643655416199e-16 4.025511996596838799e+03
-7.984686500388458848e-17 2.373109153159608190e-16 4.026233385996873949e+03
7.596279889763849824e-16 2.362197065018394799e-16 4.026954786163578319e+03
-2.405934564015611829e-16 2.369232202058062906e-16 4.027676197096950546e+03
8.368041570112991412e-16 2.362920458642940198e-16 4.028397618796988354e+03
4.968820964267644188e-16 2.338028927669699014e-16 4.029119051263689471e+03
9.698911461535251801e-17 2.334483899293458416e-16 4.029840494497053442e+03
-1.112966509798891849e-16 2.350537028012597845e-16 4.030561948497074809e+03
4.965248937920639730e-16 2.451719951106166240e-16 4.031283413263754028e+03
-5.380926651855934775e-16 2.314093833338972308e-16 4.032004888797088825e+03
7.095284796969444812e-16 2.298711650129407339e-16 4.032726375097076016e+03
-6.724399256235664924e-17 2.306335594740720675e-16 4.033447872163714692e+03
2.026506476795843145e-16 2.304541621262555684e-16 4.034169379997001670e+03
5.413671973931396897e-16 2.294440574225963231e-16 4.034890898596935131e+03
1.230250889873528351e-16 2.301962046357766746e-16 4.035612427963513710e+03
2.992870664375144692e-16 2.307936852041901139e-16 4.036333968096735134e+03
1.970920500667454862e-16 2.317325908547769862e-16 4.037055518996597129e+03
3.329274288177755149e-16 2.330509127822979117e-16 4.037777080663097877e+03
2.554094987215380310e-16 2.332131148133524316e-16 4.038498653096234648e+03
-3.312152074883091417e-16 2.329318304408249266e-16 4.039220236296005623e+03
7.405484543202975800e-16 2.340360324185760228e-16 4.039941830262408985e+03
1.351631845267840259e-17 2.350611850731374650e-16 4.040663434995442003e+03
-1.162627892474645671e-16 2.356903808141625050e-16 4.041385050495104224e+03
-3.624257195050175754e-16 2.359079779987187920e-16 4.042106676761392464e+03
7.160233090782739571e-16 2.371960114548349492e-16 4.042828313794303540e+03
1.063311192432650111e-15 2.360991169141667387e-16 4.043549961593837907e+03
4.436678732498055032e-18 2.356391761472324960e-16 4.044271620159991471e+03
2.778886118664202687e-16 2.351469602643906669e-16 4.044993289492763324e+03
5.848503680252167478e-16 2.342081932349591179e-16 4.045714969592150737e+03
7.823736950965971083e-17 2.339359195224176974e-16 4.046436660458151437e+03
6.615468665234070980e-18 2.342099207963949490e-16 4.047158362090764058e+03
2.450982948234790015e-16 2.341826165038313922e-16 4.047880074489987237e+03
1.165560641394321742e-15 2.330295727046119708e-16 4.048601797655816881e+03
2.022631126105044337e-19 2.311186325489849552e-16 4.049323531588252536e+03
2.492735103483895372e-16 2.287228088756651815e-16 4.050045276287291927e+03
-4.115342834940879598e-17 2.271881284345744517e-16 4.050767031752931871e+03
5.559590855438547425e-16 2.251275925070976887e-16 4.051488797985172368e+03
6.827426929079656641e-16 2.224678041032778916e-16 4.052210574984009781e+03
-1.748103036033571861e-16 2.223008515284650180e-16 4.052932362749443200e+03
2.345997316529257006e-16 2.207750126780556150e-16 4.053654161281468987e+03
3.099467428944886137e-16 2.185073998541273661e-16 4.054375970580086687e+03
5.259685692138460773e-16 2.170469056200584389e-16 4.055097790645292662e+03
5.105472713758108962e-17 2.165475593484382734e-16 4.055819621477087367e+03
2.573444474103854452e-16 2.236738482770541141e-16 4.056541463075465799e+03
2.383048103300118923e-16 2.160888237980498793e-16 4.057263315440428414e+03
8.940183685339366465e-17 2.138851030813776729e-16 4.057985178571971119e+03
2.805552393642580677e-16 2.130917291017484547e-16 4.058707052470094368e+03
9.503456126307885545e-16 2.140379490412265637e-16 4.059428937134794069e+03
-6.174297963091239354e-17 2.133952505008046418e-16 4.060150832566068857e+03
2.047696169967213780e-16 2.128032020697653370e-16 4.060872738763917368e+03
3.470076868294007973e-16 2.124026483313610593e-16 4.061594655728335965e+03
7.223492234601933690e-17 2.108741712748176640e-16 4.062316583459324193e+03
-1.038023265241412250e-16 2.112109940477559461e-16 4.063038521956879777e+03
-1.515169138740984536e-16 2.102107410659101941e-16 4.063760471220999534e+03
8.490486392162342583e-16 2.117490653770279691e-16 4.064482431251683010e+03
8.459439670312627665e-16 2.106803098500570634e-16 4.065204402048927477e+03
4.430360979637985017e-16 2.102734819550453239e-16 4.065926383612730206e+03
-4.588197371565178102e-16 2.083110892885867987e-16 4.066648375943090286e+03
2.182178926170642800e-16 2.064089456198691776e-16 4.067370379040005901e+03
5.158971061359257726e-16 2.039816747625321180e-16 4.068092392903473410e+03
-2.466083383230479861e-17 2.029468320260154916e-16 4.068814417533493724e+03
-2.194469091640738392e-16 2.022464690487632717e-16 4.069536452930062296e+03
5.468200151233990227e-16 2.018617323394600256e-16 4.070258499093177306e+03
8.175565033831354583e-16 2.003460887140374393e-16 4.070980556022837845e+03
2.913444546020492098e-16 1.979205739130245547e-16 4.071702623719041185e+03
9.734324237256972963e-17 1.967088156523816202e-16 4.072424702181786415e+03
9.699400040892223562e-16 1.947877071175726079e-16 4.073146791411070808e+03
4.660152826322623805e-16 1.929283270225806323e-16 4.073868891406890725e+03
6.182670162012000104e-16 1.924513028219415936e-16 4.074591002169246622e+03
1.836398260332749556e-16 1.904072949564038886e-16 4.075313123698136224e+03
3.075983059402116287e-16 1.874750073842834759e-16 4.076035255993556348e+03
-1.327247406474438072e-16 1.863614141999324398e-16 4.076757399055506539e+03
2.321311843355350352e-16 1.850682526909508935e-16 4.077479552883982706e+03
-1.796100066779814441e-16 1.841337480139490299e-16 4.078201717478985302e+03
7.257009870546540569e-16 1.829054849110307116e-16 4.078923892840510234e+03
2.915545147396805359e-16 1.838106659522404837e-16 4.079646078968556594e+03
-3.072039146049311395e-16 1.827777788773174313e-16 4.080368275863122108e+03
4.709012906226634770e-16 1.800563180484524466e-16 4.081090483524205411e+03
5.187202334993279430e-16 1.784347624341822313e-16 4.081812701951804229e+03
7.189980575111054881e-16 1.780262020949414947e-16 4.082534931145916744e+03
2.968277660327052105e-17 1.812855033419145913e-16 4.083257171106540227e+03
-1.694988160636691405e-16 1.744566680448415382e-16 4.083979421833672404e+03
5.908031436779789534e-16 1.730524986040612408e-16 4.084701683327313731e+03
3.809338178192597611e-16 1.723837544300920904e-16 4.085423955587459204e+03
-5.696970497426412359e-17 1.713243188530481384e-16 4.086146238614109734e+03
-8.966115006304659088e-17 1.703817941380141707e-16 4.086868532407261227e+03
7.575502510856239760e-16 1.684229907365274659e-16 4.087590836966912320e+03
-7.447273539469701937e-17 1.671872035104758921e-16 4.088313152293061648e+03
3.289000156385374221e-16 1.658696024700265830e-16 4.089035478385705574e+03
3.150144225650969572e-16 1.645423886406846811e-16 4.089757815244845460e+03
1.102154787771551634e-16 1.630942495454283229e-16 4.090480162870474487e+03
3.444222726299801121e-17 1.627690979376541335e-16 4.091202521262595837e+03
4.547496469167374553e-16 1.616004674976543641e-16 4.091924890421204509e+03
-2.929098090250951698e-16 1.596604099181937093e-16 4.092647270346300047e+03
2.870342574364695056e-17 1.576955529511328039e-16 4.093369661037879268e+03
1.994372498180103262e-16 1.571534272883598839e-16 4.094092062495940354e+03
3.630505037168623305e-16 1.556815171414709724e-16 4.094814474720481940e+03
4.833523835503873463e-16 1.543216742665495773e-16 4.095536897711501297e+03
2.400904886843226292e-16 1.532932583587584210e-16 4.096259331468998425e+03
4.155452982675045437e-16 1.514732460149631890e-16 4.096981775992968323e+03
-3.747045401803228800e-16 1.508135389327289624e-16 4.097704231283412810e+03
2.673935172709960458e-16 1.495382957030118566e-16 4.098426697340326427e+03
5.835430770322237751e-16 1.489090891821743696e-16 4.099149174163709176e+03
9.470033886758497242e-17 1.480544111975306221e-16 4.099871661753559238e+03
2.534688996617940363e-16 1.482063574506164557e-16 4.100594160109872973e+03
1.083674757405935483e-16 1.484470515055105579e-16 4.101316669232652202e+03
5.018171559138781584e-16 1.492268113716555338e-16 4.102039189121889649e+03
-2.808449112208591303e-16 1.491900246663292265e-16 4.102761719777587132e+03
2.334747540634528033e-16 1.496223829249275870e-16 4.103484261199742832e+03
4.258480077243539853e-16 1.488715617112499849e-16 4.104206813388353112e+03
-8.232299676428507526e-17 1.494411155122592435e-16 4.104929376343417061e+03
-3.507460969712106890e-17 1.497701457501233132e-16 4.105651950064931953e+03
4.335422441331150619e-16 1.497727434176358564e-16 4.106374534552896876e+03
-8.924720422116564765e-19 1.493948556050439749e-16 4.107097129807309102e+03
3.703598014540087518e-16 1.506564398296536391e-16 4.107819735828167723e+03
-7.763749166434290272e-17 1.510801395348172104e-16 4.108542352615470008e+03
4.736212766573227666e-16 1.515979363157058420e-16 4.109264980169214141e+03
-1.459611825872975599e-16 1.512439109776392438e-16 4.109987618489397391e+03
-4.036316139549765514e-16 1.520771786067589210e-16 4.110710267576019760e+03
4.822144112614966565e-16 1.524539617451013255e-16 4.111432927429080337e+03
2.927783984762177262e-16 1.527296145059081532e-16 4.112155598048571846e+03
7.875251379263273159e-17 1.532945414531229246e-16 4.112878279434497927e+03
2.823484166550251819e-16 1.547486484509750970e-16 4.113600971586854939e+03
4.958690051774353191e-16 1.549231037917003650e-16 4.114323674505638337e+03
-8.404740895275759358e-17 1.547524973447046145e-16 4.115046388190849029e+03
3.623525429316390956e-16 1.557993873828315737e-16 4.115769112642485197e+03
3.043496220249003593e-17 1.562700081584102282e-16 4.116491847860545931e+03
3.465168565433277042e-16 1.566333927769820048e-16 4.117214593845026684e+03
2.731198559284545412e-16 1.582517551892933740e-16 4.117937350595926546e+03
4.128497391583491055e-16 1.577563558333668984e-16 4.118660118113243698e+03
-9.781326409033096080e-17 1.587304260049874596e-16 4.119382896396975411e+03
6.397605934247371260e-16 1.594604790233147094e-16 4.120105685447122596e+03
3.269777653948336575e-16 1.602291951879093442e-16 4.120828485263680705e+03
1.330583188230066300e-16 1.600573078154076655e-16 4.121551295846649737e+03
2.261868166347322974e-17 1.608198846228246117e-16 4.122274117196025145e+03
8.002866370561403590e-17 1.605145772780250265e-16 4.122996949311807839e+03
2.127087144728236520e-16 1.610305879121869161e-16 4.123719792193993271e+03
8.138181946137602491e-17 1.618184869882690968e-16 4.124442645842582351e+03
3.109827561609873250e-16 1.619693766730823106e-16 4.125165510257573260e+03
6.848466078031235449e-16 1.629354761659202879e-16 4.125888385438960540e+03
-3.778371632290269498e-17 1.635584237187643149e-16 4.126611271386744193e+03
-3.317402475342520545e-17 1.639181472240850983e-16 4.127334168100924217e+03
7.759207939659523978e-16 1.645848712513941536e-16 4.128057075581498793e+03
2.095011459055825823e-16 1.646362978382344423e-16 4.128779993828462466e+03
-4.541125634401461517e-17 1.657575084082575775e-16 4.129502922841816144e+03
-1.381951981694746310e-16 1.655297012439630243e-16 4.130225862621557098e+03
1.812383013903913298e-16 1.672499831745771066e-16 4.130948813167683511e+03
5.656949642639915146e-16 1.679011665614372207e-16 4.131671774480194472e+03
4.340636119011682294e-16 1.678606468198628008e-16 4.132394746559088162e+03
1.934774213298157494e-16 1.673611925643516776e-16 4.133117729404359125e+03
-2.581085890061315249e-16 1.676155872337376580e-16 4.133840723016010088e+03
5.072668789399212479e-16 1.678581661104496331e-16 4.134563727394037414e+03
5.362984757886408485e-16 1.679340229575100286e-16 4.135286742538440194e+03
1.076274200386657157e-16 1.684126461384389220e-16 4.136009768449214789e+03
-4.464335882661668769e-17 1.682645207939962629e-16 4.136732805126359381e+03
3.136084851838089381e-16 1.686923538178853326e-16 4.137455852569875788e+03
3.559196476119685873e-16 1.690967241473011912e-16 4.138178910779755824e+03
5.336589648148043190e-16 1.696586610298947905e-16 4.138901979756004948e+03
4.234992628777563129e-16 1.696371302832596680e-16 4.139625059498615883e+03
6.711389653069706861e-17 1.699928358723094809e-16 4.140348150007587719e+03
6.003818039458567844e-17 1.701287329907152372e-16 4.141071251282920457e+03
8.211866366055465642e-16 1.693335742766090324e-16 4.141794363324612277e+03
-1.120080843383747112e-16 1.683232195973605413e-16 4.142517486132658632e+03
2.718062116661075792e-18 1.685827899412771554e-16 4.143240619707058613e+03
-1.473216138171431327e-16 1.702815320809243723e-16 4.143963764047812219e+03
7.124545262241856549e-16 1.698756984716569098e-16 4.144686919154917632e+03
2.703377231950539906e-16 1.690345568269371460e-16 4.145410085028370304e+03
2.871681489050205634e-16 1.692958674591312508e-16 4.146133261668171144e+03
-9.814119260166021939e-17 1.699520594130168632e-16 4.146856449074316515e+03
-3.406202121707124974e-17 1.714838661174682094e-16 4.147579647246806417e+03
4.166471684594654305e-16 1.806030343333886592e-16 4.148302856185636301e+03
3.083983985828339493e-16 1.728215311342744615e-16 4.149026075890807988e+03
6.824204715801605420e-17 1.729650340742483428e-16 4.149749306362316020e+03
1.799909004759957146e-16 1.736333419008663429e-16 4.150472547600162216e+03
5.087740267893261649e-17 1.740000933060595032e-16 4.151195799604341119e+03
1.952368059278137756e-16 1.739038285614967086e-16 4.151919062374852729e+03
5.624613422102757728e-16 1.738035461715428147e-16 4.152642335911696136e+03
1.202685163852614443e-16 1.743370392667416888e-16 4.153365620214868613e+03
-3.630957529731536701e-18 1.742477097908457234e-16 4.154088915284367431e+03
8.057467071614065560e-17 1.766447140256679967e-16 4.154812221120191680e+03
4.485053734074490929e-16 1.770431276172515443e-16 4.155535537722340450e+03
4.559636541511498224e-16 1.751713360138749990e-16 4.156258865090810104e+03
1.264907556129134158e-16 1.752610592541839000e-16 4.156982203225598823e+03
3.504424590197376074e-16 1.755900779255717430e-16 4.157705552126707516e+03
7.336936346378950287e-16 1.761593722211535473e-16 4.158428911794131636e+03
2.355940036290263236e-16 1.767314801104594782e-16 4.159152282227871183e+03
9.856380030223970457e-17 1.778621530171712209e-16 4.159875663427923428e+03
2.940196414615658349e-17 1.776726365419563407e-16 4.160599055394286552e+03
-6.754277997111334561e-19 1.776257623647516347e-16 4.161322458126957827e+03
4.744860400065228621e-16 1.783397003555499733e-16 4.162045871625938162e+03
3.191165622021162361e-16 1.785977343782225676e-16 4.162769295891223010e+03
6.516786145721862592e-16 1.789288101553990634e-16 4.163492730922811461e+03
6.304683807508445526e-17 1.795275617812322710e-16 4.164216176720703515e+03
1.451132478837664705e-16 1.807353191864705356e-16 4.164939633284895535e+03
2.500301789295556969e-16 1.820207213580401618e-16 4.165663100615385702e+03
3.205850893906274780e-16 1.807040248489451893e-16 4.166386578712172195e+03
4.777750613063444180e-18 1.805465629252725700e-16 4.167110067575255016e+03
-1.071359456309831198e-16 1.823945354399929764e-16 4.167833567204628707e+03
1.319051503788487421e-16 1.819287195675097586e-16 4.168557077600296907e+03
4.202803789888493239e-17 1.836563054789924813e-16 4.169280598762252339e+03
3.090551391216263323e-16 1.821019206797225810e-16 4.170004130690496822e+03
6.137183248862961995e-16 1.835783346488830610e-16 4.170727673385026719e+03
1.245474188095470606e-16 2.121834078511607726e-16 4.171451226845841120e+03
2.874857646957743983e-16 2.904636818765021077e-16 4.172174791072938206e+03
3.048602459373762404e-16 1.884387958421827810e-16 4.172898366066316157e+03
1.541456320017675787e-16 1.874215500752993012e-16 4.173621951825974975e+03
1.568139134547787789e-16 1.848082887321098445e-16 4.174345548351908292e+03
1.854815365356672936e-16 1.778529403558509477e-16 4.175069155644118837e+03
5.884188481775542239e-16 1.774454499328425060e-16 4.175792773702602972e+03
-7.077516499722580414e-16 1.754743232333186439e-16 4.176516402527358878e+03
1.289509882591868665e-16 1.746118060431328747e-16 4.177240042118385645e+03
7.983838083977581963e-16 1.749113988396547676e-16 4.177963692475679636e+03
5.904199467326739592e-16 1.849421535946073048e-16 4.178687353599239941e+03
-1.815760201422530545e-16 1.797677842616679430e-16 4.179411025489067470e+03
3.726233705241151061e-16 1.724201650267241365e-16 4.180134708145156765e+03
3.291311964385650507e-17 1.709549626057909470e-16 4.180858401567509645e+03
1.181493312721194635e-17 1.710081437218256414e-16 4.181582105756118835e+03
2.458352194373987891e-16 1.701755673596638347e-16 4.182305820710988883e+03
-3.201066638238209361e-17 1.692019008309924834e-16 4.183029546432114330e+03
2.859656038196562139e-16 1.681756984275263712e-16 4.183753282919494268e+03
6.610440234352596395e-16 1.673574045115225814e-16 4.184477030173125968e+03
4.747900405088829905e-16 1.676455741281662419e-16 4.185200788193011249e+03
1.233266322229894117e-16 1.671902866003752915e-16 4.185924556979143745e+03
-1.994965736287338494e-16 1.660454740632745211e-16 4.186648336531525274e+03
-2.614403409424714219e-17 1.658913859419122387e-16 4.187372126850152199e+03
3.121238011510205250e-16 1.653206453137103586e-16 4.188095927935022701e+03
3.454470270874391723e-16 1.653943056425170018e-16 4.188819739786134960e+03
6.172963567564046804e-16 1.652436315358078420e-16 4.189543562403489886e+03
-2.092509292899110996e-16 1.654939471844889252e-16 4.190267395787081114e+03
3.253749387687038408e-16 1.643634313590066695e-16 4.190991239936913189e+03
3.979003973072682591e-16 1.629570923463957116e-16 4.191715094852977927e+03
4.693451540709163167e-16 1.631099798568939812e-16 4.192438960535277147e+03
1.184339865159976660e-16 1.630723624609469221e-16 4.193162836983809029e+03
-3.124328006007525054e-16 1.635429169104770307e-16 4.193886724198569937e+03
3.935750143750248743e-17 1.635430363407295912e-16 4.194610622179559869e+03
3.055482391181850273e-16 1.622322564171036299e-16 4.195334530926778825e+03
2.684620383614566062e-17 1.627602078792165978e-16 4.196058450440219531e+03
8.998592672771581355e-17 1.622649093749951697e-16 4.196782380719885623e+03
8.109395980072514833e-17 1.613731018118735072e-16 4.197506321765772554e+03
-4.788801939639350030e-17 1.603969254622664652e-16 4.198230273577881235e+03
5.482201480488682518e-16 1.600382306464983148e-16 4.198954236156206207e+03
2.888497614645031066e-16 1.596707998242636498e-16 4.199678209500749290e+03
-1.395581910517632472e-16 1.599500184536356690e-16 4.200402193611507755e+03
3.197630088337418192e-16 1.593333625504914896e-16 4.201126188488478874e+03
4.656085514110282549e-16 1.583730379741276580e-16 4.201850194131659009e+03
8.847823205502466072e-17 1.578924592557289286e-16 4.202574210541050888e+03
3.834119758821821559e-16 1.578174912067690436e-16 4.203298237716651784e+03
-4.243364764057221800e-17 1.568777790941232177e-16 4.204022275658457147e+03
-6.034013588015372988e-17 1.569655828272575130e-16 4.204746324366466979e+03
2.516556933937967778e-16 1.566595560209767893e-16 4.205470383840680370e+03
3.084562164423410302e-16 1.575596477181411717e-16 4.206194454081096410e+03
4.031712963495327277e-17 1.594766260989979179e-16 4.206918535087710552e+03
1.320761939780522315e-16 1.727865051218972587e-16 4.207642626860524615e+03
-1.128828546518059924e-16 2.372803749844473742e-16 4.208366729399532232e+03
2.250490779096664106e-16 1.623413478474516608e-16 4.209090842704735223e+03
3.463253990060680356e-16 1.566927584679999357e-16 4.209814966776131769e+03
-6.786802268019505182e-17 1.579038703890624320e-16 4.210539101613718231e+03
9.554878203027839890e-17 1.569990395455338921e-16 4.211263247217494609e+03
3.897555210287957744e-16 1.563413546456488532e-16 4.211987403587459085e+03
7.262909234977598478e-17 1.560037182065249454e-16 4.212711570723609839e+03
3.522070725299104427e-16 1.555775107978194911e-16 4.213435748625945052e+03
4.191359803809687650e-16 1.550882258300838384e-16 4.214159937294461997e+03
2.424977066126499238e-16 1.547709024251640285e-16 4.214884136729160673e+03
-7.805159364608462517e-17 1.543920074400826997e-16 4.215608346930038351e+03
2.008452489760635662e-16 1.529107588541504607e-16 4.216332567897094123e+03
-2.124571886532430480e-16 1.528743651972374970e-16 4.217056799630326168e+03
2.571593724176293494e-16 1.523260768738625794e-16 4.217781042129730849e+03
9.404505899900036727e-17 1.511401426456383176e-16 4.218505295395309076e+03
2.559815181303454133e-16 1.510516600248748611e-16 4.219229559427058120e+03
2.290642667662299746e-16 1.511373327806807418e-16 4.219953834224977982e+03
7.080833167851582632e-16 1.500324704570107077e-16 4.220678119789063203e+03
-2.825221623834596519e-17 1.493667221663193538e-16 4.221402416119315603e+03
-6.002066346047762335e-17 1.493984973844565503e-16 4.222126723215732454e+03
1.298751977607702776e-16 1.483608195000223092e-16 4.222851041078311027e+03
4.052178677660546751e-16 1.475436212565729529e-16 4.223575369707051323e+03
1.692667567743850608e-16 1.478781147676317691e-16 4.224299709101949702e+03
6.352185575992561150e-16 1.485194298409460921e-16 4.225024059263007985e+03
6.596807837039663765e-16 1.483040846618191194e-16 4.225748420190220713e+03
-3.467077480977932509e-16 1.491082875434966897e-16 4.226472791883586979e+03
2.972343476504452471e-16 1.495097989331263179e-16 4.227197174343107690e+03
-2.070626803028231938e-18 1.493172164896394626e-16 4.227921567568779210e+03
5.534810889889809482e-16 1.490896095334996776e-16 4.228645971560599719e+03
5.828555011072584199e-17 1.490265805400676625e-16 4.229370386318566489e+03
3.543209290335203931e-16 1.489907504879064706e-16 4.230094811842680429e+03
-5.038052724422939958e-17 1.482126553913575550e-16 4.230819248132938810e+03
1.208354788222273233e-16 1.480829669282834772e-16 4.231543695189340724e+03
5.708214556161312398e-16 1.477236898815241987e-16 4.232268153011882532e+03
4.999660673578120964e-16 1.471718639838642178e-16 4.232992621600564235e+03
2.588507597859568587e-16 1.469667026180419677e-16 4.233717100955383103e+03
8.814003224599511594e-17 1.468013592556036250e-16 4.234441591076339137e+03
5.089425369286188555e-16 1.469586219183264619e-16 4.235166091963429608e+03
-1.513320575340431729e-17 1.464497575219495248e-16 4.235890603616651788e+03
-1.417707011590728660e-16 1.464525759293699729e-16 4.236615126036006586e+03
3.639574779164202582e-16 1.461898644249343429e-16 4.237339659221491274e+03
5.036386324317003095e-16 1.455578016045004032e-16 4.238064203173102214e+03
8.704596107119867742e-17 1.453318107554832698e-16 4.238788757890840316e+03
5.328581288172550135e-16 1.460121041680712294e-16 4.239513323374703759e+03
6.765203513787091225e-17 1.462552458814489943e-16 4.240237899624689817e+03
4.276239176255353500e-16 1.458855308168237378e-16 4.240962486640797579e+03
-2.716295213460149176e-17 1.459468825469392988e-16 4.241687084423025226e+03
2.346045499046462164e-16 1.455565626926640119e-16 4.242411692971370940e+03
4.239585456946441471e-16 1.453217679337480345e-16 4.243136312285832901e+03
1.291116414762139671e-16 1.456095068497367823e-16 4.243860942366409290e+03
3.824650479054006826e-16 1.458607490103614768e-16 4.244585583213099198e+03
3.396174180854131907e-16 1.461991614980640834e-16 4.245310234825899897e+03
1.488107742678037918e-16 1.466508669785406496e-16 4.246034897204812296e+03
4.229012469729160299e-16 1.469645207788596778e-16 4.246759570349832757e+03
1.228454924670592269e-16 1.476216620303929935e-16 4.247484254260959460e+03
1.252554910214420592e-16 1.475566797876104985e-16 4.248208948938192407e+03
5.214483040665709981e-16 1.473053761560634696e-16 4.248933654381527958e+03
2.164740312162077223e-16 1.480658466449092088e-16 4.249658370590967024e+03
2.961457601252894176e-16 1.478322099696720202e-16 4.250383097566504148e+03
5.380921542307459758e-16 1.484860866619750027e-16 4.251107835308141148e+03
-3.568146954524889552e-16 1.484965993330641474e-16 4.251832583815876205e+03
6.197740966772173490e-16 1.482683380807853518e-16 4.252557343089705682e+03
4.190430206326566344e-16 1.472678751000345766e-16 4.253282113129628669e+03
-9.373663643972190795e-17 1.476686379427314347e-16 4.254006893935645166e+03
2.301681426380007532e-16 1.469441882859001503e-16 4.254731685507751536e+03
-2.231945672151312337e-16 1.462800925494935923e-16 4.255456487845946867e+03
6.825353479972560980e-16 1.456041036888392837e-16 4.256181300950229343e+03
4.072572215943866378e-16 1.457925482433658012e-16 4.256906124820599871e+03
2.066392843092966103e-16 1.454046331898420837e-16 4.257630959457052086e+03
3.596494887627819428e-16 1.451785200305534897e-16 4.258355804859589625e+03
2.567324707832177213e-16 1.444414300253127716e-16 4.259080661028205213e+03
3.914765361661972703e-16 1.447364720333738899e-16 4.259805527962903398e+03
-3.873289863455372283e-16 1.441349042713231584e-16 4.260530405663677811e+03
5.423490750750473540e-17 1.436887649703564801e-16 4.261255294130527545e+03
6.523151202552329960e-16 1.439423710568713148e-16 4.261980193363453509e+03
3.270936150431939763e-17 1.433512214897330584e-16 4.262705103362452974e+03
7.083305353689134812e-17 1.435010205596060474e-16 4.263430024127523211e+03
3.437829978883386614e-16 1.460003634351722830e-16 4.264154955658662402e+03
4.158979568781436468e-16 1.443410555006430319e-16 4.264879897955872366e+03
2.399292870787054965e-16 1.425691550276808547e-16 4.265604851019146736e+03
9.508352714726929172e-17 1.426574894952711321e-16 4.266329814848487331e+03
9.659733317663938339e-17 1.557763000132251196e-16 4.267054789443889604e+03
-1.474648726716693655e-16 1.436731545717538162e-16 4.267779774805356283e+03
1.123292025723530292e-16 1.410968622464040348e-16 4.268504770932882820e+03
3.546965644692633584e-16 1.415711469463700373e-16 4.269229777826469217e+03
4.567245625203466172e-16 1.514922766396666762e-16 4.269954795486110925e+03
5.666868762107058174e-17 1.412445899542064424e-16 4.270679823911809763e+03
4.816996769750397550e-17 1.402092213275454280e-16 4.271404863103563002e+03
1.418051979913442164e-16 1.399839719002888429e-16 4.272129913061367915e+03
6.869163734335073923e-17 1.394987724685988966e-16 4.272854973785223592e+03
4.425852868882531786e-16 1.393614021105155124e-16 4.273580045275128214e+03
3.441693677841188997e-16 1.394425798118287018e-16 4.274305127531082690e+03
-4.714653141467242288e-17 1.391662305715854536e-16 4.275030220553082472e+03
1.704265460847591512e-16 1.384028248883538718e-16 4.275755324341125743e+03
1.024751575450707296e-16 1.380894324976661749e-16 4.276480438895213410e+03
2.565853218384973829e-16 1.380308733411412193e-16 4.277205564215342747e+03
2.748181699340302060e-16 1.375140814964564859e-16 4.277930700301510115e+03
1.957194222438895364e-16 1.372122585980074110e-16 4.278655847153717332e+03
1.245122512317311300e-16 1.370460630900092830e-16 4.279381004771961670e+03
3.732145307584080412e-16 1.375339472926602297e-16 4.280106173156241312e+03
2.998284293039199540e-16 1.368829060509157768e-16 4.280831352306555345e+03
9.352012717950166865e-17 1.360486483631625147e-16 4.281556542222901044e+03
9.832987713041127992e-18 1.359121882542743581e-16 4.282281742905276587e+03
1.557539689575496660e-16 1.353551607416544365e-16 4.283006954353682886e+03
1.848032604678286302e-16 1.347565735839670847e-16 4.283732176568113573e+03
1.695722088544355046e-16 1.348383874056160541e-16 4.284457409548575015e+03
7.464506993784736533e-17 1.344107829045007857e-16 4.285182653295056298e+03
4.326454965254331633e-16 1.339109453766265701e-16 4.285907907807562879e+03
-2.866584928277770512e-17 1.337337604727398061e-16 4.286633173086091119e+03
2.673363466571381030e-16 1.338273488628127611e-16 4.287358449130638292e+03
2.004382478973165535e-16 1.335134305801364427e-16 4.288083735941203486e+03
9.610643552564151312e-17 1.335055918531087440e-16 4.288809033517785792e+03
2.075318524800469503e-16 1.333788521528476277e-16 4.289534341860383392e+03
-1.432696872406831507e-17 1.318973900185162764e-16 4.290259660968994467e+03
1.076046012108334855e-16 1.319397598117889544e-16 4.290984990843617197e+03
4.961222559492679327e-16 1.321508299837526071e-16 4.291710331484250673e+03
8.541823698412713499e-17 1.308564407216212568e-16 4.292435682890893077e+03
2.496586185757505857e-16 1.311426490263406507e-16 4.293161045063543497e+03
7.550466617185572683e-17 1.306206996148180172e-16 4.293886418002198297e+03
3.919603052240366029e-16 1.307562106212711488e-16 4.294611801706858387e+03
3.452238880226678855e-16 1.304617626558590770e-16 4.295337196177521946e+03
1.059579637926307798e-16 1.302377591561320518e-16 4.296062601414185337e+03
1.331496929440117265e-16 1.299571945496603449e-16 4.296788017416850380e+03
2.535911544331730527e-16 1.298620864665484795e-16 4.297513444185513436e+03
-2.236847521324380515e-16 1.293229884257535193e-16 4.298238881720171776e+03
5.214707975762681822e-16 1.300084408063848598e-16 4.298964330020826310e+03
-4.820623871469903920e-17 1.293261957495051454e-16 4.299689789087473400e+03
2.782848170245992155e-16 1.295018203573402360e-16 4.300415258920113047e+03
-7.596639376270332380e-17 1.293074455031231509e-16 4.301140739518745249e+03
3.463839299178854986e-16 1.281304465275819269e-16 4.301866230883364551e+03
1.762293637023372679e-16 1.283635226373402508e-16 4.302591733013970952e+03
1.917899748895832239e-16 1.274170703551470952e-16 4.303317245910564452e+03
2.050788971185244901e-16 1.270950387376337083e-16 4.304042769573143232e+03
8.121820856684433934e-17 1.261747828956955774e-16 4.304768304001703655e+03
1.162393284220674048e-16 1.258640844765302859e-16 4.305493849196245719e+03
3.651947711979442056e-16 1.253354403023565691e-16 4.306219405156767607e+03
2.833038492144162059e-16 1.255156531300787458e-16 4.306944971883269318e+03
-1.221639125559329328e-16 1.248975731277807458e-16 4.307670549375746305e+03
1.065500422874790410e-16 1.247772347476543498e-16 4.308396137634198567e+03
8.713429285946452732e-17 1.250669048536730509e-16 4.309121736658627924e+03
2.038873462761224686e-16 1.252909133513397431e-16 4.309847346449026190e+03
5.777423778065043241e-17 1.245788779631117151e-16 4.310572967005397004e+03
1.634428269503935895e-16 1.244938470126838628e-16 4.311298598327737636e+03
7.931024129527669077e-17 1.246761545862110621e-16 4.312024240416045359e+03
-7.606668336597586966e-17 1.244362235346546755e-16 4.312749893270319262e+03
-1.077731465658629135e-16 1.238334815836356760e-16 4.313475556890557527e+03
2.149811381856321813e-16 1.239795108114693477e-16 4.314201231276760154e+03
1.889086193378622211e-17 1.225763137285104774e-16 4.314926916428923505e+03
-1.702663704561133274e-16 1.220528368741580520e-16 4.315652612347049399e+03
1.907473446989227090e-16 1.221519487984304558e-16 4.316378319031132378e+03
5.243121833015114095e-16 1.212162290981772344e-16 4.317104036481174262e+03
1.201354401078012677e-16 1.198110571156068905e-16 4.317829764697171413e+03
2.304051167984795776e-16 1.200343417455820754e-16 4.318555503679121102e+03
7.496869201208540304e-17 1.194631065159506052e-16 4.319281253427025149e+03
-2.777960004163160703e-17 1.187678386561420195e-16 4.320007013940881734e+03
1.054121587868192834e-16 1.181102337672046053e-16 4.320732785220687219e+03
1.176549159669476117e-16 1.174123667499131973e-16 4.321458567266439786e+03
3.705801562200914434e-16 1.164393729277538496e-16 4.322184360078141253e+03
-4.607493763936015585e-17 1.156007456946476752e-16 4.322910163655787983e+03
3.373368558949530326e-16 1.151075619278344828e-16 4.323635977999378156e+03
1.556059864129696267e-16 1.135410684434640812e-16 4.324361803108911772e+03
2.805906426988750118e-16 1.128095660649053081e-16 4.325087638984384284e+03
9.182289175898630959e-17 1.118216748043710298e-16 4.325813485625798421e+03
3.387769152790446239e-16 1.113135721507767263e-16 4.326539343033149635e+03
-4.170700291838704391e-17 1.110089974151825125e-16 4.327265211206437016e+03
1.754639025786177623e-16 1.099847729177016328e-16 4.327991090145660564e+03
5.148163098278641660e-16 1.100300079162078047e-16 4.328716979850816642e+03
-3.516427804359671081e-16 1.093300973564120072e-16 4.329442880321905250e+03
-1.166424079119910323e-16 1.091084718447757470e-16 4.330168791558924568e+03
4.843271577195008843e-16 1.088989178575011394e-16 4.330894713561873687e+03
3.859731784991096501e-16 1.081823335029222944e-16 4.331620646330749878e+03
-7.391160005977078020e-17 1.071873366797405779e-16 4.332346589865550413e+03
9.768880355129392197e-17 1.065398608740590438e-16 4.333072544166278021e+03
1.781518094677687017e-16 1.054973034032577109e-16 4.333798509232929064e+03
1.439628051907212880e-16 1.046954793403785645e-16 4.334524485065500812e+03
-4.855453435068832221e-17 1.044102826019257253e-16 4.335250471663994176e+03
3.817765780694106859e-16 1.040397031193998539e-16 4.335976469028404608e+03
2.020242049993073646e-16 1.034218486373298562e-16 4.336702477158733018e+03
1.947028904935053840e-17 1.029277367158920347e-16 4.337428496054977586e+03
1.540132353656754828e-16 1.023821821578328525e-16 4.338154525717138313e+03
5.708813014997992219e-17 1.019353609475588841e-16 4.338880566145209741e+03
1.596323029546051109e-18 1.012345156468900477e-16 4.339606617339193690e+03
3.942475232233022244e-16 1.014196348832902684e-16 4.340332679299088340e+03
-1.426712204817454344e-16 1.111279208627740393e-16 4.341058752024890055e+03
9.857222974478339122e-17 1.372978106816955637e-16 4.341784835516598832e+03
2.715515198680947330e-16 1.011821454985245270e-16 4.342510929774214674e+03
7.938640770987278321e-17 1.001967144898435722e-16 4.343237034797735760e+03
3.362870908872308188e-17 9.951373337658733571e-17 4.343963150587157543e+03
3.031740413730685293e-16 9.926036475342576465e-17 4.344689277142480933e+03
2.994255427305239216e-16 9.871371707864811777e-17 4.345415414463705019e+03
2.154754019895446667e-16 9.804790791891740292e-17 4.346141562550827075e+03
-1.557765056990990627e-16 9.766260442516772543e-17 4.346867721403847099e+03
2.713174971800105013e-16 9.731583850829398647e-17 4.347593891022762364e+03
1.432930241593609076e-16 9.703752216500603559e-17 4.348320071407571959e+03
2.604123478730480786e-16 9.688172032750378373e-17 4.349046262558273156e+03
-1.214491747358986472e-18 9.691675974273708509e-17 4.349772464474866865e+03
2.318927078407179617e-16 9.695943890438016963e-17 4.350498677157349448e+03
1.397987028226415816e-16 9.704042118371741019e-17 4.351224900605720904e+03
-1.098498543348865850e-16 9.718935795661975962e-17 4.351951134819977597e+03
2.746097648489544676e-16 9.741416683393266883e-17 4.352677379800121344e+03
1.883267052108387280e-16 9.771059929963573433e-17 4.353403635546149417e+03
7.177882727414030687e-18 9.854730124904749900e-17 4.354129902058059088e+03
1.533451779180489457e-16 9.846948838559580621e-17 4.354856179335851266e+03
6.779284392270698827e-17 9.866090979391607266e-17 4.355582467379521404e+03
3.139427260553650210e-16 9.903202417948307711e-17 4.356308766189069502e+03
1.010787759703257533e-16 9.934151065540090186e-17 4.357035075764497378e+03
2.815089428972052768e-16 9.903288265209628009e-17 4.357761396105797758e+03
7.088247234097761354e-17 9.957433405811626787e-17 4.358487727212974278e+03
1.052981798984405926e-16 1.001561842232158586e-16 4.359214069086022391e+03
1.526176359780792610e-16 1.005777865502754082e-16 4.359940421724941189e+03
1.117277814767291488e-16 1.016114291982600307e-16 4.360666785129729760e+03
2.354056307407701312e-16 1.018926850936113994e-16 4.361393159300387197e+03
5.484042617304570472e-17 1.022733048407016244e-16 4.362119544236911679e+03
1.580523246820724151e-16 1.025746406366924825e-16 4.362845939939301388e+03
4.200175405825959219e-17 1.029251892278552486e-16 4.363572346407554505e+03
4.552570765058963925e-17 1.028046668902243123e-16 4.364298763641671030e+03
1.145922162434910590e-16 1.031702623265301010e-16 4.365025191641647325e+03
4.099862411585924371e-17 1.035454511869367651e-16 4.365751630407483390e+03
4.608894195080984726e-16 1.037186993350082277e-16 4.366478079939179224e+03
7.865585784646403861e-18 1.037845026645905993e-16 4.367204540236731191e+03
3.384997023860785086e-16 1.043936583283102253e-16 4.367931011300139289e+03
2.631926785774244042e-16 1.044568392096504303e-16 4.368657493129400791e+03
1.077147770754344634e-16 1.053434947504822739e-16 4.369383985724516606e+03
2.749610847660041211e-16 1.058235594842573457e-16 4.370110489085482186e+03
-5.285555484178472235e-17 1.061801728559155641e-16 4.370837003212297532e+03
3.782648603734472652e-16 1.066008748408418883e-16 4.371563528104961733e+03
2.212340948081934505e-16 1.069429987521407301e-16 4.372290063763472062e+03
4.101643880385341806e-16 1.073409596924111247e-16 4.373016610187829428e+03
-1.712773764885494902e-16 1.079567591532547492e-16 4.373743167378030194e+03
-2.887552276922515693e-16 1.076744083108577271e-16 4.374469735334072539e+03
2.659614932005710644e-16 1.076000248237059157e-16 4.375196314055959192e+03
2.236155717983613066e-16 1.074237926340820084e-16 4.375922903543683788e+03
-2.033654241233918279e-17 1.077624230425017226e-16 4.376649503797247235e+03
4.877472474820464158e-17 1.080516081124055466e-16 4.377376114816647714e+03
4.461856436796298149e-16 1.082051346156004812e-16 4.378102736601884317e+03
3.597094134527141575e-16 1.088739990026774007e-16 4.378829369152956133e+03
1.351237270159089324e-16 1.096092684302681214e-16 4.379556012469860434e+03
1.698636758010672873e-16 1.095484579533213912e-16 4.380282666552595401e+03
2.233825572847608561e-16 1.098356511266105138e-16 4.381009331401159216e+03
9.337714482935973209e-17 1.100571162201050527e-16 4.381736007015555515e+03
2.525123542384888088e-16 1.107801939751307947e-16 4.382462693395777023e+03
3.103840818019064475e-16 1.106001233113877062e-16 4.383189390541825560e+03
2.373536329101419369e-16 1.104850335826477353e-16 4.383916098453697487e+03
-3.546013887422943991e-17 1.105140259691095308e-16 4.384642817131393713e+03
1.034683192589423053e-16 1.106172738920459886e-16 4.385369546574911510e+03
2.494116991137389650e-16 1.109919588259998554e-16 4.386096286784249969e+03
-5.464662059621250213e-17 1.114722334167768529e-16 4.386823037759407271e+03
1.128068331670294305e-16 1.116577791991017226e-16 4.387549799500382505e+03
4.385724948039778662e-16 1.121964400598781457e-16 4.388276572007172945e+03
-9.526717117172268519e-17 1.120300619201989509e-16 4.389003355279779498e+03
7.720569287436363107e-17 1.120859290039379063e-16 4.389730149318198528e+03
4.920911288449301102e-16 1.126508109372121577e-16 4.390456954122430034e+03
2.366798577767188551e-16 1.131741297437435332e-16 4.391183769692473106e+03
3.584659344926350639e-16 1.135129557125133740e-16 4.391910596028325017e+03
3.581948496087730356e-16 1.140414413272485505e-16 4.392637433129984856e+03
1.997661190149011669e-16 1.142664956473843679e-16 4.393364280997451715e+03
7.855942251016282751e-17 1.150080576242162804e-16 4.394091139630723774e+03
8.454872880329881552e-17 1.148429159992637916e-16 4.394818009029799214e+03
4.092311153318755499e-16 1.149066819296590711e-16 4.395544889194678035e+03
6.350662881412611950e-17 1.156325157268327064e-16 4.396271780125356599e+03
7.979040701854499973e-17 1.162403216212139881e-16 4.396998681821834907e+03
2.101737752713525291e-16 1.166204997915683978e-16 4.397725594284112958e+03
2.846089572567746531e-16 1.174818495931496968e-16 4.398452517512188024e+03
1.320387312726816280e-16 1.183102159375863351e-16 4.399179451506058285e+03
2.747869038919730679e-17 1.187102597346180828e-16 4.399906396265721924e+03
4.004219009194857295e-16 1.191277958211003465e-16 4.400633351791180758e+03
-5.501481904749274773e-17 1.198076336133163639e-16 4.401360318082428421e+03
-5.041225739572387368e-18 1.212004882545608270e-16 4.402087295139468551e+03
-9.433996601698711805e-17 1.206374247146477795e-16 4.402814282962295692e+03
2.174895852431025609e-16 1.209295025731982216e-16 4.403541281550911663e+03
6.696039598365740787e-17 1.212175559067244375e-16 4.404268290905311915e+03
4.313925650133676686e-16 1.217391982292904473e-16 4.404995311025499177e+03
4.644766630824472185e-17 1.225834754910420529e-16 4.405722341911467083e+03
3.878334676868542777e-16 1.229947958746548803e-16 4.406449383563221090e+03
-5.402447183541988690e-17 1.231877780812062308e-16 4.407176435980751194e+03
4.617676517734128949e-16 1.234658039032110896e-16 4.407903499164065579e+03
-9.921805037430935375e-17 1.236003972743493990e-16 4.408630573113154242e+03
5.406827735285921209e-16 1.243271274049429909e-16 4.409357657828019910e+03
1.240549212523732295e-16 1.241222219166029737e-16 4.410084753308661675e+03
1.665984769971579594e-16 1.237248107199981687e-16 4.410811859555076808e+03
3.509901463180381025e-16 1.240615115956686057e-16 4.411538976567264399e+03
2.574908979708783580e-17 1.260429500982206615e-16 4.412266104345224448e+03
6.093701822476638539e-16 1.242801950390150975e-16 4.412993242888952409e+03
2.904273170379037783e-16 1.240525551703963198e-16 4.413720392198450099e+03
-6.990918769279954966e-17 1.231711968749872985e-16 4.414447552273714791e+03
2.350984096664854402e-16 1.232332908214392651e-16 4.415174723114745575e+03
1.262724724095443791e-16 1.232379969318691775e-16 4.415901904721540632e+03
2.212499301848566195e-16 1.237098210352743051e-16 4.416629097094097233e+03
-1.219812457690978784e-16 1.234978982944201254e-16 4.417356300232417198e+03
1.437984379507924688e-16 1.230243053480636878e-16 4.418083514136496888e+03
5.266613091853347999e-17 1.230500890128523797e-16 4.418810738806336303e+03
3.415972605451172521e-16 1.225241865355331130e-16 4.419537974241933625e+03
5.164287044649048293e-16 1.219497598895492757e-16 4.420265220443287035e+03
1.625838681793235897e-16 1.217742474995052650e-16 4.420992477410394713e+03
-2.016529803005456463e-17 1.215333768129128337e-16 4.421719745143257569e+03
9.551435362340260645e-17 1.207674856871832154e-16 4.422447023641871056e+03
2.801777542891549326e-16 1.198868489164888594e-16 4.423174312906237901e+03
3.746221996358114271e-16 1.196356800365364836e-16 4.423901612936353558e+03
-1.009983139858916563e-16 1.194194254531255555e-16 4.424628923732216208e+03
4.833330610266321096e-16 1.197569776332076188e-16 4.425356245293827669e+03
3.132153395115599977e-16 1.200908910700390670e-16 4.426083577621185214e+03
1.387689265382864256e-17 1.200795764228651098e-16 4.426810920714286112e+03
-7.362017194033967964e-17 1.188483253992278159e-16 4.427538274573130366e+03
3.691225757097551667e-16 1.183908042939634895e-16 4.428265639197716155e+03
4.704204653754275577e-16 1.180257493883053156e-16 4.428993014588042570e+03
-2.918953336990315339e-17 1.183678503793851802e-16 4.429720400744108701e+03
1.901189535017661432e-16 1.235470815389806927e-16 4.430447797665911821e+03
1.896438956011244342e-16 1.249312425196058202e-16 4.431175205353451020e+03
1.610797252155179300e-16 1.184242904145740662e-16 4.431902623806725387e+03
2.447180197355258739e-16 1.178599387511204461e-16 4.432630053025734924e+03
8.119569988391887442e-17 1.179111207130913798e-16 4.433357493010476901e+03
3.624051184525471741e-16 1.172268311475771965e-16 4.434084943760948590e+03
-8.181755062254910877e-17 1.168705832740518980e-16 4.434812405277150901e+03
2.806761538768271000e-16 1.165490327277466502e-16 4.435539877559082925e+03
5.962645058425489563e-17 1.161262561178625781e-16 4.436267360606740112e+03
2.052752915349196867e-16 1.155468223214641413e-16 4.436994854420124284e+03
1.394785471719363815e-16 1.155617204261164405e-16 4.437722358999233620e+03
3.029749772311893966e-16 1.153694970255204105e-16 4.438449874344063574e+03
2.049995447296773715e-16 1.145826905944046105e-16 4.439177400454618692e+03
9.155953662394578098e-17 1.148411538847715586e-16 4.439904937330893517e+03
2.642153592301942067e-16 1.144097816982067152e-16 4.440632484972887141e+03
-1.658000222213222616e-16 1.144849964746187023e-16 4.441360043380598654e+03
3.331582990929686033e-16 1.150756899286803678e-16 4.442087612554028055e+03
3.996383777436291571e-16 1.167316890426763122e-16 4.442815192493171708e+03
2.677612341326649976e-16 1.150590625912769617e-16 4.443542783198030520e+03
-1.477080026509809296e-16 1.145766969024241658e-16 4.444270384668601764e+03
2.885306809565328000e-16 1.147905163391713757e-16 4.444997996904884531e+03
5.049175920470248941e-16 1.143469888236218483e-16 4.445725619906877000e+03
2.769845456278306167e-16 1.144395681118114494e-16 4.446453253674579173e+03
2.394869791044004693e-16 1.143296081929538318e-16 4.447180898207989230e+03
6.410426453993539077e-16 1.144300924189262757e-16 4.447908553507105353e+03
1.025683220612117158e-16 1.137111665477089959e-16 4.448636219571925722e+03
7.966384489437041636e-18 1.135607202509567540e-16 4.449363896402450337e+03
1.472196324530074041e-16 1.132094425534754227e-16 4.450091583998677379e+03
3.792066473073178298e-16 1.128493847728927257e-16 4.450819282360605939e+03
5.793183816731653373e-17 1.126620365993842208e-16 4.451546991488232379e+03
4.919546624465310058e-17 1.123776511714708126e-16 4.452274711381559428e+03
1.853346198006603491e-16 1.116604970972976340e-16 4.453002442040582537e+03
2.645546984487801899e-16 1.111109922415858457e-16 4.453730183465302616e+03
2.262410492845280697e-16 1.110750182111411526e-16 4.454457935655716938e+03
3.042437522932446886e-16 1.108265251430543566e-16 4.455185698611825501e+03
-9.666869419096871205e-17 1.105197787507706280e-16 4.455913472333626487e+03
2.510988681160473995e-16 1.100094016456693179e-16 4.456641256821116258e+03
-2.227944237228797604e-16 1.093477765331232616e-16 4.457369052074296633e+03
3.837394596450060827e-16 1.092737501541722034e-16 4.458096858093165793e+03
-2.503699715404519974e-16 1.094577953376219636e-16 4.458824674877721918e+03
2.712170043930425745e-16 1.092451575260443754e-16 4.459552502427961372e+03
2.382698005905402983e-16 1.092854378152717540e-16 4.460280340743887791e+03
1.210289494987884558e-17 1.087226153784388291e-16 4.461008189825496629e+03
-8.695735134257894890e-17 1.086078967274475739e-16 4.461736049672787885e+03
-1.114613788064150810e-16 1.084849278846365866e-16 4.462463920285757922e+03
2.164667092075414412e-16 1.083066009042117579e-16 4.463191801664408558e+03
-2.341110356220931600e-17 1.075714382007619578e-16 4.463919693808736156e+03
3.613484054643556609e-16 1.079645973067491386e-16 4.464647596718741624e+03
9.262063761456129056e-18 1.082185776787026908e-16 4.465375510394422236e+03
-7.192603307341458987e-17 1.077919574612546429e-16 4.466103434835777080e+03
1.926672102443062705e-16 1.078699001195642048e-16 4.466831370042806157e+03
2.238423692077993751e-16 1.084465575283037580e-16 4.467559316015504010e+03
1.594851326627556303e-16 1.110594988769384340e-16 4.468287272753874277e+03
2.133471934201052652e-16 1.088210864165798997e-16 4.469015240257913320e+03
5.628638700584911841e-17 1.085596942398763865e-16 4.469743218527619320e+03
3.633274870109756467e-16 1.085278308893981403e-16 4.470471207562992277e+03
-4.233085010629721045e-18 1.122012693961579862e-16 4.471199207364030372e+03
1.689882154062530239e-16 1.090709713137955270e-16 4.471927217930733605e+03
3.610276541187177284e-16 1.074528579506370795e-16 4.472655239263098338e+03
3.018237674458968660e-16 1.073077066856224332e-16 4.473383271361124571e+03
-1.532915758618393737e-16 1.070407582635850712e-16 4.474111314224809576e+03
3.083360294182915249e-16 1.067230719401351980e-16 4.474839367854156080e+03
6.454925228262985353e-17 1.065867545137805668e-16 4.475567432249159538e+03
1.470579193734263431e-16 1.064843120021378100e-16 4.476295507409819947e+03
1.802574748576816588e-16 1.064210533263677723e-16 4.477023593336134581e+03
2.155006049700526862e-16 1.065401846461625969e-16 4.477751690028103440e+03
2.962094657421495745e-17 1.100750629214991126e-16 4.478479797485724703e+03
1.005990200698977741e-16 1.157463860816436152e-16 4.479207915708997461e+03
2.320947146144238994e-16 1.067462033120370617e-16 4.479936044697920806e+03
-1.225699727853272599e-16 1.063550779747538753e-16 4.480664184452492009e+03
1.869615530504797567e-17 1.061602335376717673e-16 4.481392334972711978e+03
1.743434674499212912e-16 1.058965578279125386e-16 4.482120496258578896e+03
2.121958353653037233e-16 1.057287622975508371e-16 4.482848668310089124e+03
-3.867858746420036656e-17 1.055918670894214685e-16 4.483576851127243572e+03
3.022401820024321206e-16 1.057429428040276523e-16 4.484305044710041329e+03
4.584032002637738906e-17 1.054724126184944273e-16 4.485033249058480578e+03
1.539263472442880855e-16 1.053479232587028074e-16 4.485761464172559499e+03
4.944732035950411349e-17 1.056186225888212192e-16 4.486489690052276273e+03
4.687050758043337976e-16 1.063517677552402425e-16 4.487217926697633629e+03
2.537192134715416679e-16 1.069195175238370302e-16 4.487946174108625200e+03
-1.888649466347872918e-17 1.063316950409118399e-16 4.488674432285251896e+03
2.590566235231503061e-16 1.067504522572311024e-16 4.489402701227512807e+03
1.969364590459221599e-16 1.067313992310156213e-16 4.490130980935407024e+03
2.258240800398418088e-16 1.063645124665101234e-16 4.490859271408931818e+03
3.095788006792341009e-16 1.064103730139285023e-16 4.491587572648087189e+03
2.582441903948274138e-16 1.065348686108212222e-16 4.492315884652871318e+03
1.096478313353571261e-17 1.061788915129416345e-16 4.493044207423283297e+03
3.897716322553643458e-16 1.055697773060123348e-16 4.493772540959320395e+03
1.839766562418766992e-16 1.052401425231276482e-16 4.494500885260984433e+03
2.619502019326635231e-16 1.049374175976584846e-16 4.495229240328271771e+03
1.639936557569711154e-16 1.045925881328744879e-16 4.495957606161182412e+03
1.030568423541501142e-16 1.044234014110179938e-16 4.496685982759714534e+03
4.287289030458683935e-16 1.043181726553749518e-16 4.497414370123866320e+03
-4.174506583171870283e-17 1.042935072366337570e-16 4.498142768253636859e+03
-3.824201571855410918e-17 1.036866376416663690e-16 4.498871177149027062e+03
3.663941410281682878e-17 1.035439719574656475e-16 4.499599596810030562e+03
8.977832418619695950e-17 1.038118926230313597e-16 4.500328027236652815e+03
2.049243401899526202e-16 1.039543493198778131e-16 4.501056468428887456e+03
-7.892688226145537589e-18 1.036891010650654065e-16 4.501784920386735394e+03
9.693876371327680334e-17 1.041461867519782610e-16 4.502513383110194809e+03
3.749162941564744485e-16 1.039904920126890148e-16 4.503241856599264793e+03
5.083870694937208040e-16 1.038317974256125488e-16 4.503970340853943526e+03
1.899915859566216109e-16 1.041036526258896783e-16 4.504698835874230099e+03
1.373837646331572098e-16 1.038290271318184558e-16 4.505427341660124512e+03
3.323024403888776118e-16 1.036075884265027482e-16 4.506155858211624945e+03
1.655287450324875639e-16 1.035427033087197969e-16 4.506884385528728671e+03
4.325285720549021062e-16 1.032598601052511913e-16 4.507612923611435690e+03
4.607861358071130215e-16 1.030788595573885352e-16 4.508341472459742363e+03
-3.444924989172545322e-16 1.033790678104314941e-16 4.509070032073653238e+03
2.411644769326977704e-16 1.032025421526582241e-16 4.509798602453161948e+03
1.334040162740936363e-16 1.029460930460494470e-16 4.510527183598269403e+03
3.846033802963549366e-16 1.025741985434177201e-16 4.511255775508973784e+03
1.084419899423159930e-16 1.022724151801012635e-16 4.511984378185274181e+03
1.091490713648330060e-16 1.027224423785149150e-16 4.512712991627167867e+03
2.305087162300537081e-16 1.018084754084124946e-16 4.513441615834655749e+03
1.642172843607426013e-16 1.019082364668180356e-16 4.514170250807736011e+03
2.273919592921114515e-16 1.021078901581250182e-16 4.514898896546406831e+03
-1.667959342957176903e-16 1.020958588311779076e-16 4.515627553050668212e+03
2.886369453611593074e-16 1.019392305865832887e-16 4.516356220320518332e+03
1.550593858182547614e-16 1.017684074049662012e-16 4.517084898355953555e+03
1.936100522025394063e-16 1.015194937261317569e-16 4.517813587156976610e+03
7.713790389803797266e-17 1.013230278120306867e-16 4.518542286723584766e+03
1.179906722394566079e-17 1.014795784192596512e-16 4.519270997055775297e+03
1.194210204891318875e-16 1.012656636736773091e-16 4.519999718153550930e+03
2.857838729344043759e-16 1.016320710722062172e-16 4.520728450016905299e+03
3.609554203187837587e-16 1.019087498065365509e-16 4.521457192645841133e+03
2.884917909560826569e-16 1.043746456406880124e-16 4.522185946040353883e+03
2.636353493662562456e-16 1.024013981838386620e-16 4.522914710200446279e+03
7.562535062764291299e-17 1.021206768590747938e-16 4.523643485126114683e+03
1.055982207343477036e-17 1.019246296594528810e-16 4.524372270817359095e+03
3.034140670881114552e-16 1.022090031589467386e-16 4.525101067274177694e+03
1.030315213163970094e-16 1.027249459827497199e-16 4.525829874496566845e+03
1.703998778619955149e-16 1.027567669739279476e-16 4.526558692484530184e+03
4.049998145484295986e-16 1.029576801306629260e-16 4.527287521238062254e+03
2.974913498450551278e-16 1.026791433141039297e-16 4.528016360757164875e+03
1.408295905958452416e-16 1.028219223071992135e-16 4.528745211041836228e+03
2.373753992641255147e-16 1.027269846620840311e-16 4.529474072092072674e+03
2.008360054196307424e-16 1.024754307155662363e-16 4.530202943907876033e+03
1.546511959192210230e-16 1.028008329609185705e-16 4.530931826489244486e+03
3.101115512195562711e-16 1.028765962978466487e-16 4.531660719836174394e+03
1.826751622166089187e-16 1.026853777220819016e-16 4.532389623948667577e+03
2.798570450939121802e-16 1.026336739295293789e-16 4.533118538826721306e+03
-1.857879570762226453e-17 1.024242895588288978e-16 4.533847464470334671e+03
3.363067041838592864e-16 1.025730794455583778e-16 4.534576400879506764e+03
1.977952007042302122e-16 1.025690136852362338e-16 4.535305348054236674e+03
-8.894823625351523107e-17 1.026448894543323858e-16 4.536034305994523493e+03
2.325797717595513073e-16 1.039858973630417056e-16 4.536763274700364491e+03
2.247926501347555533e-16 1.042150323920006673e-16 4.537492254171758759e+03
-5.979286428129613929e-17 1.020871477844452038e-16 4.538221244408707207e+03
4.651684913741195710e-16 1.018958009140624922e-16 4.538950245411206197e+03
1.158653012262802397e-16 1.019661239577807028e-16 4.539679257179255728e+03
3.212704106268544810e-16 1.019480267792028964e-16 4.540408279712853982e+03
1.962724141977421573e-16 1.020489889404699590e-16 4.541137313012001869e+03
2.060692605055652252e-16 1.020151024946665591e-16 4.541866357076694840e+03
2.068634255793892986e-17 1.019646990619500419e-16 4.542595411906933805e+03
-5.116100138653466546e-17 1.011648284052441870e-16 4.543324477502716945e+03
1.959289256965727404e-16 1.011625008395205118e-16 4.544053553864045170e+03
2.664262030766608872e-16 1.011041576465766517e-16 4.544782640990913933e+03
2.720293441247869528e-16 1.010222545039096475e-16 4.545511738883322323e+03
-1.329429074580915088e-16 1.007951607135419966e-16 4.546240847541272160e+03
3.409990182329607410e-16 1.007208779016960859e-16 4.546969966964759806e+03
1.110578240911169735e-17 1.007699026842561782e-16 4.547699097153785260e+03
1.603983702595255751e-16 1.009227644811654591e-16 4.548428238108347614e+03
2.577101458267514469e-16 1.003103392462407771e-16 4.549157389828444138e+03
5.368084454669703656e-17 9.970261545661492350e-17 4.549886552314073924e+03
3.091821124979780545e-17 9.960525888528329356e-17 4.550615725565237881e+03
3.272498832476178905e-16 9.918204769396930283e-17 4.551344909581932370e+03
1.486607366978046082e-16 9.893423916903255986e-17 4.552074104364158302e+03
-1.381250271531330922e-17 9.882615629022311520e-17 4.552803309911911128e+03
1.450387420792719971e-16 9.853461761693090702e-17 4.553532526225195397e+03
2.272354989647604222e-16 9.837450042638256089e-17 4.554261753304003832e+03
4.605709115095143490e-17 9.821525242982207191e-17 4.554990991148339162e+03
1.462931521480109850e-16 9.807281712905221795e-17 4.555720239758198659e+03
1.528890418074429681e-16 9.779612274767010627e-17 4.556449499133581412e+03
2.893922958184883867e-16 9.757678132065732237e-17 4.557178769274487422e+03
5.787483344333084972e-17 9.716941658984022122e-17 4.557908050180913961e+03
3.493305909866360658e-16 9.733802605979515171e-17 4.558637341852860118e+03
2.974567015371738258e-16 9.687903383832872833e-17 4.559366644290325894e+03
-2.110549834505340903e-16 9.689224807318480263e-17 4.560095957493308561e+03
2.965523572123425009e-17 9.687332806848388630e-17 4.560825281461806298e+03
3.925461956419339183e-16 9.650128588937336412e-17 4.561554616195820927e+03
1.890757305994569672e-16 9.648259064585928820e-17 4.562283961695350627e+03
2.292877691599790803e-16 9.613761591759043814e-17 4.563013317960392669e+03
2.937258771424184187e-16 9.595161094060037572e-17 4.563742684990945236e+03
2.371705960497181828e-16 9.591440317005483957e-17 4.564472062787010145e+03
1.760348310776040049e-16 9.576000234165749871e-17 4.565201451348584669e+03
2.749446050266580218e-16 9.559249947898091196e-17 4.565930850675666989e+03
2.302690255115876572e-16 9.501352171295480261e-17 4.566660260768256194e+03
-3.519259239148184105e-18 9.495718855615557103e-17 4.567389681626351376e+03
5.731546993436703521e-18 9.477809024848818510e-17 4.568119113249951624e+03
2.001281827949403425e-16 9.460129819490919793e-17 4.568848555639056940e+03
1.337592440625028263e-16 9.441860052991181033e-17 4.569578008793663685e+03
3.067282829217684964e-16 9.432656174450376864e-17 4.570307472713772768e+03
1.519564385216966858e-16 9.462188064772990912e-17 4.571036947399381461e+03
3.291143392444763023e-16 9.488019020228212015e-17 4.571766432850488854e+03
9.468574183579147455e-17 9.499046304671579236e-17 4.572495929067096768e+03
1.698017985440041253e-16 9.521872463239381821e-17 4.573225436049200653e+03
-7.823787063964887987e-17 9.577914583805213291e-17 4.573954953796799600e+03
8.430132859888100187e-17 9.553124066265159855e-17 4.574684482309892701e+03
4.165776148376704632e-16 9.555166485476577997e-17 4.575414021588479955e+03
2.461935353448572673e-16 9.556674284343102664e-17 4.576143571632559542e+03
4.540046690576815551e-17 9.578831722890302615e-17 4.576873132442131464e+03
3.227911603219316243e-16 9.559205324400916232e-17 4.577602704017192082e+03
5.988158372647424208e-17 9.569149604023326667e-17 4.578332286357742305e+03
2.153869268126955897e-16 9.623925508900929397e-17 4.579061879463780315e+03
7.804031262298751961e-17 9.621971164789282851e-17 4.579791483335306111e+03
2.108688972462767828e-16 9.621692739808687435e-17 4.580521097972317875e+03
1.660417075608950283e-16 9.630326074956890137e-17 4.581250723374811059e+03
1.824849782981210478e-16 9.610996129481377533e-17 4.581980359542791120e+03
2.094530382839184963e-16 9.636997699755358975e-17 4.582710006476250783e+03
7.609021606202988369e-17 9.615188707393236688e-17 4.583439664175192775e+03
-1.758735105988516228e-16 9.599485843824560493e-17 4.584169332639612549e+03
4.753873039073260922e-16 9.598879822590073541e-17 4.584899011869514652e+03
2.763860714382733971e-16 9.553959565878246953e-17 4.585628701864890900e+03
-2.851712821063372797e-17 9.545348774247946467e-17 4.586358402625746749e+03
3.514008945224288709e-16 9.528155964525588945e-17 4.587088114152076741e+03
1.767448369016743014e-16 9.504671310229751887e-17 4.587817836443881788e+03
-1.737352336389285847e-17 9.416370195664213361e-17 4.588547569501159160e+03
1.949145203651804720e-16 9.391993818310193970e-17 4.589277313323910676e+03
3.769678826101342284e-16 9.371472542268861925e-17 4.590007067912129969e+03
1.192861338252480047e-16 9.365966977140156976e-17 4.590736833265820678e+03
1.812864038236381589e-16 9.381233197744203341e-17 4.591466609384979165e+03
4.269151161696100791e-16 9.365589754629980103e-17 4.592196396269606339e+03
5.510888990927013039e-17 9.336822315841442335e-17 4.592926193919700381e+03
-1.374373650048060630e-16 9.346017189157621117e-17 4.593656002335259473e+03
5.599598791390318373e-16 9.321101459596307506e-17 4.594385821516281794e+03
4.669549663531576820e-16 9.272943361958902407e-17 4.595115651462768255e+03
-6.840239077534036009e-17 9.234980660920032857e-17 4.595845492174716128e+03
1.711060448379033878e-16 9.220549121763053167e-17 4.596575343652125412e+03
3.473510057977001217e-16 9.197116321473777817e-17 4.597305205894994288e+03
2.799912241086447800e-16 9.187808672497184497e-17 4.598035078903322756e+03
2.557114971478611638e-16 9.184438928698200928e-17 4.598764962677107178e+03
2.044738212502991259e-16 9.145397629722309817e-17 4.599494857216350283e+03
1.726788834897956665e-16 9.140450725659683770e-17 4.600224762521046614e+03
-1.708732543516243352e-16 9.122388187312371645e-17 4.600954678591198899e+03
3.765695455577431553e-16 9.132443203377637747e-17 4.601684605426801681e+03
-1.416312264556635230e-17 9.123606685037270932e-17 4.602414543027858599e+03
1.405108199926591214e-16 9.117190320344024891e-17 4.603144491394366014e+03
6.481662934714145757e-16 9.107018945768749699e-17 4.603874450526323926e+03
2.819741239903252018e-17 9.101539733834995204e-17 4.604604420423728698e+03
1.181416023873085661e-17 9.069422204047535071e-17 4.605334401086582147e+03
2.918164461071104941e-16 9.053109905336035681e-17 4.606064392514883366e+03
2.260956164412328171e-16 9.039196803525376362e-17 4.606794394708628715e+03
-8.406075683837271092e-17 9.032249800061339879e-17 4.607524407667819105e+03
1.433607981893841456e-16 9.072451511490851025e-17 4.608254431392451806e+03
3.446832364699366105e-16 9.059742749206284166e-17 4.608984465882525910e+03
1.191820380727327623e-16 9.034977607580448158e-17 4.609714511138041416e+03
6.320866016338733269e-17 9.055858730186883885e-17 4.610444567158996506e+03
2.045423900057035188e-16 9.029115636271531587e-17 4.611174633945393907e+03
3.862697746048232893e-16 9.021105565857268537e-17 4.611904711497225435e+03
7.318447172092079381e-17 8.989824280376606464e-17 4.612634799814494727e+03
1.357803384714461369e-16 8.969265169047856851e-17 4.613364898897199964e+03
2.050773972235306763e-16 8.998373090197605620e-17 4.614095008745338419e+03
1.645591741708379046e-18 8.911548026000641642e-17 4.614825129358910090e+03
2.397833652079449637e-17 8.874519399699655507e-17 4.615555260737914068e+03
1.342157938142492278e-16 8.858380141348484809e-17 4.616285402882351264e+03
1.459772174270217535e-16 8.869722848188210113e-17 4.617015555792217128e+03
-2.061332279220662415e-17 8.880751723528926592e-17 4.617745719467512572e+03
2.565986635583455651e-16 8.873603574741578006e-17 4.618475893908234866e+03
4.095759778372498954e-16 8.851750990150563654e-17 4.619206079114384011e+03
3.744605767195700153e-17 8.866489822201397922e-17 4.619936275085960006e+03
5.814053644356931696e-17 8.843556225217297273e-17 4.620666481822960122e+03
2.500839713085494417e-16 8.839518222981432282e-17 4.621396699325383452e+03
2.379869514972983825e-16 8.829128603034230075e-17 4.622126927593229084e+03
2.518437384687488472e-17 8.797864332266704594e-17 4.622857166626496110e+03
-7.629561996256285748e-17 8.782615663599373673e-17 4.623587416425182710e+03
2.782192582256266022e-16 8.767591873562591600e-17 4.624317676989290703e+03
3.557590863950585076e-16 8.762595379091661999e-17 4.625047948318814633e+03
2.898235430276157839e-17 8.729648723304463783e-17 4.625778230413756319e+03
3.712636080195192224e-16 8.733479402938811154e-17 4.626508523274113031e+03
2.046538012655647996e-17 8.739080832449000882e-17 4.627238826899886590e+03
4.401927825734780933e-17 8.745299707017083055e-17 4.627969141291072447e+03
3.967729024457603463e-16 8.728845111813955008e-17 4.628699466447673331e+03
1.499745820010657661e-17 8.679528770967522098e-17 4.629429802369682875e+03
2.477830013208793628e-17 8.633874838488962604e-17 4.630160149057104718e+03
2.577219608481568353e-16 8.608566683159938829e-17 4.630890506509935221e+03
3.556349607214765218e-16 8.657653359460051694e-17 4.631620874728172566e+03
2.277295377627913491e-16 8.680260198363445464e-17 4.632351253711821300e+03
1.288648157131884204e-16 8.701683139599624841e-17 4.633081643460873238e+03
2.000269668092215701e-16 8.704060676191965577e-17 4.633812043975332017e+03
2.279927888828951308e-16 8.698024754121798490e-17 4.634542455255193090e+03
4.554950501064180361e-16 8.694331419584985706e-17 4.635272877300459186e+03
1.267312981682268692e-16 8.696544973204439128e-17 4.636003310111126666e+03
1.187675985791344719e-16 8.703812013830999503e-17 4.636733753687193712e+03
3.584496483139389918e-16 8.703898494888340648e-17 4.637464208028661233e+03
-4.840858090939985956e-17 8.641896513865164329e-17 4.638194673135528319e+03
3.047712618935773685e-16 8.662658883994364001e-17 4.638925149007793152e+03
7.233528546600992258e-17 8.631273499606934466e-17 4.639655635645454822e+03
2.168053841534290231e-16 8.579863485847399821e-17 4.640386133048509691e+03
-1.356169744477046014e-16 8.575437725730535374e-17 4.641116641216960488e+03
3.541454622267386558e-16 8.642620621891850951e-17 4.641847160150805394e+03
3.605329029288375412e-16 8.548682362970634389e-17 4.642577689850042589e+03
-9.451023514555546297e-17 8.555620685931500120e-17 4.643308230314670254e+03
9.107902896713162985e-17 8.555364876822972607e-17 4.644038781544688391e+03
4.002479436764448920e-17 8.536790281197218077e-17 4.644769343540096088e+03
5.144777910973734436e-17 8.765255253479354920e-17 4.645499916300892437e+03
1.144280302515142011e-16 9.527912032312989105e-17 4.646230499827074709e+03
2.511301033795241779e-16 8.521259790361795457e-17 4.646961094118643814e+03
2.192240422459884426e-16 8.519926751311036804e-17 4.647691699175597023e+03
2.275872422797090341e-16 8.508130528298853426e-17 4.648422314997934336e+03
8.459664273851301631e-17 8.520632191241919029e-17 4.649152941585654844e+03
5.046790613115710447e-17 8.499685239420224055e-17 4.649883578938757637e+03
9.966591325442153985e-17 8.509609763305843094e-17 4.650614227057239987e+03
2.463371115793264058e-16 8.529365856090171701e-17 4.651344885941102802e+03
1.988180181712558760e-16 8.548641835863174632e-17 4.652075555590344266e+03
2.062852700730155445e-16 8.567228495865189513e-17 4.652806236004962557e+03
1.837725750001250898e-16 8.588919690863959083e-17 4.653536927184958586e+03
1.802144964158652063e-16 8.611572367379682584e-17 4.654267629130329624e+03
1.698047674082638067e-16 8.652511996407400620e-17 4.654998341841073852e+03
9.355016225622206837e-17 8.681372147337002803e-17 4.655729065317193090e+03
7.094293944831908760e-17 8.921988298624377412e-17 4.656459799558684608e+03
2.746789334629582701e-16 1.607930105556252754e-16 4.657190544565546588e+03
-2.138428228202315759e-17 8.670472548527378465e-17 4.657921300337779030e+03
-1.167240435030242018e-17 8.662006713788762863e-17 4.658652066875381024e+03
4.922741032285029495e-16 8.687343191788189250e-17 4.659382844178349842e+03
2.437983129929123368e-16 8.714792847779097150e-17 4.660113632246686393e+03
-2.539038811579210345e-16 8.829359461152284105e-17 4.660844431080388858e+03
3.978068658944687930e-16 8.774533577811980991e-17 4.661575240679457238e+03
2.398576277807562369e-16 8.751555962691390570e-17 4.662306061043889713e+03
-1.279011784733396297e-16 8.689815406916294506e-17 4.663036892173682645e+03
1.260056861184016697e-16 8.712213367120022471e-17 4.663767734068840582e+03
1.954062133373210454e-16 8.690806598853182542e-17 4.664498586729356248e+03
4.766367450329689104e-17 8.689354608524667886e-17 4.665229450155235099e+03
1.521371783577259807e-16 8.727837099380772805e-17 4.665960324346469861e+03
4.132438688340213574e-16 8.712824117467776751e-17 4.666691209303064170e+03
3.396232486205857576e-17 8.684411705472064109e-17 4.667422105025014389e+03
9.821926814079924968e-17 8.670918552261224582e-17 4.668153011512320518e+03
1.645432503093150865e-16 8.638830819349587388e-17 4.668883928764980737e+03
2.516241128112820811e-16 8.641750557325406498e-17 4.669614856782995048e+03
1.335533553323604934e-16 8.624938613466335467e-17 4.670345795566361630e+03
2.889582470036394845e-16 8.617028103321149689e-17 4.671076745115080485e+03
1.733012567500298843e-16 8.624819244576437193e-17 4.671807705429147973e+03
1.764255114764810379e-16 8.653028559474531889e-17 4.672538676508566823e+03
2.950251137150414573e-16 8.611181346056159854e-17 4.673269658353332488e+03
2.031046057148918301e-16 8.610442075059185933e-17 4.674000650963445878e+03
5.525833739590614340e-17 8.597964899462858489e-17 4.674731654338906083e+03
1.796602319162003091e-16 8.613079550454700271e-17 4.675462668479712192e+03
7.030271633523779640e-17 8.546118804904343847e-17 4.676193693385861479e+03
3.691366246264751850e-16 8.542365086390524234e-17 4.676924729057354853e+03
-3.074886179260714742e-17 8.523244569657253391e-17 4.677655775494191403e+03
2.737895137847604128e-16 8.554082797798577830e-17 4.678386832696365673e+03
3.674041249836445579e-16 8.551635737895840034e-17 4.679117900663883120e+03
8.371551615062838863e-17 8.562478919248846250e-17 4.679848979396738287e+03
8.622057572744601922e-17 8.570582659489191402e-17 4.680580068894931173e+03
2.725317602550420751e-16 8.544132946256873366e-17 4.681311169158463599e+03
5.290965132667116589e-16 8.443798071954455171e-17 4.682042280187330107e+03
-1.500974832560603134e-16 8.420988065424778323e-17 4.682773401981532515e+03
2.216063380945056789e-16 8.399787513160740003e-17 4.683504534541069006e+03
1.586622309313769762e-16 8.360658217465453743e-17 4.684235677865937760e+03
6.056006720488541429e-17 8.350463382259431337e-17 4.684966831956138776e+03
1.366468005870119061e-16 8.354540744421889136e-17 4.685697996811670237e+03
2.624084726871012279e-16 8.364224483714342986e-17 4.686429172432533051e+03
2.554564436637800488e-17 8.385267259518341083e-17 4.687160358818724490e+03
2.040800368833743484e-16 8.315077384796946308e-17 4.687891555970243644e+03
1.250102266955356405e-16 8.318264684351464526e-17 4.688622763887089604e+03
1.512133323901465520e-17 8.329355515629280251e-17 4.689353982569262371e+03
1.689985504430648364e-16 8.334049229330706541e-17 4.690085212016758305e+03
4.739111710814463013e-17 8.361235034977466401e-17 4.690816452229579227e+03
1.424350073198413416e-16 8.373188677369472883e-17 4.691547703207721497e+03
9.649485579308270843e-17 8.317611835219937224e-17 4.692278964951186936e+03
1.029780053749615141e-16 6.653046594145552929e-17 4.811938007521842337e+03
1.861028217746208434e-16 6.759460043676357846e-17 4.812670136850249946e+03
8.402130293958002619e-17 6.847168331780713220e-17 4.813402273369661998e+03
2.600556788369439778e-16 6.910265272568454523e-17 4.814134417079210834e+03
8.382944145231449758e-17 6.896630911374057197e-17 4.814866567978031526e+03
2.923278064987568437e-16 6.880845763352917596e-17 4.815598726065258234e+03
2.411063493738036468e-16 6.863480969869861002e-17 4.816330891340025119e+03
3.899390709634420620e-17 6.853509636858430349e-17 4.817063063801466342e+03
1.124337304527913228e-16 6.825057201113613763e-17 4.817795243448714245e+03
4.162505112752586024e-16 6.799585771356450604e-17 4.818527430280903900e+03
2.295083031372919477e-16 6.768806246791376081e-17 4.819259624297171285e+03
-3.690734700879052766e-17 6.773434544599571365e-17 4.819991825496649653e+03
1.911321687164263171e-16 6.775722655635168909e-17 4.820724033878472255e+03
2.676364263456879885e-16 6.763477593114263599e-17 4.821456249441774162e+03
8.889617463452403201e-17 6.758861898651459485e-17 4.822188472185687715e+03
1.672072177939293933e-16 6.750481022151618174e-17 4.822920702109349804e+03
1.807212856980105523e-16 6.744064892452593389e-17 4.823652939211890953e+03
8.676937623704709610e-18 6.746106341899605607e-17 4.824385183492449869e+03
3.267134404085385492e-16 6.723606833049261010e-17 4.825117434950157985e+03
1.490214820223211379e-16 6.684310784862574958e-17 4.825849693584149463e+03
-4.624710134738414305e-17 6.682633506888064713e-17 4.826581959393559373e+03
2.997842213532434936e-16 6.682291977414787641e-17 4.827314232377520966e+03
2.362053466761713520e-16 6.693487354308369021e-17 4.828046512535167494e+03
2.321729249677021115e-16 6.637733080514144701e-17 4.828778799865636756e+03
1.776263957081439152e-16 6.620062439410626723e-17 4.829511094368057456e+03
3.511548430373089520e-16 6.608433610951703856e-17 4.830243396041569213e+03
-6.514992983989241732e-17 6.589347524288043642e-17 4.830975704885301639e+03
1.412274393401870228e-16 6.564207200629117001e-17 4.831708020898390714e+03
2.890647753104239996e-16 6.558151273190117803e-17 4.832440344079972419e+03
3.344511589243474106e-16 6.547056491077671681e-17 4.833172674429179096e+03
2.395688222166859426e-17 6.535183064019746218e-17 4.833905011945143997e+03
1.393043125201146742e-16 6.522058387621733430e-17 4.834637356627004920e+03
2.027061647983094126e-16 6.504633468911834684e-17 4.835369708473890569e+03
2.650108684002690021e-16 6.486039328557204417e-17 4.836102067484938743e+03
7.357440436523912936e-17 6.457836535523401732e-17 4.836834433659282695e+03
1.014329398300510770e-16 6.426502097933700755e-17 4.837566806996057494e+03
3.224848927404820015e-16 6.419654528744314602e-17 4.838299187494395483e+03
2.772242897744510721e-16 6.394974358751155793e-17 4.839031575153430822e+03
-3.258700721294525649e-17 6.367771577315008561e-17 4.839763969972302220e+03
1.174791829408475333e-16 6.336242771072093410e-17 4.840496371950137473e+03
1.929575597505046977e-16 6.308152412299970582e-17 4.841228781086073468e+03
1.256723394176718054e-16 6.259139327344454726e-17 4.841961197379245277e+03
1.066131950371816275e-16 6.232778134556021807e-17 4.842693620828786152e+03
3.218636043958130692e-16 6.178614194802032412e-17 4.843426051433830253e+03
6.573400693544240281e-17 6.133567073829112963e-17 4.844158489193511741e+03
1.514858305864568070e-16 6.088306429260991824e-17 4.844890934106964778e+03
1.460716703054513011e-16 6.053949437101577018e-17 4.845623386173325343e+03
2.774802596432060293e-16 6.028593159795511410e-17 4.846355845391723051e+03
4.050898464535710216e-19 5.984951735276079020e-17 4.847088311761295699e+03
3.314533307157259892e-16 5.978620043811824755e-17 4.847820785281176541e+03
-4.293676207472232347e-17 5.963549561429199342e-17 4.848553265950499735e+03
1.450098831491024222e-16 5.940373047595911160e-17 4.849285753768399445e+03
3.615374733699470945e-16 5.941951480767247030e-17 4.850018248734009831e+03
9.827212342670401171e-17 5.915593514702997967e-17 4.850750750846465962e+03
1.010359989841571798e-16 5.930117442109005654e-17 4.851483260104900182e+03
2.947686178781993021e-16 5.952281594128700288e-17 4.852215776508449380e+03
2.224374575535755729e-16 5.946117134450502613e-17 4.852948300056243170e+03
1.425132263134079575e-16 5.930517936844526996e-17 4.853680830747420259e+03
5.541812582353495613e-18 5.936289746021041125e-17 4.854413368581112081e+03
3.266489980446013927e-16 5.949609543196330174e-17 4.855145913556454616e+03
-1.030098293900262991e-16 5.948067041114234499e-17 4.855878465672580205e+03
3.102133089473233119e-16 5.971319586391452911e-17 4.856611024928624829e+03
7.276078558474777283e-17 5.980924918386229779e-17 4.857343591323720830e+03
2.578550446412136534e-16 5.990432180652008969e-17 4.858076164857004187e+03
3.516262753776760198e-16 5.975618786126427977e-17 4.858808745527608153e+03
7.816993596798398435e-17 5.937296808920573167e-17 4.859541333334667797e+03
9.127840248051584351e-17 5.931143093721932338e-17 4.860273928277314553e+03
8.807161127818717121e-17 5.937800901782184355e-17 4.861006530354685310e+03
1.374575455806492709e-16 5.952556993693553732e-17 4.861739139565914229e+03
3.022350132734914959e-16 5.981577727466929005e-17 4.862471755910133652e+03
9.450430171668077774e-17 5.979051863535562024e-17 4.863204379386479559e+03
1.584419004405324897e-16 5.992594840563987706e-17 4.863937009994084292e+03
1.425548032399574625e-16 5.994629010776735597e-17 4.864669647732083831e+03
2.620898448734496154e-16 5.988984654039839865e-17 4.865402292599612338e+03
2.550265401090052006e-16 6.001260049230226875e-17 4.866134944595802153e+03
1.211179417791172699e-16 6.014244395748792669e-17 4.866867603719789258e+03
1.226243574428044171e-16 6.025519309764896689e-17 4.867600269970706904e+03
1.584970291072569399e-16 6.043489329598792776e-17 4.868332943347688342e+03
2.505510275581160841e-16 6.046424479465256710e-17 4.869065623849870462e+03
1.413293827788811480e-16 6.030673207640766165e-17 4.869798311476384697e+03
5.522240267382134593e-17 6.052989978554739892e-17 4.870531006226368845e+03
7.412139683309912731e-17 6.079093637126257847e-17 4.871263708098952520e+03
1.384503692272176025e-16 6.064322409166647695e-17 4.871996417093272612e+03
1.477314120577351456e-16 6.089131392409802679e-17 4.872729133208462372e+03
1.332536005568249220e-17 6.154728683748487374e-17 4.873461856443655961e+03
-4.274419387732848771e-17 6.209548329927898509e-17 4.874194586797988450e+03
1.055415659694784975e-16 6.241880968717475900e-17 4.874927324270594909e+03
2.344028398639615326e-16 6.213628248268219941e-17 4.875660068860604952e+03
8.219702901178990292e-17 6.234436760950272726e-17 4.876392820567158196e+03
1.301696832551582391e-16 6.254748150022212902e-17 4.877125579389385166e+03
3.510258433800051701e-16 6.256932339674696257e-17 4.877858345326421841e+03
7.337176615565054665e-17 6.297311198389621810e-17 4.878591118377404200e+03
2.081781275115062556e-16 6.316334335704132941e-17 4.879323898541461858e+03
1.538150986233940100e-16 6.341768015167242668e-17 4.880056685817731704e+03
-5.492017460055681070e-17 6.400060536059053271e-17 4.880789480205349719e+03
5.526145321349788665e-17 6.466417330094655030e-17 4.881522281703444605e+03
3.855001128536603037e-17 6.410491758018736435e-17 4.882255090311155072e+03
1.762347194497121233e-16 6.396367172694432972e-17 4.882987906027615281e+03
1.006646289445002975e-16 6.419675085917883857e-17 4.883720728851958484e+03
2.723504307485823078e-16 6.432885610911218945e-17 4.884453558783316112e+03
3.080118198585822785e-17 6.453126467422735804e-17 4.885186395820826874e+03
2.604057379167142482e-16 6.463850578257905709e-17 4.885919239963622204e+03
3.671931263489993181e-16 6.469983458815787241e-17 4.886652091210838989e+03
1.026319276155097605e-16 6.482984160362545310e-17 4.887384949561606845e+03
7.485641046477371258e-17 6.499400041753115128e-17 4.888117815015064480e+03
2.079649222103883872e-16 6.507636127143356410e-17 4.888850687570343325e+03
3.276312805801207438e-16 6.513512685962873631e-17 4.889583567226580271e+03
7.702403896300285223e-17 6.531917402383338635e-17 4.890316453982904932e+03
2.532723906088499318e-16 6.546870337071477061e-17 4.891049347838456015e+03
4.021236541926127922e-16 6.541696650358987909e-17 4.891782248792364044e+03
1.742424369063920811e-16 6.538101019496134467e-17 4.892515156843768636e+03
1.480668262038168902e-16 6.551202651173763498e-17 4.893248071991798497e+03
1.595481155209128291e-16 6.546305450107459126e-17 4.893980994235589606e+03
9.275117042793695204e-17 6.530994257363256604e-17 4.894713923574277942e+03
7.330170449273589188e-17 6.545518279362735308e-17 4.895446860006994939e+03
2.975843131536247629e-16 6.564169403518998883e-17 4.896179803532877486e+03
1.779139897079944952e-16 6.581933544992398139e-17 4.896912754151055196e+03
5.483868633347753543e-17 6.584139016193372768e-17 4.897645711860668598e+03
2.693440198827893412e-16 6.589881408046777389e-17 4.898378676660846395e+03
3.191077655025437713e-16 6.596519769876325930e-17 4.899111648550726386e+03
2.038001737018293888e-16 6.610600650824830503e-17 4.899844627529440913e+03
2.427783413972814902e-16 6.597011501360606987e-17 4.900577613596125047e+03
1.443341755212416507e-16 6.595471048089555565e-17 4.901310606749912949e+03
-4.414194608509104540e-17 6.595509350745301661e-17 4.902043606989938780e+03
2.977693545946159895e-16 6.591677912146503033e-17 4.902776614315335792e+03
3.869830458366162991e-16 6.576975010148425850e-17 4.903509628725239054e+03
1.354187184470050329e-16 6.578381335996161395e-17 4.904242650218784547e+03
1.177116999487823265e-16 6.568175216012430240e-17 4.904975678795100976e+03
3.378587418872848434e-16 6.573203343242539474e-17 4.905708714453328867e+03
2.414995566633383743e-16 6.565452361704940462e-17 4.906441757192599653e+03
4.069366545068452544e-17 6.552970811160294056e-17 4.907174807012046585e+03
1.143883595147252578e-16 6.551606631745417311e-17 4.907907863910805645e+03
1.672392945913977950e-16 6.563150345465558638e-17 4.908640927888009173e+03
2.090957139668339932e-16 6.577106069295528934e-17 4.909373998942793150e+03
2.800889043258344724e-16 6.566421459918407227e-17 4.910107077074291738e+03
3.537830584138787863e-17 6.580476097088932425e-17 4.910840162281639095e+03
8.516249982096579236e-17 6.568215460430011820e-17 4.911573254563965747e+03
1.806732130012727123e-16 6.558166760970760664e-17 4.912306353920412221e+03
3.708286998906160442e-16 6.552155025030923312e-17 4.913039460350108129e+03
2.363768415345953115e-16 6.520026833801469814e-17 4.913772573852190362e+03
-1.454430336777288336e-17 6.525470026185621905e-17 4.914505694425790352e+03
9.034816091221876039e-17 6.540385473566393601e-17 4.915238822070044080e+03
3.581530299021427993e-16 6.528216958073418615e-17 4.915971956784085705e+03
2.479177522215855002e-16 6.530461918115313841e-17 4.916705098567049390e+03
1.632171235842301551e-17 6.545443956629089124e-17 4.917438247418069295e+03
1.843735857581424857e-16 6.555465689007166822e-17 4.918171403336278672e+03
1.893108183542435354e-16 6.568357520565510032e-17 4.918904566320814411e+03
2.593491119365238299e-16 6.564823629518437628e-17 4.919637736370807943e+03
2.529834547708691772e-16 6.566023336832508144e-17 4.920370913485394340e+03
1.010578991435115953e-16 6.569355082043245263e-17 4.921104097663706852e+03
7.239133806438865833e-17 6.578241210487688116e-17 4.921837288904883280e+03
2.427845981974192388e-16 6.566816665093115948e-17 4.922570487208054146e+03
-1.877922068721888203e-17 6.566061999646932019e-17 4.923303692572355430e+03
5.401329728478638775e-17 6.580018973328089643e-17 4.924036904996920384e+03
2.428025570378027019e-16 6.595560450252230483e-17 4.924770124480883169e+03
1.234265403747913637e-16 6.566167232260444603e-17 4.925503351023378855e+03
4.552572585533093925e-16 6.585196237619622309e-17 4.926236584623541603e+03
2.317283749719075463e-16 6.595270907973957852e-17 4.926969825280506484e+03
2.122536540202288445e-16 6.604035241652648107e-17 4.927703072993404021e+03
6.282233799460994646e-17 6.608620287720376269e-17 4.928436327761372013e+03
9.340148088775184654e-17 6.608906590294945837e-17 4.929169589583543711e+03
2.446424472020197448e-16 6.617572547855050272e-17 4.929902858459054187e+03
1.843111845207377776e-16 6.634985580423434718e-17 4.930636134387035781e+03
1.598234097476468517e-16 6.643870842246809439e-17 4.931369417366624475e+03
1.422940400288221456e-16 6.658550620487049657e-17 4.932102707396952610e+03
3.354375897348916804e-16 6.666143347440175032e-17 4.932836004477156166e+03
1.395211269051842503e-16 6.671628808534637098e-17 4.933569308606369304e+03
2.473344181742817786e-16 6.681713765631212697e-17 4.934302619783726186e+03
5.492772986768364708e-17 6.680393208687185802e-17 4.935035938008359153e+03
2.651223048292935924e-16 6.686522245482118381e-17 4.935769263279404186e+03
2.938278932288469005e-16 6.690958507024732392e-17 4.936502595595995444e+03
4.978323325017709752e-17 6.711168498841258214e-17 4.937235934957268000e+03
9.496865528064709187e-17 6.707882196400823597e-17 4.937969281362352376e+03
7.536455934447020622e-17 6.702980450881067875e-17 4.938702634810386371e+03
-3.970514704620937957e-17 6.685640326940378423e-17 4.939435995300504146e+03
3.070423073546393466e-16 6.699798036625122967e-17 4.940169362831838953e+03
2.510072459634949027e-16 6.727772024707743250e-17 4.940902737403524952e+03
1.354067641245728330e-16 6.718483419690637389e-17 4.941636119014696305e+03
2.156557083401755395e-16 6.718995218738513144e-17 4.942369507664487173e+03
2.275699971800688007e-16 6.803557718566884405e-17 4.943102903352031717e+03
1.751921058820409912e-16 6.731659772495562958e-17 4.943836306076465917e+03
1.155822229138645743e-17 6.698102818693342582e-17 4.944569715836922114e+03
8.500440293612176070e-17 6.711815087644259159e-17 4.945303132632534471e+03
1.350762376883841798e-16 6.774587881330435601e-17 4.946036556462438966e+03
2.760778766166412783e-16 6.740001132045192856e-17 4.946769987325767943e+03
2.672986300758134033e-16 6.733675878418799162e-17 4.947503425221656471e+03
-1.669832832817761990e-16 6.713359545608021519e-17 4.948236870149239621e+03
-7.882133110824924995e-17 6.717873266957577904e-17 4.948970322107648826e+03
3.766470665856170288e-16 6.729570393880013982e-17 4.949703781096020975e+03
1.656425956112265050e-16 6.685210791183959645e-17 4.950437247113490230e+03
1.351757991368245779e-16 6.667054520834751517e-17 4.951170720159189841e+03
4.778749545422387541e-17 6.691266370355956153e-17 4.951904200232254880e+03
2.393240770416117297e-16 6.697574051025219012e-17 4.952637687331819507e+03
2.279572567833994550e-16 6.715901584016143763e-17 4.953371181457015155e+03
1.123089123369149821e-16 6.730579053733980086e-17 4.954104682606979623e+03
9.189770175351474908e-17 6.711368672232711123e-17 4.954838190780845252e+03
1.778705678617437944e-16 6.696524527385147297e-17 4.955571705977748934e+03
1.771516054761243320e-16 6.702257534577186745e-17 4.956305228196823009e+03
4.241851494906939896e-17 6.689112105736787909e-17 4.957038757437199820e+03
2.171759676812856073e-16 6.712187674891916086e-17 4.957772293698017165e+03
1.896277820122732773e-16 6.725049119817587503e-17 4.958505836978406478e+03
3.732531175059165372e-16 6.709565664146181009e-17 4.959239387277503738e+03
2.326306565991515383e-16 6.731865752688594255e-17 4.959972944594442197e+03
4.445789858241235704e-17 6.735542124660858591e-17 4.960706508928356925e+03
3.528440456732751731e-16 6.767124051252244617e-17 4.961440080278382084e+03
-2.738169760309695906e-18 6.809902648179535330e-17 4.962173658643650924e+03
2.357714724632038253e-17 6.820340192622356884e-17 4.962907244023299427e+03
1.481750998304271683e-16 6.822336787907854130e-17 4.963640836416459933e+03
3.858551396870171283e-16 6.826061346756936793e-17 4.964374435822268424e+03
6.312216167607174589e-17 6.847832048673929464e-17 4.965108042239857241e+03
1.674726228439223847e-16 6.854001332612675421e-17 4.965841655668362364e+03
2.679752610646490279e-16 6.881216472573623122e-17 4.966575276106916135e+03
1.038820036083502209e-16 6.879985122191775321e-17 4.967308903554654535e+03
1.965610396761463374e-16 6.896752825160166457e-17 4.968042538010711723e+03
1.502504653449851846e-16 6.913519676387825718e-17 4.968776179474221863e+03
2.904992959226407356e-16 6.931002287211682627e-17 4.969509827944319113e+03
2.208458671884529035e-16 6.914766382125668496e-17 4.970243483420137636e+03
1.531751906136072554e-16 6.920318596036718056e-17 4.970977145900809774e+03
2.325039167687290628e-16 6.936716883756806988e-17 4.971710815385473325e+03
9.733074305995604951e-17 6.923864518169154257e-17 4.972444491873260631e+03
2.846773377541114832e-16 6.944285422146690268e-17 4.973178175363305854e+03
2.807115510951775637e-16 6.995748477621696497e-17 4.973911865854742246e+03
1.580514219595686154e-16 6.907406470731653259e-17 4.974645563346706695e+03
-3.651465087849903590e-17 6.827527748935147176e-17 4.975379267838332453e+03
3.716310685207902427e-16 6.768756037547973776e-17 4.976112979328752772e+03
-5.646693762669491222e-17 6.765000995173374072e-17 4.976846697817101813e+03
2.360853008013564271e-16 6.751461653154676807e-17 4.977580423302515555e+03
3.278833277457682419e-16 6.740635290334700738e-17 4.978314155784127252e+03
4.917178360220683430e-17 6.724429993768224308e-17 4.979047895261071972e+03
1.698615743843871003e-16 6.739008974787696588e-17 4.979781641732482967e+03
1.499322781146472722e-16 6.727688923016334920e-17 4.980515395197493490e+03
2.829358975854070293e-16 6.720402752767055549e-17 4.981249155655239520e+03
3.515771038957781075e-16 6.741730222951124266e-17 4.981982923104856127e+03
2.192783776867730565e-16 6.744570163834482349e-17 4.982716697545474744e+03
4.032513493066784320e-16 6.766423221126465785e-17 4.983450478976231352e+03
1.620082471184797134e-16 6.753698814147110400e-17 4.984184267396260111e+03
3.189274190881068281e-16 6.752220747069677076e-17 4.984918062804696092e+03
1.813449391784903629e-16 6.769942623268202598e-17 4.985651865200672546e+03
8.434769042764507298e-17 6.770924797067777350e-17 4.986385674583323635e+03
2.806561706998343117e-16 6.751683401538470430e-17 4.987119490951783519e+03
1.306880744138637119e-16 6.752307840007619073e-17 4.987853314305188178e+03
4.298512228393126304e-17 6.757801140143205048e-17 4.988587144642669955e+03
3.094088168500981252e-16 6.763832116147526885e-17 4.989320981963363010e+03
2.579707400696747037e-16 6.760255214743932643e-17 4.990054826266401506e+03
7.726042342176966473e-17 6.742393428029203509e-17 4.990788677550921420e+03
5.134609174194811870e-17 6.741501738482337793e-17 4.991522535816057825e+03
4.108060895883098403e-16 6.733172211015379020e-17 4.992256401060940334e+03
1.088973210740594093e-16 6.727714466452631400e-17 4.992990273284707655e+03
1.856422015421871208e-16 6.724797984763691691e-17 4.993724152486494859e+03
1.922688766777520078e-16 6.707016576149205957e-17 4.994458038665430649e+03
1.693922496862750633e-16 6.684693825844361277e-17 4.995191931820652826e+03
2.148600031756173379e-16 6.690793123011516030e-17 4.995925831951297369e+03
5.698009366285491677e-17 6.707921277828105407e-17 4.996659739056494800e+03
3.931164634909016056e-16 6.695186150926201429e-17 4.997393653135382010e+03
4.110434412215250215e-16 6.687194266078713127e-17 4.998127574187092250e+03
1.816244242958955164e-16 6.696751928858026023e-17 4.998861502210760591e+03
1.385234687595412700e-16 6.695592005360898032e-17 4.999595437205521193e+03
3.920469789580445926e-16 6.692604247707135843e-17 5.000329379170505490e+03
1.762836581643196220e-16 6.658343770878676712e-17 5.001063328104852189e+03
1.693177837346169292e-16 6.663232536157847380e-17 5.001797284007692724e+03
-1.299182639416401894e-16 6.650814911372047525e-17 5.002531246878163074e+03
3.209649368220679181e-16 6.649537758224896988e-17 5.003265216715396491e+03
1.956746392903805772e-16 6.636828689919423527e-17 5.003999193518526226e+03
2.419221026041442932e-16 6.639688786223434953e-17 5.004733177286688260e+03
3.577056523705589744e-17 6.646596448970132243e-17 5.005467168019015844e+03
2.058281976212585342e-16 6.659130265857408331e-17 5.006201165714644958e+03
2.358467157676220346e-16 6.661272843772080807e-17 5.006935170372707944e+03
2.147909629149005152e-16 6.665976999500127142e-17 5.007669181992340782e+03
3.244640882333819491e-16 6.674267393992922081e-17 5.008403200572674905e+03
1.354144466501324167e-16 6.678946883674172136e-17 5.009137226112849021e+03
1.175637001525103119e-16 6.656824423366660593e-17 5.009871258611992744e+03
2.302785354234666320e-16 6.650824937092443853e-17 5.010605298069242963e+03
1.970178092593185226e-16 6.645852473739364631e-17 5.011339344483734749e+03
2.323844033692467559e-16 6.650657484134621301e-17 5.012073397854599534e+03
1.008930488680378039e-16 6.636197000585118875e-17 5.012807458180973299e+03
1.342591686900025559e-16 6.630385230607224960e-17 5.013541525461991114e+03
1.786267576383032148e-16 6.628555931868779208e-17 5.014275599696786230e+03
2.240650365381204181e-16 6.650606470326125701e-17 5.015009680884492809e+03
-1.640860705203447511e-17 6.642427611615299326e-17 5.015743769024244102e+03
-1.192794264023001905e-16 6.650693205969518302e-17 5.016477864115176999e+03
3.598236636768255370e-16 6.639022733096060590e-17 5.017211966156426570e+03
2.848890391855187720e-16 6.630803636523794267e-17 5.017946075147121519e+03
1.334927107960883561e-16 6.637146984381889056e-17 5.018680191086400555e+03
9.948301958997448457e-17 6.629373648402976849e-17 5.019414313973396929e+03
3.872815819977653593e-16 6.632064481721009928e-17 5.020148443807246622e+03
3.511539365714824414e-16 6.611906970384001853e-17 5.020882580587081975e+03
1.369583857564811044e-16 6.622541722162326820e-17 5.021616724312037150e+03
-4.580984701593877246e-17 6.617139441557140608e-17 5.022350874981246307e+03
1.908410266282582848e-16 6.609817411954021491e-17 5.023085032593844517e+03
2.405819205757997371e-16 6.592970320543825832e-17 5.023819197148966850e+03
2.535652988009344855e-16 6.628363942002278143e-17 5.024553368645747469e+03
2.227271856360616405e-16 6.703604702696242757e-17 5.025287547083317804e+03
2.600757240773464199e-16 6.665579215238528736e-17 5.026021732460815656e+03
2.813012410975439810e-16 6.602401365779334286e-17 5.026755924777372456e+03
2.186395656954846659e-16 6.583944750305824298e-17 5.027490124032126914e+03
1.325977821546609581e-16 6.593725913187369074e-17 5.028224330224205914e+03
1.359561080062947058e-16 6.585713326106059431e-17 5.028958543352751803e+03
1.155959804262503197e-16 6.568821186017951238e-17 5.029692763416893285e+03
3.917051356326672937e-17 6.555869958594870235e-17 5.030426990415768159e+03
2.669654559020519998e-16 6.555473932463694783e-17 5.031161224348508767e+03
2.554042412773011391e-16 6.520641233314153032e-17 5.031895465214249271e+03
1.530642458089748281e-16 6.600850105340876061e-17 5.032629713012125649e+03
2.015270163313389921e-16 6.489194793771626094e-17 5.033363967741269335e+03
4.040866070345732929e-16 6.456652579279027465e-17 5.034098229400818127e+03
1.140089675079952446e-16 6.453755176165735904e-17 5.034832497989904368e+03
2.180197530720782168e-16 6.604036547605459810e-17 5.035566773507662219e+03
6.609977414622026269e-17 6.461213927003117332e-17 5.036301055953224932e+03
9.790019351121200160e-17 6.408863282720217005e-17 5.037035345325730304e+03
2.857147841042169749e-16 6.401464395354602581e-17 5.037769641624308861e+03
5.390930234875275224e-17 9.008142508342414721e-16 5.038503944848098399e+03
6.835678853850106829e-17 4.144921653706421657e-16 5.039238254996230353e+03
2.827545983108246860e-16 6.341816303037689958e-17 5.039972572067839792e+03
2.556687458699588634e-16 6.350704988705174282e-17 5.040706896062062697e+03
1.985576224403873346e-16 6.384222016119387772e-17 5.041441226978030500e+03
1.364434261366386456e-16 6.330718832704118217e-17 5.042175564814880090e+03
1.236843445043003686e-16 6.367030226082843186e-17 5.042909909571744720e+03
2.348359257753354215e-16 6.313386755708545956e-17 5.043644261247758550e+03
1.236962144371039717e-16 6.321723315735962898e-17 5.044378619842054832e+03
1.568525510878973018e-16 6.332897757609393933e-17 5.045112985353770455e+03
1.642551407667070958e-16 6.471378400999092035e-17 5.045847357782036852e+03
5.507937860258415806e-17 6.480571966873734372e-17 5.046581737125990912e+03
9.499110994004273897e-17 6.468935085441522494e-17 5.047316123384766797e+03
1.999669278373181894e-16 6.491992816140456597e-17 5.048050516557495939e+03
2.287790196025739181e-16 6.493814741966354124e-17 5.048784916643315228e+03
5.908123262576257508e-17 6.475586328911559301e-17 5.049519323641357914e+03
6.578634228824182505e-17 6.490116550428763323e-17 5.050253737550759979e+03
2.334773337988184957e-16 6.418971432142716508e-17 5.050988158370653764e+03
2.403399728934702428e-16 6.425665754336807763e-17 5.051722586100175249e+03
1.070198441223252784e-16 6.436426793039069709e-17 5.052457020738456777e+03
1.718117591265748859e-16 6.442253934881656608e-17 5.053191462284633417e+03
4.545201266504574632e-16 6.455301579874357786e-17 5.053925910737839331e+03
2.301111795869497582e-16 6.458175458674076708e-17 5.054660366097209589e+03
1.135251368483736822e-16 6.459500696073015277e-17 5.055394828361879263e+03
9.775081054116654395e-17 6.465205892474220561e-17 5.056129297530978874e+03
2.867456726826109610e-16 6.447191907812408295e-17 5.056863773603648951e+03
2.183864044175183370e-16 6.443511536670033747e-17 5.057598256579019107e+03
1.742781543998565446e-16 6.430954832416673137e-17 5.058332746456222594e+03
2.135084681984193555e-16 6.428566046861586677e-17 5.059067243234399029e+03
2.211733220171575384e-16 6.413688632354121175e-17 5.059801746912678936e+03
1.757858637619860492e-16 6.416946188560782610e-17 5.060536257490195567e+03
2.218063833793085014e-16 6.418503440597489009e-17 5.061270774966086719e+03
2.371026789118007537e-16 6.428423532656504034e-17 5.062005299339484736e+03
2.566790772093743539e-16 6.426700473261145853e-17 5.062739830609521960e+03
8.204183534417916283e-17 6.415372168815974912e-17 5.063474368775338917e+03
-9.544731788935180819e-17 6.412416350093618505e-17 5.064208913836064312e+03
3.094574782499938409e-16 6.403657031148685855e-17 5.064943465790833216e+03
2.518977906644840802e-16 6.390560377868811242e-17 5.065678024638782517e+03
1.407663138793798107e-16 6.376414486975564324e-17 5.066412590379042740e+03
2.134161894407155604e-16 6.375368161301352806e-17 5.067147163010751683e+03
3.721716365140427320e-16 6.383089419947071336e-17 5.067881742533041688e+03
1.678158112979139799e-16 6.373868425311822082e-17 5.068616328945048735e+03
2.529010108794800623e-16 6.362295801912941478e-17 5.069350922245905167e+03
2.220318955688263338e-16 6.361639284738691254e-17 5.070085522434746963e+03
1.314922322431637612e-16 6.362004369997989874e-17 5.070820129510706465e+03
9.733323444489232958e-17 6.367469380559537925e-17 5.071554743472923292e+03
1.861882882560450675e-16 6.370876276514295891e-17 5.072289364320522509e+03
2.469172276609417583e-16 6.374302971492135795e-17 5.073023992052647372e+03
3.531351994103095934e-16 6.379345774468898987e-17 5.073758626668426587e+03
1.215968775361351434e-16 6.370009062976043108e-17 5.074493268166996131e+03
-1.867848040089506235e-18 6.373016510728324365e-17 5.075227916547491986e+03
1.424138013509736404e-16 6.324480233732680242e-17 5.075962571809048313e+03
1.296146817998415188e-16 6.329340674178256111e-17 5.076697233950795635e+03
2.032869605628909850e-16 6.314174409342818718e-17 5.077431902971871750e+03
1.476865372548807485e-16 6.313242519988768692e-17 5.078166578871410820e+03
1.175451387661825887e-16 6.310441460217793726e-17 5.078901261648545187e+03
3.366662830283011192e-16 6.314152858122580749e-17 5.079635951302410831e+03
-3.063421509502570729e-17 6.307975205254657144e-17 5.080370647832142822e+03
1.540084013549716043e-16 6.308347214967053030e-17 5.081105351236873503e+03
1.280889749171113169e-16 6.313954213848238729e-17 5.081840061515738853e+03
2.586087512877634160e-16 6.321964503702957177e-17 5.082574778667873034e+03
1.313426116100089789e-16 6.319738729467413576e-17 5.083309502692408387e+03
3.482482460439381019e-16 6.311523621158983046e-17 5.084044233588481802e+03
1.596730359943782615e-16 6.323531643912654072e-17 5.084778971355224712e+03
1.367237523063747770e-16 6.334397706021339409e-17 5.085513715991774006e+03
2.407967707273264294e-16 6.336425118022984498e-17 5.086248467497264755e+03
6.483236069471633863e-17 6.348679094169778344e-17 5.086983225870828392e+03
3.684863168708270942e-16 6.352865261464376492e-17 5.087717991111600895e+03
3.191308346657506793e-16 6.349488520796756593e-17 5.088452763218716427e+03
6.690298359565732286e-17 6.359101675641356315e-17 5.089187542191309149e+03
1.220974123141956863e-17 6.348372114311804319e-17 5.089922328028513220e+03
2.051728859982031050e-16 6.335300236727884713e-17 5.090657120729461894e+03
3.019720407192773402e-16 6.332866022216849198e-17 5.091391920293292969e+03
8.637043211150881439e-17 6.321051390968079482e-17 5.092126726719137878e+03
-9.162121393006214042e-18 6.324195049627137201e-17 5.092861540006132600e+03
2.946805589979497662e-16 6.303098093698372165e-17 5.093596360153409478e+03
3.560786101981831720e-16 6.280835031194573177e-17 5.094331187160105401e+03
7.199049644132320863e-17 6.265441252345902160e-17 5.095066021025351802e+03
3.348894294702068671e-17 6.261931928356582611e-17 5.095800861748285570e+03
7.840432778931831083e-17 6.256995213813084893e-17 5.096535709328039957e+03
-1.513679533929068823e-16 6.239770716701057739e-17 5.097270563763748214e+03
1.490632217133515656e-16 6.227134431606260302e-17 5.098005425054546322e+03
2.323018866851241911e-16 6.233378493630803912e-17 5.098740293199567532e+03
1.659189132670964209e-16 6.234530221701732637e-17 5.099475168197948733e+03
1.052564147732614824e-16 6.247937274444802271e-17 5.100210050048821358e+03
1.730514379945653835e-16 6.206594464768504999e-17 5.100944938751319569e+03
1.419765963331400359e-16 6.194065672978095688e-17 5.101679834304579344e+03
2.033986316069618391e-16 6.200437531776545951e-17 5.102414736707733937e+03
5.981068063188233594e-17 6.193635394915971168e-17 5.103149645959921145e+03
1.312785563967340931e-16 6.197873871733963369e-17 5.103884562060269673e+03
1.564665748905597063e-16 6.213833553636606757e-17 5.104619485007917319e+03
2.889119008095232411e-16 6.220048555383479074e-17 5.105354414801999155e+03
1.509379800019113233e-16 6.232054432567922854e-17 5.106089351441647523e+03
2.160265461217245485e-16 6.243035504236450135e-17 5.106824294925995673e+03
2.272781392711777767e-16 6.239633247546974932e-17 5.107559245254180496e+03
1.685755082067540832e-16 6.252189845808301458e-17 5.108294202425337062e+03
2.300150217603383438e-17 6.248485474525093675e-17 5.109029166438595894e+03
2.103637523084012862e-16 6.255403335996622840e-17 5.109764137293093881e+03
6.567203188189050937e-17 6.246682298160076602e-17 5.110499114987966095e+03
1.702329585853004043e-16 6.269018471390827038e-17 5.111234099522343968e+03
5.118996915548487043e-17 6.301008040876339974e-17 5.111969090895367117e+03
3.155899616527688836e-16 6.270737111291819082e-17 5.112704089106164247e+03
2.800317551298465702e-16 6.260680328665101449e-17 5.113439094153873157e+03
1.465520425172139922e-16 6.269509103599444567e-17 5.114174106037626188e+03
8.458813948723051342e-18 6.272686863074909990e-17 5.114909124756557503e+03
2.388161958301049182e-16 6.285701657008725885e-17 5.115644150309805809e+03
3.067053590950236066e-16 6.260161864750417873e-17 5.116379182696498901e+03
9.987964732413510343e-18 6.246396342660913140e-17 5.117114221915775488e+03
-6.036997508203309846e-18 6.254385247076245880e-17 5.117849267966768821e+03
2.292846990620249009e-16 6.253221145144755004e-17 5.118584320848613061e+03
2.875713447513469122e-16 6.237692947197454840e-17 5.119319380560444188e+03
1.284301827068382842e-16 6.241354430683211605e-17 5.120054447101391816e+03
1.195769072407860279e-16 6.236989534070305669e-17 5.120789520470596472e+03
2.670641172824507430e-16 6.231044989971656390e-17 5.121524600667188679e+03
2.251737365937919292e-16 6.228545219447555464e-17 5.122259687690304418e+03
1.152563967599169097e-16 6.214163147457225656e-17 5.122994781539076939e+03
1.947541688635546519e-16 6.214454332230046568e-17 5.123729882212641314e+03
4.442316179426793200e-17 6.218985548597754598e-17 5.124464989710129885e+03
2.009902225672138062e-16 6.215398343352721695e-17 5.125200104030680450e+03
1.654666490374438218e-16 6.203712746451145807e-17 5.125935225173425351e+03
2.426664435838757110e-16 6.196029866318678970e-17 5.126670353137500570e+03
3.079426646889477017e-16 6.214213187667733596e-17 5.127405487922037537e+03
2.995884060925506049e-16 6.249669459921235979e-17 5.128140629526173143e+03
6.710062510543150070e-17 6.262520373983252689e-17 5.128875777949040639e+03
1.197202684483561084e-16 6.275424773781646336e-17 5.129610933189773277e+03
4.354333796912215897e-16 6.300756629486822087e-17 5.130346095247507947e+03
3.032022683391434415e-17 6.308249061082322215e-17 5.131081264121377899e+03
1.309802103335682038e-16 6.314782567070192699e-17 5.131816439810518204e+03
2.134528614554483210e-16 6.329742244670214995e-17 5.132551622314060296e+03
4.909237652231376003e-16 6.331322715724752748e-17 5.133286811631141973e+03
8.629435615011606914e-17 6.356811524502656694e-17 5.134022007760895576e+03
2.554538261980987120e-16 6.355330351605144249e-17 5.134757210702457087e+03
1.608897315410077423e-16 6.357457521941205171e-17 5.135492420454958847e+03
1.493919207936799305e-16 6.397965745251601551e-17 5.136227637017537745e+03
1.297778443349378756e-16 6.401382544582033325e-17 5.136962860389325215e+03
2.212008762563563849e-16 6.389242213517534582e-17 5.137698090569458145e+03
2.452173920829082804e-16 6.397045742973310097e-17 5.138433327557069788e+03
1.267552202965958843e-16 6.384626584528390943e-17 5.139168571351294304e+03
1.611283145425163882e-16 6.378769274940487687e-17 5.139903821951265854e+03
3.555242084625099852e-16 6.381846645644211295e-17 5.140639079356120419e+03
2.193247607018250316e-16 6.376835882226939496e-17 5.141374343564992159e+03
2.998083205460495593e-16 6.369585407575887746e-17 5.142109614577013417e+03
1.579957650606700122e-16 6.360249222214626118e-17 5.142844892391318353e+03
3.778913808045482042e-16 6.359564230057841224e-17 5.143580177007044767e+03
-1.073116160517350880e-17 6.393888026146592720e-17 5.144315468423325001e+03
-9.272903253662123481e-17 6.368461107399169866e-17 5.145050766639293215e+03
1.983106764442412586e-16 6.360116691787949593e-17 5.145786071654082662e+03
1.332580843905944190e-16 6.362885078290629519e-17 5.146521383466828411e+03
2.152153158680507614e-16 6.366018413135633985e-17 5.147256702076667352e+03
2.509951362398002496e-16 6.377172608735671002e-17 5.147992027482730919e+03
1.009688097907923220e-16 6.377340197174868977e-17 5.148727359684155999e+03
9.899358620082683860e-17 6.376215570054688531e-17 5.149462698680073117e+03
3.642374360141679087e-16 6.367796555842402505e-17 5.150198044469620982e+03
2.138058837314589524e-16 6.364078961922007338e-17 5.150933397051930115e+03
-9.031062003307000465e-17 6.330526848438993035e-17 5.151668756426138316e+03
2.551501448850695118e-16 6.330619238562432195e-17 5.152404122591377927e+03
3.048059631311979854e-16 6.324299262131080492e-17 5.153139495546784019e+03
1.298398088961664747e-16 6.326033614454857975e-17 5.153874875291490753e+03
1.651254682563000656e-16 6.327076630396432355e-17 5.154610261824632289e+03
1.520578679171608526e-16 6.331395361752799619e-17 5.155345655145341880e+03
3.149426499915660534e-16 6.321047365865393443e-17 5.156081055252757324e+03
1.849019656367702958e-16 6.333093668366584469e-17 5.156816462146009144e+03
3.571300109431004638e-16 6.292049259306664668e-17 5.157551875824234230e+03
1.116367722614559466e-16 6.291881322699800080e-17 5.158287296286565834e+03
1.833669766960214744e-16 6.280433370031184668e-17 5.159022723532139935e+03
6.902286733965560171e-17 6.285699556461535854e-17 5.159758157560088875e+03
2.627148519302919977e-16 6.287996972867188691e-17 5.160493598369548636e+03
1.810901575429842383e-16 6.266154444623486410e-17 5.161229045959652467e+03
7.474396102460086587e-17 6.242091945367356030e-17 5.161964500329533621e+03
2.986290614005914804e-16 6.245877474987341443e-17 5.162699961478328987e+03
2.511890914663204624e-16 6.243495326683163808e-17 5.163435429405171817e+03
3.531246291672649307e-16 6.234057557587906192e-17 5.164170904109196272e+03
1.400292123915346807e-16 6.220897306216230260e-17 5.164906385589538331e+03
1.485279356065105021e-16 6.189055879303552162e-17 5.165641873845330338e+03
1.602370638527159048e-16 6.158557044854664575e-17 5.166377368875706452e+03
5.954157775473428125e-17 6.152628795718363631e-17 5.167112870679804473e+03
3.169975475928787293e-16 6.137259473371017815e-17 5.167848379256753105e+03
5.378901238152564621e-17 6.110770330784567171e-17 5.168583894605691967e+03
2.289849514488404487e-16 6.124546196955174685e-17 5.169319416725753399e+03
2.878532447981314222e-16 6.117274708138261781e-17 5.170054945616071564e+03
3.630589723704100862e-16 6.122417694937608566e-17 5.170790481275780621e+03
-4.052620213293729737e-17 6.110800933281058182e-17 5.171526023704014733e+03
1.088722147520318569e-16 6.102771515626498330e-17 5.172261572899910789e+03
3.097106167797465692e-16 6.109455452660268838e-17 5.172997128862602040e+03
9.997402455867541800e-17 6.116294837913224671e-17 5.173732691591219918e+03
1.477839089659440104e-16 6.116418095993266842e-17 5.174468261084902224e+03
3.151213973984311762e-16 6.131458738624726002e-17 5.175203837342782208e+03
8.871833715094448749e-17 6.116945363630590595e-17 5.175939420363993122e+03
9.411821824990546419e-17 6.093133599552132812e-17 5.176675010147670037e+03
1.775499407173808941e-16 6.098879163777852033e-17 5.177410606692951660e+03
2.383369896708642973e-16 6.102610868697806319e-17 5.178146209998965787e+03
2.256682332869251880e-16 6.102464504640869241e-17 5.178881820064851127e+03
1.760139818016222515e-16 6.111818990880531343e-17 5.179617436889737291e+03
1.505554380193823795e-16 6.111098656280487343e-17 5.180353060472763900e+03
1.931816198389978473e-16 6.111343466619332932e-17 5.181088690813064204e+03
1.270735379364587095e-16 6.122120028137525157e-17 5.181824327909770545e+03
4.445017261000370091e-17 6.123999580042724404e-17 5.182559971762018904e+03
1.677064673061403293e-16 6.143180432202472615e-17 5.183295622368943441e+03
2.719071071526212477e-16 6.141196545890363500e-17 5.184031279729677408e+03
9.932480027744250685e-17 6.126489433327756813e-17 5.184766943843356785e+03
1.590193215091334043e-16 6.110475693571190951e-17 5.185502614709114823e+03
1.883157232848269686e-16 6.092534614056591015e-17 5.186238292326087503e+03
1.857365823400763840e-16 6.088082311171046949e-17 5.186973976693407167e+03
1.769966526629118593e-16 6.081378264631229312e-17 5.187709667810209794e+03
2.090232831325325300e-16 6.088086208411296982e-17 5.188445365675630455e+03
1.979559210854362796e-16 6.092935628972933136e-17 5.189181070288799674e+03
3.114891216913097020e-18 6.140206879605692321e-17 5.189916781648857068e+03
2.427035598177574320e-16 6.264404181653221101e-17 5.190652499754931341e+03
1.450673741670967320e-16 6.469371726079453923e-17 5.191388224606162112e+03
1.830772624820532998e-16 6.663676760773721070e-17 5.192123956201681722e+03
1.024486239488817389e-16 6.814712844892099983e-17 5.192859694540622513e+03
1.121025621753648486e-16 6.917479823555689287e-17 5.193595439622124104e+03
4.586411625076707667e-16 7.004987730397342359e-17 5.194331191445313380e+03
2.505958578189562604e-16 7.060077024984583219e-17 5.195066950009331777e+03
2.107544761398102626e-16 7.072515949610188460e-17 5.195802715313310728e+03
6.288781377013725815e-18 7.100265282733078039e-17 5.196538487356385303e+03
1.838068100752838365e-16 7.092219151211485152e-17 5.197274266137687846e+03
1.367527219047046871e-16 7.075917182740631197e-17 5.198010051656354335e+03
2.708886560032687096e-16 7.069597734425287863e-17 5.198745843911519842e+03
8.774629527896808418e-17 7.061326470644659645e-17 5.199481642902319436e+03
-5.757976511101392631e-17 7.089298411574264759e-17 5.200217448627883641e+03
2.291346011461348238e-16 7.089886592521006272e-17 5.200953261087352075e+03
3.720964443294459165e-16 7.048653049185294637e-17 5.201689080279853442e+03
8.304510978359011785e-17 7.049109730066924567e-17 5.202424906204527360e+03
1.069121288456273283e-16 7.053738740510318649e-17 5.203160738860504352e+03
1.475938947030181508e-17 7.017148596167080218e-17 5.203896578246922218e+03
3.734971443480415919e-16 6.868362752041978921e-17 5.204632424362913298e+03
1.756059928088581393e-16 6.676127363948643368e-17 5.205368277207610845e+03
2.404077830273169323e-16 6.521408624149315326e-17 5.206104136780151748e+03
9.336558315875532912e-17 6.399002164641482147e-17 5.206840003079671988e+03
2.395358116199401752e-16 6.267621382279655883e-17 5.207575876105298448e+03
4.004224938807106539e-16 6.147761797865057418e-17 5.208311755856173477e+03
2.070367739568694755e-16 6.091541010042432279e-17 5.209047642331428506e+03
1.233092371944535528e-16 6.060436283961092279e-17 5.209783535530197696e+03
8.169245740675081423e-17 6.036437548519812929e-17 5.210519435451617028e+03
3.870687861448642848e-17 6.025500031951956031e-17 5.211255342094817024e+03
1.186986863594039644e-16 6.035697856373925150e-17 5.211991255458935484e+03
2.494998639700974546e-16 6.047448575999953472e-17 5.212727175543106569e+03
1.273445715169783177e-16 6.067202091152461124e-17 5.213463102346462620e+03
1.931011929613321232e-16 6.085235802201799258e-17 5.214199035868140527e+03
1.619937119260119544e-16 6.081433979349851627e-17 5.214934976107273542e+03
1.391608949866492823e-16 6.084447823162283531e-17 5.215670923062996735e+03
1.598816344318579615e-16 6.108684399510684759e-17 5.216406876734443358e+03
8.974762597237905345e-17 6.116463866311833077e-17 5.217142837120749391e+03
2.031223948401905589e-16 6.141393064837750175e-17 5.217878804221047176e+03
2.314324322652820320e-16 6.153039810193571700e-17 5.218614778034472693e+03
1.399952199220616566e-16 6.158205066804908362e-17 5.219350758560160102e+03
2.669389468727333040e-16 6.162145847867209242e-17 5.220086745797244475e+03
2.286900004718505679e-16 6.165017171590438847e-17 5.220822739744859064e+03
1.933991401542782954e-16 6.148540327123951887e-17 5.221558740402136209e+03
1.678799276858160548e-16 6.153746208256546203e-17 5.222294747768215530e+03
1.665734825838314862e-16 6.169441786808072690e-17 5.223030761842226639e+03
2.562906877347155969e-16 6.159876353929430885e-17 5.223766782623307336e+03
5.542271749873245468e-17 6.160970384187331305e-17 5.224502810110590872e+03
2.262298540770201748e-16 6.160247096603487777e-17 5.225238844303211408e+03
1.552034543746900830e-16 6.171114019253639393e-17 5.225974885200303106e+03
2.488637778187978958e-16 6.120794608427136801e-17 5.226710932801001036e+03
9.588547811869349268e-17 6.112410511180097473e-17 5.227446987104436630e+03
2.361032066321451719e-16 6.112092375987700842e-17 5.228183048109750416e+03
3.233057308962330602e-16 6.101542453245295267e-17 5.228919115816071098e+03
2.686307214460532411e-16 6.093280163854320792e-17 5.229655190222537385e+03
1.230690703727032914e-16 6.091430990164370145e-17 5.230391271328280709e+03
1.992222193189298987e-17 6.084426374843241267e-17 5.231127359132436140e+03
3.056307472718382159e-16 6.083010966842044930e-17 5.231863453634137841e+03
1.269983624984234287e-16 6.084042723756247193e-17 5.232599554832521790e+03
2.701999426731807971e-16 6.105253772183148316e-17 5.233335662726720329e+03
1.098832349476136647e-16 6.099624263059321486e-17 5.234071777315870349e+03
2.768519923719643137e-16 6.103630067246545480e-17 5.234807898599103282e+03
1.998025122736737639e-16 6.108048995347057686e-17 5.235544026575556927e+03
1.872098193800962850e-16 6.099016076119995544e-17 5.236280161244362716e+03
5.743603774224272986e-17 6.094220867977663211e-17 5.237016302604655721e+03
2.085611008745673934e-16 6.092416192170090036e-17 5.237752450655573739e+03
1.245703499839481172e-16 6.070961008382608605e-17 5.238488605396245475e+03
1.079612666668954258e-16 6.060178910762714501e-17 5.239224766825807819e+03
2.104389993520207594e-16 6.063080840534139593e-17 5.239960934943395841e+03
1.643716243940760865e-16 6.065419241585893125e-17 5.240697109748145522e+03
1.171206596887372766e-16 6.067684122128220522e-17 5.241433291239189202e+03
1.197850276483170943e-16 6.056157218194494495e-17 5.242169479415661044e+03
2.314881240860305209e-16 6.066052574483676004e-17 5.242905674276697027e+03
3.175604391680642292e-16 6.071054995807560904e-17 5.243641875821427675e+03
1.140508303775360328e-16 6.056891588373241320e-17 5.244378084048992605e+03
9.767939290790456918e-17 6.047111570765775361e-17 5.245114298958524159e+03
2.279129407965739956e-16 6.030531622690490682e-17 5.245850520549155590e+03
1.640793612399911916e-16 6.010829016629601221e-17 5.246586748820022876e+03
7.825066386653843955e-17 5.990911853081061649e-17 5.247322983770259270e+03
1.858187157399283708e-16 5.993089891755456703e-17 5.248059225398999843e+03
1.894546615031662222e-16 6.001689081151146089e-17 5.248795473705380573e+03
2.716551542312706232e-16 6.057568518453904816e-17 5.249531728688531985e+03
1.675865342436314475e-16 6.082188287451945696e-17 5.250267990347592786e+03
1.949674758647584227e-16 6.079609702272143693e-17 5.251004258681692590e+03
8.009531074100458817e-18 6.052034949413511153e-17 5.251740533689971926e+03
3.244057775977209343e-16 6.054632532102527032e-17 5.252476815371560406e+03
1.292391695228713184e-16 6.047143256970350348e-17 5.253213103725594010e+03
1.428373683303160147e-16 6.046781469542816153e-17 5.253949398751208719e+03
1.213928689304646895e-16 6.048899835402048895e-17 5.254685700447535055e+03
2.681006057439307876e-16 6.044210290725655991e-17 5.255422008813710818e+03
2.162810451130996489e-16 6.034557805615343837e-17 5.256158323848869259e+03
1.235672408876567438e-16 6.020896322853143444e-17 5.256894645552145448e+03
9.856127944750197190e-17 6.015378386046443696e-17 5.257630973922672638e+03
1.212317632842026105e-16 6.017645190346758308e-17 5.258367308959587717e+03
1.685680054459146560e-16 6.040784367304395450e-17 5.259103650662022119e+03
2.724274304573320918e-16 5.989643886755665341e-17 5.259839999029110913e+03
3.078262836219013082e-16 5.972897904523544401e-17 5.260576354059990081e+03
9.401162628086659079e-18 5.972199057852733993e-17 5.261312715753792872e+03
1.759637874728469512e-16 5.947810677798602423e-17 5.262049084109654359e+03
6.761230329211995609e-17 5.932929214280900720e-17 5.262785459126707792e+03
1.682303008897791111e-16 5.893050868914397648e-17 5.263521840804089152e+03
2.723568672845798106e-16 5.869158279129022633e-17 5.264258229140930780e+03
1.807270201611544461e-16 5.865945104950534415e-17 5.264994624136370476e+03
6.443923668756823377e-17 5.852778720264434510e-17 5.265731025789539672e+03
2.756669445599932156e-16 5.856707847329480180e-17 5.266467434099575257e+03
2.401576005663424524e-16 5.851238725202645775e-17 5.267203849065608665e+03
1.801857528949550952e-16 5.855984285008508081e-17 5.267940270686776785e+03
6.892425216090305399e-17 5.855092937567544011e-17 5.268676698962211958e+03
2.307476070517886488e-16 5.877963026304533179e-17 5.269413133891048346e+03
2.509907755560364686e-16 5.874600479223468112e-17 5.270149575472425568e+03
1.465891239992986993e-16 5.886358858376955737e-17 5.270886023705472326e+03
2.480221007055930330e-17 5.912266957936430276e-17 5.271622478589326420e+03
6.025584027501837258e-17 5.916160466186654755e-17 5.272358940123120192e+03
1.936490271297462396e-16 5.923501867460989370e-17 5.273095408305988713e+03
6.808908145196830386e-17 5.931799781807963644e-17 5.273831883137067052e+03
1.240205640952207313e-16 5.939533498285189260e-17 5.274568364615488463e+03
1.831800247880642062e-16 5.943925120068116534e-17 5.275304852740388014e+03
1.325717872881094969e-16 5.946152742409747257e-17 5.276041347510901687e+03
1.495327660109598675e-16 5.924418084404838304e-17 5.276777848926160914e+03
1.473072775168899740e-16 5.949743517061896461e-17 5.277514356985302584e+03
2.813171016973808013e-16 5.947287735858865372e-17 5.278250871687459949e+03
5.208406146692294628e-17 5.955370157307370715e-17 5.278987393031768079e+03
1.299739415555672193e-16 5.953033766794749213e-17 5.279723921017360226e+03
1.660311174020138652e-16 5.970054349310953128e-17 5.280460455643371461e+03
1.340999843514789314e-16 5.968393692609539267e-17 5.281196996908938672e+03
1.881898784743505321e-16 5.982745877835201042e-17 5.281933544813192384e+03
1.530695446790432864e-16 5.954266253685299651e-17 5.282670099355269485e+03
2.658877895707868666e-16 5.929465489785173071e-17 5.283406660534303228e+03
2.642466453306969671e-16 5.915207525989837846e-17 5.284143228349428682e+03
4.394023252393339904e-17 5.909297502277132944e-17 5.284879802799780009e+03
3.361555010842700070e-17 5.910139481181160716e-17 5.285616383884492279e+03
2.705609607329405053e-16 5.910855981681392631e-17 5.286352971602698744e+03
9.142230644228968325e-17 5.910423641245923798e-17 5.287089565953534475e+03
-5.430065264570959990e-17 5.908413534436618223e-17 5.287826166936136360e+03
2.350727363797654417e-16 5.906198813638885070e-17 5.288562774549633104e+03
1.662888640767176092e-16 5.910366779513050976e-17 5.289299388793163416e+03
1.577082686535058132e-16 5.924418365371525022e-17 5.290036009665862366e+03
3.218128718891220501e-17 5.918647946719348294e-17 5.290772637166862296e+03
1.294340473239406188e-16 5.926898381427681575e-17 5.291509271295297367e+03
2.882728423879717717e-16 5.939374392152288316e-17 5.292245912050304469e+03
2.008789534747819000e-16 5.971688389825630586e-17 5.292982559431015034e+03
1.204373472445380208e-16 5.961044860524764956e-17 5.293719213436565042e+03
1.615142096762491345e-16 5.954053523914440809e-17 5.294455874066089564e+03
1.249034285234792736e-16 5.949034357485177066e-17 5.295192541318723670e+03
1.958362827850987901e-16 5.955659699627644026e-17 5.295929215193598793e+03
1.261929954040922372e-16 5.954093201758760160e-17 5.296665895689851823e+03
2.229120143133604693e-16 5.959689054704268458e-17 5.297402582806616920e+03
2.491100783359791282e-16 5.965212276801343947e-17 5.298139276543027336e+03
1.798453406233066898e-16 5.962298990227109116e-17 5.298875976898218141e+03
1.316479466208432447e-16 5.955358677465465832e-17 5.299612683871323497e+03
1.893153139275177574e-16 5.972982339095011278e-17 5.300349397461481203e+03
2.136632298680414581e-16 5.986058502468401842e-17 5.301086117667819053e+03
1.208206077867414461e-16 5.955261357544148661e-17 5.301822844489477575e+03
1.813625712195213562e-16 5.958173331284461372e-17 5.302559577925587291e+03
2.215736317350723024e-16 5.966556647458112006e-17 5.303296317975287820e+03
1.259166331090087518e-16 5.972628679254664520e-17 5.304033064637706957e+03
1.962513876979078764e-16 5.992326170181668146e-17 5.304769817911983409e+03
8.148996776548328582e-17 5.993362857855215788e-17 5.305506577797250429e+03
1.554600406839470478e-16 5.999630130967117837e-17 5.306243344292641268e+03
1.658875880487068312e-16 6.007429583187190543e-17 5.306980117397293725e+03
1.592882673189869287e-16 6.007637090010097435e-17 5.307716897110339232e+03
1.057775585593628860e-16 6.005664479394070251e-17 5.308453683430912861e+03
3.011794350275901619e-16 6.015003897764159795e-17 5.309190476358150590e+03
1.301919812767501398e-16 6.001231773667747762e-17 5.309927275891184763e+03
9.339294975556199336e-17 6.002761594377613695e-17 5.310664082029152269e+03
4.541802983736474160e-17 6.014744412801103313e-17 5.311400894771184539e+03
5.246066955693625646e-17 6.005522690357649143e-17 5.312137714116418465e+03
2.566126165042020105e-16 6.019122704544066975e-17 5.312874540063987297e+03
1.899294156915538709e-16 6.017290706598659633e-17 5.313611372613026106e+03
1.826654079627091809e-16 6.000931867480681368e-17 5.314348211762668143e+03
1.278783124786062672e-16 6.008604853077295627e-17 5.315085057512050298e+03
2.705856107825819437e-16 6.014272274110719311e-17 5.315821909860304913e+03
9.181949510338829344e-17 6.024290462742140199e-17 5.316558768806566150e+03
1.696348179515897634e-16 6.021740723270550778e-17 5.317295634349971806e+03
2.097527141889942760e-16 6.022991296036131270e-17 5.318032506489651496e+03
6.616785177682349008e-17 6.012690305389096207e-17 5.318769385224743019e+03
1.492832133764671151e-17 6.014501821360824484e-17 5.319506270554380535e+03
3.360009780528451198e-16 6.020463712291913813e-17 5.320243162477699116e+03
2.154771281602752734e-16 6.012873191697279588e-17 5.320980060993830193e+03
1.365467881671626005e-16 6.007495144285243488e-17 5.321716966101909748e+03
1.069789231073548569e-16 6.018413108122500339e-17 5.322453877801073759e+03
1.462116288187950469e-16 6.075182130819953813e-17 5.323190796090456388e+03
2.119815344957971019e-16 6.131462656593850622e-17 5.323927720969188158e+03
1.627440311353696819e-16 6.187789292793082773e-17 5.324664652436407778e+03
7.966220097610898001e-17 6.213139596947618684e-17 5.325401590491250317e+03
2.749448256247143393e-16 6.233106013799302284e-17 5.326138535132848119e+03
7.488322330977280176e-17 6.208895276012473180e-17 5.326875486360334435e+03
2.560208875738505989e-16 6.200332650525762907e-17 5.327612444172846153e+03
1.747987126807078786e-16 6.207705763358994804e-17 5.328349408569517436e+03
6.771442379093624760e-17 6.213478936296922913e-17 5.329086379549482444e+03
3.831165554754744035e-16 6.210654269717662762e-17 5.329823357111874429e+03
2.856511632328454256e-16 6.227063227077391603e-17 5.330560341255828462e+03
1.824500594986672596e-16 6.245624084588718653e-17 5.331297331980480521e+03
9.793029443748459208e-17 6.222316767271845742e-17 5.332034329284962951e+03
2.546380382770309405e-16 6.216091989352643570e-17 5.332771333168412639e+03
1.785571712981630426e-16 6.203222341329512271e-17 5.333508343629962837e+03
2.413385382545198771e-16 6.190544832837398448e-17 5.334245360668744979e+03
1.936800204210135810e-16 6.192813552592453606e-17 5.334982384283899592e+03
2.518927979493070941e-16 6.184081794015740192e-17 5.335719414474557198e+03
1.827291087508282802e-16 6.145946550696879662e-17 5.336456451239851958e+03
3.385018864041692400e-16 6.098225829248127851e-17 5.337193494578919854e+03
2.140350142369918251e-16 6.039657929964817137e-17 5.337930544490894135e+03
1.833574118882046767e-16 5.996521896164288998e-17 5.338667600974910783e+03
-6.009070091613742801e-17 5.965754348194940619e-17 5.339404664030103959e+03
1.607517865229987001e-16 5.942072259250369615e-17 5.340141733655607823e+03
2.271425726562119713e-16 5.940134692919413324e-17 5.340878809850555626e+03
1.564582387720787907e-16 5.945823712219887641e-17 5.341615892614085169e+03
9.429130292492918287e-17 5.940256827697493587e-17 5.342352981945326974e+03
2.331454501690334000e-16 5.940505480124994953e-17 5.343090077843417021e+03
2.782922510294802654e-16 5.933514484382275302e-17 5.343827180307490380e+03
1.318191490117878505e-16 5.928252027928451973e-17 5.344564289336682123e+03
1.677684491245602749e-16 5.924407548081352779e-17 5.345301404930123681e+03
2.054957736816992721e-16 5.922554063801016990e-17 5.346038527086952854e+03
5.585816385518902523e-17 5.915012188898467958e-17 5.346775655806302893e+03
1.707701609563629537e-16 5.905897903800302519e-17 5.347512791087307960e+03
-6.686577782217899041e-18 5.905431525948018294e-17 5.348249932929103124e+03
2.267749341969354903e-16 5.906970576399590621e-17 5.348987081330824367e+03
2.848760034685855434e-16 5.913752484939078686e-17 5.349724236291603120e+03
3.565066853344865312e-17 5.919565569460999717e-17 5.350461397810573544e+03
1.837385718024431274e-16 5.939048449577899385e-17 5.351198565886872530e+03
3.276835528787270750e-16 5.915967003281167750e-17 5.351935740519635146e+03
2.800730692332463678e-18 5.892696177074306578e-17 5.352672921707991918e+03
5.828954721986966403e-17 5.900018003659962264e-17 5.353410109451082462e+03
2.359232154490339339e-16 5.893108631237531043e-17 5.354147303748037302e+03
2.976674929188788013e-16 5.883779938855355471e-17 5.354884504597992418e+03
1.373203860098379883e-16 5.896969914257018770e-17 5.355621712000082880e+03
1.309766111878238857e-16 5.896522952258045145e-17 5.356358925953441940e+03
2.706950338610470105e-16 5.882983403703509345e-17 5.357096146457203758e+03
2.227760503047689800e-16 5.879800211072592798e-17 5.357833373510505226e+03
1.018345384889173044e-16 5.885417578229947821e-17 5.358570607112478683e+03
1.522922827686955043e-16 5.891683368055548444e-17 5.359307847262258292e+03
1.944725065050953068e-16 5.885980674681957584e-17 5.360045093958980033e+03
1.454578039792674604e-16 5.884835392306527063e-17 5.360782347201777156e+03
1.426008995038133937e-16 5.895042288361249416e-17 5.361519606989785643e+03
2.574828021290954708e-17 5.881083150894579735e-17 5.362256873322139654e+03
1.808482566976378028e-16 5.883213065150286426e-17 5.362994146197971531e+03
2.250809880345214216e-16 5.877062184175564172e-17 5.363731425616419074e+03
5.985220525371807757e-17 5.873523379631996653e-17 5.364468711576613714e+03
1.684614065620446283e-16 5.869602895166374596e-17 5.365206004077691432e+03
2.163445507131455674e-16 5.873202852426115280e-17 5.365943303118787298e+03
2.178635879528135049e-16 5.882449421474695414e-17 5.366680608699034565e+03
7.154744679959913661e-17 5.869643020559270639e-17 5.367417920817566483e+03
2.300598106179993226e-16 5.876420863853772470e-17 5.368155239473521760e+03
8.311576100859059832e-17 5.871959103907543885e-17 5.368892564666032740e+03
7.508560789475900617e-17 5.887124679473361781e-17 5.369629896394231764e+03
2.548266206335621565e-16 5.893479584583050719e-17 5.370367234657254812e+03
2.633023382155103819e-16 5.915698009489892934e-17 5.371104579454237864e+03
2.357127216300745561e-16 5.913828545004716659e-17 5.371841930784314172e+03
2.291210971050265776e-16 5.910433852755993228e-17 5.372579288646617897e+03
1.615669328507030452e-16 5.921605491694137681e-17 5.373316653040285019e+03
6.568622460710543763e-17 5.920448368086129608e-17 5.374054023964446969e+03
1.707597588756579809e-16 5.890729960657110269e-17 5.374791401418240639e+03
7.851929547655390073e-17 5.868297102992800374e-17 5.375528785400801098e+03
1.461728498271496759e-16 5.880717452594262173e-17 5.376266175911261598e+03
2.047993515146464040e-16 5.878639604450418486e-17 5.377003572948756300e+03
2.535602185341510729e-16 5.851928471113332899e-17 5.377740976512421184e+03
1.136394585161653648e-16 5.872043452959716758e-17 5.378478386601387683e+03
1.003600027985491106e-16 5.881785896605798573e-17 5.379215803214794505e+03
3.080531417056876937e-16 5.902666884720786869e-17 5.379953226351773992e+03
3.008749084900172806e-16 6.084249233878668539e-17 5.380690656011458486e+03
3.843534267317114017e-16 6.035857831553724094e-17 5.381428092192986696e+03
1.432281484933279331e-16 1.087671630816923211e-16 5.382165534895491874e+03
1.145973747455565218e-16 5.818379351499542550e-17 5.382902984118105451e+03
2.210259089647942139e-16 5.808381603874954763e-17 5.383640439859964317e+03
1.184203026512362507e-16 5.809048789114330299e-17 5.384377902120204453e+03
2.929078347038868164e-16 5.843026965716704895e-17 5.385115370897959110e+03
1.455268235764800107e-16 5.847673617194133739e-17 5.385852846192359721e+03
3.285781872293933829e-17 5.871225294083393585e-17 5.386590328002545903e+03
5.391490056791846503e-17 5.842669215155117597e-17 5.387327816327648179e+03
3.063147240250704523e-16 5.798138088637634585e-17 5.388065311166803440e+03
2.481188832488916215e-16 5.804171873760435852e-17 5.388802812519144936e+03
9.003872697814834553e-17 5.800389324587822389e-17 5.389540320383808648e+03
8.435008792976630738e-17 5.797897422000021608e-17 5.390277834759926918e+03
2.751906102266776817e-16 5.797988255985557691e-17 5.391015355646635726e+03
1.941513034771250467e-16 5.794554843186518897e-17 5.391752883043069232e+03
1.641849944384590779e-16 5.780681530898365558e-17 5.392490416948362508e+03
1.870273796615314213e-16 5.786393577415357873e-17 5.393227957361648805e+03
2.549060946590512576e-16 5.787139721325689924e-17 5.393965504282063193e+03
1.034947807040064618e-16 5.795221869767922432e-17 5.394703057708739834e+03
9.671137125966488695e-17 5.801662461292431486e-17 5.395440617640812889e+03
3.488590023790326618e-16 5.787290605249089687e-17 5.396178184077418337e+03
2.837472115420008429e-16 5.783794764163203159e-17 5.396915757017690339e+03
1.989272462059493542e-16 5.811167067838607948e-17 5.397653336460763057e+03
1.586092214254411812e-16 5.834629307786348113e-17 5.398390922405770652e+03
1.691969757413530840e-16 5.765971223289906758e-17 5.399128514851849104e+03
2.514372860112469526e-16 5.762576627911950332e-17 5.399866113798130755e+03
1.856820657554763263e-16 5.747534950425067918e-17 5.400603719243749765e+03
1.759024048392400275e-16 5.751976056109561270e-17 5.401341331187843025e+03
2.060768175487491575e-16 5.744285166104988519e-17 5.402078949629543786e+03
1.638149838220066648e-16 5.701985063389427348e-17 5.402816574567986208e+03
2.637492078364047938e-16 5.699335758816428013e-17 5.403554206002305364e+03
1.304220460477279372e-16 5.708009080727617643e-17 5.404291843931636322e+03
5.850350325005019312e-17 5.694386867176336430e-17 5.405029488355112335e+03
2.653909018031557204e-16 5.692334531764285312e-17 5.405767139271870292e+03
1.035313740638083156e-16 5.697911605740041347e-17 5.406504796681041626e+03
-1.244186183832406782e-16 5.702500116859553215e-17 5.407242460581761407e+03
2.167397514871136100e-16 5.710288717579067015e-17 5.407980130973165615e+03
2.490745433250143936e-16 5.669236344054777265e-17 5.408717807854387502e+03
2.282513640766696796e-16 5.678849639687535584e-17 5.409455491224562138e+03
2.133955118171626867e-16 5.671232099167744077e-17 5.410193181082824594e+03
1.943588502638446141e-16 5.708347493076390750e-17 5.410930877428309032e+03
1.321018075824401671e-16 5.714269950201461489e-17 5.411668580260149611e+03
-4.636222593624896180e-17 5.720873217652109317e-17 5.412406289577480493e+03
2.474230292815879550e-16 5.727458365438446706e-17 5.413144005379435839e+03
2.597852505790445078e-16 5.740175238470505588e-17 5.413881727665151629e+03
2.293552943912925442e-16 5.765931306118614190e-17 5.414619456433762025e+03
1.678782062129380140e-16 5.755332735592811254e-17 5.415357191684401187e+03
1.485563293668028598e-16 5.757440632515851288e-17 5.416094933416203276e+03
2.799243981265788240e-16 5.758883821601376903e-17 5.416832681628301543e+03
1.544508019801337645e-16 5.732993458089592439e-17 5.417570436319832879e+03
-5.803679905704569182e-17 5.723516033520413461e-17 5.418308197489934173e+03
1.712222497030616508e-16 5.731415872819195663e-17 5.419045965137734129e+03
3.038669052773406770e-16 5.721409680497143569e-17 5.419783739262368726e+03
1.121474782331089927e-16 5.725097878556843384e-17 5.420521519862975765e+03
1.100019021104793958e-16 5.720224444585875318e-17 5.421259306938687587e+03
2.457779524158855327e-16 5.720452768406518218e-17 5.421997100488637443e+03
2.391753163807030882e-16 5.713846921687460113e-17 5.422734900511961314e+03
1.568813445550258749e-16 5.713663056726954947e-17 5.423472707007795179e+03
1.746232023844705866e-16 5.708717884201129078e-17 5.424210519975269563e+03
5.845726904956147664e-17 5.720401768751119100e-17 5.424948339413524081e+03
1.996131576803575417e-16 5.732538746242467306e-17 5.425686165321687440e+03
3.234519968583558193e-16 5.740571995062860925e-17 5.426423997698899257e+03
7.578646391598479311e-17 5.753402948118766353e-17 5.427161836544291873e+03
1.834191760944565048e-16 5.705696273552402653e-17 5.427899681856999450e+03
2.692433402301592932e-16 5.738128768256170110e-17 5.428637533636157968e+03
-3.401975375307187334e-18 5.761574801444266154e-17 5.429375391880897951e+03
1.193499668815881598e-16 5.784980164380805821e-17 5.430113256590359924e+03
2.848050884808084480e-16 5.793126924833709588e-17 5.430851127763675322e+03
2.083514072943605442e-16 5.815788777969746559e-17 5.431589005399978305e+03
7.974220089472702560e-17 5.826282979378942222e-17 5.432326889498402124e+03
1.753278021085199438e-16 5.827803432073030542e-17 5.433064780058084580e+03
2.010832101446077881e-16 5.820048962043522400e-17 5.433802677078158922e+03
1.794595035878612538e-16 5.823235130858769586e-17 5.434540580557758403e+03
2.264269139070192397e-16 5.827652658718849073e-17 5.435278490496019913e+03
2.657989981467924136e-16 5.837512168030527274e-17 5.436016406892074883e+03
2.752638115588617873e-16 5.834589117279651451e-17 5.436754329745059295e+03
1.639088306068712108e-16 5.839166309114927059e-17 5.437492259054110036e+03
-2.059876174168097480e-17 5.848599251796807865e-17 5.438230194818357631e+03
2.760084681064515155e-16 5.852013105762241476e-17 5.438968137036938970e+03
3.228240675984188733e-16 5.837832971953107238e-17 5.439706085708989121e+03
7.538566907811410296e-17 5.828854440409948611e-17 5.440444040833639519e+03
1.073281822733157702e-16 5.834404791979690450e-17 5.441182002410027962e+03
1.564477728961972691e-16 5.823542228443400437e-17 5.441919970437287702e+03
3.057535798110062670e-16 5.801564412416899116e-17 5.442657944914552900e+03
1.081897936111638348e-16 5.793111515003362373e-17 5.443395925840958625e+03
2.323801735759478594e-16 5.768168823563591700e-17 5.444133913215639041e+03
1.799568706971284525e-16 5.773776908959418935e-17 5.444871907037728306e+03
1.252196478470661403e-16 5.763287677137447853e-17 5.445609907306363311e+03
2.136609209619763193e-16 5.756034453440489350e-17 5.446347914020674580e+03
1.379713941244890321e-16 5.754917442087851740e-17 5.447085927179799000e+03
-2.863205658479983640e-17 5.742330230597855224e-17 5.447823946782871644e+03
2.422432617766763987e-16 5.741385103575713895e-17 5.448561972829025763e+03
1.697240586765137449e-16 5.726161860285133187e-17 5.449300005317396426e+03
9.688928475615577325e-17 5.725665739151233824e-17 5.450038044247118705e+03
2.614267838046250947e-16 5.730288673044549122e-17 5.450776089617325852e+03
2.364063097186402877e-16 5.734103753326406687e-17 5.451514141427154755e+03
1.977723050386362488e-16 5.764138703535351400e-17 5.452252199675736847e+03
1.541681467595450413e-16 5.735780472021907599e-17 5.452990264362208109e+03
1.679870350467254991e-16 5.754381958128488027e-17 5.453728335485701791e+03
9.243119337513789510e-17 5.775864586489542205e-17 5.454466413045354784e+03
1.682986118503248468e-16 5.780535193360776305e-17 5.455204497040300339e+03
5.697992603387120923e-17 5.799150495042491828e-17 5.455942587469673526e+03
3.866782099937943575e-16 5.800518127063136005e-17 5.456680684332608507e+03
1.353054767054040262e-16 5.796605433771170728e-17 5.457418787628239443e+03
5.108060610457035940e-17 5.789461943750938402e-17 5.458156897355702313e+03
1.474714897001401758e-16 5.791577481460980741e-17 5.458895013514127641e+03
1.759808697884502521e-16 5.790381829353500924e-17 5.459633136102656863e+03
-3.226530539482803185e-17 5.792432544094928218e-17 5.460371265120416865e+03
1.862235425713877210e-16 5.793334447857881834e-17 5.461109400566547265e+03
2.893909827797759546e-16 5.796791441697956743e-17 5.461847542440182224e+03
2.400181748833068005e-16 5.803396023666503135e-17 5.462585690740453174e+03
2.438415251628849915e-16 5.817393454568981359e-17 5.463323845466498824e+03
1.539168670111048013e-16 5.864504550444814367e-17 5.464062006617449697e+03
2.231000144406682959e-16 5.843201225668847793e-17 5.464800174192441773e+03
2.206820064136296727e-16 5.814034523394259925e-17 5.465538348190611032e+03
1.239916986315553543e-16 5.798751558439781999e-17 5.466276528611091635e+03
7.380938088922950096e-17 5.788205610224758786e-17 5.467014715453015015e+03
1.741690802268474512e-16 5.761477260983044583e-17 5.467752908715520789e+03
2.338054276777854656e-16 5.760952778940353277e-17 5.468491108397737662e+03
1.773904136973073541e-16 5.737680308219244202e-17 5.469229314498805252e+03
1.248555912647510102e-16 5.744751976573795951e-17 5.469967527017857719e+03
2.001052988930842516e-16 5.740673831737669924e-17 5.470705745954026497e+03
1.734856572810259466e-16 5.732236934609852023e-17 5.471443971306445746e+03
1.368796741367456923e-16 5.731079050007791635e-17 5.472182203074255085e+03
1.018808235831564022e-16 5.738144975089716939e-17 5.472920441256583217e+03
3.377931867124949301e-16 5.728032832016464992e-17 5.473658685852567942e+03
3.101157058396758563e-16 5.743483322457902971e-17 5.474396936861345239e+03
2.182938821212418068e-16 5.754888742312677089e-17 5.475135194282043813e+03
1.786616498042184316e-16 5.754747460008025077e-17 5.475873458113805100e+03
3.918385914012313214e-16 5.765818477481953436e-17 5.476611728355759624e+03
1.729155458413148512e-16 5.770170256744291858e-17 5.477350005007041545e+03
1.420717296595072642e-16 5.748044426664849337e-17 5.478088288066788664e+03
2.113504826380117919e-16 5.760517976038879369e-17 5.478826577534131502e+03
2.248063848257102634e-16 5.772529864227242676e-17 5.479564873408207859e+03
1.338903191713212261e-16 5.787328742104477705e-17 5.480303175688150077e+03
1.088692053319823150e-16 5.785783767453617766e-17 5.481041484373095955e+03
1.890510009714416058e-16 5.778681337664447683e-17 5.481779799462174196e+03
2.940840931190329484e-16 5.775684821942999197e-17 5.482518120954524420e+03
1.837677496177115092e-16 5.786609704374578279e-17 5.483256448849280787e+03
1.974908729222090762e-16 5.777610281305480164e-17 5.483994783145573820e+03
2.732221322769536624e-16 5.781421877518511298e-17 5.484733123842543137e+03
2.422422853957373985e-16 5.773437965237717975e-17 5.485471470939321080e+03
1.721248363126783923e-16 5.779926071617526889e-17 5.486209824435040900e+03
1.126089397043513146e-16 5.782969026464101832e-17 5.486948184328839488e+03
1.776471528581471477e-16 5.784937436345458434e-17 5.487686550619848276e+03
1.404004332523549811e-16 5.787158953074784212e-17 5.488424923307204153e+03
2.747362646652242793e-16 5.777991439113615206e-17 5.489163302390042190e+03
2.984806437526588587e-16 5.783274147111500689e-17 5.489901687867496548e+03
2.236866107824024133e-16 5.800730899166176613e-17 5.490640079738701388e+03
5.157670756554396833e-17 5.886966779193577055e-17 5.491378478002789052e+03
1.440231558479081993e-16 5.888171002619150838e-17 5.492116882658897339e+03
2.895219342731325826e-16 1.169721722856804045e-16 5.492855293706161319e+03
2.533333213070799637e-16 7.123051412726726209e-17 5.493593711143711516e+03
1.921582094270199804e-16 5.885526888554676242e-17 5.494332134970683910e+03
9.069020665671087249e-17 5.827395687894946738e-17 5.495070565186215390e+03
2.072674499647635843e-16 5.808658539055446766e-17 5.495809001789438298e+03
1.783574814425447389e-16 5.878553470815392425e-17 5.496547444779488615e+03
2.137147365750280340e-16 5.843437881327970554e-17 5.497285894155498681e+03
1.612387250946418278e-16 5.836900739531524262e-17 5.498024349916606297e+03
1.031445030705185181e-16 5.831752894546413284e-17 5.498762812061942896e+03
1.380134999267330980e-16 5.834078636913250070e-17 5.499501280590646275e+03
2.126984551939030628e-16 5.834058462412681788e-17 5.500239755501846957e+03
8.077895037274063068e-17 5.830943181781311489e-17 5.500978236794681834e+03
2.454221050865475253e-16 5.832724115338971552e-17 5.501716724468285975e+03
3.311095254911486029e-16 5.847509141125708447e-17 5.502455218521791721e+03
9.341405397367256675e-19 5.823921472152859156e-17 5.503193718954336873e+03
2.655368292179930147e-16 5.822788214996351888e-17 5.503932225765052863e+03
1.157847817225403355e-16 5.819337139817996461e-17 5.504670738953076579e+03
2.377959724283216566e-16 5.823616610816089695e-17 5.505409258517540366e+03
1.082319964866971190e-16 5.845808009019059589e-17 5.506147784457580201e+03
3.047802834675943460e-16 5.843052018236724928e-17 5.506886316772330247e+03
2.544919205712013320e-16 5.837880456188673687e-17 5.507624855460924664e+03
3.083916462570633913e-17 5.837629527935227474e-17 5.508363400522498523e+03
1.662536853692764066e-17 5.844283335506507244e-17 5.509101951956186895e+03
3.144656556803449559e-16 5.843404904013842425e-17 5.509840509761123940e+03
3.452788644838580413e-16 5.842888236587987693e-17 5.510579073936443820e+03
2.636612381489395153e-16 5.845158651720972395e-17 5.511317644481281604e+03
1.638303572205618030e-16 5.843622518663020023e-17 5.512056221394771455e+03
1.041524084456335987e-16 5.844248678773067474e-17 5.512794804676046624e+03
1.342322150976754108e-16 5.845977779340064991e-17 5.513533394324244000e+03
2.402880050867053981e-16 5.832975073363530359e-17 5.514271990338497744e+03
1.770383111313604196e-16 5.830118539545947418e-17 5.515010592717940199e+03
1.332843500522535291e-16 5.830921015933273194e-17 5.515749201461709163e+03
2.494344136897976229e-16 5.827769317908046150e-17 5.516487816568936978e+03
1.586268488989840994e-16 5.831149285435064363e-17 5.517226438038758715e+03
3.792799045096494250e-16 5.818979662006744705e-17 5.517965065870308536e+03
7.851708235840445913e-17 5.825474485565072461e-17 5.518703700062721509e+03
3.016944028283295527e-16 5.793175196265295248e-17 5.519442340615132707e+03
1.520596952071849791e-16 5.774388802832826884e-17 5.520180987526675381e+03
1.935615404973388885e-16 5.762030858057059322e-17 5.520919640796484600e+03
1.862581250777077894e-16 5.787862446889005677e-17 5.521658300423696346e+03
2.654064576463081629e-16 5.789836231460919529e-17 5.522396966407442960e+03
-6.943607428126586307e-18 5.787765098493718388e-17 5.523135638746860423e+03
2.758111969335694418e-16 5.788666546846678541e-17 5.523874317441081075e+03
3.630167052066666987e-16 5.820311036951650820e-17 5.524613002489243627e+03
2.730265146148166809e-16 5.790578047366669511e-17 5.525351693890480419e+03
9.813086505009912246e-17 5.795741768314974331e-17 5.526090391643923795e+03
2.384898545869811076e-16 5.807036688234763086e-17 5.526829095748711552e+03
1.148811358713293589e-16 5.975013774923802393e-17 5.527567806203976943e+03
4.425998175142596574e-18 6.012445605947976477e-17 5.528306523008854128e+03
1.652598955964872796e-16 6.325219979399925750e-17 5.529045246162479089e+03
2.158765898039558545e-16 5.803936922592844205e-17 5.529783975663984165e+03
1.769945392429835494e-16 5.775398475739253299e-17 5.530522711512506248e+03
1.625566104772061123e-16 5.764429052958686916e-17 5.531261453707177679e+03
2.141733462780893413e-16 5.753177364100633900e-17 5.532000202247136258e+03
2.293062966004717693e-16 5.746961634987373008e-17 5.532738957131511597e+03
1.337310151530747563e-16 5.742284299429156349e-17 5.533477718359443315e+03
1.056003966247601520e-16 5.741748933339818768e-17 5.534216485930062845e+03
7.629714360921279429e-17 5.753426370014613948e-17 5.534955259842507076e+03
1.923224396431876287e-16 5.776852575764630220e-17 5.535694040095907440e+03
1.401155346459533953e-16 5.799559902740604037e-17 5.536432826689399917e+03
3.212906750682575380e-16 5.816720490319035063e-17 5.537171619622120488e+03
1.781528101173997173e-16 5.833382655277924132e-17 5.537910418893201495e+03
1.185422207844501315e-16 5.845731668761486286e-17 5.538649224501779827e+03
3.300945278812228787e-16 5.855617304156916616e-17 5.539388036446987826e+03
6.210141005545740816e-17 5.870497879198980950e-17 5.540126854727962382e+03
1.329759981984344937e-16 5.864732210631800663e-17 5.540865679343835836e+03
1.874477021799168167e-16 5.877877317931398755e-17 5.541604510293743260e+03
1.646192679453550326e-16 5.881937492462868062e-17 5.542343347576820634e+03
7.249531563588995363e-17 5.899763429070179777e-17 5.543082191192199389e+03
8.738617472924984664e-17 5.908369546838077941e-17 5.543821041139017325e+03
4.943486060854365063e-16 5.916742329892904196e-17 5.544559897416409513e+03
1.472633299793081712e-16 5.918640128355158644e-17 5.545298760023507384e+03
1.394033764283158848e-16 5.934591827583661536e-17 5.546037628959446010e+03
9.040863297123553894e-17 5.949791001522808423e-17 5.546776504223362281e+03
1.059454169788083268e-16 5.960041152435567567e-17 5.547515385814389447e+03
1.501355870822589697e-16 5.951664261961349190e-17 5.548254273731659850e+03
3.832710855536368476e-16 5.941074778177337615e-17 5.548993167974313110e+03
1.823245669080883896e-16 5.938882394249932158e-17 5.549732068541479748e+03
9.265789335879844924e-17 5.949936739310409252e-17 5.550470975432295745e+03
2.509574461550576868e-16 5.926763163732160268e-17 5.551209888645894353e+03
2.908303475257031305e-16 5.906300314187989174e-17 5.551948808181412460e+03
3.301698623496972706e-16 5.912151730661938727e-17 5.552687734037982409e+03
1.760436593329273893e-16 5.907595329581927921e-17 5.553426666214740180e+03
2.374801909027946862e-16 5.884431724148624812e-17 5.554165604710819025e+03
2.003480707281168346e-16 5.904281438971934828e-17 5.554904549525355833e+03
1.268908845161907346e-16 5.918193923132158631e-17 5.555643500657482036e+03
2.295571254765056137e-16 5.929852478222420283e-17 5.556382458106334525e+03
-1.373255709744728148e-16 5.933602730859909190e-17 5.557121421871046550e+03
4.213599657984892621e-16 5.965297839525573348e-17 5.557860391950753183e+03
3.034585157767779975e-16 5.983276861823541412e-17 5.558599368344590403e+03
1.464332132735126632e-16 5.993857518386797483e-17 5.559338351051692371e+03
2.168139777435404080e-16 5.987109656195992548e-17 5.560077340071191429e+03
1.180135827472606011e-16 5.995853089484701591e-17 5.560816335402222649e+03
3.162859507008360559e-16 5.999441727012937905e-17 5.561555337043922009e+03
7.086349878984607220e-17 5.985232144137076780e-17 5.562294344995424581e+03
1.506174410502849841e-16 6.035488636562429676e-17 5.563033359255862706e+03
1.728770924462135571e-16 6.052413003126342417e-17 5.563772379824373274e+03
2.728818144768583881e-16 6.072027820066692450e-17 5.564511406700086809e+03
3.586159790634416847e-16 6.102514369937878523e-17 5.588163591748956605e+03
1.521701980814841935e-16 6.058095483147847083e-17 5.588902826276960695e+03
4.556124546169587993e-16 6.035565916418648919e-17 5.589642067082747417e+03
1.723336685268675986e-16 6.022211236325772621e-17 5.590381314165448202e+03
1.060562262002070437e-16 6.018739203038920389e-17 5.591120567524201761e+03
1.030298780919369334e-16 6.024442388690939705e-17 5.591859827158137705e+03
1.452961172547915838e-16 6.018408348375195334e-17 5.592599093066394744e+03
1.843969800757117883e-16 6.007582407599301663e-17 5.593338365248105220e+03
2.183964833459207934e-16 6.004246321682729023e-17 5.594077643702406931e+03
1.183475591931637757e-16 5.988714799147866647e-17 5.594816928428430401e+03
1.672423494669742326e-16 5.981515147259644537e-17 5.595556219425310701e+03
3.206745830576514493e-16 5.959867038419286474e-17 5.596295516692185629e+03
7.832854483460251535e-17 5.931018349743089732e-17 5.597034820228186618e+03
1.816537736969352639e-16 5.939322848561637391e-17 5.597774130032450557e+03
4.740994014877246877e-17 5.960827013911786363e-17 5.598513446104108880e+03
1.003845488261016192e-16 5.986243713549661815e-17 5.599252768442299384e+03
3.799200787424311796e-16 5.991119714292623068e-17 5.599992097046154413e+03
2.383166021817434015e-16 5.987587427157731746e-17 5.600731431914811765e+03
1.463014127735713393e-16 6.002248381287675854e-17 5.601470773047401963e+03
9.580876773708342851e-17 6.003611954475168118e-17 5.602210120443061896e+03
1.162831542101846097e-16 6.000755606198150797e-17 5.602949474100924817e+03
1.339489044552904724e-16 5.989167369853815823e-17 5.603688834020128525e+03
7.918533947021841960e-17 5.978982753452989654e-17 5.604428200199803541e+03
1.365753121856520180e-16 5.978028455867655404e-17 5.605167572639084938e+03
1.964012393724431491e-16 5.981713808128925549e-17 5.605906951337111423e+03
2.282915760646179044e-16 5.970111184148938426e-17 5.606646336293013519e+03
2.666784715577973592e-16 5.968992038080785200e-17 5.607385727505926297e+03
1.424799665576955472e-16 5.972943323209068045e-17 5.608125124974985738e+03
1.680671129357908882e-16 5.944711371783804144e-17 5.608864528699325092e+03
1.880100943749977369e-16 5.961802773404443579e-17 5.609603938678079430e+03
1.334367890490418764e-16 5.967645961517209165e-17 5.610343354910383823e+03
3.079166795115491982e-16 5.958961427927847725e-17 5.611082777395373341e+03
1.948814718103072967e-16 5.957471302848909443e-17 5.611822206132179417e+03
1.806107450319979281e-16 5.927909932145621476e-17 5.612561641119941669e+03
1.205010814732515936e-16 5.896881098097999594e-17 5.613301082357790619e+03
2.620924447734387423e-16 5.873845573922563019e-17 5.614040529844862249e+03
1.426987980084239853e-16 5.866950743837895843e-17 5.614779983580292537e+03
1.169162396135202755e-16 5.870923060026224591e-17 5.615519443563212917e+03
1.113798433686092465e-16 5.869036679489803437e-17 5.616258909792759368e+03
1.151622400678798270e-16 5.888348748435337093e-17 5.616998382268067871e+03
1.856111093243849785e-16 5.902187269076784511e-17 5.617737860988272587e+03
2.039966842292895930e-16 5.923083313298639174e-17 5.618477345952505857e+03
1.777847563671713179e-16 5.913479077307802883e-17 5.619216837159904571e+03
2.915211436467717752e-16 5.909663001363121244e-17 5.619956334609601981e+03
1.009044988697091136e-16 5.900488367584308678e-17 5.620695838300734977e+03
1.211222803121804054e-16 5.894528667800862477e-17 5.621435348232434990e+03
1.632801036842227747e-16 5.889969825035458134e-17 5.622174864403839820e+03
4.018514094427996412e-16 5.878128213303629765e-17 5.622914386814080899e+03
1.626334053435022535e-16 5.877310585262891977e-17 5.623653915462294208e+03
1.244893467618553534e-16 5.874469161619286828e-17 5.624393450347615726e+03
3.169608916131435530e-16 5.861320645840480598e-17 5.625132991469177796e+03
3.062799414211546811e-17 5.855359239198421367e-17 5.625872538826115488e+03
9.380643650119568684e-17 5.854939625675522061e-17 5.626612092417562963e+03
3.537685548124773514e-16 5.868892757715172456e-17 5.627351652242659839e+03
2.536999905479801694e-16 5.852624865695563996e-17 5.628091218300533001e+03
5.919959211613858742e-17 5.838735324152340258e-17 5.628830790590320248e+03
5.598022361744902948e-17 5.837418023946037864e-17 5.629570369111158470e+03
1.955031969857682372e-16 5.820272868925747940e-17 5.630309953862180919e+03
1.774553509987076951e-16 5.820480066880955066e-17 5.631049544842520845e+03
2.403252793263786215e-16 5.798739284026413965e-17 5.631789142051311501e+03
2.197440095237800936e-16 5.802149615028984863e-17 5.632528745487692504e+03
8.363099995815655705e-17 5.821512248069731611e-17 5.633268355150794378e+03
3.472719053336126519e-16 5.799488946522156704e-17 5.634007971039752192e+03
7.579712361778454003e-17 5.811574988126813517e-17 5.634747593153701928e+03
-1.121618300296637998e-17 5.787095236667814878e-17 5.635487221491777746e+03
2.535721492776371148e-16 5.800636864785314311e-17 5.636226856053113806e+03
1.805703963932100269e-16 5.800230508607173568e-17 5.636966496836845181e+03
1.240740147681325344e-16 5.838215100486984919e-17 5.637706143842104211e+03
1.787573405067571758e-16 5.831524520551759017e-17 5.638445797068028696e+03
2.433730264191296047e-16 5.860726454814603662e-17 5.639185456513751888e+03
1.231904390185128012e-16 5.851320745537709932e-17 5.639925122178408856e+03
2.214270295122527239e-16 5.853501857881111443e-17 5.640664794061132852e+03
1.780669206658569696e-16 5.862369082529164099e-17 5.641404472161060767e+03
7.755948330668874662e-17 5.864032321075099805e-17 5.642144156477324941e+03
-3.092108888233847345e-17 5.841764090998157480e-17 5.642883847009061355e+03
6.063829634924397379e-17 5.841084243345661722e-17 5.643623543755404171e+03
1.187062213818657179e-16 5.840229347492140787e-17 5.644363246715487548e+03
3.005982964131437367e-16 5.837252777371793472e-17 5.645102955888446559e+03
1.198212028538723011e-16 5.839999273585456896e-17 5.645842671273416272e+03
2.042524379409628387e-16 5.842079036793503212e-17 5.646582392869529940e+03
1.282494398321692416e-16 5.841432878080900571e-17 5.647322120675922633e+03
2.073541106234860589e-16 5.823912317931841867e-17 5.648061854691732151e+03
3.961747783509817309e-17 5.846419633633190326e-17 5.648801594916086287e+03
1.532085389169018364e-16 5.847776722329245421e-17 5.649541341348127389e+03
1.073969524234448443e-16 5.845158149213958970e-17 5.650281093986983251e+03
1.684771329768131710e-16 5.832636364956903804e-17 5.651020852831792581e+03
2.966771163933909484e-16 5.827034402452262911e-17 5.651760617881689541e+03
7.798832413746747789e-17 5.814398273761208273e-17 5.652500389135806472e+03
1.212532003526349391e-16 5.792575322239403646e-17 5.653240166593281174e+03
7.678541121468510008e-17 5.788386375629811542e-17 5.653979950253245988e+03
2.151017659147586559e-16 5.782358362576916551e-17 5.654719740114835986e+03
2.478034812698581118e-16 5.787712043053877736e-17 5.655459536177185328e+03
2.978993767890892341e-16 5.782071838647432171e-17 5.656199338439431813e+03
1.329379700457783057e-16 5.794862122224518549e-17 5.656939146900705964e+03
1.059924253358674082e-16 5.803822733556629641e-17 5.657678961560141943e+03
1.979403743460602427e-16 5.818967573916652547e-17 5.658418782416878457e+03
1.082245237455254186e-16 5.783130239177080535e-17 5.659158609470046940e+03
-3.768968228144196693e-17 5.798406756415479330e-17 5.659898442718785191e+03
1.868341504559701456e-16 5.819936413111271076e-17 5.660638282162224641e+03
3.022125763225350835e-16 5.828179352960735485e-17 5.661378127799499453e+03
3.822544320794782586e-16 5.851664650026721887e-17 5.662117979629747424e+03
1.460921481209151118e-16 5.958536366250431309e-17 5.662857837652099988e+03
6.013751001259970528e-17 5.910299759276069110e-17 5.663597701865693125e+03
-8.502445529216365699e-17 5.882845691358504138e-17 5.664337572269662815e+03
1.650726108373691817e-16 5.874708005267719893e-17 5.665077448863141399e+03
2.371086863778100223e-16 5.885754645359472665e-17 5.665817331645263948e+03
2.802052030026862266e-16 5.910796942344888727e-17 5.666557220615166443e+03
2.889026536004509900e-16 5.911716048368727173e-17 5.667297115771983954e+03
4.050122942304633560e-16 5.905265426130141209e-17 5.668037017114847004e+03
8.956147212441806082e-17 5.895138690661240339e-17 5.668776924642894301e+03
1.732916701316664039e-16 5.902487678183001014e-17 5.669516838355259097e+03
-3.012653828735992178e-17 5.906648844544526658e-17 5.670256758251074643e+03
1.452357201110806635e-16 5.903540477916173769e-17 5.670996684329478740e+03
2.104737957442056867e-16 5.911421004025670044e-17 5.671736616589603727e+03
2.268461825807262814e-16 5.909999677698901415e-17 5.672476555030585587e+03
1.122204365930249457e-16 5.912872407761014436e-17 5.673216499651554841e+03
2.081829754926681831e-16 5.923925909944998594e-17 5.673956450451651108e+03
1.242085977206496775e-16 5.932053053449966927e-17 5.674696407430007639e+03
3.168149290072266016e-16 5.947572592685641753e-17 5.675436370585757686e+03
1.630598580079773233e-16 5.954377356061842194e-17 5.676176339918037229e+03
8.962840745585707407e-17 5.970730901932700272e-17 5.676916315425980429e+03
2.324283273513746291e-16 5.976676424436365907e-17 5.677656297108720537e+03
2.360848749286980106e-16 5.988714165359051550e-17 5.678396284965395353e+03
1.929230433559158143e-16 6.000369695287034705e-17 5.679136278995136308e+03
1.719975497163889805e-16 6.024521625415471225e-17 5.679876279197080294e+03
2.076057903631464762e-16 6.027908938427088476e-17 5.680616285570358741e+03
2.308374672541358522e-16 6.046306882339989820e-17 5.681356298114111269e+03
1.327780275286059899e-16 6.069410614667034570e-17 5.682096316827466580e+03
2.158311613676861516e-16 6.094214772924840802e-17 5.682836341709564294e+03
2.071617923843274475e-16 6.133745890641057340e-17 5.683576372759536753e+03
-6.211154025831702403e-18 6.106004792141493528e-17 5.684316409976519935e+03
2.511428924777302558e-16 6.103123446741234563e-17 5.685056453359644365e+03
2.851517786204121272e-16 6.131588191840255299e-17 5.685796502908049661e+03
2.000158122070048656e-16 6.139273216757813015e-17 5.686536558620869982e+03
1.013965246386927966e-16 6.175238546032828813e-17 5.687276620497235854e+03
4.032104081771275578e-16 6.164942170106523636e-17 5.688016688536285073e+03
1.930911829560964560e-16 6.149061087666370296e-17 5.688756762737152712e+03
3.513017239346329015e-17 6.145326700599446638e-17 5.689496843098972022e+03
1.376902046246770281e-16 6.152122449002016082e-17 5.690236929620878072e+03
1.811490916854123299e-16 6.143611571504429648e-17 5.690977022302004116e+03
6.953827885392962007e-17 6.134169583267083037e-17 5.691717121141487041e+03
1.612279325981758463e-16 6.123427795030598082e-17 5.692457226138460101e+03
3.026085732012312395e-16 6.119497893952688222e-17 5.693197337292056545e+03
1.119921626471622500e-16 6.118567078170491861e-17 5.693937454601415084e+03
8.155180680352585814e-17 6.114011338832171875e-17 5.694677578065667149e+03
2.405317550845221223e-16 6.108016640080591622e-17 5.695417707683948720e+03
3.232302049946810472e-16 6.100766763110029365e-17 5.696157843455392140e+03
7.233518123451140677e-17 6.083846765114869374e-17 5.696897985379134298e+03
5.085645125416710848e-17 6.076830453512202168e-17 5.697638133454309354e+03
2.426382551092616757e-16 6.054615431599551658e-17 5.698378287680052381e+03
2.103571893081421831e-16 6.047167997294073258e-17 5.699118448055497538e+03
5.184704273078442255e-17 6.042931470382954690e-17 5.699858614579778077e+03
2.405451676658568874e-16 6.033018762748280846e-17 5.700598787252030888e+03
2.349606980126803557e-16 6.012029308603512789e-17 5.701338966071387404e+03
1.750967174975167149e-16 6.009232395612906555e-17 5.702079151036987241e+03
7.417131078704488929e-17 6.001438170954236657e-17 5.702819342147960924e+03
2.050085421789741821e-16 6.010350519509463549e-17 5.703559539403444433e+03
2.423855554407621191e-16 5.982657440587287605e-17 5.704299742802571927e+03
2.359255314457387112e-16 5.972672048322860274e-17 5.705039952344477570e+03
1.860537028994606832e-16 5.965182293952289833e-17 5.705780168028298249e+03
9.579729851725058784e-17 5.959599405989467943e-17 5.706520389853166307e+03
2.151173709978275588e-16 5.943542404342533936e-17 5.707260617818217725e+03
8.857100080450959564e-17 5.949275542596625524e-17 5.708000851922585753e+03
-2.745682755358975703e-17 5.928041449195170892e-17 5.708741092165406371e+03
1.700374934189429650e-16 5.886136471312440586e-17 5.709481338545812832e+03
1.619434117060218788e-16 5.897042258715526098e-17 5.710221591062942025e+03
1.207877970428924172e-16 5.924420658361764290e-17 5.710961849715926292e+03
1.889524757044032053e-16 5.927576154984435157e-17 5.711702114503899793e+03
-2.233909031372958786e-17 5.931509388951611923e-17 5.712442385426000328e+03
2.922419783843158660e-16 5.927727300538282371e-17 5.713182662481358420e+03
9.073790538396561248e-17 5.933154519014840087e-17 5.713922945669111868e+03
9.435493801745981224e-17 5.940777308083164794e-17 5.714663234988396653e+03
-1.116880364434226253e-17 5.940984030559639932e-17 5.715403530438343296e+03
1.991290411333867042e-16 5.942889812797528753e-17 5.716143832018087778e+03
1.667608254331248899e-16 5.941570785053986716e-17 5.716884139726765170e+03
1.078603724167422380e-16 5.948004645306004340e-17 5.717624453563509633e+03
6.718857355541250499e-17 5.967176279732579894e-17 5.718364773527456236e+03
2.663390958721272644e-16 5.961661258787136559e-17 5.719105099617740962e+03
1.830990551145567337e-16 5.966220466905735854e-17 5.719845431833495240e+03
4.316444938238958214e-17 5.972021898017018366e-17 5.720585770173857782e+03
7.549934131161192447e-17 5.973706576162286574e-17 5.721326114637960018e+03
1.089478116486545686e-16 5.963005217043359592e-17 5.722066465224936110e+03
5.724188113569076456e-17 5.964982404283223093e-17 5.722806821933922947e+03
1.462778366348964055e-16 5.953004064503115849e-17 5.723547184764054691e+03
3.638201082224936366e-16 5.951135390352338359e-17 5.724287553714464593e+03
1.925280867359882565e-16 5.939638476822745106e-17 5.725027928784289543e+03
1.093996422644961184e-16 5.944377253726552707e-17 5.725768309972661882e+03
3.156081574743106473e-16 5.931550636939279491e-17 5.726508697278715772e+03
1.845749364351100406e-16 5.927213099857184682e-17 5.727249090701589012e+03
2.403957912964045356e-16 5.928405655317166625e-17 5.727989490240413943e+03
1.458163488306993737e-16 5.927539180287596622e-17 5.728729895894326546e+03
1.506416042734266401e-16 5.932565619975470054e-17 5.729470307662460982e+03
2.448282897847260108e-16 5.937412865358349732e-17 5.730210725543950502e+03
1.978018449608458678e-16 5.925087926944255019e-17 5.730951149537931997e+03
2.467157031506114818e-16 5.922344565208795483e-17 5.731691579643538716e+03
8.816523806205478454e-17 5.908906091734313579e-17 5.732432015859902094e+03
1.877830740619606707e-16 5.898724496638939893e-17 5.733172458186163567e+03
2.400280774179894567e-16 5.906087438389351440e-17 5.733912906621453658e+03
1.332978164994598722e-16 5.866512321619711815e-17 5.734653361164906528e+03
1.290887870129721320e-16 5.868936132629045688e-17 5.735393821815659066e+03
1.903023596612105695e-16 5.868107011685989823e-17 5.736134288572844525e+03
2.170807744729136895e-16 5.883309423731975760e-17 5.736874761435596156e+03
1.474104929428839640e-16 5.897124946615164169e-17 5.737615240403052667e+03
1.104944331766115574e-16 5.887387375447544292e-17 5.738355725474346400e+03
9.389958646939938326e-17 5.896089253765809968e-17 5.739096216648609698e+03
1.904764388089152791e-16 5.895299752497677014e-17 5.739836713924980359e+03
2.757544078157113928e-16 5.893015071824464148e-17 5.740577217302590725e+03
1.466757084859445721e-16 5.892267831620181600e-17 5.741317726780578596e+03
2.285665080333846252e-16 5.889641353897370304e-17 5.742058242358074494e+03
6.429601186175884177e-17 5.874305457556755115e-17 5.742798764034216219e+03
1.241598554456524548e-16 5.877938434378742704e-17 5.743539291808138842e+03
2.563069950842652012e-16 5.874969105784820018e-17 5.744279825678972884e+03
1.852801251904194631e-17 5.889926679001756968e-17 5.745020365645857055e+03
1.303444113469041010e-16 5.886831087419736757e-17 5.745760911707924606e+03
2.631859313773210516e-16 5.880908864854974334e-17 5.746501463864308789e+03
1.932077096316765352e-16 5.884269290642798569e-17 5.747242022114147403e+03
3.395142668592788301e-16 5.887512632021692543e-17 5.747982586456573699e+03
-3.041113164748416135e-17 5.891469242536283559e-17 5.748723156890719110e+03
1.539578099038651117e-16 5.879037476961527674e-17 5.749463733415722345e+03
2.311305368195913692e-16 5.868575950416961048e-17 5.750204316030718473e+03
1.886964379113962524e-16 5.868222464106930401e-17 5.750944904734838929e+03
5.152392475058446004e-17 5.862975797340945362e-17 5.751685499527218781e+03
6.361024743611126909e-17 5.851871195330797630e-17 5.752426100406994010e+03
2.208249872290656444e-16 5.849939439442229742e-17 5.753166707373300596e+03
1.650121908363263142e-16 5.847853750871965697e-17 5.753907320425270882e+03
2.911850753155672920e-16 5.841227826453478245e-17 5.754647939562039937e+03
-5.571049862182053654e-17 5.844428525389050580e-17 5.755388564782742833e+03
2.008376371333599160e-16 5.845321170605785102e-17 5.756129196086512820e+03
2.540069832540253113e-16 5.829735381893999800e-17 5.756869833472484970e+03
2.003677785872665203e-16 5.832914439779054598e-17 5.757610476939797081e+03
1.677774216294822363e-16 5.842174716180162508e-17 5.758351126487579677e+03
5.288621020077144164e-17 5.868612329115442572e-17 5.759091782114969646e+03
1.431724985880881097e-16 5.859014397808874514e-17 5.759832443821100242e+03
2.313232612804608624e-16 5.852095876505135493e-17 5.760573111605107442e+03
3.677158864147970256e-16 5.863377642759186871e-17 5.761313785466125410e+03
-3.007252819990198123e-17 5.869870202157249777e-17 5.762054465403289214e+03
3.980052774543294384e-18 5.867840140862963920e-17 5.762795151415732107e+03
1.840394010320759799e-16 5.879617284821149922e-17 5.763535843502588250e+03
2.025411136884796028e-16 5.891002119674840153e-17 5.764276541662996351e+03
1.754412935779516413e-16 5.882884189065795013e-17 5.765017245896088752e+03
3.162589586122121932e-17 5.878954930043783810e-17 5.765757956200995977e+03
1.182452077860349232e-16 5.870528085701281332e-17 5.766498672576858553e+03
1.805137579375203649e-16 5.871837085586408145e-17 5.767239395022807912e+03
2.514649938057304946e-16 5.873579173904887004e-17 5.767980123537981854e+03
2.304159787298632301e-16 5.879694542980418034e-17 5.768720858121510901e+03
1.347246943103548613e-16 5.886036985481936171e-17 5.769461598772532852e+03
2.072045945673672378e-16 5.880555613779965966e-17 5.770202345490180960e+03
1.665951967093674238e-16 5.878628300920901770e-17 5.770943098273588475e+03
1.455957591936462900e-16 5.844827084196328320e-17 5.771683857121894107e+03
5.247132960669885705e-17 5.840042463552858121e-17 5.772424622034227468e+03
-4.978960958812902704e-18 5.823822364772159276e-17 5.773165393009727268e+03
2.717241622448291308e-16 5.849841975825065680e-17 5.773906170047526757e+03
5.478618731191626512e-17 5.850129782673746225e-17 5.774646953146759188e+03
2.273505751613225299e-16 5.843337556332168100e-17 5.775387742306561449e+03
2.022642916254401532e-16 5.836340386847712533e-17 5.776128537526064974e+03
2.720458575627065133e-16 5.831090296777176565e-17 5.776869338804409381e+03
2.039576710958759705e-16 5.825594293079523925e-17 5.777610146140725192e+03
1.122868094406369044e-16 5.824779659646355549e-17 5.778350959534149297e+03
2.223991306407842031e-16 5.802750739755347745e-17 5.779091778983814947e+03
6.388176003829923966e-17 5.792831443897933791e-17 5.779832604488857214e+03
1.764818641117325821e-16 5.783964686072365989e-17 5.780573436048410258e+03
2.631892021332888758e-16 5.783522135543386486e-17 5.781314273661610059e+03
1.120228899872726821e-16 5.777565011249725315e-17 5.782055117327590779e+03
1.829301196683697036e-16 5.773203069887303484e-17 5.782795967045485668e+03
1.882181205390322906e-17 5.777043777609369456e-17 5.783536822814429797e+03
1.815175906902748420e-16 5.786039604771045808e-17 5.784277684633560966e+03
1.995712299908602892e-16 5.771125407929773395e-17 5.785018552502009697e+03
1.027640025054254269e-16 5.756093269173663392e-17 5.785759426418912881e+03
4.011134221787532202e-17 5.753945170358282460e-17 5.786500306383403768e+03
-5.280121486626317764e-17 5.759996814704990229e-17 5.787241192394620157e+03
3.289244861441936456e-16 5.763321652155257173e-17 5.787982084451690753e+03
2.177372625408872168e-16 5.770485862926171378e-17 5.788722982553754264e+03
2.359044671774138037e-16 5.769269363823952638e-17 5.789463886699945760e+03
1.461407363162692314e-16 5.764839979070296428e-17 5.790204796889400313e+03
1.196324626585290524e-16 5.772086338425258803e-17 5.790945713121247536e+03
2.562105414134904634e-16 5.788923879385997997e-17 5.791686635394629775e+03
1.735912989606098275e-16 5.780521344348407261e-17 5.792427563708675734e+03
2.045792345465255055e-16 5.777610855937528464e-17 5.793168498062521394e+03
-9.821162453011484224e-17 5.784011380585655203e-17 5.793909438455304553e+03
3.118236149877993258e-16 5.796323793678558332e-17 5.794650384886153915e+03
2.529742491033202690e-16 5.804771794744202213e-17 5.795391337354210918e+03
1.794050507216114935e-16 5.803912754652818640e-17 5.796132295858603356e+03
1.373064510851233422e-16 5.794964901129124128e-17 5.796873260398470848e+03
2.057889063613083594e-16 5.795498710395334328e-17 5.797614230972945734e+03
1.279289987636831848e-16 5.794500057432251320e-17 5.798355207581165814e+03
1.733598989579477916e-16 5.789960966674949252e-17 5.799096190222260702e+03
1.438025358439138332e-16 5.789131454478052987e-17 5.799837178895368197e+03
2.450211909701458941e-18 5.781841259961755051e-17 5.800578173599623369e+03
5.712347245446690689e-17 5.773287241812016149e-17 5.801319174334161289e+03
1.480091665475360632e-16 5.753806063398678803e-17 5.802060181098111570e+03
2.804780124985548925e-16 5.757998807985434633e-17 5.802801193890614741e+03
1.564341630747317860e-16 5.755006268057719524e-17 5.803542212710803142e+03
1.505547966964922403e-16 5.745862435980659028e-17 5.804283237557811844e+03
2.683216329885167997e-16 5.759537965216617584e-17 5.805024268430775919e+03
6.834375256950806970e-17 5.747845024729521749e-17 5.805765305328827708e+03
2.134957202170654809e-16 5.742179723481197083e-17 5.806506348251104100e+03
1.404748401955587753e-16 5.746798837162988497e-17 5.807247397196739257e+03
4.592295272966290020e-17 5.744188944115857917e-17 5.807988452164867340e+03
1.083638784578928349e-16 5.743172488738908363e-17 5.808729513154621600e+03
1.608120575307532427e-16 5.735074066073421555e-17 5.809470580165141655e+03
3.121770582390560005e-17 5.742345677538968108e-17 5.810211653195556210e+03
1.422397444874519659e-16 5.711765840423013083e-17 5.810952732245004881e+03
1.558837659637620356e-16 5.753273409584358096e-17 5.811693817312618194e+03
2.416656472310367257e-16 5.766782981843956260e-17 5.812434908397533945e+03
1.766432769677307459e-16 5.755058680840342433e-17 5.813176005498886298e+03
1.280262906759074465e-16 5.769957341795848183e-17 5.813917108615805773e+03
2.461884455456202765e-16 5.764710595968555522e-17 5.814658217747433810e+03
1.003772564750068991e-16 5.757639229980699587e-17 5.815399332892900929e+03
1.464769818573460245e-16 5.761901840724373719e-17 5.816140454051341294e+03
1.230987356424517227e-16 5.751158128388220005e-17 5.816881581221892702e+03
9.414877355682033747e-17 5.745331028745038489e-17 5.817622714403685677e+03
3.343276359626395505e-17 5.747884795647023078e-17 5.818363853595857108e+03
1.816609054294521911e-16 5.768086985023800986e-17 5.819104998797542066e+03
2.151804214374164902e-16 5.760875424725057401e-17 5.819846150007875622e+03
1.128071085891721967e-16 5.740594082753670568e-17 5.820587307225991026e+03
1.899406763495988785e-16 5.734866187526975777e-17 5.821328470451024259e+03
1.489534562847245018e-16 5.724718191613061147e-17 5.822069639682107663e+03
1.831610054296230599e-16 5.722433552630485218e-17 5.822810814918377218e+03
2.049398483401695264e-17 5.728904186837893266e-17 5.823551996158969814e+03
1.603664383078276913e-16 5.720047849159212841e-17 5.824293183403015973e+03
2.220867321374276185e-16 5.719222010769042754e-17 5.825034376649653495e+03
1.066661219834014558e-16 5.724950267474452021e-17 5.825775575898016541e+03
1.507157458798861733e-16 5.727579659316999582e-17 5.826516781147238362e+03
1.822188408987071165e-16 5.725669219358697058e-17 5.827257992396453119e+03
-4.789048469014680009e-17 5.728911624014854619e-17 5.827999209644798611e+03
1.249952631355586811e-16 5.730508972433437833e-17 5.828740432891407181e+03
2.182102446731445609e-16 5.723477035509869754e-17 5.829481662135413899e+03
1.203228350828335585e-16 5.731923028604770964e-17 5.830222897375953835e+03
1.300160607699143650e-17 5.726737514339349847e-17 5.830964138612162060e+03
1.322763529580581912e-16 5.719538192293917905e-17 5.831705385843170006e+03
1.820218096712057743e-16 5.718423583402464751e-17 5.832446639068117292e+03
9.908716319476157492e-17 5.719257814090880030e-17 5.833187898286135351e+03
3.191513005044815846e-17 5.721348897518389257e-17 5.833929163496359251e+03
3.037094286330349655e-16 5.714719351945674559e-17 5.834670434697924065e+03
2.012607746470541391e-16 5.738323173687442935e-17 5.835411711889963954e+03
1.190901353417385169e-16 5.719897708780824232e-17 5.836152995071613987e+03
1.886195822215664381e-16 5.948626595035874150e-17 5.836894284242011054e+03
7.507265922287626716e-17 5.776092118422801463e-17 5.837635579400285678e+03
-1.522715534501353132e-17 5.683476392080594672e-17 5.838376880545573840e+03
1.538844282385245925e-16 5.672078156472614820e-17 5.839118187677013339e+03
2.180645809164661589e-16 5.675520002970051274e-17 5.839859500793734696e+03
1.085306180358170659e-16 5.691715372028128320e-17 5.840600819894872984e+03
1.273470238379639143e-16 5.687452696717980057e-17 5.841342144979566001e+03
1.612391581224832988e-16 5.679868874971548786e-17 5.842083476046944270e+03
1.927442177495208035e-16 5.685811174719265925e-17 5.842824813096145590e+03
1.186715443075783575e-16 5.678032522813392526e-17 5.843566156126305941e+03
2.624181380615833459e-16 5.690921735097320706e-17 5.844307505136555847e+03
1.806053698774205414e-16 5.688579155631685090e-17 5.845048860126031286e+03
1.612428863041596705e-16 5.690767492058901752e-17 5.845790221093869150e+03
9.712239465058854614e-17 5.697798575689419933e-17 5.846531588039199960e+03
1.718551649025655254e-16 5.724909376282744174e-17 5.847272960961164245e+03
8.151708281809455123e-17 5.713421704508387995e-17 5.848014339858891617e+03
6.284776171789331862e-17 5.668786479448168480e-17 5.848755724731518058e+03
2.069923624866851181e-16 5.662184738438907794e-17 5.849497115578178636e+03
1.433142271454571983e-16 5.663308111624588001e-17 5.850238512398006606e+03
2.435590442677935881e-16 5.678843531415444348e-17 5.850979915190140673e+03
6.317670056463643802e-17 5.670403952976534090e-17 5.851721323953710453e+03
2.968433306502029714e-16 5.669017340852604714e-17 5.852462738687855563e+03
5.206934609587773209e-17 5.667475693304655312e-17 5.853204159391705616e+03
2.568603518461778156e-16 5.656907283390081718e-17 5.853945586064399322e+03
7.804715498089814055e-17 5.656421585363569799e-17 5.854687018705069022e+03
1.678830334642816301e-16 5.653995785889834352e-17 5.855428457312849787e+03
3.174793665772069304e-16 5.660193660040850778e-17 5.856169901886877597e+03
1.182497430321001855e-16 5.665366036642575515e-17 5.856911352426284793e+03
1.447081481230524274e-16 5.666621093232139556e-17 5.857652808930208266e+03
-1.380001438497075836e-18 5.691269711040194096e-17 5.858394271397780358e+03
1.569838016272561074e-16 5.750967271117187078e-17 5.859135739828138867e+03
3.665187724125413698e-17 5.804178861954052625e-17 5.859877214220417045e+03
1.988222663488289434e-16 5.875458850493633443e-17 5.860618694573748144e+03
5.630333090522012196e-17 5.888000590660484807e-17 5.861360180887268143e+03
-5.879802870287212953e-17 5.959263841437704842e-17 5.862101673160112114e+03
3.264480074028699956e-16 6.005476687610110359e-17 5.862843171391414216e+03
1.156199423198201054e-16 6.029764903544258165e-17 5.863584675580308613e+03
9.596789415936389182e-17 6.044992289370727946e-17 5.864326185725929463e+03
1.612687802473232059e-16 6.053961232214914140e-17 5.865067701827413657e+03
9.187529892700205543e-17 6.070457814211459064e-17 5.865809223883894447e+03
1.452128120267000312e-16 6.081453590233081122e-17 5.866550751894506902e+03
1.437889360895955723e-16 6.102758750940980965e-17 5.867292285858382456e+03
2.766736982414685501e-16 6.119461069601367532e-17 5.868033825774661636e+03
2.198739862741451670e-16 6.126548817418865157e-17 5.868775371642476784e+03
1.420782779428066059e-16 6.148263265699696198e-17 5.869516923460961152e+03
1.964989691061560568e-16 6.145591504066181085e-17 5.870258481229249810e+03
2.328208725437531301e-16 6.138768678710139055e-17 5.871000044946477828e+03
9.373396978941377531e-17 6.117085849144520211e-17 5.871741614611779369e+03
3.584267202180562780e-17 6.072390835581439248e-17 5.872483190224292230e+03
5.927704383085613616e-17 6.014417085066517738e-17 5.873224771783145115e+03
1.878585814442460710e-16 5.963429930133903779e-17 5.873966359287476735e+03
7.107323610447042080e-17 5.918247161227038669e-17 5.874707952736425796e+03
2.137976137563341624e-16 5.841688548434716243e-17 5.875449552129115546e+03
2.925861200619464326e-16 5.803663307204780262e-17 5.876191157464691059e+03
1.606443600073648173e-16 5.774817008211620306e-17 5.876932768742282860e+03
2.563462271885583094e-16 5.771336989679528975e-17 5.877674385961026019e+03
1.187432308684041839e-16 5.771360902402281240e-17 5.878416009120055605e+03
5.786220629546690018e-17 5.763331325707143221e-17 5.879157638218505781e+03
3.157651107471005755e-16 5.772412044906814408e-17 5.879899273255508888e+03
7.501777251705896023e-17 5.819413112339949552e-17 5.880640914230205453e+03
1.569260073447801508e-16 5.929871403818783148e-17 5.881382561141725091e+03
-7.570584353425497137e-18 6.156031918770441620e-17 5.882124213989205600e+03
2.723605502087146507e-16 6.559409951179907967e-17 5.882865872771779323e+03
3.600675703026335640e-16 7.055866308617226707e-17 5.883607537488582238e+03
8.645438986048754836e-17 7.466608333460440133e-17 5.884349208138748509e+03
1.163440452346954324e-16 7.673622047603368158e-17 5.885090884721412294e+03
1.876227290159720534e-16 7.732769475060094655e-17 5.885832567235709575e+03
8.880044989640885783e-17 7.717334795684736432e-17 5.886574255680774513e+03
8.217143426513106479e-18 7.773095018923239466e-17 5.887315950055741268e+03
1.378610738251361561e-16 7.866934788585409098e-17 5.888057650359744002e+03
8.743964188782393221e-17 8.077657399687774641e-17 5.888799356591918695e+03
7.849167252730778994e-17 8.332776812800253791e-17 5.889541068751401326e+03
3.026290210251211254e-16 8.523106046579041611e-17 5.890282786837324238e+03
2.299625668989279506e-16 8.622620940866836410e-17 5.891024510848821592e+03
1.129063677669209065e-16 8.637059218156012701e-17 5.891766240785031187e+03
1.622880488279453262e-16 8.661697703455178209e-17 5.892507976645082636e+03
1.628925239524697641e-16 8.651165569748401322e-17 5.893249718428114647e+03
5.565983882029752090e-17 8.570761023463463654e-17 5.893991466133262293e+03
3.310067301202387469e-16 8.532427912831895987e-17 5.894733219759657004e+03
2.143181034791024988e-16 8.413310713073171400e-17 5.895474979306437490e+03
6.727190032833642908e-17 8.168259344895947863e-17 5.896216744772735183e+03
2.687148808375655138e-16 7.750772949142041617e-17 5.896958516157683334e+03
4.608987950185167103e-16 7.333128889100579554e-17 5.897700293460423381e+03
5.321244492414228799e-17 7.048095755759002726e-17 5.898442076680084028e+03
6.706523449362053938e-17 6.943710800961419379e-17 5.899183865815801255e+03
1.254139217595903492e-16 6.931596815761871702e-17 5.899925660866710132e+03
2.643333208728881420e-16 6.971125026699021941e-17 5.900667461831946639e+03
-3.226838374230893269e-17 6.984610476133781437e-17 5.901409268710642209e+03
5.991025664760787287e-17 6.906594780603091760e-17 5.902151081501935550e+03
4.294517614733294166e-16 6.429703611499029755e-17 5.902892900204957186e+03
3.896774979773595148e-16 6.119225728418204284e-17 5.903634724818845825e+03
1.417136922793950627e-16 5.908645000735524087e-17 5.904376555342732900e+03
1.548652513305192122e-16 5.844913160874604785e-17 5.905118391775755299e+03
2.883852442031888131e-16 5.844170485717683933e-17 5.905860234117046275e+03
2.032079191970128959e-16 5.849940521809110897e-17 5.906602082365739989e+03
1.982298411729171199e-16 5.888054317315656429e-17 5.907343936520973330e+03
1.747058561472504624e-16 5.939864682385812128e-17 5.908085796581879549e+03
1.159603414656505138e-16 6.012112614002531838e-17 5.908827662547593718e+03
1.850745134136498012e-17 6.085372715044409686e-17 5.909569534417249997e+03
2.172254968632873176e-16 6.125961597960698280e-17 5.910311412189985276e+03
1.725950782075245467e-16 6.136917754941131301e-17 5.911053295864930078e+03
2.144609994972180037e-16 6.114915361504243777e-17 5.911795185441222202e+03
2.126240969592843334e-16 6.095145721338318532e-17 5.912537080917994899e+03
1.842292817453396849e-16 6.092086155235912363e-17 5.913278982294383241e+03
1.449781913914839007e-16 6.075697053290886196e-17 5.914020889569523206e+03
3.516222888584557176e-16 6.064729628009796784e-17 5.914762802742548956e+03
1.511563876966077635e-16 6.063376969101481692e-17 5.915504721812592834e+03
6.251644237712599278e-17 6.052055362836852650e-17 5.916246646778794457e+03
1.169357955093372394e-16 6.065158179378810901e-17 5.916988577640282529e+03
5.141635887551503757e-16 6.094912406015208550e-17 5.917730514396196668e+03
2.185060182477430115e-16 6.110550847068484269e-17 5.918472457045667397e+03
-2.481271946524908035e-17 6.142061534715345930e-17 5.919214405587832516e+03
2.712968778980506446e-16 6.153751458318235413e-17 5.919956360021826185e+03
1.347617271438054671e-16 6.149847005219919017e-17 5.920698320346780747e+03
1.492182402922101359e-16 6.116555973064252112e-17 5.921440286561833091e+03
1.305776796075705842e-16 6.072977643914080956e-17 5.922182258666118287e+03
1.280824508597126252e-16 5.988749146520937131e-17 5.922924236658771406e+03
1.407879773010301600e-16 5.935273479512627157e-17 5.923666220538923881e+03
1.374411211197040821e-16 5.922187234716009730e-17 5.924408210305713510e+03
1.861646891931847639e-16 5.954247489249865832e-17 5.925150205958273546e+03
1.449988549376153497e-16 6.024909895510227726e-17 5.925892207495739967e+03
1.076770567337220316e-16 6.118063059502619456e-17 5.926634214917245117e+03
3.277513776150017199e-16 6.175596693458701830e-17 5.927376228221924976e+03
2.586906378814562077e-16 6.198331913421229284e-17 5.928118247408914613e+03
7.676307089224418702e-17 6.213433151884920267e-17 5.928860272477351828e+03
1.509397939445346582e-16 6.220454307392843057e-17 5.929602303426363505e+03
2.621099294285179470e-16 6.212009452806956616e-17 5.930344340255092902e+03
2.405757067469260066e-16 6.204197672819829299e-17 5.931086382962667813e+03
2.737164278005064949e-16 6.171314123953713800e-17 5.931828431548226945e+03
1.086149335675821185e-16 6.143330785893659581e-17 5.932570486010901732e+03
1.331451148305583675e-18 6.139700569180591197e-17 5.933312546349829972e+03
2.052023708722630802e-16 6.118591811768221526e-17 5.934054612564144918e+03
1.441724017807061694e-16 6.114069340615006800e-17 5.934796684652983458e+03
1.280317882627647509e-16 6.117910167874752090e-17 5.935538762615476116e+03
1.470532709066216629e-16 6.124795044983085594e-17 5.936280846450761601e+03
2.004516599374858844e-16 6.097583430027508168e-17 5.937022936157971344e+03
3.305620155541746117e-16 6.096235038782314297e-17 5.937765031736243145e+03
7.789321957165233138e-17 6.150767362087998644e-17 5.938507133184708437e+03
3.115295122219700116e-16 6.132356970321938643e-17 5.939249240502504108e+03
1.110332858510290382e-16 6.066465234341417616e-17 5.939991353688765230e+03
1.702358190749269453e-16 5.959093276294642296e-17 5.940733472742625963e+03
8.208837093733117507e-17 5.902931907167549419e-17 5.941475597663218650e+03
1.869948494971652894e-16 5.886404480522838906e-17 5.942217728449681999e+03
2.326023145139369933e-16 5.873935526945343731e-17 5.942959865101147443e+03
1.852582548336600209e-16 5.875025181886242417e-17 5.943702007616750052e+03
1.134954358370077032e-16 5.876141858662967568e-17 5.944444155995626716e+03
1.766128275425047456e-16 5.889572743886510230e-17 5.945186310236911595e+03
3.249362442628918177e-16 5.927405158787103377e-17 5.945928470339737032e+03
2.595493927191096310e-17 5.995834721731186105e-17 5.946670636303239007e+03
-1.478416804933676819e-17 6.065410787177069130e-17 5.947412808126552591e+03
2.566074330544889610e-16 6.114301728546812318e-17 5.948154985808812853e+03
3.599764224565522898e-16 6.152146052649219756e-17 5.948897169349153046e+03
-4.127642695876631375e-18 6.153626102519807881e-17 5.949639358746710059e+03
1.154433553495034640e-16 6.162702091463100520e-17 5.950381554000615324e+03
1.617332365704513493e-16 6.159640637373449576e-17 5.951123755110007551e+03
2.929400956604666596e-16 6.162004284935708093e-17 5.951865962074018171e+03
6.910370354019405531e-18 6.158064478369212259e-17 5.952608174891783165e+03
2.202528827614333882e-16 6.151556634731618258e-17 5.953350393562438512e+03
1.115260697594226206e-16 6.133089435781466700e-17 5.954092618085114736e+03
1.771148457686109917e-16 6.124907489036609904e-17 5.954834848458951456e+03
2.024777392236202068e-16 6.117115169340750394e-17 5.955577084683080102e+03
2.354716510326287433e-16 6.120908452406973116e-17 5.956319326756637565e+03
1.006371418052610142e-16 6.120490502153192679e-17 5.957061574678755278e+03
1.050597181069992066e-16 6.122609067272762530e-17 5.957803828448571039e+03
1.210453498794231666e-16 6.123267568655185571e-17 5.958546088065220829e+03
1.955174535514205224e-16 6.092725209858878185e-17 5.959288353527836080e+03
1.990751647581340192e-16 6.037262186337763006e-17 5.960030624835551862e+03
5.650026478302093131e-17 5.975591261568664165e-17 5.960772901987502337e+03
9.233565569031481679e-17 5.921574328321885490e-17 5.961515184982825303e+03
2.455134853082391979e-16 5.881931707037137439e-17 5.962257473820653104e+03
1.875815679966864211e-16 5.865743467287881469e-17 5.962999768500120808e+03
2.009445877199949454e-16 5.893591926633967084e-17 5.963742069020363488e+03
3.478836800137590385e-16 5.909987602022611656e-17 5.964484375380514393e+03
1.114535629491928228e-16 5.910963929658722987e-17 5.965226687579709505e+03
2.552337401701395233e-16 5.906252866133176854e-17 5.965969005617083894e+03
2.759630637986809438e-16 5.924924332156443042e-17 5.966711329491772631e+03
6.891370417206610474e-17 5.904626651007653178e-17 5.967453659202908057e+03
8.962579644919066371e-17 5.920948717784458740e-17 5.968195994749627062e+03
2.187274374221320570e-16 5.909078329826342154e-17 5.968938336131062897e+03
1.283747778281523622e-16 5.930263986811800231e-17 5.969680683346351543e+03
6.242017788757955724e-17 5.970132933516056058e-17 5.970423036394626251e+03
1.521567429046860005e-16 6.006148575093000779e-17 5.971165395275023911e+03
1.918291482138516063e-16 6.027813411557640422e-17 5.971907759986677775e+03
-4.283212388996074553e-18 6.025728912225430254e-17 5.972650130528721093e+03
2.219808387878164208e-16 6.035894429330829007e-17 5.973392506900291664e+03
2.209436448851962898e-16 6.033938281513723401e-17 5.974134889100521832e+03
1.535328481381557169e-16 6.051448062967087307e-17 5.974877277128547576e+03
-3.999052710662209854e-17 6.033913230352950150e-17 5.975619670983502147e+03
3.770234057522963534e-16 6.020235364530105416e-17 5.976362070664522435e+03
2.914771895872233478e-17 6.002049102318479941e-17 5.977104476170741691e+03
1.292368562242302855e-16 5.978637068071833676e-17 5.977846887501294987e+03
4.947056271293627185e-17 5.973410139646466111e-17 5.978589304655315573e+03
2.234735263680549738e-16 5.954420427264295266e-17 5.979331727631939430e+03
2.747374838947653072e-16 5.950136540119415219e-17 5.980074156430302537e+03
1.780556518974209278e-16 5.951372851491529526e-17 5.980816591049537237e+03
1.869216627066244482e-16 5.954434005181986338e-17 5.981559031488781329e+03
1.376889794017658891e-16 5.936704956485645330e-17 5.982301477747164427e+03
1.779250782718210539e-16 5.915674747319427495e-17 5.983043929823827057e+03
3.828153412397413466e-17 5.876546865152974113e-17 5.983786387717900652e+03
8.148545539731794109e-17 5.830480196467917841e-17 5.984528851428520284e+03
2.271648329488755073e-16 5.794285930732584280e-17 5.985271320954820112e+03
2.142113463756587512e-16 5.781347050745326678e-17 5.986013796295934299e+03
2.245352327630138350e-16 5.775559857586703302e-17 5.986756277450999733e+03
6.445440854079631853e-17 5.765412050651200256e-17 5.987498764419151485e+03
1.520689412895131969e-16 5.737733911001086714e-17 5.988241257199522806e+03
3.238600416534406673e-16 5.742044743165501156e-17 5.988983755791246949e+03
-3.181238866565742717e-17 5.740766163362115465e-17 5.989726260193461712e+03
2.081480043746520674e-16 5.745058776392563770e-17 5.990468770405299438e+03
1.893257521460332923e-16 5.748957215858378729e-17 5.991211286425894286e+03
1.088805054220934641e-16 5.761291283552721370e-17 5.991953808254384967e+03
1.197322478466103106e-16 5.762016629131492064e-17 5.992696335889901093e+03
2.728210724308690797e-16 5.752998460035939008e-17 5.993438869331582282e+03
3.043994092504522579e-16 5.749595846863876612e-17 5.994181408578559058e+03
5.939041285338853912e-18 5.756935585838586387e-17 5.994923953629969219e+03
1.869534241196102612e-16 5.764715528256093339e-17 5.995666504484943289e+03
1.603069730365054489e-16 5.764072580260555266e-17 5.996409061142621795e+03
1.317699677134580452e-16 5.773306573187410491e-17 5.997151623602136169e+03
3.101158667407344471e-16 5.795456409297065386e-17 5.997894191862618754e+03
3.910970082492945696e-17 5.806085231908564270e-17 5.998636765923208259e+03
2.346335475509449141e-16 5.809038023681658991e-17 5.999379345783037934e+03
3.385200267405815742e-16 5.809285596820146981e-17 6.000121931441242850e+03
1.134582473058643079e-16 5.795901981145249436e-17 6.000864522896957169e+03
2.029414342468528131e-16 5.808640178707900439e-17 6.001607120149315961e+03
1.678817689325561254e-16 5.798626806131986951e-17 6.002349723197452477e+03
1.603327792532483681e-16 5.791613980785488600e-17 6.003092332040505426e+03
6.490296186059268933e-17 5.782814185756691033e-17 6.003834946677604421e+03
1.738219837738734407e-16 5.753242169559430982e-17 6.004577567107887262e+03
1.751662211884565082e-16 5.744241282593272300e-17 6.005320193330488109e+03
7.754730408146315568e-18 5.728840490938012741e-17 6.006062825344541125e+03
7.124510105401291283e-17 5.741397221753831190e-17 6.006805463149181378e+03
1.772777269653949138e-16 5.777137537962650292e-17 6.007548106743544849e+03
1.579066229113265495e-16 5.725200871677106023e-17 6.008290756126763881e+03
1.224678106859908262e-16 5.709661817361059349e-17 6.009033411297974453e+03
1.953855565188903809e-16 5.702571048151465197e-17 6.009776072256310727e+03
-1.581225705257898181e-18 5.741189586229921754e-17 6.010518739000906862e+03
3.331209960222011250e-16 6.880374856803707318e-17 6.011261411530900659e+03
1.617123192121246731e-16 5.807124556699095063e-17 6.012004089845424460e+03
-3.965160074739177796e-17 5.630556147322824239e-17 6.012746773943610606e+03
2.731266870539216581e-16 5.580041666829806892e-17 6.013489463824598715e+03
8.991143146738570130e-17 5.594990430879909551e-17 6.014232159487521130e+03
9.409271059144009110e-17 5.593249287756381619e-17 6.014974860931512012e+03
2.036994402788759270e-16 5.589187431865149522e-17 6.015717568155705521e+03
1.939261511548332063e-16 5.578214763903854556e-17 6.016460281159237638e+03
1.811780213153173910e-16 5.584048720613306441e-17 6.017202999941243434e+03
1.755904551516627752e-16 5.587348344831837451e-17 6.017945724500859797e+03
2.227907757806181231e-17 5.582170315685932048e-17 6.018688454837214522e+03
2.083164761106583404e-16 5.578884712951783682e-17 6.019431190949448137e+03
1.325992681677147312e-16 5.619259897620166877e-17 6.020173932836694803e+03
1.981292859007483828e-16 5.651447288941682357e-17 6.020916680498085952e+03
7.149231777055862572e-17 5.597557875507813848e-17 6.021659433932759384e+03
2.173023725394261268e-16 5.588550193726660640e-17 6.022402193139849260e+03
5.581658959405522067e-17 5.588382044912958496e-17 6.023144958118489740e+03
2.344763433915691985e-16 5.591672553101761623e-17 6.023887728867814985e+03
2.885042114773893879e-16 5.592501519663562440e-17 6.024630505386962795e+03
3.306258294339750656e-16 5.596556850109396956e-17 6.025373287675063693e+03
-1.039962949490485615e-16 5.595688466859209614e-17 6.026116075731253659e+03
1.205146147578084285e-16 5.616474967866309853e-17 6.026858869554669582e+03
3.415023546244762729e-16 5.628143152889024887e-17 6.027601669144442894e+03
1.195835225905460162e-16 5.644529574896816663e-17 6.028344474499710486e+03
3.308270655256611418e-17 5.647827950266484546e-17 6.029087285619607428e+03
-1.599934716418380312e-17 5.652452096445384027e-17 6.029830102503266971e+03
9.408005422019248879e-17 5.639968260031455765e-17 6.030572925149825096e+03
2.076294555028595891e-16 5.638625486852906919e-17 6.031315753558415054e+03
1.925389302191382519e-16 5.645354812459855598e-17 6.032058587728171915e+03
9.314511417534812981e-17 5.805149367653549544e-17 6.032801427658230750e+03
2.412774731197595754e-17 5.926862714063702802e-17 6.033544273347728449e+03
3.828760016447146412e-16 5.655033787508603286e-17 6.034287124795795535e+03
1.555732750544514530e-16 5.606357124637580364e-17 6.035029982001568897e+03
5.181311286530629789e-17 5.606928659563349881e-17 6.035772844964183605e+03
1.057178124509336352e-16 5.596258971873200491e-17 6.036515713682773821e+03
1.710555977575120233e-16 5.595459784038967194e-17 6.037258588156475525e+03
-1.182285666626794427e-17 5.596419877514027922e-17 6.038001468384420150e+03
1.498873115437947243e-16 5.557630039358212732e-17 6.038744354365744584e+03
1.456982152791516515e-16 5.566104045611466572e-17 6.039487246099583899e+03
7.473573966244582497e-17 5.562124774152024495e-17 6.040230143585073165e+03
3.972898241499388218e-17 5.549162910256029117e-17 6.040973046821346543e+03
1.533973894915564071e-16 5.540109731782487281e-17 6.041715955807538194e+03
3.282658368697323494e-16 5.528233110071320848e-17 6.042458870542783188e+03
9.020866810163515654e-17 5.526939726777552119e-17 6.043201791026216597e+03
5.112367879802267425e-17 5.521903341745947133e-17 6.043944717256970762e+03
2.689639277331237498e-16 5.529419843503563235e-17 6.044687649234183482e+03
1.368600001344734891e-16 5.547306206742019868e-17 6.045430586956988918e+03
1.088480828606578961e-16 5.546823289543289987e-17 6.046173530424519413e+03
1.954491493781112241e-16 5.540580506132812422e-17 6.046916479635914584e+03
1.553689000482825513e-16 5.538539791593113550e-17 6.047659434590303135e+03
1.862998439721077258e-16 5.527566510751820945e-17 6.048402395286823776e+03
-4.413562450217318615e-18 5.523245202613180455e-17 6.049145361724609756e+03
2.738913424086698301e-16 5.509466454322102922e-17 6.049888333902797967e+03
1.021346328690239784e-16 5.489328343713632010e-17 6.050631311820519841e+03
1.430259298582181006e-16 5.489317014775120009e-17 6.051374295476911357e+03
2.467494382895466905e-16 5.491860194479046836e-17 6.052117284871106676e+03
2.177093253961235600e-16 5.482243477696468625e-17 6.052860280002243599e+03
1.450257783208771533e-16 5.482596725288587688e-17 6.053603280869452647e+03
1.766526933380271585e-16 5.473921993883212769e-17 6.054346287471872529e+03
1.733953045419630760e-16 5.476555781148977029e-17 6.055089299808632859e+03
3.017652644133919231e-16 5.471825744607787911e-17 6.055832317878874164e+03
1.642553258756113812e-16 5.482447410756943368e-17 6.056575341681726968e+03
1.607826463474431936e-16 5.484645554458603727e-17 6.057318371216328160e+03
2.001723807999858625e-16 5.473539843321442016e-17 6.058061406481810991e+03
1.779353099584177312e-16 5.468149002266863155e-17 6.058804447477309623e+03
3.768195601950711101e-16 5.477633306193669709e-17 6.059547494201960944e+03
9.578050177851334658e-17 5.469939642271349415e-17 6.060290546654900027e+03
6.394531298543982130e-17 5.475400480177399238e-17 6.061033604835260121e+03
1.684146671391548143e-16 5.479556985890698920e-17 6.061776668742173570e+03
2.164208714302000540e-16 5.504144104466487047e-17 6.062519738374779990e+03
6.671535298716629156e-17 5.522573207105329968e-17 6.063262813732211725e+03
4.697197446815532485e-17 5.475717710247285342e-17 6.064005894813602936e+03
1.706841980338230405e-16 5.475824597147386929e-17 6.064748981618088692e+03
2.592263445241201432e-16 5.477597580332135139e-17 6.065492074144804974e+03
9.115231722086873145e-17 5.473455208862945973e-17 6.066235172392885033e+03
2.829402432719665361e-16 5.475607565030237990e-17 6.066978276361462122e+03
7.951707305384741397e-17 5.473766334884977590e-17 6.067721386049674948e+03
1.774101991619397344e-16 5.479828437432524539e-17 6.068464501456655853e+03
1.402128851313624617e-16 5.461787086494036618e-17 6.069207622581539908e+03
3.390875507734101287e-16 5.465889667103632616e-17 6.069950749423461275e+03
1.589536651609826774e-16 5.454644217301245215e-17 6.070693881981555023e+03
-4.792869764791401769e-17 5.454618747005164394e-17 6.071437020254958043e+03
2.414455605835194447e-16 5.443393825031186495e-17 6.072180164242800856e+03
2.617903282939008391e-16 5.445064507142517055e-17 6.072923313944220354e+03
1.415201884039939670e-16 5.437042496679138421e-17 6.073666469358353424e+03
5.903395001237977763e-17 5.419352875283411685e-17 6.074409630484329682e+03
5.405849574087250289e-17 5.406020495069914294e-17 6.075152797321288745e+03
1.729984252699965081e-16 5.388282072691870014e-17 6.075895969868362954e+03
2.742712869035746450e-16 5.368206893679746274e-17 6.076639148124686471e+03
1.357834305635498389e-16 5.360360611350467560e-17 6.077382332089396186e+03
1.942810842041084217e-17 5.363343680402610990e-17 6.078125521761625350e+03
1.306964930691842937e-16 5.359288371329228439e-17 6.078868717140510853e+03
2.453189897569458365e-16 5.333655723250310192e-17 6.079611918225182308e+03
2.356182669519394650e-16 5.325261472411504064e-17 6.080355125014779333e+03
8.776907227464088018e-17 5.325868099596596870e-17 6.081098337508435179e+03
4.165843094651064116e-17 5.327750460754420112e-17 6.081841555705283099e+03
5.946124676253656882e-17 5.330213279493498535e-17 6.082584779604460891e+03
2.443880625636139081e-16 5.326982184477161023e-17 6.083328009205099988e+03
1.529896777481703712e-16 5.324937498619628174e-17 6.084071244506337280e+03
-1.458661426368063251e-17 5.325842194395981904e-17 6.084814485507307836e+03
2.060688853009435006e-16 5.299812951390463355e-17 6.085557732207143999e+03
1.963101123711727362e-16 5.299852583933932464e-17 6.086300984604981750e+03
1.598792350554212122e-16 5.305441606345037071e-17 6.087044242699957067e+03
1.155034637401873551e-16 5.376246813360038026e-17 6.087787506491203203e+03
1.799211819008634281e-16 5.355764880339013038e-17 6.088530775977854319e+03
2.250609249889796465e-16 5.315955959528883755e-17 6.089274051159046394e+03
5.439539741761853759e-17 5.322215406099363234e-17 6.090017332033913590e+03
1.456430552382563836e-16 5.329740359076378295e-17 6.090760618601590977e+03
1.683944612961776519e-17 5.327930222346487361e-17 6.091503910861213626e+03
1.344936007133260782e-16 5.328032843158845143e-17 6.092247208811915698e+03
2.014941481981172138e-16 5.324633287167360608e-17 6.092990512452832263e+03
3.376353305720587582e-16 5.328474402631673389e-17 6.093733821783096573e+03
5.459824052316108782e-17 5.329465838136838521e-17 6.094477136801845518e+03
1.624720550187815999e-16 5.324485063404745700e-17 6.095220457508212348e+03
1.987591382219288005e-16 5.313427469880531431e-17 6.095963783901333045e+03
1.712231785301186987e-16 5.306991470805256477e-17 6.096707115980341769e+03
1.443751468901505690e-16 5.313899633820858488e-17 6.097450453744371771e+03
4.000648205190728486e-17 5.311841109062808022e-17 6.098193797192559941e+03
1.650692807043978093e-16 5.323537620188434496e-17 6.098937146324040441e+03
6.361703468074265722e-17 5.324783416878336950e-17 6.099680501137947431e+03
2.093724378936466632e-16 5.319699548726218555e-17 6.100423861633415072e+03
3.367579332065558431e-16 5.320608172534956350e-17 6.101167227809579344e+03
9.941345088899586870e-17 5.319984577323200280e-17 6.101910599665576228e+03
2.897188433667363551e-17 5.319605321661345754e-17 6.102653977200537156e+03
2.613917516180153206e-16 5.320853724041750854e-17 6.103397360413599017e+03
2.501907831253452113e-16 5.326255164913734364e-17 6.104140749303895063e+03
1.179554101605803640e-16 5.321996644712583102e-17 6.104884143870562184e+03
8.820779375020822025e-17 5.307614607078889838e-17 6.105627544112732721e+03
9.462568879018190821e-17 5.304425154306088343e-17 6.106370950029542655e+03
1.603100929425222423e-16 5.303914960934445043e-17 6.107114361620126147e+03
2.353094918131652014e-16 5.284240413966939760e-17 6.107857778883619176e+03
2.085373898679581533e-16 5.328648468746074529e-17 6.108601201819157723e+03
1.618268606395255985e-16 5.221411264592107533e-17 6.109344630425872310e+03
1.689331058281864584e-16 5.225047754389393292e-17 6.110088064702899828e+03
2.344518118883862918e-16 5.186302588812110728e-17 6.110831504649375347e+03
2.362515222379445637e-16 5.173676503152876177e-17 6.111574950264434847e+03
-5.180097103038304315e-17 5.503436076465050053e-17 6.112318401547208850e+03
1.123058583841285317e-16 5.162422786322683568e-17 6.113061858496836066e+03
2.132819030436712649e-16 5.166430334786882233e-17 6.113805321112448837e+03
1.650773029685792163e-16 5.124378631683896824e-17 6.114548789393184052e+03
3.738334861738706980e-16 5.185510834017602300e-17 6.115292263338175871e+03
2.975916242290655134e-17 5.121203751157365653e-17 6.116035742946557548e+03
9.692658951423692231e-17 5.124979034269580974e-17 6.116779228217465061e+03
3.021495254733881947e-17 5.114491956481254870e-17 6.117522719150032572e+03
2.752674134454130207e-16 5.101392295374937682e-17 6.118266215743395151e+03
2.042788619823242265e-16 5.132974132904324404e-17 6.119009717996686959e+03
1.005354261415430798e-17 5.081650061098158488e-17 6.119753225909043977e+03
2.912303288951034606e-16 5.104579020781649867e-17 6.120496739479599455e+03
1.465488248402827833e-16 5.113970707441163175e-17 6.121240258707488465e+03
1.199284630830206081e-16 5.098614544141863946e-17 6.121983783591847896e+03
1.086247615753892437e-16 5.083126039382562389e-17 6.122727314131810090e+03
1.973813616120097890e-16 5.291021535096476932e-17 6.123470850326510117e+03
2.182121018040085741e-16 5.185264336467657599e-17 6.124214392175083049e+03
7.329184668183412395e-17 5.210602021089159012e-17 6.124957939676662136e+03
1.903391831668303373e-16 5.215913944714919440e-17 6.125701492830386997e+03
1.213819207696886138e-16 5.219587197718801261e-17 6.126445051635386335e+03
8.902964453195478954e-17 5.291726530462311723e-17 6.127188616090797041e+03
1.346952955967204297e-16 5.232342613958689072e-17 6.127932186195756003e+03
2.454714126705522357e-16 5.221785173832510217e-17 6.128675761949396474e+03
2.622587720759347745e-16 5.238977400566828789e-17 6.129419343350849886e+03
4.543104823738749881e-17 5.259956520023089852e-17 6.130162930399255856e+03
3.096341616088781724e-16 5.260487670507276426e-17 6.130906523093747637e+03
1.971512618238558582e-16 5.279498142440682949e-17 6.131650121433458480e+03
5.987403274127195003e-17 5.271916171854035387e-17 6.132393725417525275e+03
9.261320260365605708e-17 5.293671345813187769e-17 6.133137335045082182e+03
1.628971951622344039e-16 5.313875583401054093e-17 6.133880950315260634e+03
1.685182256823051971e-16 5.306331852810958044e-17 6.134624571227201159e+03
1.239486298754361491e-16 5.309678196677098966e-17 6.135368197780035189e+03
2.760225925117355614e-16 5.340063537564458585e-17 6.136111829972896885e+03
1.293773448976973168e-16 5.380163399994283294e-17 6.136855467804921318e+03
2.887848190918684049e-16 5.489107004971280769e-17 6.137599111275245377e+03
2.513781961679890182e-16 5.396884094642863981e-17 6.138342760383002314e+03
1.323498266599868170e-16 5.420479840622582836e-17 6.139086415127325381e+03
3.563866451013902672e-17 5.419313701802978944e-17 6.139830075507352376e+03
1.268851690908273631e-16 5.411600643236802248e-17 6.140573741522213822e+03
9.179952633066109585e-17 5.412877361059736627e-17 6.141317413171050248e+03
1.048132635800994156e-16 5.395880718125644794e-17 6.142061090452989447e+03
1.871463635928427438e-16 5.389520432343046663e-17 6.142804773367171947e+03
2.286185124705897143e-16 5.389595775634015892e-17 6.143548461912729181e+03
2.501892096394960618e-16 5.392755305441174502e-17 6.144292156088799857e+03
1.167388370315333855e-16 5.389207129729801272e-17 6.145035855894513588e+03
2.174772763534010605e-16 5.381566627500667737e-17 6.145779561329009084e+03
1.055239951964785485e-16 5.364842797123902859e-17 6.146523272391418686e+03
1.115950152572796766e-16 5.346964414035494367e-17 6.147266989080876556e+03
7.792579732420109841e-17 5.360147049082094617e-17 6.148010711396520492e+03
2.295956360351382711e-16 5.402534127146955873e-17 6.148754439337482836e+03
2.028801242992411587e-16 5.452795701447232740e-17 6.149498172902898659e+03
5.872347645174093210e-17 5.534956601249471990e-17 6.150241912091903941e+03
-1.619509978408957240e-17 5.625964553106444346e-17 6.150985656903631025e+03
2.476773150979303304e-16 5.695673981054780630e-17 6.151729407337218618e+03
1.733809226014697737e-16 5.747577450477056060e-17 6.152473163391796334e+03
1.696312609322273790e-16 5.770390646540425608e-17 6.153216925066504700e+03
2.862730193499576368e-17 5.779515723309123654e-17 6.153960692360473331e+03
2.576473661978133374e-16 5.781332056442210432e-17 6.154704465272840025e+03
3.189126750251079150e-16 5.784913888843050781e-17 6.155448243802737124e+03
6.745935732123554787e-17 5.784608513884062433e-17 6.156192027949301519e+03
4.060129350675450353e-17 5.772727834355144889e-17 6.156935817711666459e+03
1.571300686499289895e-16 5.773810688063873894e-17 6.157679613088967926e+03
4.573128913858921644e-17 5.763957270485061238e-17 6.158423414080339171e+03
2.300732672157395073e-16 5.758064029559221991e-17 6.159167220684916174e+03
1.017644720647854970e-16 5.742957698487803748e-17 6.159911032901834915e+03
1.029055073858272861e-16 5.724691861002937099e-17 6.160654850730226826e+03
1.313951488798293582e-16 5.718000207729610576e-17 6.161398674169229707e+03
1.741711044155643878e-16 5.682421965292772352e-17 6.162142503217975900e+03
6.348363796039636616e-17 5.648079109234764027e-17 6.162886337875601384e+03
3.416746614079217562e-16 5.601005634669275113e-17 6.163630178141242141e+03
3.467887489304273681e-16 5.569459664946969312e-17 6.164374024014029601e+03
6.081068419604699843e-17 5.492685344577764610e-17 6.165117875493102474e+03
1.070931563777690565e-16 5.420197126064144467e-17 6.165861732577591283e+03
2.031811985462243217e-16 5.388861427533794067e-17 6.166605595266633827e+03
9.964068996851937353e-17 5.364215445043853572e-17 6.167349463559364267e+03
7.041368626831367336e-17 5.357326106735480567e-17 6.168093337454916764e+03
2.089981297991159645e-16 5.363988936591865433e-17 6.168837216952426388e+03
2.964055634846863841e-16 5.382346620968550701e-17 6.169581102051028211e+03
1.382904282952784334e-16 5.391379282663095648e-17 6.170324992749855483e+03
7.332886934553184877e-18 5.414313170958636381e-17 6.171068889048045094e+03
2.303515878373000080e-16 5.394070900937812799e-17 6.171812790944730295e+03
2.662573966054571119e-16 5.384035574583395482e-17 6.172556698439047068e+03
2.579697163012467090e-17 5.380896064206663763e-17 6.173300611530128663e+03
1.488684335247646337e-16 5.377034136600500045e-17 6.174044530217111969e+03
3.115004454210617577e-16 5.374313736966067384e-17 6.174788454499128420e+03
4.590238924464265098e-17 5.361649750875371074e-17 6.175532384375313995e+03
1.503943555182927516e-16 5.344827411560734964e-17 6.176276319844806494e+03
2.090662885081500039e-16 5.320697630356328117e-17 6.177020260906736439e+03
1.570017227629865020e-16 5.284887023431340567e-17 6.177764207560241630e+03
1.293692349915695269e-16 5.248833541808256219e-17 6.178508159804454408e+03
2.712883127295012074e-16 5.232000080483658241e-17 6.179252117638510754e+03
2.336850878540752907e-16 5.200695533417265246e-17 6.179996081061546647e+03
6.066190427927225759e-17 5.227651487799901358e-17 6.180740050072695340e+03
1.655937374841135615e-16 5.248516543642460503e-17 6.181484024671091902e+03
2.728741514591734471e-16 5.319468387494657790e-17 6.182228004855868676e+03
1.439991408552011294e-16 5.223234956993884119e-17 6.182971990626163461e+03
8.519412410476428978e-17 5.212458791480583298e-17 6.183715981981111327e+03
1.461347160370875352e-16 5.208516353899360650e-17 6.184459978919843707e+03
-6.633756313280317426e-18 5.216855339919200904e-17 6.185203981441502037e+03
1.731561982770864726e-16 5.232728091053558873e-17 6.185947989545211385e+03
3.155210549665525488e-16 5.236463219825363458e-17 6.186692003230115915e+03
1.854564125392266412e-16 5.239116402234122916e-17 6.187436022495343423e+03
4.144851943530777736e-18 5.247888402067141033e-17 6.188180047340031706e+03
1.477780643033735357e-16 5.247540152268208573e-17 6.188924077763316745e+03
3.482926658062818618e-16 5.247583167595770684e-17 6.189668113764329973e+03
1.130748513964574214e-16 5.238879395972003448e-17 6.190412155342208280e+03
-1.696041597095113951e-17 5.216118302687377937e-17 6.191156202496086735e+03
2.445890939597957454e-16 5.215860754189089695e-17 6.191900255225097681e+03
1.492193154821239405e-16 5.214131238416864369e-17 6.192644313528378916e+03
1.486655770128542720e-17 5.205825421589512657e-17 6.193388377405062784e+03
-7.623820259187003959e-18 5.204176544448392978e-17 6.194132446854286172e+03
1.642098218143887278e-16 5.208150289142844331e-17 6.194876521875183244e+03
6.248335806507168504e-17 5.237651988056391172e-17 6.195620602466886339e+03
2.655190197855446154e-16 5.270083944020282498e-17 6.196364688628533258e+03
3.350546735514598698e-16 5.310162632506851462e-17 6.197108780359258162e+03
1.062043668822115522e-16 5.314958113667342546e-17 6.197852877658193393e+03
1.934985301203945285e-16 5.330812852732633571e-17 6.198596980524476749e+03
2.581518936865221559e-16 5.341240467378983790e-17 6.199341088957242391e+03
2.478903580756872749e-16 5.378598661520169815e-17 6.200085202955622663e+03
-6.048505721011137925e-17 5.329197829934527400e-17 6.200829322518756271e+03
1.846413915990401353e-16 5.320553796073214894e-17 6.201573447645772831e+03
6.553782843077415714e-17 5.285308991985346676e-17 6.202317578335811049e+03
1.937493692241120433e-16 5.275093995886873460e-17 6.203061714588005998e+03
1.500009370787530844e-16 5.264577288261722306e-17 6.203805856401490018e+03
8.225125495525373992e-17 5.295565916981751323e-17 6.204550003775400000e+03
1.231840261193009969e-17 5.306444929075848660e-17 6.205294156708867376e+03
2.105130809024831354e-16 5.308751603811937551e-17 6.206038315201030855e+03
3.298473496035373523e-16 5.318897291633763898e-17 6.206782479251025507e+03
7.158506622828200259e-17 5.336008488989335523e-17 6.207526648857980035e+03
-2.200469897832826550e-17 5.336691700272692119e-17 6.208270824021034059e+03
2.028042327905969950e-16 5.323167248584154177e-17 6.209015004739323558e+03
4.037028469134314916e-16 5.282009504237428210e-17 6.209759191011979055e+03
2.531614262363766634e-16 5.245861655042845829e-17 6.210503382838138350e+03
1.159367468381888270e-16 5.233054543194227869e-17 6.211247580216935603e+03
1.239777510831936169e-16 5.232492608369020488e-17 6.211991783147504975e+03
2.211032181781975953e-16 5.234158240775995701e-17 6.212735991628980628e+03
1.743276316086371436e-16 5.247643859632280655e-17 6.213480205660500360e+03
1.353651049514455496e-16 5.270530026379066735e-17 6.214224425241194695e+03
1.686617857866176436e-16 5.316152242866974942e-17 6.214968650370199612e+03
3.050746372509567093e-16 5.362479706214001391e-17 6.215712881046652910e+03
5.091433537361808961e-17 5.364157432455537233e-17 6.216457117269685114e+03
1.507845810161839403e-16 5.379148731882407067e-17 6.217201359038435839e+03
2.000261425073861023e-16 5.377001055708792079e-17 6.217945606352035611e+03
2.277756555916028525e-16 5.375101982931920060e-17 6.218689859209618589e+03
2.237822531626399602e-17 5.363837500614876190e-17 6.219434117610323483e+03
2.124311504761261182e-16 5.353636397841181395e-17 6.220178381553282634e+03
2.300827863642422197e-16 5.348095295722526903e-17 6.220922651037631113e+03
2.239546729698597224e-16 5.340046366842979698e-17 6.221666926062503990e+03
1.000274210987424455e-16 5.331922423542754954e-17 6.222411206627035426e+03
1.854328995753183668e-16 5.338393937763335686e-17 6.223155492730359583e+03
2.575645166845318158e-16 5.336763527005807459e-17 6.223899784371615169e+03
2.735970459161493075e-17 5.334784801960213673e-17 6.224644081549931798e+03
-2.296136554396403722e-17 5.341569851174930042e-17 6.225388384264446358e+03
1.809446298837087062e-16 5.349741434747612282e-17 6.226132692514293012e+03
1.600251548210222949e-16 5.386268029590208889e-17 6.226877006298609558e+03
1.354819275285140752e-16 5.432952847930575604e-17 6.227621325616524700e+03
5.978289405815045880e-18 5.499774586788259286e-17 6.228365650467178057e+03
1.404725919045184301e-16 5.598802252782106294e-17 6.229109980849704698e+03
2.055611466165923373e-16 5.687690700082643439e-17 6.229854316763236056e+03
1.226217093031223189e-16 5.784975215405035115e-17 6.230598658206910841e+03
1.350150632997367821e-16 5.833133231945711219e-17 6.231343005179858665e+03
1.854243201908557006e-16 5.867675646126126818e-17 6.232087357681220055e+03
6.762485138063999212e-17 5.903025942822603275e-17 6.232831715710124627e+03
3.755386002660492839e-17 5.908900756410349876e-17 6.233576079265711087e+03
1.515354413519927391e-16 5.947839900113973586e-17 6.234320448347110869e+03
1.164379709368401871e-16 5.971268331842070483e-17 6.235064822953461771e+03
1.981065723345670718e-16 6.004084324705837114e-17 6.235809203083896136e+03
6.651236676180911007e-17 6.033684166395212183e-17 6.236553588737551763e+03
1.006724819632478739e-16 6.056919184160762997e-17 6.237297979913558265e+03
3.604790096736753340e-16 6.083618798163995227e-17 6.238042376611056170e+03
1.181976240236958203e-16 6.083781636568238891e-17 6.238786778829176910e+03
1.742511642893803864e-17 6.089706162531772118e-17 6.239531186567055556e+03
-2.634796237497029138e-18 6.070623770373735955e-17 6.240275599823827179e+03
2.239393309876818762e-16 6.053623055044537890e-17 6.241020018598628667e+03
1.718137731971890670e-16 5.939677568713702296e-17 6.241764442890588725e+03
1.446656647437369656e-16 5.849485451867876536e-17 6.242508872698848791e+03
3.657894040224146569e-16 5.751536490244595213e-17 6.243253308022540295e+03
1.105229426796534515e-16 5.636171932887756228e-17 6.243997748860799220e+03
1.406018197407448074e-16 5.559600720843868348e-17 6.244742195212758816e+03
1.715573119641011361e-16 5.504463861059236503e-17 6.245486647077554153e+03
1.010376787142884984e-16 5.481061629263812637e-17 6.246231104454323031e+03
1.850603306715292861e-17 5.456081844587558265e-17 6.246975567342195063e+03
1.848824055484578809e-16 5.435872417406657539e-17 6.247720035740309868e+03
2.219624406161406394e-16 5.435029510388254164e-17 6.248464509647797968e+03
1.908375079114540127e-16 5.364035542441871530e-17 6.249208989063796253e+03
1.092309363913033228e-16 5.386072601370678017e-17 6.249953473987441612e+03
7.064485464336919927e-17 5.458692717303032045e-17 6.250697964417865478e+03
1.873985779346523332e-16 5.555894996417306973e-17 6.251442460354202922e+03
8.524967343404726867e-17 5.667065659225583036e-17 6.252186961795590832e+03
1.311415042785139517e-16 5.732019782929487475e-17 6.252931468741161552e+03
6.355145449599819901e-17 5.749295882872073359e-17 6.253675981190053790e+03
2.185341191816849720e-16 5.747347682513203730e-17 6.254420499141396249e+03
1.226185541833060827e-16 5.739346512616203061e-17 6.255165022594328548e+03
1.476574181157058762e-16 5.750876288726700162e-17 6.255909551547982119e+03
-8.813992461801289350e-17 5.765957422434425583e-17 6.256654086001493852e+03
2.156000115982177637e-16 5.794989143196286428e-17 6.257398625953997907e+03
3.611528798050957274e-16 5.824508347828240296e-17 6.258143171404630266e+03
1.179720864340795495e-16 5.855319681167085162e-17 6.258887722352525998e+03
1.748032760223910500e-16 5.891800838674455876e-17 6.259632278796816536e+03
1.780668363099358816e-16 5.911166469504758361e-17 6.260376840736638769e+03
8.045138222350222219e-17 5.933584951681849395e-17 6.261121408171126859e+03
4.722598571401168798e-17 5.936746234473609307e-17 6.261865981099415876e+03
2.365780837342374650e-16 5.933545878174864194e-17 6.262610559520641800e+03
2.825860187501107360e-16 5.911341370477194413e-17 6.263355143433936973e+03
-1.673330513663009945e-18 5.847169015003822122e-17 6.264099732838439195e+03
1.989298523933350967e-16 5.740334079683566878e-17 6.264844327733280807e+03
3.173878009797575705e-16 5.612475271658620633e-17 6.265588928117595060e+03
1.242806238134904159e-16 5.526576743764537137e-17 6.266333533990522483e+03
1.638393637215343803e-16 5.445202679821184901e-17 6.267078145351193598e+03
1.940816291608762726e-16 5.445247977209675275e-17 6.267822762198742566e+03
4.835206543878904150e-17 5.456125638676260999e-17 6.268567384532305368e+03
1.333700879608374734e-16 5.464489579248962116e-17 6.269312012351017074e+03
9.825143138645085611e-17 5.469408227240529584e-17 6.270056645654012755e+03
6.669312730119473475e-17 5.465178047935121006e-17 6.270801284440426571e+03
1.004735010054288440e-16 5.448147325500285309e-17 6.271545928709392683e+03
1.799539556885366057e-16 5.411413398221813805e-17 6.272290578460047072e+03
2.692568909146616177e-16 4.692435956362298807e-17 6.394057068357209573e+03
1.111783965926263829e-16 4.730653815732414820e-17 6.394803117608427783e+03
2.796853392356176861e-17 4.758662340091839777e-17 6.395549170825834153e+03
1.159983567284995433e-16 4.785059570327257960e-17 6.396295228009577841e+03
2.253511368596722807e-16 4.792953375456103422e-17 6.397041289159808002e+03
1.861416318009871524e-16 4.791452404035314052e-17 6.397787354276677434e+03
1.065454355797059948e-16 4.781114143566581428e-17 6.398533423360333472e+03
2.001021736745420678e-16 4.769303914405740108e-17 6.399279496410927095e+03
2.332067312004454775e-16 4.755657585725905607e-17 6.400025573428605639e+03
2.818200857598452172e-16 4.761057071824758741e-17 6.400771654413521901e+03
2.235379375255652625e-16 4.736196900357802278e-17 6.401517739365824127e+03
1.481090553998611705e-16 4.723360945203514800e-17 6.402263828285666023e+03
7.537701691195677641e-17 4.715630873107956942e-17 6.403009921173190378e+03
1.550674447015587486e-16 4.714827724766177587e-17 6.403756018028552717e+03
1.823464625000878750e-16 4.722052690727444181e-17 6.404502118851903106e+03
1.157961380792282771e-16 4.737546440762804720e-17 6.405248223643386154e+03
2.990860159465525951e-16 4.737038493252783147e-17 6.405994332403158296e+03
2.927855645422261546e-17 4.753566227903417738e-17 6.406740445131363231e+03
1.810575946954905613e-16 4.770992025798495216e-17 6.407486561828156482e+03
2.022679200409103127e-16 4.755840577303733558e-17 6.408232682493682660e+03
2.457710487543541735e-16 4.769608527438474894e-17 6.408978807128096378e+03
2.545690956438403804e-17 4.774131394549029968e-17 6.409724935731544974e+03
1.431364825557519921e-16 4.781481581150564705e-17 6.410471068304177606e+03
8.576810864407230659e-17 4.782413133750399085e-17 6.411217204846145250e+03
1.433591055642082731e-16 4.777218800611753196e-17 6.411963345357598882e+03
1.923714362627185537e-16 4.780854508948272718e-17 6.412709489838685840e+03
2.408548152374069299e-16 4.795969248373517387e-17 6.413455638289558919e+03
1.545254885956816908e-16 4.803314869312951463e-17 6.414201790710364548e+03
3.150812822821946412e-17 4.816630605596708291e-17 6.414947947101256432e+03
1.919110948019093565e-16 4.829007601802273324e-17 6.415694107462381908e+03
7.322082304241914068e-17 4.833848222389903659e-17 6.416440271793890133e+03
1.674265861391678180e-16 4.828048382212201307e-17 6.417186440095932994e+03
1.828617143976328279e-16 4.835640205610309274e-17 6.417932612368662376e+03
2.058027154757565793e-16 4.828234814189836336e-17 6.418678788612221979e+03
1.461593263087751078e-16 4.815966004440401493e-17 6.419424968826766417e+03
8.648772564744403348e-17 4.800952985919156493e-17 6.420171153012443028e+03
1.379540653627349938e-16 4.791056172977932532e-17 6.420917341169405518e+03
1.393053014616312625e-16 4.792277559488432616e-17 6.421663533297800313e+03
8.008824271840586105e-17 4.783994737156962500e-17 6.422409729397777483e+03
1.539913915235385637e-16 4.774838472028106615e-17 6.423155929469488910e+03
2.328476866539432765e-16 4.768829591045778334e-17 6.423902133513081935e+03
1.292425801864421322e-16 4.770891353558848829e-17 6.424648341528707533e+03
8.742713950412518542e-17 4.803466634891712297e-17 6.425394553516514861e+03
1.718967418660781928e-16 4.769073053898475997e-17 6.426140769476655805e+03
8.818943678531060688e-17 4.767094215902425028e-17 6.426886989409278613e+03
1.625750762733640584e-16 4.709121981056212302e-17 6.427633213314535169e+03
1.722020842285398004e-16 4.705538084405231405e-17 6.428379441192570994e+03
2.250841930637493737e-16 4.699211231776759248e-17 6.429125673043539791e+03
1.278231213682610023e-16 4.687896916842364256e-17 6.429871908867591628e+03
1.327128754874905651e-16 4.687768633652149443e-17 6.430618148664874752e+03
1.784139602128628749e-16 4.682132541270958386e-17 6.431364392435538321e+03
7.318633570060674016e-17 4.682991868518282197e-17 6.432110640179735128e+03
1.588933234909381502e-16 4.691737671817775305e-17 6.432856891897612513e+03
1.886538919892482431e-16 4.667479543100460337e-17 6.433603147589320542e+03
-8.254227268065600113e-18 4.696421849551421283e-17 6.434349407255008373e+03
2.192312765719460488e-16 4.665686905952556254e-17 6.435095670894829709e+03
2.317393861686626789e-16 4.672614096401773352e-17 6.435841938508930070e+03
1.119291968023350126e-16 4.650391759537663092e-17 6.436588210097461342e+03
1.230378639642955328e-16 4.652657758967512655e-17 6.437334485660574501e+03
2.187449858853914924e-16 4.657838488437522554e-17 6.438080765198415975e+03
-3.356736844738128567e-17 4.646136082725537812e-17 6.438827048711140378e+03
2.114374824417913096e-16 4.647377190373584737e-17 6.439573336198893230e+03
9.429167501430355835e-17 4.650669523677237302e-17 6.440319627661826416e+03
2.473313163145311170e-16 4.658701841515202354e-17 6.441065923100090004e+03
3.063141803670928018e-16 4.692560472513229060e-17 6.441812222513832239e+03
3.239530154792667166e-17 4.664467236391165301e-17 6.442558525903205009e+03
6.262228345327195787e-17 4.671211624018900455e-17 6.443304833268355651e+03
4.939830065141515220e-17 4.678476706639710352e-17 6.444051144609438779e+03
1.749490394091578136e-16 4.686966383027808169e-17 6.444797459926598094e+03
1.662420259261776229e-16 4.703881276954053372e-17 6.445543779219988210e+03
2.566110672753445407e-16 4.716398664780414157e-17 6.446290102489758283e+03
1.542687927857938641e-16 4.746968559700062600e-17 6.447036429736057471e+03
1.027190596921964512e-16 4.775207738575477991e-17 6.447782760959034931e+03
1.304030797370849335e-16 4.776392776392118137e-17 6.448529096158839820e+03
1.595203380248176627e-16 4.810221638089995156e-17 6.449275435335623115e+03
5.460530200977746789e-17 4.832695400553741486e-17 6.450021778489535791e+03
1.496677585935062258e-16 4.863173210855320130e-17 6.450768125620727005e+03
2.436502592611667084e-16 4.883038590274545826e-17 6.451514476729347734e+03
3.148251895883501025e-16 4.894779795774720346e-17 6.452260831815544407e+03
2.052820423338741092e-16 4.931320914532920130e-17 6.453007190879470727e+03
1.491304136356052527e-16 4.915889191375329381e-17 6.453753553921273124e+03
1.054957763501294679e-17 4.906258727001471394e-17 6.454499920941103483e+03
9.676718308294637436e-17 4.914988003307996190e-17 6.455246291939112780e+03
2.283675767721841528e-16 4.925570340503536767e-17 6.455992666915446534e+03
1.180610256132962892e-16 4.953737327135254872e-17 6.456739045870261180e+03
2.411260051269121236e-17 4.996709818253971167e-17 6.457485428803702234e+03
1.198906359095521575e-16 5.047244942127914127e-17 6.458231815715919765e+03
2.599674695719093692e-16 5.054750825479019559e-17 6.458978206607064749e+03
2.241379446002863041e-16 5.103266833674573061e-17 6.459724601477284523e+03
6.921656812148903429e-17 5.132822828650415145e-17 6.460471000326732792e+03
1.986274145718557841e-16 5.148002487151544685e-17 6.461217403155558713e+03
4.451938139340291410e-17 5.142618043451075768e-17 6.461963809963910535e+03
2.316793626958416875e-16 5.139246022091546993e-17 6.462710220751938323e+03
1.741116955315188719e-16 5.147773001825158737e-17 6.463456635519791234e+03
1.118436941771525357e-16 5.178626342554205238e-17 6.464203054267622974e+03
1.690057043277953458e-16 5.212717771395614167e-17 6.464949476995578152e+03
9.167440680665508944e-17 5.245118422447512409e-17 6.465695903703810473e+03
1.623717100020704901e-16 5.249339127239149931e-17 6.466442334392468183e+03
9.517749057313903535e-17 5.244141908525768043e-17 6.467188769061704079e+03
1.980680628867103992e-16 5.246201800337002367e-17 6.467935207711662770e+03
1.812774929480115785e-16 5.239294852725568019e-17 6.468681650342497960e+03
2.243936441304717742e-16 5.214792062797396151e-17 6.469428096954356988e+03
1.342919999283362947e-16 5.196712259927330431e-17 6.470174547547391739e+03
1.030651526291867107e-16 5.180754640716542575e-17 6.470921002121751371e+03
8.894342829502846217e-17 5.145713537280131034e-17 6.471667460677587769e+03
2.344550534834387437e-16 5.103025511948613352e-17 6.472413923215048271e+03
1.423206257618229434e-16 5.052066520426983962e-17 6.473160389734282944e+03
1.165300635286525381e-16 5.001633810479085988e-17 6.473906860235441854e+03
1.946563820274587615e-16 4.961762507857325350e-17 6.474653334718675978e+03
7.953442683925266877e-17 4.934406026539478596e-17 6.475399813184136292e+03
2.748202521567002085e-16 4.910090881691281708e-17 6.476146295631968314e+03
1.388411376175928537e-16 4.867889960964923773e-17 6.476892782062325750e+03
1.313928152966258872e-16 4.803868625457423709e-17 6.477639272475356847e+03
7.004308304211079759e-17 4.745667924035581418e-17 6.478385766871211672e+03
8.580894925073786588e-17 4.777663543178099378e-17 6.479132265250038472e+03
8.838268701920964341e-18 5.039670686569291851e-17 6.479878767611991861e+03
2.235487990989902138e-16 4.693740397672346559e-17 6.480625273957217360e+03
5.645091187113197461e-17 4.619470299209396793e-17 6.481371784285866852e+03
1.063985946781479627e-16 4.614833252106523004e-17 6.482118298598090405e+03
2.201733070030870320e-16 4.614883394124540030e-17 6.482864816894036267e+03
1.835982473129622237e-16 4.605565138655630641e-17 6.483611339173855413e+03
2.507036956469074429e-16 4.571764298811464863e-17 6.484357865437696091e+03
1.823077625404005812e-16 4.550431527102413353e-17 6.485104395685711097e+03
3.625184221088850409e-17 4.542812135823036518e-17 6.485850929918048678e+03
2.482929584528215990e-16 4.525463923342334149e-17 6.486597468134858900e+03
1.769364094963962046e-16 4.525786921730984456e-17 6.487344010336290921e+03
8.387237172703552889e-17 4.522838489731799887e-17 6.488090556522496627e+03
1.042826944386715506e-16 4.519599605809510143e-17 6.488837106693624264e+03
1.674861960338246799e-16 4.523106745726236584e-17 6.489583660849823900e+03
1.913324585637531903e-16 4.550603735654039717e-17 6.490330218991244692e+03
1.586736487743498992e-16 4.624954102961857495e-17 6.491076781118037616e+03
1.169486881290106396e-16 4.746557966315078986e-17 6.491823347230354557e+03
1.899312679758904537e-16 4.880788181911629605e-17 6.492569917328341035e+03
1.436750724615137191e-16 4.987578889577955061e-17 6.493316491412149844e+03
2.596702977466803379e-16 5.049434639593839426e-17 6.494063069481930143e+03
1.893800088189464492e-16 5.068353241780014854e-17 6.494809651537831996e+03
1.471539446375162097e-16 5.083844391383494114e-17 6.495556237580003653e+03
1.469533436287887521e-16 5.076407481538535142e-17 6.496302827608598818e+03
1.117555736867965371e-16 5.097398693099696101e-17 6.497049421623763919e+03
1.889137565344814959e-16 5.111286708297212280e-17 6.497796019625648114e+03
3.895672258148082111e-17 5.151852523309671007e-17 6.498542621614406016e+03
1.893222799228980135e-16 5.179509649274669406e-17 6.499289227590183145e+03
1.849668139774385907e-16 5.198365015919747855e-17 6.500035837553130477e+03
2.435046393622897898e-16 5.206050268159396614e-17 6.500782451503400807e+03
9.151348450223828017e-17 5.211349765179650089e-17 6.501529069441139654e+03
9.917895220165183325e-18 5.191988386540938635e-17 6.502275691366497085e+03
7.458703381258286168e-17 5.165981380412581801e-17 6.503022317279626805e+03
6.005883151160846004e-17 5.123753413225814585e-17 6.503768947180677060e+03
1.503796606813022867e-16 5.066742308466451982e-17 6.504515581069794280e+03
1.796435768015241820e-16 4.955096237057259416e-17 6.505262218947133988e+03
1.506521398806074075e-16 4.821036297967311751e-17 6.506008860812840794e+03
1.972758741311489698e-16 4.703288083240655958e-17 6.506755506667068403e+03
1.034425629649625482e-16 4.626783956178631131e-17 6.507502156509966881e+03
1.875124814833044155e-16 4.599350675705139081e-17 6.508248810341683566e+03
1.075684164748706483e-16 4.602153553853904616e-17 6.508995468162369434e+03
1.154445464324599067e-16 4.550938391642252056e-17 6.509742129972174553e+03
1.838909765736479732e-16 4.522617342457639600e-17 6.510488795771248078e+03
2.366295614072314085e-16 4.478530235568293675e-17 6.511235465559740987e+03
1.882271581900865937e-16 4.438593065872812813e-17 6.511982139337802437e+03
4.751388689943317038e-17 4.386908324568938008e-17 6.512728817105583403e+03
7.319125483903989196e-17 4.345810685370014254e-17 6.513475498863233042e+03
1.627984989287984321e-16 4.331189819580006152e-17 6.514222184610900513e+03
1.770896003164162578e-16 4.329801948863841000e-17 6.514968874348735881e+03
1.245523668935294210e-16 4.346552043083438639e-17 6.515715568076890122e+03
8.633692796989261540e-17 4.372736241850860185e-17 6.516462265795511485e+03
1.965200896933516667e-16 4.380756337154433029e-17 6.517208967504750944e+03
1.566410090096648408e-16 4.391948388250388256e-17 6.517955673204760387e+03
1.965223836273771694e-16 4.386628221817681217e-17 6.518702382895686242e+03
1.459753877965832765e-16 4.379861083463501093e-17 6.519449096577678574e+03
5.747319154211719481e-17 4.369187912272097750e-17 6.520195814250890180e+03
1.757902057488860005e-16 4.353514129529460652e-17 6.520942535915467488e+03
1.409316731138423502e-16 4.329260855926045452e-17 6.521689261571563293e+03
1.755368321024740247e-16 4.312092868003316308e-17 6.522435991219326752e+03
9.960508704282929724e-17 4.294645836386921765e-17 6.523182724858907022e+03
1.539417174593372813e-16 4.287590539644045545e-17 6.523929462490453261e+03
1.706545216168841660e-16 4.300780030276633466e-17 6.524676204114117354e+03
1.179460570632962354e-16 4.342219566372601766e-17 6.525422949730047549e+03
9.714346789465627996e-17 4.420223933553757784e-17 6.526169699338395731e+03
1.205231350581812149e-16 4.504528175528899445e-17 6.526916452939309238e+03
2.059919717698726343e-16 4.578193947438727007e-17 6.527663210532940866e+03
1.204395354520869656e-16 4.598387809704312240e-17 6.528409972119436134e+03
1.573523971195551097e-16 4.588610078998485135e-17 6.529156737698949655e+03
6.988672137124639158e-17 4.553875736375938742e-17 6.529903507271627859e+03
1.368576455208638762e-16 4.525413906651116290e-17 6.530650280837624450e+03
1.486602385427269600e-16 4.500443995702022592e-17 6.531397058397085857e+03
2.295515430481504239e-16 4.484376672845888554e-17 6.532143839950162146e+03
3.690363916815086888e-17 4.480721812675974194e-17 6.532890625497004294e+03
1.776192536708241769e-16 4.472792356592876738e-17 6.533637415037763276e+03
1.669741023859478022e-16 4.478453430339759240e-17 6.534384208572586431e+03
1.123860911239807047e-16 4.461994425256510421e-17 6.535131006101624735e+03
4.421247919077814957e-17 4.472443177009620397e-17 6.535877807625030982e+03
2.354134569776333006e-16 4.491962634353608577e-17 6.536624613142948874e+03
1.687202880913201563e-16 4.514755623453904753e-17 6.537371422655533024e+03
2.204222192205042640e-16 4.538905066154580672e-17 6.538118236162934409e+03
2.447552625476278443e-16 4.507691281455482714e-17 6.538865053665297637e+03
9.037736374619449327e-17 4.448043450747832313e-17 6.539611875162777324e+03
7.508983048863360579e-17 4.357673060701032370e-17 6.540358700655518987e+03
1.909988006875850357e-16 4.264923204300507203e-17 6.541105530143678152e+03
5.959461733141775465e-17 4.188811145303632574e-17 6.541852363627402156e+03
1.548607597089350293e-16 4.147796510530233753e-17 6.542599201106837427e+03
1.186267704041167096e-16 4.133254075692777565e-17 6.543346042582138580e+03
1.283834090936535027e-16 4.117698042086016439e-17 6.544092888053453862e+03
9.841829927551330279e-17 4.126428370939406581e-17 6.544839737520933340e+03
1.442679178022131360e-16 4.153512574714722430e-17 6.545586590984726172e+03
1.199440487223768208e-16 4.214919090536414476e-17 6.546333448444983333e+03
1.507281252727108451e-16 4.299650959053437825e-17 6.547080309901853980e+03
1.832067892291429065e-16 4.426003677135854498e-17 6.547827175355488180e+03
9.921575750341348755e-17 4.571936703036585035e-17 6.548574044806035090e+03
1.385553386998459033e-16 4.487966436545625634e-17 6.549320918253646596e+03
3.692321380826759446e-17 4.465970944388234620e-17 6.550067795698470036e+03
1.172251967200882146e-16 4.438062782758326451e-17 6.550814677140657295e+03
9.612670254026714426e-17 4.403983797399199433e-17 6.551561562580358441e+03
1.444348953391996070e-16 4.373715322812096774e-17 6.552308452017721720e+03
8.139022080829811700e-17 4.358907602396895733e-17 6.553055345452897200e+03
4.533096799467962968e-17 4.361406948594796362e-17 6.553802242886036765e+03
1.102654305721045584e-16 4.373173603049350522e-17 6.554549144317287755e+03
2.289280332265596920e-16 4.392856151698302139e-17 6.555296049746801145e+03
1.661831677920106367e-16 4.420540481531056870e-17 6.556042959174728821e+03
1.546039107957169187e-16 4.460805353823791800e-17 6.556789872601217212e+03
5.080422178424123117e-17 4.497025184798348424e-17 6.557536790026417293e+03
1.512542043212280357e-16 4.495379152617703860e-17 6.558283711450480041e+03
1.392731698632136778e-16 4.479449614904338157e-17 6.559030636873554613e+03
1.046001426577092202e-16 4.428521828868570321e-17 6.559777566295791985e+03
1.652151527953453180e-16 4.340903371918206481e-17 6.560524499717341314e+03
5.274271652544081138e-17 4.240861181948436252e-17 6.561271437138351757e+03
1.130208727134827965e-16 4.170000556194369519e-17 6.562018378558973382e+03
2.088905941599263874e-16 4.151801152101863825e-17 6.562765323979356253e+03
2.103351447993166390e-16 4.181673753093777163e-17 6.563512273399651349e+03
3.930410318226428796e-17 4.261763072733981683e-17 6.564259226820006916e+03
1.541815710980386284e-16 4.207337856384771649e-17 6.565006184240575749e+03
1.811612220353221702e-16 4.234884688461995996e-17 6.565753145661503368e+03
1.388284082985980821e-16 4.243573564808955462e-17 6.566500111082943477e+03
1.540480809685488591e-16 4.250759383383181216e-17 6.567247080505042504e+03
1.322244265887095571e-16 4.251278122516034580e-17 6.567994053927952336e+03
2.142620175735633861e-16 4.260392051588723825e-17 6.568741031351824859e+03
5.963634309179632580e-17 4.269441466453166485e-17 6.569488012776806499e+03
5.558964777912136866e-17 4.310788581831186041e-17 6.570234998203050054e+03
1.221121842025017111e-16 4.364626559302249881e-17 6.570981987630701042e+03
1.570038639511129454e-16 4.454343355594481171e-17 6.571728981059915895e+03
1.853211978770459582e-16 4.511054267996368466e-17 6.572475978490840134e+03
1.649790214505563474e-16 4.512861685572115971e-17 6.573222979923621097e+03
7.383979826636510154e-17 4.525357757022070490e-17 6.573969985358413396e+03
5.032835125586479001e-17 4.529658343631721677e-17 6.574716994795368009e+03
1.708799609914276014e-16 4.516480192771902105e-17 6.575464008234632274e+03
7.924819523036646293e-17 4.494700865630443080e-17 6.576211025676353529e+03
1.968754703165277595e-16 4.483139285594755732e-17 6.576958047120684569e+03
1.290072304466478732e-16 4.470816896424129146e-17 6.577705072567778188e+03
3.045750498285254800e-17 4.465092326294334472e-17 6.578452102017778088e+03
1.146092108866515019e-16 4.464344704204094393e-17 6.579199135470838883e+03
2.079322336836334284e-16 4.469035895750122254e-17 6.579946172927107909e+03
1.217856332921044798e-16 4.468543549813774429e-17 6.580693214386734326e+03
1.080122273476545629e-16 4.463977363355080645e-17 6.581440259849872746e+03
1.176029866843006243e-16 4.457035381534761689e-17 6.582187309316668689e+03
1.648212351118386679e-16 4.433513713893944539e-17 6.582934362787273130e+03
1.662723772704252348e-16 4.390513706091862278e-17 6.583681420261835228e+03
1.677365996261983941e-16 4.310639196645839054e-17 6.584428481740509596e+03
8.490073699438890830e-17 4.239319452788582380e-17 6.585175547223438116e+03
1.924545403633422306e-16 4.177505051220333843e-17 6.585922616710777220e+03
1.807636814792839314e-16 4.119409910545667373e-17 6.586669690202674246e+03
4.729527320378586821e-17 4.121172986214637658e-17 6.587416767699279262e+03
9.012663336404990009e-17 4.136365625484155664e-17 6.588163849200742334e+03
9.465432502651355837e-17 4.150348377798363666e-17 6.588910934707212618e+03
5.999178413844544024e-17 4.170934385184820928e-17 6.589658024218842002e+03
1.648364641419105134e-16 4.192284001748846597e-17 6.590405117735777822e+03
6.674174648262082669e-17 4.220286741383662631e-17 6.591152215258172873e+03
3.028684877327419273e-16 4.231303570766432697e-17 6.591899316786175405e+03
2.049425128928006161e-16 4.241563759869913068e-17 6.592646422319934572e+03
1.957442086502487931e-16 4.252183681584706243e-17 6.593393531859599534e+03
1.468595868522321771e-16 4.262940249310610001e-17 6.594140645405325813e+03
2.159560663644431636e-16 4.275611808127752598e-17 6.594887762957254381e+03
-4.820657650403009200e-18 4.287208480940063087e-17 6.595634884515542581e+03
9.564865618346320060e-17 4.307819318180732264e-17 6.596382010080338659e+03
1.497237640692812041e-16 4.345443622835388333e-17 6.597129139651789956e+03
2.477326120574274443e-16 4.392432771154625689e-17 6.597876273230049264e+03
9.156220871171926685e-17 4.434944736433850220e-17 6.598623410815263924e+03
1.237981644207721209e-16 4.464669108593071203e-17 6.599370552407586729e+03
2.660989899238666982e-16 4.475376007507059309e-17 6.600117698007164108e+03
1.363227048717675493e-16 4.483444344081031373e-17 6.600864847614148857e+03
-1.347617269392444020e-17 4.475260462020579460e-17 6.601612001228688314e+03
-1.160463488313610451e-17 4.467728037944192521e-17 6.602359158850938002e+03
1.481897152109106652e-16 4.450157254667605168e-17 6.603106320481039802e+03
3.257618748032548853e-16 4.426240531842362599e-17 6.603853486119148329e+03
1.207929407085447821e-16 4.405602261963703268e-17 6.604600655765414558e+03
1.563931157167043782e-17 4.384205755406190767e-17 6.605347829419986738e+03
2.110840000697856334e-16 4.378551507899399707e-17 6.606095007083011296e+03
1.429578040518332060e-16 4.389303757910767258e-17 6.606842188754644667e+03
1.090134054657451165e-16 4.385568323404982654e-17 6.607589374435030550e+03
-3.051023667636065705e-18 4.380514372578502345e-17 6.608336564124325378e+03
1.557948528576221557e-16 4.380254537131887010e-17 6.609083757822671942e+03
6.303059705151580131e-17 4.365660630368709184e-17 6.609830955530227584e+03
2.406795818828012607e-17 4.351271655649861863e-17 6.610578157247135096e+03
1.174682361742387707e-16 4.309853971706476691e-17 6.611325362973548181e+03
6.024018573911728148e-17 4.241185751398010665e-17 6.612072572709617816e+03
1.753837604940160467e-16 4.213901290364632454e-17 6.612819786455491339e+03
2.160266386011734480e-16 4.201934578618146893e-17 6.613567004211319727e+03
1.538651576484839185e-16 4.206249026006701139e-17 6.614314225977252136e+03
6.980848568444096097e-17 4.209640442113957727e-17 6.615061451753441361e+03
-2.152012072592308336e-18 4.203846074534068902e-17 6.615808681540031102e+03
1.667878004110072514e-16 4.207274505216295658e-17 6.616555915337177794e+03
2.022457815791971069e-16 4.214581687056838858e-17 6.617303153145027864e+03
2.693952030383890632e-16 4.215787314785242363e-17 6.618050394963733197e+03
5.394500368469774299e-17 4.226065114225379218e-17 6.618797640793440223e+03
3.768847672919736466e-17 4.243636857005256259e-17 6.619544890634304465e+03
1.459677614873807865e-16 4.255954334929084064e-17 6.620292144486469624e+03
2.158012036494466430e-16 4.244500958452257511e-17 6.621039402350090313e+03
2.045730844149670717e-16 4.259842151750403236e-17 6.621786664225313871e+03
1.543007818195452920e-16 4.266916706282324017e-17 6.622533930112293092e+03
1.745912142442166944e-16 4.283689565250177548e-17 6.623281200011173496e+03
2.833153646640573545e-16 4.271494046150474351e-17 6.624028473922107878e+03
1.854269660038718147e-16 4.287116045287361475e-17 6.624775751845245395e+03
1.256597881523808625e-16 4.292167223503059883e-17 6.625523033780737023e+03
5.507660640988496679e-17 4.303319368969905131e-17 6.626270319728731920e+03
2.155477052446731635e-16 4.315519235290004499e-17 6.627017609689379242e+03
1.499876393612557047e-16 4.347972201203092063e-17 6.627764903662829056e+03
1.688845055070314511e-18 4.349578777886153962e-17 6.628512201649231429e+03
2.500951578357641446e-16 4.369752590106045817e-17 6.629259503648738246e+03
1.407626462306793769e-16 4.374115841958093606e-17 6.630006809661495936e+03
1.274129081299777149e-16 4.380569013072776407e-17 6.630754119687658203e+03
-5.398916549719094329e-18 4.383517050139829191e-17 6.631501433727371477e+03
2.179728495565692299e-16 4.390327976795396720e-17 6.632248751780787643e+03
8.067046149931604091e-17 4.390540559872103061e-17 6.632996073848054039e+03
1.460041583080222842e-16 4.385402513797525090e-17 6.633743399929325278e+03
1.492905086061676451e-16 4.383907404680206980e-17 6.634490730024746881e+03
9.521126747056141596e-17 4.379173561354906220e-17 6.635238064134472552e+03
7.314143494703935893e-17 4.387064909085491367e-17 6.635985402258649628e+03
2.630254010206738909e-16 4.387627060777447988e-17 6.636732744397427268e+03
1.710091363061376837e-16 4.351033581880905282e-17 6.637480090550956447e+03
1.636867650277144280e-16 4.358160568157506244e-17 6.638227440719389051e+03
5.643533852176846352e-17 4.363783863785022714e-17 6.638974794902873327e+03
1.190163665162185638e-16 4.356668175586089938e-17 6.639722153101557524e+03
1.426387060327221158e-16 4.342902256484263575e-17 6.640469515315593526e+03
6.586299044379261356e-17 4.318997606681378069e-17 6.641216881545131400e+03
1.249719565366954527e-16 4.301816058370926279e-17 6.641964251790319395e+03
1.521544026078747452e-16 4.286453973132640404e-17 6.642711626051308485e+03
1.076632442872341492e-16 4.273704654114355777e-17 6.643459004328249648e+03
1.120896721503496783e-16 4.281947724706649285e-17 6.644206386621292040e+03
1.463753611592183762e-16 4.292743326607254601e-17 6.644953772930584819e+03
1.801110003062883114e-16 4.303723817533208383e-17 6.645701163256278051e+03
1.827916985372125342e-16 4.280182638376883048e-17 6.646448557598521802e+03
1.868523729539525824e-16 4.270730879199410969e-17 6.647195955957466140e+03
1.441127588151399280e-16 4.264706013522053942e-17 6.647943358333261131e+03
1.320186267117179206e-16 4.267284017774878196e-17 6.648690764726055932e+03
1.906206149597342634e-16 4.271533210040226483e-17 6.649438175136001519e+03
8.916047601199902929e-17 4.273824702393179937e-17 6.650185589563247049e+03
8.164123829933183110e-17 4.284996274785768346e-17 6.650933008007943499e+03
1.940112015927590789e-16 4.287727135155832699e-17 6.651680430470240026e+03
1.144796439384874453e-16 4.266381464144630330e-17 6.652427856950285786e+03
4.867447361374321073e-17 4.272165609083367821e-17 6.653175287448231757e+03
2.174691835662653324e-16 4.289549267028232179e-17 6.653922721964227094e+03
1.885969397817758859e-16 4.297832935811563069e-17 6.654670160498421865e+03
2.340969678649507219e-16 4.303467763112697618e-17 6.655417603050967045e+03
1.441693607529989439e-16 4.306621284988179532e-17 6.656165049622011793e+03
1.508399419999931736e-16 4.313061426181478391e-17 6.656912500211705265e+03
1.552561144867495595e-16 4.306815063830989825e-17 6.657659954820197527e+03
6.642902287930997863e-17 4.312223808115332601e-17 6.658407413447640465e+03
1.559805324226680642e-16 4.323152656792129068e-17 6.659154876094180509e+03
5.115961925081273659e-17 4.331601579239403149e-17 6.659902342759971361e+03
2.670018790364337744e-16 4.327507183721627804e-17 6.660649813445161271e+03
1.823021013783262373e-16 4.337254090277944097e-17 6.661397288149899396e+03
1.128031891706687025e-16 4.353892683088415262e-17 6.662144766874336710e+03
1.716582211983861006e-16 4.331173757069330455e-17 6.662892249618622373e+03
1.501722899275748918e-16 4.337148058188951066e-17 6.663639736382907358e+03
7.647488518872951977e-17 4.338317505372907925e-17 6.664387227167339006e+03
1.158797947479868803e-16 4.339095379439300754e-17 6.665134721972070110e+03
1.487491311662528597e-16 4.343498070396115019e-17 6.665882220797250739e+03
8.790413533356295935e-17 4.334421187233881340e-17 6.666629723643027319e+03
5.832726491444956579e-17 4.339258022751825667e-17 6.667377230509553556e+03
2.104043437657451795e-16 4.328462890740457440e-17 6.668124741396979516e+03
1.340736225547028603e-16 4.319763426378638841e-17 6.668872256305449810e+03
2.070056896835028638e-16 4.310907970338957402e-17 6.669619775235120869e+03
2.289553705860214185e-16 4.310642954589858747e-17 6.670367298186138214e+03
2.318238415267697648e-16 4.316209804107561476e-17 6.671114825158654639e+03
1.694406452942727331e-16 4.311585669169761029e-17 6.671862356152817483e+03
1.860130346559177171e-16 4.306224339227064788e-17 6.672609891168776812e+03
4.941996456612735634e-17 4.301103491743403978e-17 6.673357430206686331e+03
1.255241315046357579e-16 4.299950066455351021e-17 6.674104973266691559e+03
2.973756348796804789e-16 4.295074417807841051e-17 6.674852520348944381e+03
2.220453605913148270e-16 4.273772636546769244e-17 6.675600071453594865e+03
3.027581548469818892e-17 4.266238206412678483e-17 6.676347626580793076e+03
1.352178512793674659e-16 4.259497168126496675e-17 6.677095185730686353e+03
5.883054675235500531e-17 4.257624007906431040e-17 6.677842748903427491e+03
2.364402545926660073e-16 4.258250228868432801e-17 6.678590316099165648e+03
8.751677791306717179e-17 4.269567153751711922e-17 6.679337887318051799e+03
3.768685047337724447e-17 4.271215382199721063e-17 6.680085462560233282e+03
2.687318520358510975e-16 4.295075515243636277e-17 6.680833041825861073e+03
2.726029917313076410e-16 4.273549565693765890e-17 6.681580625115085240e+03
2.801727423259535206e-18 4.270860970579619806e-17 6.682328212428057668e+03
2.648580281278905230e-16 4.273247563063798680e-17 6.683075803764924785e+03
1.095129601983063818e-16 4.254828339993128538e-17 6.683823399125838478e+03
1.817326633671236828e-16 4.252632679592440388e-17 6.684570998510948812e+03
6.811340710422516986e-17 4.253086944810232419e-17 6.685318601920404035e+03
1.653900479337625917e-16 4.276383243312608936e-17 6.686066209354357852e+03
1.787082276962164520e-16 4.279424394656691950e-17 6.686813820812955782e+03
2.026997118857816557e-16 4.294283682456398883e-17 6.687561436296350621e+03
2.570486874750611441e-16 4.265736764194411729e-17 6.688309055804689706e+03
5.653086410191879596e-17 4.270412845824186354e-17 6.689056679338124923e+03
1.941989240453441258e-16 4.272495730512271885e-17 6.689804306896807248e+03
-9.074287770396521537e-18 4.285544535832986223e-17 6.690551938480883109e+03
9.201211856478007268e-17 4.293894722912536074e-17 6.691299574090504393e+03
2.078137126906830790e-16 4.293339182889641859e-17 6.692047213725822076e+03
1.773353505588218544e-16 4.300440826093837609e-17 6.692794857386985313e+03
1.841271772639685638e-16 4.304988792354830082e-17 6.693542505074143264e+03
6.875294175708096912e-17 4.310117638720653211e-17 6.694290156787445085e+03
2.164110508300036583e-16 4.319592327365464257e-17 6.695037812527045389e+03
3.094685034858469192e-16 4.326423167902077250e-17 6.695785472293087878e+03
7.550169283095958930e-17 4.335836196857772767e-17 6.696533136085724436e+03
1.110393432788382754e-16 4.329687034777421609e-17 6.697280803905106950e+03
1.819100747236824051e-16 4.331129198114481852e-17 6.698028475751383667e+03
1.453029641147231078e-16 4.335178150618546115e-17 6.698776151624706472e+03
9.974035387833836812e-17 4.346634725604145428e-17 6.699523831525222704e+03
1.439783138617775794e-16 4.349189392436857883e-17 6.700271515453083339e+03
1.634484097358918970e-16 4.349692900811878515e-17 6.701019203408437534e+03
1.638336044776543795e-16 4.343152920265453171e-17 6.701766895391438993e+03
-5.954678439468146421e-17 4.339822166918961628e-17 6.702514591402232327e+03
9.773625970271599983e-17 4.337498314992735660e-17 6.703262291440971239e+03
1.644168768084185004e-16 4.340058032635395720e-17 6.704009995507800340e+03
5.867661485447374265e-17 4.340346355322243644e-17 6.704757703602876063e+03
-3.452836673592098911e-17 4.340883116662377507e-17 6.705505415726345745e+03
2.791696310350339496e-16 4.338057099637359295e-17 6.706253131878358545e+03
3.434453394701347917e-16 4.325740382261158792e-17 6.707000852059067256e+03
7.530472262368107494e-17 4.326569688158633821e-17 6.707748576268617398e+03
1.559569325416647331e-16 4.332069956715543959e-17 6.708496304507161767e+03
2.897131723296963186e-16 4.335963465384434178e-17 6.709244036774849519e+03
1.055180022924464326e-16 4.344496762116249845e-17 6.709991773071829812e+03
1.722120262926116499e-16 4.332733473591782227e-17 6.710739513398254530e+03
4.997635641050370773e-17 4.327217720566123072e-17 6.711487257754273742e+03
1.935794620942765895e-16 4.323635998309550893e-17 6.712235006140032056e+03
9.011004391328531141e-17 4.323201006535731447e-17 6.712982758555686814e+03
3.203284283623517248e-17 4.337995593768884334e-17 6.713730515001383537e+03
1.239300870235729864e-16 4.305777147167470104e-17 6.714478275477273201e+03
2.190763689997653584e-16 4.307291468968180617e-17 6.715226039983506780e+03
1.783076910879821980e-16 4.306012307976046012e-17 6.715973808520231614e+03
3.800057614596588884e-17 4.306826644990242605e-17 6.716721581087598679e+03
1.260748102271630164e-16 4.303272500930775976e-17 6.717469357685758951e+03
2.259694317995341199e-16 4.296412275620360998e-17 6.718217138314863405e+03
4.568932662397095744e-17 4.291788579297519836e-17 6.718964922975057561e+03
7.874969330118756324e-17 4.290258294732893974e-17 6.719712711666494215e+03
1.900377270614723880e-16 4.285909638616984544e-17 6.720460504389325251e+03
2.538667669609078024e-16 4.297004281113833686e-17 6.721208301143697099e+03
4.928653050495451502e-18 4.293497507104398096e-17 6.721956101929759825e+03
9.089925993400358165e-17 4.307082372564670752e-17 6.722703906747666224e+03
1.049737662300444890e-16 4.312575470765882063e-17 6.723451715597564544e+03
3.251073556176634005e-16 4.323253469717392610e-17 6.724199528479605760e+03
1.057075681546849862e-16 4.331506870399081033e-17 6.724947345393938122e+03
1.340252312072461562e-16 4.354998807765019801e-17 6.725695166340710784e+03
9.476483993605568871e-17 4.378907064126898023e-17 6.726442991320076544e+03
2.086116040859324809e-16 4.395872704597426588e-17 6.727190820332180920e+03
2.161482766902233959e-16 4.424294196925264404e-17 6.727938653377179435e+03
6.951173908538090012e-17 4.448312386005050491e-17 6.728686490455220337e+03
8.062043506889887687e-17 4.460697530451741925e-17 6.729434331566450055e+03
1.560279247603344152e-16 4.494002461647316260e-17 6.730182176711022294e+03
1.433665994802810031e-16 4.519745400940599010e-17 6.730930025889085300e+03
2.474128090825238024e-16 4.542790401224231348e-17 6.731677879100789141e+03
8.795392449128268296e-17 4.558099741197721620e-17 6.732425736346284793e+03
9.912866330635934608e-17 4.571285304378182593e-17 6.733173597625720504e+03
-3.858450084653164931e-18 4.580485015373583415e-17 6.733921462939246339e+03
1.692750676653028564e-16 4.587345504762321292e-17 6.734669332287015095e+03
1.953633021366720948e-16 4.591308034777688902e-17 6.735417205669173200e+03
9.327269754683051066e-17 4.595577116663332963e-17 6.736165083085872539e+03
1.251914422331431771e-16 4.598485147281944390e-17 6.736912964537262269e+03
2.232697826693324613e-16 4.597451441722557834e-17 6.737660850023492458e+03
1.032578411070772945e-16 4.606540739666768017e-17 6.738408739544711352e+03
1.581744052441085552e-16 4.580393789689291230e-17 6.739156633101071748e+03
2.288541536253683120e-17 4.551185820725017892e-17 6.739904530692723711e+03
1.198400225471787008e-16 4.542693966817138744e-17 6.740652432319815489e+03
2.305932760718921362e-16 4.515136101120655237e-17 6.741400337982495330e+03
2.059946894475049101e-16 4.506934974093771943e-17 6.742148247680916029e+03
5.651837675707564920e-17 4.566976382522135458e-17 6.742896161415228562e+03
6.829368003193518429e-17 4.467307005280949441e-17 6.743644079185577539e+03
1.981163395693140879e-16 4.418578418614413934e-17 6.744392000992119392e+03
1.719882732863771033e-16 4.390547260873388457e-17 6.745139926834998732e+03
1.877547798094693060e-16 4.357010279393749741e-17 6.745887856714369263e+03
7.009196929654478671e-17 4.328983409642287611e-17 6.746635790630377414e+03
1.748945501312758591e-16 4.317050646514773143e-17 6.747383728583175980e+03
1.800404535328561060e-16 4.304227349605982234e-17 6.748131670572915027e+03
1.583494780727459963e-16 4.291484625254831656e-17 6.748879616599741894e+03
9.231934438970571971e-17 4.284877084377275054e-17 6.749627566663809375e+03
1.430732159189100869e-16 4.328734658494134256e-17 6.750375520765264810e+03
2.466250545791593018e-16 4.290142737171343051e-17 6.751123478904260082e+03
1.570692017413627985e-16 4.245953488425559886e-17 6.751871441080944351e+03
1.901245385552509918e-16 4.221888505860502127e-17 6.752619407295466772e+03
2.148857579160442324e-16 4.226563349410233344e-17 6.753367377547978322e+03
9.195071759422819191e-17 4.227047578850558657e-17 6.754115351838628158e+03
3.423243127779332334e-17 4.226240587733874936e-17 6.754863330167568165e+03
2.359457354668008941e-16 4.232218200724891754e-17 6.755611312534945682e+03
1.140933446419762033e-16 4.223960126008577883e-17 6.756359298940911685e+03
9.599955961975383326e-17 4.216639156154300005e-17 6.757107289385618060e+03
1.526365365203235356e-16 4.248662804388911029e-17 6.757855283869208506e+03
2.220844288677151486e-16 4.247339988435064401e-17 6.758603282391841276e+03
1.656566134353350277e-16 4.248708966378626932e-17 6.759351284953661889e+03
6.321156885767342129e-17 4.249189748684663654e-17 6.760099291554819501e+03
5.953607841241314411e-17 4.249343089434796471e-17 6.760847302195465090e+03
1.796186911675106511e-16 4.233809320392441129e-17 6.761595316875749631e+03
9.861776971820592545e-17 4.229776041447439235e-17 6.762343335595821372e+03
1.454534261678332847e-16 4.231810991610908423e-17 6.763091358355830380e+03
2.609601055484489230e-16 4.251897066591267994e-17 6.763839385155928539e+03
1.254194738028327471e-16 4.246482442004976108e-17 6.764587415996264099e+03
1.443324309601679689e-16 4.214706015479666933e-17 6.765335450876988034e+03
1.241022498920607039e-16 4.223019195497683283e-17 6.766083489798249502e+03
1.009276095171318246e-16 4.220920064248788938e-17 6.766831532760196751e+03
1.779832180130892804e-16 4.218321262007679231e-17 6.767579579762981666e+03
1.334402099465839518e-16 4.216649852509394862e-17 6.768327630806756133e+03
2.162405324480642992e-16 4.253189300001753338e-17 6.769075685891666581e+03
1.311758177806031067e-16 4.453615161281164553e-17 6.769823745017863075e+03
1.194353263214160980e-16 4.234218005168618197e-17 6.770571808185499322e+03
1.811891661884695091e-16 4.217186572945339272e-17 6.771319875394719929e+03
7.345737183116243929e-17 4.214544112184892293e-17 6.772067946645679513e+03
3.109833982884573104e-16 4.212503146492738558e-17 6.772816021938524500e+03
2.003449750997163414e-16 4.211376981301144403e-17 6.773564101273408596e+03
1.110798809589872341e-16 4.213318973623387194e-17 6.774312184650476411e+03
1.524754931594039868e-16 4.208569111585970296e-17 6.775060272069883467e+03
1.764200588598526079e-16 4.210387485333419287e-17 6.775808363531776195e+03
4.969769870403502913e-17 4.208387744280907207e-17 6.776556459036306478e+03
1.337443622898527139e-16 4.205939125176797114e-17 6.777304558583620747e+03
1.823968938492278875e-16 4.204476843403449029e-17 6.778052662173873614e+03
1.105908809594045498e-16 4.202348282745289991e-17 6.778800769807212419e+03
2.466052412694769232e-16 4.206124470510842665e-17 6.779548881483787227e+03
1.166589694218669853e-16 4.203232942018917766e-17 6.780296997203749015e+03
1.626899989034300807e-17 4.209775851199720670e-17 6.781045116967245121e+03
-4.073932082341371508e-18 4.214691129646548483e-17 6.781793240774428341e+03
1.158627278573813786e-16 4.213939908523069678e-17 6.782541368625447831e+03
2.455571766977416786e-16 4.216377342705676576e-17 6.783289500520453657e+03
2.467834990449203331e-16 4.207531346696399535e-17 6.784037636459594978e+03
1.167361373693244317e-16 4.203579530889178742e-17 6.784785776443020950e+03
1.255716696368970208e-16 4.200376986151728372e-17 6.785533920470883459e+03
1.510061179316007860e-16 4.199884000100283711e-17 6.786282068543332571e+03
7.172836468913376309e-17 4.199234800759984207e-17 6.787030220660517443e+03
9.567719935202741645e-17 4.209099526444622647e-17 6.787778376822585415e+03
1.470321621249134707e-17 4.210953061751555261e-17 6.788526537029691099e+03
1.553780668916753120e-16 4.205206437676050804e-17 6.789274701281980015e+03
1.583923105330212335e-16 4.200665004945927053e-17 6.790022869579605867e+03
3.299481998591866973e-16 4.176649487797595809e-17 6.790771041922715995e+03
1.431323839792194221e-16 4.173634528438002368e-17 6.791519218311462282e+03
6.160348035536547604e-17 4.175028052810556397e-17 6.792267398745993887e+03
8.127259889931961064e-17 4.173736578662953320e-17 6.793015583226459057e+03
1.501363988373800691e-16 4.180601335787004900e-17 6.793763771753010587e+03
1.965539112850293633e-16 4.173861188142020465e-17 6.794511964325795816e+03
1.077872464552066462e-16 4.172038346544153509e-17 6.795260160944966628e+03
1.113900611265433032e-16 4.161800203031005487e-17 6.796008361610671273e+03
1.268419488390174561e-16 4.157985121772177587e-17 6.796756566323061634e+03
2.050495472718863804e-16 4.156572064165151942e-17 6.797504775082286869e+03
1.837492069370212036e-16 4.162641168151173165e-17 6.798252987888496136e+03
1.189235435220521537e-16 4.156480315637998888e-17 6.799001204741838592e+03
1.665932114967046862e-16 4.173462725798951772e-17 6.799749425642466122e+03
1.200283230519640833e-16 4.178607935989275332e-17 6.800497650590528792e+03
8.530243185002501540e-17 4.176277728786837420e-17 6.801245879586176670e+03
2.168666987898891604e-16 4.176890418032831898e-17 6.801994112629556184e+03
5.344938523396166577e-17 4.180601183842816058e-17 6.802742349720821949e+03
9.917664783099108788e-17 4.182430024797993872e-17 6.803490590860121301e+03
1.969659674714975780e-16 4.182960604447372046e-17 6.804238836047603399e+03
1.438886222987346471e-16 4.181037233391292546e-17 6.804987085283419219e+03
1.292309876493292259e-16 4.184452643589959994e-17 6.805735338567719737e+03
5.669212756838761083e-17 4.193592223719352029e-17 6.806483595900655018e+03
2.428909032033357847e-16 4.192952246477929343e-17 6.807231857282372403e+03
1.997334247333984104e-16 4.189539183034988539e-17 6.807980122713024684e+03
1.747606102722826310e-16 4.186085948500909071e-17 6.808728392192761021e+03
8.901253614274532768e-17 4.187417459701610429e-17 6.809476665721728750e+03
1.779016323377848493e-16 4.185752129445533816e-17 6.810224943300081577e+03
1.436926340108950299e-16 4.184744632234204155e-17 6.810973224927965930e+03
2.342894446632629963e-16 4.175893950344836571e-17 6.811721510605536423e+03
1.609980048568090424e-16 4.166033174433124670e-17 6.812469800332937666e+03
1.694743526642615737e-16 4.168860884626685037e-17 6.813218094110323364e+03
8.886833999847150120e-17 4.170426965377354015e-17 6.813966391937841763e+03
1.200170228109439910e-16 4.173550158189961578e-17 6.814714693815642931e+03
1.655351992723226538e-16 4.182842616033727439e-17 6.815462999743876026e+03
9.521574789366712965e-17 4.165941317130746280e-17 6.816211309722693841e+03
1.044410439670760928e-16 4.159722400195382344e-17 6.816959623752245534e+03
1.363172000599892240e-16 4.159250280664815031e-17 6.817707941832677534e+03
2.921836619073139398e-16 4.169482353415689554e-17 6.818456263964142636e+03
2.245395947682102033e-16 4.199529285716851074e-17 6.819204590146789997e+03
8.706930599396088719e-17 4.244692157595830388e-17 6.819952920380772412e+03
5.523302416443145144e-17 4.337335566576033451e-17 6.820701254666235400e+03
3.184950379046177129e-18 4.462681000358773189e-17 6.821449593003331756e+03
7.787201940453262515e-17 4.632397469709321355e-17 6.822197935392209729e+03
8.880832747786355262e-17 4.811358538226618268e-17 6.822946281833021203e+03
2.443310224270572187e-16 4.976447701701346575e-17 6.823694632325910788e+03
1.887814872811333879e-16 5.091709433304651843e-17 6.824442986871036737e+03
1.002483216796066686e-16 5.180656022425355177e-17 6.825191345468543659e+03
1.202900115978759014e-16 5.254260362648447245e-17 6.825939708118583440e+03
1.132728630646316223e-16 5.344208485575666608e-17 6.826688074821304326e+03
6.183464979160555402e-17 5.468691568118623132e-17 6.827436445576857295e+03
1.442509614584280474e-16 5.598980225077789550e-17 6.828184820385391504e+03
1.903673776627674000e-16 5.723138277099374338e-17 6.828933199247057928e+03
9.610942872320754935e-17 5.798606948723809350e-17 6.829681582162007544e+03
1.961963728691994273e-16 5.841302424716515867e-17 6.830429969130385871e+03
1.354260964668334836e-16 5.850205223179552769e-17 6.831178360152347523e+03
8.258503961090304346e-17 5.856750315535625663e-17 6.831926755228040747e+03
2.507790939634808184e-16 5.855823705425050274e-17 6.832675154357614701e+03
7.538766072656865726e-17 5.850080805813213532e-17 6.833423557541220362e+03
1.677137279701387521e-16 5.825181149966208072e-17 6.834171964779007794e+03
1.089112343739188448e-16 5.782194889164379904e-17 6.834920376071126157e+03
3.481995014732175204e-16 5.667779396353537186e-17 6.835668791417725515e+03
2.512600919814495292e-16 5.555484968476191303e-17 6.836417210818955937e+03
1.128695081985029656e-16 5.435781854258924131e-17 6.837165634274969307e+03
1.448117397171735824e-16 5.340774919047124099e-17 6.837914061785911144e+03
1.905891341306415977e-16 5.250137020746134864e-17 6.838662493351934245e+03
7.689827704530213146e-17 5.179062377949854567e-17 6.839410928973189584e+03
2.248925926241812201e-16 5.092476905001220994e-17 6.840159368649825410e+03
2.514516224223867142e-17 4.975268812028210422e-17 6.840907812381990880e+03
1.052663702022019691e-16 4.799189895612271221e-17 6.841656260169836969e+03
2.642558622454237234e-16 4.642426997008693022e-17 6.842404712013514654e+03
2.134203020454086676e-16 4.535025641818723723e-17 6.843153167913173093e+03
8.032565270446868846e-17 4.468432724554010529e-17 6.843901627868961441e+03
8.814094305875264816e-17 4.453228790563991402e-17 6.844650091881030676e+03
1.092029098809795368e-16 4.461013423119704757e-17 6.845398559949529954e+03
2.566002560507710304e-16 4.427699267730334863e-17 6.846147032074610252e+03
2.154482754815788211e-16 4.421231439263225900e-17 6.846895508256419816e+03
1.472055409981319419e-16 4.400195769385904732e-17 6.847643988495108715e+03
8.915235926998535551e-17 4.376020044298502853e-17 6.848392472790830652e+03
2.656216315668002950e-16 4.355341477066955143e-17 6.849140961143730237e+03
2.039991602758536540e-16 4.296836428887547932e-17 6.849889453553960266e+03
1.147967867347953553e-16 4.257985880072814494e-17 6.850637950021669894e+03
3.780386930614256151e-17 4.244199918804899083e-17 6.851386450547010099e+03
2.103747587382787455e-16 4.243448751665594072e-17 6.852134955130131857e+03
1.640319991267192040e-16 4.247070825404080543e-17 6.852883463771180686e+03
4.290516515227979137e-17 4.260238401921732264e-17 6.853631976470309382e+03
8.351403668976183985e-17 4.289101225270945046e-17 6.854380493227668921e+03
2.006472577514316811e-16 4.352929829368224320e-17 6.855129014043407551e+03
9.131914339635383288e-17 4.474006710751711030e-17 6.855877538917675338e+03
3.051677911449680665e-17 4.688927239968321889e-17 6.856626067850622348e+03
1.002824583367680713e-16 4.974770298741674334e-17 6.857374600842400469e+03
7.377339538203401503e-17 5.235029089969001962e-17 6.858123137893155217e+03
2.167990650442615441e-16 5.447705208377243353e-17 6.858871679003041208e+03
3.463361708640885276e-16 5.557563223982081042e-17 6.859620224172205781e+03
1.938080656980357412e-16 5.583566829962063736e-17 6.860368773400799000e+03
7.026603831768816739e-17 5.598524740265593630e-17 6.861117326688971843e+03
-4.808052370047063583e-17 5.825960773821053360e-17 6.861865884036873467e+03
1.023083623883767651e-16 5.557197828680012707e-17 6.862614445444653938e+03
1.774796595873617391e-16 5.514160627381489856e-17 6.863363010912463324e+03
1.731402981099194050e-16 5.518963186101698580e-17 6.864111580440452599e+03
4.200753386372941666e-18 5.627903642717971277e-17 6.864860154028770012e+03
9.245921834063507459e-17 5.593386236920417331e-17 6.865608731677564720e+03
2.354303715865830298e-16 5.585493311155534216e-17 6.866357313386990427e+03
1.825785645264775520e-16 5.546343109634544872e-17 6.867105899157193562e+03
6.410591485606933639e-17 5.528423666352008851e-17 6.867854488988323283e+03
1.798649781642288143e-16 5.490185601199784917e-17 6.868603082880534203e+03
5.303187170913410395e-17 5.393121645449687334e-17 6.869351680833973660e+03
3.447831294029682570e-16 5.214208005025707391e-17 6.870100282848789902e+03
3.312732273334896734e-16 4.975511897822535241e-17 6.870848888925135725e+03
1.310081045452204347e-16 4.652717383470762371e-17 6.871597499063158466e+03
1.401962811099667560e-16 4.367050472812575531e-17 6.872346113263009102e+03
1.284460079243366139e-16 4.219716963948181328e-17 6.873094731524839517e+03
1.040904983287278552e-16 4.146701495383638382e-17 6.873843353848797051e+03
1.760281172863830652e-16 4.166246781567393987e-17 6.874591980235032679e+03
2.453101760428692770e-17 4.221156832066491816e-17 6.875340610683697378e+03
1.986643871380872632e-16 4.281027892208421802e-17 6.876089245194938485e+03
1.113968018330663529e-16 4.309833642337160125e-17 6.876837883768906977e+03
1.227936261646807067e-16 4.307191915261261274e-17 6.877586526405755649e+03
6.484961850851006954e-17 4.286823367964848289e-17 6.878335173105628201e+03
1.456268095230611498e-16 4.274509044777450370e-17 6.879083823868682884e+03
2.071536670755433852e-16 4.269662471388663299e-17 6.879832478695061582e+03
1.402008736599790449e-16 4.305132121849059732e-17 6.880581137584918906e+03
1.868326444069291332e-16 4.306504674568443621e-17 6.881329800538404015e+03
7.158293883511220971e-17 4.361672575780597674e-17 6.882078467555666066e+03
1.013721323336578255e-16 4.438745830794957081e-17 6.882827138636856034e+03
1.025947240264710033e-16 4.522642797975980455e-17 6.883575813782123078e+03
2.260573465771671465e-16 4.571606543613312818e-17 6.884324492991617262e+03
2.365312375639027562e-16 4.602836145980985754e-17 6.885073176265488655e+03
8.790768472763069077e-17 4.618351983287164542e-17 6.885821863603885504e+03
1.131519424503482514e-16 4.598352352223825897e-17 6.886570555006961513e+03
1.447491220003870700e-16 4.581003075296288344e-17 6.887319250474865839e+03
2.391682894442848265e-16 4.548616742807430695e-17 6.888067950007744003e+03
1.146969676894896884e-16 4.560692771818209070e-17 6.888816653605750616e+03
2.013188513368344758e-16 5.045988241297436325e-17 6.889565361269033929e+03
7.321497248800692549e-17 4.492807504765893803e-17 6.890314072997743096e+03
9.216403358589775617e-17 4.439486293943631540e-17 6.891062788792030005e+03
2.360813937040799904e-16 4.435552528320213690e-17 6.891811508652044722e+03
1.549358290112719665e-17 4.426143492922218927e-17 6.892560232577932766e+03
-1.541644888415086093e-17 4.447786781650041155e-17 6.893308960569849660e+03
1.128449437578381938e-16 4.493843917650621530e-17 6.894057692627941833e+03
1.523385512606469262e-16 4.521983641050621573e-17 6.894806428752361171e+03
1.032012305791184751e-16 4.535665892687659533e-17 6.895555168943256831e+03
9.182670515548106457e-17 4.510853875785886570e-17 6.896303913200779789e+03
1.088292196100866170e-16 4.466113087877472996e-17 6.897052661525076473e+03
2.355892356098266429e-16 4.420580289004113703e-17 6.897801413916301499e+03
1.373799587147651415e-16 4.390575686661879766e-17 6.898550170374602203e+03
1.540173574095081568e-16 4.376858479393367065e-17 6.899298930900128653e+03
6.306581245845685603e-17 4.373669099272054165e-17 6.900047695493030915e+03
5.154382426689933658e-17 4.381927979919418361e-17 6.900796464153459965e+03
6.480399494849854616e-17 4.375433798676121441e-17 6.901545236881564051e+03
1.748671903143165570e-16 4.371767493243300142e-17 6.902294013677494149e+03
9.581595558275359989e-17 4.371115830139244185e-17 6.903042794541399417e+03
8.008980997162480437e-17 4.397213735545956761e-17 6.903791579473432648e+03
2.100764816084114791e-16 4.438831979373933018e-17 6.904540368473741182e+03
4.149236454213182760e-17 4.508120184868901418e-17 6.905289161542474176e+03
1.454464898411314923e-16 4.589307432100888017e-17 6.906037958679780786e+03
2.186436617519362397e-16 4.665857954002686003e-17 6.906786759885816537e+03
1.317413084923620545e-16 4.706648067297026679e-17 6.907535565160726037e+03
1.017813734052166055e-16 4.695603826545227268e-17 6.908284374504661173e+03
1.835086811974258116e-16 4.658548923019448078e-17 6.909033187917772011e+03
9.164660164399539911e-18 4.616746714772141771e-17 6.909782005400205890e+03
9.598806126151916810e-17 4.599155628320591623e-17 6.910530826952117422e+03
1.341805852551907701e-16 4.593388231933622056e-17 6.911279652573653948e+03
2.168239219679687613e-16 4.591957344487964471e-17 6.912028482264966442e+03
1.696786280755611107e-17 4.594603609151521099e-17 6.912777316026202243e+03
6.132058043086015776e-17 4.577526951654014408e-17 6.913526153857514146e+03
1.110132352259151448e-16 4.605278421480374353e-17 6.914274995759049489e+03
1.690586758240595799e-16 4.648661115130087117e-17 6.915023841730961976e+03
1.919591432493587189e-16 4.768376597921616533e-17 6.915772691773398947e+03
3.196050468842481099e-17 4.912757614024524153e-17 6.916521545886509557e+03
4.459550899531355603e-17 5.065090794849617880e-17 6.917270404070444783e+03
1.327230496999366961e-16 5.156505379044994206e-17 6.918019266325355602e+03
1.339793139591850665e-16 5.181640862108241213e-17 6.918768132651392079e+03
1.774534047795201390e-16 5.160320171724319503e-17 6.919517003048700644e+03
1.695412584506595657e-16 5.093546620332717221e-17 6.920265877517435001e+03
1.617004204971717639e-16 5.011342235055222668e-17 6.921014756057744307e+03
1.188308433684430633e-16 4.964859814134537952e-17 6.921763638669776810e+03
1.526615549207821104e-16 4.954048206774464617e-17 6.922512525353684396e+03
5.035949554612585181e-17 4.957865565782001387e-17 6.923261416109615311e+03
1.644865425767653542e-16 4.961884710653364374e-17 6.924010310937721442e+03
-5.186371950646610003e-17 4.970246532274716646e-17 6.924759209838153765e+03
2.456179879734662324e-16 4.970273246016090351e-17 6.925508112811057799e+03
2.538198091837198037e-16 4.966465613705051564e-17 6.926257019856585430e+03
-6.615850950718613964e-18 4.964416277302053791e-17 6.927005930974888543e+03
1.533195466772223674e-16 4.940934178209042125e-17 6.927754846166114476e+03
1.342573603432433328e-16 4.910963162939219685e-17 6.928503765430416024e+03
1.670430943241311266e-16 4.826933673879249242e-17 6.929252688767941436e+03
7.292594524243605750e-18 4.703909042540258603e-17 6.930001616178838958e+03
8.854657722025174626e-17 4.549704390231637174e-17 6.930750547663261386e+03
2.671513986520047470e-16 4.425553589019582607e-17 6.931499483221356058e+03
2.214544312164260258e-16 4.379660295846897256e-17 6.932248422853275770e+03
5.142878387906065934e-17 4.413236988694294514e-17 6.932997366559169677e+03
1.140364225624877464e-16 4.481467479811377182e-17 6.933746314339186938e+03
2.196119749848944943e-16 4.541099429103318376e-17 6.934495266193478528e+03
1.488370801879914966e-16 4.568627055371049439e-17 6.935244222122191786e+03
9.964633375184705274e-17 4.578569015088312039e-17 6.935993182125477688e+03
1.568718910435957548e-16 4.577934873805357827e-17 6.936742146203489028e+03
1.210867518058121206e-16 4.587305172773780581e-17 6.937491114356373146e+03
1.160299867639418804e-16 4.589699436864835345e-17 6.938240086584281016e+03
2.121222252251213556e-16 4.589054824596032427e-17 6.938989062887359978e+03
6.789328033074985904e-17 4.611232128709947511e-17 6.939738043265764645e+03
1.228130337313004603e-16 4.644481541402208277e-17 6.940487027719642356e+03
1.973100653910287449e-16 4.726858917119086733e-17 6.941236016249141358e+03
9.085391985932034811e-17 4.876489265885304667e-17 6.941985008854413536e+03
2.481331134775538035e-16 5.063456700505626187e-17 6.942734005535610777e+03
1.914744853044956643e-16 5.233530635053063837e-17 6.943483006292878599e+03
4.968949252944285462e-18 5.345723086992173435e-17 6.944232011126370708e+03
1.180134559832001299e-16 5.393120024699034187e-17 6.944981020036235350e+03
1.992969963729549695e-16 5.369824442828058181e-17 6.945730033022621683e+03
1.347352599114490438e-16 5.313696403596943408e-17 6.946479050085681592e+03
3.738302080955741218e-17 5.241186884120498576e-17 6.947228071225565145e+03
1.531425948838264373e-16 5.171733880548579265e-17 6.947977096442420589e+03
1.549383420153780564e-16 5.140153538745582076e-17 6.948726125736397080e+03
1.782083819959460449e-16 5.123155530598238780e-17 6.949475159107648324e+03
1.799473931388926751e-16 5.125777250554119976e-17 6.950224196556321658e+03
5.087972904128373994e-17 5.138885992911895907e-17 6.950973238082565331e+03
1.015383082425062707e-16 5.153891264717162856e-17 6.951722283686533046e+03
1.791013001811143820e-16 5.165762354084959210e-17 6.952471333368373053e+03
3.304275634782562245e-16 5.195434186363006723e-17 6.953220387128234506e+03
6.850908561684646425e-17 5.192164081201743184e-17 6.953969444966269293e+03
2.877511654833573906e-16 5.104687981771118648e-17 6.954718506882625661e+03
2.291752842369884588e-16 5.005646382681654065e-17 6.955467572877453676e+03
1.343825229474860480e-16 4.830140310793704067e-17 6.956216642950903406e+03
2.270989164873563940e-16 4.640149695014591737e-17 6.956965717103126735e+03
3.415539541505593363e-16 4.482535790387922233e-17 6.957714795334271912e+03
4.197183751321954591e-18 4.392024440267266087e-17 6.958463877644488093e+03
1.027540431187879225e-16 4.361877937251774283e-17 6.959212964033925346e+03
1.618153829103442942e-16 4.366508446943193833e-17 6.959962054502735555e+03
1.500152262187807476e-16 4.368748102694878855e-17 6.960711149051067878e+03
1.594648057040093296e-16 4.373245611933960541e-17 6.961460247679071472e+03
1.133396282024047099e-16 4.373467158543528123e-17 6.962209350386896404e+03
2.601193825638046844e-16 4.413173187532015846e-17 6.962958457174693649e+03
4.942653375190187405e-17 4.460797064626613166e-17 6.963707568042611456e+03
1.509741855623590223e-16 4.530841800452789717e-17 6.964456682990803529e+03
4.252760481138156180e-17 4.557403758736264181e-17 6.965205802019413568e+03
2.720495815671927654e-16 4.584130087744002209e-17 6.965954925128596187e+03
1.772206380673453680e-16 5.035753246148525361e-17 6.966704052318500544e+03
-3.533460243408821491e-17 4.525210055523698687e-17 6.967453183589275795e+03
1.574816720599157920e-16 4.525251219156155463e-17 6.968202318941073827e+03
1.912650258303188326e-16 4.527480504430915020e-17 6.968951458374041977e+03
2.028885739691509975e-16 4.605364705136815372e-17 6.969700601888331221e+03
7.035948058196862939e-17 4.615020081363766693e-17 6.970449749484090717e+03
1.952224967196307586e-17 4.692719871778556264e-17 6.971198901161472349e+03
-6.622090554099977735e-17 4.810915851639947448e-17 6.971948056920626186e+03
2.651713544947558700e-16 4.921019967444382542e-17 6.972697216761697746e+03
1.183238081222285073e-16 5.006462919470318257e-17 6.973446380684843461e+03
1.573778815060343641e-16 5.057509848393832031e-17 6.974195548690207943e+03
1.221590597002123147e-16 5.035878753794293652e-17 6.974944720777943076e+03
1.290232273875349700e-16 5.018833560763843435e-17 6.975693896948201655e+03
3.437213226707041757e-17 4.990501457889380704e-17 6.976443077201129199e+03
1.448254730029421950e-16 4.970851841306052825e-17 6.977192261536877595e+03
1.726368116662903929e-16 4.934075699817496990e-17 6.977941449955596909e+03
1.974314412999932190e-16 4.889229464023809596e-17 6.978690642457437207e+03
-8.282045683725882290e-17 4.878672679871797396e-17 6.979439839042545827e+03
2.913630671853369486e-16 4.879024072938255551e-17 6.980189039711077385e+03
2.407253705880810278e-16 4.879893311603895941e-17 6.980938244463178307e+03
-1.082667668655552902e-18 4.876389769143584976e-17 6.981687453299000481e+03
2.939468603942114547e-17 4.873930155748579715e-17 6.982436666218693972e+03
3.798184061857434020e-16 4.858794630860206489e-17 6.983185883222404300e+03
1.638102175089893941e-16 4.820622910677922429e-17 6.983935104310287898e+03
1.810646735153475545e-16 4.747765467442604194e-17 6.984684329482491194e+03
5.565393126716273816e-17 4.640036883446153239e-17 6.985433558739163345e+03
9.020571670099678158e-17 4.504137897483523006e-17 6.986182792080457148e+03
1.380868579246509401e-16 4.383015073775197474e-17 6.986932029506519939e+03
4.860755265751226928e-17 4.311323509014866629e-17 6.987681271017503605e+03
8.830791320455424858e-17 4.276526603497141153e-17 6.988430516613558211e+03
1.431392780887257612e-16 4.285098338397563751e-17 6.989179766294828369e+03
1.513346367917454089e-16 4.289186994156898163e-17 6.989929020061474148e+03
1.585498010281823409e-16 4.282067305950211851e-17 6.990678277913637430e+03
1.920474907502440616e-16 4.283121224919177152e-17 6.991427539851469191e+03
1.994834197358312050e-16 4.285021889665634196e-17 6.992176805875122227e+03
1.900526252827107608e-16 4.291133382956714627e-17 6.992926075984743875e+03
1.134453226928728217e-16 4.305926151748390602e-17 6.993675350180487840e+03
1.668126372064234777e-16 4.331111175414989125e-17 6.994424628462500550e+03
1.928674663703817310e-16 4.345058111124407763e-17 6.995173910830931163e+03
9.988745798133947674e-17 4.404242791194517729e-17 6.995923197285931565e+03
5.256841148878574869e-17 4.467676847800831766e-17 6.996672487827652731e+03
1.644573166442193131e-16 4.512823130599240770e-17 6.997421782456241999e+03
2.590196468266086894e-16 4.560178502343768293e-17 6.998171081171850346e+03
9.393843623967667238e-17 4.580442019455486583e-17 6.998920383974631477e+03
-1.111323741631870602e-16 4.586354247451818833e-17 6.999669690864728182e+03
2.682502551789610578e-16 4.582919865638702863e-17 7.000419001842295984e+03
1.663294597266053453e-16 4.576700826260165950e-17 7.001168316907483131e+03
1.160897904875803487e-16 4.576019050399203385e-17 7.001917636060438781e+03
9.140401437223913051e-17 4.581034836700289451e-17 7.002666959301313909e+03
1.406668603757837277e-16 4.598731101414440652e-17 7.003416286630257673e+03
8.614128013664410392e-17 4.630410148235057003e-17 7.004165618047420139e+03
2.813127995460812196e-17 4.678766534788597018e-17 7.004914953552952284e+03
2.118805640784898413e-16 4.722594901681371348e-17 7.005664293147004173e+03
1.984369300648084600e-16 4.750957133963004097e-17 7.006413636829724055e+03
2.069543522338623372e-16 4.767236601038006628e-17 7.007162984601261996e+03
1.953418932053335658e-16 4.748401717223988115e-17 7.007912336461771702e+03
5.617139560765567647e-17 4.720368299886266753e-17 7.008661692411395961e+03
1.434038510071467987e-16 4.681218174452732260e-17 7.009411052450293937e+03
9.200089019470027961e-17 4.609173362152488305e-17 7.010160416578606601e+03
-2.799856662548233852e-17 4.552279571902114521e-17 7.010909784796489475e+03
1.142000160954758393e-16 4.503103490349563800e-17 7.011659157104090809e+03
3.721851291630388222e-16 4.466702858873228912e-17 7.012408533501559759e+03
1.081397945533237880e-16 4.449439962787780609e-17 7.013157913989049121e+03
-3.995728548910447442e-17 4.443067826255393152e-17 7.013907298566704412e+03
1.270326184040212483e-16 4.445856401297659311e-17 7.014656687234681158e+03
1.714876460230798285e-16 4.437523826427517418e-17 7.015406079993124877e+03
1.872438981090415655e-16 4.426178451943647763e-17 7.016155476842188364e+03
6.043966751768698891e-17 4.409566064397571284e-17 7.016904877782018048e+03
1.714348887032398403e-16 4.373917119840561065e-17 7.017654282812767633e+03
1.575017572888927848e-16 4.318638068716488059e-17 7.018403691934584458e+03
7.975736231498694312e-17 4.256190529791152498e-17 7.019153105147619499e+03
8.227700223531225572e-17 4.206112724326683308e-17 7.019902522452021913e+03
1.210376222956367322e-16 4.139033518554359844e-17 7.020651943847944494e+03
1.508172846634024925e-16 4.135482092446909383e-17 7.021401369335533673e+03
1.640688403574655976e-16 4.148326643480796818e-17 7.022150798914941333e+03
1.305097627868799602e-16 4.162684222940228174e-17 7.022900232586316633e+03
1.863953438754518169e-16 4.162224916727189006e-17 7.023649670349809639e+03
1.858342523219633902e-16 4.167507921781246203e-17 7.024399112205570418e+03
9.626706418764840243e-17 4.177615920532300117e-17 7.025148558153750855e+03
1.122621684211498746e-16 4.180595173729383675e-17 7.025898008194497379e+03
1.062392237054721851e-16 4.187083948331046025e-17 7.026647462327962785e+03
1.766240949802927023e-16 4.184155148143615756e-17 7.027396920554296230e+03
1.781386078143695271e-16 4.184776955161544206e-17 7.028146382873645052e+03
1.691060707378457076e-16 4.185350738015225937e-17 7.028895849286163866e+03
1.953405242484109376e-16 4.179915512232598027e-17 7.029645319792000009e+03
2.519705920741628964e-16 4.191493067187236409e-17 7.030394794391303549e+03
-3.090591586745004677e-17 4.194156591819007660e-17 7.031144273084222732e+03
1.621293737094251593e-16 4.197658345428043233e-17 7.031893755870911264e+03
2.057270367584199495e-16 4.187258799868456501e-17 7.032643242751516482e+03
1.494188467601529266e-16 4.188022110080059769e-17 7.033392733726190272e+03
-2.138368536807271936e-18 4.199978450559518969e-17 7.034142228795080882e+03
1.892316360143277765e-16 4.217892563883659389e-17 7.034891727958338379e+03
1.876865734444406690e-16 4.236673484346270166e-17 7.035641231216112828e+03
3.376462073060088275e-17 4.247870642755907509e-17 7.036390738568556117e+03
1.666554525156445274e-16 4.248924965667681387e-17 7.037140250015815582e+03
1.062681021362497735e-16 4.254583140229790033e-17 7.037889765558042200e+03
2.041413226140882280e-16 4.268814752418214053e-17 7.038639285195386037e+03
1.991633613267058537e-16 4.275641125957400064e-17 7.039388808927997161e+03
1.308535799550032434e-16 4.309001875433080707e-17 7.040138336756024728e+03
1.663477088150243496e-16 4.359296738252906352e-17 7.040887868679619714e+03
2.276770978123777895e-16 4.431556165192387566e-17 7.041637404698930368e+03
1.229382668246322403e-16 4.490714303537302165e-17 7.042386944814109484e+03
1.216949174826564379e-16 4.528622667165998366e-17 7.043136489025305309e+03
1.623373776003521741e-16 4.571610509272824399e-17 7.043886037332668820e+03
1.434346606991377588e-16 4.607261112861631507e-17 7.044635589736347356e+03
1.054564691521254078e-16 4.643178295563583734e-17 7.045385146236493711e+03
1.594257952094343386e-16 4.645005115245437095e-17 7.046134706833256132e+03
2.186521395859757683e-16 4.675757529939944217e-17 7.046884271526785597e+03
1.049439837064339564e-16 4.662628048322028836e-17 7.047633840317232170e+03
1.495638097583169930e-16 4.660202067861635653e-17 7.048383413204745011e+03
9.061836522341782536e-17 4.646712564642250996e-17 7.049132990189474185e+03
1.259312929113384991e-16 4.639676938931288467e-17 7.049882571271569759e+03
6.777129519453995573e-17 4.629717899907923592e-17 7.050632156451181800e+03
1.624983008207582624e-16 4.596493168680196994e-17 7.051381745728460373e+03
9.219131556469032405e-17 4.589353077404799334e-17 7.052131339103556456e+03
2.041366011457752491e-16 4.577762858424017394e-17 7.052880936576617387e+03
2.744706461369451529e-17 4.579549496842927235e-17 7.053630538147795960e+03
1.194908239400121691e-17 4.530766411171771440e-17 7.054380143817239514e+03
1.719644680876224114e-16 4.483835322616044652e-17 7.055129753585099024e+03
2.499222189173785064e-16 4.427796987226517440e-17 7.055879367451526377e+03
1.597517633641267757e-16 4.384980528940180574e-17 7.056628985416668911e+03
1.000570650171964442e-16 4.354211819077614229e-17 7.057378607480677601e+03
1.678060155013852859e-16 4.336890219480857750e-17 7.058128233643703425e+03
1.582061622936387813e-16 4.326493064275961853e-17 7.058877863905894628e+03
5.529029410951149109e-17 4.327648800765080958e-17 7.059627498267400370e+03
7.958404971390618349e-17 4.329653751461135266e-17 7.060377136728373443e+03
1.300110138242773988e-16 4.334653167431762532e-17 7.061126779288963007e+03
2.197960297254466421e-16 4.335264124287558477e-17 7.061876425949317309e+03
1.357093144158815731e-16 4.337451607062956230e-17 7.062626076709590052e+03
-7.356254567256697829e-19 4.343423222661538444e-17 7.063375731569925847e+03
1.664973894253593965e-16 4.348583518630250356e-17 7.064125390530478398e+03
1.623325403035593002e-16 4.371061456028468465e-17 7.064875053591395954e+03
1.040684156234948630e-16 4.404916540265108419e-17 7.065624720752830399e+03
7.099311658708386581e-17 4.389173385047858681e-17 7.066374392014929981e+03
1.918161371551283870e-16 4.393524735025768125e-17 7.067124067377844767e+03
1.314098338060241914e-16 4.400952928124259105e-17 7.067873746841726643e+03
9.563838562040439889e-17 4.406610806530190804e-17 7.068623430406722036e+03
1.809857996023378558e-16 4.402068406408857333e-17 7.069373118072984653e+03
2.105971868396459897e-16 4.399812535696396482e-17 7.070122809840661830e+03
8.259355276721215196e-17 4.408754517288971130e-17 7.070872505709906363e+03
1.183578455425994432e-17 4.384569786284664801e-17 7.071622205680863772e+03
1.891346818400798136e-16 4.390855253548291113e-17 7.072371909753686850e+03
1.593009371234745934e-16 4.390814222140756815e-17 7.073121617928527485e+03
9.813420811201847855e-17 4.381790582961972498e-17 7.073871330205531194e+03
7.359756635611171138e-17 4.383782037335126236e-17 7.074621046584850774e+03
2.236521899043984356e-16 4.389203481002896986e-17 7.075370767066635381e+03
5.826849880612775645e-17 4.401439497417331941e-17 7.076120491651035991e+03
3.512101136940747866e-17 4.406633882161468521e-17 7.076870220338200852e+03
2.431139995593441126e-16 4.420879504956251848e-17 7.077619953128280940e+03
1.734199241389555653e-16 4.402877775569846072e-17 7.078369690021426322e+03
1.754465726266010790e-16 4.401845443124747056e-17 7.079119431017788884e+03
1.215428781034279067e-16 4.406663073875491045e-17 7.079869176117514144e+03
1.260959821552871870e-16 4.405591621927121464e-17 7.080618925320753988e+03
2.039405761829237355e-16 4.416552103050834986e-17 7.081368678627659392e+03
1.204005844415468390e-16 4.433825710417033846e-17 7.082118436038381333e+03
8.149322542394788235e-17 4.455285428678466954e-17 7.082868197553067148e+03
1.707873672091103674e-16 4.475215499261558421e-17 7.083617963171867814e+03
1.375344505101031987e-16 4.494990059540514493e-17 7.084367732894930668e+03
1.460562989774414936e-16 4.488395943746335361e-17 7.085117506722412145e+03
9.568455118527715782e-17 4.491233011651527205e-17 7.085867284654455943e+03
3.196420467446668956e-16 4.478321485145532629e-17 7.086617066691214859e+03
1.616958744610271778e-16 4.467213454378154667e-17 7.087366852832839868e+03
1.402943508237253412e-16 4.455562673455592084e-17 7.088116643079478308e+03
1.783592850084882505e-16 4.443964932958267305e-17 7.088866437431281156e+03
2.204859740653171894e-16 4.424060005204500131e-17 7.089616235888399387e+03
1.442323066996930508e-16 4.402815446767394642e-17 7.090366038450982160e+03
5.303545369776397905e-17 4.384989942997565458e-17 7.091115845119178630e+03
1.220683215016963379e-16 4.372129801041080958e-17 7.091865655893139774e+03
1.990369450654062905e-16 4.357741594650722067e-17 7.092615470773016568e+03
1.075340036701983629e-16 4.351548133564920727e-17 7.093365289758955441e+03
1.309312135607176999e-16 4.344747154353322143e-17 7.094115112851108279e+03
-6.484230348051656191e-17 4.331169320211059740e-17 7.094864940049628785e+03
7.157166400508266638e-17 4.305488451939366103e-17 7.095614771354661571e+03
1.249407418666680308e-16 4.282648055095151552e-17 7.096364606766359429e+03
1.374975176969214684e-16 4.242950853893183597e-17 7.097114446284871519e+03
1.821727949507538539e-16 4.215498498054574779e-17 7.097864289910346088e+03
2.436102163539349771e-16 4.199411646310067626e-17 7.098614137642936839e+03
-1.554891738798354687e-17 4.189548632114902865e-17 7.099363989482791112e+03
4.813739957355967122e-17 4.190470659665180745e-17 7.100113845430059882e+03
1.391864874829958971e-16 4.188410065316246095e-17 7.100863705484891398e+03
1.721562183887809479e-16 4.194299216063163871e-17 7.101613569647435725e+03
7.973044069829663916e-17 4.189614868218436176e-17 7.102363437917847477e+03
1.574431479261873063e-16 4.199327840510807760e-17 7.103113310296270356e+03
1.953399590683506288e-16 4.202440964599763734e-17 7.103863186782858975e+03
2.460992465613532260e-16 4.194595252093981135e-17 7.104613067377760672e+03
2.435153551768113972e-16 4.191358781793569000e-17 7.105362952081128242e+03
9.463072577233750015e-17 4.191357819235864737e-17 7.106112840893106295e+03
8.640804301527468930e-17 4.195064018526596011e-17 7.106862733813850355e+03
1.922774459760495685e-16 4.190708471088716270e-17 7.107612630843508668e+03
1.320584319601850773e-16 4.192242789790453990e-17 7.108362531982227665e+03
1.709299802625605464e-16 4.190904881284571785e-17 7.109112437230163778e+03
6.286166882012813966e-17 4.194263642648328703e-17 7.109862346587460706e+03
2.222200071056184455e-16 4.197516924482415250e-17 7.110612260054273065e+03
2.158941807377547787e-16 4.191357862597846484e-17 7.111362177630748192e+03
1.228211204731813397e-16 4.197391324318882838e-17 7.112112099317036154e+03
1.340480862893999324e-16 4.188617477211329439e-17 7.112862025113288837e+03
2.305561432656505936e-16 4.192170946169581885e-17 7.113611955019656307e+03
7.448613071066183623e-17 4.187486125034698454e-17 7.114361889036284992e+03
9.818181209296801232e-18 4.181033806422520922e-17 7.115111827163327689e+03
2.398374098778399004e-16 4.176867676104038612e-17 7.115861769400933554e+03
2.276554414912122353e-16 4.175943817638920573e-17 7.116611715749254472e+03
4.627461913416534922e-17 4.178443343526889898e-17 7.117361666208435963e+03
1.724490135352913412e-16 4.178676460742107819e-17 7.118111620778633551e+03
2.793652439446635178e-16 4.176549833071237576e-17 7.118861579459991844e+03
1.110295200937478989e-16 4.177872721770411502e-17 7.119611542252665458e+03
9.761659676713308811e-17 4.185781596085543758e-17 7.120361509156800821e+03
2.296502391638088215e-16 4.201176308082843679e-17 7.121111480172550728e+03
1.769713843274901287e-16 4.233464765424772036e-17 7.121861455300062516e+03
-3.309199048883271404e-17 4.223084712169695752e-17 7.122611434539487163e+03
3.314262904866209988e-17 4.222952706628642807e-17 7.123361417890975645e+03
1.962081085438653282e-16 4.231030951993097108e-17 7.124111405354678936e+03
1.595206911373162738e-16 4.215483463225638201e-17 7.124861396930742558e+03
1.838766760560231207e-16 4.225755991456912833e-17 7.125611392619319304e+03
1.200928102359540967e-16 4.243525160487310008e-17 7.126361392420560151e+03
1.719999914309755000e-16 4.269399164522542669e-17 7.127111396334614255e+03
2.661770813538507784e-16 4.283783110091126003e-17 7.127861404361629866e+03
1.939586600478146294e-16 4.285027793640186654e-17 7.128611416501758868e+03
1.634568925368471160e-16 4.289985952776264817e-17 7.129361432755149508e+03
1.229415769321726882e-16 4.288991453483775999e-17 7.130111453121956401e+03
7.640081125643226913e-17 4.290370901657713636e-17 7.130861477602324157e+03
1.532775340139208836e-16 4.291377446706627570e-17 7.131611506196402843e+03
1.623511685826711161e-16 4.294882634458488064e-17 7.132361538904346162e+03
2.478779741772978287e-17 4.280439877187661386e-17 7.133111575726302362e+03
9.519030957124130911e-17 4.277822604740763357e-17 7.133861616662418783e+03
1.477226020801697666e-16 4.332145038064096516e-17 7.134611661712851856e+03
1.765405494445469929e-16 4.337027140094540038e-17 7.135361710877743462e+03
1.522392624656743392e-16 4.295869755466133051e-17 7.136111764157250946e+03
2.182748279718054686e-16 4.313267356625181589e-17 7.136861821551518005e+03
2.227046486782077977e-17 4.350985766943629516e-17 7.137611883060699256e+03
2.028813826098338523e-17 4.381777594467394044e-17 7.138361948684942945e+03
2.365211529050962318e-16 4.395612196506733620e-17 7.139112018424399139e+03
1.750411400711604032e-16 4.412089458942999106e-17 7.139862092279217904e+03
1.487934729796186680e-16 4.430169437015871442e-17 7.140612170249548399e+03
1.890237846199604872e-16 4.432805560010292369e-17 7.141362252335541598e+03
1.710839249903936903e-16 4.436543980990876871e-17 7.142112338537346659e+03
1.639409038163452778e-17 4.454563062982407737e-17 7.142862428855113649e+03
1.112020797925569038e-16 4.462785453228687919e-17 7.143612523288995362e+03
1.894976408174626386e-16 4.466742657124337828e-17 7.144362621839137319e+03
1.690893159913453242e-17 4.474194740554057635e-17 7.145112724505691403e+03
1.466774554268808512e-16 4.472275699523633553e-17 7.145862831288807683e+03
2.532429321417288247e-16 4.483913977344576033e-17 7.146612942188635316e+03
2.938029675755766905e-16 4.483699979721372967e-17 7.147363057205327095e+03
9.927711690424166557e-17 4.481561204425921144e-17 7.148113176339029451e+03
1.817842723493563974e-16 4.440169081741203885e-17 7.148863299589895178e+03
9.082904503044515049e-17 4.416227079165862235e-17 7.149613426958070704e+03
1.660104829884974776e-16 4.392545986884196798e-17 7.150363558443710644e+03
9.726958467388996939e-17 4.379727367181152337e-17 7.151113694046961427e+03
1.408468653813475479e-16 4.341665262643364961e-17 7.151863833767973119e+03
1.424866950980204812e-16 4.315685473153629956e-17 7.152613977606899425e+03
1.883714459764066476e-16 4.302886966521193686e-17 7.153364125563884954e+03
1.686350852778116041e-16 4.287920524659853035e-17 7.154114277639082502e+03
2.221138508720771727e-16 4.281613193592985236e-17 7.154864433832643044e+03
2.207375464478357261e-16 4.273360504802872797e-17 7.155614594144716648e+03
1.472950934713623653e-16 4.272113369184174742e-17 7.156364758575449741e+03
1.617859412952274449e-16 4.248179087643176286e-17 7.157114927124994210e+03
6.799686010515848063e-17 4.316555914329632236e-17 7.157865099793501940e+03
6.507765785606638876e-17 4.302117041455073782e-17 7.158615276581122089e+03
7.213864422810580142e-17 4.296000140588190929e-17 7.159365457488001994e+03
2.196145024497951277e-16 4.299717099304179827e-17 7.160115642514294450e+03
1.930278866634730015e-16 4.312084164822923199e-17 7.160865831660148615e+03
1.531195546059306411e-16 4.312046503375701096e-17 7.161616024925713646e+03
1.525928573168542891e-16 4.321683787321641021e-17 7.162366222311140518e+03
1.336321749136671778e-16 4.325477543955676331e-17 7.163116423816579299e+03
1.417497235351516729e-16 4.332546537258583687e-17 7.163866629442178237e+03
-4.038767673277972556e-17 4.334540629279164207e-17 7.164616839188090125e+03
-8.566338321803664599e-19 4.333311686567157133e-17 7.165367053054462303e+03
2.150376847562093533e-16 4.318256361141312000e-17 7.166117271041448475e+03
2.086912562945849793e-16 4.313183897505885417e-17 7.166867493149193251e+03
2.275323649671035532e-16 4.317106742637368836e-17 7.167617719377851245e+03
9.623014127588023315e-17 4.602649834948141577e-17 7.168367949727567975e+03
-1.549975609925521562e-18 5.064947888372904647e-17 7.169118184198499875e+03
1.887055235862324820e-16 4.334934921824553398e-17 7.169868422790787918e+03
1.812057112349137236e-16 4.300292554052649339e-17 7.170618665504591263e+03
1.379742079611840186e-16 4.302157097675608039e-17 7.171368912340054521e+03
1.282697616576452585e-16 4.304792262780526206e-17 7.172119163297329578e+03
1.342996662255130121e-16 4.302141931401088707e-17 7.172869418376565591e+03
-4.897586742489062534e-17 4.298094597697263375e-17 7.173619677577911716e+03
7.806832486431199018e-17 4.295195398989734656e-17 7.174369940901520749e+03
2.747440364170927368e-16 4.292734530956880773e-17 7.175120208347538210e+03
1.851304751450986632e-16 4.303329593639331251e-17 7.175870479916118711e+03
-2.271199965442708112e-17 4.301717881444518754e-17 7.176620755607409592e+03
1.021073636600687997e-16 4.305199459904228685e-17 7.177371035421561828e+03
1.552136312735878765e-16 4.286962881556748042e-17 7.178121319358725486e+03
7.163054523137767894e-17 4.263234124018319872e-17 7.178871607419049724e+03
1.357401843832726898e-16 4.259776692163296980e-17 7.179621899602684607e+03
5.464613050094431169e-17 4.252683898318096657e-17 7.180372195909780203e+03
7.181824864069640303e-17 4.231525976223983108e-17 7.181122496340487487e+03
2.407522904308117307e-16 4.213698833010096251e-17 7.181872800894954707e+03
1.310584177335882395e-16 4.205594508116940155e-17 7.182623109573332840e+03
1.668936219525880444e-16 4.194472162651982561e-17 7.183373422375772861e+03
3.999085181521200219e-17 4.182005936541971823e-17 7.184123739302422109e+03
1.335435539031419597e-16 4.173293472287164547e-17 7.184874060353433379e+03
1.956273344460058606e-16 4.159271432398618901e-17 7.185624385528955827e+03
-6.806101569942566030e-18 4.138232112944567379e-17 7.186374714829137702e+03
1.157515780990840647e-16 4.127301687983221900e-17 7.187125048254131798e+03
9.421197469877924014e-17 4.111180162458228089e-17 7.187875385804085454e+03
1.597411509456064068e-16 4.094156339589113237e-17 7.188625727479149646e+03
1.105854705332482319e-16 4.087309450239453081e-17 7.189376073279474440e+03
1.575644975311970765e-16 4.070365088623622200e-17 7.190126423205209903e+03
7.608190489153872320e-17 4.063061872733457771e-17 7.190876777256506102e+03
1.941194894453355336e-16 4.062640539403816113e-17 7.191627135433512194e+03
6.408099463602782813e-17 4.060367123041201794e-17 7.192377497736379155e+03
9.750090674494861659e-17 4.060497801910644915e-17 7.193127864165257051e+03
8.238125442068460198e-17 4.072744339618881745e-17 7.193878234720295040e+03
6.282900722736948240e-17 4.070630102266249615e-17 7.194628609401643189e+03
1.469142096768474307e-16 4.077754398374832883e-17 7.195378988209451563e+03
1.790809156909635390e-16 4.071043352734986621e-17 7.196129371143871140e+03
8.964060411633453341e-17 4.071581895592430611e-17 7.196879758205050166e+03
5.951349386249387423e-17 4.062701300194957054e-17 7.197630149393138709e+03
1.345102455886658760e-16 4.058341893607203502e-17 7.198380544708290472e+03
1.325011483981529973e-16 4.057918487943246229e-17 7.199130944150650976e+03
5.703855885679807155e-17 4.063427721017430970e-17 7.199881347720372105e+03
1.264729874769177491e-16 4.063079906562674081e-17 7.200631755417602108e+03
6.448775540957368403e-17 4.066963884458237066e-17 7.201382167242494688e+03
2.772272084199525153e-17 4.064624937898980175e-17 7.202132583195195366e+03
2.058556802422032686e-16 4.065285454599486658e-17 7.202883003275856026e+03
1.052539965454299544e-16 4.058711183838111962e-17 7.203633427484628555e+03
9.477572256785991281e-17 4.054632848169163892e-17 7.204383855821661200e+03
9.531858400958547578e-17 4.067005094962449643e-17 7.205134288287103118e+03
1.660813547159858969e-16 4.071420985124695189e-17 7.205884724881105285e+03
1.389767309874160258e-16 4.067168717766551898e-17 7.206635165603815949e+03
1.394431178582630138e-16 4.069882531929674807e-17 7.207385610455387905e+03
5.974090184340114922e-17 4.071142718317451717e-17 7.208136059435970310e+03
8.963059194317428972e-17 4.072182771644561804e-17 7.208886512545712321e+03
2.229062225484051924e-16 4.064573076673010598e-17 7.209636969784765824e+03
1.614983372458430826e-16 4.069486495426989430e-17 7.210387431153276339e+03
2.263929738133946237e-17 4.072849494156991508e-17 7.211137896651398478e+03
-3.943699471410537861e-18 4.079696499718060149e-17 7.211888366279280490e+03
7.890153474242116672e-17 4.086837850761502474e-17 7.212638840037072441e+03
2.989523390335720557e-16 4.099736773496806932e-17 7.213389317924923489e+03
9.146055963897520240e-17 4.109083316656442511e-17 7.214139799942985519e+03
9.401297598129709382e-17 4.131019203499596979e-17 7.214890286091405869e+03
1.919603396685951261e-16 4.154572672446973822e-17 7.215640776370337335e+03
1.713276995947755984e-16 4.164915211109883478e-17 7.216391270779928163e+03
3.960797067706610140e-17 4.183558135595272146e-17 7.217141769320326603e+03
2.229034791899759266e-16 4.199835667216391627e-17 7.217892271991688176e+03
1.396435749523192347e-16 4.210063524120646052e-17 7.218642778794157493e+03
1.712431530445133325e-16 4.215906289229417406e-17 7.219393289727888259e+03
2.342736726436441634e-16 4.225476277563793049e-17 7.220143804793025993e+03
9.895713175487541277e-17 4.235349912486828512e-17 7.220894323989725308e+03
7.669553612777097890e-17 4.253965535746673924e-17 7.221644847318134453e+03
5.211616352160090841e-17 4.261226362457289997e-17 7.222395374778401674e+03
1.501039654149916087e-16 4.270778024331698547e-17 7.223145906370678858e+03
1.136392898098180241e-16 4.281416522785016649e-17 7.223896442095116072e+03
1.338977746952260769e-16 4.285012724275415149e-17 7.224646981951862472e+03
2.254089799314430357e-17 4.298358938759996238e-17 7.225397525941069034e+03
2.690375139857626516e-16 4.305242083761594200e-17 7.226148074062884007e+03
1.512992609501002516e-16 4.321161850945469816e-17 7.226898626317459275e+03
1.677629347922181570e-16 4.332591828535989879e-17 7.227649182704943087e+03
9.584942051037443086e-17 4.333554975478636447e-17 7.228399743225487327e+03
1.020977695479042389e-16 4.332522482083389554e-17 7.229150307879239335e+03
2.651777007145786777e-16 4.337121393037042654e-17 7.229900876666353724e+03
2.796678382426695360e-17 4.395734292714610551e-17 7.230651449586974195e+03
5.307529347343639316e-17 4.505341509498277397e-17 7.231402026641255361e+03
1.134759907794406775e-16 4.723800783650929542e-17 7.232152607829346380e+03
1.711694700534710387e-16 5.034684868563726529e-17 7.232903193151396408e+03
1.943387216688890253e-17 5.397656893159234072e-17 7.233653782607554604e+03
1.047312190220055932e-16 5.751583314132413948e-17 7.234404376197973761e+03
1.162297520112829075e-16 6.036611364286894680e-17 7.235154973922801219e+03
1.729494356047867045e-16 6.255075354626458009e-17 7.235905575782187952e+03
1.483451496209423462e-16 6.437953166003864099e-17 7.236656181776283120e+03
7.200650793055400650e-17 6.619721565933150198e-17 7.237406791905237696e+03
4.486919121125355596e-17 6.859591982323523130e-17 7.238157406169202659e+03
-9.823245168178364328e-17 7.136980179780699013e-17 7.238908024568326255e+03
1.149730979722776695e-16 7.383240451828057905e-17 7.239658647102757641e+03
1.653432658647947277e-16 7.571936584311520024e-17 7.240409273772649613e+03
2.962237386311696681e-16 7.690384293806631887e-17 7.241159904578150417e+03
8.400830923609977987e-17 7.697983835406477054e-17 7.241910539519411032e+03
1.023333673311468879e-16 7.708429695998024084e-17 7.242661178596578793e+03
1.223162193205433776e-16 7.700513424212804719e-17 7.243411821809806497e+03
3.650049634235314511e-16 7.718015808698279614e-17 7.244162469159244210e+03
1.721861280229346867e-16 7.671435621715618071e-17 7.244913120645038362e+03
-7.308918040783066779e-17 7.586480207953591698e-17 7.245663776267344474e+03
2.454729041599113478e-16 7.449380148264852557e-17 7.246414436026307158e+03
2.684599235363165054e-16 7.265515638721856126e-17 7.247165099922078298e+03
3.029162731378382480e-16 7.059809579588949686e-17 7.247915767954809780e+03
2.486351120198355779e-16 6.944668371691212168e-17 7.248666440124649853e+03
1.860293006433867604e-16 6.669839504711208936e-17 7.249417116431749491e+03
1.155939427495323099e-16 6.506977768990077822e-17 7.250167796876256944e+03
1.132704002258463329e-16 6.334832125355249008e-17 7.250918481458322276e+03
1.324418653670418162e-16 6.100102876743579064e-17 7.251669170178100103e+03
3.291811005429540833e-16 5.790451611008127166e-17 7.252419863035733215e+03
1.498477552781337866e-16 5.471549341431624948e-17 7.253170560031375317e+03
1.489582974487067301e-16 5.196180915626299517e-17 7.253921261165176475e+03
1.183552661672373028e-16 5.045234691223744106e-17 7.254671966437286756e+03
1.411634305485926177e-16 4.941753815172332569e-17 7.255422675847856226e+03
3.663666006508001357e-17 4.912182217300642103e-17 7.256173389397034043e+03
8.095096848108124898e-17 4.912202180707745843e-17 7.256924107084971183e+03
1.943871094307291941e-16 4.898621352551697028e-17 7.257674828911814984e+03
1.438097220707407364e-16 4.874379009004905134e-17 7.258425554877719151e+03
1.191606325575807641e-16 4.820509127057046732e-17 7.259176284982830111e+03
1.408348291043632764e-16 4.758919443151460890e-17 7.259927019227300661e+03
2.963959559524699375e-17 4.690608242244828968e-17 7.260677757611281777e+03
2.795102359563277796e-16 4.622361916435880858e-17 7.261428500134919886e+03
1.378387438506534172e-16 4.564233026788847379e-17 7.262179246798365966e+03
-1.893456519679278311e-17 4.520189395435111816e-17 7.262929997601770083e+03
1.468263553995246965e-16 4.506168941981641750e-17 7.263680752545284122e+03
2.481597107855182317e-16 4.495868113495844640e-17 7.264431511629055422e+03
2.084944445921029030e-16 4.501183152792036239e-17 7.265182274853235867e+03
-1.867521883775134973e-17 4.515861153541814671e-17 7.265933042217974617e+03
1.789543480839131017e-16 4.555706535877925159e-17 7.266683813723422645e+03
7.330178159399581656e-17 4.652568202838689309e-17 7.267434589369728201e+03
6.562665509429162374e-17 4.858275152730081948e-17 7.268185369157040441e+03
1.495177168722965034e-16 5.213304743770362559e-17 7.268936153085513979e+03
1.001025630545458061e-16 5.704121868262448801e-17 7.269686941155294335e+03
1.215055363932623827e-16 6.241493554646635653e-17 7.270437733366533394e+03
1.956844547318163994e-16 6.673848674921599512e-17 7.271188529719381222e+03
9.660572742384850676e-17 6.901869147581598173e-17 7.271939330213986977e+03
2.865098898784931012e-16 6.993840850384860003e-17 7.272690134850500726e+03
-5.974646476466955887e-18 6.977656010930616938e-17 7.273440943629073445e+03
-1.536301302061703949e-16 6.931522430770455131e-17 7.274191756549853380e+03
3.192990480749217346e-16 6.939999619064194357e-17 7.274942573612990600e+03
3.046554975149811357e-16 6.977654363706619500e-17 7.275693394818639717e+03
-2.587219744011509482e-17 7.059988982404756881e-17 7.276444220166945342e+03
5.396642312471691153e-17 7.160193498708065642e-17 7.277195049658056632e+03
1.101330839381124013e-16 7.275543704100125127e-17 7.277945883292130020e+03
1.609288123138785746e-16 7.417770495514763535e-17 7.278696721069308296e+03
9.053855354209958080e-17 7.543224116567815571e-17 7.279447562989746075e+03
1.532947901620385602e-16 7.610579118040258556e-17 7.280198409053591604e+03
6.578099219477338365e-17 7.508932827175681191e-17 7.280949259260996769e+03
8.293192819950771187e-17 7.376541123260426264e-17 7.281700113612107998e+03
7.293027771337463089e-17 7.152428039327108110e-17 7.282450972107078996e+03
2.748656697923859679e-16 6.827174428380175502e-17 7.283201834746054374e+03
3.213653196122544911e-16 6.396079971783234224e-17 7.283952701529191472e+03
3.246596184777866863e-16 5.968309879560607007e-17 7.284703572456635811e+03
1.476423784212722039e-16 5.689453088932919116e-17 7.285454447528538367e+03
8.870610549832490259e-17 5.565183151100798462e-17 7.286205326745048296e+03
2.533037671691795005e-16 5.538728577302592842e-17 7.286956210106316576e+03
1.988767079589677578e-17 5.535217652763917504e-17 7.287707097612493271e+03
1.347024050285489605e-16 5.541995211313769272e-17 7.288457989263728450e+03
8.079597222738150342e-18 5.552279282702619858e-17 7.289208885060170360e+03
2.855808686708895667e-16 5.532892034342168437e-17 7.289959785001969067e+03
1.411192326818334036e-16 5.471212912468643327e-17 7.290710689089277366e+03
9.656477146450408831e-17 5.327001436976228229e-17 7.291461597322242596e+03
2.797519797065536025e-16 5.108905009536906807e-17 7.292212509701015733e+03
2.384797521750805951e-16 4.914303135351368562e-17 7.292963426225747753e+03
4.415145338041206867e-18 4.782994533051284638e-17 7.293714346896585994e+03
9.436264491559184469e-17 4.716657424506402537e-17 7.294465271713684160e+03
1.982740521950218877e-16 4.719863214595865380e-17 7.295216200677189590e+03
1.762826123237346512e-16 4.763337132357954657e-17 7.295967133787253260e+03
-1.706101516751601757e-17 4.859304723449124638e-17 7.296718071044023418e+03
1.170015602207020739e-16 4.990968985028698275e-17 7.297469012447651039e+03
-6.921952275351478041e-17 5.106065439732070560e-17 7.298219957998286191e+03
2.755946788915846104e-16 5.200297854885168630e-17 7.298970907696079848e+03
2.767860858015267790e-16 5.244483382468215840e-17 7.299721861541182079e+03
1.130300718609222467e-17 5.269426051465433019e-17 7.300472819533741131e+03
2.035458532647672014e-16 5.299739634518938520e-17 7.301223781673907979e+03
8.410308588625743209e-17 5.220874545419873304e-17 7.301974747961830872e+03
2.094014583850300946e-16 5.166051672577772485e-17 7.302725718397663513e+03
1.711738415303079939e-16 5.106855906356067049e-17 7.303476692981554152e+03
1.635603305747233592e-16 5.058065583891796269e-17 7.304227671713651034e+03
1.013418175440253328e-16 5.029441819237460009e-17 7.304978654594106047e+03
-4.034157907106230730e-17 5.036770488923714304e-17 7.305729641623068346e+03
9.474549387982075277e-17 5.029501186043084559e-17 7.306480632800688909e+03
1.137929609973777775e-16 5.088534763566585703e-17 7.307231628127116892e+03
2.673213513656940521e-17 5.208143686509762663e-17 7.307982627602500543e+03
8.736511380153139683e-17 5.419369844943712207e-17 7.308733631226994476e+03
-1.467207434706096176e-17 5.724082435575352569e-17 7.309484639000746029e+03
3.299192996604646743e-16 6.048950895320199032e-17 7.310235650923903449e+03
2.784912380186515799e-16 6.292982138616697113e-17 7.310986666996618624e+03
1.474335062902289689e-16 6.409014438272379458e-17 7.311737687219040708e+03
7.299067526635943246e-17 6.425426793977164282e-17 7.312488711591322499e+03
5.494105476589338837e-18 6.394144810845793959e-17 7.313239740113609514e+03
1.531228821399627587e-16 6.374619536461541304e-17 7.313990772786055459e+03
7.264116906246003391e-17 6.367176170522327687e-17 7.314741809608809490e+03
4.023512908004277234e-17 6.360530977839078457e-17 7.315492850582017127e+03
2.591415211878028324e-16 6.360128918317632010e-17 7.316243895705834802e+03
7.000108391057992746e-17 6.350021595532408484e-17 7.316994944980408945e+03
2.337233101306080825e-17 6.345562409138141675e-17 7.317745998405892351e+03
1.085502101004907552e-16 6.342628772470000808e-17 7.318497055982432357e+03
9.567273870656985153e-17 6.330379655002280392e-17 7.319248117710178121e+03
1.476885454300400336e-16 6.330081289226090246e-17 7.319999183589285167e+03
1.757411955646657769e-16 6.324240539455708106e-17 7.320750253619894465e+03
4.048671803386690427e-18 6.318896309582951290e-17 7.321501327802165179e+03
1.147589084453978924e-16 6.286048999732589504e-17 7.322252406136241007e+03
1.415905924468040928e-16 6.157771003980308619e-17 7.323003488622274745e+03
4.225681928848316044e-16 5.936828135981850267e-17 7.323754575260414640e+03
4.410499070416599366e-16 5.661609386338714087e-17 7.324505666050814398e+03
-1.294459129991363274e-17 5.445879659411046004e-17 7.325256760993619537e+03
9.420311955526048564e-17 5.326629030840142081e-17 7.326007860088981033e+03
1.171278624907577376e-16 5.292316990796263801e-17 7.326758963337051682e+03
4.844138788627070432e-17 5.299419112326708852e-17 7.327510070737978822e+03
1.199127574446978001e-16 5.302425756451253390e-17 7.328261182291913428e+03
1.510856412478647770e-16 5.303694344997861163e-17 7.329012297999004659e+03
1.498099398675325773e-16 5.313103524288120555e-17 7.329763417859403489e+03
2.552178418907386406e-16 5.399082585494656528e-17 7.330514541873259077e+03
1.456961962202939886e-16 5.519796199490614196e-17 7.331265670040724217e+03
4.659996286657120335e-17 5.459299869459850132e-17 7.332016802361942609e+03
-2.181046538659049847e-18 5.574867250261753768e-17 7.332767938837070687e+03
-1.463686310337061233e-16 5.858369873249174447e-17 7.333519079466253970e+03
8.454958800506475671e-17 6.253507471731828980e-17 7.334270224249646162e+03
1.740726855516435987e-16 6.650703538914446713e-17 7.335021373187395511e+03
5.321733762032202388e-17 6.907047967996838118e-17 7.335772526279651174e+03
1.990313081325245625e-16 6.978568058925297486e-17 7.336523683526564128e+03
1.839561403055405854e-16 6.915057871024746867e-17 7.337274844928284438e+03
2.415521032824134135e-16 6.829688282732955176e-17 7.338026010484960352e+03
1.875327372464818788e-17 6.775762693239957681e-17 7.338777180196744666e+03
2.426240315713897721e-16 6.764380337435654706e-17 7.339528354063786537e+03
7.193918105815415887e-17 6.766979115190783225e-17 7.340279532086234212e+03
6.505000408145947432e-17 6.769576883520753437e-17 7.341030714264239577e+03
1.836568887211432497e-16 6.787284522873826779e-17 7.341781900597951790e+03
-1.098368583271919892e-16 6.790050358707691414e-17 7.342533091087520006e+03
1.367398948137744921e-16 6.798567404643286194e-17 7.343284285733097931e+03
1.948384257513304920e-16 6.806538671688739539e-17 7.344035484534829266e+03
2.672526946682791200e-16 6.821851782006487810e-17 7.344786687492867713e+03
3.110431804474057075e-16 6.747347034316836664e-17 7.345537894607365160e+03
1.903159176552147676e-16 6.612739314616050621e-17 7.346289105878469854e+03
2.342567956653077052e-16 6.350951099889261664e-17 7.347040321306330952e+03
3.451419201992292108e-16 5.971770474072586887e-17 7.347791540891098521e+03
1.838419027585091498e-16 5.537297368002389739e-17 7.348542764632923536e+03
2.191304949616144056e-16 5.100379472933630510e-17 7.349293992531955155e+03
9.262332801127981522e-17 4.792153660689201184e-17 7.350045224588344354e+03
9.339588293134132922e-17 4.724942332218383477e-17 7.350796460802239380e+03
3.377849260403485677e-16 4.814248272012598516e-17 7.351547701173791211e+03
2.208067200115593086e-16 4.988457891888443736e-17 7.352298945703149002e+03
-8.193161717849758341e-18 5.171890008144787305e-17 7.353050194390465549e+03
2.277693008590626089e-17 5.306448332373204541e-17 7.353801447235888190e+03
2.283955732755593616e-16 5.373716692366464815e-17 7.354552704239567902e+03
2.213176531549905131e-16 5.371564130720987196e-17 7.355303965401653841e+03
9.633975878290667704e-17 5.377007931360523070e-17 7.356055230722296983e+03
1.785875437303463267e-16 5.386043369838366972e-17 7.356806500201646486e+03
4.611464607436077939e-17 5.368199409884731718e-17 7.357557773839854235e+03
1.228351432133615200e-16 5.351487497053540738e-17 7.358309051637066659e+03
3.021071537667507830e-16 5.357048201744368949e-17 7.359060333593437463e+03
2.755338711702990217e-17 5.369905636406416519e-17 7.359811619709114893e+03
-4.002645010444904663e-17 5.417057483936473648e-17 7.360562909984248108e+03
4.979420442298415822e-17 5.548843545670138948e-17 7.361314204418988993e+03
1.306161407129620537e-16 5.777831793926704474e-17 7.362065503013486705e+03
1.821093456980578968e-16 6.095678763986899029e-17 7.362816805767888582e+03
-3.609674470305398390e-18 6.425999015072730533e-17 7.363568112682351057e+03
7.894763459572288727e-17 6.640344642555513959e-17 7.364319423757017830e+03
3.122086081497823148e-16 6.720455078040691130e-17 7.365070738992042607e+03
9.081227852362058542e-17 6.648159167647837750e-17 7.365822058387573634e+03
1.938591642357431843e-16 6.520448310212422776e-17 7.366573381943760978e+03
5.948878394152921885e-17 6.407032559212703391e-17 7.367324709660755616e+03
2.178705615569061387e-16 6.341299960533438664e-17 7.368076041538704885e+03
1.119198565512993804e-17 6.277199011141338356e-17 7.368827377577762491e+03
6.935887853881267809e-17 6.266037091238695706e-17 7.369578717778077589e+03
3.927910501880549015e-17 6.278623421335095538e-17 7.370330062139797519e+03
1.158610375437651982e-16 6.321715156631815075e-17 7.371081410663074166e+03
8.193459132007792241e-17 6.313486456681572156e-17 7.371832763348059416e+03
9.884446358360377436e-17 6.307960016614365138e-17 7.372584120194898787e+03
1.755319075606747349e-16 6.300922567790779524e-17 7.373335481203745985e+03
1.829512118445240585e-16 6.249056304017434443e-17 7.374086846374750166e+03
2.552810109183672083e-16 6.145328179157138304e-17 7.374838215708059579e+03
1.954066875170512126e-16 5.938939698086427046e-17 7.375589589203827018e+03
3.348543483721829225e-16 5.609002499726184973e-17 7.376340966862200730e+03
1.911654503523042094e-16 5.203188146153754297e-17 7.377092348683331693e+03
1.257364349478423648e-16 4.822199002140123234e-17 7.377843734667366334e+03
1.163662050314970205e-16 4.563143482058228496e-17 7.378595124814461087e+03
1.982258567134370219e-16 4.441688119538194878e-17 7.379346519124760562e+03
1.000043116247430588e-16 4.405138096212846550e-17 7.380097917598415734e+03
2.257364927480574461e-16 4.393967712742213606e-17 7.380849320235578489e+03
1.221140724169515911e-16 4.379803874218272726e-17 7.381600727036397075e+03
1.789706293702639378e-16 4.383854505621889135e-17 7.382352138001024286e+03
1.405533839197444699e-16 4.379599183408667069e-17 7.383103553129605643e+03
2.588388465050671095e-17 4.404733870921220011e-17 7.383854972422295759e+03
1.411022727234024504e-16 4.482827769215725503e-17 7.384606395879241973e+03
4.644289715272826095e-17 4.601172890565374222e-17 7.385357823500592531e+03
9.179005569864182796e-17 4.747176886701831377e-17 7.386109255286499319e+03
8.924708560353308845e-17 4.866300446986732143e-17 7.386860691237116043e+03
1.630302539242192527e-16 4.949205212163164095e-17 7.387612131352586402e+03
1.875752189028205071e-16 4.986894579836560300e-17 7.388363575633064102e+03
1.943862086863242389e-16 4.998718463598090073e-17 7.389115024078696479e+03
1.981289609001250686e-16 5.001525230542422989e-17 7.389866476689638148e+03
1.981358145261384923e-16 4.992187991908270961e-17 7.390617933466033719e+03
1.582558608860479158e-16 4.993035923046707596e-17 7.391369394408038715e+03
1.044467066247267682e-16 5.005169023044457933e-17 7.392120859515796838e+03
1.487535784624893364e-16 5.036890428300387874e-17 7.392872328789464518e+03
1.714439418131326580e-16 5.113177949220349751e-17 7.393623802229185458e+03
6.799652824503284555e-17 5.262058910262090857e-17 7.394375279835114270e+03
1.226149710177247400e-16 5.479105491652474814e-17 7.395126761607401022e+03
2.943504425412143927e-16 5.702517446758250839e-17 7.395878247546191233e+03
1.477515683362683380e-16 5.913679699555577743e-17 7.396629737651639516e+03
2.957126575448987498e-16 6.030754833518148452e-17 7.397381231923894120e+03
1.660542636565783181e-17 6.067089417087785961e-17 7.398132730363105111e+03
1.604398790644911559e-16 5.988789605358988713e-17 7.398884232969421646e+03
8.966706888773348294e-17 5.874870959819786771e-17 7.399635739742994701e+03
3.303337458835241169e-16 5.759648650796400511e-17 7.400387250683974344e+03
1.722437272882673504e-16 5.672909374164803605e-17 7.401138765792511549e+03
7.359196183000822592e-17 5.633825278298862816e-17 7.401890285068753656e+03
2.297384710945479486e-16 5.611701172509222810e-17 7.402641808512853459e+03
1.054035341339140263e-16 5.580361149512484958e-17 7.403393336124958296e+03
7.512992107581160077e-17 5.593104312116918120e-17 7.404144867905220053e+03
2.309682549311935731e-18 5.599390255126147448e-17 7.404896403853786978e+03
1.278787266810304943e-16 5.614802710120780768e-17 7.405647943970810957e+03
1.963183048465053064e-16 5.597294638024505220e-17 7.406399488256441145e+03
2.710014672704245632e-16 5.547098454008568570e-17 7.407151036710827611e+03
2.030279201162378877e-16 5.433346126021799730e-17 7.407902589334122240e+03
9.954969997285077533e-17 5.225555203871781073e-17 7.408654146126470550e+03
1.743411327537281193e-16 4.933408926513186778e-17 7.409405707088026247e+03
2.696725538890691622e-16 4.674842396550637962e-17 7.410157272218937578e+03
2.176605945618036056e-16 4.502681319891469123e-17 7.410908841519355519e+03
1.596151780580018695e-16 4.385497766489896990e-17 7.411660414989430137e+03
4.804988737568525992e-17 4.350067642266724889e-17 7.412411992629310589e+03
2.211779381177551170e-17 4.343430571274529336e-17 7.413163574439146032e+03
6.258494757105948831e-17 4.339795910225589425e-17 7.413915160419090171e+03
8.943421036455810157e-17 4.338402755269834678e-17 7.414666750569289434e+03
5.630011339300776625e-17 4.331680358572057604e-17 7.415418344889895707e+03
1.948415902653498689e-16 4.338093713940421013e-17 7.416169943381057237e+03
1.761880458784358553e-16 4.349675533728631459e-17 7.416921546042924092e+03
1.553016876584579438e-16 4.340947487443639485e-17 7.417673152875649976e+03
8.628878872610731529e-17 4.340807589764041833e-17 7.418424763879380407e+03
1.923230072359104099e-16 4.340797428039697804e-17 7.419176379054268182e+03
5.290918330055387503e-17 4.325039117993987389e-17 7.419927998400458819e+03
1.018839193269477831e-16 4.318115143851455482e-17 7.420679621918107841e+03
1.758221255919906846e-16 4.327956230511112089e-17 7.421431249607363497e+03
3.328869449594398334e-17 4.366760844452426578e-17 7.422182881468375854e+03
7.091544342652776683e-17 4.433794704403756742e-17 7.422934517501292248e+03
6.697859946332031128e-17 4.518894113176538601e-17 7.423686157706267295e+03
8.587397513200653165e-17 4.595459864739130040e-17 7.424437802083446513e+03
1.613045451321935616e-16 4.647907448830812185e-17 7.425189450632980879e+03
1.707762125930356202e-16 4.661619539927099653e-17 7.425941103355024097e+03
6.803222948740820320e-17 4.669262450624337056e-17 7.426692760249725325e+03
7.792640964839589053e-17 4.671769155651078373e-17 7.427444421317228262e+03
1.949858661622732380e-16 4.677265489715305101e-17 7.428196086557689341e+03
2.165558198576066138e-16 4.688376714540724166e-17 7.428947755971256811e+03
8.574637547127865303e-19 4.710346205335241237e-17 7.429699429558078918e+03
2.052570281792492979e-16 4.753095218635282381e-17 7.430451107318309369e+03
6.521748758311790920e-17 4.853587581749436111e-17 7.431202789252094590e+03
7.562754306392508895e-17 4.990663089245359841e-17 7.431954475359585558e+03
1.059897066248316730e-16 5.135997310770490530e-17 7.432706165640935069e+03
1.723595877315862949e-16 5.257994771366214348e-17 7.433457860096289551e+03
1.221668258623797596e-16 5.328766548543548706e-17 7.434209558725799070e+03
1.559249569060549121e-16 5.306164931923329487e-17 7.434961261529615513e+03
1.632861893092292718e-16 5.295695848596948219e-17 7.435712968507887126e+03
2.045631144293661945e-16 5.244457328641770221e-17 7.436464679660766706e+03
3.250560695719729038e-17 5.176621120999434814e-17 7.437216394988401589e+03
2.215648476704824410e-16 5.103735222173720599e-17 7.437968114490941844e+03
2.295376951243247739e-16 5.059197520901634663e-17 7.438719838168539354e+03
6.933875717048472442e-17 5.032070111014020662e-17 7.439471566021342369e+03
-2.619719701687834876e-17 5.022719155312397399e-17 7.440223298049500954e+03
1.616462922784274614e-16 5.022311708840804367e-17 7.440975034253166996e+03
9.936052772825101607e-17 5.016396393937063876e-17 7.441726774632488741e+03
7.019087682708171918e-17 5.017068219197619787e-17 7.442478519187615348e+03
1.896993845668417459e-16 5.006150950056576938e-17 7.443230267918697791e+03
1.583464130860780016e-16 4.956244673094383121e-17 7.443982020825889776e+03
1.480748038584192984e-16 4.871288961459217877e-17 7.444733777909334094e+03
1.874014110491385999e-16 4.734835559759634207e-17 7.445485539169185358e+03
8.534602996348413043e-17 4.584930589711224182e-17 7.446237304605594545e+03
1.473372287329532335e-16 4.425438540683707495e-17 7.446989074218708993e+03
1.517193773312094455e-16 4.323216750560409857e-17 7.447740848008677858e+03
2.049454508536062085e-16 4.266857046956418793e-17 7.448492625975654846e+03
-1.660945133136642985e-17 4.261148201920196338e-17 7.449244408119786385e+03
3.504061648838346565e-17 4.252930539320308339e-17 7.449996194441225271e+03
7.402607582564605235e-17 4.252493961859164706e-17 7.450747984940118840e+03
7.417687642269821798e-17 4.253486956292050600e-17 7.451499779616620799e+03
2.045198287021301942e-16 4.263772416661561670e-17 7.452251578470877575e+03
1.178500240240808988e-16 4.269537566158532561e-17 7.453003381503040146e+03
1.333087893657571996e-16 4.271831539475568111e-17 7.453755188713258576e+03
1.213251398981686611e-16 4.289620192689277822e-17 7.454507000101685662e+03
1.097345074678045031e-16 4.314663021336630789e-17 7.455258815668466013e+03
1.255427223512333739e-16 4.353536928358489046e-17 7.456010635413753334e+03
1.030751742465230776e-16 4.387145568787112468e-17 7.456762459337694963e+03
3.151061631017849400e-17 4.424379858803359855e-17 7.457514287440445514e+03
4.314655936148839585e-17 4.461991907800735427e-17 7.458266119722150506e+03
1.264168009902937769e-16 4.504579067351578352e-17 7.459017956182960916e+03
5.084217639306643961e-17 4.559923227730876375e-17 7.459769796823029537e+03
1.414659994989432515e-16 4.598254206975540574e-17 7.460521641642502800e+03
1.095233221431496322e-16 4.791446372461305312e-17 7.461273490641531680e+03
1.830549704059258609e-16 4.760161730002797384e-17 7.462025343820267153e+03
1.688425922675657087e-16 4.764391013605889645e-17 7.462777201178860196e+03
7.401790935930069372e-17 4.788057661415817007e-17 7.463529062717457236e+03
5.165210543732242417e-17 4.854891631791923447e-17 7.464280928436211070e+03
1.478752373039246466e-16 4.939481145222049593e-17 7.465032798335271764e+03
5.549928749422443590e-17 5.032739420365744872e-17 7.465784672414787565e+03
2.877516254978149711e-17 5.128314789716278191e-17 7.466536550674907630e+03
1.477415429238745665e-16 5.228273202585411468e-17 7.467288433115786574e+03
2.170236737950969134e-16 5.303620493241153206e-17 7.468040319737570826e+03
1.327500012347459074e-16 5.365151765534551377e-17 7.468792210540410451e+03
1.040303943813939413e-16 5.380978271330576560e-17 7.469544105524457336e+03
1.219765359924109013e-16 5.401848351450382165e-17 7.470296004689858819e+03
8.561312350085826780e-17 5.381981106653750537e-17 7.471047908036769513e+03
8.528649606591815278e-17 5.390206152009832260e-17 7.471799815565332210e+03
2.244182272441922087e-16 5.436252536897537677e-17 7.472551727275704252e+03
2.016090747336843106e-16 5.507658207387590053e-17 7.473303643168030248e+03
3.316445029874230194e-17 5.570189164287690451e-17 7.474055563242462085e+03
3.313983879148893782e-16 5.600475118773200924e-17 7.474807487499149829e+03
1.825582953099906222e-16 5.646870893516675088e-17 7.475559415938245365e+03
5.373995178157353441e-17 5.710186684507251800e-17 7.476311348559896032e+03
1.377472611472139583e-16 5.776405456804053550e-17 7.477063285364250987e+03
1.889992849825763010e-16 5.842056806690102735e-17 7.477815226351465753e+03
1.087773966283003449e-16 5.857132873741371494e-17 7.478567171521684941e+03
8.837088669796216652e-17 5.833547567320888337e-17 7.479319120875061344e+03
5.925568681817691972e-17 5.844935232215313208e-17 7.480071074411742302e+03
7.563154575547733595e-17 5.690036565424418890e-17 7.480823032131876971e+03
7.756951622603437817e-17 5.594979983897990704e-17 7.481574994035621785e+03
2.883356277661727291e-16 5.533451294450044514e-17 7.482326960123120443e+03
1.074176070198085365e-16 5.494200245401765723e-17 7.483078930394525742e+03
1.772777227472487629e-16 5.483537285452466238e-17 7.483830904849985018e+03
2.327832621910811448e-16 5.455412706728803478e-17 7.484582883489654705e+03
1.204706837631323286e-16 5.428514649914393239e-17 7.485334866313677594e+03
-9.577964331098044481e-18 5.347248632707619602e-17 7.486086853322207389e+03
7.329930898849972349e-17 5.310497307166346327e-17 7.486838844515392339e+03
1.715099242917206337e-16 5.235976387740207277e-17 7.487590839893384327e+03
1.374599517269659646e-16 5.155993271097029165e-17 7.488342839456332513e+03
1.691520554783789813e-16 5.084893308595212868e-17 7.489094843204385143e+03
2.992218647596262609e-16 5.002885394534938485e-17 7.489846851137695921e+03
2.011666930654738891e-16 4.897608357204214948e-17 7.490598863256411278e+03
7.039680553691510437e-17 4.752689732040653023e-17 7.491350879560683097e+03
5.007657573878383510e-17 4.637309229321093586e-17 7.492102900050661447e+03
1.411375436617340676e-16 4.572374335851315510e-17 7.492854924726497302e+03
7.637737074349763226e-17 4.542241488444070575e-17 7.493606953588336182e+03
8.972926724109803446e-17 4.532806664485144998e-17 7.494358986636332702e+03
1.034452002900745813e-16 4.520671752498613832e-17 7.495111023870636018e+03
5.802855870349816959e-17 4.511502777232864075e-17 7.495863065291392559e+03
2.344247598299197664e-16 4.500604330218148798e-17 7.496615110898757848e+03
1.810959908115230119e-16 4.494651317301202946e-17 7.497367160692877405e+03
-1.350320004257295482e-17 4.491419809309192736e-17 7.498119214673904935e+03
4.916481823752532156e-17 4.459626044165432418e-17 7.498871272841988684e+03
-3.890337649124721432e-17 4.441465867825094630e-17 7.499623335197276901e+03
2.724108142741166950e-16 4.418554653867458611e-17 7.500375401739921472e+03
5.212501297521512221e-17 4.393952053662810865e-17 7.501127472470072462e+03
2.021665492489123132e-17 4.337789537208218211e-17 7.501879547387881757e+03
3.069237503042913904e-16 4.310300515944502377e-17 7.502631626493493968e+03
8.047485070545203455e-17 4.298146720694090250e-17 7.503383709787061889e+03
6.277594935505284700e-17 4.299205905846738222e-17 7.504135797268737406e+03
1.579850045781072201e-16 4.296654257865079291e-17 7.504887888938668766e+03
1.352575364183479735e-16 4.298801258838393619e-17 7.505639984797007855e+03
6.723732722658530625e-17 4.303932215110167212e-17 7.506392084843901102e+03
1.095023895054675537e-16 4.295106929850413831e-17 7.507144189079502212e+03
2.206365108935308988e-16 4.296172394351814063e-17 7.507896297503957612e+03
8.502726221323105078e-18 4.304442908981378161e-17 7.508648410117418280e+03
-1.582916473203687950e-17 4.320032893041372222e-17 7.509400526920037009e+03
1.629770105536557733e-16 4.347380083411258652e-17 7.510152647911962049e+03
2.674489074096763007e-16 4.389015479410901059e-17 7.510904773093342556e+03
6.042065777017582897e-18 4.408686633139160739e-17 7.511656902464328596e+03
1.643115521733633594e-16 4.451774345022472689e-17 7.512409036025071146e+03
1.251949401103676971e-16 4.479015262573602198e-17 7.513161173775720272e+03
1.102384213483735861e-16 4.499244166967453445e-17 7.513913315716425132e+03
5.779449939828016223e-17 4.540150740112406483e-17 7.514665461847336701e+03
1.479349677606307070e-16 4.626981363377437487e-17 7.515417612168603227e+03
1.989176124284413888e-16 4.802321429600630014e-17 7.516169766680377506e+03
4.527877158693946423e-17 5.078257805440047477e-17 7.516921925382806876e+03
1.669496845269738451e-16 5.427778242169722538e-17 7.517674088276043221e+03
1.445689748898456449e-16 5.771627051491044003e-17 7.518426255360234791e+03
9.901874096080599281e-17 6.025572945378426264e-17 7.519178426635533469e+03
1.103482556840110994e-16 6.156614166973476817e-17 7.519930602102086596e+03
4.261507099524642677e-17 6.207480400166297421e-17 7.520682781760046055e+03
1.966702955800853612e-16 6.227802777291111003e-17 7.521434965609564642e+03
-4.879994411735417336e-17 6.252996144925039820e-17 7.522187153650786968e+03
2.037775727141215985e-16 6.283414676326677204e-17 7.522939345883865826e+03
1.397625176608431844e-16 6.335246598274280851e-17 7.523691542308950375e+03
7.788693544184480583e-17 6.393232242897355150e-17 7.524443742926192499e+03
1.793884766458775147e-16 6.423817440574714103e-17 7.525195947735739537e+03
1.119563312566430902e-16 6.496561833539985175e-17 7.525948156737743375e+03
-5.125731138051604786e-17 6.473885362191285413e-17 7.526700369932354079e+03
7.438312513783412065e-17 6.539189869427748306e-17 7.527452587319719896e+03
4.074400274936944032e-16 6.444174927806006196e-17 7.528204808899992713e+03
4.433233268645059963e-17 6.395093661336666360e-17 7.528957034673319868e+03
1.407432249277646049e-16 6.279257002434296461e-17 7.529709264639855064e+03
2.269309288906042524e-16 6.103809894776088288e-17 7.530461498799744732e+03
1.924991419976023005e-16 5.831520075614136380e-17 7.531213737153143484e+03
3.827178022554890973e-16 5.566752993226606208e-17 7.531965979700196840e+03
2.429248170048287867e-16 5.192878287843547566e-17 7.532718226441056686e+03
1.114503669775736109e-16 5.028190470700331290e-17 7.533470477375873088e+03
1.413459697641307423e-16 4.988002546544829473e-17 7.534222732504795204e+03
7.751560503125340234e-17 4.989052984692253246e-17 7.534974991827972190e+03
1.497231928088198280e-16 4.982362393896016902e-17 7.535727255345557751e+03
2.807530310177051380e-16 4.956454866585345109e-17 7.536479523057698316e+03
8.336280781383652760e-17 4.867880230234189888e-17 7.537231794964543951e+03
2.270132439018991832e-16 4.767790421513818222e-17 7.537984071066248362e+03
1.019089317920301574e-16 4.664426162315567670e-17 7.538736351362957066e+03
8.275634896944857272e-17 4.587062862337404832e-17 7.539488635854824679e+03
1.596986819517614192e-16 4.531296959490317260e-17 7.540240924541994900e+03
8.788141684987009466e-18 4.545370964294774462e-17 7.540993217424624163e+03
1.474448094225325501e-16 4.866271499202984506e-17 7.541745514502859805e+03
1.698320187833576214e-16 4.544140587767847550e-17 7.542497815776851894e+03
1.166680266006122772e-16 4.519494911851273904e-17 7.543250121246748677e+03
2.256351658057303871e-16 4.521199499936492728e-17 7.544002430912702039e+03
1.311093423736109684e-16 4.517244914299490350e-17 7.544754744774862047e+03
1.567902270616238450e-16 4.509145520244069603e-17 7.545507062833379678e+03
3.128155664051943142e-16 4.494714295265123960e-17 7.546259385088401359e+03
1.147451842115781650e-16 4.469617321592727233e-17 7.547011711540079887e+03
-3.798202471624460186e-17 4.445019129547454268e-17 7.547764042188564417e+03
1.515035253550936599e-16 4.422981797796845755e-17 7.548516377034005927e+03
3.203005655191207606e-16 4.420646827547288426e-17 7.549268716076554483e+03
-3.240284440312790752e-17 4.448157903911719189e-17 7.550021059316359242e+03
5.214157176426745491e-17 4.517629211259010469e-17 7.550773406753569361e+03
1.471597119850607263e-16 4.604588075035743012e-17 7.551525758388337636e+03
2.117298915229219716e-16 4.674575434930540927e-17 7.552278114220810494e+03
-4.294261294283501850e-17 4.728582623013006659e-17 7.553030474251139822e+03
2.292055631010883847e-16 4.749507383443956129e-17 7.553782838479475686e+03
5.842978518617362316e-17 4.760379972184360124e-17 7.554535206905968153e+03
1.204984186182079909e-16 4.767291111163599075e-17 7.555287579530767289e+03
1.492857355440598485e-16 4.819410332211859794e-17 7.556039956354023161e+03
2.543786703115776704e-16 4.777263407701714026e-17 7.556792337375884017e+03
9.227575442178545969e-17 4.774040139223895706e-17 7.557544722596503561e+03
4.345839325195896698e-17 4.776627664642291443e-17 7.558297112016027313e+03
3.841975279163712999e-17 4.771012205322005889e-17 7.559049505634608977e+03
2.025765390277740098e-16 4.778845558701376808e-17 7.559801903452396800e+03
-8.747409660666407844e-18 4.792691021357859741e-17 7.560554305469540850e+03
1.389007529074904014e-16 4.813914376274780549e-17 7.561306711686191193e+03
1.104254727539988058e-16 4.849536674773985082e-17 7.562059122102496985e+03
1.424076666715280040e-16 4.864202045061659600e-17 7.562811536718609204e+03
4.740776773057114756e-17 4.893815934040553278e-17 7.563563955534678826e+03
-9.384581624443049451e-17 4.983988029028553186e-17 7.564316378550855006e+03
1.987944909800761807e-16 5.133559446659403343e-17 7.565068805767287813e+03
1.517324656312353806e-16 5.326816487721641776e-17 7.565821237184127313e+03
2.927710140149175741e-16 5.513116940711038048e-17 7.566573672801523571e+03
1.391779462019824809e-16 5.650047725693157426e-17 7.567326112619625746e+03
4.888464280437134406e-17 5.728551610208037980e-17 7.568078556638585724e+03
-1.119181125995725349e-16 5.752084027465345384e-17 7.568831004858549022e+03
7.676462370102826165e-17 5.738669279689419699e-17 7.569583457279671165e+03
-1.110803874437446296e-16 5.734081309920450718e-17 7.570335913902097673e+03
7.484304553817547222e-17 5.737424294859319496e-17 7.571088374725984067e+03
1.816115034806470008e-16 5.741298359429193294e-17 7.571840839751474050e+03
1.141536752812627056e-16 5.761885015452678014e-17 7.572593308978724053e+03
4.067815479385217673e-17 5.755594510370194908e-17 7.573345782407876868e+03
1.293502021798860473e-16 5.741514487625775310e-17 7.574098260039088927e+03
2.307048602053102648e-16 5.719781336147159195e-17 7.574850741872505751e+03
6.775673678446668527e-17 5.692690157202912997e-17 7.575603227908281042e+03
-3.921051378522745278e-17 5.662499907062745719e-17 7.576355718146560321e+03
2.587965501770940614e-16 5.608660907320504899e-17 7.577108212587499111e+03
5.622471934361901977e-17 5.517283364201495049e-17 7.577860711231242021e+03
1.416303343781273995e-16 5.374882048746197897e-17 7.578613214077942757e+03
2.355117836524073838e-16 5.197676246916072752e-17 7.579365721127749566e+03
2.640269358124529566e-16 5.038484350769072488e-17 7.580118232380813424e+03
3.326611948470321768e-16 4.926706920754491002e-17 7.580870747837283488e+03
6.456369603599027804e-17 4.872886260305563638e-17 7.581623267497310735e+03
6.747423259180130109e-17 4.842352141630652869e-17 7.582375791361044321e+03
1.240118647184744529e-16 4.826120368566308635e-17 7.583128319428635223e+03
1.257571070343833798e-16 4.813015784447631785e-17 7.583880851700231688e+03
-4.110064588658220339e-18 4.810241467328103289e-17 7.584633388175984692e+03
7.172241528402975736e-17 4.804470977783100432e-17 7.585385928856047030e+03
1.645883476268918560e-16 4.800391807790331589e-17 7.586138473740564223e+03
2.137649046965903164e-16 4.798027856165615356e-17 7.586891022829685426e+03
2.661567082600634601e-16 4.800762809915308777e-17 7.587643576123566163e+03
-1.007311056367483336e-17 4.778900703365912803e-17 7.588396133622352863e+03
1.452387055513906797e-16 4.750509740203560630e-17 7.589148695326197412e+03
2.031827944626852620e-16 4.748484766042187789e-17 7.589901261235248967e+03
-3.838561662479641523e-18 4.747661564061379062e-17 7.590653831349655775e+03
1.016671134828931868e-16 4.756997112857371090e-17 7.591406405669569722e+03
4.996857163529091952e-17 4.761669310688854396e-17 7.592158984195139965e+03
3.618434088225177952e-17 4.732391755051506059e-17 7.592911566926519299e+03
1.648543930431060858e-16 4.656198425202688216e-17 7.593664153863853244e+03
1.673031231548032209e-16 4.554462794500247787e-17 7.594416745007294594e+03
2.605117854888974246e-16 4.462966430920486143e-17 7.595169340356991597e+03
-3.318343745658331557e-17 4.373012106091034964e-17 7.595921939913097958e+03
3.261454596784904699e-17 4.324585962306257480e-17 7.596674543675759196e+03
8.260075115427367811e-17 4.279396381779098614e-17 7.597427151645128106e+03
1.706134749809465227e-17 4.228173656938623348e-17 7.598179763821352026e+03
1.237744041941495043e-16 4.180519964338690132e-17 7.598932380204583751e+03
-9.426194436007116214e-17 4.141324465856019293e-17 7.599685000794975167e+03
1.683767823888762203e-16 4.105549615066469267e-17 7.600437625592669974e+03
8.879706233895156341e-17 4.082386541245137353e-17 7.601190254597822786e+03
3.194821837359898850e-17 4.060672222871456227e-17 7.601942887810582761e+03
-2.427454974972128532e-17 4.043942169614831217e-17 7.602695525231098145e+03
8.907334155945597130e-17 4.015462144013526413e-17 7.603448166859523553e+03
7.465475535582115637e-17 3.973074803079985267e-17 7.604200812696002686e+03
1.075882737890413219e-16 3.930973332780142451e-17 7.604953462740690156e+03
1.340618587606272519e-16 3.823429970951579829e-17 7.605706116993733303e+03
1.859758862982415243e-17 3.719060127364751357e-17 7.606458775455284922e+03
9.797739647844808287e-17 3.643666299645269048e-17 7.607211438125493260e+03
-6.684762987016635031e-17 3.619879922902375665e-17 7.607964105004509292e+03
5.208925993743512433e-17 3.628000012330728059e-17 7.608716776092478540e+03
5.826178611455832195e-17 3.670393076576266198e-17 7.609469451389559254e+03
-7.780203326388876725e-17 3.719110646981981182e-17 7.610222130895895134e+03
7.254144634692826615e-17 3.818561152584528131e-17 7.610974814611638067e+03
-5.001573705134602879e-17 3.938580243860778899e-17 7.611727502536938118e+03
4.308742283947520626e-17 4.081214996666321165e-17 7.612480194671946265e+03
-1.978637155690148212e-17 4.206134422215620689e-17 7.613232891016808935e+03
1.709018317999294058e-17 4.287687787854015127e-17 7.613985591571680743e+03
1.448244319377873576e-16 4.326954518223541751e-17 7.614738296336708117e+03
6.611903449014799638e-17 4.390099867695053829e-17 7.615491005312042944e+03
1.475742479469345439e-16 4.437824543974563795e-17 7.616243718497835289e+03
-6.383487169550687099e-17 4.471786867705062798e-17 7.616996435894234310e+03
3.280827769205140363e-17 4.497514518374862953e-17 7.617749157501390982e+03
2.094371837904711495e-16 4.508451557218915611e-17 7.618501883319453555e+03
-9.276421548787176194e-17 4.518364947709636672e-17 7.619254613348573912e+03
-3.739396109746832439e-17 4.534830858773374850e-17 7.620007347588903031e+03
2.372326905763071613e-17 4.569802261246714160e-17 7.620760086040589158e+03
1.281587887184609634e-16 4.622453078838996763e-17 7.621512828703780542e+03
1.355417604441486411e-16 4.697978627343482916e-17 7.622265575578629978e+03
4.492968603179675798e-17 4.769498226708650134e-17 7.623018326665286622e+03
2.092089570684261223e-16 4.819216198129978883e-17 7.623771081963899633e+03
-4.877083939251842977e-17 4.808538252920708350e-17 7.624523841474619985e+03
1.076801576411273049e-17 4.732003650471708239e-17 7.625276605197597746e+03
2.134274923900788217e-16 4.641784803288767979e-17 7.626029373132982982e+03
1.578295679833818135e-16 4.551413318260985918e-17 7.626782145280924851e+03
-1.439328214488339824e-16 4.493785254154698158e-17 7.627534921641575238e+03
2.924593522274961148e-17 4.469971170619871195e-17 7.628287702215082390e+03
1.936514362082999881e-16 4.438828728285544678e-17 7.629040487001595466e+03
5.442601128758588276e-17 4.413022362145187215e-17 7.629793276001266349e+03
1.247947144866521842e-16 4.389959961245550211e-17 7.630546069214247836e+03
1.425386540805262760e-16 4.379303075673054694e-17 7.631298866640683627e+03
-1.060709789415204484e-17 4.380951072741807538e-17 7.632051668280726517e+03
1.868307021587627266e-16 4.380577601320985271e-17 7.632804474134527482e+03
4.536276868599974528e-17 4.367457736242235427e-17 7.633557284202235678e+03
1.163026773447165742e-16 4.336743606332494347e-17 7.634310098484001173e+03
2.072864103831605502e-17 4.325699655646139698e-17 7.635062916979972215e+03
1.341602183551516038e-16 4.280454342082604622e-17 7.635815739690302507e+03
7.145732337894010166e-17 4.146824244499234798e-17 7.636568566615140298e+03
1.037597659368479710e-16 4.075453568085923417e-17 7.637321397754636564e+03
-1.961148777922029097e-17 4.024401185558749549e-17 7.638074233108938643e+03
3.220437805333271275e-17 4.005913479678109189e-17 7.638827072678196600e+03
1.132366864804121513e-17 4.019002966885532217e-17 7.639579916462564142e+03
3.557155664560814306e-17 4.012640187623492995e-17 7.640332764462187697e+03
1.805167222410302731e-16 4.026962848165198842e-17 7.641085616677220969e+03
6.531306789561916508e-17 4.043705128766339187e-17 7.641838473107810387e+03
7.115544082757420653e-17 4.053764550045959548e-17 7.642591333754106927e+03
9.061836307366514054e-17 4.078711596462672117e-17 7.643344198616261565e+03
2.086317714863493355e-16 4.097730590029673466e-17 7.644097067694422549e+03
3.485429835325720937e-17 4.110711330380732944e-17 7.644849940988742674e+03
-2.513094196403544651e-17 4.141010241289816121e-17 7.645602818499368368e+03
1.212401733277790300e-16 4.185915464242220944e-17 7.646355700226454246e+03
8.312227262701759339e-17 4.300875171718372103e-17 7.647108586170144918e+03
8.793251688048898928e-17 4.326143563552677538e-17 7.647861476330595906e+03
1.468566059881606264e-16 4.361089337242611896e-17 7.648614370707953640e+03
6.155966869139196748e-17 4.625809783214800066e-17 7.649367269302369095e+03
-2.454053577010807795e-18 4.411359744042089461e-17 7.650120172113989611e+03
5.877917672384837445e-17 4.385561671703563843e-17 7.650873079142969800e+03
2.165859907017576375e-16 4.399971626616991861e-17 7.651625990389458821e+03
-7.515450469359687263e-18 4.414880942481353884e-17 7.652378905853603101e+03
-1.073482635613728815e-17 4.429229202215376309e-17 7.653131825535556345e+03
2.337729617496407917e-16 4.446629047473457676e-17 7.653884749435467711e+03
9.897067101358829563e-17 4.488761203347668241e-17 7.654637677553484536e+03
1.012894117483204609e-16 4.555675153462852771e-17 7.655390609889762345e+03
5.727648669722032916e-17 4.668729477993798806e-17 7.656143546444443928e+03
7.142014981087005073e-17 4.767423877059100844e-17 7.656896487217685717e+03
1.784594900486052337e-16 4.840971045914980645e-17 7.657649432209635052e+03
1.736920054031276462e-16 4.882669221617997559e-17 7.658402381420441088e+03
1.194952424918593626e-16 4.877176616342082496e-17 7.659155334850256622e+03
-7.547967106860116019e-18 4.851147302438530103e-17 7.659908292499228992e+03
1.150322500525448236e-16 4.808818649926053617e-17 7.660661254367508263e+03
1.741587853056634116e-16 4.766554924907690695e-17 7.661414220455246323e+03
6.950296685860166839e-17 4.737952950386187465e-17 7.662167190762594146e+03
6.068638254846674291e-17 4.729618155280355262e-17 7.662920165289697252e+03
1.070129931145624738e-16 4.733491582262606820e-17 7.663673144036707527e+03
2.278598233455722156e-16 4.750800641094887676e-17 7.664426127003777765e+03
7.229662867418461411e-17 4.758088376221356579e-17 7.665179114191055305e+03
-1.415212594468246947e-17 4.727041700041457433e-17 7.665932105598690214e+03
2.092826580299102976e-16 4.742089395713101189e-17 7.666685101226833467e+03
2.104764457748546005e-16 4.735627877599191801e-17 7.667438101075635132e+03
1.814394816930684760e-16 4.713727630872465233e-17 7.668191105145243455e+03
1.270566767380942446e-16 4.663043440760864512e-17 7.668944113435809413e+03
8.164298138235502056e-17 4.566761407146326191e-17 7.669697125947484892e+03
9.935900256025203332e-17 4.462746660387737289e-17 7.670450142680419049e+03
1.214037141575377783e-16 4.373653658104230293e-17 7.671203163634758312e+03
1.485504805368650135e-16 4.332705478053080417e-17 7.671956188810658205e+03
1.764658042563351320e-17 4.317134614104003437e-17 7.672709218208265156e+03
3.261524406881623068e-17 4.318715438721037098e-17 7.673462251827729233e+03
1.274775472239213634e-16 4.333059671270394527e-17 7.674215289669200502e+03
1.347614679746238353e-16 4.362216497887016246e-17 7.674968331732830848e+03
5.525352318327348017e-17 4.931915286287989092e-17 7.675721378018770338e+03
1.153049947708711425e-16 4.528459049065216099e-17 7.676474428527168129e+03
1.768859564297288072e-16 4.425317048090406039e-17 7.677227483258173379e+03
1.373439806884157910e-16 4.455692281959870304e-17 7.677980542211937063e+03
2.578382937695300034e-16 4.505709068674531302e-17 7.678733605388608339e+03
1.850777498519536877e-16 4.551007793141512113e-17 7.679486672788338183e+03
-9.154992727354946035e-19 4.615449021709679594e-17 7.680239744411274842e+03
8.929895694989470778e-17 4.669287718258964908e-17 7.680992820257572021e+03
1.300729230357921109e-16 4.720794086911232473e-17 7.681745900327376148e+03
2.141829816876242032e-16 4.765911174369063902e-17 7.682498984620839110e+03
7.447472186488219875e-17 4.800930475269264071e-17 7.683252073138108244e+03
8.723717791920214339e-17 4.837262988958926375e-17 7.684005165879338165e+03
1.066326154789974305e-16 4.885355421443212280e-17 7.684758262844673482e+03
2.322012046509173510e-16 4.937481802047796073e-17 7.685511364034269718e+03
1.154032661526399361e-16 4.987637650155825968e-17 7.686264469448273303e+03
-3.774452437697728906e-17 5.034898980411882783e-17 7.687017579086834303e+03
8.704105778466866647e-17 5.063144142402957698e-17 7.687770692950105513e+03
1.646966912823092017e-16 5.084350941957920204e-17 7.688523811038235181e+03
3.146090290986520415e-16 5.147102556195935927e-17 7.689276933351369735e+03
1.677265507838366954e-16 5.113401528874240878e-17 7.690030059889666518e+03
8.604119262662907033e-17 5.123983723322155233e-17 7.690783190653270140e+03
7.152288674483433861e-17 5.086506597024712207e-17 7.691536325642331576e+03
1.385276930970577342e-16 5.112476191994595869e-17 7.692289464857001803e+03
1.018106508190293158e-16 5.130861543325613277e-17 7.693042608297429979e+03
2.226453751228809541e-17 5.160925675585798018e-17 7.693795755963767988e+03
1.622684116233852333e-16 5.161830400690519241e-17 7.694548907856164078e+03
2.295718672984761733e-16 5.151353593725715013e-17 7.695302063974768316e+03
2.467511472718404293e-16 5.136252564934574436e-17 7.696055224319731678e+03
1.736796988633704045e-16 5.120248986187163295e-17 7.696808388891202412e+03
5.409566728470279743e-17 5.100531738965168448e-17 7.697561557689332403e+03
1.779491473110393827e-16 5.083641181808624595e-17 7.698314730714271718e+03
1.269289055326054045e-16 5.076003593875919225e-17 7.699067907966167695e+03
1.785336207709664367e-16 4.999918995669125585e-17 7.699821089445174039e+03
1.166797976659976748e-16 4.962278138558884329e-17 7.700574275151437178e+03
-7.733121773854365555e-17 4.935853344898696865e-17 7.701327465085109907e+03
1.808021170573061315e-17 4.915293756326736798e-17 7.702080659246341384e+03
2.522375591827324878e-16 4.915845324550199919e-17 7.702833857635279855e+03
2.449612070877276044e-16 4.949282310727437048e-17 7.703587060252079027e+03
5.254676984290375019e-17 5.063183302785302358e-17 7.704340267096888056e+03
2.856307208173074142e-17 5.302028640168236659e-17 7.705093478169852460e+03
2.400682425520940519e-16 5.677997747515444297e-17 7.705846693471127764e+03
3.422362105155802668e-16 6.115431789799782152e-17 7.706599913000860397e+03
3.738603397732267104e-17 6.512417984800821982e-17 7.707353136759203153e+03
4.050061486992606774e-17 6.839544445876496737e-17 7.708106364746303370e+03
1.256900169576786864e-16 7.143641500166358469e-17 7.708859596962312935e+03
8.154627334291432688e-17 7.558862502878391991e-17 7.709612833407381004e+03
1.237739015458465302e-16 7.790689148401379827e-17 7.710366074081659463e+03
1.307158498009003722e-16 8.157165787604916477e-17 7.711119318985294740e+03
8.517923740794027737e-17 8.450438345556542464e-17 7.711872568118438721e+03
6.705093150267163506e-17 8.650605007948591648e-17 7.712625821481244202e+03
2.417073428189127215e-16 8.695424722013412781e-17 7.713379079073856701e+03
9.870468144257364441e-17 8.744003973669213558e-17 7.714132340896429014e+03
8.678531389708868151e-17 8.839120348863232239e-17 7.714885606949108478e+03
1.981233333725495014e-16 8.902738542675546202e-17 7.715638877232047889e+03
3.354412202101633781e-17 8.987225465605747829e-17 7.716392151745396404e+03
1.245733879961447748e-16 8.978098709152021438e-17 7.717145430489304090e+03
-1.275568901311253362e-16 8.974014070323825490e-17 7.717898713463921013e+03
2.318451011033959250e-16 8.919394658538232081e-17 7.718652000669394511e+03
6.952851304514931921e-17 8.733806599435350953e-17 7.719405292105878289e+03
1.976352596036276512e-16 8.514053718054241043e-17 7.720158587773521504e+03
4.245152550622225970e-16 8.221585402443699527e-17 7.720911887672474222e+03
1.894548870485936095e-16 8.007083142667308933e-17 7.721665191802885602e+03
-8.211706422725706591e-17 7.715243090136696578e-17 7.722418500164907528e+03
1.785621268073829829e-16 7.458476690179384616e-17 7.723171812758686428e+03
2.067535591742002461e-16 7.082936605234563692e-17 7.723925129584373281e+03
2.821784616754657818e-16 6.705169359624457853e-17 7.724678450642122698e+03
1.342534039942822334e-16 6.292378579043927170e-17 7.725431775932080200e+03
1.758566241913742865e-16 6.008381959751277250e-17 7.726185105454396762e+03
2.901436798959473191e-16 5.803996049657100125e-17 7.726938439209219723e+03
1.660080900434985628e-16 5.733593633255237371e-17 7.727691777196705516e+03
1.676612178295024172e-16 5.734961389713146367e-17 7.728445119416999660e+03
2.125868430409119653e-17 5.723046396638179555e-17 7.729198465870253131e+03
3.568514019897251281e-17 5.749662793064896807e-17 7.729951816556614176e+03
3.708695366138669580e-16 5.809224910707581816e-17 7.730705171476238320e+03
2.461408580524518501e-16 5.703469644319811665e-17 7.731458530629266534e+03
7.557311573564764654e-17 5.515695147892666395e-17 7.732211894015857979e+03
-2.903960191437670426e-17 5.360974966133520263e-17 7.732965261636158175e+03
2.709467411452957147e-16 5.230816528256863006e-17 7.733718633490315369e+03
1.606449869242094614e-16 5.119842215511440569e-17 7.734472009578483267e+03
5.814103691654790341e-17 5.060851171518343139e-17 7.735225389900811933e+03
3.963156385750716426e-17 5.016419260898203518e-17 7.735978774457449617e+03
1.334836168960247615e-16 4.995540535923554412e-17 7.736732163248545476e+03
2.045998534800728640e-16 4.981511194811812468e-17 7.737485556274252303e+03
1.197348483983775426e-16 4.975760067736554296e-17 7.738238953534717439e+03
3.371552282863270952e-16 4.979157579608924155e-17 7.738992355030093677e+03
-1.792652478778232738e-17 5.001476885959341575e-17 7.739745760760526537e+03
8.486054496757988793e-17 5.022487721617120144e-17 7.740499170726170632e+03
6.556612983571675098e-17 5.061664450245836157e-17 7.741252584927173302e+03
4.685071793380581585e-17 5.183927786704565380e-17 7.742006003363687341e+03
7.991655660527841445e-17 5.415078148633516246e-17 7.742759426035860088e+03
6.697075996586531595e-17 5.860397499412582605e-17 7.743512852943842518e+03
8.030518729472423842e-17 6.505315793103705278e-17 7.744266284087783788e+03
1.051178150251869795e-16 7.191356972584505415e-17 7.745019719467835785e+03
2.414264565251028728e-16 7.645133792319893591e-17 7.745773159084146755e+03
2.256139663313991624e-16 7.897057088677379102e-17 7.746526602936867675e+03
9.301982066008917511e-17 7.987773579746505241e-17 7.747280051026149522e+03
2.173955834500637675e-16 8.002947034762856777e-17 7.748033503352138723e+03
1.267146756091109247e-16 7.991986667975777575e-17 7.748786959914988984e+03
7.989280432776341867e-17 7.994108140311837097e-17 7.749540420714849461e+03
-9.413102996494429720e-18 8.010529858764184263e-17 7.750293885751868402e+03
1.359582678442234356e-16 8.045030647440935693e-17 7.751047355026198602e+03
3.973098147655112192e-16 8.049729108236524190e-17 7.751800828537987400e+03
1.064139762916355599e-16 8.144134508034293415e-17 7.752554306287387590e+03
2.594523420915815055e-17 8.276676465299160280e-17 7.753307788274545601e+03
-7.117356798116247178e-17 8.494986968897021848e-17 7.754061274499614228e+03
2.151912865332617749e-16 8.590991273144210452e-17 7.754814764962744448e+03
1.725928690471554832e-16 8.506911756633714366e-17 7.755568259664080870e+03
3.200286439207011117e-16 8.335050147928976540e-17 7.756321758603780836e+03
1.131185036014955297e-16 8.046016036905229259e-17 7.757075261781988956e+03
3.595926898445918383e-16 7.738191936673110988e-17 7.757828769198857117e+03
4.822839364718130933e-16 7.069316782074151830e-17 7.758582280854535384e+03
3.017847733751269607e-16 6.559890428709390976e-17 7.759335796749172914e+03
8.892067989823786682e-17 6.206039070945798308e-17 7.760089316882922503e+03
-8.381710972339219939e-17 6.055772089863000852e-17 7.760842841255932399e+03
2.207266953732436384e-16 6.026604646808390116e-17 7.761596369868349939e+03
1.274056158975738356e-16 6.038811130005084652e-17 7.762349902720328828e+03
-6.691890493720902442e-17 6.078769663338964745e-17 7.763103439812018223e+03
-1.022237704302058038e-18 6.184866597591418850e-17 7.763856981143567282e+03
1.855844728928168707e-16 6.372335674979032338e-17 7.764610526715125161e+03
6.688712008022395090e-17 6.695447413995119333e-17 7.765364076526845565e+03
1.293595874343628738e-16 7.112196937315298119e-17 7.766117630578875833e+03
2.112518214065868176e-16 7.520253676318209108e-17 7.766871188871366030e+03
1.326542257849384664e-16 7.898027762684787492e-17 7.767624751404466224e+03
1.899509186855271796e-16 8.176379994727017297e-17 7.768378318178326481e+03
-6.609683773632123732e-17 8.408554265500895223e-17 7.769131889193097777e+03
1.697265300657321875e-16 8.639202755041331668e-17 7.769885464448926541e+03
2.340456131267188568e-16 8.784370315027472117e-17 7.770639043945970116e+03
4.739582408269437429e-17 8.842055755225111493e-17 7.771392627684370382e+03
-8.127453155441812973e-17 8.836493127249574399e-17 7.772146215664282863e+03
4.717549337748375302e-17 8.869859186574052205e-17 7.772899807885854898e+03
7.812292595504765971e-17 8.996672114403370422e-17 7.773653404349237462e+03
-2.666957292470686073e-16 9.148271185612057587e-17 7.774407005054581532e+03
1.831013239536992346e-16 9.196550540275529116e-17 7.775160610002034446e+03
-7.136445728150910985e-17 9.219355475455800985e-17 7.775914219191748998e+03
-1.972689315697959219e-16 9.154904277418348844e-17 7.776667832623874347e+03
2.417674261133501633e-16 9.029922382003747450e-17 7.777421450298557829e+03
1.998917937159247612e-16 8.896350770977739697e-17 7.778175072215954970e+03
1.509716560532999377e-17 8.688605186661545747e-17 7.778928698376211287e+03
4.288374174150065033e-16 8.380587421896661962e-17 7.779682328779477757e+03
3.389867202414312853e-16 7.949633208304470122e-17 7.780435963425905356e+03
2.187023805538941234e-16 7.465408666202861467e-17 7.781189602315644152e+03
1.784813613774159206e-16 6.983580399327117721e-17 7.781943245448843300e+03
5.982266258548671418e-16 6.500568314068956430e-17 7.782696892825651958e+03
2.728322268310833554e-16 6.130674323504852347e-17 7.783450544446222921e+03
-8.119421562023211467e-18 5.922558068542282317e-17 7.784204200310701708e+03
1.872913931695184067e-16 5.867378157985701990e-17 7.784957860419244753e+03
1.804763530097363451e-16 5.927655156355872873e-17 7.785711524771996665e+03
6.301170021316651341e-17 6.075746898182066826e-17 7.786465193369111148e+03
5.648604236003826881e-17 6.334872768641811546e-17 7.787218866210732813e+03
-4.706147102671609556e-17 6.661073944581952101e-17 7.787972543297019001e+03
8.255313343488171712e-17 6.980555671718771586e-17 7.788726224628113414e+03
3.017482703924020332e-16 7.213441222991093229e-17 7.789479910204170665e+03
2.957708111709817002e-16 7.331433736933029163e-17 7.790233600025338092e+03
9.607117706102586175e-17 7.371768047306147375e-17 7.790987294091766671e+03
7.550511075305915428e-17 7.340106196258460153e-17 7.791740992403605560e+03
5.022456215561187325e-17 7.298849442659728771e-17 7.792494694961005735e+03
3.179474923421106507e-16 7.296775948730872395e-17 7.793248401764116352e+03
-3.856152258678674345e-17 7.314396044760536554e-17 7.794002112813090207e+03
2.203174578499381925e-16 7.302810058341107779e-17 7.794755828108072819e+03
1.346656426149117142e-16 7.301180054636078434e-17 7.795509547649216074e+03
2.030766642103725660e-16 7.297453245552069701e-17 7.796263271436671857e+03
-2.472637742829050838e-16 7.275569887508703188e-17 7.797016999470586597e+03
5.428492265705175895e-17 7.237525270145061710e-17 7.797770731751115818e+03
1.697010294425398681e-16 7.202779298734687759e-17 7.798524468278403219e+03
6.466736965310632169e-17 7.107260224566212441e-17 7.799278209052603415e+03
3.221984029103775530e-16 6.967896516626826892e-17 7.800031954073864654e+03
2.780130458717656990e-16 6.736503581351715188e-17 7.800785703342336092e+03
3.519234169825090046e-16 6.412006706839029360e-17 7.801539456858170524e+03
7.438757433417699517e-17 6.112969641264352021e-17 7.802293214621515290e+03
3.285632262593315039e-16 5.916905636127095603e-17 7.803046976632521364e+03
5.466050056605517876e-17 5.844838762204697570e-17 7.803800742891338814e+03
1.989781756755459805e-16 5.842769510742398743e-17 7.804554513398117706e+03
1.949955150797331371e-16 5.856398969690644453e-17 7.805308288153006288e+03
9.170232886732109817e-17 5.877352322799334520e-17 7.806062067156158264e+03
2.262252476287608329e-16 5.888946065479264349e-17 7.806815850407721882e+03
2.650534059749895948e-16 5.908617198470824311e-17 7.807569637907845390e+03
1.814484296842613629e-16 5.934163853273203514e-17 7.808323429656680673e+03
-1.626081871567932931e-16 5.962409996589836582e-17 7.809077225654377798e+03
1.366962307638569688e-16 5.988100611413312060e-17 7.809831025901085013e+03
3.956191693496047028e-16 6.032358311345939171e-17 7.810584830396956932e+03
1.132884957853808578e-16 6.067494736189151260e-17 7.811338639142137254e+03
1.110662062622758316e-17 6.060025804567803078e-17 7.812092452136780594e+03
2.573792467388697158e-16 6.171510372153290805e-17 7.812846269381036109e+03
9.879327490470098138e-17 6.281584602948757789e-17 7.813600090875051137e+03
7.261437481212084313e-17 6.559944837424668884e-17 7.814353916618978474e+03
4.323296819316753906e-17 6.946765915066228145e-17 7.815107746612968185e+03
3.073436131706049570e-16 7.360833892392709621e-17 7.815861580857168519e+03
1.241897257470277867e-16 7.609904211666472206e-17 7.816615419351732271e+03
1.680908980848993375e-16 7.740455803431304655e-17 7.817369262096806779e+03
2.257435310218935735e-16 7.756413555574803796e-17 7.818123109092543018e+03
1.663381445666393315e-16 7.712940329391202311e-17 7.818876960339092875e+03
1.489591095018255832e-16 7.701514863017037973e-17 7.819630815836601869e+03
1.503482023314967673e-16 7.693260626665605733e-17 7.820384675585222794e+03
1.079520893450290195e-16 7.945508513487805540e-17 7.821138539585106628e+03
1.880444344278986063e-16 7.766997176012037353e-17 7.821892407836403436e+03
1.777434945119768382e-16 7.734094528616003828e-17 7.822646280339258738e+03
9.299580607001169454e-17 7.728266996204805763e-17 7.823400157093829876e+03
3.247862576182190221e-16 7.726205492967508107e-17 7.824154038100261459e+03
2.590035150708570531e-17 7.720142592306736258e-17 7.824907923358703556e+03
7.344048699885636595e-17 7.691752429473216049e-17 7.825661812869309870e+03
1.452339239562342275e-16 7.624173970342147089e-17 7.826415706632225920e+03
1.589907435120994797e-16 7.485688894571676349e-17 7.827169604647605411e+03
3.243294862554737386e-16 7.185826719437407432e-17 7.827923506915596590e+03
3.705275027991264251e-16 6.687146818848368921e-17 7.828677413436349525e+03
3.573226312188780329e-16 6.063194129341141662e-17 7.829431324210015191e+03
3.422153629476606310e-16 5.458245683239654901e-17 7.830185239236742746e+03
4.010790926946574602e-16 5.029174662531224797e-17 7.830939158516683165e+03
1.494587122160354429e-16 4.825790297386232615e-17 7.831693082049983786e+03
1.137351212533861027e-16 4.792906729066801646e-17 7.832447009836796497e+03
-4.342830057828274675e-17 4.838651681717409886e-17 7.833200941877275000e+03
2.365355759922782132e-17 4.951880740509933103e-17 7.833954878171562086e+03
2.343803499094035569e-17 5.138804739134746530e-17 7.834708818719813280e+03
2.603741411663871757e-16 5.368187938192455786e-17 7.835462763522176829e+03
1.930661480498350924e-16 5.575134879337285194e-17 7.836216712578803708e+03
1.625519489170091928e-16 5.695840598652242599e-17 7.836970665889840348e+03
1.274990405146498483e-16 5.742732959490447175e-17 7.837724623455440451e+03
1.836954921202938138e-16 5.755355366451910084e-17 7.838478585275754085e+03
1.056905808700398858e-16 5.745087872407078670e-17 7.839232551350927679e+03
1.842855475513890330e-16 5.746336968229488435e-17 7.839986521681117665e+03
6.908856346367193157e-17 5.753390380994488175e-17 7.840740496266465925e+03
1.722448618710057277e-16 5.755402361010017391e-17 7.841494475107128892e+03
4.148891514801065627e-16 5.785265219181334012e-17 7.842248458203252994e+03
6.555563282919274959e-17 5.860915087716157981e-17 7.843002445554990118e+03
-2.752142436742036021e-17 5.953071573126300023e-17 7.843756437162491238e+03
2.344567070654562354e-16 6.093688956093931328e-17 7.844510433025904604e+03
2.285473699075678034e-16 6.317489375018051893e-17 7.845264433145380281e+03
-1.368868160267358452e-16 6.606817211323621824e-17 7.846018437521068336e+03
1.185799977361900052e-16 7.052557592334611418e-17 7.846772446153118835e+03
2.219407392645410616e-16 7.504277277983524335e-17 7.847526459041682756e+03
2.929787885890768138e-16 7.877323678934614115e-17 7.848280476186909254e+03
1.766538172204068633e-16 8.039703629642754677e-17 7.849034497588947488e+03
7.000406297650775595e-17 8.140593185565384531e-17 7.849788523247947523e+03
7.508075460302811255e-17 8.094083779162526067e-17 7.850542553164063975e+03
2.703291087958018913e-18 8.134245496413522351e-17 7.851296587337441451e+03
7.256528053835129684e-17 8.190468615215928683e-17 7.852050625768231839e+03
7.580747799311341808e-17 8.285076964342430965e-17 7.852804668456586114e+03
1.933622363041944652e-17 8.393834603752322773e-17 7.853558715402651615e+03
-5.497523210912041558e-18 8.574020922382045346e-17 7.854312766606581135e+03
-5.600660787037683636e-19 8.717859871151042820e-17 7.855066822068523834e+03
6.962146371421003943e-17 8.847647830005622512e-17 7.855820881788628867e+03
1.483666285335848592e-16 8.880929122465094028e-17 7.856574945767046302e+03
5.906388976141597794e-17 8.813961323491235633e-17 7.857329014003926204e+03
1.008420350253033729e-16 8.687648382146575491e-17 7.858083086499422279e+03
5.479233043772746397e-17 8.516659872489941483e-17 7.858837163253680046e+03
2.068862179018091971e-16 8.368195955273620760e-17 7.859591244266848662e+03
3.417591097127179784e-16 8.100572478931518524e-17 7.860345329539082741e+03
2.084898326933069306e-16 7.680485966139498857e-17 7.861099419070529621e+03
3.394743581012692657e-16 7.284568001995303284e-17 7.861853512861340278e+03
2.983943267429266522e-16 6.987326384122438633e-17 7.862607610911662960e+03
-3.556895738220766631e-17 6.990747805830491314e-17 7.863361713221649552e+03
-4.416662399225781810e-17 7.117456120481487120e-17 7.864115819791450122e+03
8.668739628740483571e-17 7.349320309062330513e-17 7.864869930621212916e+03
6.720163710707470721e-17 7.508499503411269213e-17 7.865624045711089821e+03
-8.653915938601064990e-18 7.523030300534911431e-17 7.866378165061230902e+03
2.759971697452997053e-16 7.453837850559470300e-17 7.867132288671782590e+03
2.020984323171201085e-16 7.255257787547632640e-17 7.867886416542898587e+03
1.839483753599599260e-16 7.035013985116159349e-17 7.868640548674729871e+03
1.629300923950673987e-16 6.844534552750546494e-17 7.869394685067421960e+03
6.731838982090804817e-17 6.725858424161688694e-17 7.870148825721130379e+03
7.606882811473859399e-17 6.706114647055818973e-17 7.870902970636000646e+03
1.066831511666464813e-16 6.749237329285629340e-17 7.871657119812183737e+03
2.210876823518639348e-16 6.885355307473664355e-17 7.872411273249834267e+03
-2.636918058342866376e-17 7.041483679845866159e-17 7.873165430949093206e+03
3.253492798495756469e-16 7.169605896302788757e-17 7.873919592910118809e+03
3.387384528970186466e-17 7.259937906283439048e-17 7.874673759133058411e+03
9.372409619256634034e-17 7.296687081399612332e-17 7.875427929618060261e+03
9.872017851492877818e-17 7.281067469927841624e-17 7.876182104365277155e+03
4.052942376662688549e-16 6.319556025714361580e-17 7.996696990893757174e+03
3.896380082185931404e-16 5.701863447201805790e-17 7.997472517478992813e+03
2.230917216019668865e-16 5.275752074940644857e-17 7.998247987042852401e+03
5.442155334190031584e-17 5.081388285734750406e-17 7.999023399653618981e+03
9.029540792018281038e-18 5.042425444280421525e-17 7.999798755379578324e+03
2.061434104445855735e-16 5.021827985548734519e-17 8.000574054289014384e+03
1.041780541860311598e-16 5.040570996773159338e-17 8.001349296450208385e+03
1.052626523645423513e-16 5.111792027973683548e-17 8.002124481931447917e+03
9.049672012766798200e-17 5.280459375888363514e-17 8.002899610801016934e+03
7.666250053685931696e-17 5.492681401983622068e-17 8.003674683127196658e+03
1.250320927978174252e-16 5.703923862802551327e-17 8.004449698978274682e+03
1.181055212058191331e-16 5.856393711398832281e-17 8.005224658422534048e+03
2.277981763598652567e-16 5.944071193990868867e-17 8.005999561528258710e+03
1.090760371904815743e-16 5.917356993674828827e-17 8.006774408363732618e+03
1.518104642693368996e-16 5.944872809104883612e-17 8.007549198997240637e+03
6.254953488987000069e-18 5.967778949846590866e-17 8.008323933497067628e+03
1.421253612159755674e-16 6.009814488737553066e-17 8.009098611931494816e+03
1.933126605049224218e-16 6.033098110531306846e-17 8.009873234368811609e+03
1.290794783507861554e-16 6.066099901716566872e-17 8.010647800877297414e+03
-2.188873128983024371e-17 6.104055764257460322e-17 8.011422311525240730e+03
1.753256319779888024e-16 6.134170396373672554e-17 8.012196766380920963e+03
3.967309158284015943e-17 6.190782024556157981e-17 8.012971165512624793e+03
9.541658256665292064e-17 6.330634478065784615e-17 8.013745508988637084e+03
-7.250632565897341877e-17 6.566525131038642193e-17 8.014519796877241788e+03
7.092289615615134839e-17 6.947293043449041206e-17 8.015294029246721948e+03
2.868025724768041135e-16 7.347558997354148746e-17 8.016068206165362426e+03
1.639226385300644234e-16 7.593587037804388775e-17 8.016842327701448085e+03
4.217289171919614515e-16 7.730577186795589363e-17 8.017616393923263786e+03
2.217574504687289659e-16 7.608550796649349054e-17 8.018390404899091664e+03
1.782754440396717377e-16 7.608762500313536810e-17 8.019164360697215670e+03
1.210439795224169410e-16 7.530969220333109851e-17 8.019938261385921578e+03
2.664697633832691282e-16 7.578812594396300142e-17 8.020712107033494249e+03
2.826821683772445305e-16 7.596662274668671175e-17 8.021485897708214907e+03
5.082224104207599552e-17 7.567367048444646812e-17 8.022259633478373871e+03
1.569890583525308896e-16 7.538603443353015352e-17 8.023033314412248728e+03
1.124958633940867008e-16 7.463378353113245332e-17 8.023806940578126159e+03
1.963460766653537970e-16 7.453266649811896690e-17 8.024580512044291027e+03
1.745262651720833739e-17 7.389876232744153709e-17 8.025354028879026373e+03
2.524840936504302873e-16 7.448922619021688606e-17 8.026127491150617061e+03
1.332151500598825879e-16 7.384109107760510722e-17 8.026900898927347953e+03
2.934534733135562764e-16 7.325085197929055630e-17 8.027674252277503911e+03
3.971562703312543887e-16 7.059080083711362433e-17 8.028447551269366159e+03
3.437175074269011382e-16 6.644242201426797793e-17 8.029220795971219559e+03
4.386925034925163704e-16 6.122312439954282244e-17 8.029993986451350793e+03
2.464403845403315855e-16 5.634051853218621001e-17 8.030767122778042904e+03
1.538457012973300866e-16 5.316407509475298336e-17 8.031540205019582572e+03
4.348183986142433128e-18 5.145212019257131630e-17 8.032313233244247385e+03
1.090090136483100365e-16 5.227448291618645705e-17 8.033086207520328571e+03
9.168425590478537443e-17 4.970206370975074845e-17 8.033859127916104626e+03
8.559656300972264964e-17 4.878064967425542078e-17 8.034631994499864959e+03
9.879820513903502207e-17 4.838455152599452800e-17 8.035404807339889885e+03
2.507494786683700809e-16 4.824655735098009994e-17 8.036177566504466995e+03
-7.011336516657620641e-17 4.788248911140665484e-17 8.036950272061877513e+03
1.148619721518826064e-16 4.788921094200067998e-17 8.037722924080406301e+03
1.417831681595599272e-16 4.777833776861897770e-17 8.038495522628340041e+03
1.706989169572279673e-16 4.782127761360003571e-17 8.039268067773959046e+03
5.681833780338206987e-17 4.810325142767371952e-17 8.040040559585550909e+03
9.964291594254399689e-17 4.877025788910154771e-17 8.040812998131399581e+03
1.966743988624232813e-17 4.982615327958674519e-17 8.041585383479785378e+03
3.581971333013456213e-17 5.139349756708177982e-17 8.042357715698996799e+03
4.666600170777546036e-17 5.285920200174077765e-17 8.043129994857317797e+03
3.181790845071185402e-17 5.400048022140713343e-17 8.043902221023030506e+03
7.511001692605073463e-18 5.454425205594137681e-17 8.044674394264420698e+03
1.741529159492055346e-16 5.471189301068311915e-17 8.045446514649770506e+03
6.292867551236195165e-17 5.465278133479048909e-17 8.046218582247365703e+03
3.759939345512534206e-17 5.462539796773497883e-17 8.046990597125492968e+03
8.724121146459757170e-17 5.475749513188683457e-17 8.047762559352431708e+03
1.127376738171506344e-16 5.474224461348263519e-17 8.048534468996471333e+03
1.145835605659792563e-16 5.487810650287135960e-17 8.049306326125891246e+03
8.791735880588406671e-17 5.509420259574722226e-17 8.050078130808977221e+03
1.083894418049109895e-16 5.580755898760003286e-17 8.050849883114016848e+03
5.746248113085144514e-17 5.713399464072364122e-17 8.051621583109288622e+03
7.012294876340949410e-17 5.945823555119687898e-17 8.052393230863081044e+03
7.782052384765174029e-17 6.194419847936406937e-17 8.053164826443677157e+03
6.276623266264485925e-17 6.392253090087764939e-17 8.053936369919360914e+03
9.957046711349428226e-17 6.531885693244634563e-17 8.054707861358416267e+03
1.812940483898025551e-16 6.494408234542407946e-17 8.055479300829127169e+03
1.385992322234778151e-16 6.403539247516026652e-17 8.056250688399780302e+03
1.417058637434497866e-16 6.303214855035840354e-17 8.057022024138657798e+03
2.112571377655000646e-16 6.198923036063563971e-17 8.057793308114042702e+03
7.281615442762512806e-17 6.135962819091287164e-17 8.058564540394223513e+03
9.745103120729286778e-17 6.116739547705849659e-17 8.059335721047479637e+03
3.103165192346431730e-17 6.111611886082583976e-17 8.060106850142095936e+03
5.225221014054431677e-17 6.089603699859412872e-17 8.060877927746361820e+03
-1.138006481139424154e-16 6.115480985755657156e-17 8.061648953928555784e+03
7.046933170928935636e-18 6.115549507002842933e-17 8.062419928756964509e+03
6.302737874238032029e-17 6.070910493570406975e-17 8.063190852299872859e+03
2.169912663283487732e-16 6.055121545678508373e-17 8.063961724625562056e+03
1.744813656220847674e-16 6.031255897141359191e-17 8.064732545802319692e+03
1.594974881580766538e-16 6.244529088980656066e-17 8.065503315898428809e+03
1.760456037996022167e-16 6.099777241474065234e-17 8.066274034982172452e+03
2.166456788454884513e-16 5.516057164606398132e-17 8.067044703121838211e+03
1.557276068790103028e-16 5.118523141300924518e-17 8.067815320385705490e+03
2.069136581104836473e-17 4.911619385109501968e-17 8.068585886842063701e+03
2.316226305844007553e-16 4.888158063593110765e-17 8.069356402559191338e+03
9.740372161015435812e-17 4.812190408095666632e-17 8.070126867605378720e+03
1.377102558230247964e-16 4.795383843054440442e-17 8.070897282048905254e+03
-3.745851379203638743e-17 4.794871026162786338e-17 8.071667645958059438e+03
7.454197232764907944e-17 4.796044581134747217e-17 8.072437959401119770e+03
3.451744213590238570e-17 4.796506071312632186e-17 8.073208222446373838e+03
2.150388284209290187e-16 4.800089689456434429e-17 8.073978435162109236e+03
1.656087649736367306e-16 4.809148006952883890e-17 8.074748597616605366e+03
6.724052119070838987e-17 4.836529399741032921e-17 8.075518709878148002e+03
9.973126442345272632e-17 4.870962401905506985e-17 8.076288772015021095e+03
3.004431731637798992e-17 4.892135611168761629e-17 8.077058784095509509e+03
1.141321646817791782e-16 5.000252750858836561e-17 8.077828746187897195e+03
-4.581025391804642510e-17 4.942907489668539847e-17 8.078598658360468107e+03
2.095185425772824268e-16 4.923832128289487746e-17 8.079368520681508016e+03
1.520533176040745374e-16 4.908903743249539807e-17 8.080138333219299966e+03
1.076116828849166472e-16 4.902329825267325223e-17 8.080908096042125180e+03
1.673725809652238754e-16 4.934182858814834328e-17 8.081677809218273069e+03
5.888986171111479445e-17 4.977096604433820380e-17 8.082447472816026675e+03
8.446543289406560830e-17 4.877796472513697036e-17 8.083217086903667223e+03
1.584066360161598932e-16 4.916412066077861797e-17 8.083986651549481394e+03
1.146254048648793737e-17 4.966849050062256495e-17 8.084756166821754050e+03
6.561519547451302920e-18 5.031132559835904533e-17 8.085525632788767325e+03
1.407503366048560206e-16 5.108010825878550468e-17 8.086295049518806991e+03
1.487014139497088129e-16 5.149863177487377878e-17 8.087064417080157000e+03
1.159639658247902072e-16 5.151501590636390116e-17 8.087833735541101305e+03
1.717841496896002387e-16 5.176380509597130259e-17 8.088603004969922949e+03
1.574136286334593750e-16 5.100974296863155279e-17 8.089372225434910433e+03
4.545041861687720406e-17 5.075018758269349274e-17 8.090141397004342252e+03
6.999069749671382931e-17 5.063967745520117898e-17 8.090910519746506907e+03
1.271467808336910502e-16 5.069744510685074811e-17 8.091679593729687440e+03
5.326365254419005621e-17 5.110863021441902552e-17 8.092448619022166895e+03
7.493666309216673108e-18 5.211367573106239343e-17 8.093217595692231043e+03
-4.775045364136346037e-17 5.359838769387373988e-17 8.093986523808163838e+03
2.100010543486255628e-16 5.487481102181186478e-17 8.094755403438249232e+03
2.369284661205175704e-16 5.605474527690103914e-17 8.095524234650772996e+03
4.100070384028414170e-17 5.663394605107825769e-17 8.096293017514014537e+03
2.608061349578546908e-17 5.679785247701268995e-17 8.097061752096265991e+03
5.545750579700348283e-17 5.651970421226216967e-17 8.097830438465803127e+03
-7.558666409660188264e-18 5.619999374303922178e-17 8.098599076690916263e+03
1.284345149877993284e-16 5.555864992814240726e-17 8.099367666839887534e+03
9.951802949795712167e-17 5.518528240584372734e-17 8.100136208980999982e+03
3.264650708289508243e-17 5.484173108583675495e-17 8.100904703182541198e+03
5.658339298630746010e-17 5.468950299248905980e-17 8.101673149512791497e+03
3.266499283009245173e-16 5.475508553699463912e-17 8.102441548040036650e+03
2.220055237631768858e-16 5.479004011334930126e-17 8.103209898832563340e+03
7.660137676888933443e-17 5.483356216706429461e-17 8.103978201958652789e+03
1.065710280538384714e-16 5.465762982967933330e-17 8.104746457486589861e+03
1.688236983920693522e-16 5.451934455696693069e-17 8.105514665484657598e+03
1.665990650768774101e-16 5.498076829881460951e-17 8.106282826021143592e+03
1.276845946611104305e-16 5.287938523511383790e-17 8.107050939164330885e+03
2.425392477572482119e-16 5.145759135453291805e-17 8.107819004982499791e+03
1.958156320831449360e-16 5.006516538990613898e-17 8.108587023543942450e+03
2.278200115144502556e-16 4.910718806915836611e-17 8.109354994916936448e+03
1.142288078082718801e-16 4.816774295049026264e-17 8.110122919169768466e+03
-2.291872037557811051e-17 4.780206404430396754e-17 8.110890796370722455e+03
2.193993538615301344e-17 4.759783020926430808e-17 8.111658626588083280e+03
8.669020696383438757e-17 4.750713167871749628e-17 8.112426409890133073e+03
4.212231542870160563e-17 4.744263433196289263e-17 8.113194146345158515e+03
4.009335117261879330e-17 4.746305528121059959e-17 8.113961836021442650e+03
1.779920707471935001e-16 4.750316873685266955e-17 8.114729478987270340e+03
1.534882724552443421e-16 4.731415583852810178e-17 8.115497075310924629e+03
3.612974160235368638e-16 5.006127761858914994e-17 8.116264625060690378e+03
1.591613953453435848e-16 5.139207430450419497e-17 8.117032128304854268e+03
1.898068925760775872e-16 4.723124784874514733e-17 8.117799585111696615e+03
-5.111351806905378061e-21 4.736795989204544867e-17 8.118566995549504099e+03
1.471781940489091465e-16 4.763563976204820448e-17 8.119334359686561584e+03
1.111686218500099875e-16 4.791015119915763327e-17 8.120101677591151201e+03
1.243045120715286900e-16 4.784595273833937608e-17 8.120868949331556905e+03
1.271839524603075821e-16 4.801507753787619551e-17 8.121636174976065377e+03
1.050769540667719083e-16 4.804788601423358893e-17 8.122403354592959658e+03
2.005573038729432979e-16 4.812957439859790040e-17 8.123170488250521885e+03
1.167264654485489199e-16 4.831290383435839758e-17 8.123937576017040556e+03
1.426276269168915173e-16 4.840766353021795506e-17 8.124704617960798714e+03
-3.564900565586039049e-17 4.840941259494599349e-17 8.125471614150078494e+03
1.234123075425420078e-16 4.854102449017624620e-17 8.126238564653164758e+03
1.159314986338916248e-16 4.873010157627985825e-17 8.127005469538342368e+03
3.320450102231476139e-17 4.898167617930341037e-17 8.127772328873898005e+03
1.482160805200127317e-16 4.875388059924229349e-17 8.128539142728111983e+03
6.979161651360540358e-17 4.890857714106483040e-17 8.129305911169270075e+03
3.347444506308422590e-17 4.912428329181193824e-17 8.130072634265654415e+03
1.430246977553065461e-16 4.954103500273886184e-17 8.130839312085554411e+03
2.363291182409885830e-16 5.009311286901933049e-17 8.131605944697250379e+03
1.396572853254775814e-16 5.216477334721171098e-17 8.132372532169027181e+03
1.793087125055574106e-16 5.097654684986416513e-17 8.133139074569169679e+03
7.444201126235222117e-17 5.054694104350739867e-17 8.133905571965960917e+03
7.268166948124437824e-17 5.049727238197781017e-17 8.134672024427686665e+03
4.856574023384416676e-17 5.046121151607321407e-17 8.135438432022632696e+03
2.763737696550811487e-17 5.063978055769256756e-17 8.136204794819077506e+03
6.805146147755576541e-17 5.061975467878821898e-17 8.136971112885310504e+03
1.100976557662536135e-16 5.076588964925909628e-17 8.137737386289616552e+03
9.134811704004196734e-17 5.115395729172629257e-17 8.138503615100275056e+03
1.339277408526470410e-16 5.179134055619956238e-17 8.139269799385574515e+03
8.373793153522670808e-17 5.218520709045588808e-17 8.140035939213797974e+03
3.433058933772995233e-17 5.282267022775871351e-17 8.140802034653230294e+03
4.142593214206496568e-17 5.278563534955600180e-17 8.141568085772152699e+03
7.951471722038246611e-18 5.253606566225046076e-17 8.142334092638851871e+03
1.212460562394156985e-16 5.260496168049808625e-17 8.143100055321612672e+03
2.344567096340977648e-17 5.243871977921955476e-17 8.143865973888719054e+03
1.834760856048487111e-16 5.314819217468901321e-17 8.144631848408453152e+03
1.006564439822201323e-16 5.168070869878260592e-17 8.145397678949102556e+03
1.087285746486470081e-17 5.121651592176611568e-17 8.146163465578947580e+03
3.032301400113320222e-17 5.083125657602788003e-17 8.146929208366278544e+03
6.810535314068941770e-17 5.061743272681146046e-17 8.147694907379373035e+03
1.195312230073263025e-16 5.054530400682406262e-17 8.148460562686519552e+03
1.120032952400303749e-16 5.092230947333235044e-17 8.149226174356001138e+03
1.175175222302392384e-16 5.052513528539863345e-17 8.149991742456099928e+03
8.487684497414085531e-17 5.036336805997343523e-17 8.150757267055103512e+03
1.881908345544704459e-16 5.018725906788540157e-17 8.151522748221296752e+03
1.118775780768785705e-16 4.967768241950568592e-17 8.152288186022959962e+03
1.863144217067214557e-16 4.908613357349789410e-17 8.153053580528379825e+03
2.059745504709377307e-17 4.847456260456870215e-17 8.153818931805839384e+03
1.185386577236094468e-16 4.799587926377114814e-17 8.154584239923624409e+03
7.753825949276649709e-17 4.756278873645016128e-17 8.155349504950017945e+03
1.355594611991455899e-16 4.741928051618406650e-17 8.156114726953304853e+03
3.443966332985600118e-17 4.741374825375894898e-17 8.156879906001771815e+03
1.063846717393196216e-16 4.736707148825785058e-17 8.157645042163697326e+03
1.539657729035623184e-16 4.726569306133619556e-17 8.158410135507370796e+03
7.948464689435235192e-18 4.739068384655476125e-17 8.159175186101074360e+03
1.766381592265304690e-16 4.748985580288217200e-17 8.159940194013091968e+03
5.932081350708260718e-17 4.735803518736854439e-17 8.160705159311708485e+03
4.226859318125006106e-17 4.736096079171618150e-17 8.161470082065208771e+03
2.662789037589975110e-16 4.762562426390145436e-17 8.162234962341877690e+03
2.854723681096473491e-17 4.713780655036574850e-17 8.162999800209996465e+03
6.074315608676070537e-17 4.710887669437692986e-17 8.163764595737851778e+03
1.151643002081278070e-16 4.713585994318579383e-17 8.164529348993728490e+03
2.803464929897351547e-16 4.709091757162953109e-17 8.165294060045907827e+03
1.377292606693844272e-16 4.713535547745579334e-17 8.166058728962677378e+03
-2.248883997803077211e-18 4.722171515999525196e-17 8.166823355812319278e+03
8.232514424278201667e-17 4.714911984338884116e-17 8.167587940663119298e+03
9.383878308413583124e-17 4.706323160447788162e-17 8.168352483583361391e+03
4.293970136801547670e-17 4.683129348084602338e-17 8.169116984641326781e+03
9.702566199942577383e-17 4.694860393276216903e-17 8.169881443905303968e+03
1.373253357957385218e-16 4.715409650731968653e-17 8.170645861443575996e+03
1.319525884502799724e-16 4.710635200766710197e-17 8.171410237324427726e+03
9.058548194595703632e-17 4.714857176374041154e-17 8.172174571616140383e+03
8.155777183145076839e-17 4.774616085664364956e-17 8.172938864387001558e+03
1.032012354625699577e-16 4.749445021810608962e-17 8.173703115705294294e+03
3.393935524369698338e-17 4.752998954585396712e-17 8.174467325639300725e+03
4.103333163805396285e-17 4.755995868458293686e-17 8.175231494257309350e+03
3.884383541526750426e-17 4.772218817426761374e-17 8.175995621627602304e+03
1.117166616788328528e-16 4.779265967856473686e-17 8.176759707818463539e+03
3.299940370625034382e-17 4.790812433694428715e-17 8.177523752898177918e+03
1.173313880982088756e-16 4.819905691631222921e-17 8.178287756935029392e+03
6.177810569608683076e-17 4.827618201517462545e-17 8.179051719997300097e+03
1.167746669325824039e-16 4.870567660706896094e-17 8.179815642153278532e+03
9.846483287105845806e-17 4.893432639472949223e-17 8.180579523471247740e+03
9.386238475133631340e-17 4.986592046881708242e-17 8.181343364019488945e+03
1.687209100801662808e-16 5.202609081591561675e-17 8.182107163866290648e+03
9.395469705992436232e-17 4.917406210419752872e-17 8.182870923079934983e+03
3.606798797189144603e-17 4.938102575123267251e-17 8.183634641728705901e+03
9.027447461346743145e-17 4.935521502085139436e-17 8.184398319880885538e+03
8.079026362641085474e-17 4.936751209381105740e-17 8.185161957604766030e+03
7.916570145353293967e-17 4.942452195346484793e-17 8.185925554968623146e+03
-8.711902095129668347e-18 4.948119707191366459e-17 8.186689112040745385e+03
9.272695803514197395e-17 4.964471441938101204e-17 8.187452628889415791e+03
1.430723771694247725e-16 4.998050494402739965e-17 8.188216105582918317e+03
-2.137928046597080797e-17 5.031937427279279500e-17 8.188979542189539643e+03
3.402644457768454142e-17 5.059450964119376134e-17 8.189742938777560994e+03
1.921341817888787381e-16 5.079877747008784187e-17 8.190506295415265413e+03
9.114190982939461904e-17 5.085427015507061428e-17 8.191269612170945038e+03
1.581217548504026595e-16 5.083189764648153727e-17 8.192032889112875637e+03
4.022551407322730308e-17 5.125601472501764174e-17 8.192796126309343890e+03
3.419483908354539973e-16 5.074477441811514634e-17 8.193559323828636479e+03
1.262225262906892943e-16 5.048906534997862499e-17 8.194322481739036448e+03
1.092843709434795777e-16 5.034455296944680626e-17 8.195085600108825020e+03
4.332994310162783633e-17 5.020639662785274593e-17 8.195848679006288876e+03
1.060796218769677116e-16 5.011887847978941559e-17 8.196611718499718336e+03
3.564063993270084040e-17 5.011474340072853566e-17 8.197374718657385529e+03
1.077699614410683664e-16 5.016040883938524832e-17 8.198137679547580774e+03
1.054616553901128465e-16 5.027733284789303957e-17 8.198900601238592571e+03
2.772341478912100395e-16 5.022672146789968026e-17 8.199663483798700327e+03
1.320399513983649958e-16 5.023440541057548988e-17 8.200426327296187083e+03
1.143350325620453964e-16 5.021543242832811840e-17 8.201189131799343158e+03
1.978398363619777514e-17 5.006136961584724022e-17 8.201951897376446141e+03
8.199798581758795959e-17 4.988329223809667107e-17 8.202714624095780891e+03
5.369197401343611715e-17 4.998383962266989427e-17 8.203477312025639549e+03
2.031019755772237744e-16 6.040071775903172202e-17 8.204239961234297880e+03
2.007437204597701790e-16 5.012607615186508536e-17 8.205002571790042566e+03
2.249228181227541129e-16 4.941722234075438530e-17 8.205765143761158470e+03
7.266163644059331349e-17 4.939972003740824036e-17 8.206527677215930453e+03
2.381293091719593869e-17 4.944489753522294906e-17 8.207290172222641559e+03
1.197965550119425881e-16 4.945589346863793006e-17 8.208052628849574830e+03
2.156835751093768116e-17 4.953078651971246265e-17 8.208815047165018768e+03
-2.015613040586990733e-17 4.952288747524218530e-17 8.209577427237254597e+03
5.894353007400129887e-17 4.953852778329484078e-17 8.210339769134567177e+03
1.133270225281129350e-16 4.950616735362462396e-17 8.211102072925243192e+03
1.348694603618898013e-16 4.953035900492319108e-17 8.211864338677562046e+03
1.177067120127057724e-16 4.951411032569254803e-17 8.212626566459810419e+03
-8.359302937391189717e-20 4.943202628887247236e-17 8.213388756340271357e+03
1.410225566952419746e-16 4.946143912113529773e-17 8.214150908387236996e+03
1.782851308394317439e-16 4.942820301853664458e-17 8.214913022668977646e+03
-1.724797521979736281e-17 4.937131306994568640e-17 8.215675099253789085e+03
-1.920236931545029053e-17 4.935092003350230413e-17 8.216437138209948898e+03
1.361865836616083071e-16 4.940464511799128239e-17 8.217199139605745586e+03
6.118826992797505699e-17 4.953839976469146771e-17 8.217961103509460372e+03
2.403868916341824246e-16 4.954160220579281031e-17 8.218723029989383576e+03
8.664426595356930355e-17 4.903644315399758744e-17 8.219484919113790966e+03
8.394841470100272538e-17 4.879863958880611508e-17 8.220246770950971040e+03
1.594117490041045385e-16 4.862901980753768387e-17 8.221008585569208662e+03
6.654377930230056587e-17 4.882329417130149175e-17 8.221770363036786875e+03
-4.502191471116141105e-17 4.864669273000870103e-17 8.222532103421992360e+03
-1.425487865176903432e-17 4.830717987828029565e-17 8.223293806793106342e+03
1.294946834411359878e-16 4.814592748239459998e-17 8.224055473218411862e+03
4.182120430978613829e-17 4.793140045751852865e-17 8.224817102766197422e+03
1.662191643221412358e-16 4.792124689076849257e-17 8.225578695504744246e+03
9.452618860933490924e-17 4.782505229298488016e-17 8.226340251502340834e+03
4.310101620517520605e-17 4.781264485501196213e-17 8.227101770827266591e+03
4.789815500927996736e-17 4.786155841646233629e-17 8.227863253547810018e+03
1.052868124976917196e-16 4.789134936231738836e-17 8.228624699732248700e+03
-5.364521209060867190e-18 4.785956584885922597e-17 8.229386109448871139e+03
1.230699787539272423e-17 4.784111307960052598e-17 8.230147482765965833e+03
1.119683605243275687e-17 4.773550888290543787e-17 8.230908819751810370e+03
1.622912554591741936e-17 4.768501138158638357e-17 8.231670120474695068e+03
1.727179736444238797e-16 4.780314150148945725e-17 8.232431385002895695e+03
1.029679933001975428e-16 4.783998229678539534e-17 8.233192613404702570e+03
1.471012016244206947e-16 4.786924474935653330e-17 8.233953805748404193e+03
5.075262099145121569e-17 4.811424951517386490e-17 8.234714962102276331e+03
1.168897516051205105e-16 4.810041313630781049e-17 8.235476082534603847e+03
8.789041666377765662e-17 4.841442416800345207e-17 8.236237167113675241e+03
1.687385808511636514e-16 4.849038610235072076e-17 8.236998215907777194e+03
9.806719250933817467e-17 4.881631483679738831e-17 8.237759228985185473e+03
1.515942543195173045e-16 4.880327231477462293e-17 8.238520206414192216e+03
5.473215315415080613e-17 4.902385993357619331e-17 8.239281148263076830e+03
5.709385426460975381e-17 4.917119462813390909e-17 8.240042054600125994e+03
1.381079166161038088e-16 4.975596616570470182e-17 8.240802925493624571e+03
5.694067567144884101e-17 5.009185490430343419e-17 8.241563761011855604e+03
5.171053037983358302e-17 4.987785158584527351e-17 8.242324561223100318e+03
2.114321063107277022e-16 5.018871825848609807e-17 8.243085326195647212e+03
1.448110474983788061e-16 5.041966154734654965e-17 8.243846055997782969e+03
9.934504929926458894e-17 5.055556227262728677e-17 8.244606750697781536e+03
9.512560600664585918e-17 5.078046967842031382e-17 8.245367410363942327e+03
2.962267368031614491e-17 5.050148248037614722e-17 8.246128035064537471e+03
1.727669151996695780e-16 5.066012186579276342e-17 8.246888624867853650e+03
1.008439958119790270e-16 5.075905735462226103e-17 8.247649179842179365e+03
-3.972788815895575819e-17 5.075980157926240967e-17 8.248409700055792200e+03
1.906213797106527000e-16 5.073827818601085520e-17 8.249170185576982476e+03
6.414361305810079466e-17 5.036285398590304604e-17 8.249930636474033236e+03
1.314299953202446406e-16 5.028717130755907320e-17 8.250691052815229341e+03
5.054733331970605322e-17 5.027432557727729782e-17 8.251451434668852016e+03
9.014155351590272859e-17 5.014067657606122890e-17 8.252211782103186124e+03
1.589130932020467261e-16 5.002912644329023010e-17 8.252972095186518345e+03
3.596928403373378178e-17 4.986495884782390967e-17 8.253732373987131723e+03
2.106795169351221385e-16 4.987067198879629751e-17 8.254492618573309301e+03
7.582407975817236974e-17 4.975207793370454901e-17 8.255252829013337760e+03
1.105271797044306026e-16 4.917022773038090029e-17 8.256013005375501962e+03
1.717836779067243383e-16 4.886225603339778449e-17 8.256773147728083131e+03
8.181018359375104387e-17 4.872961664218133013e-17 8.257533256139366131e+03
8.511583376518616233e-18 4.860572631617334593e-17 8.258293330677635822e+03
-6.694907657488692996e-17 4.858530970539928902e-17 8.259053371411177068e+03
1.763628622535373683e-16 4.862401196267955429e-17 8.259813378408272911e+03
8.979678315741030064e-17 4.858223391377714156e-17 8.260573351737211851e+03
1.945773183141439842e-16 4.856865955621852062e-17 8.261333291466273295e+03
8.338739214551175549e-17 4.851153381233120308e-17 8.262093197663740284e+03
1.028840892600364635e-16 4.952073996565025753e-17 8.262853070397901320e+03
3.699571248614212243e-18 4.837209653610702131e-17 8.263612909737039445e+03
5.516504218285097506e-17 4.838514109925072888e-17 8.264372715749441340e+03
-1.122961587643741212e-18 4.839125940996946779e-17 8.265132488503388231e+03
7.745582992425929938e-17 4.841884977610158772e-17 8.265892228067161341e+03
1.068564909157147587e-16 4.854646501595489347e-17 8.266651934509050989e+03
2.080495812979151894e-16 4.860894548975513005e-17 8.267411607897338399e+03
1.003500113856050211e-16 4.868504403318817280e-17 8.268171248300310253e+03
3.803105936703366252e-17 4.890020617059143399e-17 8.268930855786245957e+03
2.702939395836738557e-16 4.929610812518582530e-17 8.269690430423437647e+03
1.275717329194114873e-16 5.010958956849218713e-17 8.270449972280162910e+03
-5.281065201817278919e-17 5.163258393484454112e-17 8.271209481424706610e+03
1.387290974214832718e-16 5.369000025682944811e-17 8.271968957925353607e+03
1.319664055635769075e-16 5.659282546703549232e-17 8.272728401850392402e+03
-1.323080975696882765e-18 5.960404485705088128e-17 8.273487813268102400e+03
-2.064899453913618712e-16 6.285597090645572063e-17 8.274247192246768464e+03
1.103794556577460035e-16 6.647878220797945266e-17 8.275006538854679093e+03
2.176466745796609677e-16 6.959893250641602202e-17 8.275765853160113693e+03
1.082721501450464269e-16 7.292640119479369294e-17 8.276525135231357126e+03
3.409641470608508620e-16 7.541842229742050855e-17 8.277284385136696073e+03
2.544450696777250502e-16 7.595872640610496128e-17 8.278043602944413578e+03
1.746007138397753656e-16 7.688601700362119971e-17 8.278802788722790865e+03
1.352403562987220360e-16 7.749081420737764982e-17 8.279561942540120071e+03
6.622112404584605383e-18 7.929541539328039341e-17 8.280321064464678784e+03
-8.375386692132355695e-18 8.185990268868140866e-17 8.281080154564751865e+03
2.241173958891815366e-16 8.486628162371984931e-17 8.281839212908629634e+03
1.355330946239892674e-16 8.979367843061429596e-17 8.282598239564587857e+03
3.340518036618819644e-16 9.372263915744837391e-17 8.283357234600916854e+03
2.938442402771172553e-16 9.620961178448387889e-17 8.284116198085896031e+03
1.708446414612202771e-16 9.699886846844182906e-17 8.284875130087813886e+03
2.680566396335997226e-16 9.476084699170583843e-17 8.285634030674955284e+03
2.911866491658187065e-16 9.383619675468624476e-17 8.286392899915597809e+03
3.431421363177828245e-16 9.167621559113964570e-17 8.287151737878035419e+03
9.307199341167189299e-17 9.078991831530916280e-17 8.287910544630545701e+03
8.709321734771800852e-17 8.753050405071986354e-17 8.288669320241413516e+03
3.021334138226335962e-16 8.676769872614041927e-17 8.289428064778927364e+03
2.863750788214012597e-16 8.553896329312471816e-17 8.290186778311366652e+03
1.055817755315237250e-16 8.738141957420948419e-17 8.290945460907016241e+03
1.145472467293562944e-16 8.984302753791372123e-17 8.291704112634164630e+03
1.680744209081869448e-16 9.233342423864764892e-17 8.292462733561091227e+03
1.171300424698051009e-16 9.673398865827777951e-17 8.293221323756082711e+03
3.110660551870809909e-16 9.898616036052915112e-17 8.293979883287422126e+03
4.588212977891195845e-16 9.807952286931479321e-17 8.294738412223399791e+03
3.285174118530522470e-16 9.570810690623536844e-17 8.295496910632289655e+03
6.067915634180498551e-16 9.265003863348475588e-17 8.296255378582383855e+03
2.504919292941815962e-16 8.941438609470587167e-17 8.297013816141963616e+03
3.217618521465456334e-16 8.789457107589646273e-17 8.297772223379311981e+03
2.141579937559575805e-16 8.574114354820674768e-17 8.298530600362715631e+03
3.017387344247105920e-16 8.590077544179269651e-17 8.299288947160461248e+03
1.114055931243421142e-16 8.527466572231693937e-17 8.300047263840828236e+03
6.360494407748012134e-17 8.596962000860102595e-17 8.300805550472101459e+03
2.040614814977798655e-16 8.499008178072183948e-17 8.301563807122569415e+03
3.154681693271425806e-16 8.469269414756447102e-17 8.302322033860509691e+03
2.884994556488799078e-16 8.489721174134099741e-17 8.303080230754214426e+03
1.428002302387084778e-16 8.658006727097453101e-17 8.303838397871961206e+03
3.078592948124313749e-16 8.327589270618166027e-17 8.304596535282042169e+03
3.776388640485129207e-16 8.084945872048684851e-17 8.305354643052731262e+03
4.443154715725908786e-16 7.748184436579447841e-17 8.306112721252320625e+03
2.653378272575748941e-16 7.262170365588901590e-17 8.306870769949091482e+03
2.092450443410776775e-16 6.756316528557930008e-17 8.307628789211326875e+03
2.961657321964062544e-19 6.390258537676581430e-17 8.308386779107317125e+03
-4.993247485777052636e-17 6.192254934411412380e-17 8.309144739705337997e+03
1.757487388484407951e-16 6.113365885896422415e-17 8.309902671073679812e+03
2.405775302711022633e-16 6.097008550991321031e-17 8.310660573280625613e+03
4.194630640523422022e-17 6.064690487886597020e-17 8.311418446394460261e+03
1.466310718995318560e-16 6.068876088814435770e-17 8.312176290483464982e+03
1.501674420514488818e-16 6.073845145719489331e-17 8.312934105615926455e+03
1.182798592299316811e-16 6.089519411449010332e-17 8.313691891860129545e+03
-2.361688824073061111e-17 6.083241091648942117e-17 8.314449649284357292e+03
2.452451339551000931e-17 6.087905853839988235e-17 8.315207377956892742e+03
-5.141153065221486475e-18 6.044992380181009416e-17 8.315965077946024394e+03
1.952669482032867762e-16 5.979796779973181932e-17 8.316722749320035291e+03
1.641087676660210280e-17 5.814676488545294334e-17 8.317480392147208477e+03
1.434407815634108898e-16 5.599677620750307589e-17 8.318238006495826994e+03
2.085891962617453747e-16 5.335429203492820374e-17 8.318995592434173886e+03
2.426609008766289468e-16 5.131207232137892029e-17 8.319753150030539473e+03
1.567782533209764923e-16 5.001715742752615673e-17 8.320510679353203159e+03
2.163557594449350620e-16 4.953327273054282776e-17 8.321268180470449806e+03
-5.343698568390453296e-17 4.950973240699515552e-17 8.322025653450567916e+03
5.995930030187074747e-17 4.944273017356188880e-17 8.322783098361836892e+03
1.753537856321135417e-16 4.929654633022056017e-17 8.323540515272539778e+03
1.214267199583870764e-16 4.907877203467299071e-17 8.324297904250968713e+03
1.591750872558490556e-16 4.889660488438745287e-17 8.325055265365399464e+03
1.368303587855926214e-16 4.849093467468186512e-17 8.325812598684122349e+03
5.610543106173220448e-17 4.809069637657784760e-17 8.326569904275420413e+03
6.274342517229435550e-17 4.770679384462177694e-17 8.327327182207573060e+03
7.736203193004765598e-17 4.743750820562735205e-17 8.328084432548868790e+03
2.183968888604013569e-16 4.732093517669482997e-17 8.328841655367596104e+03
1.246629048812397687e-17 4.725082875960005739e-17 8.329598850732028950e+03
6.201380798679350512e-17 4.724493308868672094e-17 8.330356018710459466e+03
9.178632119208230592e-17 4.747381029120158342e-17 8.331113159371170696e+03
9.057694864848341715e-17 4.772348395556214214e-17 8.331870272782445682e+03
1.220490171652983339e-16 4.817415635082282004e-17 8.332627359012571105e+03
7.154377976578985691e-17 4.855378395996189147e-17 8.333384418129826372e+03
1.594241300338155640e-16 4.911787020418636433e-17 8.334141450202498163e+03
5.607830851346497555e-17 4.993693087922026466e-17 8.334898455298876797e+03
1.391310532525484668e-16 5.173946468209871386e-17 8.335655433487234404e+03
-8.851902959217808754e-17 5.558979930858078983e-17 8.336412384835868579e+03
-1.771393613747201631e-16 6.267495526435684050e-17 8.337169309413053270e+03
-9.178986675848626281e-17 7.305840286354534232e-17 8.337926207287076977e+03
2.649921341158795581e-16 8.476025415615075572e-17 8.338683078526224563e+03
3.220127849685015452e-16 9.428977519208362781e-17 8.339439923198777251e+03
6.004607625840788262e-16 1.012705113577218887e-16 8.340196741373023542e+03
4.273712557819793771e-16 1.054270546507165324e-16 8.340953533117244660e+03
5.774898038463667336e-16 1.057404216168346600e-16 8.341710298499730925e+03
4.349889535925049903e-16 1.041466991908940311e-16 8.342467037588756284e+03
2.364519735767512713e-16 1.051833183657427684e-16 8.343223750452611057e+03
4.238422345850539794e-16 1.059548938424270185e-16 8.343980437159581925e+03
5.125973342656564571e-16 1.054843146222913301e-16 8.344737097777950112e+03
1.704340305913816616e-16 1.074235053009822740e-16 8.345493732375998661e+03
3.458837775739667756e-16 1.063794383557814231e-16 8.346250341022012435e+03
4.998036944237748572e-16 1.081171173328856065e-16 8.347006923784276296e+03
3.378471467009667612e-16 1.105268565958302778e-16 8.347763480731078744e+03
4.867827369419719182e-16 1.125096171648790910e-16 8.348520011930697365e+03
4.627220428853858469e-16 1.117378245196208734e-16 8.349276517451418840e+03
4.563889306404073429e-16 1.121822326761994768e-16 8.350032997361529851e+03
4.515714812733157592e-16 1.097913967379266418e-16 8.350789451729313441e+03
3.628700823078605045e-16 1.052244316712538093e-16 8.351545880623052653e+03
5.869805896976425494e-16 9.679148032467841809e-17 8.352302284111032350e+03
3.465600701056773275e-16 8.851278076092107894e-17 8.353058662261537393e+03
4.197111836397025570e-16 8.136712153268123472e-17 8.353815015142849006e+03
1.855901883245628418e-16 7.696417479119676191e-17 8.354571342823255691e+03
2.126798916195062509e-16 7.614584195265217556e-17 8.355327645371040489e+03
1.021882673697908101e-16 7.579886978719608143e-17 8.356083922854491902e+03
-7.163052396212898364e-17 7.580190015113771014e-17 8.356840175341885697e+03
2.934560055246899946e-16 7.621013818238526464e-17 8.357596402901512192e+03
1.615714817088489180e-16 7.672373435461691684e-17 8.358352605601652613e+03
2.207320335391154590e-16 7.651175148416605293e-17 8.359108783510590001e+03
2.408117774014567162e-16 7.450758148820148659e-17 8.359864936696616496e+03
2.588927450109618149e-16 7.083542733063852113e-17 8.360621065228009684e+03
3.484259097026852475e-16 6.731065020091437703e-17 8.361377169173052607e+03
2.486139320339901260e-16 6.390588434981967193e-17 8.362133248600033767e+03
1.852445674480992087e-16 6.184752789709980818e-17 8.362889303577234386e+03
1.788814688504062816e-16 6.127209875120271652e-17 8.363645334172946605e+03
-2.312034732047037813e-17 6.090269800530048555e-17 8.364401340455442551e+03
-2.156315025918908419e-17 6.101403718289595359e-17 8.365157322493014362e+03
1.317202560012931864e-16 6.083119574430314590e-17 8.365913280353945083e+03
1.920531483552253179e-16 6.082710831178284643e-17 8.366669214106517757e+03
1.824609885704822816e-16 6.065576191724544396e-17 8.367425123819019063e+03
1.008031873293473218e-16 6.003910107711116042e-17 8.368181009559728409e+03
1.765488675788059088e-16 5.958952177912970734e-17 8.368936871396936112e+03
1.768131181899796692e-16 5.895613696653550564e-17 8.369692709398923398e+03
1.109672175790110655e-16 5.820667192971716327e-17 8.370448523633975128e+03
7.122740764201147886e-17 5.691825949612288794e-17 8.371204314170376165e+03
1.646860635640847019e-16 5.525907212527469890e-17 8.371960081076409551e+03
2.486585824651872137e-16 5.323789700815663298e-17 8.372715824420360150e+03
8.993250294270296606e-17 5.153273898389433330e-17 8.373471544270509185e+03
4.145992316824799843e-18 5.085200722748166368e-17 8.374227240695148794e+03
7.316923870816022545e-17 5.172741166865763034e-17 8.374982913762558383e+03
7.506474968984668980e-17 5.434182598428373181e-17 8.375738563541020994e+03
2.899485054950115428e-17 5.863954342778915744e-17 8.376494190098823310e+03
2.350278169084082037e-16 6.232662528004698741e-17 8.377249793504246554e+03
1.586655789064953899e-16 6.481894362709360138e-17 8.378005373825581046e+03
1.343817788246386678e-16 6.614864603838678989e-17 8.378760931131106190e+03
-1.247673902988863599e-19 6.653904363663094262e-17 8.379516465489105030e+03
1.526580819775104284e-16 6.658625183856913153e-17 8.380271976967867886e+03
1.264562159354570266e-16 6.668751637138971490e-17 8.381027465635674162e+03
1.263095381606170425e-17 6.676258142855762098e-17 8.381782931560806901e+03
-4.941183812246118070e-17 6.658112192403952271e-17 8.382538374811556423e+03
1.297210919988566262e-16 6.708466870351692086e-17 8.383293795456203952e+03
1.661828003901734724e-16 6.704119232041318507e-17 8.384049193563030713e+03
1.703863745884242036e-16 6.724845762126694238e-17 8.384804569200325204e+03
1.227719602255073166e-16 6.750338955493561617e-17 8.385559922436372290e+03
1.532802425007290096e-16 6.735488161635146254e-17 8.386315253339453193e+03
1.569283697419909769e-16 6.733602011240538436e-17 8.387070561977852776e+03
-1.442524155224825072e-16 6.633358123734737974e-17 8.387825848419855902e+03
2.436513947628074432e-16 6.525033685315824234e-17 8.388581112733747432e+03
6.233062716874430651e-17 6.266978367224016147e-17 8.389336354987812229e+03
9.764752207542837670e-17 5.942512546047218802e-17 8.390091575250331516e+03
1.157029927493980697e-16 5.684755235913351362e-17 8.390846773589597433e+03
-2.592219043153558929e-17 5.713783141395879664e-17 8.391601950073882108e+03
-5.863850708593637701e-18 6.168035198965946250e-17 8.392357104771479499e+03
-4.138068878082048065e-17 7.045033567013242563e-17 8.393112237750669010e+03
2.141806608020409378e-16 8.123549177932577879e-17 8.393867349079740961e+03
4.881430465703024987e-16 8.872675418480485356e-17 8.394622438826972939e+03
3.727007507668927903e-16 9.231046675198560228e-17 8.395377507060651624e+03
1.541846400669839549e-16 9.259696350688484799e-17 8.396132553849063697e+03
1.761639855665985162e-16 9.251601806012487999e-17 8.396887579260488565e+03
1.114434286905347197e-16 9.240652297205323588e-17 8.397642583363214726e+03
3.985276737345862141e-16 9.161684062407905384e-17 8.398397566225525225e+03
2.052591286632311336e-16 9.325102652278268921e-17 8.399152527915703104e+03
3.833320354765988822e-16 9.191352876470972095e-17 8.399907468502033225e+03
1.969068126118680059e-16 9.219372029783639062e-17 8.400662388052804090e+03
-4.008172443605861073e-17 9.154152641471134748e-17 8.401417286636293284e+03
1.522292686432007015e-16 9.184929722151261988e-17 8.402172164320789307e+03
2.595651252507991313e-16 9.011629756134897214e-17 8.402927021174575202e+03
2.131168033402764271e-16 9.229156255699884301e-17 8.403681857265939470e+03
2.605745875580089106e-16 9.111506441974373765e-17 8.404436672663159698e+03
8.000874759706229248e-17 8.765323983552543513e-17 8.405191467434524384e+03
2.994689423499502801e-16 8.431138848630851762e-17 8.405946241648314754e+03
3.757755465529594941e-16 7.606879843929423053e-17 8.406700995372815669e+03
3.387822871822134359e-16 6.802604729898924559e-17 8.407455728676315630e+03
2.399937547306849529e-16 6.042980701599547674e-17 8.408210441627095861e+03
6.763171648728121343e-17 5.800473478466562846e-17 8.408965134293441224e+03
1.889523541519859542e-16 6.113716411857717468e-17 8.409719806743632944e+03
2.691009233354015845e-16 6.480508202178894211e-17 8.410474459045959520e+03
8.489323266070956101e-17 6.799353987545780810e-17 8.411229091268707634e+03
1.410530928857460601e-16 6.854275194211417612e-17 8.411983703480153054e+03
4.803836209978066950e-17 6.861532225172793114e-17 8.412738295748587916e+03
2.900343381254035115e-16 6.896297554124564874e-17 8.413492868142291627e+03
1.473688702364508976e-16 6.928520039190376980e-17 8.414247420729552687e+03
8.086195671210856940e-17 6.917952340753766655e-17 8.415001953578652319e+03
6.723437933644424849e-17 6.945522111891126946e-17 8.415756466757873568e+03
1.181920219696258471e-16 6.892792159411912021e-17 8.416510960335506752e+03
1.682333215516633367e-16 6.928615116391386805e-17 8.417265434379831277e+03
5.564623277538014012e-17 6.947991170395005786e-17 8.418019888959130185e+03
3.175864965857473751e-16 6.963170309154997882e-17 8.418774324141691977e+03
-1.213808332108570701e-17 6.870750834139253720e-17 8.419528739995799697e+03
4.006229091580505391e-17 6.923598784503622247e-17 8.420283136589736387e+03
6.875883789091678660e-17 6.895913959739470252e-17 8.421037513991788728e+03
6.726638812680019636e-17 6.882369251555556336e-17 8.421791872270237945e+03
7.292116121782453069e-17 6.865309795136398698e-17 8.422546211493368901e+03
-5.794188716306131468e-17 7.021357160492690805e-17 8.423300531729468275e+03
1.887899330121698107e-16 7.636308137286553932e-17 8.424054833046820931e+03
2.831163773348335445e-16 8.444892675145249270e-17 8.424809115513708093e+03
2.960741838974268451e-16 9.106558767414047722e-17 8.425563379198414623e+03
4.720561541393750624e-16 9.498245875586559324e-17 8.426317624169227201e+03
2.443816693731823504e-16 9.723187634611382579e-17 8.427071850494427053e+03
3.087977775873184362e-16 9.649501378627792637e-17 8.427826058242300860e+03
2.949199120573931551e-16 9.817261657999745058e-17 8.428580247481129845e+03
3.290351525284218728e-16 9.736698062992389112e-17 8.429334418279204328e+03
4.805607291334218296e-16 9.748895472319660763e-17 8.430088570704803715e+03
3.093831635117504309e-16 9.767842473671744285e-17 8.430842704826212866e+03
2.906721100798734117e-16 9.771424772011484876e-17 8.431596820711718465e+03
2.271574168760221162e-16 9.781121253851246984e-17 8.432350918429599915e+03
1.991524132102539741e-16 9.712103332572061581e-17 8.433104998048145717e+03
3.564596044646245585e-16 9.669189170360071906e-17 8.433859059635640733e+03
3.202726953592716455e-16 9.705871974606466599e-17 8.434613103260366188e+03
1.920975410632850345e-16 9.512714681011557480e-17 8.435367128990610581e+03
4.845844891625168221e-16 9.383366167986484667e-17 8.436121136894653318e+03
2.717704239992584501e-16 8.889206314743837103e-17 8.436875127040784719e+03
4.196566352406479493e-16 8.021874657694159404e-17 8.437629099497282368e+03
5.745324219671104042e-16 7.120797950057833253e-17 8.438383054332432948e+03
3.395689884062195928e-16 6.153122552626451709e-17 8.439136991614523140e+03
2.499324016663167201e-16 5.766547177383028751e-17 8.439890911411839625e+03
2.059395173551517890e-16 5.850479539239503225e-17 8.440644813792656350e+03
3.575828365125017657e-16 6.181236870251190970e-17 8.441398698825265456e+03
4.595317384053310555e-17 6.430372486927465412e-17 8.442152566577953621e+03
1.734050587121006508e-16 6.553560567014105252e-17 8.442906417119000253e+03
-1.099960368051944245e-16 6.593345120211276654e-17 8.443660250516692031e+03
1.215052580387021591e-16 6.648273387189817511e-17 8.444414066839308362e+03
9.915223192761954808e-17 6.800121869795446843e-17 8.445167866155137744e+03
6.020262864631514697e-17 7.091999796803354375e-17 8.445921648532468680e+03
3.176279817290148451e-16 7.430776603217278871e-17 8.446675414039582392e+03
2.529943639802030210e-16 7.736728812849112426e-17 8.447429162744756468e+03
1.573704707288394327e-16 7.964426032520728751e-17 8.448182894716281226e+03
6.430826645330956968e-18 8.002811338293728696e-17 8.448936610022443347e+03
2.098671602950688511e-16 8.045560633715910371e-17 8.449690308731522236e+03
2.644226362750630812e-16 8.088123518005812463e-17 8.450443990911806395e+03
1.236397468569823377e-16 8.097154161889341621e-17 8.451197656631575228e+03
1.382633755975306909e-16 8.026325035354549602e-17 8.451951305959119054e+03
6.661412200607359940e-17 7.983947708943995702e-17 8.452704938962713641e+03
2.242215641820685224e-16 7.763303747277338947e-17 8.453458555710654764e+03
1.983128822427008975e-16 7.459690635655819382e-17 8.454212156271220010e+03
2.758769541561680268e-16 7.117219379761487288e-17 8.454965740712690604e+03
3.012848510186938548e-16 6.911856151390258351e-17 8.455719309103358682e+03
1.197766461951033749e-16 6.797186553835953737e-17 8.456472861511501833e+03
1.477275483814160168e-16 6.858654605476825536e-17 8.457226398005410374e+03
-1.479520083746792603e-16 7.040167595989210188e-17 8.457979918653361892e+03
6.268794605281560242e-17 7.429832363526269625e-17 8.458733423523644888e+03
6.034567409851329926e-17 7.874931182658420265e-17 8.459486912684544222e+03
4.295272378846084979e-16 8.291714798917022675e-17 8.460240386204344759e+03
4.594132870209253681e-16 8.540193045489722269e-17 8.460993844151325902e+03
5.526442856851414344e-16 8.586833202633219929e-17 8.461747286593781610e+03
3.014500914396538278e-16 8.522147314363301868e-17 8.462500713599980372e+03
3.472582046249383744e-16 8.602007399747719275e-17 8.463254125238221604e+03
2.530921213683105969e-16 8.502737156160417755e-17 8.464007521576784711e+03
2.857274433249213420e-16 8.553409870314589799e-17 8.464760902683949098e+03
2.572289748551914443e-16 8.578647473706528032e-17 8.465514268628012360e+03
4.030288540806999802e-16 8.606594707104420061e-17 8.466267619477241169e+03
3.025993253265180580e-16 8.599713347658214442e-17 8.467020955299933121e+03
3.860625417038235356e-16 8.609028876439737164e-17 8.467774276164363982e+03
1.683326970703458463e-16 8.648350996987733274e-17 8.468527582138825892e+03
3.439724644489890849e-16 8.637382503356106455e-17 8.469280873291598255e+03
9.171739765969082843e-17 8.653070152733984805e-17 8.470034149690964114e+03
3.129694398338303824e-16 8.561210154611041978e-17 8.470787411405215607e+03
3.636447533188487728e-16 8.378659521340203426e-17 8.471540658502628503e+03
5.032212648492502484e-16 7.809935574286102784e-17 8.472293891051489481e+03
1.933436356973728981e-16 7.049891180472505145e-17 8.473047109120085224e+03
4.089127243356504100e-16 6.186465726330522685e-17 8.473800312776700594e+03
3.236618664234638342e-16 5.434077774045107240e-17 8.474553502089616813e+03
2.513730535358903044e-16 5.014842609710008152e-17 8.475306677127116927e+03
1.009731350851172234e-16 4.904969818767205514e-17 8.476059837957489435e+03
5.569977559963772878e-17 4.901355911079736851e-17 8.476812984649017380e+03
2.105734453347713517e-16 4.888034112195615204e-17 8.477566117269987444e+03
-5.582705670428811751e-18 4.863920896543072792e-17 8.478319235888677213e+03
4.800591167206669602e-18 4.870225540555142740e-17 8.479072340573377005e+03
2.898584480742471781e-17 4.871787852514282814e-17 8.479825431392368046e+03
-2.761954919491689780e-17 4.861737234811243183e-17 8.480578508413935197e+03
1.350510773406470391e-16 4.842707008931971527e-17 8.481331571706363320e+03
1.304879762706627775e-16 4.813082198330078350e-17 8.482084621337939097e+03
8.818281463128898521e-17 4.780901768409531573e-17 8.482837657376945572e+03
8.658484116695490887e-17 4.755504293568647441e-17 8.483590679891663967e+03
-1.320364312846440084e-17 4.759451994723488743e-17 8.484343688950379146e+03
1.807697967172165175e-16 4.794444062883549493e-17 8.485096684621381428e+03
1.707847181732131076e-16 4.897980304507225694e-17 8.485849666972946579e+03
1.806019922769163875e-17 5.113563723165668052e-17 8.486602636073366739e+03
9.274580202051718489e-17 5.426308865013157554e-17 8.487355591990923131e+03
1.321781437194413765e-16 5.729593789264031125e-17 8.488108534793896979e+03
1.093292393882943228e-16 5.956406019913714705e-17 8.488861464550578603e+03
-1.090028895909455266e-16 6.088802216181409778e-17 8.489614381329247408e+03
4.916976791865021860e-17 6.133831329151148764e-17 8.490367285198186437e+03
1.240178523683804402e-16 6.146450302309719858e-17 8.491120176225689647e+03
1.462005021613496776e-16 6.162650291286396622e-17 8.491873054480029168e+03
1.462181566913137126e-16 6.165709175193438908e-17 8.492625920029498957e+03
9.217036136486034023e-17 6.166171550583737039e-17 8.493378772942374781e+03
1.587423865693976086e-16 6.204746788481690542e-17 8.494131613286950596e+03
1.288530578496631929e-16 6.225395873656030298e-17 8.494884441131502172e+03
5.440976509570893613e-17 6.248971333402037754e-17 8.495637256544319825e+03
1.288933768825966254e-16 6.357986014283814706e-17 8.496390059593684782e+03
-1.303406121286115601e-16 6.528681942486667375e-17 8.497142850347881904e+03
5.994330323750216850e-17 6.812856678596993119e-17 8.497895628875196053e+03
-2.937183532860616017e-17 7.238407887091780505e-17 8.498648395243908453e+03
2.650558112518085885e-16 7.624462986100242449e-17 8.499401149522309424e+03
3.029729528324502247e-16 7.827526079191457583e-17 8.500153891778682009e+03
7.763662587479347767e-17 7.862649477955438315e-17 8.500906622081303794e+03
1.076507641261612298e-16 7.758677811660485138e-17 8.501659340498466918e+03
1.748245255450991114e-16 7.588074191791647571e-17 8.502412047098452604e+03
1.718032869746575448e-17 7.445366439092967809e-17 8.503164741949545714e+03
-7.691986747575630424e-18 7.370768886637657256e-17 8.503917425120029293e+03
6.647882145620706989e-17 7.361991615994984292e-17 8.504670096678190021e+03
2.562404592347016695e-17 7.401442126464496738e-17 8.505422756692307303e+03
9.169608794434014673e-17 7.405804512515766011e-17 8.506175405230676915e+03
1.536252394637200186e-16 7.416239832282774545e-17 8.506928042361570988e+03
1.953093720909578486e-16 7.381357975676004659e-17 8.507680668153276201e+03
1.036749485553678004e-16 7.405731443604778079e-17 8.508433282674079237e+03
8.002980569784022484e-17 7.417137585867509946e-17 8.509185885992266776e+03
1.971471469358640008e-16 7.354585236107922976e-17 8.509938478176120043e+03
1.106285020708362689e-16 7.168604064089791164e-17 8.510691059293923900e+03
3.299383559172726629e-16 6.831116097079489282e-17 8.511443629413963208e+03
3.438106276119272288e-16 6.368605921238868735e-17 8.512196188604521012e+03
4.573372960059959011e-16 5.780665219963745865e-17 8.512948736933882174e+03
3.602508158779248670e-16 5.253056380584255476e-17 8.513701274470331555e+03
3.152688010485171468e-16 4.932643567404769124e-17 8.514453801282154018e+03
-5.851909940129208245e-17 9.346358590123345602e-18 8.515206317437634425e+03
3.505107088761023973e-18 3.621650194129597937e-18 8.515958823005054001e+03
3.850582441565651277e-17 4.813868076103809693e-17 8.516711318052699426e+03
2.062596762453699851e-16 4.811365076710260203e-17 8.517463802648853743e+03
8.319415091382155746e-17 5.036192588884356939e-17 8.518216276861805454e+03
1.509888494234631513e-16 4.786019660373242021e-17 8.518968740759832144e+03
1.863178857967241223e-17 4.774421065282966320e-17 8.519721194411224133e+03
6.874624801019437845e-17 4.777334220119546344e-17 8.520473637884260825e+03
1.348945210606613824e-17 4.763710448263187967e-17 8.521226071247230720e+03
8.892119539379029702e-17 4.757984179181925697e-17 8.521978494568415044e+03
1.687621481564014098e-16 4.762804283338785766e-17 8.522730907916102296e+03
1.371386381368252168e-16 4.744255828782990918e-17 8.523483311358571882e+03
-5.126055915830210737e-17 4.751941959894532777e-17 8.524235704964110482e+03
1.830396461714561660e-17 4.753424028434973873e-17 8.524988088801004778e+03
1.145677964570492239e-16 4.772939608687433030e-17 8.525740462937534176e+03
1.296599461994052033e-16 4.756942529800187728e-17 8.526492827441987174e+03
8.393642577587651797e-17 4.750587474953089781e-17 8.527245182382648636e+03
7.990836945833056841e-17 4.735483641050165186e-17 8.527997527827796148e+03
4.312362930572027390e-17 4.726593995667645500e-17 8.528749863845720029e+03
4.567756724447050308e-17 4.709226478662345767e-17 8.529502190504705140e+03
1.330515949531466629e-16 4.717162670514912049e-17 8.530254507873034527e+03
1.418051565104772267e-16 4.775039001438229327e-17 8.531006816018989412e+03
1.456250204504069894e-17 4.888207170492383383e-17 8.531759115010860114e+03
1.380191198589419899e-16 5.042276007907638836e-17 8.532511404916922402e+03
-4.112219288327218426e-17 5.234430287786437896e-17 8.533263685805472051e+03
1.278254862419883756e-16 5.324425898817438285e-17 8.534015957744783009e+03
1.144087094221170398e-16 5.392030650537816579e-17 8.534768220803145596e+03
3.178225882553889408e-17 5.414145997208674762e-17 8.535520475048839216e+03
2.664176459919953279e-16 5.446395104293088903e-17 8.536272720550156009e+03
-3.563079135054816628e-17 5.448760899959516939e-17 8.537024957375375379e+03
1.192485703750340651e-16 5.438332538929848819e-17 8.537777185592778551e+03
1.734886591574871900e-16 5.443775372194755843e-17 8.538529405270655843e+03
-2.493288684247081222e-17 5.483852020331018991e-17 8.539281616477292118e+03
2.116223837297761850e-16 5.540278637917614747e-17 8.540033819280961325e+03
1.355084294385009425e-17 5.631571573424663835e-17 8.540786013749962876e+03
2.027373685403265620e-16 5.799732050698588594e-17 8.541538199952570722e+03
2.000244456289244547e-17 6.005606642415699654e-17 8.542290377957071541e+03
-7.865613001459285372e-17 6.267653585679333918e-17 8.543042547831750198e+03
1.218005025590590433e-16 6.485774604933645985e-17 8.543794709644895192e+03
1.249334573146749136e-16 6.580526110084144659e-17 8.544546863464780472e+03
1.703451069698849692e-16 6.573825627673815954e-17 8.545299009359696356e+03
2.252207508820856298e-16 6.486058635943825506e-17 8.546051147397931345e+03
1.350207901129329611e-16 6.382927972172618519e-17 8.546803277647764844e+03
2.530249480217881154e-16 6.272442298970688274e-17 8.547555400177483534e+03
9.587099313210117697e-17 6.217964320996131475e-17 8.548307515055366821e+03
1.890005881043736116e-16 6.210690268879786159e-17 8.549059622349706842e+03
1.284890015153986937e-16 6.289076788726802179e-17 8.549811722128783003e+03
1.023130967588193165e-16 6.194161557674358546e-17 8.550563814460878348e+03
1.084440595144994402e-16 6.144217308070931492e-17 8.551315899414283194e+03
7.925266257822678258e-17 6.150211233482815845e-17 8.552067977057275129e+03
2.350248417403629269e-16 6.108305477835870968e-17 8.552820047458140834e+03
-5.134422122420325374e-17 6.082125022331157534e-17 8.553572110685166990e+03
2.662523252544987189e-16 5.997822854704381509e-17 8.554324166806636640e+03
1.124752564025268690e-16 5.808731963955623906e-17 8.555076215890832827e+03
3.512237066359259419e-17 5.546923552319712463e-17 8.555828258006040414e+03
9.268281187242496903e-17 5.263420735257715492e-17 8.556580293220547901e+03
1.714713014462101347e-16 4.985900396312001065e-17 8.557332321602629236e+03
1.296706651792725834e-16 4.816175036689833986e-17 8.558084343220582014e+03
1.121061054381572321e-16 4.731081714024010679e-17 8.558836358142682002e+03
1.693672008078224740e-16 4.701613406501084313e-17 8.559588366437214063e+03
7.700046863005862558e-17 4.692020124577125633e-17 8.560340368172466697e+03
1.528617806804404372e-16 4.681666954565081988e-17 8.561092363416722947e+03
5.454518870238722512e-17 4.674674655412054262e-17 8.561844352238262218e+03
-8.736244830569588149e-17 4.686398392201609645e-17 8.562596334705373010e+03
3.520225196948794006e-17 4.693534478696575034e-17 8.563348310886340187e+03
1.503616367164948862e-16 4.705305243833357256e-17 8.564100280849448609e+03
2.951112955512463894e-17 4.738256469352155968e-17 8.564852244662979501e+03
3.182688809815948565e-17 4.748426568802111714e-17 8.565604202395219545e+03
1.367875853206127106e-16 4.768315294464347523e-17 8.566356154114451783e+03
1.707597070665039389e-16 4.800860931437370396e-17 8.567108099888962897e+03
-4.255354656008700872e-17 4.842925859879707334e-17 8.567860039787035930e+03
1.024636152915877853e-16 4.867956183228539615e-17 8.568611973876952106e+03
1.848974156924636102e-16 4.899889126055430924e-17 8.569363902227001745e+03
1.257075704100105977e-17 4.927690615457443499e-17 8.570115824905464251e+03
1.356283202147536047e-16 4.952460072858733980e-17 8.570867741980626306e+03
1.473233636643245352e-16 4.979260029093281201e-17 8.571619653520770953e+03
5.836083533654552323e-18 5.001233597814093952e-17 8.572371559594186692e+03
1.439804658134484816e-16 5.019384402163881082e-17 8.573123460269151110e+03
1.058233477693476943e-16 5.111444422533606514e-17 8.573875355613952706e+03
1.683732392382166428e-16 5.572058723822003524e-17 8.574627245696876344e+03
1.693582715626342498e-16 5.027941568911735812e-17 8.575379130586205065e+03
2.919367668019777292e-17 5.019841998115860156e-17 8.576131010350221914e+03
9.332132523658697962e-17 5.022918702041144871e-17 8.576882885057213571e+03
-6.965231212422574840e-17 5.025718962414255908e-17 8.577634754775464899e+03
1.318406022129532416e-16 5.021556651048759887e-17 8.578386619573257121e+03
7.620836577375251384e-17 5.013168885209032779e-17 8.579138479518878739e+03
1.667872994734473142e-16 5.017326375954370834e-17 8.579890334680610977e+03
1.195381487644131089e-16 5.034104373909232656e-17 8.580642185126736877e+03
1.928957769678736148e-16 5.071728546057639960e-17 8.581394030925543120e+03
8.647527729115365008e-17 5.162482626208256458e-17 8.582145872145316389e+03
-1.324795809847167910e-17 5.236024085503042410e-17 8.582897708854336088e+03
6.775140371650537039e-17 5.270980900809863091e-17 8.583649541120892536e+03
1.137093638743498888e-16 5.288374396595578793e-17 8.584401369013263320e+03
7.799275570719905542e-17 5.280498087401235049e-17 8.585153192599736940e+03
-1.056268375519229284e-16 5.277841247800272494e-17 8.585905011948598258e+03
1.114448770789089102e-16 5.284777706354388660e-17 8.586656827128128498e+03
1.965382493785093507e-16 5.294136757190290639e-17 8.587408638206616160e+03
5.202620590230671816e-17 5.304835366457233074e-17 8.588160445252338832e+03
1.073942209730520233e-16 5.340652684614097654e-17 8.588912248333588650e+03
5.618157726039310911e-17 5.411716153474870347e-17 8.589664047518646839e+03
-3.699825540113903996e-17 5.518270234181286985e-17 8.590415842875798262e+03
-3.550697766275424296e-17 5.641144893931475875e-17 8.591167634473324142e+03
9.335626169259860526e-17 5.741268552078204723e-17 8.591919422379509342e+03
1.252885579706853706e-16 5.792596304140109289e-17 8.592671206662646000e+03
-7.760413212861025329e-17 5.777051101903125867e-17 8.593422987391008064e+03
1.296782919183247644e-16 5.693244067226530324e-17 8.594174764632887673e+03
2.464951547572246511e-16 5.629851934358122873e-17 8.594926538456564231e+03
2.222708257983517500e-16 5.557525112275904088e-17 8.595678308930324420e+03
9.285000833561017675e-17 5.503225439641130432e-17 8.596430076122451283e+03
3.664635368494169051e-17 5.481251489317885388e-17 8.597181840101229682e+03
2.427066255596910232e-18 5.458863128149988449e-17 8.597933600934946298e+03
-8.019732395459303213e-18 5.469295097475522551e-17 8.598685358691882357e+03
-4.288726675227352974e-17 5.468074923154973905e-17 8.599437113440322719e+03
8.504830245520111325e-17 5.477079847146696244e-17 8.600188865248554066e+03
1.917818809820908694e-16 5.503713989781389209e-17 8.600940614184857623e+03
1.664044839042175821e-16 5.532571482658131623e-17 8.601692360317520070e+03
7.591349849482151385e-17 5.558700217452199753e-17 8.602444103714824450e+03
6.193042151120084427e-17 5.563879106448981645e-17 8.603195844445055627e+03
1.141357887019319054e-16 5.560474933589029932e-17 8.603947582576496643e+03
9.689742078013887977e-17 5.525719046192437864e-17 8.604699318177435998e+03
1.283075370187028548e-16 5.544314786134065386e-17 8.605451051316153098e+03
2.210882238692190533e-16 5.617382648151399621e-17 8.606202782060934624e+03
1.522741307473046526e-16 5.714095537822081866e-17 8.606954510480063618e+03
1.220674335786227522e-16 5.885364205823183582e-17 8.607706236641828582e+03
1.235606570777936909e-16 6.082454900381734197e-17 8.608457960614508920e+03
1.285194047696962983e-16 6.278311789994046098e-17 8.609209682466393133e+03
9.844044013179582747e-17 6.526463984159455073e-17 8.609961402265760626e+03
1.870358295419040740e-16 6.810471370911472132e-17 8.610713120080901717e+03
-3.280438433602628136e-17 7.011605088793260495e-17 8.611464835980092175e+03
1.246992582847504671e-16 7.240497014410037908e-17 8.612216550031624138e+03
2.564837103963362430e-16 7.542619693742282906e-17 8.612968262303780648e+03
6.331059780171464748e-17 7.804965392493674110e-17 8.613719972864844749e+03
9.754724107918774477e-17 8.137434210837938218e-17 8.614471681783103122e+03
1.300381808556556279e-16 8.347808594579311190e-17 8.615223389126836992e+03
1.322221867758262387e-16 8.654279909521080622e-17 8.615975094964331220e+03
1.120101000323004536e-16 8.910305965180348899e-17 8.616726799363872487e+03
1.302273420060293116e-16 9.258659203115544912e-17 8.617478502393740200e+03
1.339853892439076133e-16 9.447568327275162324e-17 8.618230204122224677e+03
3.382085453243381328e-16 9.701524828548620955e-17 8.618981904617605323e+03
2.548216911004693714e-17 1.006322716412925543e-16 8.619733603948174277e+03
9.944551996590645403e-17 1.002397057815290783e-16 8.620485302182203668e+03
3.709308006697095776e-16 1.022737817567165247e-16 8.621236999387987453e+03
1.543133122367735657e-16 1.038332731498790882e-16 8.621988695633808675e+03
3.860346139649693702e-16 1.077103923324535807e-16 8.622740390987948558e+03
2.744952773721105462e-16 1.078763645232222221e-16 8.623492085518691965e+03
4.379290456875908598e-16 1.078536851495389206e-16 8.624243779294327396e+03
4.964007975560121757e-16 1.098608350862081588e-16 8.624995472383136075e+03
5.745246794500867008e-16 1.110794268716438673e-16 8.625747164853399227e+03
5.697914271874882902e-16 1.132269483948328803e-16 8.626498856773407169e+03
4.752666812766219215e-16 1.118319702985438920e-16 8.627250548211442947e+03
3.671411714366534360e-16 1.116947809521398519e-16 8.628002239235787783e+03
4.314662549549899849e-16 1.145131329183007812e-16 8.628753929914726541e+03
5.207695031477974593e-16 1.158915087746071061e-16 8.629505620316547720e+03
4.206330501045337203e-16 1.139648187077798953e-16 8.630257310509532545e+03
5.542212365692063877e-16 1.151997631401636782e-16 8.631009000561964058e+03
2.326356754207599764e-16 1.132226802406670205e-16 8.631760690542130760e+03
1.663060097545333205e-16 1.122470378061830391e-16 8.632512380518313876e+03
5.499786866906450354e-16 1.121348667055256799e-16 8.633264070558796448e+03
3.082087313659065090e-16 1.134637826028808806e-16 8.634015760731868795e+03
3.183331307282081179e-16 1.094245122854980946e-16 8.634767451105810323e+03
5.683330609213745970e-16 1.046594128794704855e-16 8.635519141748904076e+03
2.349939396959920670e-16 1.022078063539181028e-16 8.636270832729438553e+03
3.051240886147344835e-16 9.935665745762205850e-17 8.637022524115694978e+03
4.672596765208775618e-16 9.707458119130738652e-17 8.637774215975961852e+03
3.176452071850778712e-16 9.481752791884172321e-17 8.638525908378518579e+03
2.772805732737342377e-16 9.050810782747360153e-17 8.639277601391655480e+03
2.526215547385284705e-16 8.852805562433475447e-17 8.640029295083651959e+03
3.388513585513823030e-16 8.655800013682932727e-17 8.640780989522791060e+03
2.366549673338818212e-16 8.489012317075350100e-17 8.641532684777357645e+03
4.383561228602559831e-17 8.348037519320480210e-17 8.642284380915643851e+03
6.935938553670735525e-18 8.327924683667561557e-17 8.643036078005925447e+03
2.644378353189423893e-16 8.325378209195440596e-17 8.643787776116490932e+03
3.112036874539503777e-16 8.400717061300147492e-17 8.644539475315625168e+03
2.004640280682713329e-16 8.466987321472448610e-17 8.645291175671605743e+03
9.880170521726880938e-17 8.579612840851763567e-17 8.646042877252726612e+03
1.810211500622576876e-16 8.728311094166754453e-17 8.646794580127269001e+03
6.473972184213468022e-17 8.832629075798668894e-17 8.647546284363514133e+03
2.299305335645019451e-16 9.047972910718141937e-17 8.648297990029748689e+03
2.876420047046809073e-16 9.313240065178097316e-17 8.649049697194255714e+03
4.715362087710394712e-16 9.579837633653025883e-17 8.649801405925321887e+03
2.768257103432679291e-16 1.014511123124635780e-16 8.650553116291226615e+03
1.372374576223106418e-16 9.948332795243164420e-17 8.651304828360262036e+03
9.215676280042636674e-17 1.023608240060852783e-16 8.652056542200705735e+03
1.445302081452302548e-16 1.064046020066125039e-16 8.652808257880848032e+03
4.306945980332516445e-16 1.059153926566041933e-16 8.653559975468968332e+03
5.086175758269227657e-16 1.089530934706627984e-16 8.654311695033349679e+03
3.597366813931688472e-16 1.091499261907059082e-16 8.655063416642282391e+03
3.798341610318841913e-16 1.115192949140408489e-16 8.655815140364047693e+03
3.975848997251966542e-16 1.106822868293724463e-16 8.656566866266930447e+03
1.257550410379729998e-16 1.105013941313323333e-16 8.657318594419215515e+03
4.924775168013600523e-16 1.128383502124000362e-16 8.658070324889185940e+03
4.278458726337556008e-16 1.150043807447306657e-16 8.658822057745122947e+03
2.854031490606935954e-16 1.152504272137034903e-16 8.659573793055318674e+03
4.202982618706430358e-16 1.160113188130366127e-16 8.660325530888052526e+03
4.041427496480379173e-16 1.128270327406033828e-16 8.661077271311609366e+03
3.945611492585435076e-16 1.117026127677642588e-16 8.661829014394275873e+03
5.359113713867091164e-16 1.121613035602409087e-16 8.662580760204331455e+03
3.832412050731645034e-16 1.139467301046648124e-16 8.663332508810066429e+03
4.900396645603378728e-16 1.115118854379541939e-16 8.664084260279760201e+03
5.047349394610990575e-16 1.109714193895790838e-16 8.664836014681703091e+03
4.858675121625545900e-16 1.121661095557675916e-16 8.665587772084170865e+03
3.870589892107233224e-16 1.115438224648437345e-16 8.666339532555455662e+03
4.979992096562389222e-16 1.098757065359750886e-16 8.667091296163838706e+03
3.701646676598165452e-16 1.070812209934654373e-16 8.667843062977601221e+03
2.864492366455541749e-16 1.060193834057760525e-16 8.668594833065035345e+03
1.476005016481557553e-16 1.044184962578102562e-16 8.669346606494418666e+03
3.544171389587068302e-16 1.053257805094381494e-16 8.670098383334039681e+03
4.565060685117177740e-16 1.038736528610411582e-16 8.670850163652179617e+03
3.074444293644631982e-16 1.025642301694301886e-16 8.671601947517126973e+03
2.752435208898803807e-16 9.845761772924138803e-17 8.672353734997159336e+03
2.308181991483732292e-16 9.772141788000947573e-17 8.673105526160568843e+03
1.518195816102437811e-16 9.641049852381768456e-17 8.673857321075634900e+03
2.949839629894482945e-16 9.617638951999126735e-17 8.674609119810644188e+03
5.350804989736874566e-17 9.708502277050717109e-17 8.675360922433876112e+03
3.163463229391501633e-16 9.573003696321173079e-17 8.676112729013620992e+03
3.456697150782732011e-16 9.259086074249434556e-17 8.676864539618163690e+03
4.530758499107970051e-16 9.009331397522056058e-17 8.677616354315785429e+03
2.205687016066177017e-16 8.902535075422215907e-17 8.678368173174767435e+03
1.149420750280742986e-16 8.761904667255683805e-17 8.679119996263403664e+03
4.939033398810961683e-17 8.812804736522244457e-17 8.679871823649966245e+03
-6.661169214521910424e-17 8.802478492226233052e-17 8.680623655402752775e+03
1.811630194092369262e-16 8.662586801504540564e-17 8.681375491590039019e+03
2.939892845286676897e-16 8.493840230301800277e-17 8.682127332280109840e+03
2.179906758906659639e-16 8.132404465144702981e-17 8.682879177541251920e+03
2.518426189367218852e-16 7.902343535683815932e-17 8.683631027441748301e+03
2.594718905902976290e-17 7.754807166088816194e-17 8.684382882049885666e+03
1.416369519509380449e-16 7.681108123741437735e-17 8.685134741433945237e+03
6.700630185165293769e-17 7.652940316908372129e-17 8.685886605662213697e+03
7.120475258562251701e-17 7.619592391058313151e-17 8.686638474802972269e+03
2.398424698331519913e-16 7.427912603989311567e-17 8.687390348924509453e+03
1.199642910453395511e-16 7.214794146949045177e-17 8.688142228095108294e+03
1.096492953119663189e-16 6.996809909410378005e-17 8.688894112383048196e+03
7.948872613921450042e-17 6.851018092304920953e-17 8.689646001856623116e+03
2.054161498848659688e-16 6.761604720463302251e-17 8.690397896584110640e+03
1.507098440052865967e-17 6.751002816509529158e-17 8.691149796633795631e+03
2.859445887733650174e-17 6.721364553694976994e-17 8.691901702073966590e+03
9.748481739716118718e-17 6.671095362683972390e-17 8.692653612972902920e+03
3.489817880645379298e-16 6.550026237145693375e-17 8.693405529398889485e+03
2.599399715764233404e-16 6.443219730059281767e-17 8.694157451420214784e+03
2.110490605862810002e-16 6.372079535572376747e-17 8.694909379105160042e+03
1.009364349021411221e-16 6.312110249342932049e-17 8.695661312522010121e+03
-2.470709828938960585e-17 6.306763684517940737e-17 8.696413251739049883e+03
2.018112378570548576e-16 6.317797295043170634e-17 8.697165196824564191e+03
-3.736409310824729480e-17 6.307568015953320972e-17 8.697917147846834268e+03
8.477085667627399507e-17 6.308799942990891814e-17 8.698669104874144978e+03
2.961270388896242954e-17 6.212583681006630342e-17 8.699421067974788457e+03
1.877420503698005097e-16 6.154205980107675078e-17 8.700173037217040473e+03
8.463202848364887940e-17 6.148244189352366867e-17 8.700925012669187709e+03
3.022002900377658599e-17 6.164791477656422701e-17 8.701676994399513205e+03
9.690747169699802837e-17 6.173312875862831207e-17 8.702428982476307283e+03
9.647133297121721113e-17 6.182760200382425096e-17 8.703180976967847528e+03
1.680067531194382944e-16 6.157874370695014575e-17 8.703932977942422440e+03
1.266482404643059208e-16 6.169540683089446422e-17 8.704684985468313243e+03
1.494492471014725541e-16 6.081812253100880384e-17 8.705436999613804801e+03
2.150737365908244993e-16 5.992388345172115187e-17 8.706189020447185612e+03
-5.088679456496215925e-18 5.919721156034831006e-17 8.706941048036736902e+03
2.083813679964925332e-16 5.865736688241437439e-17 8.707693082450741713e+03
1.527123064556909445e-16 5.820121542023741316e-17 8.708445123757486726e+03
-4.557388394731526110e-17 5.779201610018441074e-17 8.709197172025256805e+03
1.639874332949299237e-17 5.748970573691371423e-17 8.709949227322333172e+03
1.953083942250921268e-16 5.728849624931607202e-17 8.710701289717004329e+03
8.705151813077992449e-17 5.675060818406650177e-17 8.711453359277549680e+03
-1.319548463848784954e-16 5.633087168807389739e-17 8.712205436072257726e+03
1.268851847139298047e-16 5.570445817086359293e-17 8.712957520169413328e+03
1.102005991323660630e-17 5.499012487556380196e-17 8.713709611637295893e+03
2.347981734454860804e-17 5.420011899127552520e-17 8.714461710544195739e+03
2.442494980826253174e-16 5.357944717486060643e-17 8.715213816958394091e+03
1.404191217655852955e-16 5.307727505693272803e-17 8.715965930948173991e+03
1.219645142828472802e-16 5.275797776566701685e-17 8.716718052581822121e+03
7.052055939490756606e-17 5.255934424583671494e-17 8.717470181927623344e+03
-1.320180548313986667e-17 5.239738137689535947e-17 8.718222319053862520e+03
5.921378300104192403e-17 5.224711807496271889e-17 8.718974464028819057e+03
5.558065580494144113e-17 5.220509687590764939e-17 8.719726616920783272e+03
-2.767641507928228871e-17 5.218519302757064299e-17 8.720478777798038209e+03
1.114398855453831909e-16 5.222483455552123433e-17 8.721230946728863273e+03
1.830311646934039094e-16 5.223629064385495436e-17 8.721983123781552422e+03
2.032552420170119404e-16 5.217646448930479877e-17 8.722735309024381422e+03
1.775889674330812558e-16 5.217885357245654992e-17 8.723487502525635136e+03
3.221149218437199995e-17 5.207492821710811544e-17 8.724239704353603884e+03
1.778789175436275490e-16 5.198776856907756429e-17 8.724991914576565250e+03
1.136044756014217806e-16 5.199166085301797498e-17 8.725744133262811374e+03
9.433169007888241776e-17 5.180158091068837176e-17 8.726496360480621661e+03
1.120296568983532960e-17 5.178369979703088976e-17 8.727248596298277334e+03
4.925586586883098009e-17 5.170153796680447909e-17 8.728000840784066895e+03
1.168736925153132345e-16 5.174602352201504827e-17 8.728753094006275205e+03
1.233950895900920342e-17 5.182209729042109992e-17 8.729505356033188946e+03
2.184196531765977851e-16 5.211794866824029519e-17 8.730257626933087522e+03
1.141053562992188238e-16 5.217246826813104424e-17 8.731009906774255796e+03
1.254952244477074509e-16 5.233392918939857440e-17 8.731762195624982269e+03
1.205934182846021698e-16 5.250925871450735410e-17 8.732514493553549983e+03
8.319137065892153821e-17 5.258951044304302927e-17 8.733266800628236524e+03
2.239744121405104778e-16 5.281073614160799572e-17 8.734019116917334031e+03
-4.922523273259792680e-17 5.276783852352105983e-17 8.734771442489127367e+03
5.102368193816108909e-17 5.276109807605546945e-17 8.735523777411894116e+03
2.493640635298385109e-17 5.302308128543652216e-17 8.736276121753924599e+03
8.648088447640778894e-17 5.323965072507460317e-17 8.737028475583503678e+03
1.903660103811550364e-16 5.338519724714989506e-17 8.737780838968908938e+03
2.111866593187387076e-16 5.356012534184839652e-17 8.738533211978430700e+03
3.684361278533372060e-17 5.367675182524713769e-17 8.739285594680350187e+03
2.940011210144011218e-17 5.382539981664803054e-17 8.740037987142957718e+03
1.273472871160337714e-16 5.404516321398574733e-17 8.740790389434529061e+03
8.416560298809639249e-17 5.419476500109099239e-17 8.741542801623356354e+03
1.453354369087159833e-16 5.430106800315123288e-17 8.742295223777720821e+03
8.081337871044845801e-17 5.439990584430621462e-17 8.743047655965903687e+03
3.012446279988932578e-17 5.450508303897996421e-17 8.743800098256197089e+03
1.716737281735381246e-16 5.459873839280908353e-17 8.744552550716874975e+03
2.178529953103096616e-16 5.449367073920150490e-17 8.745305013416231304e+03
5.521122020997317831e-18 5.429053174409782632e-17 8.746057486422545480e+03
1.562863645486994716e-17 5.418611805207859303e-17 8.746809969804102366e+03
4.668124214687694768e-17 5.409542632325768910e-17 8.747562463629186823e+03
2.028921728893902738e-17 5.410130364374508883e-17 8.748314967966085533e+03
5.046831491564426088e-17 5.439835262149141513e-17 8.749067482883077901e+03
-1.681825935767509274e-17 5.517514927508004469e-17 8.749820008448452427e+03
-2.039021170263028891e-17 5.712041127343014676e-17 8.750572544730492154e+03
2.743642674614648409e-16 6.068800157095416905e-17 8.751325091797481946e+03
1.134172869459100910e-17 6.509494050318933659e-17 8.752077649717706663e+03
7.619244523627186788e-17 7.054356162120095989e-17 8.752830218559445711e+03
1.080499895679381605e-16 7.761556681330651809e-17 8.753582798390991229e+03
1.118073638706891787e-16 8.439701241387784496e-17 8.754335389280622621e+03
9.794855286769002370e-17 9.020403793432624655e-17 8.755087991296626569e+03
2.364680506363326088e-16 9.389453840266430134e-17 8.755840604507287935e+03
4.663427535283669628e-16 9.656498557716427580e-17 8.756593228980887943e+03
1.838085810825789723e-16 9.749824709594331359e-17 8.757345864785711456e+03
-5.095368254812213643e-18 9.894348832057868460e-17 8.758098511990046973e+03
3.176589838883822800e-16 1.022237869836838159e-16 8.758851170662173899e+03
1.838502465555765865e-16 1.062799169744042158e-16 8.759603840870378917e+03
5.157036104557618429e-16 1.109584414881763526e-16 8.760356522682946888e+03
7.304682439807886888e-16 1.162987527999190877e-16 8.761109216168162675e+03
5.768730491922460607e-16 1.195437677435081510e-16 8.761861921394309320e+03
5.232325152929029349e-16 1.220795144489291769e-16 8.762614638429669867e+03
3.181839642137919860e-16 1.238314011357217653e-16 8.763367367342530997e+03
5.818709600767698245e-16 1.237163183205611221e-16 8.764120108201177572e+03
5.301371091306673936e-16 1.259678614481077922e-16 8.764872861073892636e+03
3.754161194994718014e-16 1.247451737797885828e-16 8.765625626028959232e+03
4.473491979297719224e-16 1.203688111699918915e-16 8.766378403134665859e+03
3.336176501935197726e-16 1.184860299121109145e-16 8.767131192459295562e+03
2.790397387239309495e-16 1.152526485091734274e-16 8.767883994071125926e+03
5.467773886106504417e-16 1.154996011092480611e-16 8.768636808038450908e+03
6.318412912454657184e-16 1.155304506312650283e-16 8.769389634429551734e+03
4.415937796056557824e-16 1.165730607475558822e-16 8.770142473312709626e+03
3.353776332027163782e-16 1.220618141446630426e-16 8.770895324756213085e+03
4.312685614515131057e-16 1.231734520689953992e-16 8.771648188828345155e+03
4.368428797192680586e-16 1.286905606627929201e-16 8.772401065597390698e+03
5.403246556737918573e-16 1.269314009468797710e-16 8.773153955131630937e+03
4.535216799104740639e-16 1.215553206027894502e-16 8.773906857499354373e+03
3.433459689688766408e-16 1.137288278960395466e-16 8.774659772768844050e+03
5.516671020940283673e-17 1.087487206895422210e-16 8.775412701008383010e+03
3.659878520308242362e-16 1.072160699641421179e-16 8.776165642286257935e+03
-1.139439703941744112e-17 1.067164086964730067e-16 8.776918596670750048e+03
1.322410585995098303e-16 1.061578982714803444e-16 8.777671564230146032e+03
1.295366013859020244e-16 1.056532808033001803e-16 8.778424545032728929e+03
2.290625193450066294e-16 1.055682431370989850e-16 8.779177539146787240e+03
2.719217386906685599e-16 1.055487505425371155e-16 8.779930546640600369e+03
3.694803605500320581e-16 1.062671067664313440e-16 8.780683567582451360e+03
2.807274319086058660e-16 1.048063151571913393e-16 8.781436602040634170e+03
6.760284813097881027e-16 1.036020027741067748e-16 8.782189650083422748e+03
4.485005100414773180e-16 1.003412416276354860e-16 8.782942711779109231e+03
7.254685739526432730e-16 9.765500076771826815e-17 8.783695787195971207e+03
7.848778636604446012e-16 9.301285292842051991e-17 8.784448876402297174e+03
6.661662563413189518e-16 8.670565799782163275e-17 8.785201979466368357e+03
5.440030751404867625e-16 8.136385078574340262e-17 8.785955096456473257e+03
4.390114155111614548e-16 7.719307584800727168e-17 8.786708227440896735e+03
2.482500877411253689e-16 7.536944149274927076e-17 8.787461372487916378e+03
-5.841111508478347211e-17 7.519652556863575626e-17 8.788214531665824325e+03
-3.397626612631394392e-17 7.525692387026479176e-17 8.788967705042901798e+03
1.600588321651226734e-16 7.557963354600098094e-17 8.789720892687431842e+03
1.204900156818106155e-16 7.539481859614713731e-17 8.790474094667701138e+03
-5.944782246261879892e-19 7.531139040552546691e-17 8.791227311051992729e+03
-2.489209666272814076e-17 7.543967264937848798e-17 8.791980541908589657e+03
3.953667053806111181e-17 7.525335411475052513e-17 8.792733787305780425e+03
-9.389068586948607535e-18 7.529017628221551842e-17 8.793487047311842616e+03
7.631623922877840640e-17 7.523062852685566950e-17 8.794240321995072009e+03
1.499307203715983984e-16 7.454872133910432364e-17 8.794993611423742550e+03
9.710539592332147496e-17 7.337078655783852569e-17 8.795746915666142741e+03
5.642404451334304162e-17 7.044094071921521840e-17 8.796500234790553804e+03
1.577472754146205804e-16 6.625723711719298908e-17 8.797253568865266061e+03
3.860556752108987538e-16 6.235093932905735317e-17 8.798006917958560734e+03
1.845353039851029775e-16 5.782936810340889955e-17 8.798760282138719049e+03
1.240283756792813339e-16 5.430427341140216106e-17 8.799513661474031323e+03
9.288829361579331607e-17 5.513163375096373873e-17 8.800267056032776964e+03
1.226845559465261680e-16 6.481265606219803099e-17 8.801020465883240831e+03
1.944803003942167719e-16 5.437553092639104414e-17 8.801773891093715065e+03
1.371960810963147410e-16 5.447932808766324781e-17 8.802527331732473613e+03
1.763264486887498773e-16 5.504338404625587250e-17 8.803280787867806794e+03
9.293587704243554506e-17 5.540040396953946529e-17 8.804034259567994013e+03
1.272676992279571559e-16 5.567232969219028346e-17 8.804787746901325590e+03
1.858716633093214893e-16 5.573275790996710945e-17 8.805541249936086388e+03
1.814314705834936060e-17 5.581214196019140408e-17 8.806294768740550353e+03
6.584920380429353843e-18 5.583708229519882233e-17 8.807048303383016901e+03
1.981289935231064565e-16 5.588199191226262795e-17 8.807801853931759979e+03
5.284096756539602432e-17 5.583742621671622647e-17 8.808555420455066269e+03
1.728858612730905350e-17 5.582458322075222120e-17 8.809309003021222452e+03
1.227511678243219036e-16 5.604887933371326181e-17 8.810062601698509752e+03
1.593412467042518352e-16 5.624303837028266406e-17 8.810816216555214851e+03
1.438430803725803111e-16 5.644342317188375246e-17 8.811569847659622610e+03
2.015013740835001807e-17 5.671799210951136623e-17 8.812323495080014254e+03
1.018191528324590319e-16 5.698730894055968722e-17 8.813077158884676464e+03
1.543863660288440469e-16 5.715356381579976431e-17 8.813830839141892284e+03
-7.951764403929412909e-17 5.737641271514365584e-17 8.814584535919950213e+03
8.041340181515638353e-17 5.758800298318869829e-17 8.815338249287129656e+03
-4.765796525976193395e-17 5.835915370537923435e-17 8.816091979311717296e+03
1.215479030778915498e-16 6.051897510747458963e-17 8.816845726061997993e+03
2.157502508765255357e-17 6.662261630605911403e-17 8.817599489606254792e+03
1.001552970571645671e-16 7.655074990111439425e-17 8.818353270012772555e+03
4.999247732358159440e-18 9.165994736454118504e-17 8.819107067349832505e+03
9.469643835933729821e-17 1.052991374751379887e-16 8.819860881685730419e+03
3.571162158739565775e-16 1.184892598741679477e-16 8.820614713088734788e+03
6.285510496334284030e-16 1.209135761395626765e-16 8.821368561627143208e+03
4.226487004470206164e-16 1.224958133757091249e-16 8.822122427369231445e+03
3.337004456132778204e-16 1.246236474436903943e-16 8.822876310383289820e+03
3.074004754691994178e-16 1.257842229375001860e-16 8.823630210737595917e+03
3.440114774157323232e-16 1.248283086931940353e-16 8.824384128500445513e+03
1.987975792409477452e-16 1.283757425386172853e-16 8.825138063740110738e+03
3.453504171634464031e-16 1.310858570839351678e-16 8.825892016524880091e+03
4.802667450732280908e-16 1.316104615916972197e-16 8.826645986923042074e+03
3.963095549917505916e-16 1.367484316110278040e-16 8.827399975002876090e+03
3.943494490924423881e-16 1.390500269492519089e-16 8.828153980832667003e+03
6.918683728173760343e-16 1.411488724337901320e-16 8.828908004480705131e+03
3.830337094749448375e-16 1.416476053949356505e-16 8.829662046015268061e+03
8.827622058811463585e-16 1.453685538473322446e-16 8.830416105504640655e+03
4.427496594507070878e-16 1.357876551257818122e-16 8.831170183017115050e+03
5.237408267208156132e-16 1.288462195054756004e-16 8.831924278620965197e+03
7.982342902050600266e-16 1.192740294899705632e-16 8.832678392384481413e+03
8.115853381198367981e-16 1.140264791690299400e-16 8.833432524375944922e+03
5.742745439074037156e-16 1.080229489804363428e-16 8.834186674663642407e+03
2.234044709780072926e-16 1.033499028975017700e-16 8.834940843315860548e+03
1.675770528275017349e-16 1.016238052739282445e-16 8.835695030400878750e+03
2.029409102195855556e-16 1.002898659040126678e-16 8.836449235986983695e+03
3.458350169410634414e-18 1.003205678149148930e-16 8.837203460142460244e+03
9.336993317985361693e-17 9.966506549492084402e-17 8.837957702935593261e+03
-3.126189183299094424e-17 9.883393301903714882e-17 8.838711964434663969e+03
-5.154272419131526610e-18 1.001439303640095293e-16 8.839466244707964506e+03
8.616473212473723024e-17 9.709688514399149233e-17 8.840220543823768821e+03
7.120165051008812526e-17 9.587822077258997555e-17 8.840974861850369052e+03
-2.351482452010302123e-16 9.278608219352889698e-17 8.841729198856046423e+03
2.204560214269172814e-16 8.835937541466876214e-17 8.842483554909082159e+03
3.506062947685402410e-16 8.252057725984072911e-17 8.843237930077768397e+03
3.210972080888417628e-16 7.768232555506566879e-17 8.843992324430386361e+03
4.066166808194442978e-16 7.427548221539151681e-17 8.844746738035217277e+03
2.033692693529079727e-16 7.266886409284268464e-17 8.845501170960549643e+03
1.518571563576564992e-16 7.306712533518615754e-17 8.846255623274662867e+03
3.474608249760178683e-16 7.298735408414448142e-17 8.847010095045847265e+03
4.478957706968020339e-16 7.311641481322423597e-17 8.847764586342382245e+03
-3.417111259760048351e-17 7.522932314274415924e-17 8.848519097232558124e+03
1.076492739116506197e-16 7.445151634056036171e-17 8.849273627784652490e+03
1.884230019673639416e-16 7.354651796662260758e-17 8.850028178066953842e+03
9.285828441258552247e-18 7.333495816223901238e-17 8.850782748147748862e+03
-4.763000227052792112e-17 7.309566096355731997e-17 8.851537338095316954e+03
4.921994096682906563e-17 7.286876448002673646e-17 8.852291947977942982e+03
1.973547499826817666e-16 7.287726154947948144e-17 8.853046577863915445e+03
2.608700293070853687e-16 7.267286267612341074e-17 8.853801227821510111e+03
1.535567726835959570e-17 7.171932164624069984e-17 8.854555897919024574e+03
1.338252356612930421e-16 6.980340470049611224e-17 8.855310588224732783e+03
5.002082023741336311e-17 6.731735035138290338e-17 8.856065298806921419e+03
3.082538552938406546e-16 6.434763808994249791e-17 8.856820029733877163e+03
1.892867166038640101e-16 6.267634871348582917e-17 8.857574781073883059e+03
-5.660958427811582384e-18 6.313076403482328382e-17 8.858329552895225788e+03
-1.164754191832890090e-16 6.667414579393307114e-17 8.859084345266182936e+03
7.436930996966353003e-17 7.309130641950230303e-17 8.859839158255046641e+03
-9.692246293409172196e-18 7.910343730631055383e-17 8.860593991930096308e+03
2.860208506543188226e-17 8.372279772705276526e-17 8.861348846359618619e+03
-5.292985370331371371e-17 8.715968416056560702e-17 8.862103721611900255e+03
-4.446689361390867778e-17 8.772190212307459388e-17 8.862858617755222440e+03
-2.925702532382587254e-16 8.733617130793166884e-17 8.863613534857868217e+03
4.600556362507676203e-17 8.787720137196473307e-17 8.864368472988124267e+03
1.178694840562752707e-16 8.696573570015362204e-17 8.865123432214273635e+03
-2.102422912743163388e-16 8.701727306308596083e-17 8.865878412604604819e+03
-1.069295170167686040e-16 8.697833338939817301e-17 8.866633414227399044e+03
1.031105550076640418e-16 8.697415380083164798e-17 8.867388437150937534e+03
1.440800816725897562e-16 8.612734712274237445e-17 8.868143481443508790e+03
-2.261046054500669942e-17 8.664409011794058920e-17 8.868898547173395855e+03
-6.030913380838038690e-17 8.571508185051019632e-17 8.869653634408889047e+03
1.321765761292003839e-16 8.482439956039166810e-17 8.870408743218262316e+03
1.288523333960855295e-16 8.443506881967606336e-17 8.871163873669807799e+03
2.221443752060233707e-18 8.322952644406753327e-17 8.871919025831804902e+03
1.068138771231437868e-16 8.012771114279660130e-17 8.872674199772542124e+03
7.362361416992650250e-17 7.445342334601277533e-17 8.873429395560302510e+03
3.659560499149721893e-16 6.786767541491669545e-17 8.874184613263369101e+03
3.210841540047329234e-16 6.221535924568916914e-17 8.874939852950024942e+03
-2.961013440275858781e-17 5.974248462786668285e-17 8.875695114688562171e+03
-2.284707560820351553e-17 6.233860944166828401e-17 8.876450398547256555e+03
-4.799285728343694442e-17 6.965024400055060588e-17 8.877205704594394774e+03
2.046805993765864687e-16 8.398315846913685660e-17 8.877961032898265330e+03
2.054276404360692657e-16 9.916414128539074017e-17 8.878716383527147627e+03
3.774161172711050923e-16 1.093560201123896717e-16 8.879471756549328347e+03
7.834430920556516141e-16 1.172995966144598042e-16 8.880227152033092352e+03
3.293519903793541413e-16 1.175833678263880093e-16 8.880982570046724504e+03
3.717467069236168342e-16 1.171850071580999910e-16 8.881738010658506028e+03
3.282634374920616490e-16 1.190855633193047867e-16 8.882493473936723603e+03
3.259413527078874594e-16 1.213379525358277592e-16 8.883248959949662094e+03
1.491296615293985398e-16 1.204981485464150411e-16 8.884004468765604543e+03
4.003975138880929113e-17 1.199825272696829796e-16 8.884760000452835811e+03
3.793318783508455030e-16 1.206105434736023941e-16 8.885515555079642581e+03
1.040974324768492366e-16 1.214694743072380815e-16 8.886271132714304258e+03
4.996177071909628181e-17 1.182519854149723770e-16 8.887026733425109342e+03
2.617443784954293064e-17 1.196629842226868705e-16 8.887782357280339056e+03
7.617803854817826525e-17 1.212681354812850854e-16 8.888538004348283721e+03
1.139252150242135758e-16 1.180764309581790661e-16 8.889293674697222741e+03
-9.270693704583171518e-17 1.173800156760010343e-16 8.890049368395440979e+03
-3.165261421462114565e-16 1.119725855010492452e-16 8.890805085511223297e+03
-1.602237505346432146e-16 1.000850259239168985e-16 8.891560826112858194e+03
2.574783920837955452e-16 8.843240431013209124e-17 8.892316590268623258e+03
2.987969928262012251e-16 7.561978379348038470e-17 8.893072378046803351e+03
5.569273868121412326e-16 6.786148680441283543e-17 8.893828189515686972e+03
-2.317641595334831259e-16 6.871115708162987448e-17 8.894584024743558984e+03
2.118454860357458763e-16 7.558293161671795614e-17 8.895339883798700612e+03
-9.289809523583000578e-17 8.268437658596168019e-17 8.896095766749398535e+03
1.045548572267532562e-16 8.931136389351279712e-17 8.896851673663933980e+03
1.683740098090780155e-16 9.303936464963353781e-17 8.897607604610595445e+03
1.261307282503237510e-16 9.418304733507360494e-17 8.898363559657665974e+03
4.435120768126572257e-17 9.461784969219955486e-17 8.899119538873426791e+03
-3.162785622936272660e-17 9.453530308630369686e-17 8.899875542326168215e+03
4.633079497503613704e-17 9.506441230168345467e-17 8.900631570084167834e+03
-1.867539558099433660e-17 9.431556042092275158e-17 8.901387622215715965e+03
1.692328869415488371e-16 9.511745929069165614e-17 8.902143698789092014e+03
2.964123386159219381e-16 9.452683288145255237e-17 8.902899799872586300e+03
1.702495673278707077e-16 9.401576842190949043e-17 8.903655925534476410e+03
2.405988474563487913e-16 9.391950934573134523e-17 8.904412075843052662e+03
5.165590130242279857e-16 9.413317191055943029e-17 8.905168250866599919e+03
2.790359107400544666e-16 9.422609212418355195e-17 8.905924450673395768e+03
2.691004628845577499e-16 9.402956255644274029e-17 8.906680675331725070e+03
8.921935052525718327e-17 9.341754955718024732e-17 8.907436924909881782e+03
2.295699847068279834e-16 8.977326933180655505e-17 8.908193199476145310e+03
3.325078696825316971e-16 8.409868266421142229e-17 8.908949499098798697e+03
5.075378990452920774e-16 7.866814565771039400e-17 8.909705823846123167e+03
5.441362653252847084e-16 7.711774261015177507e-17 8.910462173786410858e+03
1.713944696335133861e-16 8.339963377210628731e-17 8.911218548987941176e+03
3.435892839336765082e-16 9.530005777081355006e-17 8.911974949518997164e+03
3.855820847790536340e-16 1.071900646490984588e-16 8.912731375447865503e+03
4.661222592834097548e-16 1.180817215960562925e-16 8.913487826842832874e+03
1.837873939864416558e-16 1.209549154005834451e-16 8.914244303772178682e+03
3.375371335415520172e-16 1.205937085290558140e-16 8.915000806304193247e+03
1.505685526580298807e-16 1.254989548249149686e-16 8.915757334507159612e+03
1.727785589800390456e-16 1.270922315424553430e-16 8.916513888449353544e+03
3.098485364273664143e-16 1.261010155326717764e-16 8.917270468199070820e+03
8.065180756316901961e-17 1.257696601533438686e-16 8.918027073824590843e+03
3.348982134351400289e-16 1.271646747352982911e-16 8.918783705394198478e+03
4.316084294707290727e-16 1.267657575459844146e-16 8.919540362976180404e+03
4.347928394194083255e-16 1.280174717407184393e-16 8.920297046638814209e+03
1.681493339732283363e-16 1.283387810426866426e-16 8.921053756450392029e+03
4.462328273630203574e-16 1.278994215104202641e-16 8.921810492479195091e+03
3.760049589257725972e-16 1.275420905964629972e-16 8.922567254793508255e+03
5.226326022479419794e-16 1.283891666569210089e-16 8.923324043461616384e+03
5.256565955627156527e-16 1.206270368269522975e-16 8.924080858551802521e+03
3.196238667016557529e-16 1.094736650630750996e-16 8.924837700132349710e+03
4.490321527478971023e-16 9.897764263240136762e-17 8.925594568271546450e+03
5.495663145590741321e-16 8.658372588111960667e-17 8.926351463037673966e+03
5.003008690989563742e-16 7.490995233081915438e-17 8.927108384499020758e+03
2.526643183715776641e-16 6.617965266201468585e-17 8.927865332723864412e+03
1.032210294378441021e-16 6.304944715351208559e-17 8.928622307780495248e+03
7.848665659610779665e-17 6.268516468890978999e-17 8.929379309737196309e+03
1.554846919362001322e-16 6.264294645326695331e-17 8.930136338662250637e+03
5.373603968796532036e-17 6.294791604966794511e-17 8.930893394623941276e+03
2.135200906710929701e-16 6.258489396523103910e-17 8.931650477690558546e+03
9.154123635335410664e-17 6.254108540035424677e-17 8.932407587930381851e+03
-2.740553588090264816e-18 6.355431575271471122e-17 8.933164725411696054e+03
2.201381847092241645e-16 6.498688580656600393e-17 8.933921890202786017e+03
8.430909566961543213e-17 6.766309763812473334e-17 8.934679082371936602e+03
3.073525229933910876e-17 7.361393854634180930e-17 8.935436301987434490e+03
1.537517538860547796e-16 8.093663433160995507e-17 8.936193549117559087e+03
3.917083200605227553e-16 8.687254819039802771e-17 8.936950823830600712e+03
3.975028101456340643e-16 9.039935464769074333e-17 8.937708126194835131e+03
2.306547348263769866e-16 9.282239906114096230e-17 8.938465456278556303e+03
1.797229906504649906e-16 9.271598746637478028e-17 8.939222814150045451e+03
4.792889748833873578e-16 9.265818437514054536e-17 8.939980199877583800e+03
4.373281017028219815e-16 9.180218343671027292e-17 8.940737613529458031e+03
1.889924272333403593e-16 9.163260846278173052e-17 8.941495055173953006e+03
4.145985577483608116e-16 9.152521423471908792e-17 8.942252524879353587e+03
1.790480052980558678e-16 9.137707418873836818e-17 8.943010022713940998e+03
1.980926278797775344e-16 9.194978495589362517e-17 8.943767548746003740e+03
2.692561467625173240e-16 9.189181906957990889e-17 8.944525103043823037e+03
2.405884069355059978e-16 9.114881342325957286e-17 8.945282685675687389e+03
2.896485680109932249e-16 9.116543183726330469e-17 8.946040296709878021e+03
4.870510573642271803e-16 9.049084074612235783e-17 8.946797936214679794e+03
3.554485971591876771e-16 9.054114983196868586e-17 8.947555604258375752e+03
4.280117948901709877e-16 8.940771411862783526e-17 8.948313300909252575e+03
5.756946773215166098e-16 8.880748230827354919e-17 8.949071026235595127e+03
1.045961486083906588e-15 9.190789829817027243e-17 8.949828780305684631e+03
1.167350952101731298e-15 9.919272517677435423e-17 8.950586563187809588e+03
8.870809648166120596e-16 1.070044030936095697e-16 8.951344374950249403e+03
7.963451392217137755e-16 1.159054602345260032e-16 8.952102215661296214e+03
5.942934845692129233e-16 1.183571911825835548e-16 8.952860085389223968e+03
1.273382222206560595e-16 1.184491967695234333e-16 8.953617984202326625e+03
3.807377518353976153e-16 1.193434094229008027e-16 8.954375912168885407e+03
3.043888631347379057e-16 1.191617263694559323e-16 8.955133869357181538e+03
-4.546008042118628592e-17 1.192784956481799749e-16 8.955891855835503520e+03
3.256277083052226166e-16 1.192069187231557103e-16 8.956649871672136214e+03
8.493682722664332497e-17 1.203124412194935466e-16 8.957407916935357207e+03
3.003235024592941634e-16 1.182663016232665444e-16 8.958165991693456817e+03
1.377983251982636684e-16 1.193022252066973390e-16 8.958924096014721727e+03
-1.309660918108908764e-16 1.195125530149315466e-16 8.959682229967431340e+03
1.300547260808279963e-17 1.194937681267361912e-16 8.960440393619872339e+03
-1.726210846827693831e-16 1.203963069394698974e-16 8.961198587040329585e+03
-4.766372123486704454e-16 1.185260280579475137e-16 8.961956810297084303e+03
-4.999790391316864703e-16 1.140169401787325709e-16 8.962715063458423174e+03
-6.829493320910361717e-16 1.056839008564448982e-16 8.963473346592632879e+03
-2.821874698681308735e-16 9.717848716593597896e-17 8.964231659767992824e+03
-1.115646058244066735e-16 8.400184041172859283e-17 8.964990003052793327e+03
1.846402593027683518e-16 7.131405925658347611e-17 8.965748376515313794e+03
-1.258813043860866001e-16 6.385778533279198809e-17 8.966506780223839087e+03
-3.012089012204874126e-18 6.132143165887982519e-17 8.967265214246657706e+03
8.821675199346986099e-17 6.096081870329768073e-17 8.968023678652050876e+03
1.448691551172443641e-17 6.094728050355623764e-17 8.968782173508305277e+03
4.153299456067923592e-17 6.094776394848999366e-17 8.969540698883700315e+03
7.790007256704652632e-17 6.100730375183260687e-17 8.970299254846522672e+03
2.667923010417802846e-16 6.092615707718264669e-17 8.971057841465062666e+03
1.852465009414653736e-16 6.103413433021462631e-17 8.971816458807597883e+03
2.044871753260621080e-16 6.130991947565332081e-17 8.972575106942415005e+03
4.896947140924841122e-17 6.169191304355799844e-17 8.973333785937797074e+03
-2.776642242241185936e-17 6.195135288411386914e-17 8.974092495862032592e+03
6.348596939688135788e-17 6.222836465322469729e-17 8.974851236783399145e+03
2.196154664425415556e-16 6.232268123266281479e-17 8.975610008770187051e+03
-8.433620103038162877e-17 6.212986729025142314e-17 8.976368811890679353e+03
6.852045352195753834e-17 6.198338284996161719e-17 8.977127646213160915e+03
1.193542871643641138e-16 6.192175825780031564e-17 8.977886511805911141e+03
1.857056733919318977e-16 6.269870087804346769e-17 8.978645408737222169e+03
2.023803851957992226e-16 6.408741406901262045e-17 8.979404337075371586e+03
8.488617233576494901e-17 6.734929019729627386e-17 8.980163296888651530e+03
-5.622868009550829660e-17 7.219492276655016797e-17 8.980922288245337768e+03
1.924593993736643946e-16 7.672862922915011212e-17 8.981681311213720619e+03
3.683400558827541138e-16 8.032898916741846373e-17 8.982440365862079489e+03
2.942224142915012283e-16 8.245425072598791473e-17 8.983199452258708334e+03
8.414567163177330220e-17 8.270970237375449345e-17 8.983958570471879284e+03
2.586062356431999213e-16 8.315617752390643200e-17 8.984717720569886296e+03
1.060881424013927969e-16 8.352469228212469644e-17 8.985476902621008776e+03
1.460660239099668424e-16 8.362331517064313518e-17 8.986236116693533404e+03
2.237069600204400226e-16 8.334090277998041664e-17 8.986995362855741405e+03
5.313826189682450036e-17 8.339149066453677229e-17 8.987754641175923098e+03
5.296513036393542831e-17 8.319727316307911602e-17 8.988513951722357888e+03
1.514609555728209930e-16 8.298115852752340913e-17 8.989273294563332456e+03
-1.154709578421934452e-16 8.309017445661791918e-17 8.990032669767129846e+03
-2.011943540066660289e-16 8.358056883065969927e-17 8.990792077402033101e+03
1.240678633717637796e-16 8.365997235072550765e-17 8.991551517536332540e+03
2.272473076820701189e-16 8.539933002496322194e-17 8.992310990238305749e+03
1.769748761314564951e-16 8.879885890169974347e-17 8.993070495576244866e+03
1.919632588584053122e-16 9.404049448451781132e-17 8.993830033618423840e+03
3.273213011403696573e-16 9.967349396170788307e-17 8.994589604433138447e+03
1.757559875141561365e-16 1.018197420161943732e-16 8.995349208088660816e+03
2.596673167129317583e-16 1.042541104496253541e-16 8.996108844653284905e+03
7.604292324998652065e-17 1.043756222330928263e-16 8.996868514195295575e+03
-8.078694147826599780e-17 1.069696171852979299e-16 8.997628216782972231e+03
-1.203054219131601478e-16 1.273829252493554582e-16 8.998387952484599737e+03
1.343867501601955805e-16 1.101234393364204613e-16 8.999147721368464772e+03
6.514076988367293782e-17 1.048060360650174621e-16 8.999907523502850381e+03
5.309733526778914652e-17 1.037155628191014073e-16 9.000667358956043245e+03
-9.004079061495700358e-18 1.044272071988394814e-16 9.001427227796322768e+03
-2.272910625349648273e-16 1.038383410986994046e-16 9.002187130091979270e+03
6.710948554674777283e-17 1.039102953452891932e-16 9.002947065911293976e+03
1.175281960615054713e-16 1.030674393456032675e-16 9.003707035322553565e+03
-1.346988527734936229e-16 1.021049198152379407e-16 9.004467038394037445e+03
-7.675516232769334980e-17 1.003490689451321170e-16 9.005227075194034114e+03
-1.812108009346642609e-16 9.809795233439231544e-17 9.005987145790830255e+03
2.690635825964914678e-16 9.290680883471201094e-17 9.006747250252705271e+03
-1.115814578581823824e-16 8.482907038840626424e-17 9.007507388647945845e+03
3.668959258379414026e-17 7.952164815679701831e-17 9.008267561044836839e+03
4.142444546153218786e-16 6.600602863137401768e-17 9.009027767511659476e+03
2.682500097712696510e-16 5.929178362234323467e-17 9.009788008116705896e+03
3.064244015301922547e-16 5.640695322948468348e-17 9.010548282928251865e+03
1.383650737635046505e-16 5.616798851895894892e-17 9.011308592014585884e+03
-5.335874367396578111e-17 5.607322164080072246e-17 9.012068935443989176e+03
2.702920486828994677e-17 5.642012383654521761e-17 9.012829313284750242e+03
1.637525433595011897e-16 5.702522402661392491e-17 9.013589725605153944e+03
2.187971366466334684e-16 5.764257903547304848e-17 9.014350172473485145e+03
1.560462562396454858e-16 5.823323367983950846e-17 9.015110653958021430e+03
1.282163926278817232e-16 5.868076406390188912e-17 9.015871170127053119e+03
1.273619356071899705e-16 5.909903854007993650e-17 9.016631721048863255e+03
3.192003259511483591e-16 5.939312790639220310e-17 9.017392306791738520e+03
1.687675626684398476e-16 5.952605714357617340e-17 9.018152927423961955e+03
4.732748886371555595e-17 5.953670596581142024e-17 9.018913583013811149e+03
2.980653713263683177e-16 5.965475846164503466e-17 9.019674273629581876e+03
3.036169702666421296e-16 5.967915955894519940e-17 9.020434999339551723e+03
1.642975717438248519e-16 5.977861656942657809e-17 9.021195760212005553e+03
1.139104039280484330e-16 6.126335216795239303e-17 9.021956556315231865e+03
1.678461444409429390e-16 6.039786925367916528e-17 9.022717387717508245e+03
-8.464148169755508017e-17 5.987720829114093127e-17 9.023478254487126833e+03
2.026681561356694738e-17 5.999654163746849158e-17 9.024239156692368852e+03
2.266645209402231909e-16 5.994698870693628554e-17 9.025000094401513707e+03
1.341055081697505696e-16 5.989953973958187258e-17 9.025761067682851717e+03
9.582893993448497765e-18 5.988315340362146664e-17 9.026522076604669564e+03
1.388629678408283505e-16 5.979517607534443166e-17 9.027283121235243016e+03
3.074426366537888978e-16 5.995237641432237323e-17 9.028044201642866028e+03
1.928045223008103499e-16 6.066913632997108535e-17 9.028805317895816188e+03
4.103307255893275952e-17 6.238566798443734226e-17 9.029566470062378357e+03
1.226166783204834204e-16 6.569068616943131916e-17 9.030327658210841037e+03
1.053809975818936266e-16 6.962582237624672779e-17 9.031088882409487269e+03
2.085166317441138617e-17 7.331085786455173741e-17 9.031850142726598278e+03
8.096193670025178814e-17 7.599282736758866116e-17 9.032611439230466203e+03
1.277186502989379074e-16 7.737353165677843637e-17 9.033372771989364992e+03
-3.923924626431948722e-17 7.747067028329897719e-17 9.034134141071584963e+03
3.108255309551355082e-16 7.730192996737429455e-17 9.034895546545409161e+03
1.902328721238260688e-16 7.692717646491337276e-17 9.035656988479124266e+03
-4.563413366892867521e-17 7.625016800094673005e-17 9.036418466941013321e+03
-6.028335165918702524e-18 7.609659666846522312e-17 9.037179981999361189e+03
9.819783698526877019e-17 7.565482805463555484e-17 9.037941533722450913e+03
3.910040512524433152e-17 7.502846064317024193e-17 9.038703122178569174e+03
1.491844142793825733e-16 7.500277058266755943e-17 9.039464747435995378e+03
6.862534242911862241e-17 7.522230733244945290e-17 9.040226409563019843e+03
1.162069021763940312e-16 7.683793253568170442e-17 9.040988108627923793e+03
9.484768790292079021e-17 8.000036697938695736e-17 9.041749844698995730e+03
2.561209680585956185e-17 8.430791214512699175e-17 9.042511617844513239e+03
-1.382084185358677702e-16 8.790764850663849328e-17 9.043273428132768458e+03
-3.524630608387375021e-17 9.025087551405795725e-17 9.044035275632038974e+03
-1.492244758620055131e-17 9.022281170843610105e-17 9.044797160410609649e+03
6.584306316929785810e-18 8.843463563905889942e-17 9.045559082536772621e+03
1.328397976478240702e-16 8.760483347538809051e-17 9.046321042078805476e+03
-1.338084793395395700e-16 8.712895408695875688e-17 9.047083039104989439e+03
-1.120366170177813932e-16 8.740501625334829237e-17 9.047845073683620285e+03
-2.168613583514194199e-17 8.780413845692659833e-17 9.048607145882971963e+03
-5.976865487664753702e-17 8.724968493266660023e-17 9.049369255771329335e+03
-1.131793352213502960e-16 8.812457044076733430e-17 9.050131403416988178e+03
8.362455624575745336e-17 8.823437196139058120e-17 9.050893588888224258e+03
-2.308014560602575618e-16 8.759260139280319722e-17 9.051655812253316981e+03
-4.486477212342355952e-17 8.794236449158916594e-17 9.052418073580562123e+03
-2.663842379205446172e-17 8.742905022824146708e-17 9.053180372938237269e+03
7.423730127865826122e-17 8.652012918757549908e-17 9.053942710394625465e+03
-2.379570830570000621e-17 8.480687113158009623e-17 9.054705086018017028e+03
-5.995199268920305364e-17 8.118721676391077280e-17 9.055467499876693182e+03
2.331962320601769238e-16 7.542245827825559690e-17 9.056229952038936972e+03
2.906928218511832845e-16 6.955150812681109225e-17 9.056992442573035078e+03
3.204704417975459171e-16 6.504736338732554819e-17 9.057754971547270543e+03
7.986141257133829117e-17 6.263738818486722860e-17 9.058517539029928230e+03
8.129885779354759779e-17 6.185188177757049205e-17 9.059280145089294820e+03
-6.666866807569295152e-17 6.188086533833947049e-17 9.060042789793651536e+03
-7.330015478892553490e-17 6.197956673410045911e-17 9.060805473211283243e+03
1.962730263874324673e-16 6.191140392514824557e-17 9.061568195410474800e+03
1.373041939046604618e-16 6.224511649382163888e-17 9.062330956459511071e+03
5.469044043102635282e-17 6.246530346291389603e-17 9.063093756426676919e+03
9.962334310440712550e-17 6.280585064747857832e-17 9.063856595380257204e+03
-2.831828835088497419e-17 6.346623578895100678e-17 9.064619473388534971e+03
7.844977881225499277e-17 6.379385344727351193e-17 9.065382390519795081e+03
-8.327835318432096701e-17 6.406310703870098338e-17 9.066145346842320578e+03
1.393106560506553619e-16 6.458496036085504162e-17 9.066908342424399962e+03
2.734511008656912097e-16 6.473508563724891703e-17 9.067671377334312638e+03
1.095341871639051456e-16 6.502054637313494516e-17 9.068434451640347106e+03
1.435295976783327664e-16 6.539878751097639217e-17 9.069197565410786410e+03
2.338210497691789337e-16 6.571608331961547469e-17 9.069960718713913593e+03
1.180770532736447654e-16 6.567037883820604677e-17 9.070723911618013517e+03
7.759177932964198417e-17 6.561823243506075291e-17 9.071487144191371044e+03
-8.807754827587899477e-17 6.526020008067090103e-17 9.072250416502272856e+03
2.900107101371324474e-16 6.478728897440899591e-17 9.073013728619000176e+03
6.937252267976362653e-18 6.449816055066201181e-17 9.073777080609837867e+03
2.517070987805818512e-16 6.423297274768401301e-17 9.074540472543074429e+03
-3.454472522946617983e-17 6.415349778728134055e-17 9.075303904486991087e+03
-1.499969189350537329e-18 6.298116308905673858e-17 9.076067376509869064e+03
1.640192473461176312e-16 6.222841805599777337e-17 9.076830888679996860e+03
2.256049908209022131e-16 6.173401295036497935e-17 9.077594441065659339e+03
1.086475644338335004e-16 6.137639361812938334e-17 9.078358033735135905e+03
1.245000898645294691e-16 6.132551154901042642e-17 9.079121666756720515e+03
-1.487593592311794636e-17 6.111422607578780916e-17 9.079885340198688937e+03
8.708064111606895555e-17 6.099787993496452443e-17 9.080649054129326032e+03
6.417915762897812291e-17 6.084952481412158445e-17 9.081412808616922121e+03
2.097110000859193300e-16 6.073054610221311234e-17 9.082176603729756607e+03
1.644752418532091534e-16 6.069385965965714339e-17 9.082940439536116173e+03
1.373112299189059934e-16 6.096173015345560091e-17 9.083704316104285681e+03
-5.418486521623325664e-17 6.173550472836559731e-17 9.084468233502544535e+03
8.793229057883848550e-17 6.316766615355225110e-17 9.085232191799186694e+03
-1.227221148220388331e-17 6.511091720964762192e-17 9.085996191062487924e+03
8.625408062277966593e-17 6.723231356519371589e-17 9.086760231360734906e+03
3.574182707284598853e-18 6.882570464424224329e-17 9.087524312762214322e+03
2.137137023690171159e-16 6.975549184015709522e-17 9.088288435335205577e+03
-1.631074987422776025e-16 7.001090123738519030e-17 9.089052599148006266e+03
2.773156432134549754e-17 7.025063336631638875e-17 9.089816804268883061e+03
2.066325957620637866e-16 7.094247115749523549e-17 9.090581050766133558e+03
7.826263123031940762e-17 7.094957927324175130e-17 9.091345338708033523e+03
2.459861026177783050e-16 7.103401297654887345e-17 9.092109668162871458e+03
1.587837797041688512e-16 7.151083381719344644e-17 9.092874039198934042e+03
-1.002860629844585428e-16 7.187858350908194618e-17 9.093638451884502501e+03
1.390680903110492684e-16 7.494546809964379680e-17 9.094402906287861697e+03
2.369877358678003867e-16 7.547116981112364536e-17 9.095167402477298310e+03
1.472177663072257074e-16 7.691680077134472689e-17 9.095931940521088109e+03
8.627495449085650308e-17 7.934083363657147395e-17 9.096696520487530506e+03
3.133554709569437496e-16 8.131796878975181422e-17 9.097461142444897632e+03
1.738908734440965210e-16 8.186718747448149666e-17 9.098225806461479806e+03
-1.100088484275198590e-16 8.096455395528365293e-17 9.098990512605556432e+03
1.043643156543314651e-17 7.934599282776575692e-17 9.099755260945417831e+03
1.354772185646872967e-16 7.745436702198563867e-17 9.100520051549343407e+03
4.095943197769673672e-17 7.533477135274830677e-17 9.101284884485623479e+03
1.604618178648591795e-17 7.439526512080975875e-17 9.102049759822537453e+03
1.932862253184018337e-16 7.401932527634931843e-17 9.102814677628372010e+03
-1.129223381137160732e-17 7.361796428866823137e-17 9.103579637971410193e+03
-5.208824383433087756e-18 7.360851519640112002e-17 9.104344640919938684e+03
3.240094356496745992e-16 7.358094825482378225e-17 9.105109686542240524e+03
3.408449916689971306e-16 7.370977219559387090e-17 9.105874774906595121e+03
1.132471356067306364e-16 7.391398695028480393e-17 9.106639906081294612e+03
3.984347550169950019e-17 7.402467432683459544e-17 9.107405080134625678e+03
1.867796221382622792e-16 7.419373977216657555e-17 9.108170297134864086e+03
-5.143292381934692751e-18 7.259684593019747737e-17 9.108935557150296518e+03
1.995511784057768148e-16 6.994464414839957978e-17 9.109700860249209654e+03
2.173430207373654728e-17 6.701879964013726858e-17 9.110466206499888358e+03
1.630461615576052736e-16 6.427294098795083018e-17 9.111231595970613853e+03
1.883680504733743993e-16 6.276557314461628676e-17 9.111997028729674639e+03
1.830378901926437503e-16 6.188984833301769881e-17 9.112762504845351941e+03
3.133562984514442541e-16 6.135067501568888070e-17 9.113528024385930621e+03
1.362061667705250844e-16 6.143850157873032457e-17 9.114293587419699179e+03
5.863002075445774388e-17 6.153177236343911755e-17 9.115059194014933382e+03
-2.702765475755907165e-17 6.168174129930864376e-17 9.115824844239927188e+03
-8.732105977015933643e-18 6.185384603318275802e-17 9.116590538162960002e+03
8.858806658081433110e-18 6.188496090595734831e-17 9.117356275852318504e+03
3.192838638901370258e-16 6.200459324853854695e-17 9.118122057376283919e+03
2.269233742512011492e-17 6.230592586572381633e-17 9.118887882803141110e+03
-4.461735007677982661e-17 6.258381018434984428e-17 9.119653752201178577e+03
2.091950064186859870e-16 6.277725039445657983e-17 9.120419665638677543e+03
1.704946283303025449e-16 6.300824450523719613e-17 9.121185623183922871e+03
3.338681319220133424e-17 6.308864627594622960e-17 9.121951624905201243e+03
1.925040405933993384e-17 6.313686458799296110e-17 9.122717670870792062e+03
1.089420563519789589e-16 6.301821402879832146e-17 9.123483761148983831e+03
8.345210526803080958e-17 6.291100736537287389e-17 9.124249895808057772e+03
1.015265539627943903e-16 6.286002054304214289e-17 9.125016074916306025e+03
3.715547681070710007e-17 6.265588778447220826e-17 9.125782298542002536e+03
8.898678587769014811e-17 6.249367863186176518e-17 9.126548566753439445e+03
7.282817500199405584e-17 6.194292788589153097e-17 9.127314879618897976e+03
2.000735542544202105e-16 6.170576232480923483e-17 9.128081237206661172e+03
6.950846944560022730e-17 6.142024714124927001e-17 9.128847639585017532e+03
4.580461023653881943e-18 6.115589884699038979e-17 9.129614086822250101e+03
7.842106068689190076e-17 6.098762337625863494e-17 9.130380578986641922e+03
4.365996848521640567e-17 6.055184689884282100e-17 9.131147116146474218e+03
4.697030687700651921e-17 6.054360351959940271e-17 9.131913698370040947e+03
1.589089306209594031e-16 6.042141268065197807e-17 9.132680325725617877e+03
3.258920951273332176e-16 6.083097924893606143e-17 9.133446998281491688e+03
1.686610387560917058e-16 6.076954989253904437e-17 9.134213716105950880e+03
-2.036083755527067562e-16 6.096225890047838163e-17 9.134980479267274859e+03
2.693619746237818727e-16 6.124053729308535862e-17 9.135747287833750306e+03
5.256159236460025996e-17 6.146910034917772316e-17 9.136514141873660265e+03
1.449556702192839388e-16 6.186415671339644421e-17 9.137281041455291415e+03
2.217452665142683845e-17 6.220512591249766406e-17 9.138047986646924983e+03
1.420859595951660943e-16 6.257358438087676193e-17 9.138814977516849467e+03
-1.518268314244284096e-16 6.297592589425392652e-17 9.139582014133346092e+03
1.514586899175634823e-16 6.338722879555087386e-17 9.140349096564699721e+03
5.030443882520579648e-17 6.363593398351184033e-17 9.141116224879198853e+03
1.274405602702347099e-16 6.383864777367926975e-17 9.141883399145121075e+03
6.148644579284478923e-17 6.399667313685434799e-17 9.142650619430756706e+03
1.083942134586931085e-16 6.426739853206178676e-17 9.143417885804385151e+03
1.074106621846130606e-16 6.459932485603391059e-17 9.144185198334294910e+03
9.719316509741049671e-17 6.530017658534234396e-17 9.144952557088770845e+03
9.124377039267630076e-17 6.643294986845803626e-17 9.145719962136092363e+03
1.198835639763932800e-16 6.762053556544817980e-17 9.146487413544549781e+03
2.221075600685759443e-16 6.880673508520103206e-17 9.147254911382424325e+03
1.815295347509332405e-16 6.940331236443066542e-17 9.148022455718000856e+03
7.260996895567271868e-17 6.938666538537805272e-17 9.148790046619564237e+03
4.654792804731812698e-17 6.936448959336435277e-17 9.149557684155399329e+03
-3.588209104053706984e-17 6.917962570839414992e-17 9.150325368393787357e+03
1.467447529905306727e-16 6.894931684741216936e-17 9.151093099403020460e+03
-1.421327375353524359e-16 6.882458962823866261e-17 9.151860877251372585e+03
2.174883993548881660e-16 6.900991319734512910e-17 9.152628702007135871e+03
2.026450156230537786e-17 6.911037165730124589e-17 9.153396573738591542e+03
1.243587366595134919e-16 6.997251620415893199e-17 9.154164492514026279e+03
7.920592232706968782e-17 7.134694291906700911e-17 9.154932458401723125e+03
1.045399493269087988e-16 7.305513822279615694e-17 9.155700471469966942e+03
-2.113120873525740946e-16 7.467486287869604319e-17 9.156468531787040774e+03
1.298715751499299575e-16 7.578653389645154911e-17 9.157236639421231303e+03
2.905717463612733542e-16 7.654933278845652124e-17 9.158004794440821570e+03
1.037115425680936045e-16 7.661082707588069361e-17 9.158772996914096439e+03
2.739996607256756141e-17 7.637612095899789333e-17 9.159541246909338952e+03
2.662633586561731289e-16 7.584236019955689566e-17 9.160309544494835791e+03
1.056065920015376295e-16 7.530936306074317601e-17 9.161077889738869999e+03
-5.197867157471374345e-17 7.504834561208739103e-17 9.161846282709726438e+03
7.930382841837334284e-17 7.487502010793971953e-17 9.162614723475691790e+03
1.508245569246365297e-16 7.515885170769357918e-17 9.163383212105047278e+03
-7.354356882221700497e-17 7.509275351568969956e-17 9.164151748666075946e+03
1.915827967211524459e-17 7.469708145830651832e-17 9.164920333227066294e+03
2.058061981544858256e-16 7.441131786042207438e-17 9.165688965856301365e+03
5.548318062817699975e-17 7.360130485896372697e-17 9.166457646622064203e+03
-1.638752789158849001e-17 7.238850051515608893e-17 9.167226375592641489e+03
2.399383918291047170e-16 7.084491778769782901e-17 9.167995152836318084e+03
1.953961099398836618e-16 6.877597992103035372e-17 9.168763978421375214e+03
1.167788409568035082e-16 6.636638029082263736e-17 9.169532852416099558e+03
1.208532331371333376e-16 6.418060938494151193e-17 9.170301774888774162e+03
1.610389656206163873e-16 6.246771484449231778e-17 9.171070745907687524e+03
2.782137549877545767e-17 6.161929867550188068e-17 9.171839765541117231e+03
5.141126015089787412e-18 6.137444134741815971e-17 9.172608833857353602e+03
1.790743141898050478e-16 6.137026065751851221e-17 9.173377950924677862e+03
1.544748405861115631e-16 6.141329639288237636e-17 9.174147116811376691e+03
2.077974165706975070e-17 6.158539673145026261e-17 9.174916331585733133e+03
2.622129224605758788e-16 6.180755283913847383e-17 9.175685595316033869e+03
1.975980661420043251e-16 6.212888443754308858e-17 9.176454908070558304e+03
-1.527393839007968750e-17 6.239576342962843705e-17 9.177224269917596757e+03
1.069604734806583140e-16 6.264452218773165892e-17 9.177993680925428635e+03
8.621852708086649649e-17 6.333966505450076891e-17 9.178763141162340617e+03
-1.972334188355296457e-17 6.305945461808613976e-17 9.179532650696617566e+03
2.641367522358713426e-17 6.284909191504523357e-17 9.180302209596546163e+03
1.401987317664581105e-16 6.324570642433040966e-17 9.181071817930405814e+03
9.709605741286574988e-17 6.302051316988617841e-17 9.181841475766483200e+03
4.084877801760041990e-17 6.311265165465016526e-17 9.182611183173065001e+03
5.273657425341099075e-17 6.325907911305609575e-17 9.183380940218430624e+03
9.020228565469256332e-17 6.366969155969760962e-17 9.184150746970870387e+03
1.384982641015504383e-16 6.333305842391608853e-17 9.184920603498663695e+03
-4.331084821656034555e-17 6.319087492055106958e-17 9.185690509870099049e+03
1.594576237251305097e-16 6.288372771632215737e-17 9.186460466153457673e+03
-3.206853081597540657e-17 6.273068350389577077e-17 9.187230472417028068e+03
-7.978346119593468295e-17 6.250977966093119608e-17 9.188000528729087819e+03
2.470872738251718726e-16 6.215852713164648075e-17 9.188770635157929064e+03
1.507055801127948521e-16 6.180539166077498895e-17 9.189540791771834847e+03
-1.026074383532096922e-16 6.152945134542056444e-17 9.190310998639082754e+03
1.343651398957191848e-16 6.124017770014964368e-17 9.191081255827964924e+03
1.863739725273731617e-16 6.103239008924873138e-17 9.191851563406764399e+03
-2.964526893917016389e-17 6.091594840661443317e-17 9.192621921443758765e+03
-7.732070696203259603e-17 6.082255702083118455e-17 9.193392330007241981e+03
2.074634166591035602e-16 6.080731497169109662e-17 9.194162789165493450e+03
7.743636216948111907e-17 6.100269510953321407e-17 9.194933298986799855e+03
1.356401498919178408e-16 6.124741669884904207e-17 9.195703859539444238e+03
1.224019367006553535e-16 6.169966147706770358e-17 9.196474470891709643e+03
2.255688209598454716e-16 6.191463294994657174e-17 9.197245133111882751e+03
1.699473168372457043e-16 6.235517438021590906e-17 9.198015846268244786e+03
1.360454686247925782e-16 6.288918963854313968e-17 9.198786610429087887e+03
6.649461892647320448e-17 6.337016833182942083e-17 9.199557425662687820e+03
8.344737050167130809e-17 6.402174895615667740e-17 9.200328292037333085e+03
-1.354113263955563847e-17 6.594470063020100615e-17 9.201099209621308546e+03
1.363493452010601407e-16 6.536251541895154734e-17 9.201870178482899064e+03
-2.315102398231727003e-17 6.469216689388383999e-17 9.202641198690387682e+03
1.838350910478641717e-16 6.473891472767002101e-17 9.203412270312055625e+03
9.790594399225331738e-17 6.458085592003185847e-17 9.204183393416191393e+03
2.692526542912433859e-16 6.481766686681125368e-17 9.204954568071081667e+03
-3.123884568925473757e-17 7.349085466951447029e-17 9.205725794345004033e+03
5.381226149815320051e-17 6.443351524587491755e-17 9.206497072306250629e+03
1.374593166814290832e-16 6.321502617431127653e-17 9.207268402023102681e+03
8.422973275911844942e-17 6.269133125122624335e-17 9.208039783563839592e+03
-4.176760224145198370e-18 6.227864810015585637e-17 9.208811216996753501e+03
1.116402642668162989e-17 6.182238960419615322e-17 9.209582702390125633e+03
1.849088563906584008e-16 6.196720805783741440e-17 9.210354239812239030e+03
9.082642498185057017e-17 6.252456155083983009e-17 9.211125829331380373e+03
9.650094301811205215e-17 6.344949586388486122e-17 9.211897471015834526e+03
1.804800562376870802e-16 6.446573207455307198e-17 9.212669164933882712e+03
1.246021163590360653e-16 6.514984586359398761e-17 9.213440911153811612e+03
-2.500095275730785879e-17 6.567338729786028155e-17 9.214212709743909727e+03
1.039424855467928615e-18 6.604798995923124975e-17 9.214984560772456462e+03
1.316012707775856194e-16 6.646582768928713494e-17 9.215756464307731221e+03
1.308852534060974536e-16 6.684288638152378644e-17 9.216528420418031601e+03
-7.584734586020559610e-17 6.724379644546648527e-17 9.217300429171631549e+03
2.677122060371850125e-16 6.761718223194919777e-17 9.218072490636815928e+03
7.600643622900641671e-17 6.853389856981831634e-17 9.218844604881876876e+03
1.757101940909184075e-16 6.988177745466135494e-17 9.219616771975091979e+03
-1.856573802100431800e-17 7.151983862593120447e-17 9.220388991984746099e+03
1.292864429176088881e-16 7.273815825944653631e-17 9.221161264979129555e+03
7.981482688514900652e-17 7.387200038661661537e-17 9.221933591026518116e+03
1.137267462399561689e-16 7.451546756569133536e-17 9.222705970195205737e+03
1.230711497583323170e-18 7.480588503308911886e-17 9.223478402553464548e+03
-9.967162957636799639e-18 7.458770306638253380e-17 9.224250888169595783e+03
6.591066000711636315e-17 7.399674846472458885e-17 9.225023427111869751e+03
1.453389817525806667e-16 7.320388435301807240e-17 9.225796019448574953e+03
1.568377931362792846e-16 7.233949939614014055e-17 9.226568665247996250e+03
1.994673696837113183e-16 7.169399583698850337e-17 9.227341364578420325e+03
-1.195473066645227466e-16 7.141142188668878735e-17 9.228114117508128402e+03
2.269604538205499125e-16 7.142149389995877231e-17 9.228886924105405342e+03
5.930279743695792084e-17 7.154650200800696554e-17 9.229659784438539646e+03
5.000522208467139720e-17 7.156350559247572898e-17 9.230432698575808899e+03
9.621235198138082419e-17 7.143162253314079885e-17 9.231205666585503423e+03
5.825511444363326641e-17 7.176403618846374109e-17 9.231978688535904439e+03
1.065391767836725026e-16 7.020880533563267217e-17 9.232751764495298630e+03
1.793410833418771145e-16 6.890258870147001443e-17 9.233524894531965401e+03
2.962193947492963754e-16 6.773126836785319534e-17 9.234298078714200528e+03
6.581327042052534906e-17 7.107102498117859429e-17 9.235071317110276141e+03
-4.537473661447503802e-18 6.455787189951890275e-17 9.235844609788480739e+03
5.457365515074110315e-16 6.340320678575346072e-17 9.236617956817099184e+03
1.740151233092718984e-16 6.293656492946370175e-17 9.237391358264419978e+03
-3.506778800638218403e-17 6.243944953015838704e-17 9.238164814198722524e+03
-1.571453438502596048e-17 6.208654396981654259e-17 9.238938324688289867e+03
2.609340900383839848e-16 6.172399847705229266e-17 9.239711889801414145e+03
1.579930460242781985e-16 6.152707626920408635e-17 9.240485509606372943e+03
1.212148817753533190e-16 6.155090338023303141e-17 9.241259184171452944e+03
2.895221249986384566e-16 6.187430401658996838e-17 9.242032913564937189e+03
1.823144868252401372e-16 6.228496422168393830e-17 9.242806697855112361e+03
8.702238708691722323e-17 6.293132209162040601e-17 9.243580537110261503e+03
3.680932491953537300e-16 6.382028187688154982e-17 9.244354431398671295e+03
2.206983024557735998e-16 6.474596494986091666e-17 9.245128380788624781e+03
-1.348965941076367029e-16 6.575901006769517503e-17 9.245902385348403186e+03
3.240133778801920523e-17 6.681348041631886231e-17 9.246676445146295009e+03
3.087960715593773690e-16 6.779751182987031932e-17 9.247450560250585113e+03
9.910870541776597745e-17 6.876617737391399905e-17 9.248224730729558360e+03
1.331417285484173334e-16 6.968080217778363354e-17 9.248998956651492335e+03
1.393504698827827642e-16 7.035600886084270004e-17 9.249773238084677359e+03
1.826974485778678945e-16 7.083859458164532134e-17 9.250547575097396475e+03
1.217611336057077000e-16 7.134617968005224171e-17 9.251321967757936363e+03
6.488117415637907417e-17 7.149954652922684397e-17 9.252096416134580068e+03
1.357137625357055242e-16 7.153422456412675631e-17 9.252870920295608812e+03
-1.058428933938541324e-16 7.176150675178660124e-17 9.253645480309312916e+03
1.207300203500900482e-16 7.178303788769831389e-17 9.254420096243971784e+03
1.456039111711600580e-16 7.204240773782204460e-17 9.255194768167873917e+03
-7.654688900115906294e-17 7.280888130804114179e-17 9.255969496149304177e+03
8.971658523315448916e-17 7.411469887144238997e-17 9.256744280256538332e+03
4.323498816546646644e-17 7.608169563021456643e-17 9.257519120557870338e+03
1.609986607792508022e-16 7.876431940175754139e-17 9.258294017121581419e+03
1.810746594068822829e-16 8.140282541846033718e-17 9.259068970015956438e+03
3.129776157661631041e-16 8.404672938980861002e-17 9.259843979309280257e+03
1.216031564867492051e-16 8.589744851444992156e-17 9.260619045069834101e+03
2.474052330170783248e-17 8.858837392254835713e-17 9.261394167365906469e+03
2.037780632696651671e-16 9.134746447219537543e-17 9.262169346265780405e+03
3.132242008454792990e-16 9.391016904678260039e-17 9.262944581837742589e+03
2.301694213648112171e-16 9.894797314295583563e-17 9.263719874150072428e+03
-2.245130577439134898e-16 9.815907881097142398e-17 9.264495223271056602e+03
3.364616241581457382e-16 9.576857801611506831e-17 9.265270629268981793e+03
2.523182008011583145e-16 9.576783251696625032e-17 9.266046092212129224e+03
-5.907025809736614754e-17 9.518991719543736040e-17 9.266821612168787397e+03
2.735609894473276699e-16 9.671190617275115293e-17 9.267597189207235715e+03
1.968976381891625055e-16 9.565769678508201599e-17 9.268372823395762680e+03
1.975041545744794258e-16 9.536813165227187870e-17 9.269148514802651334e+03
-1.097049028685990594e-16 9.471351746624239605e-17 9.269924263496184722e+03
-6.758779560029656909e-17 9.328412326543635259e-17 9.270700069544647704e+03
3.058226855570047922e-16 9.170584346838893263e-17 9.271475933016330600e+03
2.184332645191632067e-16 8.933985363732320290e-17 9.272251853979509178e+03
1.571133805841144592e-16 8.663633245492217883e-17 9.273027832502471938e+03
2.843542493453707787e-17 8.403139059625225971e-17 9.273803868653503741e+03
1.677118436565436791e-16 8.175315001660644355e-17 9.274579962500885813e+03
-2.001123332156472775e-17 7.919468103015746342e-17 9.275356114112906653e+03
1.327833621069925500e-16 7.627027934793369308e-17 9.276132323557852942e+03
-5.339201768804247860e-17 7.325666442531007535e-17 9.276908590904002267e+03
3.415573226151969255e-16 7.130210688265256487e-17 9.277684916219641309e+03
1.640546585962132160e-16 7.267094678107308823e-17 9.278461299573056749e+03
2.081595917650087185e-16 6.886033398624521689e-17 9.279237741032531630e+03
5.732252167144164385e-17 6.898733526537142747e-17 9.280014240666352634e+03
6.259333255645499235e-17 6.942745477807458423e-17 9.280790798542799166e+03
1.682478914422061642e-16 7.000656265630383264e-17 9.281567414730161545e+03
-2.655061929071320938e-16 7.098072389050075144e-17 9.282344089296719176e+03
3.153936049506731316e-17 7.227774120089437057e-17 9.283120822310758740e+03
4.213275475819581444e-16 7.357277187779314618e-17 9.283897613840566919e+03
3.393491767846497217e-16 7.501746967054150828e-17 9.284674463954423118e+03
-1.234960458571862508e-16 7.570948559195864286e-17 9.285451372720615836e+03
-1.101335706740667414e-16 7.656540838844274266e-17 9.286228340207429937e+03
9.652615629013121744e-17 7.722848066645567799e-17 9.287005366483146645e+03
1.418487476596798500e-16 7.761212065888415765e-17 9.287782451616054459e+03
1.639346348689630419e-16 7.800303997705923984e-17 9.288559595674432785e+03
7.022062348921393324e-17 7.872580084150096848e-17 9.289336798726570123e+03
2.310042517812773886e-16 7.959871702250423043e-17 9.290114060840747698e+03
2.414434249169506066e-16 8.069017365471612058e-17 9.290891382085252189e+03
1.210040372055932465e-16 8.161953810501295648e-17 9.291668762528370280e+03
-1.710852666631284279e-16 8.244002130019696784e-17 9.292446202238381375e+03
-6.043287602335161173e-18 8.311629337231275961e-17 9.293223701283570335e+03
2.641514443256609897e-16 8.289797922729995311e-17 9.294001259732227481e+03
1.875925124152782602e-16 8.256488356410775062e-17 9.294778877652632218e+03
7.874499773109391651e-17 8.214853801664904812e-17 9.295556555113071227e+03
3.214171081803616002e-16 8.149644465290577917e-17 9.296334292181829369e+03
-1.190598528523176140e-16 8.068265033484771711e-17 9.297112088927187870e+03
1.187111695209741466e-16 7.974580984862833234e-17 9.297889945417435229e+03
4.046956843814331971e-16 7.885728016546743057e-17 9.298667861720849032e+03
-3.070545302580966170e-17 7.837930890689603250e-17 9.299445837905721419e+03
-7.218690314357676076e-17 7.824157495645210739e-17 9.300223874040335431e+03
7.300004317573991068e-17 7.917674523145350892e-17 9.301001970192970475e+03
1.454767501394566479e-16 8.179328973079883038e-17 9.301780126431918688e+03
3.941390465905208867e-16 8.764684998222437980e-17 9.302558342825457657e+03
6.317725198002325855e-17 9.810776758589817734e-17 9.303336619441874063e+03
4.972087031432225727e-16 1.112193677853158051e-16 9.304114956349458225e+03
-7.893474382207092793e-17 1.253306429692485501e-16 9.304893353616484092e+03
3.901336634929063083e-16 1.383181317051576934e-16 9.305671811311243800e+03
1.049767362017010448e-16 1.440757960748904645e-16 9.306450329502014938e+03
-4.209396976034718753e-16 1.514839128129847637e-16 9.307228908257093281e+03
4.118549524916227724e-18 1.533756237162259937e-16 9.308007547644752776e+03
2.340827385072898827e-16 1.624020483659422420e-16 9.308786247733280106e+03
-9.096696822485040745e-17 1.688919538302494269e-16 9.309565008590961952e+03
1.622729169348963492e-16 1.751654377164504434e-16 9.310343830286086813e+03
3.657624354121750841e-17 1.849992367004785151e-16 9.311122712886928639e+03
6.635457505302647871e-16 1.892262856549659400e-16 9.311901656461777748e+03
2.038056399177787275e-16 2.009765554469053498e-16 9.312680661078920821e+03
4.831890504153378717e-16 2.022121293595210674e-16 9.313459726806639082e+03
4.742924451721014601e-16 2.060169543228912496e-16 9.314238853713221033e+03
7.673274787391696764e-16 2.105377896673083597e-16 9.315018041866942440e+03
3.965843144541274222e-16 2.062470208694311821e-16 9.315797291336097260e+03
7.036645626194321077e-16 2.079132425988110092e-16 9.316576602188964898e+03
-8.797600750892283604e-17 2.025687845493924726e-16 9.317355974493832036e+03
2.923088642288080562e-17 2.026621901972497624e-16 9.318135408318979898e+03
5.107002814226118817e-16 1.951993670344540692e-16 9.318914903732696985e+03
4.217625152851190470e-16 1.923790594028133659e-16 9.319694460803264519e+03
3.942399916076635925e-16 1.898235287806085937e-16 9.320474079598969183e+03
7.136966815933183272e-16 1.946010916174612926e-16 9.321253760188092201e+03
2.411450329902746277e-16 2.007797969831742454e-16 9.322033502638922073e+03
2.815274670588214270e-16 2.061615843944720128e-16 9.322813307019747299e+03
1.717007166749218530e-16 2.083885382567404485e-16 9.323593173398840008e+03
7.683292194402819334e-16 2.004528907455799338e-16 9.324373101844492339e+03
1.283732057598663110e-15 1.967399759179443328e-16 9.325153092424989154e+03
6.975061063481892990e-16 1.854363234364786303e-16 9.325933145208609858e+03
1.757603720425375912e-16 1.776983428602760895e-16 9.326713260263648408e+03
1.783191782177081233e-16 1.757943540026989918e-16 9.327493437658376934e+03
-7.878276344277696486e-17 1.750278468243983687e-16 9.328273677461089392e+03
9.385179156047548406e-17 1.748486109360941512e-16 9.329053979740067007e+03
6.945940131839708328e-17 1.748231394319121734e-16 9.329834344563598279e+03
7.557862003280919534e-17 1.787604153674570983e-16 9.330614771999960794e+03
-5.945328621654239707e-17 1.678057125097675201e-16 9.331395262117441234e+03
5.957387816369859876e-16 1.681320715525869070e-16 9.332175814984326280e+03
-2.052957083572563653e-16 1.637541057154791152e-16 9.332956430668898975e+03
-3.241527547128755339e-16 1.623287714528109287e-16 9.333737109239442361e+03
-2.677025457077324546e-16 1.541915565579315464e-16 9.334517850764248578e+03
-7.679890063775809586e-16 1.429602858931753677e-16 9.335298655311587936e+03
-7.582138489694792187e-17 1.325559628820612030e-16 9.336079522949754391e+03
2.199360846916618036e-16 1.214642841215693852e-16 9.336860453747036445e+03
4.421202974723096207e-16 1.159882417360433184e-16 9.337641447771708044e+03
2.955497886239022891e-16 1.134688367749030522e-16 9.338422505092061328e+03
-1.232683448306225721e-17 1.145085925446359125e-16 9.339203625776375702e+03
-2.007896019721541394e-16 1.152761023870434096e-16 9.339984809892939666e+03
-1.118523403695142128e-16 1.151839766013350346e-16 9.340766057510036262e+03
-2.253456781937322108e-16 1.159699994270823366e-16 9.341547368695948535e+03
8.601200054249715584e-17 1.157547718152543731e-16 9.342328743518963165e+03
5.294315520135930137e-18 1.150996902327248319e-16 9.343110182047363196e+03
-2.492955435086493292e-16 1.148730387344123068e-16 9.343891684349433490e+03
3.169924923081680537e-16 1.139757718320947943e-16 9.344673250493458909e+03
2.070832846601941267e-16 1.142294204472586089e-16 9.345454880547724315e+03
-8.877393788471747147e-17 1.154394359308206766e-16 9.346236574580510933e+03
1.091545196797113258e-16 1.168729330077782310e-16 9.347018332660109081e+03
3.592190062587513556e-16 1.183399395216430568e-16 9.347800154854798166e+03
2.216285918308909374e-16 1.187721418196632950e-16 9.348582041232864867e+03
-7.026148397725901695e-17 1.167795234567694150e-16 9.349363991862590410e+03
-1.135224879871623975e-16 1.122791213542890216e-16 9.350146006812268752e+03
2.059939343595941896e-17 1.068383909644972562e-16 9.350928086150172021e+03
4.415868875967816084e-16 1.040453258170354306e-16 9.351710229944590537e+03
2.825039485517681630e-16 9.688519624340229744e-17 9.352492438263810982e+03
3.750014616166470306e-16 9.526017285236959687e-17 9.353274711176112760e+03
1.214165787264866533e-16 9.521556310497753405e-17 9.354057048749784371e+03
-1.174543446179229091e-16 9.482944499227003188e-17 9.354839451053110679e+03
1.079097801654869349e-16 9.491104250490450371e-17 9.355621918154372906e+03
9.154263808976282611e-17 9.514948608111266700e-17 9.356404450121855916e+03
-3.075232477791188091e-19 9.469471038371512706e-17 9.357187047023846389e+03
5.218133465893884385e-18 9.491491322474670458e-17 9.357969708928631007e+03
1.654530361630527884e-16 9.533634626574097163e-17 9.358752435904483718e+03
2.001278893433342558e-16 9.558573317207105438e-17 9.359535228019700298e+03
1.729788428159656275e-16 9.604520307865971322e-17 9.360318085342561972e+03
2.878365986915368456e-17 9.617683131000704224e-17 9.361101007941351781e+03
5.086624296357083363e-18 9.631254276834204828e-17 9.361883995884350952e+03
1.978559480866747847e-16 9.499935402197019621e-17 9.362667049239851622e+03
6.135942542630906147e-16 9.462687529069761456e-17 9.363450168076135014e+03
1.952578741494753462e-16 9.385359628749164243e-17 9.364233352461484174e+03
1.426656360452729007e-16 9.366606423072410260e-17 9.365016602464182142e+03
9.229246165908839906e-18 9.404180281373621062e-17 9.365799918152519240e+03
2.907061071979060174e-16 9.464936117248006751e-17 9.366583299594774871e+03
8.781839639143916900e-17 9.552996434389599373e-17 9.367366746859232080e+03
1.477935921125819050e-16 9.619073850330998764e-17 9.368150260014181185e+03
9.506908558145697501e-17 9.700233467409510571e-17 9.368933839127901592e+03
1.592509886559183961e-16 9.715850440986673561e-17 9.369717484268683620e+03
3.407869088711379995e-16 9.763098089663257193e-17 9.370501195504803036e+03
1.066110854539505973e-16 9.879126813754842758e-17 9.371284972904555616e+03
1.837700214556147928e-16 1.020241893301390351e-16 9.372068816536215309e+03
-1.853560965905261387e-16 1.090541771158616226e-16 9.372852726468070614e+03
1.019644639184747745e-16 1.228477768373333416e-16 9.373636702768406394e+03
-2.555754167969200666e-16 1.454025046040570285e-16 9.374420745505507512e+03
-8.852271330216130858e-17 1.654602200828204262e-16 9.375204854747658828e+03
-5.605043998659321356e-16 1.907503794907884604e-16 9.375989030563141569e+03
-4.873691101080022876e-16 2.077549749039660358e-16 9.376773273020244233e+03
-1.085299193914844444e-16 2.174699827731432263e-16 9.377557582187248045e+03
4.303136797652052650e-17 2.160623264959962939e-16 9.378341958132441505e+03
3.058958553864972312e-16 2.235557203538482522e-16 9.379126400924105837e+03
-3.510109614724287938e-17 2.300429613182119112e-16 9.379910910630524086e+03
2.891977061281858882e-16 2.385256638946117570e-16 9.380695487319982931e+03
-1.182264367541808903e-17 2.461586220634123196e-16 9.381480131060769054e+03
1.765008747414501468e-16 2.491576762727218704e-16 9.382264841921163679e+03
-2.907547253684153765e-16 2.573922901145013947e-16 9.383049619969449850e+03
-2.472713917607042297e-16 2.553051094196850202e-16 9.383834465273917885e+03
2.089452356331651473e-17 2.547005115065793107e-16 9.384619377902847191e+03
-1.764811783463609410e-17 2.538265967915947681e-16 9.385404357924522628e+03
-1.167409067148848864e-16 2.518434326212576727e-16 9.386189405407232698e+03
-2.223353822189813968e-17 2.464931447182333441e-16 9.386974520419256805e+03
-2.120209878105523384e-16 2.354446288086607231e-16 9.387759703028885269e+03
-2.362669211797216181e-16 2.174579136789119902e-16 9.388544953304395676e+03
-1.541746323364600898e-16 1.988917938114873057e-16 9.389330271314076526e+03
4.613171529217417933e-16 1.755145139995255465e-16 9.390115657126210863e+03
5.536014582421867631e-16 1.495572835086901899e-16 9.390901110809085367e+03
9.631453002250165973e-16 1.290732885500858778e-16 9.391686632430981263e+03
2.494614104530711255e-16 1.173946927941775849e-16 9.392472222060183412e+03
3.550542229702771605e-16 1.148681565453368198e-16 9.393257879764982135e+03
5.203998215111673412e-18 1.150064835081188640e-16 9.394043605613655018e+03
-3.520894151557413817e-16 1.157295864561291915e-16 9.394829399674488741e+03
1.933108353192612548e-16 1.160920391524232226e-16 9.395615262015769986e+03
2.716131204107383968e-16 1.154844541171886369e-16 9.396401192705779977e+03
1.431082616767211078e-16 1.144125151459448488e-16 9.397187191812803576e+03
7.101461116444707560e-17 1.135908499952100688e-16 9.397973259405127465e+03
4.802169975986499426e-17 1.125647122759658581e-16 9.398759395551034686e+03
1.804932997012611093e-16 1.119922248146731937e-16 9.399545600318808283e+03
-8.083297156790629198e-17 1.117678693617908484e-16 9.400331873776733119e+03
-1.188535515770707956e-18 1.130499050384997158e-16 9.401118215993097692e+03
6.647545790939959799e-16 1.170242516947782428e-16 9.401904627036181409e+03
4.341643659315832388e-16 1.238867462738845602e-16 9.402691106974272770e+03
5.253952756518936296e-16 1.315300348628896224e-16 9.403477655875652999e+03
2.324390433740128796e-16 1.379589925865262196e-16 9.404264273808608777e+03
8.853452509583772991e-17 1.421288901112362969e-16 9.405050960841424967e+03
4.662018361784638519e-16 1.437150367350672945e-16 9.405837717042384611e+03
1.711547168121931076e-16 1.443448831201397076e-16 9.406624542479768934e+03
1.731755519603645101e-16 1.452492274660839209e-16 9.407411437221868255e+03
2.472232049946323604e-16 1.466217455173888811e-16 9.408198401336965617e+03
1.331462401119348419e-16 1.480450491545276145e-16 9.408985434893344063e+03
3.136230913217359457e-16 1.492057058691438682e-16 9.409772537959288456e+03
-5.207614737875231047e-17 1.495789321224513944e-16 9.410559710603081840e+03
3.324983225183922777e-16 1.504177515970503054e-16 9.411346952893012713e+03
2.158746526934669496e-16 1.502404206548961027e-16 9.412134264897362300e+03
-5.216009307982396385e-16 1.502464944711959086e-16 9.412921646684415464e+03
1.273935645980364526e-16 1.498282439998475395e-16 9.413709098322455247e+03
-2.616499253282429929e-17 1.489243737190120038e-16 9.414496619879773789e+03
3.599732120632402310e-16 1.458433544906049839e-16 9.415284211424643217e+03
-2.284446184284069750e-16 1.396960731862337245e-16 9.416071873025357490e+03
-6.582284539498078977e-17 1.310681652044930725e-16 9.416859604750199651e+03
2.953193462890979224e-16 1.218221055643317311e-16 9.417647406667452742e+03
-1.715396221759423045e-17 1.142167293512697893e-16 9.418435278845397988e+03
-3.436442139113472291e-16 1.116762332601890262e-16 9.419223221352323890e+03
4.692033994683901770e-16 1.170702071268214447e-16 9.420011234256515309e+03
3.196083018827250593e-16 1.294412162010820617e-16 9.420799317626257107e+03
1.912862310338856990e-16 1.436793860351738107e-16 9.421587471529828690e+03
-8.373630379630761998e-17 1.563354175137254195e-16 9.422375696035516739e+03
-2.631728335145792316e-16 1.647531476169198754e-16 9.423163991211611574e+03
-1.404684055404958481e-16 1.694267551187201805e-16 9.423952357126388961e+03
3.688590319287915072e-16 1.727518385114767488e-16 9.424740793848141038e+03
5.671626393127846587e-16 1.751436339247481804e-16 9.425529301445145393e+03
3.542714955985917106e-16 1.786926768991705126e-16 9.426317879985690524e+03
1.099591933898533568e-16 1.800437566033706882e-16 9.427106529538063114e+03
2.736342882648038408e-16 1.813402264252197756e-16 9.427895250170546205e+03
3.697471735540283232e-16 1.822528031528278489e-16 9.428684041951417385e+03
7.536986129538979218e-17 1.838364890382210667e-16 9.429472904948968790e+03
-1.498329477912309273e-16 1.835545734199872235e-16 9.430261839231483464e+03
4.134409001517429218e-16 1.825545364445667244e-16 9.431050844867244450e+03
1.400916393224287071e-16 1.828477590385906981e-16 9.431839921924536611e+03
3.788216266368189936e-16 1.811735517032775238e-16 9.432629070471644809e+03
4.700133646276078606e-16 1.779725626169495096e-16 9.433418290576853906e+03
-4.387895931276403678e-16 1.699079026003848348e-16 9.434207582308446945e+03
-2.074050839458471561e-17 1.577934229818248234e-16 9.434996945734712426e+03
-4.432341980199336763e-16 1.431468059891430524e-16 9.435786380923926117e+03
-2.546577740731598645e-16 1.293349415081374710e-16 9.436575887944383794e+03
-3.661574885356715594e-17 1.193385799536362453e-16 9.437365466864357586e+03
3.684427231650674092e-16 1.151858050434905132e-16 9.438155117752143269e+03
1.967552884108629976e-17 1.158649156137722421e-16 9.438944840676022068e+03
2.066804213131578419e-16 1.208306861465558884e-16 9.439734635704275206e+03
-2.667040141362979791e-16 1.349006510042860629e-16 9.440524502905191184e+03
1.548848784832600940e-16 1.609403264619436031e-16 9.441314442347049408e+03
9.168270473406987002e-16 1.946720890309610792e-16 9.442104454098138376e+03
8.762413966841535045e-16 2.219205230923824450e-16 9.442894538226741133e+03
8.903415823069766561e-17 2.388781931469980553e-16 9.443684694801142541e+03
1.540706833824165864e-16 2.472312969743237897e-16 9.444474923889627462e+03
6.818799787154274583e-17 2.490777039119212106e-16 9.445265225560480758e+03
5.475466982673233468e-17 2.522087746197363393e-16 9.446055599881987291e+03
2.518110102095371440e-16 2.560611984961846888e-16 9.446846046922426467e+03
2.972728712489554223e-16 2.530460851434653551e-16 9.447636566750088605e+03
-1.435759097574978023e-16 2.574865641689145223e-16 9.448427159433256747e+03
2.596405945351441931e-16 2.545012073382186537e-16 9.449217825040213938e+03
9.548347457321866086e-17 2.512882480973252871e-16 9.450008563639245040e+03
7.568267753710014834e-16 2.520265311463691262e-16 9.450799375298636733e+03
1.116830533844696291e-16 2.518280448533470095e-16 9.451590260086672060e+03
-5.131310950809928598e-16 2.497798520025323964e-16 9.452381218071635885e+03
8.562773393040669520e-17 2.513895704698931403e-16 9.453172249321809431e+03
3.343025013535192186e-17 2.451246946811708902e-16 9.453963353905481199e+03
-4.894786430902198778e-16 2.359276372976688640e-16 9.454754531890936050e+03
-3.619787501907302919e-16 2.191910389585258186e-16 9.455545783346453391e+03
1.009178969517241926e-15 1.928374431963882246e-16 9.456337108340321720e+03
1.357614815692515061e-15 1.645887358042623141e-16 9.457128506940825901e+03
1.317087411719331359e-15 1.438964682061672555e-16 9.457919979216250795e+03
-5.042154996200900076e-17 1.351357459480254897e-16 9.458711525234875808e+03
-2.569497145192504310e-16 1.358785091055953464e-16 9.459503145064993078e+03
-2.571439965766336201e-16 1.432554055080982574e-16 9.460294838774880191e+03
-6.990343940307660377e-17 1.586715005426590919e-16 9.461086606432825647e+03
2.598131666559283441e-16 1.764936108067752956e-16 9.461878448107114309e+03
4.364162641349841705e-16 1.910117553034056675e-16 9.462670363866027401e+03
1.298042960489459788e-16 2.017921931132627810e-16 9.463462353777849785e+03
2.003855572778053199e-16 2.053574630523996382e-16 9.464254417910869961e+03
-2.737652500194893773e-16 2.028721951147618380e-16 9.465046556333367334e+03
4.798711255031502176e-16 2.022774909847168637e-16 9.465838769113630406e+03
3.548976109656936245e-17 2.009598771819803038e-16 9.466631056319942218e+03
-6.305605512364850715e-16 1.996591289699945545e-16 9.467423418020587633e+03
3.336903542313021724e-16 1.983087868337018827e-16 9.468215854283849694e+03
5.707890881633832288e-16 1.980694648725517107e-16 9.469008365178015083e+03
-2.671535196344040598e-16 1.978302286764164700e-16 9.469800950771365024e+03
-5.452022234916390391e-16 1.989772588450880180e-16 9.470593611132186197e+03
1.328401659985454185e-17 2.008291964049098468e-16 9.471386346328763466e+03
-2.921052732909494547e-16 2.008804546860739261e-16 9.472179156429381692e+03
-2.374239432194633821e-16 2.012493478031721738e-16 9.472972041502322099e+03
-2.447900011205073283e-16 2.012314582915733314e-16 9.473765001615873189e+03
-3.702135133989773218e-16 1.957773237426524380e-16 9.474558036838316184e+03
4.458803734141542940e-16 1.827770212076664233e-16 9.475351147237939585e+03
6.349189920319218430e-16 1.664410238397308196e-16 9.476144332883022798e+03
1.281695726939336716e-15 1.485874622844679194e-16 9.476937593841852504e+03
1.150833358925678331e-15 1.370342056674396687e-16 9.477730930182715383e+03
2.296065155937186540e-17 1.315393905868910910e-16 9.478524341973894479e+03
4.283616535915438479e-16 1.404089200414620312e-16 9.479317829283671017e+03
4.002534059023185034e-16 1.630411428756318717e-16 9.480111392180335315e+03
-2.451257429657326107e-16 1.886787598533762652e-16 9.480905030732168598e+03
-2.753414233450596949e-16 2.151164656380774188e-16 9.481698745007455727e+03
1.177732932633208013e-15 2.298047752637982274e-16 9.482492535074479747e+03
7.324803615538137603e-16 2.436483511774133840e-16 9.483286401001525519e+03
1.342095168052535275e-15 2.454906243516420331e-16 9.484080342856883362e+03
1.162846407924902974e-15 2.471012802513245055e-16 9.484874360708827226e+03
6.209207596944202343e-16 2.484563666205494753e-16 9.485668454625649247e+03
1.186200224261192503e-15 2.509206843766756075e-16 9.486462624675634288e+03
8.586072016364315745e-16 2.500271915933902695e-16 9.487256870927059936e+03
1.318562295206869556e-16 2.530065883083733465e-16 9.488051193448220147e+03
1.898106571385767590e-17 2.561217915271311565e-16 9.488845592307388870e+03
-2.319850126676195411e-16 2.566068906248225658e-16 9.489640067572861881e+03
2.653047215937382309e-16 2.599577305237471905e-16 9.490434619312914947e+03
2.661506972661421536e-17 2.603561967109934994e-16 9.491229247595836569e+03
4.733837132688318599e-16 2.558227489094175790e-16 9.492023952489911608e+03
6.367989483021340627e-17 2.552189089311303850e-16 9.492818734063421289e+03
1.281627386114258494e-15 2.488183058274646791e-16 9.493613592384652293e+03
6.179168421207685966e-16 2.313027551026292542e-16 9.494408527521885844e+03
2.295970969431786878e-16 2.089503245524058581e-16 9.495203539543414081e+03
1.297441867509900298e-15 1.761497583168882526e-16 9.495998628517514589e+03
4.966569604730901631e-16 1.494542583726573742e-16 9.496793794512472232e+03
4.670916558839620917e-16 1.321424574962455051e-16 9.497589037596579146e+03
5.197191068248696205e-16 1.252619068254213641e-16 9.498384357838109281e+03
-1.202099757089127017e-16 1.239159509945905928e-16 9.499179755305352955e+03
-4.802162255141601179e-17 1.218632435885229632e-16 9.499975230066593213e+03
7.790386294785832943e-18 1.214529085027308346e-16 9.500770782190113096e+03
1.488229124951384116e-16 1.209615924711157904e-16 9.501566411744202924e+03
-2.672545434608223331e-17 1.205505940257025951e-16 9.502362118797140283e+03
-1.891511854475473521e-16 1.207069624574150428e-16 9.503157903417213674e+03
2.741089190518591325e-16 1.208921105767837790e-16 9.503953765672704321e+03
