6.068889650877527646e-16 6.426860778181572547e-17 4.200082279346959695e+03
5.028168620421251396e-16 6.423449929273968162e-17 4.200700965554662616e+03
5.649813727851626777e-16 6.428468571920347740e-17 4.201319657047008150e+03
4.729970784287378043e-16 6.334553132625996010e-17 4.201938353810783155e+03
5.095142730021501882e-16 6.320941429899843120e-17 4.202557055832816332e+03
5.783301053532336246e-16 6.361995174171728609e-17 4.203175763099976393e+03
5.068759240846994915e-16 6.210944743330843036e-17 4.203794475599173893e+03
4.875804975916360903e-16 6.164507437576203989e-17 4.204413193317364858e+03
6.862846361651303350e-16 6.247912127867612144e-17 4.205031916241539875e+03
5.355361773435415869e-16 6.173002245458255624e-17 4.205650644358736827e+03
3.962327494204128778e-16 6.141665091030821764e-17 4.206269377656033612e+03
6.145750668614885090e-16 6.240934211885004044e-17 4.206888116120546329e+03
5.377051769076296491e-16 6.301113012470156010e-17 4.207506859739436550e+03
3.662240296021136731e-16 6.335960515268917327e-17 4.208125608499905866e+03
2.964033861191508785e-16 6.241565805299767428e-17 4.208744362389194976e+03
4.643942995034597404e-16 6.261851390018985095e-17 4.209363121394590053e+03
2.595821803579460514e-16 6.130210308378041154e-17 4.209981885503413650e+03
4.850118015156813887e-16 6.029099238671214964e-17 4.210600654703031068e+03
2.847322910449701457e-16 5.914050897725162806e-17 4.211219428980850353e+03
3.644723852462085161e-16 5.837454339061768363e-17 4.211838208324317748e+03
6.140377948832981040e-16 5.884777575306957452e-17 4.212456992720924973e+03
3.484282539769079434e-16 5.824481993579830198e-17 4.213075782158199218e+03
3.222980915609529743e-16 5.827825624593523470e-17 4.213694576623709509e+03
4.614402970661787697e-16 5.817380386633135498e-17 4.214313376105069437e+03
4.721759651566588515e-16 5.801098268404251930e-17 4.214932180589930795e+03
4.727515494938813951e-16 5.800416596491248025e-17 4.215550990065984479e+03
3.696131712616533252e-16 5.829222344771306224e-17 4.216169804520965045e+03
4.095932320867162898e-16 5.796487809838349379e-17 4.216788623942644335e+03
3.303896292923116473e-16 5.784737740575072958e-17 4.217407448318839670e+03
6.345367930967264737e-16 5.798787305244614028e-17 4.218026277637402018e+03
4.480445209743390191e-16 5.700295884006756432e-17 4.218645111886230552e+03
6.246141998513643468e-16 5.645292951971016091e-17 4.219263951053257188e+03
3.925415320447120690e-16 5.522260536645518293e-17 4.219882795126461133e+03
4.637701614201820585e-16 5.550101872238018980e-17 4.220501644093854338e+03
3.558983567357365910e-16 5.489336009220854807e-17 4.221120497943496957e+03
3.294109322785097408e-16 5.493831367410596075e-17 4.221739356663485523e+03
4.798018789363928273e-16 5.464909241346249612e-17 4.222358220241952949e+03
4.366601546702457398e-16 5.534152196658036632e-17 4.222977088667081262e+03
3.197535721300392404e-16 5.478562721552935310e-17 4.223595961927084318e+03
3.596378250485718517e-16 5.423853902956258492e-17 4.224214840010219632e+03
6.159586771351041997e-16 5.517024212467241607e-17 4.224833722904784736e+03
3.881026503898272536e-16 5.434270262293480086e-17 4.225452610599114450e+03
4.379392892102411269e-16 5.497151611861553745e-17 4.226071503081586343e+03
2.708746031849205542e-16 5.439452390261515086e-17 4.226690400340618908e+03
3.312937441180378012e-16 5.395961193750878500e-17 4.227309302364665200e+03
2.939056019783480068e-16 5.264332922429052940e-17 4.227928209142223750e+03
4.236439775207076884e-16 5.203489192018776330e-17 4.228547120661828558e+03
5.021222419922078223e-16 5.159167018179587863e-17 4.229166036912053642e+03
3.836244764706428592e-16 5.172978117797163203e-17 4.229784957881515766e+03
4.784882680703269371e-16 5.236032430395781117e-17 4.230403883558868984e+03
4.936110180969999365e-16 5.251318559786938004e-17 4.231022813932806457e+03
4.177704078662342051e-16 5.230990045699955239e-17 4.231641748992061366e+03
5.170021552959291642e-16 5.177969850853004573e-17 4.232260688725405089e+03
3.965633220046604051e-16 5.152173310439494630e-17 4.232879633121650841e+03
4.524046767405950239e-16 5.182076235709860034e-17 4.233498582169650035e+03
3.790833681103887911e-16 5.081536979433888452e-17 4.234117535858291376e+03
4.002820444089732759e-16 5.128991015399967699e-17 4.234736494176506312e+03
2.803006455410399770e-16 5.038012552058484884e-17 4.235355457113261764e+03
3.901700759906987320e-16 5.091315695211336875e-17 4.235974424657565578e+03
3.386723933006214428e-16 5.052664400795125316e-17 4.236593396798465619e+03
1.962958628905359550e-16 4.937527265529784623e-17 4.237212373525046132e+03
3.433482917061271752e-16 4.923894385159533042e-17 4.237831354826432289e+03
3.321380845848524911e-16 4.899426852627281419e-17 4.238450340691786550e+03
3.204654000084818313e-16 4.876190861729613381e-17 4.239069331110314124e+03
3.367514239023769535e-16 4.880487767015167895e-17 4.239688326071253869e+03
3.360041645547211279e-16 4.866696020388904141e-17 4.240307325563885570e+03
5.013222813512871889e-16 4.994292819930301261e-17 4.240926329577529032e+03
5.350439514636878168e-16 4.919749931476318262e-17 4.241545338101539528e+03
3.557566533906359405e-16 4.852602638178883192e-17 4.242164351125315079e+03
2.427325732113334621e-16 4.836948000918558762e-17 4.242783368638287357e+03
4.009212593519352698e-16 4.882902480577239917e-17 4.243402390629932597e+03
3.622836179665965146e-16 4.826566781103027514e-17 4.244021417089758870e+03
4.502339816271040047e-16 4.837397361657943449e-17 4.244640448007317900e+03
2.203409415378359927e-16 4.800835286431159874e-17 4.245259483372195973e+03
4.357765445847915270e-16 4.874667774054473407e-17 4.245878523174021211e+03
2.819895193622762757e-16 4.975285444284003356e-17 4.246497567402458117e+03
4.813201829005866898e-16 5.011362061140009710e-17 4.247116616047207572e+03
3.262065412862900284e-16 4.921791019914073908e-17 4.247735669098012295e+03
3.371713079892874024e-16 4.978835094263326466e-17 4.248354726544649566e+03
4.631877948257590079e-16 4.936905598421193522e-17 4.248973788376938501e+03
4.653956496884652438e-16 4.877856398499408377e-17 4.249592854584732777e+03
2.158351778147061267e-16 4.801542367644147530e-17 4.250211925157926089e+03
3.470576995864277715e-16 4.793884856763159810e-17 4.250831000086449421e+03
3.148367052221390458e-16 4.806036330356047872e-17 4.251450079360271957e+03
2.905018389748752548e-16 4.839595231105752382e-17 4.252069162969399258e+03
4.462157293365595584e-16 4.898474551730087477e-17 4.252688250903877815e+03
3.230819406650401751e-16 4.889592871441001927e-17 4.253307343153786860e+03
4.432480260691119409e-16 4.868466525226772231e-17 4.253926439709248370e+03
3.328291258054165184e-16 4.772616451631341311e-17 4.254545540560420704e+03
2.684676517962646616e-16 4.699065033779706860e-17 4.255164645697495871e+03
3.613141947433493130e-16 4.730315140798200481e-17 4.255783755110709535e+03
4.524048426972523332e-16 4.752172013949572664e-17 4.256402868790328284e+03
4.821165371261609518e-16 4.752901224080300285e-17 4.257021986726664181e+03
3.498116897171558452e-16 4.749900331012730334e-17 4.257641108910058392e+03
3.295001606271699103e-16 4.707505464242726319e-17 4.258260235330894830e+03
3.502665965569905377e-16 4.684549782069512742e-17 4.258879365979592876e+03
2.226292041368998642e-16 4.597523685625028435e-17 4.259498500846608295e+03
2.654041723970385369e-16 4.597535131286026634e-17 4.260117639922435046e+03
4.227747865301770563e-16 4.544062095212420315e-17 4.260736783197606201e+03
3.231188288587448470e-16 4.492642158516195310e-17 4.261355930662688479e+03
2.869094363940828459e-16 4.438201609373997922e-17 4.261975082308286801e+03
3.517247632132679682e-16 4.478699613621777345e-17 4.262594238125043375e+03
3.546214687839518472e-16 4.499039173786505708e-17 4.263213398103638610e+03
4.457688152545131128e-16 4.539266740802867002e-17 4.263832562234787474e+03
3.203159121767776476e-16 4.500007560316570102e-17 4.264451730509243134e+03
2.586085410485966046e-16 4.515876074138710023e-17 4.265070902917796047e+03
3.342682161330486414e-16 4.514228436310523506e-17 4.265690079451271231e+03
3.061830490596837871e-16 4.522030810223291163e-17 4.266309260100533720e+03
2.711450887014435158e-16 4.554072328724604116e-17 4.266928444856481292e+03
3.600938366926087020e-16 4.555875171180672137e-17 4.267547633710051741e+03
3.241850207655096438e-16 4.481086345901287144e-17 4.268166826652217424e+03
4.802761662863037599e-16 4.539344256330967985e-17 4.268786023673989803e+03
3.973947730980479884e-16 4.446194679531527402e-17 4.269405224766413085e+03
3.621171325081818473e-16 4.442635083845705190e-17 4.270024429920569673e+03
2.403878623276828880e-16 4.361225920982087246e-17 4.270643639127579263e+03
2.496112560816331684e-16 4.346594232323995932e-17 4.271262852378595198e+03
1.773499382706229824e-16 4.315716346805707013e-17 4.271882069664811752e+03
3.353782172971398469e-16 4.304679623177288991e-17 4.272501290977454119e+03
1.681330186327522263e-16 4.285278910910278937e-17 4.273120516307787511e+03
4.243481960240775950e-16 4.329226826147026951e-17 4.273739745647111704e+03
3.245704803169080353e-16 4.261520972465127733e-17 4.274358978986761940e+03
3.578078317255469352e-16 4.290084152350428895e-17 4.274978216318111663e+03
3.387414456285586443e-16 4.290664128590623483e-17 4.275597457632566147e+03
3.252063045403274844e-16 4.283199359963334562e-17 4.276216702921573415e+03
2.713400730501009841e-16 4.295758465396596954e-17 4.276835952176610590e+03
3.362862723027236550e-16 4.309971012520314959e-17 4.277455205389194816e+03
3.272826533634576936e-16 4.265821072171035455e-17 4.278074462550875069e+03
3.275532444136532725e-16 4.278199345845100598e-17 4.278693723653241250e+03
4.021981556495616226e-16 4.255572341369763943e-17 4.279312988687916004e+03
2.310803509817454193e-16 4.184688791993763932e-17 4.279932257646556536e+03
3.152262758593825820e-16 4.210142290524956188e-17 4.280551530520859160e+03
2.261986710846309406e-16 4.157907359439763886e-17 4.281170807302551111e+03
3.490331982911278349e-16 4.132654077383266598e-17 4.281790087983398735e+03
1.442882663544333907e-16 4.057882018365772218e-17 4.282409372555203845e+03
2.662997355703881521e-16 4.082743166205865527e-17 4.283028661009801908e+03
3.160238981777777468e-16 4.134006473058373490e-17 4.283647953339063861e+03
3.959227893568140671e-16 4.118024005751887268e-17 4.284267249534897019e+03
2.849538874297268564e-16 4.108210151397514820e-17 4.284886549589243259e+03
3.811479389198026720e-16 4.136060727059125257e-17 4.285505853494079929e+03
2.826418477404723216e-16 4.080329381916452958e-17 4.286125161241419846e+03
2.737969588957533795e-16 4.039905717087752768e-17 4.286744472823309479e+03
2.074080766058209159e-16 3.976583824383284886e-17 4.287363788231832586e+03
2.655540307704706447e-16 4.010344181739735562e-17 4.287983107459106577e+03
4.452980471598824378e-16 3.983867695282578908e-17 4.288602430497285241e+03
2.988402466886383120e-16 3.948609918363555307e-17 4.289221757338554198e+03
3.840731311984247427e-16 3.939139008842852803e-17 4.289841087975136361e+03
3.259642923874820492e-16 3.924193635348035801e-17 4.290460422399290110e+03
3.484022019270587546e-16 3.959606085700026296e-17 4.291079760603306568e+03
3.666141229924536703e-16 3.985955072503285963e-17 4.291699102579512328e+03
3.540818130128595725e-16 4.021914138892785702e-17 4.292318448320269454e+03
2.398589217438311309e-16 4.022001972290653614e-17 4.292937797817972751e+03
3.019550404127156425e-16 4.018555497049436978e-17 4.293557151065056132e+03
3.504959528694550817e-16 4.040373188170899760e-17 4.294176508053982616e+03
2.952208314176274116e-16 3.963178004666834807e-17 4.294795868777251599e+03
3.318458916940305836e-16 3.993104850297419031e-17 4.295415233227397948e+03
3.499910805777590609e-16 3.934808079520337919e-17 4.296034601396990183e+03
3.528040235711184425e-16 3.937194238787078176e-17 4.296653973278631383e+03
3.043735752580664783e-16 3.945270471895885339e-17 4.297273348864959189e+03
3.025739740685199242e-16 3.923099577645960927e-17 4.297892728148644892e+03
4.259229555229973632e-16 3.908287490043380850e-17 4.298512111122394344e+03
2.624237249779098754e-16 3.879708574537693635e-17 4.299131497778947050e+03
2.661105612254217040e-16 3.813930618598315846e-17 4.299750888111077074e+03
2.853593407514992565e-16 3.812205143172172488e-17 4.300370282111593042e+03
2.420057845088495124e-16 3.743560234285475470e-17 4.300989679773336320e+03
2.831055083187752499e-16 3.717187178620019957e-17 4.301609081089182837e+03
3.186561052674166449e-16 3.708825599472480393e-17 4.302228486052043081e+03
2.731328793420891048e-16 3.744820989387301914e-17 4.302847894654862102e+03
3.688816519180569542e-16 3.726998724874722429e-17 4.303467306890614964e+03
2.324111881949221131e-16 3.710486645821443753e-17 4.304086722752315836e+03
3.641136813904172332e-16 3.732064867600538528e-17 4.304706142233006176e+03
1.869570805587995007e-16 3.745881237378779629e-17 4.305325565325769276e+03
4.259228675451464140e-16 3.792484982483186182e-17 4.305944992023716622e+03
2.771303357293559119e-16 3.762501758782053618e-17 4.306564422319990626e+03
2.076755976113426465e-16 3.814471156962850878e-17 4.307183856207773715e+03
3.503708148345974266e-16 3.813739907131326683e-17 4.307803293680281058e+03
3.801023629754976669e-16 3.851323407692845022e-17 4.308422734730755110e+03
3.021299567137883347e-16 3.805983365818843739e-17 4.309042179352478342e+03
1.828873991844518806e-16 3.800197303902843817e-17 4.309661627538762332e+03
1.073147414769384049e-16 3.721412381655227664e-17 4.310281079282955943e+03
3.643004358459756612e-16 3.807775219484211819e-17 4.310900534578437146e+03
2.225572422906056636e-16 3.707032710522582622e-17 4.311519993418620288e+03
2.874121695674777459e-16 3.745113822266599237e-17 4.312139455796948823e+03
1.661457320554811221e-16 3.749414899164741501e-17 4.312758921706906222e+03
2.084813419150476997e-16 3.790300909735695692e-17 4.313378391142002329e+03
2.902496228319083467e-16 3.812696888618612408e-17 4.313997864095781551e+03
2.384875122578723193e-16 3.784930326017810496e-17 4.314617340561824676e+03
3.105258694386201463e-16 3.896758497099183903e-17 4.315236820533740683e+03
2.902474202474428916e-16 3.867903211703553814e-17 4.315856304005175843e+03
1.799930971722860301e-16 3.842339365704256263e-17 4.316475790969805530e+03
2.413337383943410119e-16 3.819734689138776579e-17 4.317095281421339678e+03
3.710445991775499599e-16 3.848946733514695539e-17 4.317714775353520963e+03
2.289949787872491151e-16 3.810189284801440430e-17 4.318334272760124804e+03
3.011363007803903377e-16 3.761168956241871432e-17 4.318953773634958452e+03
2.648679135341425446e-16 3.735022166265993983e-17 4.319573277971861899e+03
3.005180086808291888e-16 3.749135372583807461e-17 4.320192785764707878e+03
2.551720709105682737e-16 3.719196711138929192e-17 4.320812297007402776e+03
3.335565038838158845e-16 3.691513022211139848e-17 4.321431811693882992e+03
3.422932377542621912e-16 3.644921518768332037e-17 4.322051329818119484e+03
3.042621768502211299e-16 3.606398174718472427e-17 4.322670851374115955e+03
2.759253668580232449e-16 3.527721139128924679e-17 4.323290376355904300e+03
1.759435167311515720e-16 3.453269389731153950e-17 4.323909904757552795e+03
3.726946487450339221e-16 3.475086299072688466e-17 4.324529436573162457e+03
2.522211153617993008e-16 3.506389489382663572e-17 4.325148971796861588e+03
3.428845158208519640e-16 3.571101692141568257e-17 4.325768510422816689e+03
1.724107325098310719e-16 3.534687992916214422e-17 4.326388052445219728e+03
3.646596675271192175e-16 3.607381761806761274e-17 4.327007597858300869e+03
4.024914008241661807e-16 3.581540113190316938e-17 4.327627146656319383e+03
2.901535923173440748e-16 3.529402253367632349e-17 4.328246698833565461e+03
2.951232539730489489e-16 3.469590698938067041e-17 4.328866254384362946e+03
2.865860549499679850e-16 3.530914274594462005e-17 4.329485813303067516e+03
3.509732245149745155e-16 3.535766234082946289e-17 4.330105375584064859e+03
2.707934986804747987e-16 3.518331556113686572e-17 4.330724941221775225e+03
2.844178765699866180e-16 3.525418158016795612e-17 4.331344510210647059e+03
3.672367455489496888e-16 3.539039626084173138e-17 4.331964082545162455e+03
2.993953734126221753e-16 3.508144581449902022e-17 4.332583658219833524e+03
3.353255057298379759e-16 3.495428288213064334e-17 4.333203237229210572e+03
2.739525025057594118e-16 3.484286542446373526e-17 4.333822819567863917e+03
2.686767353527884632e-16 3.465947164567443863e-17 4.334442405230403892e+03
2.303490733631972949e-16 3.495351880175605561e-17 4.335061994211469937e+03
2.811103537719109388e-16 3.469907772796564833e-17 4.335681586505732412e+03
2.526595758062764643e-16 3.436020826018185944e-17 4.336301182107893510e+03
2.766093447263283667e-16 3.421071421122202964e-17 4.336920781012686348e+03
2.242282212684832297e-16 3.382062225246281186e-17 4.337540383214873145e+03
2.724456254713454937e-16 3.333843715363182317e-17 4.338159988709250683e+03
2.732035287782297205e-16 3.315866389358992202e-17 4.338779597490647575e+03
2.589221269791096087e-16 3.292004967635306030e-17 4.339399209553918809e+03
2.827367542263688707e-16 3.300732839451906716e-17 4.340018824893954843e+03
2.482416904821943425e-16 3.268353374928375159e-17 4.340638443505672512e+03
2.834516263328874435e-16 3.316096376150351926e-17 4.341258065384025031e+03
3.739399349544210762e-16 3.401918328556344358e-17 4.341877690523991987e+03
3.063835775903123538e-16 3.406499585837662193e-17 4.342497318920586622e+03
2.950866929304430205e-16 3.406228045249785819e-17 4.343116950568851280e+03
2.186805993836628525e-16 3.325984439669476007e-17 4.343736585463861047e+03
1.936765208641335286e-16 3.317019799430448930e-17 4.344356223600716476e+03
1.773514726089346836e-16 3.358481337264563503e-17 4.344975864974556316e+03
3.384060604638234206e-16 3.347863712147015688e-17 4.345595509580542966e+03
1.888835196840586504e-16 3.307096320439143566e-17 4.346215157413875204e+03
2.966553533386376055e-16 3.349377368565503934e-17 4.346834808469778181e+03
1.019527673818933893e-16 3.332284207654027153e-17 4.347454462743509794e+03
1.770807148582517085e-16 3.316007204153437818e-17 4.348074120230356129e+03
1.712672348241156220e-16 3.340734613780370342e-17 4.348693780925634201e+03
2.399506168651070152e-16 3.323541214046282393e-17 4.349313444824692851e+03
2.098028015398200426e-16 3.309288895790546510e-17 4.349933111922911849e+03
2.125130493120671857e-16 3.270059349795322568e-17 4.350552782215696425e+03
1.893830517279681607e-16 3.223584169851844577e-17 4.351172455698487283e+03
9.920452525298028540e-17 3.214694783405407444e-17 4.351792132366752412e+03
2.545213928539118329e-16 3.188163477324331460e-17 4.352411812215990722e+03
1.667718230639538394e-16 3.200540015716500848e-17 4.353031495241730227e+03
2.243781025076703470e-16 3.216011072330905396e-17 4.353651181439530774e+03
1.927817908925746148e-16 3.213404024757476058e-17 4.354270870804977676e+03
2.754086862502793675e-16 3.230346507290887381e-17 4.354890563333694445e+03
2.989178674764687951e-16 3.259930145392547294e-17 4.355510259021325510e+03
3.056861966844142501e-16 3.294198958377331241e-17 4.356129957863549862e+03
2.604851256676227548e-16 3.294549058483354100e-17 4.356749659856073777e+03
3.026700111969682770e-16 3.300054631346477226e-17 4.357369364994638090e+03
2.430326638182829524e-16 3.287037756914368742e-17 4.357989073275006376e+03
2.888953309115546342e-16 3.272206946195761236e-17 4.358608784692976769e+03
2.491776696666049123e-16 3.233617163968385607e-17 4.359228499244374689e+03
2.344254911269420063e-16 3.260541757509874522e-17 4.359848216925056477e+03
2.386851997575700431e-16 3.233212776173135145e-17 4.360467937730905760e+03
3.267847509086096846e-16 3.263549208652246076e-17 4.361087661657837089e+03
1.660765421281247423e-16 3.264455689567103812e-17 4.361707388701796845e+03
2.220672270783708892e-16 3.253869089170786566e-17 4.362327118858753238e+03
3.307022166858099787e-16 3.232385795442177388e-17 4.362946852124714496e+03
2.118142442457563912e-16 3.170360427980469150e-17 4.363566588495707038e+03
2.070887095483048663e-16 3.175899305964479681e-17 4.364186327967792749e+03
2.691329559997594243e-16 3.168793249303151654e-17 4.364806070537062624e+03
3.409067173431323477e-16 3.160162796351929851e-17 4.365425816199634937e+03
2.804501924109118340e-16 3.166273210662101941e-17 4.366045564951655251e+03
3.223835333336101538e-16 3.224454330441096505e-17 4.366665316789303688e+03
3.147217823729501930e-16 3.217340601756184826e-17 4.367285071708783107e+03
2.944553689345798952e-16 3.225999467545641158e-17 4.367904829706329110e+03
2.239057976040442858e-16 3.171135431330273058e-17 4.368524590778204583e+03
2.801432951043544163e-16 3.191311541724861529e-17 4.369144354920703336e+03
3.289490256932863427e-16 3.143018288747421957e-17 4.369764122130143733e+03
2.503997500993958646e-16 3.122051590405975927e-17 4.370383892402875063e+03
8.637975699145112158e-17 3.086495661631835775e-17 4.371003665735277536e+03
3.281363401774322333e-16 3.125173438397586724e-17 4.371623442123756831e+03
2.440133337245500518e-16 3.116190763407977835e-17 4.372243221564747728e+03
3.432465746640150998e-16 3.111444996862016253e-17 4.372863004054713201e+03
3.075476244177884286e-16 3.105820108681788779e-17 4.373482789590145330e+03
1.597052020764111152e-16 3.089114170219711501e-17 4.374102578167567117e+03
2.760222241841759673e-16 3.196156064113180686e-17 4.374722369783527029e+03
2.626112372095111082e-16 3.202644526993805026e-17 4.375342164434598089e+03
2.614840379435524501e-16 3.217689709703472321e-17 4.375961962117389703e+03
3.133841136515114309e-16 3.294718068940797866e-17 4.376581762828533101e+03
3.635133810750251261e-16 3.273668402821778972e-17 4.377201566564692257e+03
2.751141035823296836e-16 3.224024819008787739e-17 4.377821373322555701e+03
2.613906321961229182e-16 3.241878125208138092e-17 4.378441183098841066e+03
3.027300039512461970e-16 3.166968203922582792e-17 4.379060995890294180e+03
2.877028881443271845e-16 3.134729493520829055e-17 4.379680811693689975e+03
1.947107589641015080e-16 3.174699765040001350e-17 4.380300630505827939e+03
1.683035404459949591e-16 3.171286451077574114e-17 4.380920452323538484e+03
2.557351454330282105e-16 3.151189941442809655e-17 4.381540277143682033e+03
2.278506908409694266e-16 3.136526849407940917e-17 4.382160104963139020e+03
3.003698623370915090e-16 3.049705529213375270e-17 4.382779935778826257e+03
3.015981171825011894e-16 3.032074054058930200e-17 4.383399769587682385e+03
2.101191708461814388e-16 3.040110691395696160e-17 4.384019606386675150e+03
2.611729756689099883e-16 3.077640668962376792e-17 4.384639446172801399e+03
2.242139017167346688e-16 3.100268533799859933e-17 4.385259288943084357e+03
2.617372854481293828e-16 3.082763263753598318e-17 4.385879134694575441e+03
2.419600926652488315e-16 3.109544280948324509e-17 4.386498983424351536e+03
2.434085476655354207e-16 3.019301666425395674e-17 4.387118835129518629e+03
2.344013025454749566e-16 3.025991650142451555e-17 4.387738689807210903e+03
2.188625269700753496e-16 2.991145269257047411e-17 4.388358547454588006e+03
3.121269542976954391e-16 3.012470793787008892e-17 4.388978408068836870e+03
3.594748488697727180e-16 3.039355444859975519e-17 4.389598271647173533e+03
2.300127161015480314e-16 3.011697622293046501e-17 4.390218138186837677e+03
2.358140396284122398e-16 3.014426998041775746e-17 4.390838007685100820e+03
2.563694928041975400e-16 3.002399273211563574e-17 4.391457880139256304e+03
2.832334609992420105e-16 3.038789678962195601e-17 4.392077755546630215e+03
2.779208420675863720e-16 3.016195571063424601e-17 4.392697633904570466e+03
2.302228144128654791e-16 2.995984620743635119e-17 4.393317515210455895e+03
1.357516895742571470e-16 2.958385579622293171e-17 4.393937399461688074e+03
1.975041758445247227e-16 2.953696600309385133e-17 4.394557286655699500e+03
2.231844406707599958e-16 2.959511266875766218e-17 4.395177176789947225e+03
2.646480113795327693e-16 2.972364977269045253e-17 4.395797069861914679e+03
2.511770276439338981e-16 2.950199675732084520e-17 4.396416965869113483e+03
1.136489703854614698e-16 2.948735833879049488e-17 4.397036864809080726e+03
2.072862375743106715e-16 2.983299866683736365e-17 4.397656766679380780e+03
2.797785978264817100e-16 2.970334142614234487e-17 4.398276671477604395e+03
3.447047618237827036e-16 2.981094142329808002e-17 4.398896579201367786e+03
2.344809606456641528e-16 2.987880451890134165e-17 4.399516489848316269e+03
2.742853654863098339e-16 3.048483322902835401e-17 4.400136403416117901e+03
3.208917399642140214e-16 3.075056493856034228e-17 4.400756319902469841e+03
2.185219346828265126e-16 3.072770936973788028e-17 4.401376239305094714e+03
2.889795960880437873e-16 3.100737178143382049e-17 4.401996161621742431e+03
2.940505419059995876e-16 3.132145693015118194e-17 4.402616086850186548e+03
1.789591811233308567e-16 3.115660716863166564e-17 4.403236014988227907e+03
3.876455635310151295e-16 3.185006658492193175e-17 4.403855946033694636e+03
1.258422845530894146e-16 3.159728155240669193e-17 4.404475879984442145e+03
2.649522129869288726e-16 3.176758079603595964e-17 4.405095816838347673e+03
3.184854475174770216e-16 3.176908319823365087e-17 4.405715756593315746e+03
2.831686310018086552e-16 3.221348983945058860e-17 4.406335699247279990e+03
1.251451059068610525e-16 3.204105915708923519e-17 4.406955644798196772e+03
2.576930911380282824e-16 3.209268330896377926e-17 4.407575593244049742e+03
2.736814776087914842e-16 3.173660091834001164e-17 4.408195544582846196e+03
2.967324995612217943e-16 3.172466559063715003e-17 4.408815498812621627e+03
3.074317727604749925e-16 3.164468946756970993e-17 4.409435455931436991e+03
2.668480900416942434e-16 3.154242860790020217e-17 4.410055415937378712e+03
1.622198797107370794e-16 3.121480596265731988e-17 4.410675378828555040e+03
1.428853297296256588e-16 3.165042074881227227e-17 4.411295344603106059e+03
3.240265290454048373e-16 3.186245984018558366e-17 4.411915313259194591e+03
2.217346474298542983e-16 3.155749553529590497e-17 4.412535284795007101e+03
3.142157283809524642e-16 3.113301978346248724e-17 4.413155259208756434e+03
2.180305196785270967e-16 3.080478228722688169e-17 4.413775236498684535e+03
2.374982060562196626e-16 3.101278553282431015e-17 4.414395216663051542e+03
1.828504752117238737e-16 3.077256008631992756e-17 4.415015199700150333e+03
2.019281634330767286e-16 3.128893716657800307e-17 4.415635185608292886e+03
2.166178983268961212e-16 3.092487888991414681e-17 4.416255174385822102e+03
2.822810694927252414e-16 3.048051396182701136e-17 4.416875166031099070e+03
2.489689200289398829e-16 3.041371642224196115e-17 4.417495160542515805e+03
2.347503947639672915e-16 3.099762212101089681e-17 4.418115157918488876e+03
2.177252975926261725e-16 3.162757851819566384e-17 4.418735158157454862e+03
2.854974601135387468e-16 3.193199746268958444e-17 4.419355161257881264e+03
1.982673400764946349e-16 3.186295576652442527e-17 4.419975167218255592e+03
1.598491714230641762e-16 3.141306678843747728e-17 4.420595176037097190e+03
2.220860017169191335e-16 3.088503695271054106e-17 4.421215187712939951e+03
1.877799535764571088e-16 2.990679906860783451e-17 4.421835202244350512e+03
2.842037806743924282e-16 2.977054243166541912e-17 4.422455219629919156e+03
2.488192033921275939e-16 2.995358831550266678e-17 4.423075239868257995e+03
2.465123885161651603e-16 3.029749108408445947e-17 4.423695262958003696e+03
3.033944696156954837e-16 3.058499717960142149e-17 4.424315288897822029e+03
2.622792891842647965e-16 3.064622689480920722e-17 4.424935317686398776e+03
1.675378934160142802e-16 3.036813930968397186e-17 4.425555349322444272e+03
3.149809794656348067e-16 3.094930675876933068e-17 4.426175383804697049e+03
1.746572928071415947e-16 3.021686148879221336e-17 4.426795421131917465e+03
1.994208488275881079e-16 2.983851244509036104e-17 4.427415461302887707e+03
2.585850530830159652e-16 2.919847717491497704e-17 4.428035504316420884e+03
2.586099668213594618e-16 2.912144650050380109e-17 4.428655550171346476e+03
2.298080010914260857e-16 2.907871014933234359e-17 4.429275598866524888e+03
2.233329426066129095e-16 2.935029581470982584e-17 4.429895650400836530e+03
2.472398454805398254e-16 2.931837882900207494e-17 4.430515704773188190e+03
1.707204866291404325e-16 2.941868532031780420e-17 4.431135761982506665e+03
2.192537226046485456e-16 2.945202479990095886e-17 4.431755822027749673e+03
2.237707950491179217e-16 2.896325347579793324e-17 4.432375884907891304e+03
1.938208233386384344e-16 2.831049541807484630e-17 4.432995950621936572e+03
2.796958585552749071e-16 2.804013929693900387e-17 4.433616019168908679e+03
2.428992563914965986e-16 2.775784697767562051e-17 4.434236090547858112e+03
2.301294627577081890e-16 2.804592471330333336e-17 4.434856164757858096e+03
2.915538064184027024e-16 2.827505007108233757e-17 4.435476241798004594e+03
2.250459139084524993e-16 2.884748040968496460e-17 4.436096321667417214e+03
2.334357240953306490e-16 2.894325074654961915e-17 4.436716404365242852e+03
2.051312550036803449e-16 2.901241439710607533e-17 4.437336489890647499e+03
2.077270742719962468e-16 2.917958564405528129e-17 4.437956578242820797e+03
2.065475375850288994e-16 2.910753168574568120e-17 4.438576669420979670e+03
2.733153102055475975e-16 2.870798124232677038e-17 4.439196763424361052e+03
1.955955099588996152e-16 2.836939256491231709e-17 4.439816860252227343e+03
1.822345664999822518e-16 2.815813178555176615e-17 4.440436959903861862e+03
2.642878038348981495e-16 2.797353520500032175e-17 4.441057062378575210e+03
2.478681182539665959e-16 2.757234693214485293e-17 4.441677167675696182e+03
2.043036659901492841e-16 2.760554822666061327e-17 4.442297275794579946e+03
2.463140022160630975e-16 2.785224587841455374e-17 4.442917386734605316e+03
2.172826438867880814e-16 2.788149933446873731e-17 4.443537500495171116e+03
2.258241869191415253e-16 2.817538175716156239e-17 4.444157617075703456e+03
2.443192046043054858e-16 2.835987234181510134e-17 4.444777736475648453e+03
1.466708891319002231e-16 2.817217266972132272e-17 4.445397858694475872e+03
3.141080169264544901e-16 2.800251103660572626e-17 4.446017983731677305e+03
2.477106392935842980e-16 2.780293693615335835e-17 4.446638111586769810e+03
2.396769769871289194e-16 2.750469382194950030e-17 4.447258242259289545e+03
2.266972544162845099e-16 2.755459568957256121e-17 4.447878375748801773e+03
2.573929445970913040e-16 2.742209249556694343e-17 4.448498512054888124e+03
2.042565527112407733e-16 2.750343336134692551e-17 4.449118651177152060e+03
2.214319974825025634e-16 2.761121610899982151e-17 4.449738793115229782e+03
2.327680823677893123e-16 2.739292546578882887e-17 4.450358937868766589e+03
2.542134095783057458e-16 2.726404994708514503e-17 4.450979085437440517e+03
1.947086336571794577e-16 2.679584172240963876e-17 4.451599235820947797e+03
2.450034722306151961e-16 2.680665607470487884e-17 4.452219389019006485e+03
1.952607885320332429e-16 2.655456639871917204e-17 4.452839545031360103e+03
2.213434852172509149e-16 2.687623381856415568e-17 4.453459703857772183e+03
2.281991713850650583e-16 2.669156677056423661e-17 4.454079865498028084e+03
2.523795019476775204e-16 2.656237723432899660e-17 4.454700029951936813e+03
2.348607041678458221e-16 2.646614351901027598e-17 4.455320197219331021e+03
2.333681197944328340e-16 2.652654637648749129e-17 4.455940367300061553e+03
1.708180194631754646e-16 2.604893733374994574e-17 4.456560540194004716e+03
2.677431270677234692e-16 2.636568618434715979e-17 4.457180715901055919e+03
2.973445402082730711e-16 2.628582608895465082e-17 4.457800894421136945e+03
2.023186989019235807e-16 2.617071712115926200e-17 4.458421075754187768e+03
2.505862664655289055e-16 2.618356839990215525e-17 4.459041259900171099e+03
2.496523708690183350e-16 2.626369066513990688e-17 4.459661446859072385e+03
2.614773487657109488e-16 2.606946492809245806e-17 4.460281636630898902e+03
2.091336244246900738e-16 2.613426841475644750e-17 4.460901829215678845e+03
2.720283173608076251e-16 2.607926209913515120e-17 4.461522024613461326e+03
2.051193799907293375e-16 2.617330858694386912e-17 4.462142222824322744e+03
1.772153657321892804e-16 2.610696435563296411e-17 4.462762423848351318e+03
1.953550811272126971e-16 2.633802150696926936e-17 4.463382627685667103e+03
2.421650403230781852e-16 2.604741191173968668e-17 4.464002834336402884e+03
1.430266179838435927e-16 2.614178389719832997e-17 4.464623043800720552e+03
1.948510811804340826e-16 2.683227283189589295e-17 4.465243256078797458e+03
1.980201935491528095e-16 2.664914865677313148e-17 4.465863471170837329e+03
2.139651866858501692e-16 2.660451687945166893e-17 4.466483689077060262e+03
1.831292698610594947e-16 2.600107696412333628e-17 4.467103909797713641e+03
2.976970992714901738e-16 2.584359784766049558e-17 4.467724133333058489e+03
2.027246475429253189e-16 2.543020310312715036e-17 4.468344359683384027e+03
1.536000390140574954e-16 2.510457286779064758e-17 4.468964588848998574e+03
1.895196617844007379e-16 2.519415327257146104e-17 4.469584820830229546e+03
2.809100770222201794e-16 2.544517350652416688e-17 4.470205055627425281e+03
2.252749222285844296e-16 2.549836974530415483e-17 4.470825293240959581e+03
1.549828511636532430e-16 2.543791419889477449e-17 4.471445533671223529e+03
1.882145782702197717e-16 2.581086695816885192e-17 4.472065776918630036e+03
2.002139736990796229e-16 2.594656642578835915e-17 4.472686022983612929e+03
2.209964572895695427e-16 2.603180371119966965e-17 4.473306271866626048e+03
1.456775351188688475e-16 2.566283621965400773e-17 4.473926523568146877e+03
3.060575387763403978e-16 2.607250924867005701e-17 4.474546778088669271e+03
2.191123050828431685e-16 2.582819373548604458e-17 4.475167035428710733e+03
2.092831170299936419e-16 2.560057066090703004e-17 4.475787295588809684e+03
2.316524696955686926e-16 2.556915557267551846e-17 4.476407558569522735e+03
2.349438368736731133e-16 2.519364294699646383e-17 4.477027824371432871e+03
2.419412837575341724e-16 2.522874199533362885e-17 4.477648092995135812e+03
2.234805895250855964e-16 2.507676379621787447e-17 4.478268364441251833e+03
2.180576653569458420e-16 2.507019615222396794e-17 4.478888638710421219e+03
1.722608240993809603e-16 2.487074420029433049e-17 4.479508915803304262e+03
2.147607880486459746e-16 2.491577657414372172e-17 4.480129195720583994e+03
2.105635907344062149e-16 2.495158094622038522e-17 4.480749478462959814e+03
1.987969810736493283e-16 2.526394972392941207e-17 4.481369764031152954e+03
1.844356450990953910e-16 2.549672314055748005e-17 4.481990052425908289e+03
2.225348404725386822e-16 2.572534607456536264e-17 4.482610343647983427e+03
2.210757281144921658e-16 2.586853611333379587e-17 4.483230637698163264e+03
2.041573973956885019e-16 2.580545360449507073e-17 4.483850934577249063e+03
2.799595679597734248e-16 2.584946003712706570e-17 4.484471234286063009e+03
2.258524326931845096e-16 2.546113144690770750e-17 4.485091536825446383e+03
2.607020531749451023e-16 2.527666355993638412e-17 4.485711842196263206e+03
2.129266335427284789e-16 2.502621953906887778e-17 4.486332150399393868e+03
2.010684627902047073e-16 2.501018898332761311e-17 4.486952461435739679e+03
3.049473475338089903e-16 2.496294258709524513e-17 4.487572775306221956e+03
2.189606610618805780e-16 2.494185961849320526e-17 4.488193092011782937e+03
2.305135696736775997e-16 2.483970128481225167e-17 4.488813411553383048e+03
2.467276318318674525e-16 2.476193073102325832e-17 4.489433733932004543e+03
2.377978669672411883e-16 2.495533886680187100e-17 4.490054059148644228e+03
1.870069323540837976e-16 2.526622918234891310e-17 4.490674387204323466e+03
2.462854784002893622e-16 2.510289819344669613e-17 4.491294718100083628e+03
2.115640301674459522e-16 2.509766896132608164e-17 4.491915051836980638e+03
2.620779356456393995e-16 2.538289297589429613e-17 4.492535388416092246e+03
2.514600821173956893e-16 2.518928970047939734e-17 4.493155727838517123e+03
2.405794085605658654e-16 2.524673424269355845e-17 4.493776070105371218e+03
2.404801410754775301e-16 2.529394031990300002e-17 4.494396415217792310e+03
2.222704630784243961e-16 2.513609067257911782e-17 4.495016763176933637e+03
2.163432523978937268e-16 2.498433388932743644e-17 4.495637113983971176e+03
2.848996583179623955e-16 2.479651870403147137e-17 4.496257467640097275e+03
3.075066972155173756e-16 2.495882788592159676e-17 4.496877824146524290e+03
2.031822734745342487e-16 2.460646928736065506e-17 4.497498183504485496e+03
2.646919457695660209e-16 2.497050429118274663e-17 4.498118545715230539e+03
2.492886308614546508e-16 2.475564645437397761e-17 4.498738910780029983e+03
2.435417701736464646e-16 2.453695283582704887e-17 4.499359278700168943e+03
2.525143796815754430e-16 2.451430326328965402e-17 4.499979649476960731e+03
2.852084574869385692e-16 2.475874435437593608e-17 4.500600023111725022e+03
2.381375504225987109e-16 2.457284121748161989e-17 4.501220399605812418e+03
1.889706966355165856e-16 2.448766776998256264e-17 4.501840778960582611e+03
2.531718266980320192e-16 2.456966355411981591e-17 4.502461161177419854e+03
1.401813770930511290e-16 2.423195201012946448e-17 4.503081546257724767e+03
2.065580211724741366e-16 2.464327636557570625e-17 4.503701934202916163e+03
3.111127168806422238e-16 2.484190120783586540e-17 4.504322325014432863e+03
2.150982175836259712e-16 2.472238232660090693e-17 4.504942718693730058e+03
1.792349843054979231e-16 2.466770282419342346e-17 4.505563115242284766e+03
2.387615455442028705e-16 2.490097120215446369e-17 4.506183514661588561e+03
2.334519842606201136e-16 2.457601843812617894e-17 4.506803916953153021e+03
2.432380122559335329e-16 2.460939586243653081e-17 4.507424322118510645e+03
2.538709915466265807e-16 2.457563734050407450e-17 4.508044730159206665e+03
2.250011617528566188e-16 2.503397515081203595e-17 4.508665141076809959e+03
2.093056933396225806e-16 2.493775990849964554e-17 4.509285554872902139e+03
2.733900631346220615e-16 2.483740908815122515e-17 4.509905971549087553e+03
2.076115269764665993e-16 2.439743764240369330e-17 4.510526391106988740e+03
1.882326868794316117e-16 2.436775629417715598e-17 4.511146813548240971e+03
2.762694192675658780e-16 2.462081531554053910e-17 4.511767238874503164e+03
2.151525656213167463e-16 2.425757120317314121e-17 4.512387667087448790e+03
2.640178081206152635e-16 2.442461387924659097e-17 4.513008098188772237e+03
2.497899762632345878e-16 2.431216002753303615e-17 4.513628532180181537e+03
3.067752354863828382e-16 2.472620514538878669e-17 4.514248969063406548e+03
2.340784083711269099e-16 2.429753959508165481e-17 4.514869408840191682e+03
2.494353957277188181e-16 2.431947776751558132e-17 4.515489851512300447e+03
2.472436644437392499e-16 2.429844728050572163e-17 4.516110297081516364e+03
2.113386888911275493e-16 2.418142593288711562e-17 4.516730745549637504e+03
2.856681613197200210e-16 2.438581157323466774e-17 4.517351196918478308e+03
2.116165916324640220e-16 2.432769881486920379e-17 4.517971651189873228e+03
2.432096313086328551e-16 2.459569976182809158e-17 4.518592108365673994e+03
2.481367863070963342e-16 2.477514604867929286e-17 4.519212568447750527e+03
2.384218213296271310e-16 2.502102885280703157e-17 4.519833031437987302e+03
2.539551964897530380e-16 2.488066048390246938e-17 4.520453497338288798e+03
2.396524534605493434e-16 2.482962869119417605e-17 4.521073966150574961e+03
2.454265124070829466e-16 2.456106568219232728e-17 4.521694437876783923e+03
3.096584455889489291e-16 2.447535721239773821e-17 4.522314912518870187e+03
2.077477735820153292e-16 2.436912982265616295e-17 4.522935390078806449e+03
1.975751196204658681e-16 2.419151107426485890e-17 4.523555870558582683e+03
1.950701423752506029e-16 2.429744564470639494e-17 4.524176353960205233e+03
2.840362968050745832e-16 2.475497831409851830e-17 4.524796840285696817e+03
2.546393014375674670e-16 2.481517312188948651e-17 4.525417329537098340e+03
2.799039424494109936e-16 2.466625134534889247e-17 4.526037821716464350e+03
2.152742240857774849e-16 2.459016773646784486e-17 4.526658316825872134e+03
2.145823822212538229e-16 2.470710600802099923e-17 4.527278814867411711e+03
1.577627798485419022e-16 2.454504770645361401e-17 4.527899315843191289e+03
2.464621737957211144e-16 2.460598680398380690e-17 4.528519819755332719e+03
2.604764315231691169e-16 2.499156565066063952e-17 4.529140326605979681e+03
3.070480499020888385e-16 2.517175290180850501e-17 4.529760836397288585e+03
2.251418282086579222e-16 2.503220136557469979e-17 4.530381349131434035e+03
2.059682933180925000e-16 2.513098325010400856e-17 4.531001864810607003e+03
1.748897974199891220e-16 2.466857057447130248e-17 4.531622383437013923e+03
1.640429029882822395e-16 2.501759436765048447e-17 4.532242905012877600e+03
2.194433266657357020e-16 2.514123367848511515e-17 4.532863429540442667e+03
2.341061986355817071e-16 2.502343979332844013e-17 4.533483957021959213e+03
2.399541896152219203e-16 2.491547997883903751e-17 4.534104487459704615e+03
2.075865916374716238e-16 2.466877635574491585e-17 4.534725020855965340e+03
2.601501953335645695e-16 2.465667458600725506e-17 4.535345557213048778e+03
2.171116136180656485e-16 2.477435921988834565e-17 4.535966096533275049e+03
2.065770345984151337e-16 2.472938438814557201e-17 4.536586638818980646e+03
1.898741224171667593e-16 2.463607798553138135e-17 4.537207184072520249e+03
1.875627153817917561e-16 2.437084876700974880e-17 4.537827732296262184e+03
2.455214691383484590e-16 2.427817801942323992e-17 4.538448283492594783e+03
1.801619927283023009e-16 2.411468540166604781e-17 4.539068837663916383e+03
3.067637762317007340e-16 2.438428430490629761e-17 4.539689394812645332e+03
1.846471616041634630e-16 2.457499156059300482e-17 4.540309954941216347e+03
2.389733602864051246e-16 2.496804580199012020e-17 4.540930518052076877e+03
1.561209563684836648e-16 2.467292818473777878e-17 4.541551084147690744e+03
2.871280753362669443e-16 2.459016096853009449e-17 4.542171653230540869e+03
2.479698316568302072e-16 2.458927920535022347e-17 4.542792225303121086e+03
2.338899351935049690e-16 2.452746537014797813e-17 4.543412800367945238e+03
2.016593475074689363e-16 2.443085364981970383e-17 4.544033378427538082e+03
2.197581386968674917e-16 2.447613410408947601e-17 4.544653959484443476e+03
2.732201262827649505e-16 2.465987260284580339e-17 4.545274543541219828e+03
2.519188571564184543e-16 2.447809524257046675e-17 4.545895130600441917e+03
1.981218635878815035e-16 2.430998716247534459e-17 4.546515720664696346e+03
1.849550878779402017e-16 2.408483829441229746e-17 4.547136313736587908e+03
2.672265308343602222e-16 2.408558840106830461e-17 4.547756909818739587e+03
2.139724848936434557e-16 2.403006054067034773e-17 4.548377508913781639e+03
2.394787631293853509e-16 2.410623993319171599e-17 4.548998111024366153e+03
2.048892763886894577e-16 2.428840813422811895e-17 4.549618716153158857e+03
2.200363913389891859e-16 2.425549183389795869e-17 4.550239324302838213e+03
2.378363937485261552e-16 2.412665788519351194e-17 4.550859935476102692e+03
2.005443246320638708e-16 2.416831592278671616e-17 4.551480549675659859e+03
2.217522376680888011e-16 2.402371159579470086e-17 4.552101166904236379e+03
2.912494816625568927e-16 2.377986222332418742e-17 4.552721787164571651e+03
2.246451393524874869e-16 2.354236957438325155e-17 4.553342410459421444e+03
2.359643362346464994e-16 2.317780696514169847e-17 4.553963036791556078e+03
1.949930840340954865e-16 2.312042830408935378e-17 4.554583666163758608e+03
2.620786365015925028e-16 2.357559380087159128e-17 4.555204298578830276e+03
2.032080642467104412e-16 2.353213853207339135e-17 4.555824934039585060e+03
2.355740519876633002e-16 2.370198008960769288e-17 4.556445572548849668e+03
2.295163588718508032e-16 2.380078687065417430e-17 4.557066214109469001e+03
1.783143931978959790e-16 2.340812555043240475e-17 4.557686858724301601e+03
1.211383459458467245e-16 2.324582039383344152e-17 4.558307506396219651e+03
2.636775160129409680e-16 2.331471443115126885e-17 4.558928157128108069e+03
2.417543840857326274e-16 2.313425771320620124e-17 4.559548810922870871e+03
2.577200337110471024e-16 2.327916670191532768e-17 4.560169467783422078e+03
2.915194255193375118e-16 2.333626723462344524e-17 4.560790127712690264e+03
2.140568031452930328e-16 2.317356606254115693e-17 4.561410790713622191e+03
2.536786986023117785e-16 2.300350053113924873e-17 4.562031456789174626e+03
1.841885429648975310e-16 2.277575153510571541e-17 4.562652125942322527e+03
1.670760896980329046e-16 2.268101050606922154e-17 4.563272798176050856e+03
2.353518410208570900e-16 2.280361299365615234e-17 4.563893473493359124e+03
1.957872026774842454e-16 2.268534449269934616e-17 4.564514151897265037e+03
2.350683613457176122e-16 2.313584059295727603e-17 4.565134833390795393e+03
2.192821018438023771e-16 2.327544590251252396e-17 4.565755517976993360e+03
1.727974765459327163e-16 2.320599063634161016e-17 4.566376205658914841e+03
2.212113868143639808e-16 2.343318108246348640e-17 4.566996896439632110e+03
2.359813174538031715e-16 2.315566502185621194e-17 4.567617590322229262e+03
1.767123387192110191e-16 2.287528595076777428e-17 4.568238287309804036e+03
2.181366904674386518e-16 2.276660431384450689e-17 4.568858987405467815e+03
2.659923359339059326e-16 2.300793785145470493e-17 4.569479690612346531e+03
2.719131260739650421e-16 2.271532789615544417e-17 4.570100396933579759e+03
2.021269174406398988e-16 2.259572986427147217e-17 4.570721106372318900e+03
2.746521925871101485e-16 2.263576041096561701e-17 4.571341818931731723e+03
1.763843006383075493e-16 2.255041141776231026e-17 4.571962534614996912e+03
2.094216269859238391e-16 2.293788295025835645e-17 4.572583253425307703e+03
1.453566820734442373e-16 2.295567845787857858e-17 4.573203975365871884e+03
2.582531018359192779e-16 2.312022996054486803e-17 4.573824700439907247e+03
2.647489557744585766e-16 2.324959348795881405e-17 4.574445428650648864e+03
1.786674933269489193e-16 2.296454346691235497e-17 4.575066160001341814e+03
2.387351978472531064e-16 2.322278686475432872e-17 4.575686894495247543e+03
1.706467755897403441e-16 2.361264393236126054e-17 4.576307632135637505e+03
2.089844206002922736e-16 2.348192612408139957e-17 4.576928372925798612e+03
2.368118327639438972e-16 2.369567639272800330e-17 4.577549116869027785e+03
2.946855836421869406e-16 2.383301756621663247e-17 4.578169863968639220e+03
2.785875827871283579e-16 2.355953066495471320e-17 4.578790614227957121e+03
1.678832466236822135e-16 2.360614958700939109e-17 4.579411367650320244e+03
2.054956856273413137e-16 2.348954316164386750e-17 4.580032124239080076e+03
2.553738583700467638e-16 2.357560670688902167e-17 4.580652883997598110e+03
2.463293742105376035e-16 2.332259417511631040e-17 4.581273646929250390e+03
1.862919877182969946e-16 2.345647744881738189e-17 4.581894413037429331e+03
1.614041958186271454e-16 2.317102545898314341e-17 4.582515182325534624e+03
2.763705871655279904e-16 2.316520514470049052e-17 4.583135954796981423e+03
1.893310006439704326e-16 2.317217616068669854e-17 4.583756730455197612e+03
1.925265860445932105e-16 2.343617884327383426e-17 4.584377509303621991e+03
2.439704515957979824e-16 2.377477781359237376e-17 4.584998291345708822e+03
1.853878755246788862e-16 2.378767165966926770e-17 4.585619076584920549e+03
2.191168514127475995e-16 2.388563763795239403e-17 4.586239865024735991e+03
3.069307424822156774e-16 2.340597931900082659e-17 4.586860656668642150e+03
1.639228619365242842e-16 2.311109543342462482e-17 4.587481451520143310e+03
2.371176010853460266e-16 2.293523201107056045e-17 4.588102249582754666e+03
1.544401422213791107e-16 2.258907861565361382e-17 4.588723050860000512e+03
2.375104850959945107e-16 2.261386478997274472e-17 4.589343855355420601e+03
2.124440504243956716e-16 2.283100039231796446e-17 4.589964663072567419e+03
2.424455937191278592e-16 2.278145074583102173e-17 4.590585474014998908e+03
1.835488847456797227e-16 2.272279607758763720e-17 4.591206288186294842e+03
2.780170188765285302e-16 2.277852781146215850e-17 4.591827105590040446e+03
1.865037387582383610e-16 2.243008424997677111e-17 4.592447926229835502e+03
1.467964985851775258e-16 2.226105363845942983e-17 4.593068750109290704e+03
2.008504005980625957e-16 2.248213748293079504e-17 4.593689577232027659e+03
2.733009513367793834e-16 2.259112845900725508e-17 4.594310407601682527e+03
1.808742913073555225e-16 2.265203544125785452e-17 4.594931241221901473e+03
1.807411486031624858e-16 2.269424553867567687e-17 4.595552078096341575e+03
2.196657092902732438e-16 2.263105882982292544e-17 4.596172918228674462e+03
2.130688062746064423e-16 2.259923394568593853e-17 4.596793761622579041e+03
1.967262016397531360e-16 2.218168170507696958e-17 4.597414608281751498e+03
2.671172185140978986e-16 2.229411929764744762e-17 4.598035458209895296e+03
1.852674240317665425e-16 2.200621998297523719e-17 4.598656311410725721e+03
2.160530989282124688e-16 2.212461170852475523e-17 4.599277167887971700e+03
2.531095286208720201e-16 2.234285300651075080e-17 4.599898027645373077e+03
1.773739021498759924e-16 2.219446488791903411e-17 4.600518890686676968e+03
1.537561696040038134e-16 2.218643326522668603e-17 4.601139757015647774e+03
2.301332885777801803e-16 2.224146325818315586e-17 4.601760626636058078e+03
2.268126761322366184e-16 2.212776334924718836e-17 4.602381499551692286e+03
2.183511963369189820e-16 2.207589675654652496e-17 4.603002375766345722e+03
1.937853171545207029e-16 2.193007300011400216e-17 4.603623255283826438e+03
2.181667628123213666e-16 2.223254994261344100e-17 4.604244138107949766e+03
2.161947637935554006e-16 2.215932962512427179e-17 4.604865024242544678e+03
2.121420614001694655e-16 2.213205373147996967e-17 4.605485913691452879e+03
2.302143449724146230e-16 2.242479728550247210e-17 4.606106806458525170e+03
1.950478561624920302e-16 2.250531113521634818e-17 4.606727702547620538e+03
2.674520801527685423e-16 2.263747128330067428e-17 4.607348601962614339e+03
1.844146164822012370e-16 2.222356782189311679e-17 4.607969504707389206e+03
2.143612966879213746e-16 2.220125337074237913e-17 4.608590410785838685e+03
2.303473116892163313e-16 2.193945601982260406e-17 4.609211320201868148e+03
1.568321868965482061e-16 2.235960430789898759e-17 4.609832232959393878e+03
2.095773566577887060e-16 2.230780605257141732e-17 4.610453149062341254e+03
1.920833070383465714e-16 2.230589266295557255e-17 4.611074068514646569e+03
1.489632017911511600e-16 2.195282248816304178e-17 4.611694991320257941e+03
2.681089903821404598e-16 2.180969754947347873e-17 4.612315917483132580e+03
2.130702887805306194e-16 2.185359196287289921e-17 4.612936847007240431e+03
1.932833512134231035e-16 2.185183987177939130e-17 4.613557779896559623e+03
1.945193565779620888e-16 2.167475015161000426e-17 4.614178716155078291e+03
2.044560026101044997e-16 2.169058203921267967e-17 4.614799655786798212e+03
2.326611789459888954e-16 2.169378592741743964e-17 4.615420598795726619e+03
2.475558099006717511e-16 2.175549384824406756e-17 4.616041545185884388e+03
1.446592653748921942e-16 2.144513933869581903e-17 4.616662494961303310e+03
1.563652178344781706e-16 2.142701165813481502e-17 4.617283448126020630e+03
2.475798401569494001e-16 2.159787266117210685e-17 4.617904404684088149e+03
2.419304897341283644e-16 2.168923287139424782e-17 4.618525364639567670e+03
1.531031402127660311e-16 2.170392873905794607e-17 4.619146327996527361e+03
2.177291688046583397e-16 2.170054086318823168e-17 4.619767294759049037e+03
2.075600193645169860e-16 2.159576946873679730e-17 4.620388264931223603e+03
2.178522290354742150e-16 2.169689450520579256e-17 4.621009238517148333e+03
1.613143277088995501e-16 2.135831732134916193e-17 4.621630215520937782e+03
2.419976542929798303e-16 2.156100534176525133e-17 4.622251195946708322e+03
2.275051822779614437e-16 2.148275097637890242e-17 4.622872179798590878e+03
1.687220398018646028e-16 2.159532786086712572e-17 4.623493167080723651e+03
2.852605406708352108e-16 2.146625941754600106e-17 4.624114157797256667e+03
2.126656451271230196e-16 2.148225596300525697e-17 4.624735151952347223e+03
2.698041113681470719e-16 2.129924268065819756e-17 4.625356149550165355e+03
1.932764531032089300e-16 2.117686927616788147e-17 4.625977150594884733e+03
1.668717134867165388e-16 2.101661394593460939e-17 4.626598155090696309e+03
2.308292093063559767e-16 2.101845297111731177e-17 4.627219163041794673e+03
2.344877086856384248e-16 2.132883540228200364e-17 4.627840174452384417e+03
2.464164114230832553e-16 2.117193732106672684e-17 4.628461189326682870e+03
1.513635442557250556e-16 2.110294990546608523e-17 4.629082207668912815e+03
2.143009617924174560e-16 2.122823933196218788e-17 4.629703229483309769e+03
2.346956630600610585e-16 2.129669774535107400e-17 4.630324254774113797e+03
1.922020964751855366e-16 2.087550871891227471e-17 4.630945283545577695e+03
1.952295799285285569e-16 2.099946419186058533e-17 4.631566315801963356e+03
1.404316507713362319e-16 2.096234747049554103e-17 4.632187351547539947e+03
2.159918112732229602e-16 2.085949324701789281e-17 4.632808390786585733e+03
2.244774896199536465e-16 2.097083469814664788e-17 4.633429433523391708e+03
1.534247387435308189e-16 2.082954424692659517e-17 4.634050479762251598e+03
2.113678140430170538e-16 2.067768682401526777e-17 4.634671529507472769e+03
2.277462332897239594e-16 2.077959021084150906e-17 4.635292582763368046e+03
1.835082459690347327e-16 2.065535009580738962e-17 4.635913639534262074e+03
1.945057237697485757e-16 2.063954595334313079e-17 4.636534699824487689e+03
2.068833658576193349e-16 2.058383558162023024e-17 4.637155763638384087e+03
1.778797919874841757e-16 2.065792838470011553e-17 4.637776830980301384e+03
1.979103711678652349e-16 2.071657918174145371e-17 4.638397901854596967e+03
1.941920679105126182e-16 2.088030908489114776e-17 4.639018976265639139e+03
1.741988904032487375e-16 2.083143164513367791e-17 4.639640054217799843e+03
2.328489994226317269e-16 2.087891338122407875e-17 4.640261135715465571e+03
1.942724447514572953e-16 2.060834926858976549e-17 4.640882220763025543e+03
2.451348048029924651e-16 2.068151871241620916e-17 4.641503309364881716e+03
2.108008874734563902e-16 2.035302916487615618e-17 4.642124401525443318e+03
2.238760361682063900e-16 2.034459339593268174e-17 4.642745497249125037e+03
1.465449235937654191e-16 2.013037768632504445e-17 4.643366596540354294e+03
2.042953438423861993e-16 2.027013841814432135e-17 4.643987699403562146e+03
1.954658727958896981e-16 2.012714423880822093e-17 4.644608805843190567e+03
1.706619166596273860e-16 2.028108678431819093e-17 4.645229915863689712e+03
2.305026860850140882e-16 2.029108827307274837e-17 4.645851029469517016e+03
2.460722008757039608e-16 2.039284326986305142e-17 4.646472146665137188e+03
1.884122293125451246e-16 2.061467203450134935e-17 4.647093267455024034e+03
1.502141803953071148e-16 2.041184308893932165e-17 4.647714391843659541e+03
1.658272352331880029e-16 2.028654436762604138e-17 4.648335519835532978e+03
1.954168203720054138e-16 2.039848009432516643e-17 4.648956651435139065e+03
2.719814246516329833e-16 2.062218340912418736e-17 4.649577786646985260e+03
2.608489670429582756e-16 2.063940196290247887e-17 4.650198925475584474e+03
1.569198129216456638e-16 2.036156540508018701e-17 4.650820067925455078e+03
1.530389672867671812e-16 2.034541286508760071e-17 4.651441214001124536e+03
2.102796112966343093e-16 2.044764272455702873e-17 4.652062363707129407e+03
2.058844636190166376e-16 2.066932745567609621e-17 4.652683517048013528e+03
1.852969497155446269e-16 2.067427902713572475e-17 4.653304674028326190e+03
1.701285140437046364e-16 2.068332340043625202e-17 4.653925834652625781e+03
1.264875430278714360e-16 2.094304107661622359e-17 4.654546998925477965e+03
1.731426026648916891e-16 2.122025229511763458e-17 4.655168166851454771e+03
2.426150753673997248e-16 2.133775195601270545e-17 4.655789338435135505e+03
1.971952792971336025e-16 2.139300357749442966e-17 4.656410513681110388e+03
2.161596086356429194e-16 2.131822843719241109e-17 4.657031692593970547e+03
1.882573847133765890e-16 2.121636606047376755e-17 4.657652875178320755e+03
2.490874980995924937e-16 2.125258105243882812e-17 4.658274061438767603e+03
2.144080653436913585e-16 2.101395404822985581e-17 4.658895251379926776e+03
1.777319795191825673e-16 2.091571485502227458e-17 4.659516445006423965e+03
1.176259254852453225e-16 2.082891940641318209e-17 4.660137642322886677e+03
1.849206376395194325e-16 2.074205968354678488e-17 4.660758843333953337e+03
1.983037550393616961e-16 2.064655905542847562e-17 4.661380048044266914e+03
2.851817451821820646e-16 2.087729608402923045e-17 4.662001256458477656e+03
2.185190884277843796e-16 2.047336403435059361e-17 4.662622468581244902e+03
1.586289353454514797e-16 2.023076156567118639e-17 4.663243684417231634e+03
1.589689445035637830e-16 2.023467629708196473e-17 4.663864903971109015e+03
2.306078893422724779e-16 2.017763253459202210e-17 4.664486127247555487e+03
1.772758861062835152e-16 2.022814416148384666e-17 4.665107354251254947e+03
2.340267875272556029e-16 2.043170336944790466e-17 4.665728584986898568e+03
2.263806467591894746e-16 2.036510524113775836e-17 4.666349819459182982e+03
2.190472126000330489e-16 2.060334594594841044e-17 4.666971057672813913e+03
1.776702480838865570e-16 2.077089435909469871e-17 4.667592299632498907e+03
1.591421092223098318e-16 2.063133889718613118e-17 4.668213545342958241e+03
2.086083545605332338e-16 2.062178219246282801e-17 4.668834794808913102e+03
1.963625853850042825e-16 2.072468319830876874e-17 4.669456048035093772e+03
2.520538831968474934e-16 2.072976325921221161e-17 4.670077305026235990e+03
2.174290243673605163e-16 2.066790647675854449e-17 4.670698565787080952e+03
1.198139350769542440e-16 2.070278887538759451e-17 4.671319830322379858e+03
1.596580724090979229e-16 2.065684982295319487e-17 4.671941098636883908e+03
2.401441598076000139e-16 2.076694281517318924e-17 4.672562370735353397e+03
1.976674719170687707e-16 2.061035383895001277e-17 4.673183646622557717e+03
2.321416699333277507e-16 2.063887971783840347e-17 4.673804926303268076e+03
1.353165013274894485e-16 2.029895536796905803e-17 4.674426209782261139e+03
2.577227502207834051e-16 2.038178928143885566e-17 4.675047497064324489e+03
1.987378691555983221e-16 2.066818088491526496e-17 4.675668788154246613e+03
1.391908670276872738e-16 2.036254352507218938e-17 4.676290083056823278e+03
1.392457865113366648e-16 2.041032101762341193e-17 4.676911381776857525e+03
1.755870783205239509e-16 2.045679112951577217e-17 4.677532684319156033e+03
1.913138085832875362e-16 2.033599626700756780e-17 4.678153990688533668e+03
2.060707295811226054e-16 2.046897814632180589e-17 4.678775300889807113e+03
1.601691708141479145e-16 2.038547536420195113e-17 4.679396614927801238e+03
1.926116110870580869e-16 2.041049744314185013e-17 4.680017932807348188e+03
2.190530050474313032e-16 2.026922652504877749e-17 4.680639254533281928e+03
2.034793865843064003e-16 2.042517541507731796e-17 4.681260580110443698e+03
2.170477395421319757e-16 2.044413249925350418e-17 4.681881909543680194e+03
1.417424673345128443e-16 2.024014831120761345e-17 4.682503242837843572e+03
1.550959541468153119e-16 2.023380767018714719e-17 4.683124579997791443e+03
1.926339021320539487e-16 2.024390662944933635e-17 4.683745921028383236e+03
1.992105577388675356e-16 2.039825937460374060e-17 4.684367265934490206e+03
2.052484855942996130e-16 2.031349631583479947e-17 4.684988614720984515e+03
2.100487628494479347e-16 2.023700777750803113e-17 4.685609967392742874e+03
1.047737451742160514e-16 2.002674762940302865e-17 4.686231323954649270e+03
1.931743588887432737e-16 2.027909291999820493e-17 4.686852684411591326e+03
1.351328801836682787e-16 2.011186712051401931e-17 4.687474048768463035e+03
1.578886824061697318e-16 2.020220362055874567e-17 4.688095417030162025e+03
2.388488040089204631e-16 2.026345812871069529e-17 4.688716789201591382e+03
1.417685435989268258e-16 1.990602733272699999e-17 4.689338165287659649e+03
1.513902447177321190e-16 1.994006898391537154e-17 4.689959545293279007e+03
1.856113853627612320e-16 1.993036927145873905e-17 4.690580929223366184e+03
1.633764696451890745e-16 1.988929811017986866e-17 4.691202317082845184e+03
1.677439940271925934e-16 1.986979851193128734e-17 4.691823708876642741e+03
2.053372382873289414e-16 1.983208190588913487e-17 4.692445104609689224e+03
1.837351562208534515e-16 1.995004321752221774e-17 4.693066504286920463e+03
2.202848615568195253e-16 1.984356995799757614e-17 4.693687907913281379e+03
2.327478420309858346e-16 1.974487277622524727e-17 4.694309315493712347e+03
2.057634987514433451e-16 1.972378660062799167e-17 4.694930727033164658e+03
2.078571878149107123e-16 1.958339454764109474e-17 4.695552142536593237e+03
1.937535494310420540e-16 1.929800447917201232e-17 4.696173562008956651e+03
2.154694996045704994e-16 1.955543203461867370e-17 4.696794985455217102e+03
2.179938918820235813e-16 1.986339156617431703e-17 4.697416412880342250e+03
2.317823717653100334e-16 1.963447008362862733e-17 4.698037844289303393e+03
1.908001434401144211e-16 1.955556804855336373e-17 4.698659279687076378e+03
2.401865056001879107e-16 1.955878933826521578e-17 4.699280719078640686e+03
1.601378628813098372e-16 1.932653310165085714e-17 4.699902162468981260e+03
2.105220299974000342e-16 1.951408368253410077e-17 4.700523609863083038e+03
1.936626322741111290e-16 1.953636564234114133e-17 4.701145061265940967e+03
1.579643908178588458e-16 1.956332231844383862e-17 4.701766516682551810e+03
2.170739894426491531e-16 1.968928349400444454e-17 4.702387976117912331e+03
1.679004614329347412e-16 1.961849725369921783e-17 4.703009439577027479e+03
2.283596913052949423e-16 1.972601884916898411e-17 4.703630907064905841e+03
1.511724215455246816e-16 1.950384901332801005e-17 4.704252378586556915e+03
1.524847840443652624e-16 1.971987137820657248e-17 4.704873854146997473e+03
1.840520765806284168e-16 1.969462921076138520e-17 4.705495333751245198e+03
1.668445102261520168e-16 1.965198861413658054e-17 4.706116817404323228e+03
1.625313277512578761e-16 1.958830122451257491e-17 4.706738305111257432e+03
1.976859477249097450e-16 1.968780616014045654e-17 4.707359796877079134e+03
1.878872548380069037e-16 1.945742410806618792e-17 4.707981292706818749e+03
1.931430945542053630e-16 1.968932913477136534e-17 4.708602792605513969e+03
2.379163637082615594e-16 1.966619913226304161e-17 4.709224296578204303e+03
1.976107671923270451e-16 1.945389865642980722e-17 4.709845804629934719e+03
1.640248751743002328e-16 1.959521815103582584e-17 4.710467316765751093e+03
2.125275255047759474e-16 1.948968436204021260e-17 4.711088832990704759e+03
1.393207897561495796e-16 1.921281166297580621e-17 4.711710353309846141e+03
1.750323320802496322e-16 1.936737858153688771e-17 4.712331877728234758e+03
1.690480687407152140e-16 1.925164683000022557e-17 4.712953406250929220e+03
2.005475797759237312e-16 1.937370634749918272e-17 4.713574938882991773e+03
1.798289741547173642e-16 1.957465055287450671e-17 4.714196475629489214e+03
1.741502761575645375e-16 1.942798664716337295e-17 4.714818016495490156e+03
1.593591120496126872e-16 1.944357302412370813e-17 4.715439561486067760e+03
1.443178377683307816e-16 1.927326893824608117e-17 4.716061110606293369e+03
2.194825001627662004e-16 1.956113521412757491e-17 4.716682663861248329e+03
1.024526871718852898e-16 1.909019488862759247e-17 4.717304221256012170e+03
2.144524933708620189e-16 1.913624492774106783e-17 4.717925782795668056e+03
1.899843113282199670e-16 1.905236936395861411e-17 4.718547348485300972e+03
1.727569195720819910e-16 1.909560329654304981e-17 4.719168918330001361e+03
2.459715825494882446e-16 1.943898367511795422e-17 4.719790492334860573e+03
2.492396171831486956e-16 1.956364752977846414e-17 4.720412070504973599e+03
2.035741120379808539e-16 1.949030010910906994e-17 4.721033652845433608e+03
1.282093665430369352e-16 1.951662004550563784e-17 4.721655239361343774e+03
1.367388162293134248e-16 1.927013476063331345e-17 4.722276830057804546e+03
2.765465660746566366e-16 1.917754405836663039e-17 4.722898424939920005e+03
1.497188127722598226e-16 1.896897329870612667e-17 4.723520024012795147e+03
1.908228754650942830e-16 1.899495869058847777e-17 4.724141627281542242e+03
2.021603276592725753e-16 1.905467521959582251e-17 4.724763234751269920e+03
1.815601296746670694e-16 1.891359750043956010e-17 4.725384846427092270e+03
1.905017527508256900e-16 1.901263522420519613e-17 4.726006462314125201e+03
2.170840213773334752e-16 1.905328681048320751e-17 4.726628082417487349e+03
2.138401000802035588e-16 1.886463016564425920e-17 4.727249706742297349e+03
2.059003994613695998e-16 1.918705308223419338e-17 4.727871335293677475e+03
1.752896110113071384e-16 1.906746844941143985e-17 4.728492968076753641e+03
1.778685839219694120e-16 1.897104170876519687e-17 4.729114605096649029e+03
2.018158967828434132e-16 1.894945629893231255e-17 4.729736246358494100e+03
2.081697595615639103e-16 1.890666076052300234e-17 4.730357891867419312e+03
1.803199945426218889e-16 1.862465503189736690e-17 4.730979541628554216e+03
1.787588169420142622e-16 1.881499282463448819e-17 4.731601195647033819e+03
2.023444692029705971e-16 1.882751359278339889e-17 4.732222853927992219e+03
1.742757622137833837e-16 1.881653407380545993e-17 4.732844516476568970e+03
1.982373456688742766e-16 1.893533839183846639e-17 4.733466183297901807e+03
1.635169166227756840e-16 1.908505104019400491e-17 4.734087854397129377e+03
1.677517024998973036e-16 1.894786106189524967e-17 4.734709529779395780e+03
1.866363069730374500e-16 1.914116235774793783e-17 4.735331209449845119e+03
1.987531739379978261e-16 1.899882714145439762e-17 4.735952893413620586e+03
1.954859193602107488e-16 1.881797674027201203e-17 4.736574581675870832e+03
2.074902211944816505e-16 1.879704798619777594e-17 4.737196274241739957e+03
2.093545659225159383e-16 1.863053370194043321e-17 4.737817971116382978e+03
1.485374910252431514e-16 1.883977547985156737e-17 4.738439672304946725e+03
1.519391685005053459e-16 1.869390298482712527e-17 4.739061377812582577e+03
1.506679315807014059e-16 1.885257829578496420e-17 4.739683087644446459e+03
1.915970182642309588e-16 1.892078846168612796e-17 4.740304801805691568e+03
1.867035727666831847e-16 1.879153867505399514e-17 4.740926520301472010e+03
2.284033442201832500e-16 1.887017333713150612e-17 4.741548243136945530e+03
1.696117793061222460e-16 1.873907100613369496e-17 4.742169970317268962e+03
1.643557172429848566e-16 1.883729778808324304e-17 4.742791701847603690e+03
2.146800942024715125e-16 1.893986802145687397e-17 4.743413437733106548e+03
1.799844883508868920e-16 1.874431490250358688e-17 4.744035177978938918e+03
2.414587911832995954e-16 1.896436590083302151e-17 4.744656922590262184e+03
1.945084773217262680e-16 1.864209969692271282e-17 4.745278671572237727e+03
1.582712912095289411e-16 1.880977338787423188e-17 4.745900424930028748e+03
2.138876295324061925e-16 1.923365504029607043e-17 4.746522182668799360e+03
1.988686696426845487e-16 1.930598958082755741e-17 4.747143944793715491e+03
1.442268586429359234e-16 1.907774639499206348e-17 4.747765711309940343e+03
1.332408486288518123e-16 1.903443485201952803e-17 4.748387482222639846e+03
1.922582518846318303e-16 1.898878318216516775e-17 4.749009257536979931e+03
1.935280410354975711e-16 1.883383879461844257e-17 4.749631037258130164e+03
1.773928239064332313e-16 1.858914615836580641e-17 4.750252821391253747e+03
2.147755668759035127e-16 1.892162105828145358e-17 4.750874609941520248e+03
1.368122836036444669e-16 1.896070422466485477e-17 4.751496402914097416e+03
1.730621162632522809e-16 1.879139670419612704e-17 4.752118200314154819e+03
2.069861492332799452e-16 1.901360243210191433e-17 4.752740002146859297e+03
2.195521577607497819e-16 1.900124549603072501e-17 4.753361808417379507e+03
2.100391118752796456e-16 1.871772876136244857e-17 4.753983619130886837e+03
1.895396209998699204e-16 1.868324057974210510e-17 4.754605434292549944e+03
1.219160624909534773e-16 1.864127211194584064e-17 4.755227253907536578e+03
1.848805719529115063e-16 1.880426744340300857e-17 4.755849077981017217e+03
2.147068887598521432e-16 1.862732953949713742e-17 4.756470906518161428e+03
1.521999298130360467e-16 1.870123795038308676e-17 4.757092739524139688e+03
1.998529897684961824e-16 1.870239589815350768e-17 4.757714577004118837e+03
2.401648932467761110e-16 1.882745265377492909e-17 4.758336418963269352e+03
1.722045354025723744e-16 1.840718429052424284e-17 4.758958265406760802e+03
2.225227817085816145e-16 1.874554954030181804e-17 4.759580116339762753e+03
2.268291682272961609e-16 1.852010888335577020e-17 4.760201971767442046e+03
2.176901488839928478e-16 1.870553145173340568e-17 4.760823831694967339e+03
1.485185288026608427e-16 1.847487749932559905e-17 4.761445696127508199e+03
1.950684975455896343e-16 1.865847352468896393e-17 4.762067565070231467e+03
2.420205214852431449e-16 1.867058559613687615e-17 4.762689438528303072e+03
1.670227036400428297e-16 1.858241142564505910e-17 4.763311316506893490e+03
2.340926257621079638e-16 1.851639961933557496e-17 4.763933199011164106e+03
2.150296203418416910e-16 1.875441594070871596e-17 4.764555086046284487e+03
2.002940342543426497e-16 1.851781360069430793e-17 4.765176977617416924e+03
2.238609716930999910e-16 1.870022183907999289e-17 4.765798873729729166e+03
1.399644177308884727e-16 1.873353303992385964e-17 4.766420774388381687e+03
1.419047072089984455e-16 1.868324461784674727e-17 4.767042679598538598e+03
1.685256101450662210e-16 1.843158358989221719e-17 4.767664589365362190e+03
2.017435971107880778e-16 1.857710599845165988e-17 4.768286503694016574e+03
1.455478533164791825e-16 1.870396408675526218e-17 4.768908422589656766e+03
2.008362120582428897e-16 1.864566102212978080e-17 4.769530346057447787e+03
1.912558123473679777e-16 1.869562521320698014e-17 4.770152274102544652e+03
1.674020563305348277e-16 1.869004719896497998e-17 4.770774206730106016e+03
1.716827900160006153e-16 1.858498740330828043e-17 4.771396143945290532e+03
1.635253553175644770e-16 1.863736175713714249e-17 4.772018085753252308e+03
1.799978007322986838e-16 1.869918276960570971e-17 4.772640032159143630e+03
1.690805961582672794e-16 1.860719269522124986e-17 4.773261983168120423e+03
1.565418091128307756e-16 1.861821297973915830e-17 4.773883938785334976e+03
1.700281635113378582e-16 1.879541737943953502e-17 4.774505899015935938e+03
1.558786627271435982e-16 1.839714261654596249e-17 4.775127863865073778e+03
1.763790564250729764e-16 1.854959301882226187e-17 4.775749833337897144e+03
1.945202674789137526e-16 1.876067461509900613e-17 4.776371807439551048e+03
2.115856852402003464e-16 1.848739293174536738e-17 4.776993786175182322e+03
1.921252447207431866e-16 1.875843678826439506e-17 4.777615769549933248e+03
1.922836900503956559e-16 1.855792800523690616e-17 4.778237757568946108e+03
2.278671871745099326e-16 1.871741217847254041e-17 4.778859750237364096e+03
1.915410786974266168e-16 1.875473024145481554e-17 4.779481747560323129e+03
1.793408965755595505e-16 1.865733591244731818e-17 4.780103749542960941e+03
2.222921678196639055e-16 1.853850846280917736e-17 4.780725756190415268e+03
1.396021939390206032e-16 1.858933231176878745e-17 4.781347767507817480e+03
1.537519381403932694e-16 1.853262805360699168e-17 4.781969783500300764e+03
1.693683189834984014e-16 1.850385264105901481e-17 4.782591804172993761e+03
2.956827454086727971e-16 1.892821779462229241e-17 4.783213829531026931e+03
2.442256494168889292e-16 1.868255555876260824e-17 4.783835859579525277e+03
1.867418123920734964e-16 1.848019254110417014e-17 4.784457894323613800e+03
1.918903583331117203e-16 1.867488952189073954e-17 4.785079933768414776e+03
2.021646926526257842e-16 1.872194433261064268e-17 4.785701977919047749e+03
1.864973003043186409e-16 1.856043699675276261e-17 4.786324026780630447e+03
1.385453973746361167e-16 1.863761267965728507e-17 4.786946080358280597e+03
2.045197517290805907e-16 1.876527702856177246e-17 4.787568138657110467e+03
2.155041989675844871e-16 1.883097318952662765e-17 4.788190201682231418e+03
1.658510308821811387e-16 1.912667593304432850e-17 4.788812269438754811e+03
1.931783378554956989e-16 1.909555252144408168e-17 4.789434341931785639e+03
1.978469964439473934e-16 1.901584328509935624e-17 4.790056419166427077e+03
1.359405904792732450e-16 1.870497403125020459e-17 4.790678501147785028e+03
1.788202943136452939e-16 1.880337337269813174e-17 4.791300587880955391e+03
2.665637149174892990e-16 1.896594668391986145e-17 4.791922679371038612e+03
2.033726727555524530e-16 1.881185163903436085e-17 4.792544775623126043e+03
1.977826167741534550e-16 1.877008543522085496e-17 4.793166876642310854e+03
1.724723102788004767e-16 1.867822978188750984e-17 4.793788982433681667e+03
1.541578324565366189e-16 1.852164245781819624e-17 4.794411093002327107e+03
1.824117765840514980e-16 1.861133070722511955e-17 4.795033208353328519e+03
2.111940240627767930e-16 1.853658045013230417e-17 4.795655328491769069e+03
1.606227324902874567e-16 1.847960375426634541e-17 4.796277453422726467e+03
2.064947635868801890e-16 1.867573522581132914e-17 4.796899583151274783e+03
1.789885225533645621e-16 1.869498390455136148e-17 4.797521717682486269e+03
1.813393066258428248e-16 1.861961885510163206e-17 4.798143857021432268e+03
1.941636042278831608e-16 1.875848615289618700e-17 4.798766001173178665e+03
2.297180074533494554e-16 1.896794116960729386e-17 4.799388150142787708e+03
1.119391414876197524e-16 1.866947798188586993e-17 4.800010303935321645e+03
1.683230807888392158e-16 1.886122475675704902e-17 4.800632462555836355e+03
1.986957558397530136e-16 1.909936825423068023e-17 4.801254626009385902e+03
1.857317913544290473e-16 1.920694684488869534e-17 4.801876794301020709e+03
1.648774639390490044e-16 1.902459161994377687e-17 4.802498967435788472e+03
2.304099992888519331e-16 1.881849805284885799e-17 4.803121145418734159e+03
2.231752691849205368e-16 1.885792896820871920e-17 4.803743328254899097e+03
2.203998422591902944e-16 1.866109485620566475e-17 4.804365515949318251e+03
1.406252645056710560e-16 1.853161846456660711e-17 4.804987708507027492e+03
1.260419227279215108e-16 1.836924797136267332e-17 4.805609905933057235e+03
1.595404904471399547e-16 1.849703192602586211e-17 4.806232108232434257e+03
2.140325544305312299e-16 1.874892190718809756e-17 4.806854315410181698e+03
1.783336788340751771e-16 1.873235464008430375e-17 4.807476527471319059e+03
1.678695470843588150e-16 1.854843397591649353e-17 4.808098744420863113e+03
2.052955802931746927e-16 1.869219603371263507e-17 4.808720966263825176e+03
1.896098271940729814e-16 1.884552702815857288e-17 4.809343193005215653e+03
1.845447739969626098e-16 1.888456642232918111e-17 4.809965424650037676e+03
2.412238717994315588e-16 1.910202304148283163e-17 4.810587661203292555e+03
1.551582706308376265e-16 1.904773735886818045e-17 4.811209902669976145e+03
2.206280407457884890e-16 1.939222995331835313e-17 4.811832149055085210e+03
1.583514895531992929e-16 1.931676030628983095e-17 4.812454400363605600e+03
1.494190717950773854e-16 1.935621361278475079e-17 4.813076656600524075e+03
1.533685181748732763e-16 1.955316065444836503e-17 4.813698917770821026e+03
2.495737820367047415e-16 1.959113158679057513e-17 4.814321183879472301e+03
1.867956662426022986e-16 1.954893508680559062e-17 4.814943454931451924e+03
1.769012754593546589e-16 1.969802191927027329e-17 4.815565730931730286e+03
2.256645188338644217e-16 1.993660177565327844e-17 4.816188011885267770e+03
1.795373533027921523e-16 1.972338366753196096e-17 4.816810297797028397e+03
2.750283544694207385e-16 1.984141064773290769e-17 4.817432588671963458e+03
1.901440837897666248e-16 1.980093770956264678e-17 4.818054884515027879e+03
1.687554229504713194e-16 1.950818855062803225e-17 4.818677185331167493e+03
1.509947299898706814e-16 1.943355646524745852e-17 4.819299491125325403e+03
1.692098023206184570e-16 1.941652098365575309e-17 4.819921801902437437e+03
1.704944301314028799e-16 1.928258449958441669e-17 4.820544117667439423e+03
2.210455032156059344e-16 1.948418033253032507e-17 4.821166438425258093e+03
1.838648332271345968e-16 1.917726312819622183e-17 4.821788764180819271e+03
1.993568491722026701e-16 1.932854321870171027e-17 4.822411094939043323e+03
1.946709880603974298e-16 1.933138794916466458e-17 4.823033430704839702e+03
1.981985299273224563e-16 1.960290403637584647e-17 4.823655771483125136e+03
2.171851947324444009e-16 1.951256130264119947e-17 4.824278117278799982e+03
2.106670106735978997e-16 1.962634243091464664e-17 4.824900468096766417e+03
2.422629290215261518e-16 1.982439755709327906e-17 4.825522823941919341e+03
1.395685036126982084e-16 1.934828549576998364e-17 4.826145184819150018e+03
1.954947273699315631e-16 1.935016259506840516e-17 4.826767550733342432e+03
2.145208618677981197e-16 1.953060528716729946e-17 4.827389921689376934e+03
2.356645204083228770e-16 1.973177323144169245e-17 4.828012297692130232e+03
1.587192259409653771e-16 1.959975164054263080e-17 4.828634678746471764e+03
1.416254445553718653e-16 1.982831292046842643e-17 4.829257064857267324e+03
2.273630364257408116e-16 1.977939184575660538e-17 4.829879456029373614e+03
1.770643483459756358e-16 1.978392064012168170e-17 4.830501852267649156e+03
2.094268998523266675e-16 1.956198638835469087e-17 4.831124253576939736e+03
1.604974210740387481e-16 1.937028054834636090e-17 4.831746659962091144e+03
1.793442377967197226e-16 1.946184399771374168e-17 4.832369071427941890e+03
2.220145920861564141e-16 1.959627449813857676e-17 4.832991487979325029e+03
2.020055934774890923e-16 1.979995891651586361e-17 4.833613909621066341e+03
1.278358771465778656e-16 1.965982168052172340e-17 4.834236336357988876e+03
2.160942294018643176e-16 1.973439060767447027e-17 4.834858768194908407e+03
1.966530863141427358e-16 1.942785314358746153e-17 4.835481205136637982e+03
1.741223291832552844e-16 1.943522445486541960e-17 4.836103647187980641e+03
2.169318161806424619e-16 1.944079530443189417e-17 4.836726094353735789e+03
1.679243896688571694e-16 1.935312641277602493e-17 4.837348546638699190e+03
1.702857272038666770e-16 1.933570125221717143e-17 4.837971004047654787e+03
2.324651810032464670e-16 1.940087548074018764e-17 4.838593466585388342e+03
2.378903403342901072e-16 1.931310843323964972e-17 4.839215934256673791e+03
1.934132115843025967e-16 1.914717875825166385e-17 4.839838407066283253e+03
2.016295531181727453e-16 1.915638572936489288e-17 4.840460885018980662e+03
1.551247721703403504e-16 1.913958480225554262e-17 4.841083368119523584e+03
1.371578584081932358e-16 1.932258678261524675e-17 4.841705856372664130e+03
1.911575849101630903e-16 1.927279018003341968e-17 4.842328349783148042e+03
1.617319991380801738e-16 1.915936719732193422e-17 4.842950848355716516e+03
1.505394159713056070e-16 1.892694974474802811e-17 4.843573352095101654e+03
2.033881796153038394e-16 1.887748363629048118e-17 4.844195861006033738e+03
1.258023162775675037e-16 1.850814747537707664e-17 4.844818375093231225e+03
1.678384776865183807e-16 1.841677087739590295e-17 4.845440894361410756e+03
1.557722438363749741e-16 1.856162022679505831e-17 4.846063418815279874e+03
1.722138761159682024e-16 1.899955872321731245e-17 4.846685948459542487e+03
1.478930410708542665e-16 1.916745857096461906e-17 4.847308483298892497e+03
1.584457325050184326e-16 1.909887284528616355e-17 4.847931023338019259e+03
1.885946655328867058e-16 1.941708852408216845e-17 4.848553568581606669e+03
1.306764491370224658e-16 1.887487943602176087e-17 4.849176119034330441e+03
1.747731299205886085e-16 1.869387842372531415e-17 4.849798674700858101e+03
1.461642325736700631e-16 1.857016336414734698e-17 4.850421235585856266e+03
2.432363386439389359e-16 1.864193347337516559e-17 4.851043801693977002e+03
1.511250513788205727e-16 1.825485257240075939e-17 4.851666373029872375e+03
1.646521124653819609e-16 1.816584536679938880e-17 4.852288949598183535e+03
1.758956233895604374e-16 1.837196426237541096e-17 4.852911531403546178e+03
2.063321733421354386e-16 1.824789886508369732e-17 4.853534118450591450e+03
1.781276179132180698e-16 1.817943083385614277e-17 4.854156710743936856e+03
1.441601865284862411e-16 1.803260779551363608e-17 4.854779308288201719e+03
1.808986062775406335e-16 1.823172832354128239e-17 4.855401911087990811e+03
2.137051323941844804e-16 1.833568516918468089e-17 4.856024519147906176e+03
2.012755948210492881e-16 1.856710256343504167e-17 4.856647132472541671e+03
2.035396417660418321e-16 1.840570754612413863e-17 4.857269751066483877e+03
1.775033675326546360e-16 1.860429966191122167e-17 4.857892374934310283e+03
1.885594245341846427e-16 1.828091876413446998e-17 4.858515004080594736e+03
1.368690568364083483e-16 1.813562947248575291e-17 4.859137638509901080e+03
1.378291823633108539e-16 1.796600076430924405e-17 4.859760278226785886e+03
1.534729232225457307e-16 1.815547705075713398e-17 4.860382923235802082e+03
1.880126541005914431e-16 1.806031671688325869e-17 4.861005573541490776e+03
1.702249676479416193e-16 1.820040150680341598e-17 4.861628229148385799e+03
1.785892722776083438e-16 1.831521092658420864e-17 4.862250890061017344e+03
1.366628485110139635e-16 1.830226888097743986e-17 4.862873556283902872e+03
9.179460140579701482e-17 1.816209791838638981e-17 4.863496227821557113e+03
1.857439680974756690e-16 1.850537630006355801e-17 4.864118904678483887e+03
1.557466336754936960e-16 1.845779174145726454e-17 4.864741586859181552e+03
1.193362220134343627e-16 1.846822269989375485e-17 4.865364274368138467e+03
1.089792590163217300e-16 1.821486263151444108e-17 4.865986967209835711e+03
1.664999429192540852e-16 1.823925185322446604e-17 4.866609665388747089e+03
5.786023536567643520e-17 1.774254843046959756e-17 4.867232368909339129e+03
1.078495828468751251e-16 1.770764737515828779e-17 4.867855077776072903e+03
1.616014445555008309e-16 1.770238978920813330e-17 4.868477791993393112e+03
8.273006974764514918e-17 1.767802628584857833e-17 4.869100511565746274e+03
9.478802356638470499e-17 1.768205942894272207e-17 4.869723236497564358e+03
1.269312443485837811e-16 1.797490806101865961e-17 4.870345966793274783e+03
7.956928023458042247e-17 1.836885708864366393e-17 4.870968702457294057e+03
1.441558268004251788e-16 1.876850500385388038e-17 4.871591443494032319e+03
1.277409754204372028e-16 1.883967845769564731e-17 4.872214189907890614e+03
8.678672140380344633e-17 1.878639877642895488e-17 4.872836941703264529e+03
1.751237756217935362e-16 1.864614721726197676e-17 4.873459698884536920e+03
1.918716575794537717e-16 1.842072416294181148e-17 4.874082461456084275e+03
1.794651087386820435e-16 1.854179468576537692e-17 4.874705229422277625e+03
1.888505420223730499e-16 1.865268325322517637e-17 4.875328002787473451e+03
1.238673919754217521e-16 1.867532288606105143e-17 4.875950781556024594e+03
2.079994534204309013e-16 1.894283759857878894e-17 4.876573565732272982e+03
8.809776386651974780e-17 1.900285516197295283e-17 4.877196355320555085e+03
2.257422953217039132e-16 1.879368296091563937e-17 4.877819150325194641e+03
1.484859935768914552e-16 1.884284479934654884e-17 4.878441950750509932e+03
1.335720639373150390e-16 1.855620679458765336e-17 4.879064756600808323e+03
2.236423374109723576e-16 1.882660140948845676e-17 4.879687567880388997e+03
7.391556852631442048e-17 1.866830181209473760e-17 4.880310384593543859e+03
1.656117097141819933e-16 1.865738130534839559e-17 4.880933206744555719e+03
1.973035430006380005e-16 1.876673613185714641e-17 4.881556034337694655e+03
1.306818816454136612e-16 1.871655446041005338e-17 4.882178867377228016e+03
1.708614994358227346e-16 1.875698626976534968e-17 4.882801705867410419e+03
1.615589546533308815e-16 1.850595204135821033e-17 4.883424549812486475e+03
1.479511739918512480e-16 1.851616235397871329e-17 4.884047399216693520e+03
1.089510204445594833e-16 1.873260252474516869e-17 4.884670254084263433e+03
1.512403575879583143e-16 1.879477514163572868e-17 4.885293114419409903e+03
1.378064865714150960e-16 1.869332005992650121e-17 4.885915980226345710e+03
1.382552739322994101e-16 1.858212594021897306e-17 4.886538851509270899e+03
2.473878197425197554e-16 1.864267441857859789e-17 4.887161728272378241e+03
1.675582927848672792e-16 1.856976104661291589e-17 4.887784610519847774e+03
1.478707458451816184e-16 1.846874730861855581e-17 4.888407498255852261e+03
1.870151478195924175e-16 1.862172945184953918e-17 4.889030391484555366e+03
1.642472392413068472e-16 1.842360390077747816e-17 4.889653290210113482e+03
1.535970777285095650e-16 1.848299305920340825e-17 4.890276194436666628e+03
2.266732722183478592e-16 1.853358649767759906e-17 4.890899104168352096e+03
1.050934409765692430e-16 1.864904810924544673e-17 4.891522019409294444e+03
2.084749045007779972e-16 1.860766613487465012e-17 4.892144940163610954e+03
1.946993248458304350e-16 1.857569742840507595e-17 4.892767866435405267e+03
1.009463974952990189e-16 1.829888219765932733e-17 4.893390798228774656e+03
1.711833664852790106e-16 1.833064666435309576e-17 4.894013735547806391e+03
1.909985894284486346e-16 1.828370102317415911e-17 4.894636678396576826e+03
1.169690500849943184e-16 1.837189715762185988e-17 4.895259626779152313e+03
1.496777903395794275e-16 1.827782183106110916e-17 4.895882580699590108e+03
2.041027204259698824e-16 1.834790268578908797e-17 4.896505540161939280e+03
2.069319957416199479e-16 1.840943090366426190e-17 4.897128505170234348e+03
8.963188585749052930e-17 1.811464596522575999e-17 4.897751475728502555e+03
2.217101696847609285e-16 1.842655164001079753e-17 4.898374451840762958e+03
1.911509980214189420e-16 1.830552975357014476e-17 4.898997433511021882e+03
1.469647003952159782e-16 1.824981308820483464e-17 4.899620420743276554e+03
1.747937469826306705e-16 1.818483019729154831e-17 4.900243413541512382e+03
1.306609360300148866e-16 1.830251200281836253e-17 4.900866411909707494e+03
1.729080648350672167e-16 1.866734650930298626e-17 4.901489415851825470e+03
2.054874989213927460e-16 1.844821123352461658e-17 4.902112425371826248e+03
1.457410652008508231e-16 1.834938466121014264e-17 4.902735440473652488e+03
2.607416760538624727e-16 1.848533755894186024e-17 4.903358461161240484e+03
2.183036234190546381e-16 1.848236290003887788e-17 4.903981487438515614e+03
1.442960493554760813e-16 1.819453409183835623e-17 4.904604519309388706e+03
2.065214888404199315e-16 1.824283164620158735e-17 4.905227556777766949e+03
2.366296357022477032e-16 1.818444690533300617e-17 4.905850599847542981e+03
1.166100908832052864e-16 1.800094298510293503e-17 4.906473648522598523e+03
1.899740080895531039e-16 1.810876381533308795e-17 4.907096702806806206e+03
1.776135571142034242e-16 1.797562373786454946e-17 4.907719762704025925e+03
1.753835408813379654e-16 1.828141011941909520e-17 4.908342828218109389e+03
1.580441778159172838e-16 1.823521587264847844e-17 4.908965899352895576e+03
2.227831391550627890e-16 1.833736380397253766e-17 4.909588976112213459e+03
1.800530572410184476e-16 1.816142501689124188e-17 4.910212058499881095e+03
1.733891217370948160e-16 1.829657219283412083e-17 4.910835146519704722e+03
1.720474454178292717e-16 1.821153997766333361e-17 4.911458240175481478e+03
2.302841583408799293e-16 1.818195092974251171e-17 4.912081339470994862e+03
1.767175284424100590e-16 1.820552411803150850e-17 4.912704444410021097e+03
1.873013675083771672e-16 1.803736658096701720e-17 4.913327554996321851e+03
1.666672927154771579e-16 1.802354743653238728e-17 4.913950671233648791e+03
2.052744675383234938e-16 1.801052391366279047e-17 4.914573793125740849e+03
1.753253733838907395e-16 1.779568248077136605e-17 4.915196920676330592e+03
1.912325149549325432e-16 1.772742290896874226e-17 4.915820053889134215e+03
1.300662398499682187e-16 1.759979010184236773e-17 4.916443192767857909e+03
1.840667777364054561e-16 1.800326564991995920e-17 4.917066337316196950e+03
1.523840300983659133e-16 1.807831128260149637e-17 4.917689487537837522e+03
1.361444051689463713e-16 1.809944668765949280e-17 4.918312643436450344e+03
2.140432126470310624e-16 1.828198708889634757e-17 4.918935805015697042e+03
2.150272544248140435e-16 1.822010559562399044e-17 4.919558972279226509e+03
1.672332146635374337e-16 1.825708540727159293e-17 4.920182145230677634e+03
1.757850946467313858e-16 1.801962493503908338e-17 4.920805323873675661e+03
1.701800672569495136e-16 1.815148751424924691e-17 4.921428508211834924e+03
1.906232935403010280e-16 1.815035274744001047e-17 4.922051698248760658e+03
1.855150435544636029e-16 1.815367471934157914e-17 4.922674893988043550e+03
1.659682938494460732e-16 1.795001681275872441e-17 4.923298095433259732e+03
1.428424513099019776e-16 1.825617912314378444e-17 4.923921302587979881e+03
2.284714027197550401e-16 1.832703593559321004e-17 4.924544515455759210e+03
2.151216194008086813e-16 1.814862836469481617e-17 4.925167734040140203e+03
1.694281082525553270e-16 1.821045906381045045e-17 4.925790958344656246e+03
1.724615595798424376e-16 1.814442587076536750e-17 4.926414188372827994e+03
2.311860904819547965e-16 1.808135075289627403e-17 4.927037424128158818e+03
1.092705037300524506e-16 1.789499933895443617e-17 4.927660665614148456e+03
1.879750718991988501e-16 1.794043671642824371e-17 4.928283912834278453e+03
1.435885982456448006e-16 1.795269602663979005e-17 4.928907165792021260e+03
1.756510472445605164e-16 1.806875623234596999e-17 4.929530424490834775e+03
2.347535523270096762e-16 1.800771285139173713e-17 4.930153688934167803e+03
1.360985210352068107e-16 1.796079549350416404e-17 4.930776959125452777e+03
1.372148769599368752e-16 1.814340621330462556e-17 4.931400235068113034e+03
2.304312987302631854e-16 1.830524039793399881e-17 4.932023516765555541e+03
1.070696982022112895e-16 1.801309743155017771e-17 4.932646804221181810e+03
1.925690170475128318e-16 1.819529000312203340e-17 4.933270097438374250e+03
2.167117244049290724e-16 1.816690075224494484e-17 4.933893396420505269e+03
1.191681898120231506e-16 1.794482490984361893e-17 4.934516701170935448e+03
1.645117730881804213e-16 1.802855338186085037e-17 4.935140011693010820e+03
1.722849487792087656e-16 1.788180782039122370e-17 4.935763327990065591e+03
1.623560054819102892e-16 1.796590345985463885e-17 4.936386650065422145e+03
2.015956393845022569e-16 1.837730873452063236e-17 4.937009977922389226e+03
2.346378276385534086e-16 1.820927831434977612e-17 4.937633311564263749e+03
9.870048193086277181e-17 1.815677901735945563e-17 4.938256650994328083e+03
1.486397620446530218e-16 1.830140641629416139e-17 4.938879996215851861e+03
1.935628095828562901e-16 1.815595365715760128e-17 4.939503347232095621e+03
2.025657053109794856e-16 1.796115330545548075e-17 4.940126704046300802e+03
1.433497485968124795e-16 1.789669694247132124e-17 4.940750066661699748e+03
2.261434000600783072e-16 1.799329349196968305e-17 4.941373435081510252e+03
1.860017854342153598e-16 1.791891703381017821e-17 4.941996809308941010e+03
1.590966545272448276e-16 1.793582432344652079e-17 4.942620189347180713e+03
1.613497991485031547e-16 1.809859511428332500e-17 4.943243575199409861e+03
2.213947381962925836e-16 1.824937211960412214e-17 4.943866966868794407e+03
1.578967382000853415e-16 1.813310851070846700e-17 4.944490364358485749e+03
1.819913354767118313e-16 1.826232545399755258e-17 4.945113767671624373e+03
1.399045652262712975e-16 1.822499314947895880e-17 4.945737176811335303e+03
1.280886572709900030e-16 1.807347210241695464e-17 4.946360591780732648e+03
1.836015191977198440e-16 1.813585408759073924e-17 4.946984012582914147e+03
2.248805102806092868e-16 1.824070514121975091e-17 4.947607439220964807e+03
2.059825635001135696e-16 1.841590223233043250e-17 4.948230871697956900e+03
2.260885675655472940e-16 1.844453066203287936e-17 4.948854310016951786e+03
1.886325816190560258e-16 1.841741135731485628e-17 4.949477754180988995e+03
1.512092627299299343e-16 1.825323534077313602e-17 4.950101204193104422e+03
2.064952642398806181e-16 1.816070258543484890e-17 4.950724660056313041e+03
2.014280215719700657e-16 1.822265601486710452e-17 4.951348121773618914e+03
1.324698733135593851e-16 1.791327000202440280e-17 4.951971589348012458e+03
1.808761224314226458e-16 1.798221368780135015e-17 4.952595062782471359e+03
1.767688846191131695e-16 1.783039516538713974e-17 4.953218542079954204e+03
1.836482040381040715e-16 1.807352464109477996e-17 4.953842027243412304e+03
2.006268043333900047e-16 1.809190925360018602e-17 4.954465518275777868e+03
2.266250688807553191e-16 1.813579714600635621e-17 4.955089015179972193e+03
1.928773977404720103e-16 1.822923544391601603e-17 4.955712517958902026e+03
1.786550343895095036e-16 1.805983587460799007e-17 4.956336026615460469e+03
2.385028748146036902e-16 1.829936135827458653e-17 4.956959541152522434e+03
2.121391629686773110e-16 1.826562972463778121e-17 4.957583061572954648e+03
1.913639337999080485e-16 1.846500985334845556e-17 4.958206587879605650e+03
2.410702082843158857e-16 1.859751131665476303e-17 4.958830120075312152e+03
1.588380416489262361e-16 1.851257248041303357e-17 4.959453658162892680e+03
2.154296997204924920e-16 1.868123452704803875e-17 4.960077202145155752e+03
2.162467187941823368e-16 1.852426444885248577e-17 4.960700752024893518e+03
1.953717433449406220e-16 1.865782759003920386e-17 4.961324307804883574e+03
2.100136671893645370e-16 1.885686109200582647e-17 4.961947869487888056e+03
1.200784415680365762e-16 1.859615264515187852e-17 4.962571437076658185e+03
1.277543454515155455e-16 1.858004239913656185e-17 4.963195010573926993e+03
1.952101732447688456e-16 1.875890757127192013e-17 4.963818589982414778e+03
1.650810142071119125e-16 1.867881289678837057e-17 4.964442175304826378e+03
1.977238861757672290e-16 1.859235024439657749e-17 4.965065766543852078e+03
2.100109605407678823e-16 1.863056625327531041e-17 4.965689363702167611e+03
1.120333529921168794e-16 1.827221047905329241e-17 4.966312966782432341e+03
1.781452471292472454e-16 1.854840018499337873e-17 4.966936575787294714e+03
2.021290928067761076e-16 1.871113430102966128e-17 4.967560190719384082e+03
1.762771937033318904e-16 1.850197002025179879e-17 4.968183811581317968e+03
2.039720275862033118e-16 1.869800125314691711e-17 4.968807438375695710e+03
1.777779671790463425e-16 1.844200832880462406e-17 4.969431071105105730e+03
1.469044143366090484e-16 1.859771560006134993e-17 4.970054709772117349e+03
1.842119662679010590e-16 1.857002961543883189e-17 4.970678354379288066e+03
2.497173520710935909e-16 1.877174235271470943e-17 4.971302004929157192e+03
2.175743027924732549e-16 1.870977132223610805e-17 4.971925661424252212e+03
1.849328404026426040e-16 1.872854595759740056e-17 4.972549323867083331e+03
2.160805004198752710e-16 1.857854712194837449e-17 4.973172992260145293e+03
1.421947846577643817e-16 1.854010966213718844e-17 4.973796666605919199e+03
1.610752260013848335e-16 1.857765918174164506e-17 4.974420346906868872e+03
2.480051470964795987e-16 1.846124818696692446e-17 4.975044033165443579e+03
1.803712958942059317e-16 1.844985048599762595e-17 4.975667725384077130e+03
1.722036656835506846e-16 1.835903024767833476e-17 4.976291423565187870e+03
1.615387335258277589e-16 1.821601209294369306e-17 4.976915127711179593e+03
1.777608009350545874e-16 1.833753690875704292e-17 4.977538837824436996e+03
2.381842761641425742e-16 1.857850032348790808e-17 4.978162553907335678e+03
2.008040671083852003e-16 1.829955081985666826e-17 4.978786275962228501e+03
2.017182717355842352e-16 1.831923441323065572e-17 4.979410003991457415e+03
1.743997106895093586e-16 1.821590983624731653e-17 4.980033737997347089e+03
2.231426241910812056e-16 1.816802324051635324e-17 4.980657477982204909e+03
1.509018074853740422e-16 1.823004833804853969e-17 4.981281223948325533e+03
1.563997456152619645e-16 1.850784948636379579e-17 4.981904975897983604e+03
2.360147667587308195e-16 1.867180114972676797e-17 4.982528733833443766e+03
2.259443402456204087e-16 1.890230431410954381e-17 4.983152497756949742e+03
2.006856692846700067e-16 1.871664768037190444e-17 4.983776267670729794e+03
2.536073812853949773e-16 1.887624064159012708e-17 4.984400043576998542e+03
1.735087117633955518e-16 1.874386101875416023e-17 4.985023825477952414e+03
1.551370338844824030e-16 1.878043751196950826e-17 4.985647613375773290e+03
1.864272704108831847e-16 1.873325077931563440e-17 4.986271407272624856e+03
1.620854813549036719e-16 1.886078918799660835e-17 4.986895207170657159e+03
1.324640573523439453e-16 1.891412598324669573e-17 4.987519013072001144e+03
2.309320009147541051e-16 1.892434110781039698e-17 4.988142824978775025e+03
1.520934501606496669e-16 1.881451436030020722e-17 4.988766642893075186e+03
1.734765424889682901e-16 1.893729697510025733e-17 4.989390466816988010e+03
2.172991965034415561e-16 1.897505125862273615e-17 4.990014296752580776e+03
1.459296811552535848e-16 1.878896814378465198e-17 4.990638132701902578e+03
1.723287656415386485e-16 1.879170599057163778e-17 4.991261974666986134e+03
1.790747682989282479e-16 1.875773705232662797e-17 4.991885822649850525e+03
1.931297316322301208e-16 1.875697215672114814e-17 4.992509676652496637e+03
1.529674689056544701e-16 1.878874048478103223e-17 4.993133536676908989e+03
2.288005100099165705e-16 1.901760921508973576e-17 4.993757402725053907e+03
1.840273356930091443e-16 1.892449794462926057e-17 4.994381274798884988e+03
1.573456645778009774e-16 1.869649879906967443e-17 4.995005152900332178e+03
1.836281904529757336e-16 1.877641822382646458e-17 4.995629037031315420e+03
1.407764918738498235e-16 1.899188693340121004e-17 4.996252927193733740e+03
1.261431014527556660e-16 1.891239245516635944e-17 4.996876823389471610e+03
1.851418039938594697e-16 1.895405048988464945e-17 4.997500725620395315e+03
1.981696910259068084e-16 1.902698378882636748e-17 4.998124633888353856e+03
1.757206765642290353e-16 1.924098828697708097e-17 4.998748548195180774e+03
2.048155860533331051e-16 1.914069509363588461e-17 4.999372468542691422e+03
1.892711404557604031e-16 1.898612220777368529e-17 4.999996394932682051e+03
2.171932020405173164e-16 1.928608420934676330e-17 5.000620327366936181e+03
1.867320198225253377e-16 1.900452504452626713e-17 5.001244265847217321e+03
1.577758596064657702e-16 1.911117672612844253e-17 5.001868210375270792e+03
1.844822564881340627e-16 1.892612676782288716e-17 5.002492160952828272e+03
2.071291258393929041e-16 1.905140444857733952e-17 5.003116117581599610e+03
1.426445910299992889e-16 1.947010821463043248e-17 5.003740080263281016e+03
1.718166934633673191e-16 1.983213493288669480e-17 5.004364048999550505e+03
1.702982450102703988e-16 2.020528535671850509e-17 5.004988023792066087e+03
1.372335516597310902e-16 2.027963520496161639e-17 5.005612004642470311e+03
1.716697719479703522e-16 2.022248507855992240e-17 5.006235991552388441e+03
2.109871648648532327e-16 1.966481172140921750e-17 5.006859984523429375e+03
1.456120754320640577e-16 1.913178761988479808e-17 5.007483983557180181e+03
1.705963142248741483e-16 1.892382447501087617e-17 5.008107988655214285e+03
1.599363910372150758e-16 1.858688745981104054e-17 5.008731999819086923e+03
1.891160770964468351e-16 1.885490239919271528e-17 5.009356017050331502e+03
1.299038641884656989e-16 1.876870062587544226e-17 5.009980040350469608e+03
1.991366011152944946e-16 1.893184504790172731e-17 5.010604069721000087e+03
1.815008200309206024e-16 1.889388753372952601e-17 5.011228105163405417e+03
1.806842716234136495e-16 1.897016669748201803e-17 5.011852146679153520e+03
2.778027661546072344e-16 1.938758660031115021e-17 5.012476194269689586e+03
1.726533709956533366e-16 1.926208673274794332e-17 5.013100247936443338e+03
1.826867482624968389e-16 1.917933327852471771e-17 5.013724307680824495e+03
1.741863314526054353e-16 1.928016559007544225e-17 5.014348373504226402e+03
2.180268694102053697e-16 1.896630410074452807e-17 5.014972445408025123e+03
1.859691203177809832e-16 1.909709870134707155e-17 5.015596523393574898e+03
1.412306391624315807e-16 1.906865635964715093e-17 5.016220607462215412e+03
1.847044560374896581e-16 1.888056246563232105e-17 5.016844697615268160e+03
2.254565697272363493e-16 1.898930112465484405e-17 5.017468793854031901e+03
2.518298704066537198e-16 1.906933588593897000e-17 5.018092896179790841e+03
1.882272699271758887e-16 1.880935075209372005e-17 5.018717004593811907e+03
1.693738170903093606e-16 1.893783584127964090e-17 5.019341119097339288e+03
1.925665950173860635e-16 1.870082978827621253e-17 5.019965239691601710e+03
1.753528350505319022e-16 1.896066948972576138e-17 5.020589366377809711e+03
1.650301579951523488e-16 1.874998558979987305e-17 5.021213499157152910e+03
1.827793583542925306e-16 1.897927252079204457e-17 5.021837638030803646e+03
1.447163987192748246e-16 1.875125830755582831e-17 5.022461782999916977e+03
1.560777303211394847e-16 1.870166982593680476e-17 5.023085934065626134e+03
2.036032624202339346e-16 1.853697877666108273e-17 5.023710091229047976e+03
1.572817837565711257e-16 1.850141067474088216e-17 5.024334254491281172e+03
1.561299994971219888e-16 1.865446646949466308e-17 5.024958423853402564e+03
1.820052145708461553e-16 1.852213602952023394e-17 5.025582599316470805e+03
1.313158996848274434e-16 1.850452651699866348e-17 5.026206780881529994e+03
1.349707554419391710e-16 1.873560245063875779e-17 5.026830968549600584e+03
1.458831232253024273e-16 1.851380414373782363e-17 5.027455162321684838e+03
1.938060914648938718e-16 1.858651281075010897e-17 5.028079362198766830e+03
1.907175685995002682e-16 1.871542784633304803e-17 5.028703568181812443e+03
2.169151879966859423e-16 1.876253257393513674e-17 5.029327780271765732e+03
1.535731775589038922e-16 1.845407916298902042e-17 5.029951998469552564e+03
1.515803456744137558e-16 1.841818530574283849e-17 5.030576222776081522e+03
1.998126957005455056e-16 1.831863072356781689e-17 5.031200453192240275e+03
2.082662888205339100e-16 1.839418662509999208e-17 5.031824689718898298e+03
1.483185780323324076e-16 1.837893576222051158e-17 5.032448932356902333e+03
1.781620725443471632e-16 1.842617548169521017e-17 5.033073181107084565e+03
2.058950632395246858e-16 1.853851635111707268e-17 5.033697435970254446e+03
1.601897996199532992e-16 1.849638170975438478e-17 5.034321696947205055e+03
1.833208802837731649e-16 1.832788828013527322e-17 5.034945964038704915e+03
1.622345494032465647e-16 1.792801054530514531e-17 5.035570237245507087e+03
1.435720714914081566e-16 1.795210838890203925e-17 5.036194516568344625e+03
1.740695981887439645e-16 1.810524218568843012e-17 5.036818802007929662e+03
1.486357013590957608e-16 1.797761034609970316e-17 5.037443093564956143e+03
1.090844634618707972e-16 1.794937202364649004e-17 5.038067391240094366e+03
1.685983959754016714e-16 1.805352806406667174e-17 5.038691695034001896e+03
1.481177186669199999e-16 1.818202974502228435e-17 5.039316004947309011e+03
1.926090621473800472e-16 1.825396872060253247e-17 5.039940320980632350e+03
2.025422446452764654e-16 1.826071279660527343e-17 5.040564643134564903e+03
1.363754983218037676e-16 1.798784374771008522e-17 5.041188971409677833e+03
1.382686091639675105e-16 1.818109546749932298e-17 5.041813305806530479e+03
2.234820468089340440e-16 1.809824236123928644e-17 5.042437646325652167e+03
1.412491137080166643e-16 1.793025062576313401e-17 5.043061992967559490e+03
1.726960136618005473e-16 1.783182623876939023e-17 5.043686345732745394e+03
2.138185321632621348e-16 1.805846172394680977e-17 5.044310704621684636e+03
2.131780491050284047e-16 1.796076422522356619e-17 5.044935069634827414e+03
2.002273653313602419e-16 1.783998794801378931e-17 5.045559440772611197e+03
1.866150365521617013e-16 1.772265898790457953e-17 5.046183818035446166e+03
1.532650648019098774e-16 1.783957232548625590e-17 5.046808201423725222e+03
1.322095689086173828e-16 1.757367502148157513e-17 5.047432590937822170e+03
2.078671893922988831e-16 1.745723553538391239e-17 5.048056986578087162e+03
1.224103899289156255e-16 1.757732055719998345e-17 5.048681388344850347e+03
1.007615375871648319e-16 1.736881276054206819e-17 5.049305796238426410e+03
1.916759899188046156e-16 1.761979639725468063e-17 5.049930210259102751e+03
2.241346076425341633e-16 1.757433384967831681e-17 5.050554630407152217e+03
1.333103066872266348e-16 1.742391969278223236e-17 5.051179056682819464e+03
1.945961841007464601e-16 1.753294029885342952e-17 5.051803489086336413e+03
1.204916548818196970e-16 1.751882812136123799e-17 5.052427927617909518e+03
1.156353024563200807e-16 1.745567626209949918e-17 5.053052372277725226e+03
2.260429039710528187e-16 1.780209971934001490e-17 5.053676823065950884e+03
1.367450355322145106e-16 1.751467123542332061e-17 5.054301279982732012e+03
1.580966516779713705e-16 1.764018200929707615e-17 5.054925743028192301e+03
1.914976311370720846e-16 1.753705679488104058e-17 5.055550212202435432e+03
1.836472313272429838e-16 1.756900897184349559e-17 5.056174687505544171e+03
1.943120741652558306e-16 1.742042526335581625e-17 5.056799168937579452e+03
1.901411412170766790e-16 1.725080705490563917e-17 5.057423656498584023e+03
2.069133117786934832e-16 1.742129472770678518e-17 5.058048150188574255e+03
1.165217604746120221e-16 1.719220021822194827e-17 5.058672650007551056e+03
1.859294896747956309e-16 1.709941212082567756e-17 5.059297155955489870e+03
1.449455277502849910e-16 1.696623053163037296e-17 5.059921668032347952e+03
1.391289453371969889e-16 1.694788618722695578e-17 5.060546186238057999e+03
1.781508590634527358e-16 1.684784444567754167e-17 5.061170710572535427e+03
1.595934495138056634e-16 1.704538449934048078e-17 5.061795241035672007e+03
1.369484744278686348e-16 1.701204810317164471e-17 5.062419777627336771e+03
1.979960554475825279e-16 1.699155849710289678e-17 5.063044320347381472e+03
1.897636633561336639e-16 1.709582975193733769e-17 5.063668869195629668e+03
1.062161269647541267e-16 1.684006974592543866e-17 5.064293424171892184e+03
1.968533754653619337e-16 1.697856109652245242e-17 5.064917985275950741e+03
1.442063128031578444e-16 1.671914823412659539e-17 5.065542552507569781e+03
1.908966275922044505e-16 1.679552581028002401e-17 5.066167125866488277e+03
1.921132598443387215e-16 1.691806161384750803e-17 5.066791705352430654e+03
1.385104229997975233e-16 1.662212679938648210e-17 5.067416290965089502e+03
1.971562305653547902e-16 1.679215580487236678e-17 5.068040882704142859e+03
1.906925089563190167e-16 1.672949698800770894e-17 5.068665480569246938e+03
1.159339507359364205e-16 1.635295129592971778e-17 5.069290084560032483e+03
1.800173079741211380e-16 1.662084457648538113e-17 5.069914694676111139e+03
1.764133121621292830e-16 1.660775023703897870e-17 5.070539310917070907e+03
1.895047513131083352e-16 1.653603178555799772e-17 5.071163933282477956e+03
1.432506941199606371e-16 1.644055204097645269e-17 5.071788561771876630e+03
1.498795932601865077e-16 1.643103295247792429e-17 5.072413196384790353e+03
1.444192700415848974e-16 1.651745168357614781e-17 5.073037837120720724e+03
1.841270396846198558e-16 1.659135295994922909e-17 5.073662483979143872e+03
1.829673969108694003e-16 1.642113407380107307e-17 5.074287136959515919e+03
1.283731417598838747e-16 1.624527021558057701e-17 5.074911796061272980e+03
1.415456546154438386e-16 1.614499088193969760e-17 5.075536461283823883e+03
1.914365728253780916e-16 1.616728713810326909e-17 5.076161132626560175e+03
1.068826038699510070e-16 1.590270200375884818e-17 5.076785810088847938e+03
1.362061851733070168e-16 1.593556096545977374e-17 5.077410493670029609e+03
1.906633280546225072e-16 1.596823078729432480e-17 5.078035183369430342e+03
1.150152522017876370e-16 1.588176283266040226e-17 5.078659879186348007e+03
1.311878951052971311e-16 1.593002017211870152e-17 5.079284581120060466e+03
1.680498256370091215e-16 1.599442038289538146e-17 5.079909289169820113e+03
1.501058293701218066e-16 1.591632743799794283e-17 5.080534003334860245e+03
9.911359517811828758e-17 1.601141827467858294e-17 5.081158723614389601e+03
1.538902068990174463e-16 1.607854021913240933e-17 5.081783450007595093e+03
1.505353063041874558e-16 1.615356784912197977e-17 5.082408182513639986e+03
1.106333166173323331e-16 1.616402226571942014e-17 5.083032921131664807e+03
1.282015220554957777e-16 1.592590360959692624e-17 5.083657665860788256e+03
1.745394124508008698e-16 1.600035212277977070e-17 5.084282416700104477e+03
1.495055220663810136e-16 1.577886017305466891e-17 5.084907173648685784e+03
1.670000805314052402e-16 1.588423500971654812e-17 5.085531936705581757e+03
1.606554783243726939e-16 1.588855698827983320e-17 5.086156705869819234e+03
1.453615629623575140e-16 1.587707218013015217e-17 5.086781481140401411e+03
1.347707955580832453e-16 1.565638639739417842e-17 5.087406262516306015e+03
1.383089649540955796e-16 1.567729553883279707e-17 5.088031049996492584e+03
1.672256469352999385e-16 1.575729586676531945e-17 5.088655843579893371e+03
1.728400701745213511e-16 1.567654794969717139e-17 5.089280643265421531e+03
1.199041692873928792e-16 1.546472367694933488e-17 5.089905449051959295e+03
7.138573945051797773e-17 1.544454421441035547e-17 5.090530260938376159e+03
1.721573026225177540e-16 1.545971279856879833e-17 5.091155078923509791e+03
1.089318960746240978e-16 1.538969128666966212e-17 5.091779903006177847e+03
1.412131208963698881e-16 1.529100495068826669e-17 5.092404733185174337e+03
1.355066783207383688e-16 1.531942360137027069e-17 5.093029569459269624e+03
1.099635911750821242e-16 1.520607275216758498e-17 5.093654411827210424e+03
1.318240266385546272e-16 1.514648683739273067e-17 5.094279260287720717e+03
1.889815100559451432e-16 1.529477624770047751e-17 5.094904114839499016e+03
1.841863426108382941e-16 1.531742866781214379e-17 5.095528975481222005e+03
1.058340568718986749e-16 1.531219175092569116e-17 5.096153842211542724e+03
1.637579370348848484e-16 1.518919780419242843e-17 5.096778715029087834e+03
1.901892809398811977e-16 1.532926507627764250e-17 5.097403593932463991e+03
1.105569531228998276e-16 1.518782321024598331e-17 5.098028478920250564e+03
1.238100661723029173e-16 1.519435937688853706e-17 5.098653369991006912e+03
1.665047787198660027e-16 1.530970210347768300e-17 5.099278267143265111e+03
1.537536240674801252e-16 1.527256626990610050e-17 5.099903170375533591e+03
1.468131779342235382e-16 1.510012345745584579e-17 5.100528079686299861e+03
1.396078475370102304e-16 1.520571092887481698e-17 5.101152995074023238e+03
1.306976989928657480e-16 1.503908281122431213e-17 5.101777916537143028e+03
1.590664245069417858e-16 1.510667060683814068e-17 5.102402844074071254e+03
1.661627992698407107e-16 1.489484017675416893e-17 5.103027777683197201e+03
1.036491279794595655e-16 1.477306645458969555e-17 5.103652717362884687e+03
1.863401566897688113e-16 1.491422727128300783e-17 5.104277663111475704e+03
1.296637191546505565e-16 1.476135019171944388e-17 5.104902614927284958e+03
1.282230452767967322e-16 1.469191655109039783e-17 5.105527572808607147e+03
1.830165776739568102e-16 1.474691644923335422e-17 5.106152536753706954e+03
1.091482503675212393e-16 1.463637110404662467e-17 5.106777506760829056e+03
9.626404546185033569e-17 1.476642802647438197e-17 5.107402482828192660e+03
1.623914549936768571e-16 1.476335048688037402e-17 5.108027464953993331e+03
1.367654937062877131e-16 1.470581351228058244e-17 5.108652453136395707e+03
1.411071328711650590e-16 1.484648126198704250e-17 5.109277447373549876e+03
1.727684217035706480e-16 1.481867278560165336e-17 5.109902447663576822e+03
1.767887776682754030e-16 1.467025897873490271e-17 5.110527454004568426e+03
1.270616530394452846e-16 1.457599068646650277e-17 5.111152466394598378e+03
1.201554454214943679e-16 1.452937450352039350e-17 5.111777484831711263e+03
1.567269741797720496e-16 1.444343140143100767e-17 5.112402509313931660e+03
8.601560627164120848e-17 1.451525654860173169e-17 5.113027539839255041e+03
1.318123803127620561e-16 1.455065644270550197e-17 5.113652576405654145e+03
1.433931982971076473e-16 1.447797812618906030e-17 5.114277619011075330e+03
1.334550407080189661e-16 1.451596587207537593e-17 5.114902667653439494e+03
1.545422280785709365e-16 1.452166858279552136e-17 5.115527722330647521e+03
1.489779770904342908e-16 1.459577286019444026e-17 5.116152783040567556e+03
1.419769457548109317e-16 1.448020201315547276e-17 5.116777849781048644e+03
1.221003204945479639e-16 1.430237413914937742e-17 5.117402922549911636e+03
1.400800361525683997e-16 1.431012484142402589e-17 5.118028001344954646e+03
1.095399677712451083e-16 1.416575889939416726e-17 5.118653086163947592e+03
1.323141244027449739e-16 1.415960869324726773e-17 5.119278177004637655e+03
1.304436891465900402e-16 1.404211741885051666e-17 5.119903273864745643e+03
9.351087490030801635e-17 1.407245234578131582e-17 5.120528376741968714e+03
1.963960965518090209e-16 1.423059042277955654e-17 5.121153485633974924e+03
1.424478172130285013e-16 1.407999324738244514e-17 5.121778600538409592e+03
1.872451155187289261e-16 1.423132065829351557e-17 5.122403721452894388e+03
1.482082613136251708e-16 1.401203854259074466e-17 5.123028848375018242e+03
1.007242176612621068e-16 1.396124169725219170e-17 5.123653981302355533e+03
9.974894470273595987e-17 1.403603390198073249e-17 5.124279120232445166e+03
1.718342689491770437e-16 1.411272199089665192e-17 5.124904265162806041e+03
1.413531373738087771e-16 1.416675845694565759e-17 5.125529416090927043e+03
9.240004709760431920e-17 1.411141681325474484e-17 5.126154573014277048e+03
1.753343644590966000e-16 1.432326745713442735e-17 5.126779735930294009e+03
1.468902555034849113e-16 1.448563093193517487e-17 5.127404904836394053e+03
1.906473724304710634e-16 1.437614666080312459e-17 5.128030079729964200e+03
1.801625304931153158e-16 1.446934632412291898e-17 5.128655260608366007e+03
1.020367172997583476e-16 1.440355321691926687e-17 5.129280447468939201e+03
1.066312357272187408e-16 1.433578552130785158e-17 5.129905640308990769e+03
1.172607480292641558e-16 1.439432080266413141e-17 5.130530839125807688e+03
1.544908475117707337e-16 1.446003172373837018e-17 5.131156043916647832e+03
1.513828692794589186e-16 1.442068326916620917e-17 5.131781254678743608e+03
1.703739139550546113e-16 1.437000714799576414e-17 5.132406471409301957e+03
8.601518614037184659e-17 1.423253232348870768e-17 5.133031694105500719e+03
1.331205416291334860e-16 1.427739296218657454e-17 5.133656922764495903e+03
1.364931417949701120e-16 1.409573352821808715e-17 5.134282157383415324e+03
1.563368578286899068e-16 1.433826384049506677e-17 5.134907397959360424e+03
9.816308607529187567e-17 1.412510704145674533e-17 5.135532644489403538e+03
1.504564499330972555e-16 1.410757241065455593e-17 5.136157896970596994e+03
1.530898548302138275e-16 1.422871029908362389e-17 5.136783155399961288e+03
1.123695755661682991e-16 1.430233543771079582e-17 5.137408419774491449e+03
1.952317260954995249e-16 1.433122600056066678e-17 5.138033690091158860e+03
1.153233415202919068e-16 1.416761912099973808e-17 5.138658966346903981e+03
9.501870269483276847e-17 1.413756160901843903e-17 5.139284248538642714e+03
1.434096987182425083e-16 1.409155054956298137e-17 5.139909536663266408e+03
1.468965695690916893e-16 1.409386499107901731e-17 5.140534830717637305e+03
1.235713403735776390e-16 1.408259647172443204e-17 5.141160130698590365e+03
1.462732869350516254e-16 1.413801188986083673e-17 5.141785436602935079e+03
1.501965169323811171e-16 1.410344608643616489e-17 5.142410748427455474e+03
1.162613807386297560e-16 1.401593790443829843e-17 5.143036066168903744e+03
1.480979455340680090e-16 1.396743623431804430e-17 5.143661389824012076e+03
1.393388748175586273e-16 1.389288207657943714e-17 5.144286719389481732e+03
8.463515546714910816e-17 1.369849867763123809e-17 5.144912054861986690e+03
1.104564743093159582e-16 1.372593841762729910e-17 5.145537396238174551e+03
1.546619966914559235e-16 1.387585684345368382e-17 5.146162743514665635e+03
8.150162683248921863e-17 1.374829719953136601e-17 5.146788096688054793e+03
1.553830164153361460e-16 1.389126375264917342e-17 5.147413455754907773e+03
1.351168800126322853e-16 1.392107258541171526e-17 5.148038820711763947e+03
1.107557983711314102e-16 1.388423644603068855e-17 5.148664191555135403e+03
1.739879440604902225e-16 1.376212532832466551e-17 5.149289568281506945e+03
9.984815276060585541e-17 1.367843832190829203e-17 5.149914950887336090e+03
7.441745038220341667e-17 1.358021254991281994e-17 5.150540339369053072e+03
1.120036564530742965e-16 1.360879798107348331e-17 5.151165733723060839e+03
1.354533946119558371e-16 1.361958391544699123e-17 5.151791133945734146e+03
1.326564237724558852e-16 1.373849084910902132e-17 5.152416540033420461e+03
1.224751833555470645e-16 1.377364979874966609e-17 5.153041951982441788e+03
9.845299035716185945e-17 1.367881609513068700e-17 5.153667369789089207e+03
1.136580520518148274e-16 1.361309682070416085e-17 5.154292793449627425e+03
1.479217300447006599e-16 1.369506242626719519e-17 5.154918222960297499e+03
1.239588305170258077e-16 1.367318022560803234e-17 5.155543658317305017e+03
1.147955802436552645e-16 1.362665636340659005e-17 5.156169099516832830e+03
1.567543157291467431e-16 1.369801631156126521e-17 5.156794546555036504e+03
1.338066068098344869e-16 1.365460784819414238e-17 5.157419999428042502e+03
1.704357213781216319e-16 1.366969538342751766e-17 5.158045458131948180e+03
9.125780045383729156e-17 1.349162402135503376e-17 5.158670922662824523e+03
1.548029733754496093e-16 1.368389651929531223e-17 5.159296393016717047e+03
6.742451154209658873e-17 1.356395220426896316e-17 5.159921869189635800e+03
1.502718027777475662e-16 1.340314786315530232e-17 5.160547351177570818e+03
1.392398535951100428e-16 1.344751154950059508e-17 5.161172838976480307e+03
1.131231576591201477e-16 1.336548864583144668e-17 5.161798332582293369e+03
1.008736370778252463e-16 1.317564167750220240e-17 5.162423831990915460e+03
1.351446610684698793e-16 1.315500950111171041e-17 5.163049337198217472e+03
1.174952929804796918e-16 1.308979127489313246e-17 5.163674848200047563e+03
1.304446130014567778e-16 1.312702221831788991e-17 5.164300364992222967e+03
1.177709122046751015e-16 1.312634717789025207e-17 5.164925887570532723e+03
1.403022599643147867e-16 1.320050664462650497e-17 5.165551415930736766e+03
1.296434706513951761e-16 1.314053766656651306e-17 5.166176950068571387e+03
1.316064149220479823e-16 1.316476938905764498e-17 5.166802489979737402e+03
1.153032031954552482e-16 1.303807638644041267e-17 5.167428035659911984e+03
1.519656022822352037e-16 1.293867889749480519e-17 5.168053587104740473e+03
1.228487035287705669e-16 1.288155676339609386e-17 5.168679144309843650e+03
1.048248652570493715e-16 1.291375149208074823e-17 5.169304707270810468e+03
1.480325058520831557e-16 1.299724013776838121e-17 5.169930275983203501e+03
1.560878544420912936e-16 1.308408641547983640e-17 5.170555850442553492e+03
1.065445704627489425e-16 1.305792662703988333e-17 5.171181430644365719e+03
1.304624865981782311e-16 1.318255418043988998e-17 5.171807016584116354e+03
1.444103156243299426e-16 1.322868626629100741e-17 5.172432608257249740e+03
1.448223511558539871e-16 1.318899470346320350e-17 5.173058205659182022e+03
1.196780688841597073e-16 1.318705689424475923e-17 5.173683808785304791e+03
1.331621582494687508e-16 1.308050061124557892e-17 5.174309417630977805e+03
1.015387195742963553e-16 1.303552088198447210e-17 5.174935032191529899e+03
7.111447160880246878e-17 1.293297664318200174e-17 5.175560652462261714e+03
1.373623035880808333e-16 1.301540386959422080e-17 5.176186278438448426e+03
8.098905711808756961e-17 1.296842420820916947e-17 5.176811910115332466e+03
9.167292237966105372e-17 1.280590494029203756e-17 5.177437547488127166e+03
8.026801687991726125e-17 1.265425970529362370e-17 5.178063190552018568e+03
1.166785246115706825e-16 1.268934427327405865e-17 5.178688839302161796e+03
1.310896622011929370e-16 1.257748630181149570e-17 5.179314493733683776e+03
1.068219937960061725e-16 1.253595969816380449e-17 5.179940153841682331e+03
9.179755487725144767e-17 1.246928660501845771e-17 5.180565819621222545e+03
1.347523904579278480e-16 1.272959656495290086e-17 5.181191491067347670e+03
1.278240438842627318e-16 1.257046907356979431e-17 5.181817168175062761e+03
9.083670410377308149e-17 1.298295047153719719e-17 5.182442850939347409e+03
1.148929623261015431e-16 1.323982615282305632e-17 5.183068539355153916e+03
7.430597523496306218e-17 1.337760292743884413e-17 5.183694233417400937e+03
1.009888709057366723e-16 1.357963673821531163e-17 5.184319933120979840e+03
1.524262737548024365e-16 1.341712518973679196e-17 5.184945638460751070e+03
1.306765119962609100e-16 1.337482527169578214e-17 5.185571349431547787e+03
9.999416617990863673e-17 1.329864674524709856e-17 5.186197066028169502e+03
1.171246838444508465e-16 1.309795746374440952e-17 5.186822788245390257e+03
1.397186694937222581e-16 1.300899533522736767e-17 5.187448516077949535e+03
9.024509952988289859e-17 1.296892321399122237e-17 5.188074249520561352e+03
1.399206538754313435e-16 1.288402613901471249e-17 5.188699988567906985e+03
1.096285466370097579e-16 1.294912141739287205e-17 5.189325733214640422e+03
1.072059946876383361e-16 1.279667676182214613e-17 5.189951483455382913e+03
1.148276143338965207e-16 1.289638927778808727e-17 5.190577239284724783e+03
1.083280634301925652e-16 1.286065806226331691e-17 5.191203000697230891e+03
6.110758445220913205e-17 1.303724354464238723e-17 5.191828767687434265e+03
1.135002461064543588e-16 1.294670387690941092e-17 5.192454540249835190e+03
1.171882670006399078e-16 1.309995109022702650e-17 5.193080318378904849e+03
8.616129393853299123e-17 1.327367278745745108e-17 5.193706102069085318e+03
8.622315956859133189e-17 1.339727282028408252e-17 5.194331891314786844e+03
1.661801874538940247e-16 1.366676643066990137e-17 5.194957686110393297e+03
1.424967868173475650e-16 1.377352318303592095e-17 5.195583486450253076e+03
1.301411429817884872e-16 1.357295546799826683e-17 5.196209292328687297e+03
9.654683221092324199e-17 1.347166408034000545e-17 5.196835103739983424e+03
8.265551144576688085e-17 1.343442927276367064e-17 5.197460920678402545e+03
1.777269082007875882e-16 1.350699040629224215e-17 5.198086743138173915e+03
1.150241690427976390e-16 1.365278177000351529e-17 5.198712571113494960e+03
1.241383986033711932e-16 1.354836086442642650e-17 5.199338404598531270e+03
1.326694652856650640e-16 1.335786294279266069e-17 5.199964243587422970e+03
1.058483653398284667e-16 1.328151295088476621e-17 5.200590088074273808e+03
9.548343664717801619e-17 1.311735290519079432e-17 5.201215938053159334e+03
1.711909371056318239e-16 1.301509513408633531e-17 5.201841793518125087e+03
7.278859990067494360e-17 1.285266726947889589e-17 5.202467654463183862e+03
8.834452578535736001e-17 1.290813801007235923e-17 5.203093520882317534e+03
9.511306622032752357e-17 1.289402107837272837e-17 5.203719392769481601e+03
1.386483902097568710e-16 1.290875631756251801e-17 5.204345270118595181e+03
1.020907757961618689e-16 1.294236414114140815e-17 5.204971152923546470e+03
1.504107215568570865e-16 1.295666435996400919e-17 5.205597041178198197e+03
1.206694344711905678e-16 1.296054659976933807e-17 5.206222934876375803e+03
7.415588827980637892e-17 1.288427205159256311e-17 5.206848834011875624e+03
1.103049115676185889e-16 1.293307229696937093e-17 5.207474738578463985e+03
1.201521898667037965e-16 1.292336646492094127e-17 5.208100648569878103e+03
7.955098127385255470e-17 1.293715911428111375e-17 5.208726563979815182e+03
1.261278771911896287e-16 1.295586531033095667e-17 5.209352484801951505e+03
1.107857217055530008e-16 1.302934984500423564e-17 5.209978411029927884e+03
1.231903356696067066e-16 1.296147805451572419e-17 5.210604342657352390e+03
1.140959114345229886e-16 1.292249943581438623e-17 5.211230279677802173e+03
1.171854043344774984e-16 1.292991791073368145e-17 5.211856222084824367e+03
1.024142162552398254e-16 1.300232678040748116e-17 5.212482169871934275e+03
1.253566787917134226e-16 1.289170405830923631e-17 5.213108123032614458e+03
1.434542515489370332e-16 1.301558232027635023e-17 5.213734081560316554e+03
1.199511292273649285e-16 1.313329432035793808e-17 5.214360045448462188e+03
1.335292726087421637e-16 1.316155536978564421e-17 5.214986014690437514e+03
5.908897266530780180e-17 1.303874788610546685e-17 5.215611989279601403e+03
1.293153946512362514e-16 1.329181693362797653e-17 5.216237969209278162e+03
1.247464132015943861e-16 1.327150987970113126e-17 5.216863954472761179e+03
1.292148797398117009e-16 1.320828528190879877e-17 5.217489945063311097e+03
6.814454264878517388e-17 1.310750685037890628e-17 5.218115940974159457e+03
1.409665591667527800e-16 1.346577103863475858e-17 5.218741942198501420e+03
1.042363158453052875e-16 1.349303607136019254e-17 5.219367948729503041e+03
9.025962869083410501e-17 1.399475239491067553e-17 5.219993960560301275e+03
1.314735616499350444e-16 1.413510505834032560e-17 5.220619977683993056e+03
1.081009457988449249e-16 1.389019497580214586e-17 5.221246000093651674e+03
1.008038869437416192e-16 1.374050075158644032e-17 5.221872027782314035e+03
1.263954417618177873e-16 1.334099451062982107e-17 5.222498060742984308e+03
1.486110802222859809e-16 1.323927627392750225e-17 5.223124098968635735e+03
8.767153388540693669e-17 1.297814002320286521e-17 5.223750142452209730e+03
1.428518796794174799e-16 1.306208552334252607e-17 5.224376191186614960e+03
1.323196498656450932e-16 1.298132157737865583e-17 5.225002245164727356e+03
1.368248386068083737e-16 1.297637456435486963e-17 5.225628304379391921e+03
1.246633505140518427e-16 1.300314363441922749e-17 5.226254368823418190e+03
1.013087738872546360e-16 1.317830606935573902e-17 5.226880438489586595e+03
1.369474651550763225e-16 1.336113119238503021e-17 5.227506513370644825e+03
1.562674674048643713e-16 1.351814523565424125e-17 5.228132593459306008e+03
1.136398357399022389e-16 1.341290928145043388e-17 5.228758678748249622e+03
1.227063121653534938e-16 1.356914613775823173e-17 5.229384769230126949e+03
1.235443756296991782e-16 1.328148717841498686e-17 5.230010864897553802e+03
1.017015613845054394e-16 1.302162843486809616e-17 5.230636965743113251e+03
1.220562132532784436e-16 1.301196021686376164e-17 5.231263071759356535e+03
1.493483503210646405e-16 1.302812014431733737e-17 5.231889182938801241e+03
1.061638425706691865e-16 1.306626039633702063e-17 5.232515299273934033e+03
1.231431081629356284e-16 1.320506537487942647e-17 5.233141420757205196e+03
1.372823545100205493e-16 1.342981298035017646e-17 5.233767547381034092e+03
1.770905199907031158e-16 1.359885940379228800e-17 5.234393679137808249e+03
1.043029052128330164e-16 1.363270533195291904e-17 5.235019816019881546e+03
1.300445412090987796e-16 1.366114182972842727e-17 5.235645958019573300e+03
1.060157678790250521e-16 1.357556480911910697e-17 5.236272105129172814e+03
1.154947249210582124e-16 1.352936676988513758e-17 5.236898257340932105e+03
1.098730063814814805e-16 1.335591700708087646e-17 5.237524414647072263e+03
1.089811846119383730e-16 1.323049448669441966e-17 5.238150577039784366e+03
9.740992864521737075e-17 1.319287214554856399e-17 5.238776744511219476e+03
1.195707841822636007e-16 1.320489872188482628e-17 5.239402917053500460e+03
1.790534301894814009e-16 1.320852515730212970e-17 5.240029094658715621e+03
1.273731421050271445e-16 1.312221851926469243e-17 5.240655277318920525e+03
1.197623541093309423e-16 1.317486614913702948e-17 5.241281465026135265e+03
1.165882690316351547e-16 1.312010314262818568e-17 5.241907657772347193e+03
8.280503729990974762e-17 1.301147972908646302e-17 5.242533855549511827e+03
1.521578301097144420e-16 1.308412546834228641e-17 5.243160058349549217e+03
1.210856267862912451e-16 1.328863425057789391e-17 5.243786266164348490e+03
1.276598673435497890e-16 1.314002953264804821e-17 5.244412478985761481e+03
1.234876923732706367e-16 1.322758927649855720e-17 5.245038696805609106e+03
1.145274677333860979e-16 1.323677079493379638e-17 5.245664919471866597e+03
7.316811973749060325e-17 1.325706164942972087e-17 5.246291147104700940e+03
1.627346132909825875e-16 1.339944121691520293e-17 5.246917379711139802e+03
1.187928414848772305e-16 1.329430408809826776e-17 5.247543617282867672e+03
1.072898224205829902e-16 1.315363097853705551e-17 5.248169859811534479e+03
1.282552263720794635e-16 1.322740019010811437e-17 5.248796107288757412e+03
1.581395379135571508e-16 1.337167448790080312e-17 5.249422359706120915e+03
1.130980556466110997e-16 1.320131379288651540e-17 5.250048617052565533e+03
1.324363489762450908e-16 1.325263586269042481e-17 5.250674879163256264e+03
1.270648518664807232e-16 1.343508740747369958e-17 5.251301146188538041e+03
1.009640876188418179e-16 1.347589414869991308e-17 5.251927418119859794e+03
1.360398532581652572e-16 1.366487889737062434e-17 5.252553694948632256e+03
1.197354451714930171e-16 1.382453677060318491e-17 5.253179976666235234e+03
1.400674229943418525e-16 1.386249914415036253e-17 5.253806263264012159e+03
1.011208804757015715e-16 1.374182327921201867e-17 5.254432554733275538e+03
1.470176862546790231e-16 1.374597324123867375e-17 5.255058851065297858e+03
6.034234052163021399e-17 1.344031219236585292e-17 5.255685152392788041e+03
1.649785173321650514e-16 1.345509937871540262e-17 5.256311458753578336e+03
1.441027898630893493e-16 1.340053139446125127e-17 5.256937769950932307e+03
1.004384322145859064e-16 1.316892317887702561e-17 5.257564085975991475e+03
9.435761636140349582e-17 1.316979870688759217e-17 5.258190406819858254e+03
9.969899624180726654e-17 1.313321205930078109e-17 5.258816732473602315e+03
1.256989993702401948e-16 1.316294555169844895e-17 5.259443062928258769e+03
1.480857687300237778e-16 1.312813275192957465e-17 5.260069398174828166e+03
1.358615497484846621e-16 1.300922081897077952e-17 5.260695738459796303e+03
1.414248390716220472e-16 1.315688926407760103e-17 5.261322083597829987e+03
1.261360405066066091e-16 1.315829529273205591e-17 5.261948433500761894e+03
1.218373264116463627e-16 1.307766245844331438e-17 5.262574788159454329e+03
9.919087693028172591e-17 1.297292219160441901e-17 5.263201147564732310e+03
1.543117530100175245e-16 1.311485438981043513e-17 5.263827511707389021e+03
1.638693074933092415e-16 1.325883501363404995e-17 5.264453880578181270e+03
1.135477887311619719e-16 1.309618244000031937e-17 5.265080254167827661e+03
1.545654825101010335e-16 1.323335817713079348e-17 5.265706632313447699e+03
1.408145346890612656e-16 1.322471795883665314e-17 5.266333015142412478e+03
9.962579149689716570e-17 1.317013462572710709e-17 5.266959402662090724e+03
1.409872358923449155e-16 1.330497305618012583e-17 5.267585794863068259e+03
1.170989490317897303e-16 1.328365317977971114e-17 5.268212191735888155e+03
1.236641351556130113e-16 1.329580015456451368e-17 5.268838593271062564e+03
1.278389218035545634e-16 1.336244625483709325e-17 5.269464999459065439e+03
1.225781800177848388e-16 1.365119937413134737e-17 5.270091410212469782e+03
1.313493307419358365e-16 1.378472000229929821e-17 5.270717825504319080e+03
1.258645402791642508e-16 1.366297588658189293e-17 5.271344245420113111e+03
1.194065712376814713e-16 1.382276952425653182e-17 5.271970669950183947e+03
7.590433058428998993e-17 1.361961710855510343e-17 5.272597099084831825e+03
1.090856127123572041e-16 1.370147145846828670e-17 5.273223532814319697e+03
1.261561057418283516e-16 1.373941241587620001e-17 5.273849971128874131e+03
1.282812969263927340e-16 1.381005768025092367e-17 5.274476414018687137e+03
1.117891853386454999e-16 1.361525616389652905e-17 5.275102861473915254e+03
1.176959642276584646e-16 1.362068512653622111e-17 5.275729313484678642e+03
1.391668219349193664e-16 1.350400612594638911e-17 5.276355770041062897e+03
1.383419478890760741e-16 1.369343815921023115e-17 5.276982231133116329e+03
1.027932852918307867e-16 1.337826627294035767e-17 5.277608696750853596e+03
7.872113640599719988e-17 1.352174936226953972e-17 5.278235166884251157e+03
1.080886357211437504e-16 1.342678130613473071e-17 5.278861641523250000e+03
1.342854883912865882e-16 1.348536044956488592e-17 5.279488120657757463e+03
6.951391819319306030e-17 1.338243134180124529e-17 5.280114604277641774e+03
1.228811167094344481e-16 1.335726648246171692e-17 5.280741092372738422e+03
8.620543914968353403e-17 1.339210742003562288e-17 5.281367584932843783e+03
1.099645990361073408e-16 1.352648624867007661e-17 5.281994081947717859e+03
1.320418385128269337e-16 1.356600504891324873e-17 5.282620583407089725e+03
8.055217702181982103e-17 1.350415470837487408e-17 5.283247089300645712e+03
1.008364540021215232e-16 1.372767590729506238e-17 5.283873599618040316e+03
1.398593508846540475e-16 1.370556061770313509e-17 5.284500114348891657e+03
1.368680066988382952e-16 1.376992396440799961e-17 5.285126633482777834e+03
1.218278723604105580e-16 1.376597732921106704e-17 5.285753157009243296e+03
1.185048613769855187e-16 1.375245730805706831e-17 5.286379684917796112e+03
1.199157041900282336e-16 1.391474977810304685e-17 5.287006217197909791e+03
9.374041062309659770e-17 1.383680346099651131e-17 5.287632753839016004e+03
1.644926334933794856e-16 1.387122101348607903e-17 5.288259294830515501e+03
9.791637954132742210e-17 1.388417486924832673e-17 5.288885840161770830e+03
1.045574550060971125e-16 1.404057334984577368e-17 5.289512389822104524e+03
1.558828402416619297e-16 1.412457183914544447e-17 5.290138943800808192e+03
1.235085631841758798e-16 1.396298829222422400e-17 5.290765502087131608e+03
9.801622403593347230e-17 1.395936212483128781e-17 5.291392064670291802e+03
1.281977263279016490e-16 1.400151963383908364e-17 5.292018631539466696e+03
1.110963111067094260e-16 1.401928276874729111e-17 5.292645202683798743e+03
1.410945972587246011e-16 1.400193236546985190e-17 5.293271778092392196e+03
1.038229433528417688e-16 1.390430633998211834e-17 5.293898357754314020e+03
1.324295228687030868e-16 1.393496456343431895e-17 5.294524941658599346e+03
1.164040932885962236e-16 1.386135617990486548e-17 5.295151529794238741e+03
1.385822022225241655e-16 1.406803361462609096e-17 5.295778122150190029e+03
1.549149280732499475e-16 1.435525877361178470e-17 5.296404718715375566e+03
1.351830294099129193e-16 1.420244197737340958e-17 5.297031319478677688e+03
1.289169464650406379e-16 1.439175562759725004e-17 5.297657924428940532e+03
1.341046792671760218e-16 1.427686424527498743e-17 5.298284533554975496e+03
1.587503437916204525e-16 1.431458041641650507e-17 5.298911146845553048e+03
1.684291992833997433e-16 1.416889250987654774e-17 5.299537764289407278e+03
5.768583274154991677e-17 1.411178072074375486e-17 5.300164385875237713e+03
1.117185246432808589e-16 1.422677086339672489e-17 5.300791011591702045e+03
1.543153033688624142e-16 1.440320148445427769e-17 5.301417641427424314e+03
1.389438106928519724e-16 1.436376701791605393e-17 5.302044275370987634e+03
1.318680170864425281e-16 1.459708195619213521e-17 5.302670913410941466e+03
1.105716807149686699e-16 1.464612942203283504e-17 5.303297555535795254e+03
9.337894498370412401e-17 1.456877139885583532e-17 5.303924201734022063e+03
9.940442987937382615e-17 1.460566401582363289e-17 5.304550851994057666e+03
1.523085384742412664e-16 1.463512208551249601e-17 5.305177506304296912e+03
1.482781839453594282e-16 1.447273798305948166e-17 5.305804164653103726e+03
9.901426970058169370e-17 1.428118087899783905e-17 5.306430827028797466e+03
1.434415638410943631e-16 1.441822659614504770e-17 5.307057493419662023e+03
1.348052925939952174e-16 1.442631915312690890e-17 5.307684163813946725e+03
1.109168217679891112e-16 1.441986092186536149e-17 5.308310838199859063e+03
1.496775479527460300e-16 1.440009085590248306e-17 5.308937516565571059e+03
1.550504277302801063e-16 1.466349389321592874e-17 5.309564198899211988e+03
1.154634221123177661e-16 1.454343254679979210e-17 5.310190885188882930e+03
1.662400078704278450e-16 1.469051308794257921e-17 5.310817575422635855e+03
1.265104703995818109e-16 1.467092402647124312e-17 5.311444269588493626e+03
1.383138314226350834e-16 1.455545124358949327e-17 5.312070967674436361e+03
1.783289440838540934e-16 1.465611520968169741e-17 5.312697669668406888e+03
9.995562148969453626e-17 1.444133928605033637e-17 5.313324375558309839e+03
6.309463690785177618e-17 1.441466993430834464e-17 5.313951085332010734e+03
1.763229323210863596e-16 1.461089912692895100e-17 5.314577798977340535e+03
1.984588496449188260e-16 1.474810938329271304e-17 5.315204516482088366e+03
1.492666465065221541e-16 1.471196098940117510e-17 5.315831237834006970e+03
1.505543407434866450e-16 1.464542613305847573e-17 5.316457963020809075e+03
1.496218856632635841e-16 1.470723253918655621e-17 5.317084692030170118e+03
1.365264808630086924e-16 1.466763586848352404e-17 5.317711424849726427e+03
1.576322949684059142e-16 1.464764542565267684e-17 5.318338161467077953e+03
1.228538055196741216e-16 1.470137823922884818e-17 5.318964901869781897e+03
1.155444992782865685e-16 1.475611406387292475e-17 5.319591646045360903e+03
1.352896861976276307e-16 1.478530492655016267e-17 5.320218393981299414e+03
1.076480021754699192e-16 1.480986707258104808e-17 5.320845145665040036e+03
1.761701126095909882e-16 1.510698583666418531e-17 5.321471901083987177e+03
1.235458200937196034e-16 1.479298902964926832e-17 5.322098660225507047e+03
1.214421019314963429e-16 1.473108883713528513e-17 5.322725423076930383e+03
9.622302824214061645e-17 1.482582788926553814e-17 5.323352189625544270e+03
1.768099412768201795e-16 1.494509401831248971e-17 5.323978959858599410e+03
1.197015947032727180e-16 1.470281090414217810e-17 5.324605733763308308e+03
1.454852395843533972e-16 1.482104880720031544e-17 5.325232511326841632e+03
1.182970016807549256e-16 1.461373295247420152e-17 5.325859292536333669e+03
1.428637087278755242e-16 1.464004968665560396e-17 5.326486077378880509e+03
1.282363055976286356e-16 1.476413579865079206e-17 5.327112865841534585e+03
1.101260474357695261e-16 1.489517353421002603e-17 5.327739657911315589e+03
1.301774026777056375e-16 1.516694042593319175e-17 5.328366453575196829e+03
1.337030492612629236e-16 1.542420352233766789e-17 5.328993252820120688e+03
1.463932434649642971e-16 1.535650025785705941e-17 5.329620055632984077e+03
1.886771793410298560e-16 1.540094884115656606e-17 5.330246862000645706e+03
1.233868952045949819e-16 1.519199983042112627e-17 5.330873671909928817e+03
1.607636799927463019e-16 1.513686075398133037e-17 5.331500485347610265e+03
1.600446855321369733e-16 1.506157598280315833e-17 5.332127302300436895e+03
1.751729542173286503e-16 1.514168419669637328e-17 5.332754122755108256e+03
1.397812271905579960e-16 1.505831919811327453e-17 5.333380946698285697e+03
1.369020665562749148e-16 1.506483054066431739e-17 5.334007774116596011e+03
7.166398085695126237e-17 1.493789448303686363e-17 5.334634604996620510e+03
1.476318348490615827e-16 1.531532337189163038e-17 5.335261439324905041e+03
1.966663446026588885e-16 1.535265906525340616e-17 5.335888277087953611e+03
1.601095383960325520e-16 1.533455479479114798e-17 5.336515118272230211e+03
1.297841822294117086e-16 1.499969468535995267e-17 5.337141962864161542e+03
1.611150383496495150e-16 1.506443308025930535e-17 5.337768810850132468e+03
1.216606429979029675e-16 1.477879817299782947e-17 5.338395662216490564e+03
1.122926469729999320e-16 1.481719028657707253e-17 5.339022516949538840e+03
1.387070566418991481e-16 1.478267402130930040e-17 5.339649375035543926e+03
1.262145661217724842e-16 1.477391385226129817e-17 5.340276236460735163e+03
9.472040002122260497e-17 1.479467818412390884e-17 5.340903101211296416e+03
1.308163056232549147e-16 1.494936243388578534e-17 5.341529969273374263e+03
1.501735701035054344e-16 1.505264406921212248e-17 5.342156840633074353e+03
1.242974976041199515e-16 1.495498645438574423e-17 5.342783715276464136e+03
1.389468206375713616e-16 1.504244632567952533e-17 5.343410593189570136e+03
1.217160562699534269e-16 1.506334712011811128e-17 5.344037474358376130e+03
1.516666357828469223e-16 1.508786427961752593e-17 5.344664358768830425e+03
1.468464552963741124e-16 1.500838108833752801e-17 5.345291246406836763e+03
1.346806910603751442e-16 1.520396651067632517e-17 5.345918137258260685e+03
1.743945193366145062e-16 1.513750831679114182e-17 5.346545031308929538e+03
1.430177478232407761e-16 1.515344558939253135e-17 5.347171928544625189e+03
1.268995182795697402e-16 1.503275282462998583e-17 5.347798828951094038e+03
1.329373390727700889e-16 1.518428844609364032e-17 5.348425732514037009e+03
1.276322749912815337e-16 1.516450307781867829e-17 5.349052639219121374e+03
1.540740949062872285e-16 1.532322132841975459e-17 5.349679549051967115e+03
1.393952552094491509e-16 1.525745258133647427e-17 5.350306461998157829e+03
1.296702612427088270e-16 1.517647832471196817e-17 5.350933378043234370e+03
1.246618614215170454e-16 1.501053307667818560e-17 5.351560297172698483e+03
8.083099496528160768e-17 1.495087058630405090e-17 5.352187219372011896e+03
1.224130965025731319e-16 1.504749418289510449e-17 5.352814144626590860e+03
1.334663706012164009e-16 1.524105610655418310e-17 5.353441072921817977e+03
1.363487022346395162e-16 1.523707805084463252e-17 5.354068004243030373e+03
1.560736656765269108e-16 1.528192210165547315e-17 5.354694938575523338e+03
7.153854186632624373e-17 1.521225366991794336e-17 5.355321875904555782e+03
1.426698881594757651e-16 1.523765246047791716e-17 5.355948816215342958e+03
1.866563459324963067e-16 1.545151224777466072e-17 5.356575759493059195e+03
1.374444164320235052e-16 1.525603640950401034e-17 5.357202705722836981e+03
1.175939301953292188e-16 1.521182121656528632e-17 5.357829654889770609e+03
1.179001438260056158e-16 1.519944813064385295e-17 5.358456606978910713e+03
1.112162183937216229e-16 1.522788484856910977e-17 5.359083561975267003e+03
1.855146586674338293e-16 1.529844791388456307e-17 5.359710519863809168e+03
1.553323954956350593e-16 1.532447409486603585e-17 5.360337480629466882e+03
1.265633123430674625e-16 1.523191108425320953e-17 5.360964444257124342e+03
1.119816647130476976e-16 1.506190805856868583e-17 5.361591410731629367e+03
1.228013612619783056e-16 1.513326186145880210e-17 5.362218380037784300e+03
1.616250216391891715e-16 1.531311999013741913e-17 5.362845352160352377e+03
1.319113772855375441e-16 1.522659481167690594e-17 5.363472327084054996e+03
1.395590727024294619e-16 1.515107606577690977e-17 5.364099304793571719e+03
1.052054261784563288e-16 1.521557506805979661e-17 5.364726285273542999e+03
1.796955860092547359e-16 1.535039310374315922e-17 5.365353268508564724e+03
1.433425486765349002e-16 1.543039433773329737e-17 5.365980254483189128e+03
1.126942313123016364e-16 1.541361533981305748e-17 5.366607243181933882e+03
1.201276447306460536e-16 1.542078270149147227e-17 5.367234234589271182e+03
1.254888451933570603e-16 1.556512510892774634e-17 5.367861228689629570e+03
1.445100199307425748e-16 1.552925122085265476e-17 5.368488225467399388e+03
1.117014897687537320e-16 1.538722565674144176e-17 5.369115224906924595e+03
1.680343875794140503e-16 1.553611933340500813e-17 5.369742226992513679e+03
1.387678822577033909e-16 1.547164635870111725e-17 5.370369231708427833e+03
1.391902697092726354e-16 1.550194479155477509e-17 5.370996239038888234e+03
1.572737622178355255e-16 1.554778585916719297e-17 5.371623248968076950e+03
1.216546897646383282e-16 1.550598900172491037e-17 5.372250261480128756e+03
1.526176518263316522e-16 1.549397233236100838e-17 5.372877276559140228e+03
1.250276983448519130e-16 1.551813185247287615e-17 5.373504294189164284e+03
1.672473780989873953e-16 1.566768064556400360e-17 5.374131314354212918e+03
1.338958969263029681e-16 1.573243413051267023e-17 5.374758337038254467e+03
1.386769866242874490e-16 1.561679890830475018e-17 5.375385362225215431e+03
1.192495479863262131e-16 1.563245877521836583e-17 5.376012389898983201e+03
1.201769024811325208e-16 1.568320442586906285e-17 5.376639420043396967e+03
1.283853726583425241e-16 1.548941418246593045e-17 5.377266452642259537e+03
1.446720533247233278e-16 1.573756580833305718e-17 5.377893487679327336e+03
1.612618629756075838e-16 1.569773233716891212e-17 5.378520525138315861e+03
1.940366881480441537e-16 1.570077481289839916e-17 5.379147565002898773e+03
1.192528306527586084e-16 1.581133025396074219e-17 5.379774607256707895e+03
1.407128900076081641e-16 1.589370301009618748e-17 5.380401651883328668e+03
1.524544605643588105e-16 1.592737472106485633e-17 5.381028698866308332e+03
1.221747741954611000e-16 1.565467930208195754e-17 5.381655748189148653e+03
1.382379179845267095e-16 1.555949819955363702e-17 5.382282799835311380e+03
1.231663279501058968e-16 1.551432036139150364e-17 5.382909853788212786e+03
1.551093901609518391e-16 1.558475017823954722e-17 5.383536910031230946e+03
1.095676536012145120e-16 1.548295688251967332e-17 5.384163968547694822e+03
9.474812418741255364e-17 1.559889013418902687e-17 5.384791029320894268e+03
1.492373347621003048e-16 1.570019012860297452e-17 5.385418092334077301e+03
1.217848110546262712e-16 1.565172632870833140e-17 5.386045157570446463e+03
1.520443172051839326e-16 1.570712641310495480e-17 5.386672225013162461e+03
1.302834389672251180e-16 1.570890624639913355e-17 5.387299294645345981e+03
1.326721049738141664e-16 1.565663750970873894e-17 5.387926366450068599e+03
1.811789096067613601e-16 1.581613940938296708e-17 5.388553440410365511e+03
1.448040623087541230e-16 1.578885738759327363e-17 5.389180516509220979e+03
1.281239362860220322e-16 1.573102309699967741e-17 5.389807594729584707e+03
9.128405264946357630e-17 1.564840726319250359e-17 5.390434675054357285e+03
1.549777561516781177e-16 1.575073663458316675e-17 5.391061757466399285e+03
1.658265649130717209e-16 1.573994709736554616e-17 5.391688841948525805e+03
1.269261876797333732e-16 1.585886427953725931e-17 5.392315928483511016e+03
1.741650974960303762e-16 1.586682635946649391e-17 5.392943017054082702e+03
1.833837959081253253e-16 1.584196953145989732e-17 5.393570107642928633e+03
1.184647198282698071e-16 1.557686070232873125e-17 5.394197200232691102e+03
1.165965970556911865e-16 1.560861028115908930e-17 5.394824294805970567e+03
1.412606068770292865e-16 1.557580648624878997e-17 5.395451391345320189e+03
1.280493814993812353e-16 1.586268746793150718e-17 5.396078489833254935e+03
1.421090621322567384e-16 1.581064429386013326e-17 5.396705590252242473e+03
7.821423459904820149e-17 1.558775318370093834e-17 5.397332692584707729e+03
1.783947452772532601e-16 1.594918769468033327e-17 5.397959796813034700e+03
1.404830629648574967e-16 1.591059729107522091e-17 5.398586902919558270e+03
1.641209301027284970e-16 1.594111398762849930e-17 5.399214010886575124e+03
1.749984684025578139e-16 1.594389743311462627e-17 5.399841120696333746e+03
1.029487184523077677e-16 1.584520332014090930e-17 5.400468232331042600e+03
1.686368847715509194e-16 1.595909840937119263e-17 5.401095345772862856e+03
1.487585185416607215e-16 1.583055653601696688e-17 5.401722461003913850e+03
1.082556396229825712e-16 1.586276355472967216e-17 5.402349578006272168e+03
1.304871969506236213e-16 1.584834528548881114e-17 5.402976696761967105e+03
8.914241189916844451e-17 1.575563294995109931e-17 5.403603817252986119e+03
1.222225105357686235e-16 1.577599540468630151e-17 5.404230939461273010e+03
1.710190984244186951e-16 1.588487062660217959e-17 5.404858063368727016e+03
1.871127703004337478e-16 1.593213325235808213e-17 5.405485188957200990e+03
1.205925951609695372e-16 1.569177425510858986e-17 5.406112316208506854e+03
1.722882457202004297e-16 1.600102389489413325e-17 5.406739445104411061e+03
1.234202401503826478e-16 1.587413683506942373e-17 5.407366575626636404e+03
1.500111758200649703e-16 1.606529202984992157e-17 5.407993707756861113e+03
1.218902622698794346e-16 1.597072532366820519e-17 5.408620841476717032e+03
1.153455962912667141e-16 1.586684822553076051e-17 5.409247976767794171e+03
1.483316486702310117e-16 1.601914972711528662e-17 5.409875113611638881e+03
1.320391967105022556e-16 1.601103578655118715e-17 5.410502251989748402e+03
1.663447556087855200e-16 1.614304050493579848e-17 5.411129391883581775e+03
1.474159167835781285e-16 1.601257971260940373e-17 5.411756533274548929e+03
1.586954095813150656e-16 1.611275993702161064e-17 5.412383676144017954e+03
1.268450005938325180e-16 1.610077050216399917e-17 5.413010820473309650e+03
9.982895999061775872e-17 1.611388960760438683e-17 5.413637966243701158e+03
1.438347374436933738e-16 1.612158172622967326e-17 5.414265113436427782e+03
1.176291112150313123e-16 1.618659426462467223e-17 5.414892262032675717e+03
1.054713544787407002e-16 1.629832255320289139e-17 5.415519412013589317e+03
1.738127315194659706e-16 1.625171705659539328e-17 5.416146563360266555e+03
1.154793477280444273e-16 1.611176419835820554e-17 5.416773716053760836e+03
1.139330432539088243e-16 1.612490112716465284e-17 5.417400870075081912e+03
1.332124595015336591e-16 1.620188353117389827e-17 5.418028025405194057e+03
1.244770965099585933e-16 1.626166933856287805e-17 5.418655182025015165e+03
1.011326290773295974e-16 1.622595046303765735e-17 5.419282339915420380e+03
1.794198885308232903e-16 1.639721402431081357e-17 5.419909499057236644e+03
1.530859540775821355e-16 1.626952366501165740e-17 5.420536659431249973e+03
1.485545422522803588e-16 1.630052749624875233e-17 5.421163821018198178e+03
1.573482248924357410e-16 1.638687337085402820e-17 5.421790983798774505e+03
1.079984131401230867e-16 1.625499007245643701e-17 5.422418147753627636e+03
1.419064884516350943e-16 1.628394388042935447e-17 5.423045312863360778e+03
1.547249345371287163e-16 1.633315673792774822e-17 5.423672479108531661e+03
1.036215731509259095e-16 1.619531076247252817e-17 5.424299646469651634e+03
1.915631485659586283e-16 1.648803765668380240e-17 5.424926814927189298e+03
1.471331484568010466e-16 1.637799305076249876e-17 5.425553984461565051e+03
1.246468528515079280e-16 1.662640030842658067e-17 5.426181155053156544e+03
1.168558622526399380e-16 1.674894169298132900e-17 5.426808326682292318e+03
1.981928789800558719e-16 1.715617549712267614e-17 5.427435499329259983e+03
1.408014744395702333e-16 1.701762867094778540e-17 5.428062672974298039e+03
1.247743807727581877e-16 1.713899185512486768e-17 5.428689847597600419e+03
1.182415154544926681e-16 1.696917308759525039e-17 5.429317023179317403e+03
1.209397148426158409e-16 1.684236285012343857e-17 5.429944199699546516e+03
1.257802362105898419e-16 1.673007052989710398e-17 5.430571377138348907e+03
9.178270885939481996e-17 1.668582937025149679e-17 5.431198555475735702e+03
1.643070536042037279e-16 1.683051778203315318e-17 5.431825734691670732e+03
1.933581716705427684e-16 1.685008235041761520e-17 5.432452914766072354e+03
1.790982101183596728e-16 1.678229840388016026e-17 5.433080095678817088e+03
1.630925292214038185e-16 1.689879197698309629e-17 5.433707277409732342e+03
1.415600001155204969e-16 1.670350262952535240e-17 5.434334459938597320e+03
1.624544665462942741e-16 1.693115903285445556e-17 5.434961643245149389e+03
1.588002256431995838e-16 1.690583795977451387e-17 5.435588827309076805e+03
1.469445453765511396e-16 1.684497719392271173e-17 5.436216012110025986e+03
1.334472091955109600e-16 1.682266150827955296e-17 5.436843197627590598e+03
9.062834228985718802e-17 1.689623309781704699e-17 5.437470383841324292e+03
1.614091852027846510e-16 1.704280797439402711e-17 5.438097570730731604e+03
1.283887827690529669e-16 1.695557463514794636e-17 5.438724758275268869e+03
1.257695349569992960e-16 1.690534152750582280e-17 5.439351946454352401e+03
1.276985740142674613e-16 1.708464310771799959e-17 5.439979135247345766e+03
1.031118924852164189e-16 1.701745323443410636e-17 5.440606324633568875e+03
1.753515079761241527e-16 1.709190297086310893e-17 5.441233514592295251e+03
2.086039667416933817e-16 1.734542531512384250e-17 5.441860705102752036e+03
1.262064186442038797e-16 1.704654303898054317e-17 5.442487896144119077e+03
1.386033077145510068e-16 1.721389902530859556e-17 5.443115087695530747e+03
1.805843487700455213e-16 1.720233437866334651e-17 5.443742279736073215e+03
1.190003520391184652e-16 1.723543382275282031e-17 5.444369472244788085e+03
1.215955335430498695e-16 1.712093957308290413e-17 5.444996665200668758e+03
1.468063245859792806e-16 1.709408581162938943e-17 5.445623858582662251e+03
2.046454231669047775e-16 1.715928416084193096e-17 5.446251052369669196e+03
1.339801945693286603e-16 1.706102932612208555e-17 5.446878246540543842e+03
1.388468131516766725e-16 1.717358218132409057e-17 5.447505441074092232e+03
1.038737294345450269e-16 1.717710270778101395e-17 5.448132635949074938e+03
1.481950219446365298e-16 1.710869362560490912e-17 5.448759831144204327e+03
1.516385504770450445e-16 1.730161072193774722e-17 5.449387026638147290e+03
1.295526298910672819e-16 1.737661823913339134e-17 5.450014222409523427e+03
1.320902645691621072e-16 1.739186703006846551e-17 5.450641418436903223e+03
1.135091721153537849e-16 1.744865595239087786e-17 5.451268614698813508e+03
1.489128950871799367e-16 1.754688198432848901e-17 5.451895811173731090e+03
1.369154320432623285e-16 1.767694658438061913e-17 5.452523007840088212e+03
1.417937975606324794e-16 1.754943312758745781e-17 5.453150204676267094e+03
1.587839198940719527e-16 1.770585006557023597e-17 5.453777401660603573e+03
1.585851258610248600e-16 1.772757227452965259e-17 5.454404598771388919e+03
1.573659769565473777e-16 1.768038899089138164e-17 5.455031795986864381e+03
1.695796766141468177e-16 1.778766751613591504e-17 5.455658993285223914e+03
1.559918500389682089e-16 1.777389140681213027e-17 5.456286190644615999e+03
1.691924861185078474e-16 1.769185092706582327e-17 5.456913388043138184e+03
2.284014804624374152e-16 1.794357094153617257e-17 5.457540585458844362e+03
1.354358965605049827e-16 1.783566712606649049e-17 5.458167782869739312e+03
1.466991830479667432e-16 1.803285517356446549e-17 5.458794980253778704e+03
1.767219043471924238e-16 1.814306289040347560e-17 5.459422177588873637e+03
1.631092827511386347e-16 1.812633547201786108e-17 5.460049374852887922e+03
1.190720812021838373e-16 1.812515770686719948e-17 5.460676572023628978e+03
1.724799217951352866e-16 1.830969131166777044e-17 5.461303769078873302e+03
7.818367786087608032e-17 1.826071964805360491e-17 5.461930965996330997e+03
1.510310743857845072e-16 1.829336214892629710e-17 5.462558162753680335e+03
1.655006567471775960e-16 1.850009669364991249e-17 5.463185359328539562e+03
1.421043579052119980e-16 1.832899690879724698e-17 5.463812555698485085e+03
1.829840503243193824e-16 1.824915858956955612e-17 5.464439751841046018e+03
1.748468282087490487e-16 1.825920346555032072e-17 5.465066947733701454e+03
1.441883741009820687e-16 1.833649912939731029e-17 5.465694143353881373e+03
1.498857363067572449e-16 1.833484188353446489e-17 5.466321338678972097e+03
1.590064074594157937e-16 1.843614220787242396e-17 5.466948533686307201e+03
1.476976980120495488e-16 1.841619973005376026e-17 5.467575728353173872e+03
2.096109292460168278e-16 1.863527241341820165e-17 5.468202922656813826e+03
1.599534156210908167e-16 1.862777030103485693e-17 5.468830116574415115e+03
1.147702872748123200e-16 1.852786188948311236e-17 5.469457310083122138e+03
1.671219005062584329e-16 1.862009710866850626e-17 5.470084503160029271e+03
1.454519729947871348e-16 1.872783624920161677e-17 5.470711695782183597e+03
1.706680102379528503e-16 1.879807065181150635e-17 5.471338887926582174e+03
1.333697289287810362e-16 1.868788714047246365e-17 5.471966079570172951e+03
1.722397057222380205e-16 1.892006115321517554e-17 5.472593270689860219e+03
1.609477747583434451e-16 1.882272382501988280e-17 5.473220461262497338e+03
1.077641494318577706e-16 1.883621609170390913e-17 5.473847651264883098e+03
1.864874688085717254e-16 1.893404432495551085e-17 5.474474840673776271e+03
7.761678923164552482e-17 1.872889553419089915e-17 5.475102029465886517e+03
1.556702795700040465e-16 1.904702727661045677e-17 5.475729217617868926e+03
1.791925748168239968e-16 1.921757877014369811e-17 5.476356405106334023e+03
1.743357099669902606e-16 1.911944128625653602e-17 5.476983591907843220e+03
1.409658870973543025e-16 1.910952292651125980e-17 5.477610777998907906e+03
1.104600232808246142e-16 1.920120286740192585e-17 5.478237963355992179e+03
1.908153477683607049e-16 1.939464495679584891e-17 5.478865147955511929e+03
1.495466645382064648e-16 1.934389747727269664e-17 5.479492331773831211e+03
1.961366662748148049e-16 1.950841906171979170e-17 5.480119514787267690e+03
1.343899918745506718e-16 1.937668854709827756e-17 5.480746696972089012e+03
1.884333551965776783e-16 1.965809331731136174e-17 5.481373878304514619e+03
2.072954212996762939e-16 1.962816345519831830e-17 5.482001058760713931e+03
9.400189742957646666e-17 1.946770922743962480e-17 5.482628238316809075e+03
1.455075302033131929e-16 1.976374073991358785e-17 5.483255416948872153e+03
2.045455644813605387e-16 1.992697312136953943e-17 5.483882594632922519e+03
1.555106004053737550e-16 1.994054754418810548e-17 5.484509771344936780e+03
1.809652241825000489e-16 2.022413555850813134e-17 5.485136947060838793e+03
2.159144680954493702e-16 2.031582657229200947e-17 5.485764121756501481e+03
1.544670828803009245e-16 2.031678356032505390e-17 5.486391295407752295e+03
2.147665239992624168e-16 2.039410136808860229e-17 5.487018467990368663e+03
1.787130078161231393e-16 2.043658028374851449e-17 5.487645639480075261e+03
1.329738999693307713e-16 2.036765554773696783e-17 5.488272809852551291e+03
1.907113722547929868e-16 2.064287070423912931e-17 5.488899979083424114e+03
1.702565741211860549e-16 2.052090171467263030e-17 5.489527147148271979e+03
1.703709640431167946e-16 2.062873632127362427e-17 5.490154314022624021e+03
1.959948156115300289e-16 2.086196158595602674e-17 5.490781479681960263e+03
1.656905420548201407e-16 2.074282486259568870e-17 5.491408644101709797e+03
1.314290413554165653e-16 2.055346069534415233e-17 5.492035807257253509e+03
2.019860613512060704e-16 2.104222359140403783e-17 5.492662969123920448e+03
1.303226021795819964e-16 2.086093855644291163e-17 5.493290129676993274e+03
1.932158536231757139e-16 2.116063411495672466e-17 5.493917288891701901e+03
1.663581383999675219e-16 2.115433262374879384e-17 5.494544446743227127e+03
2.180267072588001734e-16 2.147700870152506337e-17 5.495171603206701548e+03
1.784945074202996515e-16 2.126345917723103238e-17 5.495798758257205009e+03
1.264718625290832772e-16 2.119389051836068072e-17 5.496425911869768242e+03
1.743925294402121954e-16 2.163944083844934376e-17 5.497053064019375597e+03
2.174940958613234368e-16 2.163560280286412119e-17 5.497680214680955032e+03
1.577357510896074953e-16 2.184925855532183150e-17 5.498307363829389942e+03
1.464621225815223206e-16 2.182584626735301166e-17 5.498934511439511880e+03
1.214201216625163084e-16 2.219310267808748379e-17 5.499561657486099648e+03
1.314486434688325137e-16 1.660578649037036214e-17 5.600220586263661062e+03
1.537328310811689932e-16 1.648287650021767038e-17 5.601447758936043101e+03
1.365869117367806049e-16 1.651935057950743442e-17 5.602674990382034593e+03
1.518150548751895561e-16 1.673664200310498916e-17 5.603902280342203085e+03
1.079753564054760823e-16 1.676839118701530164e-17 5.605129628558986042e+03
1.627959799151456706e-16 1.673412436535477917e-17 5.606357034776690853e+03
1.398765166924067080e-16 1.622572832418925155e-17 5.607584498741472089e+03
1.086993444576536690e-16 1.550620298564485317e-17 5.608812020201336054e+03
1.367997738581661822e-16 1.531966711694379682e-17 5.610039598906123501e+03
1.307802994955791618e-16 1.485554710487519875e-17 5.611267234607510545e+03
1.483369585495849229e-16 1.471250676731453109e-17 5.612494927058987741e+03
1.100445041680391239e-16 1.458025150772167631e-17 5.613722676015864636e+03
1.451954546832746171e-16 1.445499680712221642e-17 5.614950481235257030e+03
1.472891386400581373e-16 1.430981896667954678e-17 5.616178342476074249e+03
1.684656817638608557e-16 1.416848005450154048e-17 5.617406259499015505e+03
1.343545840865294594e-16 1.437344583376084235e-17 5.618634232066566256e+03
1.398305016742282481e-16 1.411876226614862779e-17 5.619862259942980927e+03
1.407657570818288202e-16 1.395919094021957383e-17 5.621090342894280184e+03
1.497475459824185444e-16 1.402662369925752156e-17 5.622318480688240015e+03
1.371846638706505720e-16 1.404015248459821758e-17 5.623546673094390826e+03
1.106160919699686466e-16 1.396034206340487618e-17 5.624774919883997427e+03
1.038451314586559925e-16 1.362676951496246118e-17 5.626003220830064492e+03
1.458440858510712882e-16 1.369118024830791879e-17 5.627231575707317461e+03
1.693188653806217288e-16 1.337474508101930115e-17 5.628459984292201625e+03
1.216713763815977138e-16 1.320633046840960140e-17 5.629688446362872128e+03
9.345218022864665880e-17 1.307683910368361322e-17 5.630916961699183958e+03
1.116314015823486235e-16 1.298282502579245142e-17 5.632145530082689220e+03
1.399539939070156211e-16 1.285806991591924056e-17 5.633374151296622586e+03
1.568532140709175037e-16 1.258566983744303243e-17 5.634602825125899471e+03
1.256025527165545396e-16 1.240275262999309529e-17 5.635831551357106946e+03
1.490191199518968785e-16 1.229903755768751828e-17 5.637060329778490996e+03
1.437555339177911913e-16 1.204753226507022779e-17 5.638289160179958344e+03
1.524558487999755949e-16 1.195133507742220847e-17 5.639518042353058263e+03
1.380112111617884663e-16 1.186878327011024969e-17 5.640746976090983480e+03
1.390820061620539826e-16 1.177250481711073138e-17 5.641975961188555630e+03
1.606534768991857580e-16 1.175825816497770179e-17 5.643204997442222520e+03
1.403991915073742976e-16 1.175259269695566330e-17 5.644434084650050863e+03
1.442681312540223935e-16 1.174187227608644912e-17 5.645663222611713536e+03
1.547080215350148433e-16 1.170865554455550575e-17 5.646892411128486856e+03
1.584744450057796662e-16 1.160104038194074209e-17 5.648121650003240575e+03
1.062021308050081643e-16 1.144527395066625123e-17 5.649350939040432422e+03
1.574688106360336151e-16 1.140211080705315330e-17 5.650580278046098101e+03
1.068183995018958157e-16 1.115344620796050425e-17 5.651809666827844012e+03
1.412879423610903706e-16 1.116065291262256224e-17 5.653039105194844524e+03
1.465633547890675392e-16 1.086308580701030357e-17 5.654268592957827423e+03
1.360335107069480025e-16 1.073628492947058579e-17 5.655498129929073912e+03
1.380407143459620452e-16 1.066473827649557461e-17 5.656727715922399511e+03
1.209627475749573124e-16 1.060713134554896690e-17 5.657957350753162245e+03
1.626964306757761541e-16 1.054465169828658455e-17 5.659187034238245360e+03
1.531698228870464083e-16 1.050157108193914857e-17 5.660416766196049139e+03
1.341953672543047719e-16 1.043775497937509802e-17 5.661646546446489083e+03
1.385181676941541898e-16 1.040629295092462740e-17 5.662876374810986817e+03
1.597940228471609898e-16 1.043186207211506703e-17 5.664106251112458267e+03
1.397501587706365509e-16 1.027044734921351621e-17 5.665336175175315475e+03
1.566942508657748061e-16 1.037424602168989595e-17 5.666566146825449323e+03
1.493175392841770663e-16 1.023849271936799173e-17 5.667796165890229531e+03
1.527423370084722984e-16 1.028533639733289031e-17 5.669026232198494654e+03
1.569933480440180803e-16 1.031883394672427693e-17 5.670256345580544803e+03
1.138196913452282809e-16 1.003275809927041652e-17 5.671486505868137101e+03
1.262815924373310035e-16 9.989800211588967443e-18 5.672716712894471129e+03
1.430670489741197115e-16 9.937315539874148139e-18 5.673946966494191656e+03
1.473450896123801924e-16 9.959691586881386620e-18 5.675177266503378632e+03
1.818917082646024429e-16 1.001941084809845097e-17 5.676407612759532640e+03
1.614332248978075597e-16 9.892452626057078769e-18 5.677638005101578528e+03
1.482050139148739080e-16 9.810822856158543021e-18 5.678868443369851775e+03
1.756465176160049448e-16 9.853797112876956593e-18 5.680098927406092116e+03
1.628025848759151682e-16 9.765337034187309163e-18 5.681329457053439910e+03
1.853370778174187733e-16 9.774436468699976885e-18 5.682560032156427042e+03
1.657969895230082789e-16 9.668198145874539385e-18 5.683790652560966919e+03
1.259187967490264596e-16 9.599941709078549365e-18 5.685021318114353562e+03
1.534086946333188887e-16 9.615645278686271762e-18 5.686252028665250691e+03
1.351937883924524846e-16 9.487472517793954987e-18 5.687482784063686267e+03
1.476274740557993227e-16 9.430880465809427063e-18 5.688713584161042490e+03
1.619122154169383036e-16 9.669989213954544392e-18 5.689944428810056706e+03
1.347863700199656307e-16 9.634436886349216701e-18 5.691175317864805038e+03
1.142750175897698466e-16 9.532623792253735086e-18 5.692406251180700565e+03
1.416187661375306433e-16 9.525627179739312086e-18 5.693637228614490596e+03
1.722948468096986614e-16 9.541820835402987390e-18 5.694868250024238478e+03
1.377161167426470438e-16 9.311291931791286618e-18 5.696099315269329963e+03
1.702082487575831016e-16 9.406461263309689723e-18 5.697330424210455021e+03
1.379124797438233659e-16 9.291693086895171859e-18 5.698561576709609653e+03
1.570481224772510026e-16 9.265748925534779097e-18 5.699792772630084983e+03
1.132171066621676914e-16 9.112858872919464979e-18 5.701024011836461796e+03
1.569038051907605699e-16 9.174780332745949094e-18 5.702255294194603266e+03
1.490093819558719910e-16 9.097362136089572439e-18 5.703486619571647680e+03
1.749549506406450928e-16 9.116762512790772242e-18 5.704717987836005705e+03
1.324951152325897465e-16 9.084006326128211994e-18 5.705949398857346750e+03
1.422666461933894726e-16 9.007553219499189057e-18 5.707180852506600786e+03
1.413527960400504965e-16 8.955456959272012061e-18 5.708412348655943788e+03
1.631552285199153742e-16 9.015817453363351540e-18 5.709643887178799559e+03
1.364142264663117593e-16 8.861029468669951117e-18 5.710875467949821541e+03
1.725205355401459234e-16 8.816621547043821046e-18 5.712107090844901904e+03
1.489408385282574189e-16 8.786325803133738739e-18 5.713338755741149726e+03
1.553455387659497958e-16 8.780035223597322791e-18 5.714570462516894622e+03
1.499829349969604081e-16 8.691122103281781925e-18 5.715802211051676750e+03
1.422723341658959902e-16 8.735993304474501103e-18 5.717034001226240434e+03
1.397078847258907467e-16 8.849898550322357887e-18 5.718265832922525078e+03
1.530693697985532552e-16 8.870674297946433459e-18 5.719497706023671526e+03
1.387563071502397919e-16 8.842644403214459943e-18 5.720729620413992961e+03
1.356246861594633384e-16 8.567953238557129872e-18 5.721961575978988549e+03
1.487791859445676734e-16 8.545913378316794501e-18 5.723193572605330701e+03
1.507058987539476437e-16 8.491388307531011920e-18 5.724425610180856893e+03
1.314635555722451450e-16 8.602022255962469247e-18 5.725657688594563297e+03
1.164812641536359079e-16 8.545132523959096608e-18 5.726889807736601142e+03
1.444208964612464479e-16 8.585339228434545601e-18 5.728121967498268532e+03
1.402954698717754266e-16 8.454817380472777674e-18 5.729354167772005894e+03
1.520595652398532363e-16 8.390806821145792948e-18 5.730586408451389616e+03
1.445825120017134363e-16 8.388194342886232933e-18 5.731818689431122039e+03
1.383153451209078208e-16 8.467311330486674566e-18 5.733051010607029639e+03
1.495372911407775039e-16 8.483473496744330404e-18 5.734283371876055753e+03
1.440062898933909948e-16 8.361467695369731894e-18 5.735515773136255120e+03
1.527749388031634454e-16 8.188105610767344708e-18 5.736748214286784787e+03
1.361265544015423191e-16 8.124350157267546792e-18 5.737980695227900469e+03
1.538174895642747607e-16 8.048287972408600916e-18 5.739213215860951095e+03
1.695325723173973333e-16 8.067418324833829019e-18 5.740445776088371531e+03
1.534572504361888391e-16 8.040344552724098810e-18 5.741678375813676212e+03
1.641119642062517658e-16 8.044881233397183249e-18 5.742911014941451867e+03
1.446419202750703189e-16 8.028119425696411891e-18 5.744143693377356612e+03
1.518529314724627019e-16 8.056676053389402539e-18 5.745376411028109942e+03
1.510969410432811577e-16 7.982491140894395910e-18 5.746609167801483636e+03
1.497670802465470613e-16 7.912006797086437342e-18 5.747841963606304489e+03
1.527565513974900654e-16 7.846160619053691349e-18 5.749074798352439757e+03
1.383855935349572036e-16 7.846288194559568515e-18 5.750307671950796248e+03
1.646744110712148730e-16 7.845492822235585221e-18 5.751540584313314866e+03
1.470136911875726271e-16 7.804800745933473923e-18 5.752773535352958788e+03
1.429326026051484407e-16 7.769966775125597238e-18 5.754006524983718919e+03
1.369485009535467230e-16 7.918317075944156900e-18 5.755239553120591154e+03
1.571856448560139930e-16 7.928771554997054044e-18 5.756472619679587297e+03
1.217335406584731791e-16 7.830952995298383608e-18 5.757705724577722322e+03
1.419115406703140846e-16 7.859017234357830403e-18 5.758938867733004372e+03
1.509086157548605305e-16 7.764446997879898034e-18 5.760172049064436578e+03
1.409140176622030870e-16 7.665840313550211270e-18 5.761405268492006144e+03
1.497040189969020378e-16 7.624970606841606561e-18 5.762638525936680708e+03
1.569227685320139066e-16 7.646489772227273144e-18 5.763871821320401978e+03
1.346649889666751845e-16 7.668979269303452065e-18 5.765105154566083002e+03
1.568985987839832170e-16 7.704664035409446307e-18 5.766338525597593616e+03
1.392545260878918630e-16 7.692734110411398450e-18 5.767571934339768632e+03
1.432403069972349887e-16 7.659857888177831987e-18 5.768805380718386914e+03
1.479217552267794159e-16 7.697503149758238003e-18 5.770038864660179570e+03
1.235889306199163810e-16 7.663580034207650010e-18 5.771272386092814486e+03
1.510783964835480143e-16 7.800441164765767819e-18 5.772505944944895418e+03
1.191096707906955857e-16 7.742807416170266410e-18 5.773739541145954718e+03
1.516799950243531049e-16 7.666619477843622185e-18 5.774973174626449691e+03
1.259883726536557563e-16 7.515542722315348809e-18 5.776206845317754414e+03
1.571013348768433905e-16 7.502463831003698568e-18 5.777440553152157008e+03
1.381594579813809792e-16 7.519621239705533571e-18 5.778674298062847811e+03
1.402278745735654613e-16 7.517758916036867095e-18 5.779908079983926655e+03
1.587975241780154799e-16 7.458074864729076611e-18 5.781141898850383768e+03
1.385433393409964901e-16 7.381145868833651202e-18 5.782375754598100684e+03
1.501755495302086981e-16 7.412524127100575978e-18 5.783609647163846603e+03
1.578643299351454768e-16 7.375488713556922916e-18 5.784843576485267477e+03
1.591725431359006196e-16 7.372694925178065591e-18 5.786077542500883283e+03
1.649001949246530025e-16 7.381019683190578228e-18 5.787311545150087113e+03
1.607855351173365623e-16 7.361472829724040586e-18 5.788545584373132442e+03
1.359991825421933993e-16 7.362258778641019796e-18 5.789779660111131307e+03
1.731072773023909484e-16 7.409368315558319935e-18 5.791013772306048850e+03
1.438919342730493461e-16 7.373855525191457829e-18 5.792247920900695135e+03
1.580208906961968309e-16 7.334630924223788427e-18 5.793482105838727875e+03
1.570169575925716104e-16 7.343030907839721246e-18 5.794716327064639700e+03
1.511951137212567325e-16 7.321993565190880607e-18 5.795950584523750877e+03
1.484886966762635155e-16 7.340758664647978695e-18 5.797184878162212954e+03
1.612899329228129690e-16 7.306150569799254882e-18 5.798419207926997842e+03
1.439908891964026665e-16 7.243602781006102695e-18 5.799653573765890542e+03
1.526826081915679257e-16 7.263989210293082568e-18 5.800887975627489141e+03
1.430986382102005738e-16 7.260548933801934372e-18 5.802122413461198448e+03
1.578597877728214591e-16 7.294312383410358585e-18 5.803356887217221811e+03
1.458528399278718342e-16 7.235481524006219402e-18 5.804591396846555654e+03
1.534983159940815533e-16 7.212370500899358437e-18 5.805825942300991301e+03
1.313347509333272845e-16 7.305221191600284630e-18 5.807060523533102241e+03
1.351279767156590785e-16 7.401818784795860917e-18 5.808295140496240492e+03
1.511690705884154601e-16 7.446226565450216079e-18 5.809529793144537507e+03
1.519091428340776076e-16 7.440471022100895166e-18 5.810764481432889625e+03
1.356272285277448524e-16 7.359801103802332526e-18 5.811999205316958978e+03
1.448135592357240734e-16 7.281901403326231380e-18 5.813233964753169857e+03
1.465454133769483656e-16 7.281623882688572266e-18 5.814468759698696886e+03
1.355893461256894445e-16 7.265083857737713430e-18 5.815703590111469566e+03
1.497083439853632316e-16 7.313455335075574376e-18 5.816938455950155912e+03
1.346305675211738175e-16 7.278494607075920001e-18 5.818173357174168814e+03
1.343067466008588312e-16 7.264821460120671083e-18 5.819408293743650574e+03
1.527044443365440513e-16 7.268370349685619366e-18 5.820643265619481099e+03
1.356841576449288439e-16 7.281102492429896662e-18 5.821878272763256064e+03
1.512265862488640328e-16 7.479440439343694514e-18 5.823113315137296013e+03
1.373144955361023385e-16 7.299626553561177384e-18 5.824348392704635444e+03
1.453588525478215802e-16 7.240029700522605999e-18 5.825583505429018260e+03
1.412478009607739399e-16 7.143070550680205449e-18 5.826818653274895951e+03
1.500250496571172669e-16 7.130021322678458383e-18 5.828053836207416680e+03
1.608179595081350844e-16 7.132451387887230838e-18 5.829289054192427102e+03
1.555784096759271848e-16 7.128452078577370678e-18 5.830524307196465088e+03
1.323587472957649459e-16 7.065904081326883039e-18 5.831759595186748811e+03
1.421234872985743945e-16 7.085227018768255649e-18 5.832994918131184022e+03
1.486003485184814285e-16 7.094731957991489194e-18 5.834230275998352226e+03
1.350149699537261010e-16 7.447879320212475487e-18 5.835465668757501589e+03
1.098428390009650729e-16 7.388510272523652493e-18 5.836701096378550574e+03
1.339501058025983688e-16 7.390439115094243515e-18 5.837936558832083392e+03
1.204413453093794586e-16 7.335031130164420714e-18 5.839172056089332727e+03
1.391283230658652963e-16 7.130612394514191986e-18 5.840407588122190646e+03
1.527019875512924839e-16 7.037120724431614039e-18 5.841643154903198592e+03
1.507924881363353904e-16 7.017565005112261313e-18 5.842878756405534659e+03
1.492843101949182310e-16 7.007517367491524520e-18 5.844114392603021770e+03
1.387618032442031753e-16 7.012510832684576730e-18 5.845350063470114947e+03
1.576244883892034612e-16 7.051339876037033131e-18 5.846585768981896763e+03
1.424851055473861377e-16 7.010429361500083301e-18 5.847821509114080072e+03
1.506803107945739675e-16 7.032516624805735214e-18 5.849057283842991637e+03
1.505300280665459714e-16 7.070147387801605899e-18 5.850293093145577586e+03
1.581924009397416956e-16 7.090001872984461612e-18 5.851528936999397047e+03
1.580233270469198044e-16 7.126813274000128318e-18 5.852764815382611232e+03
1.659117685039684536e-16 7.113373796569754441e-18 5.854000728273986169e+03
1.501122197236354820e-16 7.038452005783097967e-18 5.855236675652886333e+03
1.445476799852877940e-16 6.997643957097656892e-18 5.856472657499267370e+03
1.453716127002956681e-16 6.948896307234939352e-18 5.857708673793676098e+03
1.495872832895086362e-16 6.945159158677635260e-18 5.858944724517240502e+03
1.674110877119700010e-16 7.033226573128018196e-18 5.860180809651672462e+03
1.377018925727766622e-16 6.993448347448513046e-18 5.861416929179253202e+03
1.392603290423402738e-16 6.993158992589071524e-18 5.862653083082843295e+03
1.644712441737496378e-16 7.162601237916081216e-18 5.863889271345862653e+03
1.354280743476071653e-16 7.586952002600983885e-18 5.865125493952295074e+03
1.560172683102722842e-16 8.178934662366676218e-18 5.866361750886685513e+03
1.628275979114406001e-16 8.638637937184356911e-18 5.867598042134130083e+03
1.336308108317003084e-16 8.541012137508599808e-18 5.868834367680272408e+03
1.489402604464890235e-16 8.195109974286286997e-18 5.870070727511303630e+03
1.394554669156577725e-16 7.631550921845109134e-18 5.871307121613955132e+03
1.465649406087672956e-16 7.437714056565481725e-18 5.872543549975493079e+03
1.504279673671070444e-16 7.374965057963799674e-18 5.873780012583716598e+03
1.244849582572757755e-16 7.371522344472770934e-18 5.875016509426952325e+03
1.522838133608997425e-16 7.325002573310013594e-18 5.876253040494051675e+03
1.539966946150018746e-16 7.254598066957711785e-18 5.877489605774380834e+03
1.584970972687510136e-16 7.212362271521736131e-18 5.878726205257828042e+03
1.420857721231687180e-16 7.156905962933209655e-18 5.879962838934787214e+03
1.599715089561819505e-16 7.146742680245490032e-18 5.881199506796159767e+03
1.511895980532601223e-16 7.221981270761195928e-18 5.882436208833350065e+03
1.779347993775868108e-16 7.261220975612411413e-18 5.883672945038260877e+03
1.591974244042977997e-16 7.297877692156287221e-18 5.884909715403289738e+03
1.589378009314404652e-16 7.533959834442571875e-18 5.886146519921322579e+03
1.670218990469363695e-16 8.623211666053561407e-18 5.887383358585731912e+03
2.035885101645749901e-16 1.138695261080090100e-17 5.888620231390374101e+03
1.131775138051631213e-16 1.649852014137842648e-17 5.889857138329580266e+03
2.043682142363157204e-16 1.824592795818133202e-17 5.891094079398157191e+03
2.914893978451885612e-16 1.627850337356333000e-17 5.892331054591380052e+03
6.278931425618295955e-17 1.101843329575486099e-17 5.893568063904989685e+03
1.537896376282583273e-16 1.032811529888598958e-17 5.894805107335189859e+03
9.917170776514097506e-17 1.412247480706057856e-17 5.896042184878639091e+03
1.497721303268540165e-16 1.486331365817425249e-17 5.897279296532453372e+03
2.116311871119927562e-16 1.313095910926975591e-17 5.898516442294194349e+03
1.974832468250192531e-17 8.764884185348345847e-18 5.899753622161872045e+03
1.558046242276739822e-16 7.300374381194940161e-18 5.900990836133938501e+03
1.579270127288378792e-16 7.307007299350447619e-18 5.902228084209278677e+03
1.560375896318827497e-16 7.343691699275496005e-18 5.903465366387215909e+03
1.410622067235396583e-16 7.331946858841707669e-18 5.904702682667504632e+03
1.165749662502829863e-16 7.583210704194107810e-18 5.905940033050319471e+03
1.346609164140892665e-16 7.785661238378693113e-18 5.907177417536262510e+03
1.126263209784246885e-16 7.893142265139768987e-18 5.908414836126350565e+03
1.559637482087388322e-16 7.694373436173049508e-18 5.909652288822016999e+03
1.304183153137678866e-16 7.292265288010411952e-18 5.910889775625105358e+03
1.275909257910073707e-16 7.316114452331390151e-18 5.912127296537864822e+03
1.474189756809131045e-16 7.311501983407218882e-18 5.913364851562946569e+03
1.463359748699084673e-16 7.855523483329072978e-18 5.914602440703404682e+03
1.307415221472046177e-16 8.600887775058251030e-18 5.915840063962685235e+03
1.448116972751166808e-16 8.509160134226926758e-18 5.917077721344626298e+03
1.486495825444021314e-16 7.951434587433856059e-18 5.918315412853455200e+03
1.311967262510733338e-16 7.243140625101894025e-18 5.919553138493781262e+03
1.491541163303505036e-16 7.199712357793876144e-18 5.920790898270595790e+03
1.541565378819855374e-16 7.254385463802497062e-18 5.922028692189265712e+03
1.505382704861895625e-16 7.243662313893768757e-18 5.923266520255529940e+03
1.310442771972245343e-16 7.661613593971076715e-18 5.924504382475499369e+03
1.527005233640925492e-16 7.805921172481111959e-18 5.925742278855649602e+03
1.637310320205429010e-16 7.729824604801382147e-18 5.926980209402814580e+03
1.383027777705964895e-16 7.363937979900370811e-18 5.928218174124191137e+03
1.540029058157269018e-16 7.174007597474795716e-18 5.929456173027328077e+03
1.320623123377503657e-16 7.185278457866275288e-18 5.930694206120126182e+03
1.196700329262924944e-16 7.714451216190136090e-18 5.931932273410833659e+03
1.553834182648210086e-16 8.688468638293627957e-18 5.933170374908040685e+03
1.388457167601886022e-16 8.820069243599074528e-18 5.934408510620680318e+03
1.797938191911067227e-16 8.339622844569861705e-18 5.935646680558021217e+03
1.203977088281597837e-16 7.288933233958095299e-18 5.936884884729663099e+03
1.418242860117966432e-16 7.137349159922451505e-18 5.938123123145538557e+03
1.413289424846415083e-16 7.130523405615650005e-18 5.939361395815903961e+03
1.547932247264882009e-16 7.140323469222613876e-18 5.940599702751339464e+03
1.464102155402800684e-16 7.122764234812522904e-18 5.941838043962743541e+03
1.435235272726886149e-16 7.167442244601794658e-18 5.943076419461331170e+03
1.609798271825963285e-16 7.238716421266059758e-18 5.944314829258626560e+03
1.406081796912971706e-16 7.529585285241484503e-18 5.945553273366465874e+03
1.500492087341377448e-16 7.786183117108586196e-18 5.946791751796989047e+03
1.584766361920798629e-16 7.768391212191133497e-18 5.948030264562637967e+03
1.336341094236578910e-16 7.380548938898606886e-18 5.949268811676151927e+03
1.606980593589194476e-16 7.195639898981390054e-18 5.950507393150566713e+03
1.614415539675277612e-16 7.335875267988456608e-18 5.951746008999210972e+03
1.364794887406858398e-16 8.238996240211311350e-18 5.952984659235695290e+03
1.429799315363804660e-16 8.821567649116621039e-18 5.954223343873923113e+03
1.579197513800628065e-16 8.712068948567450499e-18 5.955462062928072555e+03
1.324626718931797176e-16 7.869164517194484608e-18 5.956700816412604581e+03
1.687047851591502582e-16 7.292786204169609219e-18 5.957939604342253006e+03
1.554525616214486408e-16 7.231804052471771711e-18 5.959178426732021762e+03
1.631490477148721988e-16 7.265274981857324732e-18 5.960417283597185815e+03
1.466425298464174745e-16 7.231636768564364864e-18 5.961656174953284790e+03
1.670018328972369657e-16 7.231434281292670488e-18 5.962895100816117520e+03
1.590442845683789312e-16 7.251926467158008046e-18 5.964134061201742952e+03
1.525483837560065141e-16 7.209176481278529633e-18 5.965373056126474694e+03
1.451572397747434358e-16 7.184482204269437867e-18 5.966612085606877372e+03
1.421120697363735351e-16 7.220120918181144536e-18 5.967851149659769362e+03
1.488336764110066077e-16 7.284400615225122264e-18 5.969090248302206419e+03
1.378502583312045571e-16 7.589575635966933627e-18 5.970329381551491679e+03
1.368522770282327100e-16 7.643459550853385096e-18 5.971568549425168385e+03
1.412761969389230947e-16 7.543128740040431322e-18 5.972807751941010793e+03
1.353955336371024247e-16 7.276859972011997438e-18 5.974046989117032354e+03
1.412841285455863896e-16 7.395903473278655610e-18 5.975286260971470256e+03
1.379593821570301639e-16 7.876404489619934836e-18 5.976525567522791789e+03
1.692903107015906571e-16 8.317480930521245902e-18 5.977764908789687979e+03
1.369995417766495222e-16 8.003494310583073006e-18 5.979004284791065402e+03
1.358028420872819903e-16 7.588169636076080693e-18 5.980243695546054369e+03
1.420286577893081624e-16 7.231308553417866309e-18 5.981483141073996194e+03
1.396881833859485952e-16 7.195983614997257375e-18 5.982722621394443195e+03
1.418493284266083209e-16 7.085251907788146639e-18 5.983962136527155053e+03
1.450092631094335785e-16 7.125434254329521021e-18 5.985201686492097906e+03
1.511944789585779094e-16 7.124974191359672631e-18 5.986441271309439799e+03
1.389496439115715913e-16 7.102789146350738201e-18 5.987680890999547046e+03
1.588124753778915736e-16 7.135756340778481807e-18 5.988920545582981504e+03
1.344024708577945281e-16 7.075798327841523340e-18 5.990160235080500570e+03
1.465747371309047702e-16 7.113552102861837527e-18 5.991399959513048088e+03
1.397265889962260721e-16 7.215206807797725508e-18 5.992639718901757078e+03
1.590791933613504785e-16 7.226801757174640101e-18 5.993879513267945185e+03
1.407718274468932025e-16 7.229802142763390911e-18 5.995119342633108317e+03
1.438776040329042270e-16 7.196011444416949063e-18 5.996359207018924280e+03
1.363011481349584632e-16 7.292896250102175802e-18 5.997599106447245504e+03
1.598690957029019990e-16 7.446038571545110383e-18 5.998839040940093582e+03
1.325430265572188006e-16 7.318158442847168711e-18 6.000079010519662916e+03
1.384064709238717220e-16 7.155642965472291269e-18 6.001319015208314340e+03
1.382729755150498324e-16 7.136768579710288010e-18 6.002559055028568764e+03
1.557392770943513777e-16 7.503491202175461901e-18 6.003799130003115351e+03
1.362034152801431205e-16 7.604547489662758011e-18 6.005039240154794243e+03
1.601404828846838659e-16 7.529256493602587005e-18 6.006279385506604740e+03
1.386118518183018649e-16 7.125348705513303810e-18 6.007519566081697121e+03
1.642511671219681596e-16 7.039740049921232089e-18 6.008759781903371731e+03
1.382622375842566248e-16 6.981436189085962126e-18 6.010000032995076253e+03
1.663832194444550522e-16 7.066495227640430707e-18 6.011240319380401161e+03
1.451120805942846410e-16 7.027676463205735388e-18 6.012480641083080627e+03
1.287028863187402535e-16 6.983748778861099972e-18 6.013720998126984341e+03
1.578817745746260983e-16 7.006291918138136914e-18 6.014961390536120234e+03
1.324058626358880913e-16 6.972714768904976098e-18 6.016201818334628115e+03
1.510740478755327655e-16 7.002211415998199823e-18 6.017442281546779668e+03
1.434669245877334552e-16 6.955166254696350593e-18 6.018682780196972089e+03
1.510454728719695718e-16 6.975497672680197732e-18 6.019923314309729903e+03
1.573139549026196219e-16 6.958974438321576452e-18 6.021163883909697688e+03
1.340217304738704128e-16 6.877714619607072589e-18 6.022404489021642803e+03
1.394771815816646510e-16 6.917422428262028960e-18 6.023645129670443566e+03
1.497736881515190312e-16 6.970681660153539484e-18 6.024885805881101987e+03
1.437405534700231018e-16 6.999952775844530855e-18 6.026126517678721939e+03
1.413398801398011329e-16 7.033222383561638484e-18 6.027367265088523709e+03
1.344980430582057900e-16 7.151511693356017658e-18 6.028608048135830359e+03
1.764270316401507406e-16 7.177243114976855602e-18 6.029848866846069541e+03
1.452126247880297888e-16 7.083414129366091498e-18 6.031089721244770772e+03
1.348066208767081673e-16 6.998755812758865958e-18 6.032330611357562702e+03
1.579104731084842846e-16 7.169409106546519789e-18 6.033571537210169481e+03
1.265035594722892143e-16 7.250045071760573746e-18 6.034812498828408934e+03
1.464115254905906428e-16 7.242314618505748395e-18 6.036053496238187108e+03
1.347416475730212504e-16 7.074674253981721926e-18 6.037294529465505548e+03
1.395255409666108759e-16 6.936903960582544972e-18 6.038535598536444923e+03
1.342912224255508929e-16 6.975670161373313927e-18 6.039776703477175033e+03
1.377737379848289187e-16 6.962367889161618751e-18 6.041017844313941168e+03
1.366158241264657497e-16 6.997722502254761619e-18 6.042259021073072290e+03
1.497486568258865435e-16 6.971933204445179567e-18 6.043500233780969211e+03
1.316266693516920832e-16 6.874979733898161277e-18 6.044741482464109140e+03
1.472034374459824320e-16 6.986165854947236817e-18 6.045982767149041138e+03
1.470235332486277672e-16 6.982805088177218952e-18 6.047224087862379747e+03
1.549705721966896401e-16 6.976634370954960369e-18 6.048465444630808634e+03
1.534018996285509548e-16 6.980201749969303325e-18 6.049706837481074217e+03
1.401376658106026727e-16 6.931960089977330072e-18 6.050948266439985673e+03
1.491409277032875071e-16 6.915594026910953104e-18 6.052189731534410384e+03
1.550912930405655654e-16 6.952565912169436993e-18 6.053431232791272123e+03
1.456276503252295682e-16 6.931342231787606061e-18 6.054672770237548320e+03
1.334324419192013408e-16 6.931098365978372398e-18 6.055914343900270978e+03
1.386090997382466209e-16 6.930315363464577138e-18 6.057155953806522120e+03
1.408778746231344441e-16 6.885319079656283613e-18 6.058397599983426517e+03
1.452188034173944890e-16 6.927110677846045802e-18 6.059639282458159869e+03
1.541839901921289413e-16 6.943444591488405611e-18 6.060881001257936077e+03
1.454490676994520385e-16 7.004517239178618369e-18 6.062122756410011789e+03
1.489638413725247983e-16 7.010657061503369634e-18 6.063364547941680939e+03
1.322314616223319089e-16 6.972868972611370870e-18 6.064606375880275664e+03
1.437210731397960974e-16 6.874573070257725312e-18 6.065848240253157201e+03
1.434230952011683624e-16 6.984448524374653919e-18 6.067090141087723168e+03
1.418959484390937338e-16 7.047488495502968109e-18 6.068332078411397561e+03
1.448330031729272988e-16 7.079712948290454989e-18 6.069574052251630746e+03
1.348060273876591723e-16 6.898887709758304471e-18 6.070816062635900380e+03
1.397605184529486649e-16 6.837752348953256464e-18 6.072058109591704124e+03
1.457420909852711690e-16 6.870255603925163997e-18 6.073300193146560559e+03
1.345440953551516781e-16 6.845736847640861677e-18 6.074542313328009186e+03
1.454103645584079553e-16 6.862944875790624425e-18 6.075784470163600417e+03
1.596486089277432498e-16 6.909806341869134452e-18 6.077026663680901947e+03
1.401090216387855381e-16 6.864156374136000435e-18 6.078268893907492384e+03
1.292170040165354213e-16 6.798281667478511325e-18 6.079511160870961248e+03
1.535241513183524258e-16 6.889496536270569087e-18 6.080753464598901701e+03
1.288235596745349387e-16 6.805289322755669616e-18 6.081995805118915086e+03
1.352449831151258968e-16 6.825780832829783444e-18 6.083238182458604570e+03
1.304402356122103337e-16 6.766301486745523636e-18 6.084480596645576043e+03
1.474017337393101433e-16 6.825243024341541502e-18 6.085723047707433579e+03
1.349560699011271033e-16 6.829429647319358322e-18 6.086965535671777616e+03
1.447708656712733733e-16 6.837260049402575284e-18 6.088208060566203130e+03
1.391538435049572475e-16 6.814990877031389215e-18 6.089450622418298735e+03
1.326939110809133136e-16 6.786444150156999781e-18 6.090693221255643039e+03
1.376655937829938669e-16 6.792464277177473052e-18 6.091935857105805553e+03
1.175733067866466928e-16 6.726538076533528121e-18 6.093178529996339421e+03
1.523134162541429300e-16 6.847553713782554897e-18 6.094421239954781413e+03
1.583572396004259549e-16 6.918204003987519575e-18 6.095663987008657386e+03
1.351517251560252211e-16 6.890673115736002789e-18 6.096906771185469552e+03
1.184322476437400201e-16 7.064164624940968193e-18 6.098149592512695563e+03
1.303190651544446043e-16 7.104321463947852844e-18 6.099392451017794883e+03
1.450970278994997456e-16 7.070615088220156556e-18 6.100635346728202421e+03
1.329281260526049525e-16 6.923591819167128947e-18 6.101878279671320342e+03
1.308674558447807494e-16 6.816129277046409919e-18 6.103121249874528075e+03
1.571086441015892663e-16 6.885658395353361295e-18 6.104364257365168669e+03
1.289064511766308637e-16 6.886215448509798151e-18 6.105607302170557887e+03
1.392419926252408951e-16 6.917798439990926702e-18 6.106850384317969656e+03
1.323691884746810778e-16 6.837345451601363496e-18 6.108093503834646071e+03
1.423619318879953812e-16 6.818207306906929233e-18 6.109336660747789210e+03
1.486513674302283688e-16 6.820618127221572080e-18 6.110579855084562951e+03
1.371308381072579204e-16 6.786524834293723469e-18 6.111823086872084787e+03
1.421625223061720350e-16 6.781385937344218665e-18 6.113066356137429466e+03
1.427643651946395753e-16 6.805898616518213216e-18 6.114309662907628990e+03
1.247418567947782127e-16 6.874779364463758489e-18 6.115553007209661700e+03
1.281134755981870769e-16 6.800265193996012909e-18 6.116796389070461373e+03
1.473153130762037035e-16 6.816775639582145026e-18 6.118039808516906305e+03
1.018869185173571686e-16 6.690863261508443104e-18 6.119283265575824771e+03
1.351393429920418902e-16 6.728631751519088094e-18 6.120526760273987747e+03
1.289915365654639191e-16 6.675430904371809922e-18 6.121770292638111641e+03
1.388615760643443366e-16 6.657658681367046020e-18 6.123013862694850104e+03
1.521545599811552811e-16 6.695466952500007327e-18 6.124257470470801309e+03
1.377782743162145858e-16 6.685156554638459305e-18 6.125501115992497944e+03
1.447693719545072922e-16 6.755751608160687601e-18 6.126744799286410853e+03
1.340926878277738113e-16 6.721733013728715330e-18 6.127988520378943576e+03
1.509983649423271304e-16 6.751819085187220744e-18 6.129232279296433262e+03
1.321444757277831489e-16 6.699340930636768954e-18 6.130476076065147936e+03
1.288146421937360875e-16 6.700416763377257578e-18 6.131719910711284683e+03
1.318745867621715159e-16 6.802503083249132172e-18 6.132963783260966920e+03
1.344022554827586294e-16 6.889323821695924166e-18 6.134207693740247123e+03
1.272051277966915379e-16 6.949862189278903839e-18 6.135451642175101370e+03
1.340258534501873611e-16 7.049346637825039135e-18 6.136695628591424793e+03
1.296681031301574406e-16 7.047218532396015179e-18 6.137939653015035219e+03
1.529769130399026766e-16 7.110720539583553641e-18 6.139183715471674077e+03
1.302389150008043130e-16 7.103617366219887494e-18 6.140427815986993664e+03
1.453543252497357074e-16 7.098472500907980402e-18 6.141671954586567153e+03
1.430432137971972190e-16 7.020408232078335401e-18 6.142916131295878586e+03
1.439776616151328258e-16 7.174705941328466516e-18 6.144160346140328329e+03
1.307820765924529726e-16 7.283176719518839935e-18 6.145404599145227621e+03
1.371237586400884896e-16 7.116912180557797902e-18 6.146648890335794931e+03
1.375268548649075084e-16 6.781823823894343532e-18 6.147893219737156869e+03
1.283668946003982144e-16 6.828254572461137352e-18 6.149137587374349096e+03
1.276823375815501569e-16 6.839746027444667119e-18 6.150381993272312684e+03
1.273493605665766215e-16 6.841101338503407656e-18 6.151626437455888663e+03
1.255951377195442276e-16 6.876536295959146487e-18 6.152870919949821655e+03
1.361618574843603036e-16 6.694897162255986718e-18 6.154115440778758966e+03
1.448190998156680987e-16 6.761487675338341293e-18 6.155359999967244221e+03
1.381832915681031390e-16 6.855885515484967483e-18 6.156604597539719180e+03
1.445745971028082738e-16 6.969381424302252454e-18 6.157849233520520102e+03
1.395181634752465333e-16 6.944830324954580027e-18 6.159093907933880473e+03
1.377758740431812607e-16 6.809488864679055147e-18 6.160338620803927370e+03
1.458062042857105497e-16 6.695010062597180503e-18 6.161583372154674180e+03
1.248734596987426622e-16 6.603840111283429214e-18 6.162828162010029700e+03
1.364943549941411350e-16 6.593979244679109547e-18 6.164072990393788132e+03
1.421505041461813397e-16 6.594209618176491886e-18 6.165317857329633625e+03
1.228626688944878387e-16 6.588303117534196553e-18 6.166562762841134827e+03
1.435864779572598714e-16 6.630590214188785344e-18 6.167807706951742148e+03
1.371116151812046075e-16 6.690330733633755245e-18 6.169052689684793222e+03
1.387729757895450119e-16 7.172161907739165259e-18 6.170297711063505631e+03
1.298976031216393177e-16 7.414607715328234597e-18 6.171542771110976901e+03
1.405498749829053930e-16 7.309575387011155580e-18 6.172787869850182688e+03
1.147048386347824636e-16 6.739776620580879980e-18 6.174033007303976774e+03
1.455584436438457754e-16 6.689474033582106192e-18 6.175278183495091071e+03
1.347547466463663705e-16 6.851907042303666915e-18 6.176523398446128340e+03
1.440629033834924504e-16 6.845810314670226335e-18 6.177768652179567653e+03
1.242898650886822824e-16 6.665836858901240866e-18 6.179013944717758932e+03
1.403921611949504558e-16 6.573074079136723808e-18 6.180259276082924771e+03
1.483322634354661174e-16 6.577689646857522923e-18 6.181504646297154977e+03
1.409865096353003705e-16 6.546582556321918753e-18 6.182750055382406572e+03
1.311498402736221000e-16 6.618622504197284827e-18 6.183995503360507428e+03
1.313576080006036022e-16 6.640108869301248708e-18 6.185240990253148084e+03
1.385935986248481223e-16 6.667758113619206851e-18 6.186486516081884474e+03
1.227786611213078842e-16 6.574476281626769892e-18 6.187732080868134290e+03
1.440671776148173809e-16 6.590737895898103768e-18 6.188977684633178797e+03
1.290665369733246115e-16 6.608368087208415572e-18 6.190223327398160109e+03
1.369495758913538451e-16 6.570474720087859928e-18 6.191469009184075730e+03
1.349682982867548073e-16 6.686571036863986075e-18 6.192714730011786742e+03
1.464283241381354422e-16 6.710015189165014896e-18 6.193960489902008703e+03
1.423892435084019756e-16 6.671972528797868813e-18 6.195206288875311657e+03
1.548774936056005366e-16 6.608987420654758513e-18 6.196452126952121944e+03
1.422747293043632537e-16 6.516569846928930426e-18 6.197698004152716749e+03
1.173643310384927165e-16 6.408846087680073096e-18 6.198943920497229556e+03
1.270273168635400995e-16 6.488809581059923550e-18 6.200189876005642873e+03
1.333347177941149090e-16 6.739768752973032240e-18 6.201435870697785504e+03
1.407228163006292977e-16 7.272273694276603148e-18 6.202681904593338913e+03
1.444030630631159872e-16 7.356537683647048594e-18 6.203927977711835410e+03
1.515227032894837123e-16 7.195417767227356741e-18 6.205174090072643594e+03
1.420960601945241269e-16 6.584669885210995504e-18 6.206420241694984725e+03
1.395066970178317728e-16 6.486861192836866765e-18 6.207666432597925450e+03
1.358016541062449560e-16 6.514533833417589877e-18 6.208912662800368707e+03
1.377179392876973540e-16 6.532357780635072961e-18 6.210158932321066459e+03
1.449140289415146081e-16 6.490819114488149053e-18 6.211405241178605138e+03
1.352012171218258857e-16 6.649799377163908599e-18 6.212651589391416564e+03
1.487739705598882340e-16 6.743993928851361857e-18 6.213897976977767030e+03
1.273239376712373190e-16 6.650584968311489291e-18 6.215144403955763664e+03
1.387747295175217951e-16 6.548613985007791000e-18 6.216390870343348070e+03
1.508454386488524851e-16 6.521445116070819804e-18 6.217637376158296320e+03
1.340502286288716526e-16 6.492841583461914791e-18 6.218883921418223508e+03
1.384140514646080070e-16 6.618348566082851716e-18 6.220130506140572834e+03
1.569141787704751133e-16 7.089223796232243709e-18 6.221377130342622877e+03
1.331416853942075968e-16 7.261192194403934406e-18 6.222623794041483052e+03
1.419755137511932120e-16 7.135960719326400858e-18 6.223870497254095426e+03
1.207933683163537398e-16 6.633170553688477325e-18 6.225117239997226534e+03
1.492538692328006757e-16 6.499717869680760712e-18 6.226364022287473745e+03
1.437784593278082429e-16 6.422029198242772997e-18 6.227610844141263442e+03
1.244967829043085827e-16 6.407658973241873712e-18 6.228857705574847387e+03
1.445385356434590446e-16 6.394250982485273362e-18 6.230104606604302717e+03
1.284237993465352662e-16 6.405716605352802380e-18 6.231351547245531037e+03
1.364083823600678365e-16 6.549736524371476132e-18 6.232598527514257512e+03
1.467479260337803719e-16 7.368502750543875230e-18 6.233845547426030862e+03
1.115844600183558726e-16 8.581522448794740445e-18 6.235092606996218819e+03
1.704398200885669151e-16 9.688270539829577141e-18 6.236339706240015403e+03
1.460540402099101322e-16 9.387835024291127396e-18 6.237586845172429094e+03
1.214638601256269134e-16 8.126979444608849608e-18 6.238834023808289203e+03
1.342633134770935762e-16 7.326786274794686685e-18 6.240081242162245871e+03
1.409200028791377723e-16 7.362423988044558033e-18 6.241328500248762793e+03
1.530617057502971982e-16 7.526182188542776463e-18 6.242575798082121764e+03
1.551620385095213920e-16 7.389052117438906799e-18 6.243823135676419042e+03
1.409653606932962719e-16 7.091053756458038890e-18 6.245070513045566258e+03
1.432239216239426227e-16 6.740208299283448708e-18 6.246317930203291326e+03
1.457588941317698296e-16 6.585705588632961536e-18 6.247565387163130254e+03
1.221860775960844028e-16 6.623120791673992538e-18 6.248812883938435334e+03
1.367583238285976225e-16 6.549762980981485669e-18 6.250060420542367865e+03
1.370108656062105399e-16 6.450947614713085995e-18 6.251307996987901788e+03
1.518712139718919975e-16 6.423846849825413665e-18 6.252555613287815504e+03
1.512477632455326223e-16 6.353389102761709618e-18 6.253803269454705514e+03
1.349744203882377171e-16 6.396384661462731174e-18 6.255050965500967322e+03
1.144767941954513864e-16 6.801018732358172746e-18 6.256298701438808166e+03
1.440701144771532680e-16 8.703691085720815991e-18 6.257546477280240651e+03
1.444957532154720971e-16 9.380253655940336295e-18 6.258794293037085481e+03
1.862788711157330368e-16 8.893906801846528190e-18 6.260042148720965088e+03
9.157180257381112434e-17 7.084655521738639869e-18 6.261290044343308182e+03
1.414739937211796621e-16 6.632879120897797672e-18 6.262537979915346114e+03
1.368904204996721543e-16 6.801167759668451448e-18 6.263785955448112873e+03
1.334692291845826772e-16 7.409425895014906777e-18 6.265033970952446907e+03
1.380465643229354733e-16 7.501305095981731864e-18 6.266282026438984758e+03
1.526755000480380986e-16 7.398338788147687224e-18 6.267530121918163786e+03
1.237603299973840664e-16 6.798934678020136015e-18 6.268778257400223083e+03
1.394981920902606453e-16 6.635894069364530257e-18 6.270026432895201651e+03
1.261514706055069219e-16 6.489937191936552847e-18 6.271274648412933857e+03
1.316865600196214400e-16 6.421148849710857612e-18 6.272522903963053977e+03
1.272441939180701015e-16 6.444869871965819241e-18 6.273771199554992563e+03
1.458018162680122001e-16 6.690578401304950546e-18 6.275019535197980076e+03
1.370920447101352561e-16 6.764682825934355837e-18 6.276267910901037794e+03
1.368918915205512331e-16 6.952853638095321278e-18 6.277516326672985087e+03
1.093844837887435187e-16 6.784860876746674053e-18 6.278764782522433961e+03
1.216047839592952214e-16 6.638338375300668379e-18 6.280013278457792694e+03
1.226197599057586851e-16 6.364622487989916090e-18 6.281261814487263109e+03
1.337699426072619477e-16 6.298990015573229405e-18 6.282510390618836027e+03
1.308620598185720935e-16 6.318755935719161215e-18 6.283759006860298541e+03
1.487456416188642320e-16 6.408887822335972787e-18 6.285007663219225833e+03
8.192854363984394193e-17 7.207768113020335802e-18 6.286256359702987538e+03
1.666509746678781975e-16 8.712388641721608947e-18 6.287505096318740470e+03
1.459447839910023437e-16 8.873614781767362819e-18 6.288753873073432260e+03
1.517705656343854684e-16 8.041581351851221931e-18 6.290002689973799534e+03
1.213326595891303820e-16 6.633506213506954614e-18 6.291251547026369735e+03
1.400017561671362868e-16 6.398532805281371660e-18 6.292500444237453848e+03
1.468263989166122985e-16 6.346571724876931159e-18 6.293749381613152764e+03
1.393591799481721937e-16 6.378869196003257585e-18 6.294998359159355459e+03
1.356928709146793809e-16 6.560460278163700591e-18 6.296247376881737182e+03
1.431357357937860582e-16 7.324463230081220194e-18 6.297496434785754900e+03
3.151879963909423053e-17 8.680497183571890118e-18 6.298745532876658217e+03
3.310045811638401860e-16 1.365191592453740290e-17 6.299994671159473000e+03
7.565818583795323512e-17 1.427754015980424998e-17 6.301243849639018663e+03
2.704175702566955435e-16 1.294506916582289667e-17 6.302493068319889062e+03
-1.120464022686250980e-16 7.608505378563643194e-18 6.303742327206468872e+03
2.272255434670876188e-16 6.608093278128284772e-18 6.304991626302920849e+03
1.124025923176141891e-16 8.259009416389056078e-18 6.306240965613194930e+03
1.469321046612739435e-16 9.230494337624317050e-18 6.307490345141017315e+03
1.906649126495884186e-16 9.021006933672135634e-18 6.308739764889899561e+03
6.448634101603463504e-17 7.157406939028301032e-18 6.309989224863133131e+03
1.614151386142909821e-16 6.324349317493146932e-18 6.311238725063791208e+03
1.423705258653473432e-16 6.315777013288696668e-18 6.312488265494722327e+03
1.406746859365432798e-16 6.278791431165511544e-18 6.313737846158563116e+03
1.353724622175009415e-16 6.249017196278956081e-18 6.314987467057721005e+03
1.350051141089686808e-16 6.208990852305736204e-18 6.316237128194388788e+03
1.386712202754249873e-16 6.208325531843354396e-18 6.317486829570532791e+03
1.178669255661497357e-16 6.379484242277547293e-18 6.318736571187900154e+03
1.107583202717046064e-16 6.611905479444396257e-18 6.319986353048014280e+03
1.397566254362601406e-16 7.493026597758580304e-18 6.321236175152179385e+03
1.144294576503468964e-16 7.476304420328134065e-18 6.322486037501469582e+03
1.333507214072432801e-16 7.187745870641884421e-18 6.323735940096743434e+03
1.309853741457232026e-16 6.427148443933636785e-18 6.324985882938628492e+03
1.349467271212913000e-16 6.433116402084316962e-18 6.326235866027534939e+03
1.559503164166814204e-16 6.359794554322892715e-18 6.327485889363641945e+03
1.301675415602700154e-16 7.338332939605918194e-18 6.328735952946908583e+03
9.887266089935503169e-17 8.622867625686917178e-18 6.329986056777064732e+03
1.444398833444433619e-16 8.702865845765835236e-18 6.331236200853618357e+03
1.448800414582930441e-16 7.602756062073214383e-18 6.332486385175850955e+03
1.236204597226771233e-16 6.334145114569589232e-18 6.333736609742813926e+03
1.248414493336785375e-16 6.217936454241224702e-18 6.334986874553336747e+03
1.182233629067294224e-16 6.298545408877648554e-18 6.336237179606019708e+03
1.123252922557544914e-16 6.263980452318240351e-18 6.337487524899235723e+03
1.281398942381450495e-16 6.334590770760278792e-18 6.338737910431133059e+03
1.258574846139666978e-16 6.352645270191809552e-18 6.339988336199628066e+03
1.167274276889365948e-16 6.334195508875813440e-18 6.341238802202411534e+03
1.484663367184163300e-16 6.322073884241972248e-18 6.342489308436946885e+03
1.405021544134055176e-16 6.394220181631940580e-18 6.343739854900466526e+03
1.362365650187897529e-16 6.449552606148881535e-18 6.344990441589976399e+03
1.300519358302076047e-16 6.350586363813018134e-18 6.346241068502251437e+03
1.403275767598426736e-16 6.710383317456341323e-18 6.347491735633839198e+03
1.507199685798982606e-16 7.107234658413869630e-18 6.348742442981055319e+03
1.494460626944669943e-16 7.027739303492253997e-18 6.349993190539988063e+03
1.205956762417706442e-16 6.583629865936990472e-18 6.351243978306494682e+03
1.323980033119288808e-16 6.242940209665675300e-18 6.352494806276202326e+03
1.434209996855198988e-16 6.248880290689634174e-18 6.353745674444508040e+03
1.348671830023452192e-16 6.720627835559244628e-18 6.354996582806576043e+03
1.564562922954840970e-16 7.769194942602965459e-18 6.356247531357344997e+03
1.350512439958851273e-16 7.857421093887067986e-18 6.357498520091516184e+03
1.484778148247423450e-16 7.313166067499136186e-18 6.358749549003564425e+03
1.342209500092539215e-16 6.383291104951957190e-18 6.360000618087729890e+03
1.467657484413498314e-16 6.331384698626524588e-18 6.361251727338025376e+03
9.859452740529936987e-17 7.440664134501349662e-18 6.362502876748228118e+03
1.188247538298761682e-16 9.379671282316978158e-18 6.363754066311885254e+03
1.603757240872430272e-16 9.491529089439630804e-18 6.365005296022309267e+03
1.226682480193961021e-16 8.352003650743153579e-18 6.366256565872587089e+03
1.081372192455337267e-16 6.431675215533581188e-18 6.367507875855564635e+03
1.581897717263593320e-16 6.193112757539616043e-18 6.368759225963863173e+03
1.363402950276102390e-16 6.149654569873726359e-18 6.370010616189865686e+03
1.450032779202522278e-16 6.153626029159565203e-18 6.371262046525727783e+03
1.445236447510129310e-16 6.182391923557395722e-18 6.372513516963364964e+03
1.367555953499403314e-16 6.194893956660477897e-18 6.373765027494469905e+03
1.473001210767421098e-16 6.209700211785767809e-18 6.375016578110491537e+03
1.440844220467813488e-16 6.151467767259375192e-18 6.376268168802654145e+03
1.276161123828409183e-16 6.269054432678325975e-18 6.377519799561945547e+03
1.242263913236155215e-16 6.589152813957038014e-18 6.378771470379118909e+03
1.283939841463218446e-16 6.756097588431393255e-18 6.380023181244694570e+03
1.157825736768772878e-16 6.633766653370221906e-18 6.381274932148962762e+03
1.475709196787595512e-16 6.330913964940212649e-18 6.382526723081977252e+03
1.618058127923048156e-16 6.382223093903385360e-18 6.383778554033558976e+03
1.468707376154491758e-16 6.602461843638214606e-18 6.385030424993294218e+03
1.361564753646144897e-16 7.060394444534578262e-18 6.386282335950539164e+03
1.415433215488419551e-16 7.151426162218338192e-18 6.387534286894410798e+03
1.448590720671153841e-16 6.787925080267630208e-18 6.388786277813796914e+03
1.322747191909711911e-16 6.209747042716387715e-18 6.390038308697352477e+03
1.403691907885227294e-16 6.094610027153054232e-18 6.391290379533493251e+03
1.385515664489335548e-16 6.129324323533859090e-18 6.392542490310404901e+03
1.340762611741364883e-16 6.190409235279928232e-18 6.393794641016041169e+03
1.400819857345587654e-16 6.153739413991743332e-18 6.395046831638117510e+03
1.454581232986889227e-16 6.130251741556255218e-18 6.396299062164118368e+03
1.372178394915390464e-16 6.129139556540413589e-18 6.397551332581295355e+03
1.408532216769252089e-16 6.102862708253986431e-18 6.398803642876661797e+03
1.448603954056676322e-16 6.065505744178179257e-18 6.400055993037003645e+03
1.330515930593979047e-16 6.077816402806569244e-18 6.401308383048870382e+03
1.392256335336532634e-16 6.157305231229160789e-18 6.402560812898573204e+03
1.499725489645114049e-16 6.209233807954142634e-18 6.403813282572197750e+03
1.334876807246644641e-16 6.114571814286715048e-18 6.405065792055591373e+03
1.607977965873559196e-16 6.112495585494919420e-18 6.406318341334368597e+03
1.438678259167928753e-16 6.024508339922596639e-18 6.407570930393909293e+03
1.405684947518531864e-16 6.020251927409520802e-18 6.408823559219363233e+03
1.289741973644355717e-16 5.991262352515062490e-18 6.410076227795644627e+03
1.477220366807459508e-16 6.035905409258840767e-18 6.411328936107434856e+03
1.374667242966927031e-16 6.177199156425723613e-18 6.412581684139178833e+03
1.512840694421720947e-16 6.354583427349959353e-18 6.413834471875095915e+03
1.600079844608995607e-16 6.298290838532509045e-18 6.415087299299166261e+03
1.206015005655284699e-16 6.096665307009609918e-18 6.416340166395137203e+03
1.324242400403398479e-16 5.981218544203364397e-18 6.417593073146525967e+03
1.308209565124280639e-16 6.155838497904491634e-18 6.418846019536616950e+03
1.406285877141942368e-16 6.498172606861192249e-18 6.420099005548458990e+03
1.414562739986596222e-16 6.534409952611004781e-18 6.421352031164872642e+03
1.396086589707350496e-16 6.335665006454766787e-18 6.422605096368441991e+03
1.407950850373308580e-16 6.075238313022314238e-18 6.423858201141521022e+03
1.421910902000825386e-16 6.056379562528801176e-18 6.425111345466230887e+03
1.408507145914264108e-16 6.068898895126858172e-18 6.426364529324462637e+03
1.397103952146140310e-16 6.079648345314557532e-18 6.427617752697871765e+03
1.411885374786222882e-16 6.166166091849441019e-18 6.428871015567887298e+03
1.265580833572681172e-16 6.074944433302029796e-18 6.430124317915700885e+03
1.412918521306039112e-16 6.146498052994712465e-18 6.431377659722277713e+03
1.295246460473472383e-16 6.106451883966357152e-18 6.432631040968348316e+03
1.194030539934309087e-16 6.017672671960940950e-18 6.433884461634414038e+03
1.406473691465330215e-16 6.039413559406624891e-18 6.435137921700745210e+03
1.341773704684535591e-16 6.049905056308558933e-18 6.436391421147380242e+03
1.382482156984905324e-16 5.981112538699939595e-18 6.437644959954128353e+03
1.364563932595808155e-16 5.994106536725411977e-18 6.438898538100569567e+03
1.383638680518101634e-16 5.918670171624284982e-18 6.440152155566051078e+03
1.433321010300824122e-16 5.968266831296204367e-18 6.441405812329690889e+03
1.473593348868266508e-16 5.997778929847648961e-18 6.442659508370379626e+03
1.386723352370908058e-16 6.010838693045907006e-18 6.443913243666775088e+03
1.438058354520150547e-16 6.013725594971631224e-18 6.445167018197307698e+03
1.214783000121679223e-16 5.960191907195773955e-18 6.446420831940179596e+03
1.150585373181239838e-16 6.014043296005431800e-18 6.447674684873361912e+03
1.563895836821291580e-16 6.125078772055680998e-18 6.448928576974599309e+03
1.552634590797969596e-16 6.175303523889455756e-18 6.450182508221406351e+03
1.497795020462998944e-16 6.268351535981093247e-18 6.451436478591070227e+03
1.440616969207004705e-16 6.338689581666065381e-18 6.452690488060651660e+03
1.250659841811517920e-16 6.300139272278551885e-18 6.453944536606981274e+03
1.329921254838290066e-16 6.180615145494353447e-18 6.455198624206663226e+03
1.486189560420858503e-16 6.208616799546396852e-18 6.456452750836075211e+03
1.531898315584195047e-16 6.326856994607235933e-18 6.457706916471368459e+03
1.395811191680749932e-16 6.345350873459734501e-18 6.458961121088466825e+03
1.530687025525870233e-16 6.277765885585332486e-18 6.460215364663066794e+03
1.432397962265607964e-16 6.197437261281716055e-18 6.461469647170642929e+03
1.582166859944500533e-16 6.581532043144532170e-18 6.462723968586438787e+03
1.470331139761439650e-16 7.008031935168156539e-18 6.463978328885475094e+03
1.556639857769670733e-16 7.687762689143344838e-18 6.465232728042548842e+03
1.269066838052845613e-16 7.716773258686771422e-18 6.466487166032229652e+03
1.450470326545568846e-16 7.317222945578371437e-18 6.467741642828865224e+03
1.399755884756745216e-16 6.772490867386314754e-18 6.468996158406576797e+03
1.533334787424702571e-16 7.308100068865651551e-18 6.470250712739262781e+03
1.518310913980864430e-16 7.643897540111076678e-18 6.471505305800597853e+03
1.500653343427192624e-16 7.310946494926462431e-18 6.472759937564032043e+03
1.040715883094872075e-16 6.557319989849349269e-18 6.474014608002797104e+03
1.388433702947355314e-16 6.241842144133994422e-18 6.475269317089896504e+03
1.189246126743706038e-16 6.372318793151058285e-18 6.476524064798113614e+03
1.205878640849539082e-16 6.567255181312980793e-18 6.477778851100012616e+03
1.457673892381992688e-16 6.483747497362805195e-18 6.479033675967932140e+03
1.291496323894377721e-16 6.291593401965793771e-18 6.480288539373991625e+03
1.558980342023324615e-16 6.114631132395850070e-18 6.481543441290090414e+03
1.550029424438287322e-16 6.073262112882050402e-18 6.482798381687905930e+03
1.564894327689990131e-16 6.005824516731719409e-18 6.484053360538893685e+03
1.381984242927274480e-16 6.017738726618931515e-18 6.485308377814296364e+03
1.503967290649929589e-16 6.000498816566480577e-18 6.486563433485129281e+03
1.376147582875379490e-16 5.989019210293369374e-18 6.487818527522193108e+03
1.462017256258964903e-16 5.988888188918338061e-18 6.489073659896068420e+03
1.478287192372905603e-16 5.994552666477280143e-18 6.490328830577119334e+03
1.412349760537651510e-16 5.940545099357396632e-18 6.491584039535489865e+03
1.177261367638014740e-16 5.950057079388325890e-18 6.492839286741109390e+03
1.621713714748061837e-16 6.059087954141726070e-18 6.494094572163687189e+03
1.385367131461451001e-16 6.060364971406529964e-18 6.495349895772716991e+03
1.312012332582064281e-16 6.361377576622979656e-18 6.496605257537478792e+03
1.637642253152496990e-16 8.103783099973216690e-18 6.497860657427032493e+03
1.733985363837275869e-16 9.050465310459970065e-18 6.499116095410226990e+03
1.811456340544149570e-16 8.698896342888795188e-18 6.500371571455693811e+03
9.299396527396118346e-17 7.012440171941526779e-18 6.501627085531848024e+03
1.404856209244786582e-16 6.272703901620659735e-18 6.502882637606895514e+03
1.532119899877697869e-16 6.789863308865411082e-18 6.504138227648823886e+03
1.259906801523791118e-16 7.046494188065604670e-18 6.505393855625411561e+03
1.490113682860218242e-16 7.035651658806160483e-18 6.506649521504221411e+03
1.384169829097247793e-16 6.416825746064604595e-18 6.507905225252603486e+03
1.462598757872823275e-16 6.114570595067321305e-18 6.509160966837699561e+03
1.239769727977539934e-16 5.970940504991231387e-18 6.510416746226435862e+03
1.256729495272905497e-16 6.279030282477249132e-18 6.511672563385529429e+03
1.127433445102241434e-16 6.396112513757666649e-18 6.512928418281489940e+03
1.190006277080532348e-16 6.493079242383498141e-18 6.514184310880609701e+03
1.342421317398889074e-16 6.464186619139410230e-18 6.515440241148977293e+03
1.389356596299823154e-16 6.119495684960683085e-18 6.516696209052472113e+03
1.475856593386500691e-16 5.993139095767697269e-18 6.517952214556762556e+03
1.255578073326588508e-16 5.973556596646513405e-18 6.519208257627308740e+03
1.498525920442314074e-16 6.139325937411019820e-18 6.520464338229367058e+03
1.558271328897109280e-16 6.638005835420259610e-18 6.521720456327980173e+03
1.397738316671388262e-16 6.990684703190198968e-18 6.522976611887992476e+03
1.638549573477608498e-16 6.861889413630663403e-18 6.524232804874033718e+03
1.241655233858686805e-16 6.662132527577879766e-18 6.525489035250533561e+03
1.399796477523242584e-16 6.644627371604766921e-18 6.526745302981715213e+03
1.466880946085655633e-16 6.302803236237419053e-18 6.528001608031597243e+03
1.232122613020746524e-16 6.174035176054964192e-18 6.529257950363993587e+03
1.573515327622589804e-16 6.251014445332127959e-18 6.530514329942512632e+03
1.361651145413656067e-16 7.218727100792174565e-18 6.531770746730565406e+03
1.581416965910013790e-16 8.407895292242252860e-18 6.533027200691354665e+03
1.441398614197573069e-16 8.459230179135940687e-18 6.534283691787884891e+03
1.489183267492325394e-16 7.391259278154692581e-18 6.535540219982955023e+03
1.445419278504106838e-16 6.272990398893064103e-18 6.536796785239168457e+03
1.514676035863428540e-16 6.071075515345324865e-18 6.538053387518923955e+03
1.604898350816261011e-16 6.168551057434495489e-18 6.539310026784421098e+03
1.415976560976850861e-16 6.260137313044166013e-18 6.540566702997661196e+03
1.459963308275766710e-16 6.362393116608990383e-18 6.541823416120447291e+03
1.323805435939941467e-16 6.893436711560021438e-18 6.543080166114383246e+03
1.572414131355739499e-16 7.281506960638402100e-18 6.544336952940873744e+03
1.553900390521506769e-16 7.192686368587341007e-18 6.545593776561128834e+03
1.485441785516749261e-16 6.562751360259909711e-18 6.546850636936162118e+03
1.437590505807211302e-16 6.181261957894470279e-18 6.548107534026787107e+03
1.415275491093202523e-16 6.138520754972023501e-18 6.549364467793628137e+03
1.401050771272635148e-16 6.137435746644352166e-18 6.550621438197109455e+03
1.348002301344408796e-16 6.805328386076407644e-18 6.551878445197464316e+03
1.524692833679348891e-16 8.362165066668715321e-18 6.553135488754731341e+03
1.408822874326255258e-16 8.903809350627896006e-18 6.554392568828755429e+03
1.740597958375082067e-16 8.147429037633484601e-18 6.555649685379188668e+03
1.014215249037092475e-16 6.545102681892064164e-18 6.556906838365492149e+03
1.602210207003982228e-16 6.093630079111006460e-18 6.558164027746935972e+03
1.351312725179765440e-16 6.029006258756799471e-18 6.559421253482598331e+03
1.399904450881949959e-16 6.093985028117053095e-18 6.560678515531368248e+03
1.190004466185897650e-16 6.756831043928827707e-18 6.561935813851945568e+03
1.516813151504463418e-16 7.234035003084168847e-18 6.563193148402840961e+03
1.549807511170819603e-16 7.062710394112954500e-18 6.564450519142372286e+03
1.281821530200827087e-16 6.357675286621772657e-18 6.565707926028679140e+03
1.397608010013970981e-16 6.175646320494443063e-18 6.566965369019704667e+03
1.418846998214878196e-16 6.713595633753183911e-18 6.568222848073211935e+03
1.435574659200463020e-16 6.935872483146985693e-18 6.569480363146774835e+03
1.357647629224087768e-16 6.789265604330437375e-18 6.570737914197781720e+03
1.358287584022694296e-16 6.416572681583627523e-18 6.571995501183440865e+03
1.217370278095017121e-16 6.226500952289972335e-18 6.573253124060768641e+03
1.605340066199066760e-16 6.187188045914326436e-18 6.574510782786608615e+03
1.290603476704725283e-16 6.837296170277831427e-18 6.575768477317609722e+03
1.236641686906005839e-16 7.943553589744600861e-18 6.577026207610249003e+03
1.122069150086280097e-16 8.135589870439722413e-18 6.578283973620817051e+03
9.363087632235882852e-17 7.330752508648393428e-18 6.579541775305422561e+03
8.843205726507123305e-17 6.283599696358432146e-18 6.580799612619999607e+03
1.445332561980247250e-16 6.100453459515318210e-18 6.582057485520297632e+03
1.245593558336635596e-16 6.126135636659141380e-18 6.583315393961887821e+03
1.295419221171981259e-16 6.184227213016393452e-18 6.584573337900166734e+03
1.311282602781343007e-16 6.116144715512896591e-18 6.585831317290349034e+03
1.219989428645477887e-16 6.046217529876483002e-18 6.587089332087475668e+03
1.422378135179934875e-16 6.028876604434584550e-18 6.588347382246410234e+03
1.349651463461800795e-16 5.960882006838945573e-18 6.589605467721839887e+03
1.283754739901567503e-16 6.053630068713013363e-18 6.590863588468278977e+03
1.466443706951239457e-16 6.135663594588381216e-18 6.592121744440067232e+03
1.353318907048288551e-16 6.044426285244788256e-18 6.593379935591368849e+03
1.445505781948781090e-16 6.109496405468954897e-18 6.594638161876177037e+03
1.395791659256363153e-16 6.506029487472455235e-18 6.595896423248312203e+03
1.291476924462622376e-16 6.621008726097508812e-18 6.597154719661424679e+03
1.402397093967453601e-16 6.554028022573089317e-18 6.598413051068992900e+03
1.320895547653858386e-16 6.311079315051649617e-18 6.599671417424322499e+03
1.313008273530838344e-16 6.199164737113275318e-18 6.600929818680557219e+03
1.362215112138699209e-16 6.415564256447184627e-18 6.602188254790664359e+03
1.226811099090869371e-16 7.015336475932916744e-18 6.603446725707446603e+03
1.282459379788858322e-16 7.201852363689984225e-18 6.604705231383537466e+03
1.447558741567864676e-16 7.040051362074072311e-18 6.605963771771407664e+03
1.168919278594877210e-16 6.310363882945872015e-18 6.607222346823359658e+03
1.192111397554284530e-16 5.982909304934321767e-18 6.608480956491528559e+03
1.302519286467389646e-16 5.984267524266484147e-18 6.609739600727890320e+03
1.292867252595939582e-16 5.979185130992676882e-18 6.610998279484250816e+03
1.449281879180238044e-16 6.022412117917644610e-18 6.612256992712258580e+03
1.346564324151032128e-16 5.960541640420313898e-18 6.613515740363393888e+03
1.258991350526290945e-16 5.958208956056336722e-18 6.614774522388981495e+03
1.275689226709559370e-16 5.978657509904759914e-18 6.616033338740183353e+03
1.302783312390676683e-16 5.987236866002762800e-18 6.617292189367997707e+03
1.535681038675214111e-16 6.027167886758860676e-18 6.618551074223265459e+03
1.406376512600533740e-16 6.003481778284953383e-18 6.619809993256672897e+03
1.337386241991407728e-16 6.009371898900111362e-18 6.621068946418739870e+03
1.353591025666725845e-16 5.972792330667075592e-18 6.622327933659837072e+03
1.418811554577459959e-16 5.967826672133323047e-18 6.623586954930175125e+03
1.300912066611703665e-16 5.949328590602145171e-18 6.624846010179806399e+03
1.437166834176381606e-16 6.093160849327455236e-18 6.626105099358632287e+03
1.481914175788984058e-16 6.317555085478870553e-18 6.627364222416399571e+03
1.243425364231294805e-16 6.398271279458051307e-18 6.628623379302696776e+03
1.357144889370734291e-16 6.249609536779677737e-18 6.629882569966966912e+03
1.176327682912756776e-16 6.081502663621339570e-18 6.631141794358492916e+03
1.410995567368221092e-16 6.198929746296677767e-18 6.632401052426412207e+03
1.450888615855883955e-16 6.498743675846815832e-18 6.633660344119709407e+03
1.414503726766315457e-16 6.565954493929999818e-18 6.634919669387218164e+03
1.427949822795391030e-16 6.429951963657678072e-18 6.636179028177626606e+03
1.189833083534396067e-16 6.125357228536227448e-18 6.637438420439469155e+03
1.446305760679477552e-16 6.104254243177264843e-18 6.638697846121138355e+03
1.380177084385012773e-16 6.076392690274852021e-18 6.639957305170873951e+03
1.443842539489088018e-16 6.087522437294327907e-18 6.641216797536776539e+03
1.290015306228478852e-16 5.995063319632921978e-18 6.642476323166794828e+03
1.435339394992164964e-16 5.981418585571398407e-18 6.643735882008733824e+03
1.371915092995280907e-16 5.991408576723414522e-18 6.644995474010262114e+03
1.436030839664467365e-16 5.978338516168760894e-18 6.646255099118894577e+03
1.404193697743193807e-16 6.000873831816943252e-18 6.647514757282009668e+03
1.284595328109053484e-16 5.954693254560754840e-18 6.648774448446844872e+03
1.171717740925967592e-16 5.993515220309856650e-18 6.650034172560495790e+03
1.298926263392195244e-16 6.003439466738436377e-18 6.651293929569916145e+03
1.280683340247084179e-16 5.999763410335301126e-18 6.652553719421922324e+03
1.402547229534221849e-16 6.000224644444311563e-18 6.653813542063191562e+03
1.367216644119515288e-16 5.990020712355073021e-18 6.655073397440265580e+03
1.244288540292879370e-16 6.003085849096769773e-18 6.656333285499546037e+03
1.340161613830232551e-16 6.093223908432000424e-18 6.657593206187299074e+03
1.223047840371712165e-16 6.123083935983861564e-18 6.658853159449659870e+03
1.265715036899462421e-16 6.154170697102779458e-18 6.660113145232622628e+03
1.254646828287613237e-16 6.221303203488102098e-18 6.661373163482052405e+03
1.460483140032864335e-16 6.212148127601852835e-18 6.662633214143677833e+03
1.662109979867724008e-16 6.232145987096310999e-18 6.663893297163097486e+03
1.348948643198849960e-16 6.199903316655849882e-18 6.665153412485779882e+03
1.433964534676968023e-16 6.323752575065044250e-18 6.666413560057058930e+03
1.265956386983799228e-16 6.401347907566272336e-18 6.667673739822143943e+03
1.331947611499074365e-16 6.414043568718893208e-18 6.668933951726109626e+03
1.311061526281148341e-16 6.283760316017383491e-18 6.670194195713906083e+03
1.316658695444425715e-16 6.185998776377741718e-18 6.671454471730356090e+03
1.087996140943179980e-16 6.085333534528322513e-18 6.672714779720154183e+03
1.250868365567145236e-16 6.052182373787479940e-18 6.673975119627868480e+03
1.127686903952352096e-16 6.016869540634716909e-18 6.675235491397944315e+03
1.504781024504650357e-16 6.116131486102974257e-18 6.676495894974701514e+03
1.277564664040743211e-16 6.043095536002834133e-18 6.677756330302337119e+03
1.236427729648143405e-16 5.995178316671909555e-18 6.679016797324924482e+03
1.502832205312562423e-16 6.063270805743825838e-18 6.680277295986415993e+03
1.298000554329413097e-16 5.934739590056874460e-18 6.681537826230642168e+03
1.245709158187778424e-16 5.909818221692748588e-18 6.682798388001314379e+03
1.249069656387074901e-16 5.961253878457498765e-18 6.684058981242025766e+03
1.262334090376398963e-16 5.985544514733285579e-18 6.685319605896245776e+03
1.349790274408599646e-16 6.008075566562929980e-18 6.686580261907331078e+03
1.299841703702642486e-16 6.023241326751409737e-18 6.687840949218520109e+03
1.395963214458844792e-16 6.030849261924770171e-18 6.689101667772933070e+03
1.356957259669341719e-16 5.993805548054113048e-18 6.690362417513579203e+03
1.262379927283933984e-16 5.954010629623909422e-18 6.691623198383349518e+03
1.396761826802792019e-16 5.965223858792552394e-18 6.692884010325019517e+03
1.424753085157269297e-16 5.957691560176582252e-18 6.694144853281257383e+03
1.357894062265783914e-16 5.983755730697913442e-18 6.695405727194615793e+03
1.332331054068879523e-16 5.990241975900181686e-18 6.696666632007536464e+03
1.357175323298728422e-16 6.099170858085474841e-18 6.697927567662349247e+03
1.336618548400019225e-16 6.197933169453808240e-18 6.699188534101277583e+03
1.312331009792392205e-16 6.224695414942736487e-18 6.700449531266433951e+03
1.269067693297965841e-16 6.115412375985490408e-18 6.701710559099822603e+03
1.414050254842356330e-16 6.151175863372616358e-18 6.702971617543341381e+03
1.331382961536312146e-16 6.141829660207445675e-18 6.704232706538781713e+03
1.299964247516140242e-16 6.142867770245177418e-18 6.705493826027830437e+03
1.363310229677186894e-16 6.135970311214708585e-18 6.706754975952064342e+03
1.253545953075260758e-16 6.025463145219114095e-18 6.708016156252964720e+03
1.314646029624266684e-16 6.024023963565158229e-18 6.709277366871903723e+03
1.332325848172905704e-16 6.061863289437416067e-18 6.710538607750153460e+03
1.313774711495792775e-16 6.025887980687310044e-18 6.711799878828882356e+03
1.371321274897374701e-16 6.062110985618967389e-18 6.713061180049160612e+03
1.399343485084974015e-16 6.057831628108414343e-18 6.714322511351958383e+03
1.290193034920531841e-16 6.089477810926749409e-18 6.715583872678146690e+03
1.391032226741983051e-16 6.226062806472179098e-18 6.716845263968496511e+03
1.338567601663095655e-16 6.185041728291369738e-18 6.718106685163685142e+03
1.459116072016774032e-16 6.233872174453046446e-18 6.719368136204288930e+03
1.234924839609170820e-16 6.246746337181774338e-18 6.720629617030792360e+03
1.272781304110442438e-16 6.346975111737307827e-18 6.721891127583583511e+03
1.592046606785989594e-16 6.443773701828141466e-18 6.723152667802954966e+03
1.285434353736672757e-16 6.362329134540277588e-18 6.724414237629109266e+03
1.278843631359364202e-16 6.259150189517396339e-18 6.725675837002153457e+03
1.254981932140694940e-16 6.220366678835831701e-18 6.726937465862105455e+03
1.223748781945173209e-16 6.234089536000285575e-18 6.728199124148891315e+03
1.315652052556060564e-16 6.225408181227801384e-18 6.729460811802347962e+03
1.227611617603842147e-16 6.559307695774550997e-18 6.730722528762221373e+03
1.365031023880645157e-16 7.246943240753872654e-18 6.731984274968170212e+03
1.178992639045997397e-16 8.980778323835899528e-18 6.733246050359768560e+03
1.721831965601732160e-16 1.063910566240136040e-17 6.734507854876501369e+03
1.730844477419528172e-16 1.062367036738451744e-17 6.735769688457763550e+03
7.616753102910388565e-17 8.830117478248399720e-18 6.737031551042873616e+03
1.426064110860845837e-16 6.934287978831185542e-18 6.738293442571061860e+03
1.415807161475295019e-16 6.491818861619406260e-18 6.739555362981473991e+03
1.233815624749210369e-16 6.330926774155049177e-18 6.740817312213173864e+03
1.266703973114858087e-16 6.232266238786383316e-18 6.742079290205147117e+03
1.222929940554175965e-16 6.142241024227846989e-18 6.743341296896294807e+03
1.268596163166360663e-16 6.166931562304888273e-18 6.744603332225437953e+03
1.361042484536170762e-16 6.161157039231254792e-18 6.745865396131321177e+03
1.358616878365175552e-16 6.095223037058335758e-18 6.747127488552609066e+03
1.310723582486704610e-16 6.057986994295184265e-18 6.748389609427889809e+03
1.423102877951937590e-16 6.067285312402172400e-18 6.749651758695672470e+03
1.376278659328900148e-16 6.009323280363887831e-18 6.750913936294394261e+03
1.406713544190359697e-16 5.979160491525717726e-18 6.752176142162414180e+03
1.457751861898912181e-16 5.968009468434499060e-18 6.753438376238018463e+03
1.262170581094337234e-16 5.897997402325138020e-18 6.754700638459420588e+03
1.254396207699346456e-16 5.950768415916154199e-18 6.755962928764759454e+03
1.341730865894038107e-16 5.962403637282029571e-18 6.757225247092103018e+03
1.268311343837711224e-16 5.997660678437050442e-18 6.758487593379451937e+03
1.219596378410971987e-16 6.018759903249122147e-18 6.759749967564731378e+03
1.320001214879068688e-16 6.101366370491067307e-18 6.761012369585801935e+03
1.327730370455837815e-16 6.036411832513245755e-18 6.762274799380451441e+03
1.284337190906721895e-16 5.910295400462631008e-18 6.763537256886404066e+03
1.391297166673581096e-16 5.911797058629003295e-18 6.764799742041315767e+03
1.292942954884205842e-16 5.870547883934187185e-18 6.766062254782777018e+03
1.419956462293098153e-16 5.877657560038308262e-18 6.767324795048312808e+03
1.279119785044368994e-16 5.899083945001391699e-18 6.768587362775382644e+03
1.257888845464113125e-16 5.904838274484423431e-18 6.769849957901387825e+03
1.348410107414738863e-16 5.854760987830344901e-18 6.771112580363657798e+03
1.298228705124940216e-16 5.865772091715422297e-18 6.772375230099469263e+03
1.267371483122306979e-16 5.838034246412926106e-18 6.773637907046035252e+03
1.458885839560235966e-16 5.910081355723254990e-18 6.774900611140506044e+03
1.513320872234416661e-16 5.945360827982780327e-18 6.776163342319975527e+03
1.333364175002075615e-16 5.932790195560953401e-18 6.777426100521477565e+03
1.311325338082554898e-16 5.866518825432145515e-18 6.778688885681988722e+03
1.277732054797396146e-16 5.859649467052179391e-18 6.779951697738430084e+03
1.478543961856063924e-16 5.881279606366847135e-18 6.781214536627664529e+03
1.299843035343184600e-16 5.877891619018633769e-18 6.782477402286502183e+03
1.366228246374250805e-16 5.936825765888091592e-18 6.783740294651695876e+03
1.397392957443971867e-16 5.963185859821724286e-18 6.785003213659947505e+03
1.406292087022430499e-16 5.941280353007454166e-18 6.786266159247904397e+03
1.336030349157144400e-16 5.931393391011455713e-18 6.787529131352163859e+03
1.171726595959383477e-16 5.926588992962980635e-18 6.788792129909270443e+03
1.252869328758269635e-16 5.910037469153099157e-18 6.790055154855717774e+03
1.241487484883818827e-16 5.940513166713737505e-18 6.791318206127953090e+03
1.201500786659488186e-16 5.927827955667117566e-18 6.792581283662371789e+03
1.387007726746923349e-16 5.912869553088791057e-18 6.793844387395323793e+03
1.289512189938919855e-16 5.925727007560119260e-18 6.795107517263109912e+03
1.299399970050650666e-16 5.846090019590239218e-18 6.796370673201984573e+03
1.458102460480376324e-16 5.873487502401271335e-18 6.797633855148159455e+03
1.335259268767764813e-16 5.835759883050724905e-18 6.798897063037800763e+03
1.198970960407956814e-16 5.782523640639110506e-18 6.800160296807025588e+03
1.317563814516549414e-16 5.844753844005010887e-18 6.801423556391917373e+03
1.203220624895704445e-16 5.828942003011930404e-18 6.802686841728510444e+03
1.405380455919739869e-16 5.858027291844142313e-18 6.803950152752799113e+03
1.378019535243088514e-16 5.838891278353193038e-18 6.805213489400738581e+03
1.266379594333932793e-16 5.820179234886108922e-18 6.806476851608242214e+03
1.146272989121893526e-16 6.011631784236685727e-18 6.807740239311186087e+03
1.040102224223794123e-16 5.977190516238766518e-18 6.809003652445408079e+03
1.268348693490811052e-16 6.004092111912841955e-18 6.810267090946706048e+03
1.147625858648663401e-16 5.959794720516942586e-18 6.811530554750844203e+03
1.264238843158418485e-16 5.783089925079673426e-18 6.812794043793548553e+03
1.400259672853625990e-16 5.820978792334066450e-18 6.814057558010514185e+03
1.489499293100515507e-16 5.839357212638775213e-18 6.815321097337395258e+03
1.283749629592535171e-16 5.808656501732018269e-18 6.816584661709819557e+03
1.408057255137394472e-16 5.847210052334275552e-18 6.817848251063374846e+03
1.193611207791789456e-16 5.825392711397236339e-18 6.819111865333623427e+03
1.289657201010280452e-16 5.837425493206058051e-18 6.820375504456094859e+03
1.342903447861617201e-16 5.816618233383156049e-18 6.821639168366285958e+03
1.278547414909807916e-16 5.913104558795282254e-18 6.822902856999665346e+03
1.138348637506028177e-16 5.932513794944176459e-18 6.824166570291674361e+03
1.011831039833398001e-16 6.182322820876777178e-18 6.825430308177722509e+03
1.321642710780077206e-16 7.103242561604453939e-18 6.826694070593197466e+03
1.227087969725551946e-16 8.553538252813372448e-18 6.827957857473455078e+03
1.212152764269679900e-16 9.691651102156807619e-18 6.829221668753829363e+03
1.419781001180192008e-16 9.646345377969794804e-18 6.830485504369627961e+03
1.256590313856661603e-16 8.750354761079820470e-18 6.831749364256134868e+03
1.113351821236952836e-16 8.873558785024866465e-18 6.833013248348608613e+03
1.248752335463217005e-16 9.413227027936568359e-18 6.834277156582289535e+03
1.438385613708045803e-16 9.305338336761405556e-18 6.835541088892390690e+03
1.134092864523857492e-16 8.011571563363668946e-18 6.836805045214108759e+03
1.227397760596763015e-16 6.889139148096003961e-18 6.838069025482617690e+03
1.246724730706765836e-16 6.332256994651593938e-18 6.839333029633072329e+03
1.503798873172857239e-16 6.591194725449953647e-18 6.840597057600609332e+03
1.334018485452981344e-16 6.867281923428770932e-18 6.841861109320345349e+03
1.395060126954382935e-16 6.848760443217031042e-18 6.843125184727382475e+03
1.176139401196855650e-16 6.437758270070711934e-18 6.844389283756804616e+03
1.308051100414240647e-16 6.268211505970462235e-18 6.845653406343681127e+03
1.087215771860170836e-16 5.870214492168421990e-18 6.846917552423064990e+03
1.301264882680823560e-16 5.928708569819001450e-18 6.848181721929995547e+03
1.124676079906323538e-16 5.874134881476359989e-18 6.849445914799497587e+03
1.217134924090840735e-16 5.938490064314021439e-18 6.850710130966584984e+03
1.225566948140937033e-16 5.935317945961323920e-18 6.851974370366259791e+03
1.265577829615879411e-16 5.865804420292682297e-18 6.853238632933509507e+03
1.196826903359138235e-16 5.793654439542795019e-18 6.854502918603314356e+03
1.310980201630160717e-16 5.785334460070475287e-18 6.855767227310643648e+03
1.192494507153712302e-16 5.767178523462845041e-18 6.857031558990458507e+03
1.234670411042776228e-16 5.778257185111448112e-18 6.858295913577707324e+03
1.273710612993378934e-16 5.797308561229390173e-18 6.859560291007337582e+03
1.378005560027550565e-16 6.025197007001822347e-18 6.860824691214284940e+03
8.768072419274014132e-17 7.852168689968574066e-18 6.862089114133481417e+03
1.157103185889155918e-16 1.039816623858526030e-17 6.863353559699852667e+03
1.702203660987601209e-16 1.117682614962742652e-17 6.864618027848317979e+03
1.286283848149076445e-16 1.019257299059152876e-17 6.865882518513795731e+03
6.619448659931229527e-17 7.994558342578151821e-18 6.867147031631198843e+03
1.153601456844815553e-16 6.623389881368252096e-18 6.868411567135439327e+03
9.137105756599281288e-17 6.055456138203931397e-18 6.869676124961424648e+03
1.005951022222898920e-16 6.224766578328391649e-18 6.870940705044062270e+03
1.065830886273437372e-16 6.328773176812187045e-18 6.872205307318261475e+03
8.815099425487743189e-17 5.954693589449759721e-18 6.873469931718929729e+03
9.909364041157784498e-17 5.632640635234523443e-18 6.874734578180974495e+03
8.951400454908361120e-17 5.451046046058460159e-18 6.875999246639306875e+03
9.902218988743931578e-17 5.456939775148787119e-18 6.877263937028837972e+03
1.031212832061502722e-16 5.571150506475141677e-18 6.878528649284484345e+03
1.195236842343871409e-16 6.020421655167295553e-18 6.879793383341166191e+03
1.237812896703399839e-16 6.455174009369042627e-18 6.881058139133805525e+03
1.374915719532071078e-16 6.651902806573040242e-18 6.882322916597331641e+03
1.196517049703733381e-16 6.282500074606494193e-18 6.883587715666681106e+03
1.352739360588231671e-16 6.038760182370857081e-18 6.884852536276791398e+03
1.278922739013957723e-16 5.802467866116301294e-18 6.886117378362612726e+03
1.017775223248696758e-16 6.044569663715165251e-18 6.887382241859099850e+03
1.197505714804420171e-16 6.729982889221731631e-18 6.888647126701220259e+03
1.286788118839585948e-16 7.026351677466484524e-18 6.889912032823944173e+03
1.211299721739484920e-16 6.771322760796014084e-18 6.891176960162256364e+03
1.051003971020046227e-16 6.181187951058404971e-18 6.892441908651149788e+03
1.114314816898040287e-16 5.932943315805881066e-18 6.893706878225630135e+03
1.153035434784334481e-16 5.752702057099522641e-18 6.894971868820715827e+03
1.153590677250144728e-16 5.783631219587993409e-18 6.896236880371432562e+03
1.146265566653377611e-16 5.689763525579015588e-18 6.897501912812826049e+03
1.036962020183365021e-16 5.998984600523821069e-18 6.898766966079951089e+03
1.003004878097459966e-16 6.889078589044730315e-18 6.900032040107878856e+03
1.137182129412570667e-16 7.174192513918763239e-18 6.901297134831693256e+03
1.201878693105692685e-16 7.189971453747416808e-18 6.902562250186498204e+03
9.796423319799555064e-17 6.621179574142466380e-18 6.903827386107411257e+03
9.683044210831614595e-17 6.264219930075655568e-18 6.905092542529564525e+03
1.111247207491224881e-16 5.816803598636721230e-18 6.906357719388111946e+03
1.140101780783009335e-16 5.637345770123342152e-18 6.907622916618224735e+03
1.232573672357695467e-16 5.594580402346310499e-18 6.908888134155091393e+03
1.191475074607367199e-16 5.742181199742495703e-18 6.910153371933920425e+03
1.374142327172165239e-16 6.783832875217828840e-18 6.911418629889942167e+03
1.218180757235773670e-16 7.459214166458925176e-18 6.912683907958406053e+03
1.408176816089103997e-16 7.579481437975280711e-18 6.913949206074581525e+03
7.832709301568192475e-17 6.770127869452009781e-18 6.915214524173763493e+03
1.340259404502157839e-16 6.193002475834301994e-18 6.916479862191265056e+03
1.156050032611379729e-16 5.809951470824851177e-18 6.917745220062428416e+03
1.231273785943956281e-16 5.657444136261481560e-18 6.919010597722615785e+03
1.156928797263197334e-16 5.658977320216214529e-18 6.920275995107212111e+03
1.158092703725774630e-16 7.023538312686036654e-18 6.921541412151629629e+03
1.198346146553477296e-16 8.580477436244040652e-18 6.922806848791305129e+03
1.231630597538508244e-16 9.095785519294504598e-18 6.924072304961704504e+03
1.001252305872836064e-16 8.345914918854380748e-18 6.925337780598316385e+03
1.130267749173931962e-16 7.113126821448563496e-18 6.926603275636659419e+03
1.218626276894950562e-16 6.390836950446077101e-18 6.927868790012278623e+03
1.128598375723994140e-16 5.914615644224381930e-18 6.929134323660748123e+03
1.275046211043109319e-16 5.756928892400368102e-18 6.930399876517669327e+03
1.130438863057081484e-16 5.672154574770809266e-18 6.931665448518677294e+03
1.272759189700006005e-16 5.644792439286047663e-18 6.932931039599433461e+03
1.326635631527814323e-16 5.609034563598144978e-18 6.934196649695633823e+03
1.303890835835259949e-16 5.572262035977951457e-18 6.935462278742998024e+03
1.221370877888749278e-16 5.647992937333787037e-18 6.936727926677287542e+03
1.271537035519655210e-16 6.420845319034694246e-18 6.937993593434290233e+03
1.332310711635001463e-16 7.230470657761964296e-18 6.939259278949826694e+03
1.646782797629521394e-16 7.484570136226839961e-18 6.940524983159753901e+03
1.077596126922015424e-16 6.977390379755425542e-18 6.941790705999959755e+03
1.174391425289143385e-16 6.366643168227156733e-18 6.943056447406370353e+03
1.307227333297752581e-16 5.977687213081287912e-18 6.944322207314944535e+03
1.268535232554584511e-16 5.622135871507838662e-18 6.945587985661673883e+03
1.013752129703803725e-16 6.175814245725535116e-18 6.946853782382594545e+03
1.418853424311133373e-16 8.269000343108630126e-18 6.948119597413770862e+03
1.251194989473718806e-16 9.226990799405979263e-18 6.949385430691308102e+03
1.659987437851869828e-16 9.131831214969038345e-18 6.950651282151348823e+03
6.547559424722739595e-17 7.742232178159633323e-18 6.951917151730074693e+03
1.294284142898907380e-16 6.880573784718304918e-18 6.953183039363701027e+03
1.024811536152266199e-16 6.084870314592941797e-18 6.954448944988493167e+03
1.329908006933305610e-16 5.857955711239301302e-18 6.955714868540744646e+03
1.162921218368003720e-16 5.809275478819297310e-18 6.956980809956794474e+03
1.238999719466206390e-16 5.840512672881008156e-18 6.958246769173023495e+03
1.408821628378935446e-16 5.858557699926018652e-18 6.959512746125850754e+03
1.115436378523968571e-16 5.763171522670511502e-18 6.960778740751738042e+03
1.327302358498787996e-16 5.745775503092998331e-18 6.962044752987190805e+03
1.191432624002341454e-16 5.689187934144439688e-18 6.963310782768756326e+03
1.308835818023252422e-16 5.734552178390540524e-18 6.964576830033021906e+03
1.250788888633381421e-16 5.913962754935701198e-18 6.965842894716623050e+03
1.141566660596685947e-16 5.994855259975510009e-18 6.967108976756237098e+03
1.090976629620492572e-16 6.404333510174151429e-18 6.968375076088585047e+03
9.951006202796927785e-17 6.932980640244244372e-18 6.969641192650435187e+03
1.315537920958389682e-16 7.011996955614379916e-18 6.970907326378597645e+03
1.016155014701051190e-16 6.623036882768674104e-18 6.972173477209931661e+03
1.486899689568558332e-16 6.172483969993966981e-18 6.973439645081341951e+03
1.342779180815093241e-16 5.942506146173153093e-18 6.974705829929778702e+03
1.209768979338079850e-16 5.937788875017398024e-18 6.975972031692239398e+03
1.644788024038519625e-16 7.149238153556095831e-18 6.977238250305772453e+03
1.301755971709857453e-16 7.903307954368978136e-18 6.978504485707468120e+03
1.534187684002085344e-16 8.000286579540097956e-18 6.979770737834471220e+03
9.707578119615950320e-17 7.175911095881622354e-18 6.981037006623970228e+03
1.303121277162397932e-16 6.556147110765566977e-18 6.982303292013206374e+03
1.290324592647491442e-16 6.085177445741309535e-18 6.983569593939469996e+03
1.186473227430143005e-16 5.795908281422001107e-18 6.984835912340098730e+03
1.279147288265036846e-16 5.784256453505531027e-18 6.986102247152484779e+03
1.311039397886135590e-16 5.814581712604335276e-18 6.987368598314068549e+03
1.216979732985153850e-16 5.747776623079963018e-18 6.988634965762341380e+03
1.265435148145557513e-16 5.681186010620316647e-18 6.989901349434847361e+03
1.291974645583734262e-16 5.708500567665393714e-18 6.991167749269184242e+03
1.401165135157323059e-16 5.676437703187361997e-18 6.992434165202996155e+03
1.277703947520549594e-16 5.614791989126152948e-18 6.993700597173987262e+03
1.243904273182371613e-16 5.721810462539118883e-18 6.994967045119909017e+03
1.235351037825741629e-16 5.805530768810032808e-18 6.996233508978570171e+03
1.331231167604313026e-16 5.845906846605614379e-18 6.997499988687830410e+03
1.135986524119400321e-16 5.836535468026630225e-18 6.998766484185608533e+03
1.287974766711067241e-16 5.774791903446139547e-18 7.000032995409868818e+03
1.305668792681795702e-16 5.814213557807531264e-18 7.001299522298640113e+03
1.271182667019686352e-16 6.100688202879292961e-18 7.002566064789999473e+03
1.262933541338349066e-16 6.351423942021741584e-18 7.003832622822083977e+03
1.256999624280464272e-16 6.299434734583391622e-18 7.005099196333083455e+03
1.157530378866723042e-16 5.998769819754899723e-18 7.006365785261245946e+03
1.295676484553750778e-16 5.773428705574395110e-18 7.007632389544874059e+03
1.161606057004887009e-16 5.713859464327846043e-18 7.008899009122328607e+03
1.313117026530498102e-16 6.256565076037102834e-18 7.010165643932027706e+03
1.415695584931715475e-16 6.703978549961015162e-18 7.011432293912444948e+03
1.332501666872148814e-16 6.798829760557277829e-18 7.012698959002114862e+03
1.287789059204566295e-16 6.357628157198193234e-18 7.013965639139626546e+03
1.501026206842185901e-16 5.997303279982435956e-18 7.015232334263628218e+03
1.123549531192114492e-16 5.694326958502293055e-18 7.016499044312829028e+03
1.138889149410922171e-16 5.555803177901909352e-18 7.017765769225995427e+03
1.201504831124434315e-16 5.589852498255944758e-18 7.019032508941950255e+03
1.164441847093549582e-16 5.596133730211816227e-18 7.020299263399581832e+03
1.169636013066479032e-16 5.545844876654347280e-18 7.021566032537829415e+03
1.119296892329043668e-16 5.530586493107220092e-18 7.022832816295702287e+03
1.189587279578967497e-16 5.490794610541836501e-18 7.024099614612261576e+03
1.095541492261171031e-16 5.688049665256363870e-18 7.025366427426632981e+03
9.977229855802364568e-17 5.703408431283394774e-18 7.026633254678003141e+03
1.200572697529692882e-16 5.748376894948509359e-18 7.027900096305616898e+03
1.019204145574658933e-16 5.723108505512668330e-18 7.029166952248780945e+03
1.102660910514646187e-16 5.691820105812705316e-18 7.030433822446865634e+03
1.259937235712653908e-16 5.899205757112723576e-18 7.031700706839301347e+03
1.252258317707696838e-16 5.823177889938453819e-18 7.032967605365578493e+03
1.260816305649973137e-16 5.732400303600242638e-18 7.034234517965251143e+03
1.217732811774910665e-16 5.551245554445060680e-18 7.035501444577936127e+03
1.264146565608067760e-16 5.514315958289466406e-18 7.036768385143313026e+03
1.302967597675464397e-16 5.515980830583555408e-18 7.038035339601121450e+03
1.058341635635875466e-16 5.492903017076851369e-18 7.039302307891166492e+03
1.267717172827085086e-16 5.744583150259806316e-18 7.040569289953312364e+03
1.274916125671238613e-16 5.860786891072101572e-18 7.041836285727491486e+03
1.118580200817020714e-16 5.827056573352484761e-18 7.043103295153696308e+03
1.215542435290632807e-16 5.835961736149156521e-18 7.044370318171982944e+03
1.387022617396205012e-16 6.008805829317287588e-18 7.045637354722473901e+03
1.387984716993378206e-16 6.444128135206641960e-18 7.046904404745349893e+03
1.340813346602244516e-16 6.791101760849436230e-18 7.048171468180862576e+03
1.234969224537319245e-16 6.881236975933279419e-18 7.049438544969320901e+03
1.042533734750479445e-16 6.672049236115267531e-18 7.050705635051102945e+03
1.314230923271341084e-16 6.498301233650331662e-18 7.051972738366648628e+03
1.286013063372572563e-16 6.333686114673825083e-18 7.053239854856463353e+03
1.172292149524240721e-16 6.083619678263566670e-18 7.054506984461115280e+03
1.309243474966053556e-16 5.909688672343595656e-18 7.055774127121241690e+03
1.311963493219475841e-16 5.794180460343721781e-18 7.057041282777539891e+03
1.259537067635048931e-16 5.707673428417999469e-18 7.058308451370776311e+03
1.249234042278855960e-16 5.661147579253725686e-18 7.059575632841775587e+03
1.156170931674900935e-16 5.699406209895916566e-18 7.060842827131436934e+03
1.402947572815516596e-16 5.821611736930442894e-18 7.062110034180716866e+03
1.272141739438925325e-16 5.889831749891351696e-18 7.063377253930641018e+03
1.393092623918286556e-16 5.961866591233406907e-18 7.064644486322299599e+03
1.203474481454839460e-16 5.992249687101746853e-18 7.065911731296848302e+03
1.291961068804090170e-16 6.009586928794716243e-18 7.067178988795507394e+03
1.188126861341641936e-16 6.017875113528332498e-18 7.068446258759564444e+03
1.271875156551882085e-16 6.030248209224473554e-18 7.069713541130370686e+03
1.294566034340366369e-16 5.983746385216257431e-18 7.070980835849344658e+03
1.157234039398096106e-16 6.041367235965256493e-18 7.072248142857970379e+03
1.198055484662797473e-16 6.016984679596513615e-18 7.073515462097796444e+03
1.202464050893483957e-16 5.992017842623400194e-18 7.074782793510438751e+03
9.298825907158962634e-17 5.946091748196936750e-18 7.076050137037576860e+03
1.095833034927665790e-16 5.991912042635385061e-18 7.077317492620957637e+03
1.132117451011394139e-16 6.050101166872012220e-18 7.078584860202392520e+03
1.123721622923284420e-16 6.022119149601251920e-18 7.079852239723762068e+03
1.105723830120577414e-16 6.043402156042980537e-18 7.081119631127008688e+03
1.253960053581036849e-16 6.078496218618156728e-18 7.082387034354142088e+03
1.260223643091864124e-16 6.058153264456033969e-18 7.083654449347237460e+03
1.105173718455311509e-16 5.883886477849307696e-18 7.084921876048438207e+03
1.325039231482483148e-16 5.880364769456240989e-18 7.086189314399948671e+03
1.223022452799190589e-16 6.057342448953713868e-18 7.087456764344042313e+03
1.153235245945685367e-16 6.194149245631287796e-18 7.088724225823058077e+03
1.275715382372864261e-16 6.273541603675223575e-18 7.089991698779398575e+03
1.333079767603577390e-16 6.193872948280039504e-18 7.091259183155534629e+03
1.249083610188694904e-16 6.091347309402874508e-18 7.092526678894000725e+03
1.182405546538297138e-16 5.913222519803346194e-18 7.093794185937396833e+03
1.351019423041233342e-16 5.784333652563755350e-18 7.095061704228388408e+03
1.287670008688536618e-16 5.731973323393010497e-18 7.096329233709708205e+03
1.194215759059935001e-16 5.660664127846585544e-18 7.097596774324149010e+03
1.407293294647010220e-16 5.681955061951585637e-18 7.098864326014574544e+03
1.348918017363462868e-16 5.664407317296851379e-18 7.100131888723909469e+03
1.379767926977014470e-16 5.624765244720690071e-18 7.101399462395146656e+03
1.253489238118335329e-16 5.649275083116694867e-18 7.102667046971340824e+03
1.135166350439038151e-16 5.644090349505566067e-18 7.103934642395612173e+03
1.256686803231391154e-16 5.642553645965481586e-18 7.105202248611147297e+03
1.364916009220717867e-16 5.650392895117811804e-18 7.106469865561192819e+03
1.311791144829670833e-16 5.667695330284037459e-18 7.107737493189064480e+03
1.316624648322240801e-16 5.694963313701395514e-18 7.109005131438139870e+03
1.020053892490796896e-16 5.614182965461739368e-18 7.110272780251859331e+03
1.296189707104104504e-16 5.679423849529994498e-18 7.111540439573731419e+03
1.178648770167917482e-16 5.669763312646830551e-18 7.112808109347321079e+03
1.279175600147051674e-16 5.777465823664710747e-18 7.114075789516264194e+03
1.177107064358876667e-16 5.737119276112702203e-18 7.115343480024255769e+03
1.234158891977586010e-16 5.746101784004992653e-18 7.116611180815054468e+03
1.267202942780086765e-16 5.733350998488525457e-18 7.117878891832482623e+03
1.254571320886949942e-16 5.611916016970625270e-18 7.119146613020424411e+03
1.167040177492698594e-16 5.556848114264825053e-18 7.120414344322827674e+03
1.194568744979305301e-16 5.615977489509258732e-18 7.121682085683700279e+03
1.253876483105547101e-16 5.613409026299211986e-18 7.122949837047115579e+03
1.279197357271429813e-16 5.614571184822701870e-18 7.124217598357206953e+03
1.346420573127883228e-16 5.683014095945069527e-18 7.125485369558167804e+03
1.133362318955976480e-16 5.776776827286668236e-18 7.126753150594255203e+03
1.193193558272131551e-16 5.925613033570567554e-18 7.128020941409787156e+03
1.087971121825150303e-16 5.976027789737301501e-18 7.129288741949139876e+03
1.014398715205496354e-16 5.889912536166043695e-18 7.130556552156755060e+03
1.243029199857640536e-16 6.042014995036458959e-18 7.131824371977132614e+03
1.276940709937347305e-16 5.981664361830088690e-18 7.133092201354827921e+03
1.169326878628673075e-16 5.903012853667210265e-18 7.134360040234461849e+03
1.272556306721467097e-16 5.822351421849371001e-18 7.135627888560713473e+03
1.275990969229186729e-16 5.759628274636657854e-18 7.136895746278320985e+03
1.141287946807414222e-16 5.642953143311137846e-18 7.138163613332080786e+03
1.301254427602081002e-16 5.683935895887377640e-18 7.139431489666846574e+03
1.207672554629489282e-16 5.823220764960177985e-18 7.140699375227532983e+03
1.387744082518320505e-16 6.039388929431126132e-18 7.141967269959111945e+03
1.238337269323817443e-16 6.317178708334842725e-18 7.143235173806611783e+03
1.406372222008305273e-16 6.455799803459089492e-18 7.144503086715120844e+03
1.302275759707399022e-16 6.485004606687526256e-18 7.145771008629779317e+03
1.128154776801387818e-16 6.530902052146631163e-18 7.147038939495787417e+03
1.309744510702435953e-16 6.451047399390296112e-18 7.148306879258401750e+03
1.201055905426269947e-16 6.293769043684255086e-18 7.149574827862933489e+03
1.205559207606157904e-16 6.142108264822561654e-18 7.150842785254752016e+03
1.245919757359553653e-16 5.923466691913372561e-18 7.152110751379277644e+03
1.146913054079880456e-16 5.791230687385081291e-18 7.153378726181986167e+03
1.371121765471326208e-16 5.786164595915680465e-18 7.154646709608410674e+03
1.198932408073346176e-16 5.743332925152507694e-18 7.155914701604135189e+03
1.240297262734881519e-16 5.760454951376748409e-18 7.157182702114799213e+03
1.091674343573225273e-16 5.820622934542461409e-18 7.158450711086093179e+03
1.347569637934288134e-16 5.969890912160122375e-18 7.159718728463761181e+03
1.162740003939509077e-16 5.977627392321106714e-18 7.160986754193600063e+03
1.254595613000196747e-16 6.101178066984711952e-18 7.162254788221456693e+03
9.887442378362465084e-17 6.209623726284841333e-18 7.163522830493232505e+03
1.038878283369878123e-16 6.217876910296136161e-18 7.164790880954874410e+03
1.119096800995535181e-16 6.165608152216352807e-18 7.166058939552385709e+03
1.162943440206434537e-16 6.120998490056526135e-18 7.167327006231813357e+03
1.088368466882818108e-16 6.082693240992216705e-18 7.168595080939259788e+03
1.250089979416305565e-16 6.061557778618763139e-18 7.169863163620872001e+03
1.298945362923881324e-16 6.018266063709233520e-18 7.171131254222846110e+03
1.151898379967482353e-16 5.971561850401380833e-18 7.172399352691428248e+03
1.211563266847244829e-16 6.004056875846344858e-18 7.173667458972908207e+03
1.189520178621147871e-16 6.182126944503908352e-18 7.174935573013626708e+03
1.173145474814366453e-16 6.243617484270623124e-18 7.176203694759969949e+03
1.139681689567933688e-16 6.233966467227396438e-18 7.177471824158365052e+03
1.009709116719367017e-16 6.134115865899223853e-18 7.178739961155291894e+03
1.245425000689930025e-16 6.069830270740344305e-18 7.180008105697266728e+03
1.211613921643488566e-16 6.048652647156573159e-18 7.181276257730858561e+03
1.336310193735658045e-16 6.074718280849997739e-18 7.182544417202674595e+03
1.039575762836096133e-16 5.984577231903851741e-18 7.183812584059365690e+03
1.070252752750899710e-16 5.885898508962457104e-18 7.185080758247626363e+03
1.028464435851311860e-16 5.760978703443500499e-18 7.186348939714191147e+03
1.091139802199137353e-16 5.690683864567709014e-18 7.187617128405836411e+03
1.108763318198978280e-16 5.683673715296657691e-18 7.188885324269379453e+03
1.271413816655535877e-16 5.706670187983303307e-18 7.190153527251677588e+03
1.167622172738617735e-16 5.671301051049791019e-18 7.191421737299628148e+03
1.300845976634893480e-16 5.659505370998362159e-18 7.192689954360166666e+03
1.279379103029094441e-16 5.668762827069800989e-18 7.193958178380263234e+03
1.171216431124626267e-16 5.665879546280461740e-18 7.195226409306930691e+03
1.112669581049706609e-16 5.660163674432227943e-18 7.196494647087216435e+03
1.201878223920632529e-16 5.713484967976530587e-18 7.197762891668204247e+03
1.288866903476442851e-16 5.762687732082171213e-18 7.199031142997010647e+03
1.175937289255811330e-16 5.757637489844245804e-18 7.200299401020791265e+03
1.234805630619171442e-16 5.817165486877768801e-18 7.201567665686732653e+03
1.129553482191181710e-16 5.754176572904344405e-18 7.202835936942055923e+03
1.215384697282301736e-16 5.789087601328074915e-18 7.204104214734013112e+03
1.086176276216978047e-16 5.719265219332354080e-18 7.205372499009891726e+03
1.083411697069816229e-16 5.830428331124322985e-18 7.206640789717006555e+03
1.053661606745536540e-16 5.942925901345439412e-18 7.207909086802706042e+03
1.123749677523876480e-16 5.959067501264797303e-18 7.209177390214364095e+03
1.036549178014851797e-16 5.921904058597938912e-18 7.210445699899390092e+03
1.131649459658708852e-16 5.836556608202359502e-18 7.211714015805212512e+03
1.277024857852668112e-16 5.777579740267146861e-18 7.212982337879297120e+03
1.123766721260739123e-16 5.771871271827570799e-18 7.214250666069130602e+03
1.194049844742796659e-16 5.792714109899621700e-18 7.215519000322225111e+03
1.308550629064501260e-16 5.761220761896839135e-18 7.216787340586119171e+03
1.350814600471544578e-16 5.748384618083431833e-18 7.218055686808377686e+03
1.123355010238515878e-16 5.737928031251959200e-18 7.219324038936583747e+03
1.240868548508019581e-16 5.843628248482337864e-18 7.220592396918351369e+03
1.143425523378979184e-16 5.977385875327980503e-18 7.221860760701307299e+03
1.243504325452149533e-16 6.078897901917452627e-18 7.223129130233104661e+03
1.210870592614104128e-16 6.164842228612675375e-18 7.224397505461414767e+03
1.175512592571653589e-16 6.121108145965342694e-18 7.225665886333928938e+03
1.074406732186810940e-16 6.143873449767960615e-18 7.226934272798356687e+03
9.784393767972978845e-17 6.417132519810196151e-18 7.228202664802427535e+03
1.161480198598961936e-16 6.392647141834283715e-18 7.229471062293880095e+03
1.245776386196527912e-16 6.421278541133727070e-18 7.230739465220479360e+03
1.159835412419360091e-16 6.092108731117652121e-18 7.232007873529995777e+03
1.316741641561905864e-16 6.137907499166038146e-18 7.233276287170219803e+03
1.156764326627058055e-16 6.160927458200702472e-18 7.234544706088952807e+03
1.042681668199809587e-16 6.290144778656226205e-18 7.235813130234007986e+03
1.214877809540314265e-16 6.974384442891124564e-18 7.237081559553209445e+03
1.280371223817611457e-16 9.096783287263063680e-18 7.238349993994393117e+03
1.191778047249546196e-16 1.187780251356084985e-17 7.239618433505403118e+03
1.195795064385763392e-16 1.322935529433670899e-17 7.240886878034093570e+03
1.103454758309282783e-16 1.289269182538101026e-17 7.242155327528321322e+03
3.539119939350178363e-17 1.293608840508392337e-17 7.243423781935956868e+03
6.686793425995022515e-17 1.340142120337303058e-17 7.244692241204867969e+03
1.244329535596107311e-16 1.354089682320380501e-17 7.245960705282933304e+03
7.058393262794166433e-17 1.220856680534676031e-17 7.247229174118033370e+03
1.066203238776933815e-16 1.053594499037310272e-17 7.248497647658048663e+03
1.075917492596531228e-16 9.307691285140712103e-18 7.249766125850865137e+03
1.262969835245071937e-16 8.239107592883792243e-18 7.251034608644364198e+03
1.259954635316466093e-16 8.062813072574403412e-18 7.252303095986429980e+03
1.059681446134936310e-16 7.990072044316198209e-18 7.253571587824944800e+03
1.206062639428680689e-16 8.104538816745335774e-18 7.254840084107786424e+03
1.026653784091371409e-16 7.789317460426253967e-18 7.256108584782829894e+03
1.209545633758620967e-16 7.435954760917737564e-18 7.257377089797946610e+03
1.012855452157363527e-16 7.038654862578545757e-18 7.258645599100998879e+03
1.288153212948427686e-16 6.614819301362895973e-18 7.259914112639843552e+03
1.246901770279866091e-16 6.416153645857131338e-18 7.261182630362330201e+03
1.193759122382205767e-16 6.285592376115392656e-18 7.262451152216297487e+03
1.354755701875476308e-16 6.237055877900158804e-18 7.263719678149575884e+03
1.167554564204053473e-16 6.186599471457152898e-18 7.264988208109980405e+03
1.266685691485451084e-16 6.290964697303031257e-18 7.266256742045316059e+03
1.160339109804868007e-16 6.473096548872900580e-18 7.267525279903375122e+03
1.007789838170977163e-16 6.642912314145599061e-18 7.268793821631929859e+03
1.002609099557236015e-16 6.723132607581330037e-18 7.270062367178743443e+03
1.033021681422784588e-16 6.659552530282253618e-18 7.271330916491556309e+03
9.188728220137978227e-17 6.661057257083834197e-18 7.272599469518091610e+03
1.362207195318637992e-16 7.606860855741183173e-18 7.273868026206053401e+03
1.709661920323780619e-16 1.140120385021611744e-17 7.275136586503125727e+03
1.257238930302972620e-16 1.413253730957011792e-17 7.276405150356966260e+03
1.914739428864082188e-16 1.499364853098560462e-17 7.277673717715213570e+03
-5.806955791377741986e-17 1.296606735254729092e-17 7.278942288525481672e+03
9.974111001935482994e-17 1.127392516328344363e-17 7.280210862735354567e+03
8.289539580476427144e-17 9.999066071611856828e-18 7.281479440292392610e+03
1.007378405959670027e-16 9.169979341555376396e-18 7.282748021144127051e+03
1.375098858441711342e-16 9.882544149410574080e-18 7.284016605238057309e+03
1.395651676800737722e-16 1.027775317162603218e-17 7.285285192521657336e+03
1.118710265488721262e-16 9.784744268654536244e-18 7.286553782942361067e+03
1.041396993115462543e-16 8.765125451829338518e-18 7.287822376447575152e+03
1.057788228388492658e-16 8.111239522415498417e-18 7.289090972984669861e+03
1.002147289020374255e-16 7.361714012523281648e-18 7.290359572500975446e+03
1.191504832069664545e-16 6.909801001469479447e-18 7.291628174943789418e+03
1.359780198285671929e-16 6.560563326190423582e-18 7.292896780260369269e+03
1.144469034696040074e-16 6.568426484279826213e-18 7.294165388397931565e+03
1.407084988481185656e-16 7.247740656122296783e-18 7.295433999303650126e+03
1.269119292991608828e-16 7.455410221431995141e-18 7.296702612924656933e+03
1.220799966883615538e-16 7.251954269403353612e-18 7.297971229208040313e+03
1.108925988432518159e-16 6.832595860330815269e-18 7.299239848100842210e+03
1.184823847210928962e-16 6.576139376738220959e-18 7.300508469550055452e+03
1.283574750064022376e-16 6.761482835930911285e-18 7.301777093502630123e+03
1.411127460778800295e-16 7.930165278316764629e-18 7.303045719905458100e+03
1.248289759075978931e-16 8.455207194457142802e-18 7.304314348705387602e+03
1.648665379098373124e-16 8.470240495902091845e-18 7.305582979849208641e+03
8.464745078708540910e-17 7.762727157147123009e-18 7.306851613283657571e+03
1.160040281625327457e-16 7.355405159071437302e-18 7.308120248955417992e+03
1.068758089850434620e-16 6.945642063703191819e-18 7.309388886811115299e+03
1.126446681696282426e-16 6.830812278209515437e-18 7.310657526797313039e+03
1.139838431098423863e-16 6.661679319701097461e-18 7.311926168860519283e+03
1.513250619581221872e-16 6.483985779720238265e-18 7.313194812947174796e+03
1.358580903938365651e-16 7.920519015025384667e-18 7.314463459003663957e+03
1.372215934576959222e-16 1.127594884373974579e-17 7.315732106976300201e+03
1.740031464511515612e-16 1.253227946587941076e-17 7.317000756811332394e+03
1.288499080728862759e-16 1.217581117968275761e-17 7.318269408454944823e+03
4.464703833950291491e-17 1.040964216145333726e-17 7.319538061853247200e+03
1.117256062712425652e-16 9.445990074400138146e-18 7.320806716952282841e+03
1.166379266681338362e-16 8.221927692994406583e-18 7.322075373698020485e+03
1.095073199405698255e-16 7.186208422955395127e-18 7.323344032036355202e+03
1.175492672291662928e-16 6.520620615637392730e-18 7.324612691913104754e+03
1.244636103310958879e-16 6.123434225890008655e-18 7.325881353274011417e+03
1.087442617385420170e-16 6.605215369305020643e-18 7.327150016064739248e+03
1.531656062115143206e-16 8.540598626908219024e-18 7.328418680230870450e+03
8.161647988424126955e-17 9.731710107563039602e-18 7.329687345717904464e+03
1.153439207254683643e-16 9.831781946858090712e-18 7.330956012471258873e+03
4.285103205506494177e-17 8.904064248965878452e-18 7.332224680436262133e+03
1.158680924817281776e-16 8.214002129675253002e-18 7.333493349558160844e+03
1.113914898695271883e-16 7.414505955854937245e-18 7.334762019782107018e+03
1.300957613317612744e-16 6.749524520316061599e-18 7.336030691053168994e+03
1.364419335138530595e-16 6.405787618744477379e-18 7.337299363316316885e+03
1.122365393069506963e-16 6.803256010125417741e-18 7.338568036516428037e+03
1.979358920074147333e-16 1.065134751397972652e-17 7.339836710598287937e+03
2.002092964223859592e-16 1.296249337718800137e-17 7.341105385506580205e+03
2.478134307703345575e-16 1.379377370616965536e-17 7.342374061185892060e+03
-5.200697419710147731e-17 1.198415514402559429e-17 7.343642737580707944e+03
1.023652106443546154e-16 1.077976029481781651e-17 7.344911414635412257e+03
9.208694089938623917e-17 9.661973859767361829e-18 7.346180092294281167e+03
1.050534866642478485e-16 8.283593244686196151e-18 7.347448770501490799e+03
1.113080275986292214e-16 7.395906312672041943e-18 7.348717449201101772e+03
1.028014811920652846e-16 6.750774641716217376e-18 7.349986128337071023e+03
1.346483438422638711e-16 6.679944377902902483e-18 7.351254807853241800e+03
1.139573506116539927e-16 6.681977149172587236e-18 7.352523487693341849e+03
1.165214260084651212e-16 6.703573284729178286e-18 7.353792167800987954e+03
9.358574854314666537e-17 6.603842634173987458e-18 7.355060848119675939e+03
1.285415639019233973e-16 6.678502726400662245e-18 7.356329528592785209e+03
1.461146827243376859e-16 8.173427171756115592e-18 7.357598209163574211e+03
1.106486315852722901e-16 9.078866024289413927e-18 7.358866889775177697e+03
1.573284052790171201e-16 9.360586192877389578e-18 7.360135570370604000e+03
5.363279800153114316e-17 8.466086776624964475e-18 7.361404250892739583e+03
1.160846845847095993e-16 7.939853648571974407e-18 7.362672931284340848e+03
1.138575264085836891e-16 7.553036684611361121e-18 7.363941611488031413e+03
1.072489967111212595e-16 7.066919320517685297e-18 7.365210291446304836e+03
1.204099025436676035e-16 6.787854494632574777e-18 7.366478971101520983e+03
1.640540299768465257e-16 8.420912367532995050e-18 7.367747650395901474e+03
1.235971793385831157e-16 1.126558492859084482e-17 7.369016329271531504e+03
1.441061390148127111e-16 1.241620666093364372e-17 7.370285007670358027e+03
1.240086823901717359e-16 1.178558357337046084e-17 7.371553685534181568e+03
1.009205253583311177e-16 1.031951271794192309e-17 7.372822362804659861e+03
9.963899261631188227e-17 9.402185981827880144e-18 7.374091039423306938e+03
9.184468373385626897e-17 8.305970795666507968e-18 7.375359715331489497e+03
1.175883184086312021e-16 7.442585898767612303e-18 7.376628390470419617e+03
1.201851273922322092e-16 6.859986756041521683e-18 7.377897064781159315e+03
1.197626042657312492e-16 6.374224395380870707e-18 7.379165738204617810e+03
1.195374048712954842e-16 6.239282627885128379e-18 7.380434410681547888e+03
1.316612674961311768e-16 6.159892378785116713e-18 7.381703082152540446e+03
1.170603221316506834e-16 6.112788140474726304e-18 7.382971752558029948e+03
1.126052094951912610e-16 6.113231084657383262e-18 7.384240421838288967e+03
1.319695296769866176e-16 6.103474443829579907e-18 7.385509089933420000e+03
1.181053891129423076e-16 6.101107305051558600e-18 7.386777756783363657e+03
1.190138684054557096e-16 6.103314741767816437e-18 7.388046422327890468e+03
1.298960285510941468e-16 6.203478835199937662e-18 7.389315086506599982e+03
1.277058764512999100e-16 6.835204561376540569e-18 7.390583749258918033e+03
1.401916553207296819e-16 7.971614030432860234e-18 7.391852410524095831e+03
1.277970598502091811e-16 8.452742902894842065e-18 7.393121070241205416e+03
1.155048500261924429e-16 8.232640935700511939e-18 7.394389728349142388e+03
1.081466320748280270e-16 7.575551640331344414e-18 7.395658384786615898e+03
1.282227305780965664e-16 7.177246190381783144e-18 7.396927039492154108e+03
1.054380790890487137e-16 6.858909163627380928e-18 7.398195692404100555e+03
1.286996867882069919e-16 6.852785537003331515e-18 7.399464343460604141e+03
1.480674440129523365e-16 8.638367087055710599e-18 7.400732992599630961e+03
1.175791805771501668e-16 1.019201443865658828e-17 7.402001639758944293e+03
1.726634093843193382e-16 1.066674437263903804e-17 7.403270284876121877e+03
6.961886429603002408e-17 9.601556632759742381e-18 7.404538927888537728e+03
8.623884009629699906e-17 8.703826218486733769e-18 7.405807568733367589e+03
1.174541341871978669e-16 7.944525416897762495e-18 7.407076207347585296e+03
9.991309214737556707e-17 7.151094479698965836e-18 7.408344843667959140e+03
1.113580299851398906e-16 6.651669809030040480e-18 7.409613477631052774e+03
1.104959970598333290e-16 6.347521114540300873e-18 7.410882109173218851e+03
1.168687707515846030e-16 6.251286886254840374e-18 7.412150738230597199e+03
1.294904802991279174e-16 6.290573577040280129e-18 7.413419364739116645e+03
1.209149617466117246e-16 6.274097077792457671e-18 7.414687988634488647e+03
1.407956395436473055e-16 6.283773713921725892e-18 7.415956609852206384e+03
1.172371931192825042e-16 6.256503297762427199e-18 7.417225228327541117e+03
1.190838124121653999e-16 6.234477483277290921e-18 7.418493843995538555e+03
1.009255933911822906e-16 6.355393906949968104e-18 7.419762456791024306e+03
8.873504034542349828e-17 6.341400120546686973e-18 7.421031066648589331e+03
8.186031250680532396e-17 6.495962086310978024e-18 7.422299673502599035e+03
9.276771107756878123e-17 6.304330654197968776e-18 7.423568277287183264e+03
1.107767780513297821e-16 6.173364360921355891e-18 7.424836877936233577e+03
1.061430336676474882e-16 6.064480769681826257e-18 7.426105475383408702e+03
1.176296654380253335e-16 6.111007072095972325e-18 7.427374069562123623e+03
1.243971836649572684e-16 6.736041436324396484e-18 7.428642660405552306e+03
1.144407534856599132e-16 7.311032267862782115e-18 7.429911247846617698e+03
1.204381356953789466e-16 7.517779577749565523e-18 7.431179831818000821e+03
1.027902424922891022e-16 7.148803936245567827e-18 7.432448412252129856e+03
1.129915562077686557e-16 6.704476884993342676e-18 7.433716989081178326e+03
1.255738615719420805e-16 6.519763350917482235e-18 7.434985562237065096e+03
1.246457210911435990e-16 6.513511906315258270e-18 7.436254131651450734e+03
1.377864435182310794e-16 7.604348888855352907e-18 7.437522697255735693e+03
1.288628564141993177e-16 8.412055568563128612e-18 7.438791258981053943e+03
1.352060174630350225e-16 8.664324925540928624e-18 7.440059816758275701e+03
8.548348701142018051e-17 7.964975136674252001e-18 7.441328370518003794e+03
1.165188754126430308e-16 7.430347389372126867e-18 7.442596920190564560e+03
1.308269038479162882e-16 7.102313141395816299e-18 7.443865465706015129e+03
1.192366676858927298e-16 6.661251647270821467e-18 7.445134006994134324e+03
1.380418447189820424e-16 6.376587713416560728e-18 7.446402543984420845e+03
1.154412982549808542e-16 6.125761703901872206e-18 7.447671076606090537e+03
1.350213168386236096e-16 6.023309543601108880e-18 7.448939604788078213e+03
1.303577224077624663e-16 5.961139789267214071e-18 7.450208128459027648e+03
1.144698963334752970e-16 5.931237954406204344e-18 7.451476647547295215e+03
1.170802917637959230e-16 5.906314295141755921e-18 7.452745161980938065e+03
1.353678806314352864e-16 5.974031577261292031e-18 7.454013671687727765e+03
1.363637908601238325e-16 5.988027372893231738e-18 7.455282176595129386e+03
1.281262230892682623e-16 5.976622135480869564e-18 7.456550676630309681e+03
1.156372313871512556e-16 5.988916397376142866e-18 7.457819171720132545e+03
1.103388103412587023e-16 6.025318656440368940e-18 7.459087661791150822e+03
1.203683835225484172e-16 6.070371877396320741e-18 7.460356146769614497e+03
1.289044595329637460e-16 6.307690484933054815e-18 7.461624626581455232e+03
1.408142193402484032e-16 6.481224408993014883e-18 7.462893101152292729e+03
1.217650685671332217e-16 6.554340485044778159e-18 7.464161570407426552e+03
1.216298499520738835e-16 6.759392808751981795e-18 7.465430034271837940e+03
1.084030845653390790e-16 6.940024868346005296e-18 7.466698492670182532e+03
1.278620900058316191e-16 7.029900174069603468e-18 7.467966945526790369e+03
1.207968771583124727e-16 6.904999202301065285e-18 7.469235392765660436e+03
1.301962583186773170e-16 7.244777160078797061e-18 7.470503834310460661e+03
1.142948291761283853e-16 7.644515897743690542e-18 7.471772270084524280e+03
1.464626568563368402e-16 8.249066602030818491e-18 7.473040700010844375e+03
1.321793953472336892e-16 8.246417922646515189e-18 7.474309124012073880e+03
1.189170695853531157e-16 8.144534531992791139e-18 7.475577542010521938e+03
1.018757623909588529e-16 7.647139147324750034e-18 7.476845953928150266e+03
1.157758667620784905e-16 7.750054480591721349e-18 7.478114359686570424e+03
1.268904995699741078e-16 8.276112644155322735e-18 7.479382759207039271e+03
1.393372400699900233e-16 8.332397298869754976e-18 7.480651152410462601e+03
1.137237479687488588e-16 8.411489903121542748e-18 7.481919539217380589e+03
9.254431563537529139e-17 8.654057544318252638e-18 7.483187919547975980e+03
1.141909939518389435e-16 8.757287087537895337e-18 7.484456293322064994e+03
9.774380077312243283e-17 8.403396674492120744e-18 7.485724660459096413e+03
9.803038497778258765e-17 7.724150576876342162e-18 7.486993020878144307e+03
1.229881958212162397e-16 7.279222729077528905e-18 7.488261374497913494e+03
1.330426676124015869e-16 6.922566097103776263e-18 7.489529721236728619e+03
1.226708708164691097e-16 6.587482801502598563e-18 7.490798061012534163e+03
1.025105856620867486e-16 6.424951943506765150e-18 7.492066393742888977e+03
1.230095822958145736e-16 6.679466022747077884e-18 7.493334719344970836e+03
1.237829153336822756e-16 6.756736231124333528e-18 7.494603037735560065e+03
1.233777358778846558e-16 6.886906030036713355e-18 7.495871348831050454e+03
8.890813992339431036e-17 6.636760278214091518e-18 7.497139652547437436e+03
1.073180671178585353e-16 6.617937078378348838e-18 7.498407948800313534e+03
1.010541276702887107e-16 6.569207081173717929e-18 7.499676237504874734e+03
1.218688943536061890e-16 6.458993352851821844e-18 7.500944518575906841e+03
1.115757962429794813e-16 6.249649908012211454e-18 7.502212791927787293e+03
1.280797078056061997e-16 6.152847453556960550e-18 7.503481057474482441e+03
1.080176698137841605e-16 6.062754133361864031e-18 7.504749315129545721e+03
1.306653698967379415e-16 6.059386611980977885e-18 7.506017564806104929e+03
1.167542907978948078e-16 6.019451137926650345e-18 7.507285806416872219e+03
1.293994015707680774e-16 6.003786967686403583e-18 7.508554039874130467e+03
1.123201617561358335e-16 5.963227743779911023e-18 7.509822265089736902e+03
1.156737408806925298e-16 5.936387838646405022e-18 7.511090481975114926e+03
1.123935602036079214e-16 5.907830940627692591e-18 7.512358690441255021e+03
1.187633959348211871e-16 5.957117397652407691e-18 7.513626890398703836e+03
1.179974086926129750e-16 5.959281801377622128e-18 7.514895081757573280e+03
1.334432553668950267e-16 6.193449817371897253e-18 7.516163264427526883e+03
1.183836621146721089e-16 6.492181469488275160e-18 7.517431438317777065e+03
1.284324982702335498e-16 6.663533563236184703e-18 7.518699603337086955e+03
1.288059638295692723e-16 6.590804203053377080e-18 7.519967759393764936e+03
1.334571695611873404e-16 6.588728325425319134e-18 7.521235906395659185e+03
1.288746042808840089e-16 7.806230531317578267e-18 7.522504044250155857e+03
1.333791010447268791e-16 1.002625032028209592e-17 7.523772172864175445e+03
1.138126766961275210e-16 1.089956637075612497e-17 7.525040292144170053e+03
8.795288088315686693e-17 1.060019983280471678e-17 7.526308401996117027e+03
6.703762006441002234e-17 9.495100525106173331e-18 7.527576502325522597e+03
1.026162347782567995e-16 8.814803079135386325e-18 7.528844593037405502e+03
1.273293177126498716e-16 8.830782151317139064e-18 7.530112674036310636e+03
1.205876729367535089e-16 8.670412218433794333e-18 7.531380745226289037e+03
1.163086839970404956e-16 8.488457881456016358e-18 7.532648806510906070e+03
7.768904599823484279e-17 7.716564961805228098e-18 7.533916857793232339e+03
9.280707046354168963e-17 7.265456172621349244e-18 7.535184898975838223e+03
9.663917141027748478e-17 6.896868257467948553e-18 7.536452929960796610e+03
1.332573206427129932e-16 6.737852036294007012e-18 7.537720950649679253e+03
1.188398726147570233e-16 6.586339168986373822e-18 7.538988960943541315e+03
1.140610469605783747e-16 6.705770910834646359e-18 7.540256960742934098e+03
1.205364045211292240e-16 6.780889600515138516e-18 7.541524949947890491e+03
1.301471375202792496e-16 6.716543055811453992e-18 7.542792928457923153e+03
1.199840875126292271e-16 6.559672558396556509e-18 7.544060896172026332e+03
1.159675486092003453e-16 6.320525337904901512e-18 7.545328852988664948e+03
1.235742364392730298e-16 6.313721278654135730e-18 7.546596798805777325e+03
9.782920261478307016e-17 6.428626608833788847e-18 7.547864733520764275e+03
9.542302606263008109e-17 6.354498237169882319e-18 7.549132657030491828e+03
1.208128186175816804e-16 6.314306692803839361e-18 7.550400569231284862e+03
1.161142444283303029e-16 6.245615514886117527e-18 7.551668470018923472e+03
1.303086005033613431e-16 6.192456557038697564e-18 7.552936359288640233e+03
1.307197671035216887e-16 6.241062999252243269e-18 7.554204236935112931e+03
1.277302115875099408e-16 6.247939399521647571e-18 7.555472102852467287e+03
1.354637416760753151e-16 6.758833036212441719e-18 7.556739956934266957e+03
1.222743763903866864e-16 7.161953618805223815e-18 7.558007799073515343e+03
1.195079296180913794e-16 7.273423901245776565e-18 7.559275629162641053e+03
1.118919206327758800e-16 7.039339857413144570e-18 7.560543447093507893e+03
1.133286956896818588e-16 6.781816639703993036e-18 7.561811252757405782e+03
1.130769966238774004e-16 6.615898703311207055e-18 7.563079046045042560e+03
1.162907885078818429e-16 6.465373983051455061e-18 7.564346826846543081e+03
1.118698795694584814e-16 6.395460858506117956e-18 7.565614595051448305e+03
1.243810963510033950e-16 6.521108949596881998e-18 7.566882350548705290e+03
1.190492874149823519e-16 6.600348551755240038e-18 7.568150093226671743e+03
1.351202001394044947e-16 6.664942796234935235e-18 7.569417822973102375e+03
1.709028758248470154e-16 7.874468861594513341e-18 7.570685539675152540e+03
8.887754598481513725e-17 9.177411733410828539e-18 7.571953243219370052e+03
1.215383440030915027e-16 9.920384003069289947e-18 7.573220933491695178e+03
1.075165999106412293e-16 9.425243968835636847e-18 7.574488610377448822e+03
1.004847939357536148e-16 8.740895718177651135e-18 7.575756273761338889e+03
1.090609647781125350e-16 8.147658492158853204e-18 7.577023923527451188e+03
1.157219644360930382e-16 7.548982666575232918e-18 7.578291559559242160e+03
1.307694352295464007e-16 7.119986172747061120e-18 7.579559181739539781e+03
1.120107087815631535e-16 6.750367520961946692e-18 7.580826789950538114e+03
1.292005011196432179e-16 6.496579749356473651e-18 7.582094384073792753e+03
1.312188308390798190e-16 6.317925975143183663e-18 7.583361963990219920e+03
1.107085663624105739e-16 6.478951874674513368e-18 7.584629529580083727e+03
1.204272977964918526e-16 7.176573382608059325e-18 7.585897080723001636e+03
1.375896548227147738e-16 7.555732251405587419e-18 7.587164617297937184e+03
1.176282193242708702e-16 7.367325549778460442e-18 7.588432139183194522e+03
1.045624015162819496e-16 6.993533696510367158e-18 7.589699646256411143e+03
1.190977933071057105e-16 6.857581106004275413e-18 7.590967138394563335e+03
1.127579112306769887e-16 6.575113534455288192e-18 7.592234615473953454e+03
1.222006909576685529e-16 6.413954282966952049e-18 7.593502077370209008e+03
8.532957049871190014e-17 6.176615763745340779e-18 7.594769523958278114e+03
9.895012786817493049e-17 6.043385033263428005e-18 7.596036955112424039e+03
1.238239812864076875e-16 6.601861192648931213e-18 7.597304370706224290e+03
9.273481019546865311e-17 7.397761740850092326e-18 7.598571770612564251e+03
6.326117480206283227e-17 7.893068934863918110e-18 7.599839154703628083e+03
3.834426106905837736e-17 7.495915637729867489e-18 7.601106522850905094e+03
5.395295841492349496e-17 7.007908069916925606e-18 7.602373874925177006e+03
4.114078381655446484e-17 6.670908671280301003e-18 7.603641210796517043e+03
3.699552189264324008e-17 6.273365537116406295e-18 7.604908530334283569e+03
3.026479936106402896e-17 5.991587975658211723e-18 7.606175833407116443e+03
4.070508053383459731e-17 5.850737077035019588e-18 7.607443119882938845e+03
3.855268921989473134e-17 5.789981383053861207e-18 7.608710389628940902e+03
3.430355203628341864e-17 5.740574668152281917e-18 7.609977642511583326e+03
4.664127786250642528e-17 5.772017059653596140e-18 7.611244878396593776e+03
6.023402861717233682e-17 5.831349829034313854e-18 7.612512097148958674e+03
6.312810074797271531e-17 5.895558101341870666e-18 7.613779298632920472e+03
5.532641613102480745e-17 5.870825267291052188e-18 7.615046482711972203e+03
8.748353085625076459e-17 6.008006204654971268e-18 7.616313649248855654e+03
9.586277153471396478e-17 6.610504234305453823e-18 7.617580798105553185e+03
8.707655948618902525e-17 7.040265452086551621e-18 7.618847929143288638e+03
9.676616882798392176e-17 7.246684514165039850e-18 7.620115042222514603e+03
9.944953804607223854e-17 7.130230805155278656e-18 7.621382137202916056e+03
1.047780739232875840e-16 7.072630737988422170e-18 7.622649213943404902e+03
9.338358799836907266e-17 6.979425086730976473e-18 7.623916272302106336e+03
7.693800221836765997e-17 6.739740555577420828e-18 7.625183312136367022e+03
8.061554095327986145e-17 6.624538459154707638e-18 7.626450333302741456e+03
8.912537866329789981e-17 7.302330040297320793e-18 7.627717335656992873e+03
7.790432399569011683e-17 8.028557618435954528e-18 7.628984319054085063e+03
7.458739428013936117e-17 8.243005944381842715e-18 7.630251283348179641e+03
5.002799737569342435e-17 7.743137632278373107e-18 7.631518228392629680e+03
4.052346208526370910e-17 7.124095933827947683e-18 7.632785154039978806e+03
7.290242267935332640e-17 6.916060446544111633e-18 7.634052060141950278e+03
7.764445030801446576e-17 6.670583385142239821e-18 7.635318946549450629e+03
6.950971474681893469e-17 6.346531188697922436e-18 7.636585813112555115e+03
8.279449108126207577e-17 6.341888003181917277e-18 7.637852659680514989e+03
8.328543947106398167e-17 6.238836331173991200e-18 7.639119486101742950e+03
6.187691756329307836e-17 6.066583082660408966e-18 7.640386292223809505e+03
7.045641271707260076e-17 6.093973497311474136e-18 7.641653077893442060e+03
8.911237369471216480e-17 6.204433589324256140e-18 7.642919842956520370e+03
9.365251569601589045e-17 6.202418526104176613e-18 7.644186587258068357e+03
7.428776221943930547e-17 6.121171191782784721e-18 7.645453310642251381e+03
7.438396744833717962e-17 6.202939675764224281e-18 7.646720012952370780e+03
7.006290795928469718e-17 6.322512498250989184e-18 7.647986694030858416e+03
8.351878493269587521e-17 6.344448653046453680e-18 7.649253353719277584e+03
7.192840678822327473e-17 6.279290677091365537e-18 7.650519991858307549e+03
8.723410258236076682e-17 6.389431780489961992e-18 7.651786608287744457e+03
1.226635926483444051e-16 6.729405842541791710e-18 7.653053202846503154e+03
9.224020970564200884e-17 6.849659663597745853e-18 7.654319775372598087e+03
1.062015427801175294e-16 6.812098146791486417e-18 7.655586325703152397e+03
8.936056048118473725e-17 6.643312668912328364e-18 7.656852853674381549e+03
1.036791256448442893e-16 6.566078225850311726e-18 7.658119359121597881e+03
1.092783450135325760e-16 6.426944092514613449e-18 7.659385841879198779e+03
1.074108101330559176e-16 6.392183170024464698e-18 7.660652301780663038e+03
1.043281548852713961e-16 7.133528474148393902e-18 7.661918738658550865e+03
1.125840941576190480e-16 7.561559479030128496e-18 7.663185152344495691e+03
9.564283399460935558e-17 7.568789574948951083e-18 7.664451542669191440e+03
9.751038710633122720e-17 7.166990104561576991e-18 7.665717909462403441e+03
9.798364744797029750e-17 6.897800613756989018e-18 7.666984252552951148e+03
9.815712847640086447e-17 6.732793582160377313e-18 7.668250571768705413e+03
1.043655300908565978e-16 6.723422824000588704e-18 7.669516866936586666e+03
1.045914158955324085e-16 6.643207808150895390e-18 7.670783137882558549e+03
1.100222761503515789e-16 6.567195754620573404e-18 7.672049384431620638e+03
1.030743410008583856e-16 6.490446665484045366e-18 7.673315606407804808e+03
1.428659165487343653e-16 6.465885789684237202e-18 7.674581803634172502e+03
1.151662736051085974e-16 6.282780310165148016e-18 7.675847975932804729e+03
1.213533359591088779e-16 6.222308216981433933e-18 7.677114123124801154e+03
1.156339425527418080e-16 6.181264529416056155e-18 7.678380245030273727e+03
1.021451266477232277e-16 6.176840317513796346e-18 7.679646341468339415e+03
1.207063315121028943e-16 6.367666436702887772e-18 7.680912412257119286e+03
1.274336571544629876e-16 6.586653505071641596e-18 7.682178457213727597e+03
1.097955204847346858e-16 6.639114900640867387e-18 7.683444476154274525e+03
1.063043251103697950e-16 6.638699521884277457e-18 7.684710468893850702e+03
1.089174315884949852e-16 6.723539717924756065e-18 7.685976435246529945e+03
1.230559474339937024e-16 6.878043892303876455e-18 7.687242375025363799e+03
1.287459078393354395e-16 6.973261911321597027e-18 7.688508288042370623e+03
1.251962727255987609e-16 6.987501788588847088e-18 7.689774174108535590e+03
1.237684002858198167e-16 7.070774208966329213e-18 7.691040033033802501e+03
1.143024774914394305e-16 7.169231682053887841e-18 7.692305864627071060e+03
1.258197757793442425e-16 7.211307295750081634e-18 7.693571668696187771e+03
1.130364777366375412e-16 7.099495007239116897e-18 7.694837445047943220e+03
1.142434900541864329e-16 7.053163625723403742e-18 7.696103193488068428e+03
1.091853161325521185e-16 7.044261156769539719e-18 7.697368913821223032e+03
1.250074229034141284e-16 7.290511365209945224e-18 7.698634605851000742e+03
1.181050207463862375e-16 7.503807418929707981e-18 7.699900269379912061e+03
1.242706605727116616e-16 7.663839098230653420e-18 7.701165904209383370e+03
1.069299291540253994e-16 7.507738947275815751e-18 7.702431510139756938e+03
1.080355550718025391e-16 7.304634446117923345e-18 7.703697086970278178e+03
1.127690929442500727e-16 7.180214288255497702e-18 7.704962634499092019e+03
1.239006197246437756e-16 7.059449286910085887e-18 7.706228152523239260e+03
1.128645130163928844e-16 6.955174672781015408e-18 7.707493640838652027e+03
1.063633603262966133e-16 6.766903503500366513e-18 7.708759099240141950e+03
1.589289528314811443e-16 6.803958289140459450e-18 7.710024527521403797e+03
9.254609097259702204e-17 8.707908202050313917e-18 7.711289925474999109e+03
2.185049740551157614e-16 1.206041259183503297e-17 7.712555292892363468e+03
1.518193957985447204e-16 1.362310232708946945e-17 7.713820629563790135e+03
1.286924052391531798e-16 1.407878261455432487e-17 7.715085935278426405e+03
1.600319319283916901e-16 1.537267728466401246e-17 7.716351209824276339e+03
1.123585393491477780e-16 1.661073006129439193e-17 7.717616452988182573e+03
5.454988687667596169e-17 1.635369844259970512e-17 7.718881664555830866e+03
4.018176720586983063e-17 1.443938290745456817e-17 7.720146844311739187e+03
2.777571395590235353e-17 1.265146021074688745e-17 7.721411992039249526e+03
8.941901275783370117e-17 1.186245353907121620e-17 7.722677107520534264e+03
1.039390100910230972e-16 1.123435223210359326e-17 7.723942190536577982e+03
8.611540885069550161e-17 1.129283632982116816e-17 7.725207240867172914e+03
8.519148864916754075e-17 1.126969100921077303e-17 7.726472258290919854e+03
9.260980072323913031e-17 1.069758321222245589e-17 7.727737242585219974e+03
8.838078520965735011e-17 9.919879093280213716e-18 7.729002193526264819e+03
9.040021392834446369e-17 8.981392213024676661e-18 7.730267110889036303e+03
9.115841235025874449e-17 8.447944631024624249e-18 7.731531994447295801e+03
9.968619552629072820e-17 8.003679118656720547e-18 7.732796843973585055e+03
1.051598369966213819e-16 7.861082340053429198e-18 7.734061659239207984e+03
1.278128219106350509e-16 8.053096516775971573e-18 7.735326440014245236e+03
1.102442466530766071e-16 7.845090530033724207e-18 7.736591186067524177e+03
1.197576836314736198e-16 7.753396310138279355e-18 7.737855897166633440e+03
1.115774922331412621e-16 7.448175269026524154e-18 7.739120573077900190e+03
1.302543821948242493e-16 7.297029575311415867e-18 7.740385213566404673e+03
1.157461577831620252e-16 7.214943197491362124e-18 7.741649818395950206e+03
1.001692218287165700e-16 7.031714711001506589e-18 7.742914387329075907e+03
1.138780584160081434e-16 6.983124321534318595e-18 7.744178920127042147e+03
1.228057046030991328e-16 7.029323652125769020e-18 7.745443416549827816e+03
1.131482851921319671e-16 7.081067852947220159e-18 7.746707876356121233e+03
1.719634368149832258e-16 7.395073849739340576e-18 7.747972299303317413e+03
7.169453202265835307e-17 9.514317366161362919e-18 7.749236685147508979e+03
2.819674906302329411e-16 1.431405651239743024e-17 7.750501033643484334e+03
1.423379204738879411e-16 1.650649376106224146e-17 7.751765344544719483e+03
5.414514654488533477e-17 1.621843743659514076e-17 7.753029617603367114e+03
2.317095110630046322e-17 1.385162231672058718e-17 7.754293852570258423e+03
6.593212840421500494e-17 1.245206852904077961e-17 7.755558049194894920e+03
6.658219608588757195e-17 1.130026601665189335e-17 7.756822207225435704e+03
1.090183089518814774e-16 1.046672618860071996e-17 7.758086326408703826e+03
1.716166212583192610e-16 1.121612901722209203e-17 7.759350406490168098e+03
1.382565583948935049e-16 1.195525303318410697e-17 7.760614447213942185e+03
8.764503746539586248e-17 1.200812934778762002e-17 7.761878448322780059e+03
7.310755697815718584e-17 1.062399165559786022e-17 7.763142409558064173e+03
1.108258469267263877e-16 9.501769333399545631e-18 7.764406330659810919e+03
1.097465610617966949e-16 8.844611875354053034e-18 7.765670211366645162e+03
1.186629085095489427e-16 8.178615195892638739e-18 7.766934051415814793e+03
1.259805780833087233e-16 7.870968769956480104e-18 7.768197850543170716e+03
1.305739316571307206e-16 7.676096168894339379e-18 7.769461608483165037e+03
9.070299129282489539e-17 7.663357641750257686e-18 7.770725324968845598e+03
1.193271512692485301e-16 8.389943325761147093e-18 7.771988999731847798e+03
1.435665984730822169e-16 9.485274782054798490e-18 7.773252632502389133e+03
9.749769936744000253e-17 1.015766175384265632e-17 7.774516223009264650e+03
8.646551340141475064e-17 1.010013377566550094e-17 7.775779770979836940e+03
1.037829391733410788e-16 9.401580200208087401e-18 7.777043276140031594e+03
1.107174255258209410e-16 8.712108774009981600e-18 7.778306738214334473e+03
1.337716549888910884e-16 9.105851973323867836e-18 7.779570156925775336e+03
1.408571307907719792e-16 1.003291309718778504e-17 7.780833531995935118e+03
8.812116399277549605e-17 1.034741266198908957e-17 7.782096863144926829e+03
8.520908344370776883e-17 9.729029534444341704e-18 7.783360150091395553e+03
1.178018771806475779e-16 9.036446067505962884e-18 7.784623392552515725e+03
1.095406547164250583e-16 8.677759182835795910e-18 7.785886590243973842e+03
1.015322591628208910e-16 8.250826567594689324e-18 7.787149742879969381e+03
1.130276811679647353e-16 8.067354655283518044e-18 7.788412850173210245e+03
1.381475757055503693e-16 8.028523661609852379e-18 7.789675911834900944e+03
1.250402478805523297e-16 8.111722228171570162e-18 7.790938927574738045e+03
9.775624494195598000e-17 8.435415761593201764e-18 7.792201897100901988e+03
2.540030926345867909e-16 1.149513513632437310e-17 7.793464820120056174e+03
1.990274561747251828e-16 1.403215505608958843e-17 7.794727696337334237e+03
1.339703440222224610e-16 1.481411394620779800e-17 7.795990525456335490e+03
1.058617331695276927e-17 1.309070647065977762e-17 7.797253307179119474e+03
7.603551461593165982e-17 1.168529251258885682e-17 7.798516041206195951e+03
8.678946707381319821e-17 1.075050590473998596e-17 7.799778727236523991e+03
6.893331316694693953e-17 9.747596634725758973e-18 7.801041364967500158e+03
1.241936585792938621e-16 9.192585580031268554e-18 7.802303954094952132e+03
1.041152750635520190e-16 8.724598041667163076e-18 7.803566494313139629e+03
9.965827484656358706e-17 8.330496912664525487e-18 7.804828985314732563e+03
1.583493532513535201e-16 8.035992142817831426e-18 7.806091426790821060e+03
1.259895914246229667e-16 8.615555122372116707e-18 7.807353818430896354e+03
1.689668206463314328e-16 1.032836546376943858e-17 7.808616159922851693e+03
7.757996752034233285e-17 1.100768435029221557e-17 7.809878450952969615e+03
6.014511435707791173e-17 1.059128557885282141e-17 7.811140691205921939e+03
9.345776723492760128e-17 9.638560503661999124e-18 7.812402880364754310e+03
1.183482864390798055e-16 9.328707707637333508e-18 7.813665018110888923e+03
1.046369657855641588e-16 9.052969149797663972e-18 7.814927104124108155e+03
1.025405269118738506e-16 8.768865607853876756e-18 7.816189138082558202e+03
9.904172243230347106e-17 8.554259213122348374e-18 7.817451119662730889e+03
1.482573975151535667e-16 8.345477819868974812e-18 7.818713048539465490e+03
1.313985685353019758e-16 9.189921506756148586e-18 7.819974924385938721e+03
3.295744396700344601e-16 1.363467627439404283e-17 7.821236746873657466e+03
2.404564432355273171e-16 1.602577815283834434e-17 7.822498515672448775e+03
6.455844209941273922e-17 1.619053750091221869e-17 7.823760230450463496e+03
-2.678585897692708974e-17 1.369393827120414760e-17 7.825021890874156270e+03
9.156383856289331317e-17 1.239859220742539030e-17 7.826283496608286441e+03
2.452110288076679084e-17 1.148248411662895455e-17 7.827545047315905322e+03
1.139505111102125799e-16 1.046274085105948099e-17 7.828806542658361650e+03
8.829269981674127168e-17 9.895279855846932961e-18 7.830067982295278853e+03
7.177840940616350166e-17 9.285737716524471282e-18 7.831329365884554136e+03
9.661719852204344762e-17 8.599128710138971100e-18 7.832590693082356665e+03
1.104298714351962774e-16 8.364840506247998540e-18 7.833851963543111196e+03
8.268415584811084101e-17 7.898677498003606065e-18 7.835113176919501711e+03
9.116384457893915302e-17 7.588883388728037840e-18 7.836374332862453230e+03
1.106108813966948121e-16 7.286343002804496131e-18 7.837635431021130898e+03
1.440281384645961250e-16 7.234742157442648286e-18 7.838896471042933626e+03
1.345981732763556275e-16 8.203226700752501489e-18 7.840157452573481351e+03
1.802197853264409590e-16 9.938952158238828838e-18 7.841418375256617765e+03
1.370345554518081011e-16 1.066386428150773631e-17 7.842679238734389401e+03
5.416743304722455224e-17 1.035187145543158256e-17 7.843940042647051087e+03
6.351461412479337820e-17 9.382204034434469168e-18 7.845200786633050484e+03
8.794849681361973507e-17 8.982018832611153484e-18 7.846461470329028089e+03
7.627798936415047166e-17 8.761277889513101202e-18 7.847722093369800859e+03
1.010871667415583961e-16 8.780335696563152453e-18 7.848982655388361309e+03
1.376058337918720390e-16 9.052820215512068789e-18 7.850243156015869317e+03
9.390437879726618662e-17 9.745495666788446105e-18 7.851503594881645768e+03
2.059234098793882495e-16 1.322591627336426814e-17 7.852763971613161630e+03
2.156342966423453511e-16 1.601237570031035754e-17 7.854024285836028866e+03
1.172144880143385834e-16 1.669720884218050373e-17 7.855284537174005891e+03
-8.708691080798427685e-17 1.453643824824695168e-17 7.856544725248973918e+03
7.484167809503543196e-17 1.317597402722245606e-17 7.857804849680936968e+03
5.255805244565576983e-17 1.266450069621314150e-17 7.859064910088018223e+03
1.493263842826549938e-16 1.315847786761027493e-17 7.860324906086444571e+03
1.114489219118306963e-16 1.328302650357142551e-17 7.861584837290547512e+03
6.860007952592234744e-17 1.286291301626392309e-17 7.862844703312746788e+03
5.943095779905440718e-17 1.142743939308058601e-17 7.864104503763548564e+03
1.039805491227051644e-16 1.045573314457557947e-17 7.865364238251539064e+03
9.366664153601248125e-17 1.002115740152457211e-17 7.866623906383373651e+03
1.579722333771856657e-16 1.014061670227189734e-17 7.867883507763767739e+03
1.046348813434461036e-16 1.040323786834633656e-17 7.869143041995495878e+03
1.934056844060934053e-16 1.213527718581031533e-17 7.870402508679378116e+03
1.059197454576746023e-16 1.272420965932242950e-17 7.871661907414274538e+03
3.155541413352366932e-17 1.250793974564617627e-17 7.872921237797077993e+03
1.790770889431056920e-17 1.098882590691100280e-17 7.874180499422706816e+03
1.013796649480512846e-16 1.000932930702442787e-17 7.875439691884094827e+03
8.967888779679737894e-17 9.470686085352320859e-18 7.876698814772185870e+03
1.613716346166332463e-16 9.996152311947521080e-18 7.877957867675926536e+03
1.536516061654921156e-16 1.081777322168208665e-17 7.879216850182257986e+03
1.150167044975225430e-16 1.156922368118979909e-17 7.880475761876105025e+03
1.008631320562085155e-16 1.162708307294872213e-17 7.881734602340373385e+03
1.059890405170283222e-16 1.140214897619684743e-17 7.882993371155938803e+03
6.946526412731242986e-17 1.077976413778923969e-17 7.884252067901641567e+03
6.866735238638094116e-17 9.790918694934356963e-18 7.885510692154272874e+03
1.164719756943066435e-16 9.478805214187198749e-18 7.886769243488580287e+03
1.185621909607549763e-16 9.548899662463978603e-18 7.888027721477243176e+03
2.572110135923925996e-16 1.171260374850884458e-17 7.889286125690874542e+03
1.770607810424245590e-16 1.322576386497174351e-17 7.890544455698012825e+03
1.132143476765726600e-16 1.353219380136543358e-17 7.891802711065113726e+03
1.157710581177600843e-17 1.202160390023758578e-17 7.893060891356537468e+03
9.756497279899607562e-17 1.101216636982638661e-17 7.894318996134550616e+03
7.500650081941476911e-17 1.034838481898078677e-17 7.895577024959306982e+03
9.416181444836597902e-17 9.662869013947875220e-18 7.896834977388845800e+03
9.108767385117931626e-17 9.273193411924059131e-18 7.898092852979087183e+03
1.062052786749016288e-16 9.067072324878344467e-18 7.899350651283813932e+03
1.050621349380254829e-16 8.631853341290108176e-18 7.900608371854674260e+03
8.842988156576466225e-17 8.306690431014249312e-18 7.901866014241166340e+03
9.746165032769780835e-17 8.127957835269488666e-18 7.903123577990635567e+03
1.133893841444691729e-16 7.916891428586160343e-18 7.904381062648260922e+03
1.085404312739307793e-16 7.664557748830060971e-18 7.905638467757053149e+03
1.318843839485007834e-16 7.758208156293421221e-18 7.906895792857840206e+03
1.147285846833539207e-16 7.666074271651159834e-18 7.908153037489266353e+03
1.163115502345088254e-16 7.686091965826498139e-18 7.909410201187777602e+03
1.431388498751695950e-16 7.861569748418576127e-18 7.910667283487617169e+03
9.925471360907515140e-17 9.424615590035507788e-18 7.911924283920814560e+03
3.104687214899053982e-16 1.451158224326744857e-17 7.913181202017182841e+03
2.797553064394824578e-16 1.707182123159349729e-17 7.914438037304303180e+03
4.707156880653641712e-17 1.727332181099871433e-17 7.915694789307523024e+03
-1.815891688190238848e-16 1.452051842316742545e-17 7.916951457549945189e+03
8.847221539832844258e-17 1.343369805998558935e-17 7.918208041552415125e+03
9.548443688266132126e-17 1.313698600132551838e-17 7.919464540833523643e+03
2.053054843585296954e-16 1.468607020072091801e-17 7.920720954909587817e+03
1.135518555831825350e-16 1.544892254297769378e-17 7.921977283294650988e+03
4.079129770857661062e-17 1.495985148013245319e-17 7.923233525500464566e+03
-1.048391504364747717e-17 1.313547306615077556e-17 7.924489681036491675e+03
6.926992704165993454e-17 1.196655884172342631e-17 7.925745749409890777e+03
5.205726225472450325e-17 1.069871688814384014e-17 7.927001730125506583e+03
8.355042580264562753e-17 9.744327239591002709e-18 7.928257622685869137e+03
1.175979252273647326e-16 9.638862057053367010e-18 7.929513426591179268e+03
2.112015382178646609e-16 1.111009155489248032e-17 7.930769141339298585e+03
1.390942239227822436e-16 1.200293811567758268e-17 7.932024766425751295e+03
6.464284433926220419e-17 1.193380021607147523e-17 7.933280301343700557e+03
2.669484335077751524e-17 1.071015961403767310e-17 7.934535745583954849e+03
8.075444928514343611e-17 9.892380357037883690e-18 7.935791098634947048e+03
9.998600228223914148e-17 9.370457393446911524e-18 7.937046359982736249e+03
8.358707505686028302e-17 8.815485484864568736e-18 7.938301529110991396e+03
1.249475460667046553e-16 8.579468501268219131e-18 7.939556605500991282e+03
8.929556299937241104e-17 8.366543234130151024e-18 7.940811588631604536e+03
1.283798385765761845e-16 8.210029016634555768e-18 7.942066477979290539e+03
1.190388515844666378e-16 8.023335102203047943e-18 7.943321273018087595e+03
1.117168995114427973e-16 7.999640191710953097e-18 7.944575973219603839e+03
1.364047334182245225e-16 8.035387054931396797e-18 7.945830578053009049e+03
1.308371388759864306e-16 8.066496699728548282e-18 7.947085086985027374e+03
1.899159827533871973e-16 9.263493147039588607e-18 7.948339499479925507e+03
1.599250557450398499e-16 1.021423320190295365e-17 7.949593814999507231e+03
1.340554296541953897e-16 1.051203148356135132e-17 7.950848033003102501e+03
4.507070371666075461e-17 9.481629812264701298e-18 7.952102152947563809e+03
7.653057498994010370e-17 8.814558500072624812e-18 7.953356174287246176e+03
9.726943190817429268e-17 8.609433812186268671e-18 7.954610096474009879e+03
1.088389581805720581e-16 8.216524711665161802e-18 7.955863918957208625e+03
9.675918023441497865e-17 7.910395544761738642e-18 7.957117641183678643e+03
1.121288723188637958e-16 7.759564107338736974e-18 7.958371262597726854e+03
1.088606582285522921e-16 7.607360821809193494e-18 7.959624782641132697e+03
9.280446992220390135e-17 7.566407220282569670e-18 7.960878200753126293e+03
1.418519722375880994e-16 7.617219225575205489e-18 7.962131516370391182e+03
2.584617319693309486e-16 1.061242135829814834e-17 7.963384728927048855e+03
3.227241559244662303e-16 1.430866149414249622e-17 7.964637837854646932e+03
2.108337937174798980e-16 1.544218522576607362e-17 7.965890842582160985e+03
-7.881988198111823549e-17 1.402502965340105418e-17 7.967143742535976344e+03
4.504478939885699157e-17 1.242973536532943474e-17 7.968396537139879001e+03
7.023947772103425653e-17 1.181952158097972936e-17 7.969649225815056525e+03
-1.415936095926708791e-17 1.079180248283249098e-17 7.970901807980077137e+03
8.216198724038142644e-17 1.035335626145874016e-17 7.972154283050886079e+03
9.497684724307677210e-17 9.877782835279611209e-18 7.973406650440798330e+03
7.560799900627264505e-17 9.298880287830323801e-18 7.974658909560486791e+03
1.462275459250940379e-16 9.210854801828470565e-18 7.975911059817974092e+03
1.720762826229664856e-16 9.731948754435658834e-18 7.977163100618624412e+03
2.331756785698249221e-16 1.078345006916687062e-17 7.978415031365130744e+03
1.006042973313313085e-16 1.176940825305591711e-17 7.979666851457512166e+03
1.359679429654922206e-16 1.200592307946807702e-17 7.980918560293097471e+03
1.470146585766005790e-17 1.105681892265808577e-17 7.982170157266524257e+03
5.523930894674470775e-17 9.929691060969068899e-18 7.983421641769721646e+03
8.473631031717218509e-17 9.595178188549537975e-18 7.984673013191905738e+03
7.881614823708840307e-17 9.027625384971894557e-18 7.985924270919568698e+03
1.131801653706175196e-16 8.878944627235201717e-18 7.987175414336471476e+03
1.211134694458723990e-16 8.677794635904414939e-18 7.988426442823631078e+03
9.400494087751990709e-17 8.290698602761039848e-18 7.989677355759318743e+03
1.379790966114721060e-16 8.521218962767734855e-18 7.990928152519038122e+03
4.883077915938240829e-16 1.240330952188387057e-17 7.992178832475528907e+03
2.664496975369480025e-16 1.547403994658595229e-17 7.993429394998752286e+03
1.994051811073796674e-16 1.656119546980927859e-17 7.994679839455876390e+03
-3.263077074568928830e-16 1.456151315602557415e-17 7.995930165211277199e+03
4.458009036740305883e-17 1.299542851581747482e-17 7.997180371626519445e+03
5.739436757438572217e-17 1.241951847032205153e-17 7.998430458060356614e+03
2.189580449947032801e-17 1.125411612039078598e-17 7.999680423868712751e+03
9.535442309004669856e-17 1.078666628650546868e-17 8.000930268404677918e+03
5.731474393837511272e-17 1.013233934612941365e-17 8.002179991018499095e+03
7.285355752698183202e-17 9.516120026229051192e-18 8.003429591057567450e+03
1.203152710109196436e-16 9.079371946147756453e-18 8.004679067866412879e+03
9.092560841053499112e-17 8.699602401662051557e-18 8.005928420786692186e+03
9.048654405383464464e-17 8.253071474690841984e-18 8.007177649157179076e+03
7.279235018845401770e-17 7.837112574819731863e-18 8.008426752313754150e+03
1.092593054234556172e-16 7.568816793509977635e-18 8.009675729589401271e+03
1.202375219734515763e-16 7.486802211807179251e-18 8.010924580314189370e+03
1.758114934772076030e-16 8.236864829750572231e-18 8.012173303815265172e+03
2.266728518221476728e-16 1.001986271472150189e-17 8.013421899416853194e+03
1.297258792849760486e-16 1.064662083939183221e-17 8.014670366440232101e+03
5.339475327733857291e-17 1.043021909423052765e-17 8.015918704203730158e+03
1.872841185589894173e-17 9.348029818809645452e-18 8.017166912022722499e+03
1.119990628853220593e-16 9.192335085680723462e-18 8.018414989209612031e+03
9.025720017567620277e-17 9.207912878189641019e-18 8.019662935073821245e+03
1.034192737150779238e-16 9.018438398790557360e-18 8.020910748921789491e+03
8.387058387011304709e-17 8.843130634299481614e-18 8.022158430056957513e+03
1.695542753488499053e-16 9.085532873163218897e-18 8.023405977779755631e+03
3.960015053767906854e-16 1.237280188172741562e-17 8.024653391387598276e+03
1.968772652341655260e-16 1.417432375306183621e-17 8.025900670174874904e+03
1.716907095513963052e-16 1.454409210357155464e-17 8.027147813432935436e+03
-2.024119774973447518e-16 1.276140571164833497e-17 8.028394820450084808e+03
6.443975704335179165e-17 1.206239185292438986e-17 8.029641690511572051e+03
3.730558759586019746e-17 1.155358302437178113e-17 8.030888422899579382e+03
6.127662429302355739e-17 1.099038551636770499e-17 8.032135016893212196e+03
4.959008714779216102e-17 1.038199567981182132e-17 8.033381471768489064e+03
4.481379113235266456e-17 9.696001670960896824e-18 8.034627786798335364e+03
4.999958073122561260e-17 9.370393660475836873e-18 8.035873961252569643e+03
9.180680614280256924e-17 8.866476835984304043e-18 8.037119994397893606e+03
1.132757965313500830e-16 8.573298520220385112e-18 8.038365885497883028e+03
1.099259206197852605e-16 8.279049976135069305e-18 8.039611633812979562e+03
1.017190054886599355e-16 7.937124878632160504e-18 8.040857238600477103e+03
9.912554849543998048e-17 7.615093237085019869e-18 8.042102699114517236e+03
7.750554686544403663e-17 7.623476831985361413e-18 8.043348014606071956e+03
9.172114501541735492e-17 7.449517825784867720e-18 8.044593184322939123e+03
8.129752253356516828e-17 7.412439649561771354e-18 8.045838207509728818e+03
1.005471564459152784e-16 7.476164155563480853e-18 8.047083083407858794e+03
1.173748086018786635e-16 7.397203195955142239e-18 8.048327811255537199e+03
1.500438460505357472e-16 7.702636778888625138e-18 8.049572390287758026e+03
2.102497626593000646e-16 8.947745333470907372e-18 8.050816819736284742e+03
1.187598765789363149e-16 9.424248606443053928e-18 8.052061098829652110e+03
9.293757227424368089e-17 9.405724769435722915e-18 8.053305226793139809e+03
2.204007255027113403e-17 8.619017110164887171e-18 8.054549202848775167e+03
1.114080584626624929e-16 8.401986605660914126e-18 8.055793026215317695e+03
9.949209153126041405e-17 8.249238272173073710e-18 8.057036696108245451e+03
9.661549478400765584e-17 8.021933856526090046e-18 8.058280211739755032e+03
1.839398090054961191e-16 8.308154105937506403e-18 8.059523572318741572e+03
3.145318639590087607e-16 1.038511091980791591e-17 8.060766777050789642e+03
1.723382945741324466e-16 1.135478467150152058e-17 8.062009825138168708e+03
1.220569764031849623e-16 1.144545064221596414e-17 8.063252715779817663e+03
-7.130217914664748173e-17 1.017910963933216527e-17 8.064495448171337557e+03
5.695899475275976448e-17 9.592567725221824317e-18 8.065738021504976132e+03
7.568469329935110096e-17 9.307417902479793800e-18 8.066980434969624184e+03
5.663636866538697146e-17 8.951790059011851543e-18 8.068222687750798286e+03
1.018762262096062712e-16 8.630421469965211329e-18 8.069464779030639875e+03
7.853969231787980845e-17 8.233876357353557044e-18 8.070706707987892514e+03
1.005646832542025564e-16 8.020357176570052611e-18 8.071948473797901897e+03
1.069425066087582593e-16 7.980078250308598529e-18 8.073190075632595835e+03
8.682868741394010701e-17 8.035196960424728217e-18 8.074431512660486987e+03
1.014806476668222951e-16 7.993010998379392907e-18 8.075672784046648303e+03
9.034384658514903710e-17 7.990536085121840415e-18 8.076913888952712114e+03
9.069227838512908690e-17 7.851603842418561758e-18 8.078154826536851033e+03
9.220175585867400218e-17 7.429039821068820763e-18 8.079395595953777047e+03
9.906261703552154480e-17 7.415201200292706671e-18 8.080636196354726053e+03
1.087054356935897954e-16 7.438627350317147944e-18 8.081876626887444218e+03
1.309584131735337322e-16 7.683495009263493575e-18 8.083116886696182519e+03
1.183804635599439606e-16 7.886086425650680526e-18 8.084356974921684014e+03
1.085036683084779712e-16 7.832050771377604246e-18 8.085596890701171105e+03
9.156954121271611459e-17 7.591368646213387653e-18 8.086836633168339176e+03
9.632734275957118238e-17 7.412772132881626673e-18 8.088076201453342946e+03
9.128728344442125244e-17 7.320004741227991480e-18 8.089315594682785559e+03
1.244794599807358213e-16 7.477983523148877673e-18 8.090554811979709484e+03
1.529173574565600287e-16 8.056924129066347457e-18 8.091793852463582880e+03
1.226094755434578446e-16 8.386790972916328674e-18 8.093032715250292313e+03
1.257280492423764384e-16 8.417109035918101880e-18 8.094271399452130026e+03
7.851390279335712426e-17 7.895583918048140147e-18 8.095509904177783028e+03
9.570639480801604503e-17 7.746569841298444578e-18 8.096748228532322173e+03
9.979194566723477241e-17 7.654737273661538213e-18 8.097986371617193072e+03
1.552859340734912210e-16 7.771970890755998304e-18 8.099224332530198808e+03
2.406893738854104264e-16 8.760912707921720648e-18 8.100462110365502667e+03
1.807285787459705623e-16 9.378960855973487294e-18 8.101699704213600853e+03
1.536160651305334430e-16 9.541363008921112701e-18 8.102937113161320667e+03
3.821394239615613284e-17 8.864859550177759923e-18 8.104174336291810505e+03
4.181954015828610285e-17 8.613636303732907508e-18 8.105411372684522576e+03
1.026547167257945184e-16 8.450036227622040782e-18 8.106648221415210173e+03
9.911212244715419285e-17 8.252013086565328159e-18 8.107884881555904940e+03
1.011616114209987597e-16 8.173222751169882101e-18 8.109121352174921412e+03
9.946248719528454239e-17 8.189573566327148892e-18 8.110357632336829738e+03
1.030777729297771994e-16 8.010746711038374019e-18 8.111593721102457494e+03
1.007515141338125045e-16 7.910272471230589977e-18 8.112829617528870585e+03
9.419002651230255285e-17 7.770529394916568191e-18 8.114065320669365974e+03
1.016524447318567131e-16 7.541936144793997866e-18 8.115300829573456213e+03
1.091684441924961086e-16 7.449059348673119578e-18 8.116536143286865808e+03
1.043100769968646490e-16 7.389716642639743186e-18 8.117771260851512125e+03
1.040372984095780377e-16 7.240628497598857402e-18 8.119006181305501741e+03
1.036743591526139926e-16 7.171427300919887917e-18 8.120240903683106808e+03
1.251977636942988780e-16 7.225925635522354667e-18 8.121475427014769593e+03
1.093758588408594909e-16 7.267195396611231106e-18 8.122709750327081565e+03
1.163609839610583319e-16 7.279368827040688519e-18 8.123943872642772476e+03
1.060245819603162397e-16 7.298701045965444880e-18 8.125177792980703089e+03
1.104404096722080434e-16 7.343850926115319122e-18 8.126411510355846985e+03
1.205187343984898768e-16 7.176572562234895761e-18 8.127645023779288749e+03
1.160217247417765835e-16 7.176303263866454907e-18 8.128878332258202136e+03
1.159649123611835232e-16 7.267021843599305997e-18 8.130111434795848254e+03
1.104967094463702273e-16 7.279069997112638943e-18 8.131344330391559197e+03
1.184148493478259603e-16 7.257843026264579001e-18 8.132577018040722578e+03
1.111271295865377774e-16 7.499678681809409873e-18 8.133809496734780623e+03
1.053357087603258051e-16 8.277214792361908681e-18 8.135041765461208342e+03
6.665195765662311975e-17 8.597212121378903916e-18 8.136273823203508073e+03
1.648636636024608356e-18 7.233003758899206944e-18 8.137505668941195836e+03
