4.503368757161208178e-15 1.028170876345613512e-14 3.263557139341293805e+03
-4.475388811066143218e-14 1.106281977543362127e-14 3.264282952332167042e+03
2.210121419813963020e-14 1.050011490275158081e-14 3.265008765330841925e+03
2.119281184537829686e-14 1.010047706403135861e-14 3.265734578337311177e+03
-3.817835854193875827e-14 9.705272760467502170e-15 3.266460391351566614e+03
1.510025969701029035e-14 9.373733468845106389e-15 3.267186204373602322e+03
1.703265449350204501e-14 9.036235730507464224e-15 3.267912017403410573e+03
-7.557516191156244949e-15 8.620117902177981575e-15 3.268637830440985454e+03
2.012701838915084538e-14 8.248523349877289888e-15 3.269363643486318324e+03
-1.473662190415284551e-15 7.926325077426989402e-15 3.270089456539402818e+03
-2.285170143654202653e-14 7.591447175411819751e-15 3.270815269600230749e+03
1.389471874224704399e-14 7.334574551653029975e-15 3.271541082668796662e+03
1.170161866678171144e-14 7.065203736268130808e-15 3.272266895745092370e+03
-9.320490036156052888e-15 6.806612245303527613e-15 3.272992708829111052e+03
9.702544469967759320e-15 6.601657557315546292e-15 3.273718521920845433e+03
1.281739946965303104e-14 6.399772895499156994e-15 3.274444335020289600e+03
-7.456580955577244227e-15 6.266246344767975771e-15 3.275170148127434913e+03
-5.862573814044715703e-15 6.047156286783781856e-15 3.275895961242275007e+03
9.141580530444170142e-15 5.878556584929797334e-15 3.276621774364803059e+03
1.891585035810676127e-14 5.732733741786709689e-15 3.277347587495011794e+03
1.046886799145288183e-14 5.561243550310296633e-15 3.278073400632893936e+03
-8.449525367373998705e-15 5.453707734860529035e-15 3.278799213778442663e+03
-9.156285138281115098e-15 5.288366742956303751e-15 3.279525026931651155e+03
1.841631133947052625e-15 5.166938532184073996e-15 3.280250840092512135e+03
-3.855210503682180732e-15 5.014348641395357057e-15 3.280976653261019237e+03
1.190678238002701232e-14 4.912486850205955857e-15 3.281702466437164730e+03
-1.576772044690491733e-14 4.783803245042686406e-15 3.282428279620941794e+03
6.152310864640214562e-15 5.392312070887138651e-15 3.283154092812344061e+03
2.677675329773015736e-15 5.358708785632120634e-15 3.283879906011363801e+03
1.675638462414821787e-15 4.452958067210545276e-15 3.284605719217994192e+03
-1.503728096781592843e-14 4.300735395203637923e-15 3.285331532432229324e+03
-8.189699550171160549e-15 4.231101983786262655e-15 3.286057345654061010e+03
5.626737546920055934e-15 4.123621350958022161e-15 3.286783158883482429e+03
-2.790593623451657332e-15 4.060863974820370412e-15 3.287508972120487670e+03
1.143275341432096000e-14 3.973758701146412450e-15 3.288234785365069911e+03
-2.250671313668276285e-14 3.897300126591337964e-15 3.288960598617220512e+03
3.285387159657055386e-15 3.830476013078438769e-15 3.289686411876933562e+03
4.915240138057372185e-15 3.755508712930109838e-15 3.290412225144203148e+03
-7.705768750658888536e-17 3.707525375196172906e-15 3.291138038419020631e+03
8.258028200248877069e-15 3.645261272603596134e-15 3.291863851701380554e+03
-1.179771125979546684e-14 3.589481928506637150e-15 3.292589664991275640e+03
1.385677765459314927e-15 3.569076578921440015e-15 3.293315478288698614e+03
5.839515577512494062e-16 3.484311862123800588e-15 3.294041291593643109e+03
3.152322656226986590e-15 3.414176622536438284e-15 3.294767104906102759e+03
-2.967031092608699723e-15 3.366935809756384177e-15 3.295492918226069833e+03
-1.484142783229614360e-14 3.320933449842755051e-15 3.296218731553538419e+03
1.760387518606181080e-14 3.649193838944629280e-15 3.296944544888500786e+03
-4.606301686554556534e-15 3.484932759514744348e-15 3.297670358230951024e+03
4.646743620775470374e-15 3.228464519871664538e-15 3.298396171580880946e+03
-5.073712008362261450e-15 3.162104810945568291e-15 3.299121984938286005e+03
1.743860755925089899e-16 3.129135660046442404e-15 3.299847798303158015e+03
8.509429240670318822e-15 3.103317343322733993e-15 3.300573611675490611e+03
6.747016879458614129e-16 3.058967827232086747e-15 3.301299425055275606e+03
-6.060488998788845462e-15 3.005270375618447182e-15 3.302025238442508453e+03
-2.363211943236193635e-16 2.959369179327737425e-15 3.302751051837182331e+03
8.233548187210835718e-15 2.933759209041317767e-15 3.303476865239288600e+03
4.114650947123261470e-15 2.871039144576323677e-15 3.304202678648821347e+03
-6.431287335110995207e-15 2.834338202883023673e-15 3.304928492065775572e+03
2.668871058030957549e-15 2.806297870930462082e-15 3.305654305490142633e+03
2.715178496163806049e-15 2.762054745520888720e-15 3.306380118921916619e+03
-1.856775944585173263e-15 2.729576390292669695e-15 3.307105932361089799e+03
1.956147425743108664e-15 2.672558584157285575e-15 3.307831745807657171e+03
1.894618303156686737e-16 2.654304919769982026e-15 3.308557559261611914e+03
3.022604157737420202e-15 2.656300756031981185e-15 3.309283372722945387e+03
-6.269967133314744145e-16 2.671421309480948152e-15 3.310009186191652589e+03
6.484396510820784383e-16 2.571823848228466253e-15 3.310734999667727607e+03
-3.013569587368534608e-15 2.500451235798657778e-15 3.311460813151162256e+03
2.956664586698279251e-15 2.450676863007463560e-15 3.312186626641951079e+03
-1.215609838780985544e-16 2.442124426121640619e-15 3.312912440140085891e+03
-4.183810042273354770e-15 2.405795317360062603e-15 3.313638253645562145e+03
8.434557003868944726e-15 2.368278413942532142e-15 3.314364067158371654e+03
-4.216410012157064625e-15 2.343427493866764979e-15 3.315089880678508507e+03
2.922509632776899940e-15 2.316984213866897613e-15 3.315815694205965883e+03
3.168877456461982501e-15 2.327666503096171033e-15 3.316541507740737870e+03
3.167607010237860849e-15 2.295848409368281679e-15 3.317267321282817193e+03
-3.046627718087102218e-15 2.252429278818273674e-15 3.317993134832197484e+03
8.198907062705376661e-15 2.225292151094814615e-15 3.318718948388872377e+03
-2.598964456164256853e-15 2.212348220088978059e-15 3.319444761952835051e+03
-9.026326851016848669e-15 2.196685814248273705e-15 3.320170575524079140e+03
1.002004259413293196e-14 2.178199737630394193e-15 3.320896389102598278e+03
5.682685039650751709e-15 2.160369220702938748e-15 3.321622202688386096e+03
-4.163382344737747719e-15 2.128638337307246686e-15 3.322348016281435775e+03
4.027508444769913064e-15 2.115302387048372242e-15 3.323073829881740494e+03
-4.514079009520580394e-15 2.086592041051313625e-15 3.323799643489294795e+03
1.620574981031226895e-15 2.068326582247098737e-15 3.324525457104091402e+03
1.516342177136172327e-15 2.050318706410928207e-15 3.325251270726123948e+03
2.449883354126208033e-15 2.031277949477545823e-15 3.325977084355386069e+03
2.211081097347591114e-15 2.025958531653187161e-15 3.326702897991871396e+03
5.800767470281896535e-15 1.999280050082174860e-15 3.327428711635572654e+03
1.384594718819326103e-15 1.976511315742595006e-15 3.328154525286485296e+03
-1.867312902608821622e-15 1.935287730661899611e-15 3.328880338944601135e+03
1.895912244891377469e-15 1.913098384212996232e-15 3.329606152609913806e+03
3.250006801788175222e-15 1.899813379429585116e-15 3.330331966282418762e+03
-7.976517388623863871e-15 1.883527673582285692e-15 3.331057779962107816e+03
6.800469006198825630e-15 1.872836553351739536e-15 3.331783593648975511e+03
2.217397767262604250e-15 1.849255523620411270e-15 3.332509407343014118e+03
-4.350964895677494363e-16 1.825276159371232353e-15 3.333235221044219543e+03
-3.913331152955472725e-15 1.810060743127827116e-15 3.333961034752583146e+03
-7.534920065205230608e-16 1.787461680006391107e-15 3.334686848468099470e+03
-7.620719668818113375e-16 1.766996049924558904e-15 3.335412662190762603e+03
-1.179800478349290288e-15 1.772384411930544005e-15 3.336138475920565725e+03
5.935119536355370494e-15 1.743881760275078685e-15 3.336864289657502013e+03
-7.172340348077273860e-15 1.714454124975307598e-15 3.337590103401566012e+03
-4.303818213749874094e-15 1.697205967481953582e-15 3.338315917152751354e+03
4.709497870597306639e-15 1.698536421668387014e-15 3.339041730911050763e+03
6.002350254155839309e-16 1.684802616097298425e-15 3.339767544676459693e+03
-1.173669046424932640e-15 1.675864536655404841e-15 3.340493358448969957e+03
3.337636735101291054e-15 1.663082836869306574e-15 3.341219172228576099e+03
5.510058212689969706e-16 1.643555647995241771e-15 3.341944986015271752e+03
-5.982347703717366886e-15 1.634418055732762439e-15 3.342670799809050550e+03
4.296507852607645659e-15 1.625451388719169898e-15 3.343396613609907945e+03
2.278598087897420174e-15 1.610485777551833324e-15 3.344122427417834842e+03
-6.977479879442158741e-16 1.600109950912059966e-15 3.344848241232826695e+03
5.415894184464736349e-15 1.585485523338839060e-15 3.345574055054876681e+03
1.308447355031744231e-15 1.573145617684325371e-15 3.346299868883978434e+03
9.777822365010672857e-16 1.562980907105568603e-15 3.347025682720126497e+03
-1.000352382733481666e-15 1.555518954529766396e-15 3.347751496563314504e+03
4.593848192109943999e-15 1.540302567620613611e-15 3.348477310413534724e+03
-4.494838373030832572e-15 1.538249812687441568e-15 3.349203124270783064e+03
1.442534188191058550e-15 1.523427100646981033e-15 3.349928938135052704e+03
1.007465658153612254e-15 1.516039426730375846e-15 3.350654752006336821e+03
-2.670697744564397518e-15 1.507455142175298276e-15 3.351380565884629959e+03
9.803776380702379650e-16 1.501609684585299980e-15 3.352106379769924843e+03
1.909624392971869431e-15 1.490797183324762755e-15 3.352832193662216469e+03
2.937989001461589675e-15 1.468681050226051487e-15 3.353558007561498925e+03
-1.463789512584988084e-15 1.495492487823831657e-15 3.354283821467764028e+03
1.528860616057941097e-17 1.453574362255601893e-15 3.355009635381008138e+03
-1.448084959067703227e-15 1.442467915660701704e-15 3.355735449301223071e+03
5.092294102172496715e-15 1.437895740895391179e-15 3.356461263228404277e+03
-5.489281152989414155e-15 1.443905198961649709e-15 3.357187077162545393e+03
-7.279033718656375417e-16 1.618483074433333268e-15 3.357912891103639595e+03
-2.344926604899752585e-15 1.421466477008969630e-15 3.358638705051680063e+03
2.030415067475296887e-15 1.403753017233873268e-15 3.359364519006662704e+03
-3.011205086108007179e-15 1.406345475343162078e-15 3.360090332968580242e+03
5.636293030709269743e-15 1.398742073271478303e-15 3.360816146937427220e+03
-6.070209953713993127e-15 1.393172760714649419e-15 3.361541960913196817e+03
2.245292982020761183e-15 1.388114184518703364e-15 3.362267774895883122e+03
-3.550287492332692077e-17 1.475937319665737908e-15 3.362993588885480676e+03
6.222167870064140388e-16 1.392136969213418439e-15 3.363719402881982205e+03
5.246977393007584530e-17 1.374631670312844199e-15 3.364445216885383616e+03
9.116540315735363088e-16 1.354348982488224273e-15 3.365171030895676267e+03
-2.887679245618683251e-15 1.344783667400785026e-15 3.365896844912856977e+03
-2.693707327987732810e-15 1.340322280496396679e-15 3.366622658936918015e+03
4.509177637233930301e-15 1.337908981455801649e-15 3.367348472967853013e+03
3.866161340123185510e-16 1.320798621061344444e-15 3.368074287005656970e+03
-1.216536244767797539e-15 1.313397460896538710e-15 3.368800101050323974e+03
1.836180552910250554e-17 1.305481037264865093e-15 3.369525915101848113e+03
2.797665035920761275e-15 1.299036256223421290e-15 3.370251729160221657e+03
-8.274522400511823372e-16 1.295494586380645657e-15 3.370977543225440968e+03
-3.312660275260106001e-15 1.285326261527900714e-15 3.371703357297497860e+03
3.955256251693345337e-15 1.271895675199934833e-15 3.372429171376388695e+03
-1.075238652183380140e-16 1.270410904930409949e-15 3.373154985462105287e+03
7.742701253355473446e-16 1.272592632390338233e-15 3.373880799554643090e+03
2.667924442800026444e-15 1.242843842992141718e-15 3.374606613653996646e+03
-5.463685264180264169e-15 1.243076042976860500e-15 3.375332427760158680e+03
3.705457682171408755e-15 1.231948696703384660e-15 3.376058241873123279e+03
3.929779015730698891e-15 1.250791326786946966e-15 3.376784055992884987e+03
-3.722910210556112568e-15 1.218239025283101697e-15 3.377509870119438347e+03
5.319679387454742267e-16 1.201826557801835020e-15 3.378235684252776991e+03
2.200733014872461324e-15 1.182149749710334157e-15 3.378961498392895010e+03
1.901498281775620337e-15 1.183768436467985333e-15 3.379687312539786035e+03
-1.121255099644666377e-15 1.179799355655283955e-15 3.380413126693445520e+03
6.340733168057133223e-16 1.165468827332403935e-15 3.381138940853866188e+03
8.352960945263564718e-16 1.159472032355763601e-15 3.381864755021043493e+03
7.162527636430461875e-17 1.167721988970989924e-15 3.382590569194970612e+03
4.697592387831984066e-15 1.142896133094769765e-15 3.383316383375642090e+03
-4.399486078318771691e-15 1.132220072035575371e-15 3.384042197563051104e+03
1.629353378868526275e-15 1.119699184313097769e-15 3.384768011757192653e+03
-1.582424703546389799e-15 1.107074484253626790e-15 3.385493825958061279e+03
7.004394994911899322e-17 1.111889076543729969e-15 3.386219640165651072e+03
2.843544906588912550e-15 1.093039141940714248e-15 3.386945454379955663e+03
8.634718267460494175e-16 1.086504262518581053e-15 3.387671268600969597e+03
9.686452728375389237e-16 1.082928422126094047e-15 3.388397082828686962e+03
-3.061066068447262379e-15 1.077709495471170255e-15 3.389122897063101846e+03
1.271862502255492825e-15 1.068198051064134153e-15 3.389848711304208337e+03
2.934951029145332620e-15 1.068773895736765417e-15 3.390574525552001433e+03
-2.643420070206420302e-15 1.060128257543045822e-15 3.391300339806473858e+03
3.333441555580547691e-15 1.055341267507441202e-15 3.392026154067621064e+03
-1.306070882862287111e-15 1.043590006054100260e-15 3.392751968335437596e+03
-1.293243175986284891e-15 1.044144163873316592e-15 3.393477782609917085e+03
-1.548784711548980782e-16 1.038660989390635932e-15 3.394203596891053166e+03
-1.161264746823715850e-15 1.034487899288963730e-15 3.394929411178841292e+03
1.470666487900160279e-15 1.029575185431292086e-15 3.395655225473275095e+03
-1.079657514730966610e-15 1.023301245206422077e-15 3.396381039774349119e+03
3.036413322182751071e-15 1.017996460231563238e-15 3.397106854082057453e+03
-1.496489562372564319e-15 1.017979477689498907e-15 3.397832668396394183e+03
-1.460678863136741613e-15 1.010750894213868891e-15 3.398558482717353399e+03
4.507957515189055686e-15 1.009658761802136910e-15 3.399284297044930554e+03
8.814098328600218084e-16 1.007586303274325300e-15 3.400010111379118825e+03
1.744018666389669333e-15 1.000648503172506163e-15 3.400735925719914121e+03
-2.155439477721121923e-15 9.981493832532724030e-16 3.401461740067307801e+03
-5.197070266596749541e-16 9.997261296660906434e-16 3.402187554421296682e+03
2.288725247863587653e-15 9.709625549747255255e-16 3.402913368781873942e+03
3.663897975622470228e-15 9.720035949507531502e-16 3.403639183149034579e+03
-7.685281691790243904e-16 9.701594170508700086e-16 3.404364997522773137e+03
-7.221846303180935536e-16 9.594464441672933080e-16 3.405090811903083704e+03
1.286667282754428110e-15 9.561638649712616342e-16 3.405816626289960368e+03
-2.713203945230344495e-16 9.457316213917239798e-16 3.406542440683397217e+03
-1.227918932999319802e-15 9.421700123656006647e-16 3.407268255083388794e+03
3.539595564016710695e-15 9.344652873222874243e-16 3.407994069489929643e+03
-1.323947998018463756e-15 9.365468529226215586e-16 3.408719883903014761e+03
2.453110180634671046e-15 9.266041572804230817e-16 3.409445698322638236e+03
3.268841685918354469e-17 9.216944265757535891e-16 3.410171512748794612e+03
1.832481480301935948e-16 9.213857835239133907e-16 3.410897327181476612e+03
6.180870018296076604e-16 9.112849870963702244e-16 3.411623141620680599e+03
-2.507976555994089390e-16 9.098928315864306013e-16 3.412348956066400660e+03
5.511762456272427318e-16 9.015950668301811615e-16 3.413074770518630430e+03
-2.222222586290730245e-15 9.018509611788444268e-16 3.413800584977365361e+03
3.398445351918195243e-15 8.995317456070094615e-16 3.414526399442599086e+03
1.452011984678159284e-15 9.019560844830378360e-16 3.415252213914326148e+03
-1.860139266994332293e-15 8.963962738104873022e-16 3.415978028392541546e+03
3.846421354781795202e-15 9.042152236719400446e-16 3.416703842877240277e+03
1.301911676090082395e-16 9.421460848457365247e-16 3.417429657368414155e+03
-3.033987189276948175e-15 8.853174250223306083e-16 3.418155471866060452e+03
1.197294622197268841e-15 8.774073903957654707e-16 3.418881286370172802e+03
2.456433680505554122e-16 8.672410375536998105e-16 3.419607100880744838e+03
3.948339041875878845e-16 8.688848865252399181e-16 3.420332915397772467e+03
-7.551989891311692171e-16 8.639736141619789153e-16 3.421058729921249324e+03
1.123046313222060805e-15 8.610997632888139416e-16 3.421784544451169495e+03
-5.957860749013375418e-16 8.592542244906828408e-16 3.422510358987528889e+03
8.771951435357770528e-16 8.451351543333307376e-16 3.423236173530320229e+03
2.748053075429612853e-15 8.458815414948357710e-16 3.423961988079539879e+03
-1.595702643475520771e-15 8.448136287070715236e-16 3.424687802635181924e+03
-8.406039058716146615e-16 8.450482793334073182e-16 3.425413617197239091e+03
7.217279802540921607e-16 8.391615956504589287e-16 3.426139431765708650e+03
-1.551766100031742265e-15 8.424258385599311869e-16 3.426865246340583326e+03
2.116544785755280872e-15 8.452085389992803900e-16 3.427591060921858116e+03
3.842479971903862228e-15 8.386270934390939549e-16 3.428316875509527563e+03
-2.016425795072911138e-15 8.422779435197600262e-16 3.429042690103587120e+03
-1.868096356192508398e-15 8.338631127211653754e-16 3.429768504704029510e+03
3.134239042490917055e-15 8.277274551610895449e-16 3.430494319310851097e+03
2.133067049122916694e-17 8.279677241463884424e-16 3.431220133924045513e+03
-1.358741733375614256e-15 8.307451280766997520e-16 3.431945948543608665e+03
1.148257611382705221e-15 8.266232391798263637e-16 3.432671763169532824e+03
1.097692800368420509e-15 8.204825683992579497e-16 3.433397577801814805e+03
2.791020174778529775e-15 8.217271728895382917e-16 3.434123392440448242e+03
-1.110885055449922375e-15 8.144465150390198090e-16 3.434849207085426315e+03
5.750953357998323518e-16 8.072520535328642387e-16 3.435575021736746749e+03
1.097682241861775941e-16 8.067630972313252691e-16 3.436300836394402268e+03
8.940845087605970665e-16 8.037054393605817239e-16 3.437026651058388325e+03
-3.989746495041905215e-16 7.961095466960400166e-16 3.437752465728698553e+03
-1.006541472358885173e-16 7.960444926614094151e-16 3.438478280405328405e+03
3.186463136773102088e-15 7.910708648155345369e-16 3.439204095088271970e+03
-1.070310689363869794e-16 7.927610703629157477e-16 3.439929909777525154e+03
-1.479652827734092084e-15 7.808070741029303491e-16 3.440655724473081136e+03
3.266621914955402408e-15 7.816867648714993686e-16 3.441381539174934915e+03
5.637471984483558861e-17 7.722447331146116262e-16 3.442107353883082396e+03
4.062252390162140947e-16 7.782160598496770044e-16 3.442833168597516760e+03
1.033001549660421748e-15 7.708624658479592253e-16 3.443558983318233004e+03
7.304320393208947385e-16 7.643749741913085373e-16 3.444284798045227035e+03
5.510917597312687404e-16 7.651382426779908492e-16 3.445010612778492032e+03
3.121809674421528887e-15 7.655483993696881830e-16 3.445736427518023447e+03
-1.917309034438674353e-15 7.595675135367868607e-16 3.446462242263815824e+03
6.812154289478590239e-16 7.581305844283806874e-16 3.447188057015863706e+03
1.006945625444900710e-15 7.547504928184403666e-16 3.447913871774161635e+03
-1.362785584076971811e-15 7.484421839575764121e-16 3.448639686538705973e+03
2.415941119832780582e-16 7.521805714826583748e-16 3.449365501309490810e+03
7.688586506307287870e-16 7.517536092814040980e-16 3.450091316086509323e+03
-2.911360321628307498e-17 7.653415653964598388e-16 3.450817130869758330e+03
6.627482992930821019e-16 7.505055746603441531e-16 3.451542945659230554e+03
3.288790682652965471e-16 7.396740465225384345e-16 3.452268760454922358e+03
5.236952423087411455e-16 7.337402656136189249e-16 3.452994575256828284e+03
5.298539029586648410e-16 7.442043844400660787e-16 3.453720390064942421e+03
-1.458079527270698355e-15 7.373641607452805362e-16 3.454446204879260222e+03
2.803929783514893444e-15 7.232033243059085943e-16 3.455172019699776229e+03
-6.957250547328398000e-16 7.178506287739933075e-16 3.455897834526485894e+03
1.550509128871962219e-15 7.146443347853951445e-16 3.456623649359382398e+03
3.341345142773920351e-15 7.068591745019111170e-16 3.457349464198462556e+03
-1.100858562492367344e-15 7.017701398686472014e-16 3.458075279043719092e+03
-9.467078322212970696e-17 7.053220232488624245e-16 3.458801093895149279e+03
1.420068600648851382e-15 6.944224558308342248e-16 3.459526908752745840e+03
5.876646374950645127e-16 6.907255476733285155e-16 3.460252723616505136e+03
-1.274011317320274537e-15 6.868243059657166176e-16 3.460978538486420803e+03
-5.569634748840903475e-16 6.863559078850787251e-16 3.461704353362488291e+03
9.626376125900916970e-16 6.890386346501448229e-16 3.462430168244702600e+03
2.028216425243555582e-15 6.862285590308221301e-16 3.463155983133057816e+03
2.049742992536575838e-16 6.830896242166597317e-16 3.463881798027549848e+03
-8.089657172082179928e-16 6.805347223318905601e-16 3.464607612928172784e+03
6.879201909624728309e-17 6.736225702888900529e-16 3.465333427834922077e+03
2.487639637876671217e-15 6.761982432913787953e-16 3.466059242747792268e+03
3.557148640052554974e-16 6.761956531695286507e-16 3.466785057666778812e+03
9.918036165779354721e-17 6.754966332675232494e-16 3.467510872591875341e+03
2.170940696645520859e-15 6.773685248621068865e-16 3.468236687523078217e+03
-9.474673296580982949e-16 6.793418292185006230e-16 3.468962502460381984e+03
-7.978905071899678445e-16 6.764149869214588487e-16 3.469688317403780275e+03
2.990897564657407364e-15 6.709061063053484540e-16 3.470414132353269906e+03
2.532435593834235053e-16 6.735402783309353385e-16 3.471139947308844967e+03
7.428966859345973441e-16 6.759491938220029991e-16 3.471865762270499545e+03
-6.125178601455637276e-17 6.773618386416996434e-16 3.472591577238230457e+03
-4.827985904675699216e-16 7.016322329194517562e-16 3.473317392212031336e+03
-1.670723632343619760e-15 6.998541242001438228e-16 3.474043207191896727e+03
1.370939120779942939e-15 6.775101614718288788e-16 3.474769022177822535e+03
7.071081758365039619e-16 6.753508042106152635e-16 3.475494837169803759e+03
-4.445453893810708147e-16 6.782644872959625878e-16 3.476220652167835397e+03
1.193986006840170342e-15 6.803793773266420352e-16 3.476946467171911536e+03
-7.170529707242698064e-16 6.702828693014084417e-16 3.477672282182028539e+03
-9.528674707104188468e-16 6.693057532300251927e-16 3.478398097198180039e+03
2.364575612001039421e-15 6.722185917896082352e-16 3.479123912220361035e+03
-1.179374837113829699e-15 6.682946356941460370e-16 3.479849727248567433e+03
-2.356148566102368427e-16 6.665312712695609633e-16 3.480575542282794686e+03
6.751423192643251205e-16 6.646560047881306630e-16 3.481301357323036427e+03
1.077752000109630608e-15 6.606817663462212071e-16 3.482027172369288564e+03
-1.196357385328074092e-15 6.625934638788783284e-16 3.482752987421545185e+03
-1.178782830923297476e-15 6.574900312161254794e-16 3.483478802479802653e+03
-1.768641831868971472e-16 6.535988546240984303e-16 3.484204617544054599e+03
-9.064480171102286873e-16 6.498524205891950400e-16 3.484930432614297843e+03
2.363487508536776349e-15 6.509143668911101794e-16 3.485656247690525561e+03
2.070649959141706949e-15 6.450606090599644163e-16 3.486382062772734571e+03
-7.234872391361415483e-16 6.433207308543471439e-16 3.487107877860918052e+03
1.852696909489626395e-15 6.427092533277192878e-16 3.487833692955072365e+03
-1.154380394974702180e-15 6.396097455728417993e-16 3.488559508055191600e+03
-1.232400587616825529e-15 6.346700637625479223e-16 3.489285323161272572e+03
2.296046782369337905e-15 6.322580779003649486e-16 3.490011138273308461e+03
3.549804290512666930e-16 6.298754692101577703e-16 3.490736953391296083e+03
1.255212174898804273e-15 6.283230735156036498e-16 3.491462768515229072e+03
-7.505680564514198711e-17 6.258675309221238707e-16 3.492188583645102881e+03
1.673510557640267554e-16 6.267859547749915408e-16 3.492914398780912961e+03
-1.262538380163253282e-15 6.272060444018702905e-16 3.493640213922653857e+03
2.025942760426890341e-15 6.214207870292978449e-16 3.494366029070321929e+03
9.704608053478200627e-16 6.163182787271480194e-16 3.495091844223911721e+03
2.273084040352783638e-16 6.136676606716803487e-16 3.495817659383416867e+03
1.684314852381819233e-15 6.120674775753476202e-16 3.496543474548835093e+03
-1.375278581355936519e-15 6.102090253197395121e-16 3.497269289720158213e+03
-1.146481080094082310e-16 6.130728671878171686e-16 3.497995104897384863e+03
-4.990572813343475366e-16 6.088996275565989575e-16 3.498720920080509131e+03
1.077869234576990142e-15 6.087703512184518408e-16 3.499446735269524652e+03
-5.325857119856540372e-16 6.065389631297143120e-16 3.500172550464428241e+03
5.058765783560544730e-16 6.062133636173026793e-16 3.500898365665214442e+03
1.145917315092628227e-15 6.076695943133659481e-16 3.501624180871877797e+03
-7.072202114443829628e-16 6.021572074377983341e-16 3.502349996084414670e+03
2.124730044426833493e-15 6.037022858648897524e-16 3.503075811302819602e+03
-1.041459059069341088e-15 6.041659792178548136e-16 3.503801626527088047e+03
1.321285997247874483e-15 6.036425251340076696e-16 3.504527441757215456e+03
1.367524850122513547e-15 6.005975896974271511e-16 3.505253256993196374e+03
5.086298553567814448e-16 6.042916298787252639e-16 3.505979072235025797e+03
7.529647027906670943e-16 6.079461030519158432e-16 3.506704887482700542e+03
1.410335268807816228e-15 6.036509101448510252e-16 3.507430702736213789e+03
6.439508620759709775e-16 5.962072279130871955e-16 3.508156517995561444e+03
1.248297329057728652e-16 5.984822660744021267e-16 3.508882333260739870e+03
4.317138492756076825e-16 5.982884794998976677e-16 3.509608148531743609e+03
2.061608287025847165e-15 5.921521210018708829e-16 3.510333963808566295e+03
-1.179494646385243807e-15 5.895941486332685287e-16 3.511059779091205201e+03
-6.336750119606057902e-16 5.951115618827816548e-16 3.511785594379655322e+03
1.191850119983543975e-15 6.051751006362830767e-16 3.512511409673911658e+03
2.020588744121297888e-16 5.887903368606959669e-16 3.513237224973969205e+03
4.367803579669196250e-16 5.894307991324134872e-16 3.513963040279823417e+03
6.996000735585866042e-16 5.855088871442514658e-16 3.514688855591469292e+03
3.309850347879105295e-17 5.821945667413859604e-16 3.515414670908901826e+03
-1.025872258919559667e-16 5.791857121084032671e-16 3.516140486232117837e+03
2.370354721628432046e-15 5.792659896597479975e-16 3.516866301561111413e+03
1.016554662808815842e-15 5.785701309383977022e-16 3.517592116895877552e+03
-1.334435142834660762e-15 5.749428276869684301e-16 3.518317932236413071e+03
1.846862830696596603e-15 5.774799621994261225e-16 3.519043747582710694e+03
9.756116577586875952e-16 5.696477053476479600e-16 3.519769562934768146e+03
1.600541627088642835e-15 5.693396214230495248e-16 3.520495378292579517e+03
-1.094201925537043448e-16 5.659165897584989668e-16 3.521221193656140713e+03
1.271100051212942546e-15 5.670129264222109816e-16 3.521947009025447187e+03
5.087118894604275391e-17 5.653843511101838061e-16 3.522672824400493482e+03
-3.364679611911027523e-16 5.614511597019874505e-16 3.523398639781275051e+03
1.144515351010599408e-15 5.600723464576583828e-16 3.524124455167788255e+03
5.067083215488264377e-16 5.594694124794364716e-16 3.524850270560028093e+03
3.745695021735612039e-16 5.578055841280504386e-16 3.525576085957988653e+03
2.581284326840278010e-15 5.607442922611768304e-16 3.526301901361667205e+03
-1.375456833052225558e-15 5.562221772475982304e-16 3.527027716771057385e+03
1.590124825728415632e-15 5.571860541186775049e-16 3.527753532186155098e+03
1.715412188442991510e-15 5.592099388997314010e-16 3.528479347606955344e+03
4.877144102914036265e-16 5.584704659753915983e-16 3.529205163033455847e+03
-1.683141034623278669e-15 5.584236212140609259e-16 3.529930978465648877e+03
4.577862484436250364e-16 5.630392110405448259e-16 3.530656793903531707e+03
-6.441507923007224745e-16 5.583274374794336177e-16 3.531382609347099333e+03
-1.035570727815185578e-16 5.598856911127008292e-16 3.532108424796346299e+03
4.129971413526668229e-15 5.611915998513909922e-16 3.532834240251269421e+03
-1.065880337252288421e-15 5.648722246891374684e-16 3.533560055711862788e+03
-3.134161288458322818e-16 5.632461219617582713e-16 3.534285871178123216e+03
5.116559295606734604e-16 5.675182125901071699e-16 3.535011686650044794e+03
-1.441342266378702118e-15 5.694631446888315616e-16 3.535737502127622975e+03
2.189313869366957824e-15 5.709877949447217927e-16 3.536463317610854119e+03
-1.286836429114548277e-15 5.736807212650505331e-16 3.537189133099734136e+03
3.713439508529285040e-16 5.723901770772302971e-16 3.537914948594257112e+03
1.536903677612626179e-16 5.765565793793011355e-16 3.538640764094418500e+03
1.241249787567438184e-15 5.756947464934621240e-16 3.539366579600214209e+03
3.125972291767937644e-16 5.763268378899968735e-16 3.540092395111640144e+03
7.247494485203294521e-16 5.791873878694937975e-16 3.540818210628690849e+03
5.805292010636194176e-16 5.781721340394333580e-16 3.541544026151363141e+03
5.896153264113841361e-16 6.185584538771683414e-16 3.542269841679650654e+03
1.133481720063997146e-16 5.978417486166041617e-16 3.542995657213549748e+03
1.566023832802384046e-15 5.856001984936042843e-16 3.543721472753056332e+03
-6.270022739279495835e-16 5.939642132436872022e-16 3.544447288298166313e+03
-3.397202043815216500e-16 5.932002030005863979e-16 3.545173103848873325e+03
1.583064657164420228e-15 5.970492963483338165e-16 3.545898919405174638e+03
1.057065459803150870e-15 5.897191561561630231e-16 3.546624734967064796e+03
-8.547412409460102162e-16 5.912569688728913360e-16 3.547350550534539707e+03
3.491768705565851086e-16 5.874805698945429333e-16 3.548076366107594367e+03
3.038610964928856097e-16 5.863522852583791968e-16 3.548802181686225595e+03
1.144886067016985911e-16 5.863892370123817915e-16 3.549527997270427022e+03
5.916502428344670796e-16 5.832990796547010865e-16 3.550253812860196376e+03
-2.105505338345231842e-16 5.825122163028372806e-16 3.550979628455525926e+03
-9.166373659359346752e-16 5.744698018561742099e-16 3.551705444056414763e+03
1.713795850477411440e-15 5.694642605718527744e-16 3.552431259662856974e+03
3.951465637668031800e-16 5.702598521829293381e-16 3.553157075274847557e+03
2.478759477745900927e-16 5.700844866879609482e-16 3.553882890892383330e+03
6.790842040103400878e-16 5.679719026368807679e-16 3.554608706515457925e+03
-4.742441852979963749e-16 5.625153481739692970e-16 3.555334522144068615e+03
7.886575578636004137e-16 5.617935473906955867e-16 3.556060337778210851e+03
1.301217165031232569e-15 5.614878532556721176e-16 3.556786153417879177e+03
-6.369875874321588134e-16 5.568206959905131949e-16 3.557511969063069500e+03
1.434995559852850677e-15 5.590417239006020207e-16 3.558237784713778183e+03
2.822709277647443626e-16 5.551119749354870547e-16 3.558963600370000677e+03
8.218404289682126138e-16 5.553306333127662283e-16 3.559689416031731525e+03
1.797618753632349914e-16 5.524074256090273486e-16 3.560415231698967546e+03
-1.815209774322630392e-16 5.524131495595736929e-16 3.561141047371703735e+03
1.494453061128634438e-15 5.483109775849619475e-16 3.561866863049936001e+03
1.306934707995731295e-15 5.464569801712183747e-16 3.562592678733658431e+03
-3.531866375843983942e-16 5.417715927729195794e-16 3.563318494422869207e+03
8.921265546379023844e-16 5.386322785811346813e-16 3.564044310117561508e+03
-1.618887264990844197e-16 5.352650389796129789e-16 3.564770125817733060e+03
2.247072313642159386e-15 5.446883281792226374e-16 3.565495941523377951e+03
4.973075684257989081e-16 5.320316841731868798e-16 3.566221757234493452e+03
-1.404428460394533455e-16 5.289665282853470513e-16 3.566947572951074108e+03
1.482641983861090357e-15 5.273908391753477097e-16 3.567673388673114459e+03
3.780321179406981454e-16 5.236535442277639359e-16 3.568399204400611779e+03
8.416665276439661900e-16 5.231578616984850710e-16 3.569125020133561975e+03
-2.586311464084486437e-16 5.219044683462608352e-16 3.569850835871959134e+03
1.572091910030718957e-15 5.198204113590852232e-16 3.570576651615800529e+03
2.637892804916256837e-16 5.233857449553574618e-16 3.571302467365079792e+03
-1.308493040574274502e-15 5.206091661445364413e-16 3.572028283119795560e+03
1.576392161069643489e-15 5.213240939129446545e-16 3.572754098879941012e+03
9.652170026907726791e-16 5.189191547966651985e-16 3.573479914645512508e+03
2.394418839602907514e-16 5.176220445957422578e-16 3.574205730416506412e+03
2.694206409922366726e-16 5.187697577485409731e-16 3.574931546192917267e+03
-2.354310897737501195e-16 5.202659236035312251e-16 3.575657361974741434e+03
1.903619025818229985e-16 5.198442948351967985e-16 3.576383177761976185e+03
3.020781311865955326e-15 5.122059979457960708e-16 3.577108993554613789e+03
7.242775213853819024e-16 5.094031592740027077e-16 3.577834809352652883e+03
-1.202384345567356881e-15 5.071896670915047733e-16 3.578560625156087553e+03
1.287928757847984524e-15 5.037246286357759816e-16 3.579286440964914618e+03
4.797208813325019674e-17 4.999732701461067228e-16 3.580012256779128165e+03
7.172639499762972171e-16 4.977717643548019842e-16 3.580738072598725921e+03
1.554408943701695820e-15 4.934439926285684106e-16 3.581463888423702429e+03
3.127582707572992645e-16 4.930004848971589012e-16 3.582189704254054050e+03
-4.946309997082316397e-16 4.911834662781048394e-16 3.582915520089776692e+03
1.294056168672063667e-16 4.895418678134041056e-16 3.583641335930864443e+03
1.606600610441449721e-15 4.916623609602818147e-16 3.584367151777314575e+03
1.699524832068159960e-16 4.879189808749354262e-16 3.585092967629123450e+03
1.455467910144149878e-15 4.925123970191793704e-16 3.585818783486285611e+03
-5.426934619595339567e-16 4.905754974455935435e-16 3.586544599348796510e+03
9.319848740287382274e-17 4.935674893095849024e-16 3.587270415216652509e+03
8.496099984263356114e-16 4.949575041488553865e-16 3.587996231089849971e+03
1.208240557767666801e-15 4.964430099043171746e-16 3.588722046968383893e+03
9.357676564698084455e-16 4.977185997892973086e-16 3.589447862852250182e+03
7.781376760673833183e-16 5.004682455667500626e-16 3.590173678741444746e+03
9.570254024892104853e-16 4.953232070377148332e-16 3.590899494635963492e+03
-1.093273074531554034e-15 4.998720691070806473e-16 3.591625310535801873e+03
-2.815078777750047020e-16 5.057284647813539040e-16 3.592351126440956250e+03
1.297932077871098305e-15 4.984812957751074407e-16 3.593076942351421621e+03
8.422593427679492514e-16 4.986210577928344486e-16 3.593802758267195259e+03
1.162440494682014036e-15 4.938754180175209430e-16 3.594528574188271705e+03
1.461755852811768942e-15 4.960136467351198566e-16 3.595254390114646412e+03
-4.096441491471610245e-16 4.898065828060381834e-16 3.595980206046316198e+03
1.467842082663174719e-15 4.874416932658569121e-16 3.596706021983276514e+03
-1.102662432382682120e-16 4.846284205515061056e-16 3.597431837925524178e+03
-2.996420521107904250e-16 4.844727742027066202e-16 3.598157653873053277e+03
6.269729012993215362e-16 4.881516925902155581e-16 3.598883469825860629e+03
1.568789130012508530e-15 4.824462957162808274e-16 3.599609285783943051e+03
-4.098316913699707422e-16 4.841769809603546927e-16 3.600335101747294175e+03
1.486916144885579882e-15 4.805217764067777648e-16 3.601060917715910819e+03
1.372207157643007649e-15 4.795001686974425078e-16 3.601786733689789344e+03
-2.877299250743646427e-16 4.788176223590906009e-16 3.602512549668926113e+03
8.516902642747103308e-16 4.772058237422023864e-16 3.603238365653315668e+03
1.544642356800751681e-15 4.814356481995616380e-16 3.603964181642954372e+03
-4.035132329664829696e-16 4.836817970365569132e-16 3.604689997637838133e+03
4.425449381109566360e-16 4.866742680701278200e-16 3.605415813637962856e+03
-5.431458297735601857e-17 4.765365846339451427e-16 3.606141629643324450e+03
-8.209208791842788494e-16 4.750573785362921091e-16 3.606867445653918821e+03
3.073986493795778902e-15 4.771018830535136794e-16 3.607593261669742333e+03
2.482992231957356324e-16 4.725384675685166744e-16 3.608319077690790436e+03
2.274360819625269961e-16 4.752130121904827668e-16 3.609044893717058585e+03
-6.483376230561930214e-16 4.764947497552560133e-16 3.609770709748542686e+03
1.240514850885551222e-15 4.749272547814427429e-16 3.610496525785240465e+03
-5.118894251342538968e-16 4.773945823342074860e-16 3.611222341827145556e+03
-1.561576675606545617e-17 4.802544834745792190e-16 3.611948157874254775e+03
1.457494457045575620e-15 4.763954831092075324e-16 3.612673973926564940e+03
8.225413059613184590e-17 4.751592968149842930e-16 3.613399789984070594e+03
2.914574275522701470e-16 4.764047101596172779e-16 3.614125606046769008e+03
-1.449117228264147987e-16 4.757450789034709055e-16 3.614851422114654724e+03
-1.014184208517147071e-15 4.766116917515164067e-16 3.615577238187724106e+03
3.549022799454048024e-16 4.785371246356791915e-16 3.616303054265973515e+03
8.432769364154555163e-16 4.793157855968250795e-16 3.617028870349399313e+03
1.421576885868308553e-15 4.809353431939874950e-16 3.617754686437996497e+03
3.719999789890303605e-16 4.808178949793408922e-16 3.618480502531760976e+03
2.738057150112306069e-16 4.833395825368291123e-16 3.619206318630689566e+03
-1.337602970234538543e-15 4.838808651076048950e-16 3.619932134734778629e+03
1.377802287546074414e-15 4.802267441336329290e-16 3.620657950844021798e+03
2.603810146936559919e-16 4.828911726465813306e-16 3.621383766958418619e+03
3.539061365064622020e-16 4.826144566897184180e-16 3.622109583077961815e+03
-2.830930691515532953e-16 4.848084485378697473e-16 3.622835399202649114e+03
4.224822953609991634e-16 5.000147520127838715e-16 3.623561215332475513e+03
1.668580973887572816e-15 4.799210560940346296e-16 3.624287031467439192e+03
-2.599995396403993523e-16 4.774925286441127121e-16 3.625012847607532422e+03
4.652300309659437731e-16 4.794433191237868015e-16 3.625738663752754292e+03
2.314257442485670171e-16 4.764910044118382212e-16 3.626464479903100255e+03
-4.340753847133441066e-16 4.771127944653376549e-16 3.627190296058565764e+03
1.437523106650177471e-15 4.787244564683861853e-16 3.627916112219147180e+03
1.344863975006501397e-15 4.787974482701594548e-16 3.628641928384839957e+03
7.653519712229768224e-16 4.789155139881753686e-16 3.629367744555640456e+03
-4.309881202965281516e-16 4.815103189145875946e-16 3.630093560731545040e+03
2.286468523853431622e-16 4.796507529506568850e-16 3.630819376912550069e+03
-2.773579014364483956e-17 4.793547003981406932e-16 3.631545193098650088e+03
1.940730884544311462e-15 4.793825997126932462e-16 3.632271009289842823e+03
3.410868060575895972e-16 4.801547454283888004e-16 3.632996825486123726e+03
-1.444203259730913366e-16 4.790581817098743241e-16 3.633722641687488249e+03
-6.943558890003049310e-16 4.770766268851323953e-16 3.634448457893933664e+03
2.542479227127397713e-15 4.794384427819105289e-16 3.635174274105454970e+03
-1.584345899523171790e-15 4.779739305293670203e-16 3.635900090322047618e+03
1.786312633176851679e-15 4.786858671680553664e-16 3.636625906543709789e+03
7.170740226981260648e-16 4.778908300723868721e-16 3.637351722770436481e+03
-3.803107113507404773e-16 4.766548662390833248e-16 3.638077539002223602e+03
6.629620248302783108e-16 4.767935728756632058e-16 3.638803355239067969e+03
1.034014784244394058e-15 4.719917085090869991e-16 3.639529171480963669e+03
-1.796169937023965060e-16 4.785721737059332510e-16 3.640254987727908883e+03
8.243771388856945470e-16 4.766266191927314529e-16 3.640980803979899065e+03
3.358009207710026086e-16 4.760303557197684258e-16 3.641706620236930576e+03
1.699003869094331515e-16 5.048629166587006023e-16 3.642432436498998868e+03
4.272400834756364462e-16 4.722508049196590381e-16 3.643158252766101214e+03
1.633317986198759787e-15 4.691024256107532976e-16 3.643884069038232155e+03
-2.783333163188307498e-16 4.656414431284712303e-16 3.644609885315388965e+03
-1.894166997846127533e-16 4.634061099802735279e-16 3.645335701597567095e+03
9.897510117393286202e-16 4.605142207439644568e-16 3.646061517884763816e+03
1.100351954481935584e-15 4.590907040365295677e-16 3.646787334176973673e+03
-6.192693374020601811e-16 4.585536689094938271e-16 3.647513150474194845e+03
1.102499165204590504e-15 4.559988994182385660e-16 3.648238966776420966e+03
2.836096445580290445e-16 4.559749811057571605e-16 3.648964783083649309e+03
-9.953360789739759855e-16 4.505035333695221090e-16 3.649690599395877143e+03
1.580685589419990275e-15 4.520458484756166025e-16 3.650416415713099013e+03
5.711055643363323410e-16 4.502451541568490505e-16 3.651142232035311736e+03
7.736729376496820879e-16 4.526109554721011038e-16 3.651868048362512127e+03
9.082258999712664487e-16 4.576361796632651328e-16 3.652593864694694730e+03
-6.782539024503749192e-17 4.535860433592650284e-16 3.653319681031857272e+03
2.514834137904177547e-16 4.500689276230640076e-16 3.654045497373995659e+03
1.098343993008851459e-15 4.486522519169518123e-16 3.654771313721104889e+03
5.212714328461358223e-16 4.470604673391236766e-16 3.655497130073182689e+03
3.295254453409185010e-16 4.458009874906015959e-16 3.656222946430224511e+03
5.539843639573270517e-17 4.450344820184609991e-16 3.656948762792226717e+03
5.629831458707829812e-16 4.456432635831772017e-16 3.657674579159184759e+03
6.131330092433415961e-17 4.852552306945255571e-16 3.658400395531095455e+03
1.036832401465956677e-15 4.407814814080437613e-16 3.659126211907955167e+03
-5.201888892648937620e-18 4.383109380971332869e-16 3.659852028289760710e+03
-5.481216822249046910e-16 4.382156358591764128e-16 3.660577844676507084e+03
1.120129064149448684e-15 4.379797136977301471e-16 3.661303661068191104e+03
2.456513977136308526e-15 4.342704213220679434e-16 3.662029477464808224e+03
-5.460120668789309868e-16 4.327792855184392235e-16 3.662755293866354805e+03
1.474571524601277689e-15 4.316101981920812705e-16 3.663481110272829028e+03
2.008137795548433782e-15 4.357298700416162644e-16 3.664206926684225436e+03
-2.540993661903470710e-16 4.289401686736787858e-16 3.664932743100540392e+03
3.061201029158688953e-16 4.267044868322465909e-16 3.665658559521769803e+03
7.044243075880647135e-16 4.256851021040376437e-16 3.666384375947910939e+03
1.856049409728975657e-16 4.251238756660288882e-16 3.667110192378959255e+03
-2.040210912251101918e-16 4.260545015169528170e-16 3.667836008814911111e+03
8.387253945398388603e-16 4.233865688853508209e-16 3.668561825255763324e+03
3.466651886819972309e-16 4.214436561652100086e-16 3.669287641701511347e+03
7.872091199198896831e-16 4.185778743836610792e-16 3.670013458152151543e+03
1.265979358406359796e-15 4.195691409002188664e-16 3.670739274607681182e+03
6.638652187793850202e-16 4.170320918065010996e-16 3.671465091068095262e+03
-1.201671032963849100e-15 4.185962467507172553e-16 3.672190907533390600e+03
1.735371817505158660e-15 4.173626338521258447e-16 3.672916724003563104e+03
6.566400106396328321e-16 4.196125540616770330e-16 3.673642540478610499e+03
-4.267976230140885599e-16 4.199034590214207565e-16 3.674368356958527329e+03
1.724932424389671496e-15 4.209248880996886600e-16 3.675094173443310865e+03
6.381663696349488348e-16 4.181630660675841148e-16 3.675819989932956560e+03
-2.462857787766380828e-16 4.184613754195982696e-16 3.676545806427461685e+03
1.432538897464816610e-15 4.199187046276753175e-16 3.677271622926822602e+03
1.942966264600460073e-15 4.183011657126006372e-16 3.677997439431034763e+03
-1.568646500675816939e-15 4.145505813765024202e-16 3.678723255940094532e+03
1.521819024982284081e-15 4.141848143191411815e-16 3.679449072453999179e+03
9.050397909707507812e-16 4.134609830681072409e-16 3.680174888972744156e+03
-7.273710430128885019e-16 4.143804144577056217e-16 3.680900705496324917e+03
8.599334955163671622e-16 4.113442141363084640e-16 3.681626522024741007e+03
1.351452349746817726e-15 4.109400464786300039e-16 3.682352338557985604e+03
-3.326335716021190019e-16 4.075347029413573513e-16 3.683078155096055525e+03
-3.506836532228725366e-16 4.063118485447948472e-16 3.683803971638948497e+03
-7.001797908660009098e-17 4.056058197262954508e-16 3.684529788186659971e+03
8.253098799091102233e-16 4.026835969695017509e-16 3.685255604739186310e+03
-4.025241510796308671e-16 4.040900767303509253e-16 3.685981421296523877e+03
-7.923167095460043000e-18 4.039353925945924627e-16 3.686707237858669487e+03
3.351905059877577240e-16 4.000271367566190329e-16 3.687433054425618138e+03
7.358853979003129420e-16 4.011655227687519793e-16 3.688158870997367558e+03
1.365128039913369382e-15 4.030468644522577182e-16 3.688884687573914562e+03
-1.302424641627617384e-15 4.013978934548287194e-16 3.689610504155253693e+03
1.570947225843326351e-15 4.004761659163280594e-16 3.690336320741383133e+03
1.968390880204395302e-15 3.983631298517163927e-16 3.691062137332297425e+03
-8.774017773402847500e-16 4.003360793350277562e-16 3.691787953927994749e+03
-2.395244315313700063e-16 3.996843949842018927e-16 3.692513770528470559e+03
6.200299169634696210e-16 4.012033847416048863e-16 3.693239587133721216e+03
3.319248568310959866e-16 4.000057482371236029e-16 3.693965403743743082e+03
1.465089460356494534e-15 3.983216887884946604e-16 3.694691220358532973e+03
1.033380559510159127e-15 3.983472836318195155e-16 3.695417036978087708e+03
-4.813426156948284590e-16 3.987613809570959389e-16 3.696142853602402738e+03
3.681028554221992780e-16 3.950767859241465958e-16 3.696868670231473970e+03
3.478042913636353817e-16 3.962660530645008754e-16 3.697594486865299586e+03
-3.060944551669462356e-16 3.965498255236625697e-16 3.698320303503875039e+03
1.713956258637432390e-16 3.984180961130666852e-16 3.699046120147195779e+03
1.320284651609513279e-15 4.333505391682474282e-16 3.699771936795260444e+03
-8.518304875993130423e-16 4.629556501787061112e-16 3.700497753448063577e+03
3.020670182176648185e-16 3.957556259628145408e-16 3.701223570105602448e+03
8.325939594142657125e-16 3.976160587298300690e-16 3.701949386767872966e+03
8.104475721396662145e-16 3.977388425250788167e-16 3.702675203434873765e+03
-1.205549613003428850e-16 3.974675679871009230e-16 3.703401020106596661e+03
3.248646283945795792e-16 4.005833250467079966e-16 3.704126836783041654e+03
3.142930602118572405e-16 3.993279564383327468e-16 3.704852653464205559e+03
-3.579291961691541098e-16 4.017460061638170936e-16 3.705578470150083376e+03
1.967093259014675245e-15 4.032109757081412756e-16 3.706304286840671921e+03
6.330951091374056125e-16 4.055196485090977501e-16 3.707030103535967100e+03
9.223772730242581331e-16 4.272571157423806699e-16 3.707755920235966187e+03
1.032512590198789636e-16 5.571978046214864558e-16 3.708481736940665542e+03
-6.359258103139852045e-16 5.627655397135399397e-16 3.709207553650060618e+03
8.309181450068309825e-16 8.331609387915615727e-16 3.709933370364150051e+03
-9.950293855370287277e-16 1.866546255830559513e-15 3.710659187082928383e+03
-3.286002350802319977e-16 2.652002031126181507e-15 3.711385003806391978e+03
-5.710734673203462921e-16 3.909944999425633801e-16 3.712110820534538561e+03
1.487648555941448582e-15 3.928635106286580435e-16 3.712836637267365404e+03
4.023920490894458051e-16 3.899009623860329784e-16 3.713562454004866595e+03
-8.438289221454935454e-16 4.411136142891114605e-16 3.714288270747038951e+03
1.195747596186575182e-15 3.853612789593809216e-16 3.715014087493881107e+03
8.150150752038454817e-16 3.832715522467809549e-16 3.715739904245387606e+03
-3.942941067649946223e-16 3.787998741288176974e-16 3.716465721001556176e+03
2.509776827730875709e-17 3.790497410705081743e-16 3.717191537762382723e+03
8.315722546470416509e-17 3.783908549078911860e-16 3.717917354527862699e+03
3.253568373087054242e-16 3.778072951768227910e-16 3.718643171297994741e+03
1.715609312279599373e-15 3.783807361506848899e-16 3.719368988072774300e+03
1.696433666605260913e-15 3.771477934052146623e-16 3.720094804852197740e+03
-6.120409838944675509e-16 3.751547690737724982e-16 3.720820621636261876e+03
3.717665452097497381e-16 3.737484446051428159e-16 3.721546438424962616e+03
8.556277225295374940e-16 3.748328583075151454e-16 3.722272255218297687e+03
-8.314537555707102430e-16 3.757168247461077299e-16 3.722998072016262995e+03
3.304138650064236185e-16 3.755951541659370829e-16 3.723723888818854903e+03
6.169278005443265970e-16 3.750449163476411388e-16 3.724449705626070227e+03
8.433383126418110808e-16 3.746491705863369264e-16 3.725175522437905784e+03
2.893453957518028319e-16 3.743188635814112972e-16 3.725901339254357481e+03
3.347674127625344249e-16 3.763013103892713336e-16 3.726627156075422135e+03
6.840898843275013636e-16 3.754695096273194826e-16 3.727352972901096109e+03
-2.354633716781891817e-16 3.797111931834992557e-16 3.728078789731376219e+03
6.391705040291369510e-16 3.780113322405371499e-16 3.728804606566259736e+03
-5.492203165631136063e-16 3.809239114178329393e-16 3.729530423405741658e+03
8.471064653813502699e-16 3.812032463234290653e-16 3.730256240249820166e+03
1.105475186232709005e-15 3.796364027012268294e-16 3.730982057098490259e+03
4.947699374846603656e-16 3.768941283808754093e-16 3.731707873951750571e+03
3.037560453882940532e-16 3.786702814298303557e-16 3.732433690809596101e+03
7.806476360418400246e-16 3.776970924907643961e-16 3.733159507672023210e+03
8.630101580709411041e-16 3.759631865532578216e-16 3.733885324539030080e+03
-9.105474526102228405e-16 3.773364129460466956e-16 3.734611141410611708e+03
-2.408984630687682299e-16 3.772602128712517983e-16 3.735336958286764911e+03
8.569654668085016166e-16 3.759724772871549456e-16 3.736062775167487871e+03
9.006314459234578339e-18 3.753655281688823010e-16 3.736788592052775130e+03
1.617622095779098418e-15 3.822037087405300217e-16 3.737514408942624868e+03
-2.018657417648677424e-15 3.808526502530552702e-16 3.738240225837032995e+03
3.256866110807455952e-16 3.745282773283099049e-16 3.738966042735994961e+03
1.213095245540137399e-15 3.774800611561844321e-16 3.739691859639509858e+03
1.218466391699498777e-15 3.776294117746694577e-16 3.740417676547572682e+03
7.705890875896777136e-17 3.758180754551588017e-16 3.741143493460181162e+03
1.702955780715263079e-15 3.757171511268971608e-16 3.741869310377330294e+03
1.074947252332854914e-15 3.757675122702689571e-16 3.742595127299018259e+03
9.878838476065512093e-17 3.737945863715916360e-16 3.743320944225240055e+03
1.188051599032273715e-15 3.737761230370352932e-16 3.744046761155995227e+03
1.250137349091341959e-16 3.733555937651139054e-16 3.744772578091276500e+03
2.171876143833737049e-16 3.723379113499891384e-16 3.745498395031083874e+03
2.428563665781888454e-16 3.717547473836481531e-16 3.746224211975412800e+03
4.127304740479781226e-16 3.689418523660746872e-16 3.746950028924259186e+03
-6.330547058441416573e-16 3.694135146494638189e-16 3.747675845877620759e+03
3.686006861514515404e-16 3.668100846614098782e-16 3.748401662835492971e+03
7.114932999089295071e-16 3.682622184071179466e-16 3.749127479797874457e+03
1.512155516115866550e-15 3.628783113563756746e-16 3.749853296764760671e+03
1.005819274647251158e-15 3.625188838142810958e-16 3.750579113736147519e+03
2.165170610949011429e-15 3.609572373353807593e-16 3.751304930712032728e+03
-2.109246741323999100e-16 3.588938573117235496e-16 3.752030747692412660e+03
1.414520927798986357e-15 3.564875455994968159e-16 3.752756564677284132e+03
2.304274795914254482e-15 3.547906991298019786e-16 3.753482381666643960e+03
1.556372754735514642e-15 3.622717195590902610e-16 3.754208198660489415e+03
1.691987761912620004e-15 3.771794567998249051e-16 3.754934015658815952e+03
2.483007794303653639e-15 3.517004343235647862e-16 3.755659832661620385e+03
2.067394253788361988e-15 3.484274347394420455e-16 3.756385649668899532e+03
1.258095754448939092e-15 3.490330190952912936e-16 3.757111466680651120e+03
2.371764852271731680e-15 3.480731041124927159e-16 3.757837283696871509e+03
1.970321438865886402e-15 3.475435140186829985e-16 3.758563100717555244e+03
1.418763775400714434e-15 3.481870322164204155e-16 3.759288917742702324e+03
2.418437123060258515e-15 3.469077364439194778e-16 3.760014734772307747e+03
2.104951130782598346e-15 3.453198468840827339e-16 3.760740551806368785e+03
2.125183507546743669e-15 3.438081134117276224e-16 3.761466368844880890e+03
2.219327807427169713e-15 3.442849546153141890e-16 3.762192185887841788e+03
1.995418252017683253e-15 3.455288924910011364e-16 3.762918002935248296e+03
1.424433204354749812e-15 3.425569281742783164e-16 3.763643819987097231e+03
1.383213763186283311e-15 3.407412610910490248e-16 3.764369637043385410e+03
8.457571871286697363e-16 3.383146031497022706e-16 3.765095454104108740e+03
8.399404878371752320e-16 3.383787964740722008e-16 3.765821271169264946e+03
2.367573306647037568e-15 3.363266698176845244e-16 3.766547088238849938e+03
1.140287871544990222e-15 3.353306465024370179e-16 3.767272905312861440e+03
-1.637162446397689272e-15 3.371717756514022278e-16 3.767998722391293995e+03
1.155874184218579849e-15 3.353181692186220102e-16 3.768724539474148514e+03
1.033307726327366386e-15 3.338851311334006163e-16 3.769450356561417266e+03
4.820760222281572130e-16 3.309379202855942612e-16 3.770176173653098886e+03
8.059129562062416634e-16 3.333587696737020162e-16 3.770901990749191555e+03
-2.555323330742932110e-16 3.312756398741494474e-16 3.771627807849689816e+03
4.481270637959348605e-16 3.306836488581870617e-16 3.772353624954592306e+03
3.324757316975112367e-16 3.295405196501775426e-16 3.773079442063894021e+03
4.528088188303596545e-16 3.293223262606962341e-16 3.773805259177593143e+03
-3.044685748148615493e-17 3.290330816041019913e-16 3.774531076295685125e+03
1.254183973873325065e-15 3.298319908561125437e-16 3.775256893418168147e+03
1.027815073558744721e-15 3.350548875083881048e-16 3.775982710545038117e+03
2.117907170549743533e-19 3.626290065662489324e-16 3.776708527676292306e+03
1.484758034969661248e-15 3.309586618048144064e-16 3.777434344811927076e+03
8.097561417672171183e-16 3.261031702486696994e-16 3.778160161951940154e+03
-6.760421466172309669e-16 3.246146556903307121e-16 3.778885979096326082e+03
6.199049882395906889e-16 3.262890990479970756e-16 3.779611796245084406e+03
1.374926057866497045e-15 3.261531694148328470e-16 3.780337613398210578e+03
-2.694731721696971245e-16 3.278989279137298451e-16 3.781063430555702325e+03
1.325160879040122196e-15 3.263923180949238805e-16 3.781789247717554645e+03
5.597369698703415921e-16 3.256134527542607652e-16 3.782515064883766172e+03
1.942288017192119485e-16 3.242457221569982733e-16 3.783240882054332360e+03
4.939241377727142358e-16 3.269535002245346417e-16 3.783966699229251390e+03
4.396410895747232437e-16 3.247511438492205015e-16 3.784692516408519623e+03
-2.441252934368516986e-16 3.248491558727381161e-16 3.785418333592132512e+03
6.538669139730305283e-17 3.255771519303685960e-16 3.786144150780089149e+03
8.775199621818904746e-16 3.243964491232007306e-16 3.786869967972384075e+03
-1.566514600327069865e-16 3.248482286930134441e-16 3.787595785169016381e+03
8.155394501672867661e-16 3.265120132505200338e-16 3.788321602369981065e+03
1.219588758324644021e-15 3.289703811325073816e-16 3.789047419575276763e+03
9.052115126823316837e-17 3.259721508883749758e-16 3.789773236784898472e+03
6.337974824626335561e-16 3.243037972876403411e-16 3.790499053998844374e+03
1.007703844329646596e-15 3.241669165282651751e-16 3.791224871217110831e+03
-3.519246282365729486e-16 3.235190505863036634e-16 3.791950688439694204e+03
3.960210936572407297e-16 3.247830342156330084e-16 3.792676505666592675e+03
1.786717420229874504e-15 3.208122706639569255e-16 3.793402322897802151e+03
5.658678643954079823e-16 3.194007411471441618e-16 3.794128140133319448e+03
1.535762648668203652e-16 3.167615748408799577e-16 3.794853957373141384e+03
-1.389017579466984810e-16 3.164849483050246789e-16 3.795579774617266594e+03
3.441891251041886439e-16 3.162092429236487789e-16 3.796305591865689166e+03
2.602349027608955744e-16 3.158091628826142048e-16 3.797031409118407282e+03
1.735069971623328636e-15 3.164429395735741712e-16 3.797757226375418213e+03
1.828134000722013431e-16 3.173227931537023462e-16 3.798483043636719231e+03
-1.517499613841848778e-16 3.168740831768992222e-16 3.799208860902305787e+03
1.130403659238993102e-15 3.127202163277631882e-16 3.799934678172174699e+03
9.414953102265814325e-16 3.141658275724282750e-16 3.800660495446324603e+03
-1.306879918605238120e-16 3.230623633027742780e-16 3.801386312724751861e+03
7.594780019415804837e-16 3.694877277330104108e-16 3.802112130007452834e+03
-1.967187953147369775e-16 3.216313583708513253e-16 3.802837947294424339e+03
6.488801036216612900e-16 3.095460832208829726e-16 3.803563764585663193e+03
2.600289214085684907e-16 3.094844116115428873e-16 3.804289581881166669e+03
8.347287647780969603e-16 3.082756364209597156e-16 3.805015399180932491e+03
1.390389680604199963e-15 3.078555336671976121e-16 3.805741216484956567e+03
5.693843186472016680e-16 3.077596645033018727e-16 3.806467033793235260e+03
2.022803180896198569e-16 3.080443477219477693e-16 3.807192851105766749e+03
1.592855976687234437e-16 3.113038311441088344e-16 3.807918668422547398e+03
1.616280363169560918e-15 3.290398682926582276e-16 3.808644485743574478e+03
3.448975521404392607e-16 3.135797294291574299e-16 3.809370303068843896e+03
5.276407558214106798e-16 3.096461367272080118e-16 3.810096120398355197e+03
1.030179738195896957e-15 3.100525785903396394e-16 3.810821937732102015e+03
7.292836586102240255e-16 3.093548260265625999e-16 3.811547755070082530e+03
5.814271893920448944e-16 3.092643013575469700e-16 3.812273572412294470e+03
9.146410893362534295e-16 3.103368533306215299e-16 3.812999389758734651e+03
1.747047766764070741e-15 3.094865349211251100e-16 3.813725207109398070e+03
3.167825559351106641e-16 3.089765845585917141e-16 3.814451024464286093e+03
7.245230066597110220e-16 3.090483474794928848e-16 3.815176841823390532e+03
1.017333672856183849e-16 3.084166414592716869e-16 3.815902659186711389e+03
-3.982766101977239471e-16 3.068320564513996628e-16 3.816628476554244116e+03
1.499611945536782149e-15 3.071781101178282969e-16 3.817354293925986894e+03
8.443736124357718253e-16 3.315406459824639292e-16 3.818080111301936995e+03
3.334097470520723281e-16 3.055908930007121429e-16 3.818805928682089871e+03
-3.054566085722787167e-17 3.036704534927622991e-16 3.819531746066444157e+03
1.216491028051902457e-15 3.019908846014048458e-16 3.820257563454995761e+03
5.796677598452077600e-16 3.010087489158271537e-16 3.820983380847741500e+03
1.726356097457805087e-16 3.007946515190091648e-16 3.821709198244679101e+03
1.240845010010351777e-15 2.994933392248703049e-16 3.822435015645805379e+03
-2.122269552384495087e-16 2.976947598462360631e-16 3.823160833051116242e+03
5.472313395218344029e-16 2.986353240407802049e-16 3.823886650460609872e+03
8.090729915329504087e-16 2.952724843585108449e-16 3.824612467874283993e+03
3.463494986144572181e-16 2.951748046543261258e-16 3.825338285292133151e+03
6.085874699774627930e-16 2.960483587102842043e-16 3.826064102714157343e+03
8.346311952234019546e-16 2.968094291531104759e-16 3.826789920140351569e+03
4.670699091873337686e-16 2.950740536117469892e-16 3.827515737570713100e+03
2.098041671839976217e-16 2.945384756410043390e-16 3.828241555005239206e+03
4.089548767002819809e-16 2.953712825233971423e-16 3.828967372443927161e+03
-2.333952801298405569e-17 2.951631884154710747e-16 3.829693189886772416e+03
3.202623122845957408e-16 2.965002446318071511e-16 3.830419007333775880e+03
1.315879028479761668e-15 2.951230985173800903e-16 3.831144824784929369e+03
1.787245574788778459e-16 2.924391659240206621e-16 3.831870642240233792e+03
9.418421798759716778e-16 2.919910300807519434e-16 3.832596459699684601e+03
5.390208924770174915e-16 2.919626938694559973e-16 3.833322277163279978e+03
-1.117255530392165831e-16 2.917828089113880407e-16 3.834048094631015374e+03
5.776923643082818858e-16 2.914478573102949503e-16 3.834773912102888971e+03
1.060334691608966578e-15 2.901387782389233380e-16 3.835499729578898041e+03
8.712277124640623336e-16 2.911227523771725651e-16 3.836225547059037126e+03
-6.314779166835255249e-17 2.893374572917678363e-16 3.836951364543307136e+03
1.229959404848569354e-15 2.891441781026086642e-16 3.837677182031702614e+03
5.376386435699114797e-16 2.877273374580680291e-16 3.838402999524220832e+03
1.517267467081913397e-16 2.867623180287880847e-16 3.839128817020859515e+03
1.567728175393520767e-15 2.856816258412069469e-16 3.839854634521615935e+03
6.327212036050062165e-16 2.858365722528022530e-16 3.840580452026485546e+03
1.802576174840100897e-16 2.839048133766268673e-16 3.841306269535467436e+03
1.269708764549719825e-16 2.845561064937353835e-16 3.842032087048556605e+03
1.642780722820325363e-15 2.839401881920916839e-16 3.842757904565752142e+03
1.819702540834855788e-16 2.826573573549358991e-16 3.843483722087050410e+03
1.354996766921013289e-15 2.826517310546809011e-16 3.844209539612447770e+03
1.424901704770661400e-16 2.799946180943045315e-16 3.844935357141942859e+03
-7.140249471025089010e-17 2.782518601620190094e-16 3.845661174675530674e+03
5.568979361623709777e-16 2.776702825418713387e-16 3.846386992213210306e+03
5.152395078988678509e-16 2.747434844162988082e-16 3.847112809754977661e+03
5.441515491531290188e-16 2.742953917902279535e-16 3.847838627300829557e+03
1.572273450054721878e-15 2.730464697666361733e-16 3.848564444850764630e+03
1.809396226560435172e-15 2.682138602258309772e-16 3.849290262404778332e+03
2.389887168679685855e-15 2.652529766249429037e-16 3.850016079962869298e+03
-7.311771177610794994e-15 3.857065645275256026e-16 3.850741897525032527e+03
-7.988360555812159322e-15 2.917785559609626894e-16 3.851467715091266655e+03
2.021212118051097020e-15 2.604186292501106473e-16 3.852193532661569407e+03
1.649352286590631373e-15 2.605857048114486303e-16 3.852919350235935781e+03
1.854197508492395391e-15 2.620593133426851687e-16 3.853645167814365777e+03
-1.468188450922581194e-16 2.627389399409778700e-16 3.854370985396854394e+03
5.235421554479813185e-16 2.634603024877368025e-16 3.855096802983398447e+03
1.163693518839989446e-15 2.609577520948590001e-16 3.855822620573995664e+03
8.840211668025756196e-17 2.599896332735608764e-16 3.856548438168644680e+03
7.106538391037540428e-16 2.591241896534420575e-16 3.857274255767340037e+03
1.278766549525292005e-15 2.592911580375464435e-16 3.858000073370080827e+03
1.461707631600148694e-17 2.575364940714509878e-16 3.858725890976863411e+03
-2.390391131940776869e-16 2.583589623946002559e-16 3.859451708587684607e+03
3.529823487920961224e-16 2.561651642285208680e-16 3.860177526202542140e+03
6.484837855579319796e-16 2.539456353629951460e-16 3.860903343821433282e+03
7.500562116613133538e-16 2.533748124553625863e-16 3.861629161444355304e+03
9.002232122463428369e-16 2.516311749093200386e-16 3.862354979071304115e+03
1.575920460756320485e-16 2.492576768573526941e-16 3.863080796702277439e+03
1.780638531937483894e-16 2.466225863850173204e-16 3.863806614337274368e+03
8.653135008141923276e-16 2.487817949908169628e-16 3.864532431976289445e+03
1.208453650766939227e-16 2.437647696683053083e-16 3.865258249619320395e+03
2.303950695900527094e-16 2.421395009987782391e-16 3.865984067266364036e+03
3.678853247635859321e-16 2.410959698449263138e-16 3.866709884917420368e+03
8.779586897021294856e-16 2.411371782070446156e-16 3.867435702572483024e+03
3.618192854268575770e-16 2.395020280322415699e-16 3.868161520231550639e+03
2.780380418554545761e-16 2.402777282347142780e-16 3.868887337894620487e+03
7.415849381618632835e-16 2.406861334627252851e-16 3.869613155561690292e+03
2.196230485256160841e-16 2.400649213378225054e-16 3.870338973232755961e+03
5.307461395312496805e-16 2.413271127333697038e-16 3.871064790907815222e+03
-9.282867776274946459e-17 2.406646620561892691e-16 3.871790608586865346e+03
-1.372786630494739178e-16 2.413161454863447274e-16 3.872516426269904514e+03
1.002986797485710316e-15 2.413971466842747412e-16 3.873242243956927723e+03
5.019935103585174192e-16 2.393841056439242871e-16 3.873968061647933609e+03
4.318487190458238653e-16 2.393582293713510072e-16 3.874693879342918990e+03
7.204916951657656981e-16 2.408219889283900699e-16 3.875419697041881591e+03
5.314680537741230621e-16 2.400846044590389867e-16 3.876145514744817774e+03
1.986395622015437597e-16 2.391580299402038353e-16 3.876871332451724811e+03
1.136071681590227260e-15 2.388970029015883734e-16 3.877597150162601793e+03
2.429731180333422145e-16 2.397089932179863757e-16 3.878322967877443261e+03
-2.398185175216839528e-16 2.395558651343110600e-16 3.879048785596248308e+03
4.765528354922873713e-16 2.384787143946025689e-16 3.879774603319013295e+03
1.505704101977279705e-15 2.359769030640721368e-16 3.880500421045735493e+03
5.187504267305691533e-16 2.362234680452828321e-16 3.881226238776411719e+03
6.905740592638174082e-16 2.368411490669260116e-16 3.881952056511040610e+03
8.113255836375907901e-16 2.370474234613542631e-16 3.882677874249618071e+03
2.673683850570637710e-16 2.351697102975355909e-16 3.883403691992140921e+03
8.884326846366276245e-16 2.359154372467717334e-16 3.884129509738608249e+03
-7.510845759553672148e-17 2.349392113494988993e-16 3.884855327489015963e+03
2.289715059935976504e-16 2.337413475932038486e-16 3.885581145243362698e+03
1.281779819668369312e-15 2.346965734158004315e-16 3.886306963001642544e+03
1.178402928486602148e-15 2.349574672733487133e-16 3.887032780763855953e+03
2.165891186146981975e-16 2.336118602036589124e-16 3.887758598529999290e+03
5.372956952586004969e-16 2.327418541863182003e-16 3.888484416300069825e+03
1.089444373084057044e-15 2.329409374545277632e-16 3.889210234074063010e+03
5.762065905641717952e-16 2.329517360038248136e-16 3.889936051851978846e+03
1.213578529226161628e-16 2.327233901178340210e-16 3.890661869633812785e+03
9.648453479594767073e-16 2.321088298551719935e-16 3.891387687419563463e+03
6.968207664102338322e-16 2.317841551148714429e-16 3.892113505209226787e+03
1.035479831828982535e-15 2.322121670595280601e-16 3.892839323002800484e+03
1.290486936122058546e-15 2.319522832054440271e-16 3.893565140800282279e+03
3.135500080879583809e-16 2.318235651918729490e-16 3.894290958601668535e+03
7.392443732061515603e-16 2.300290820204106619e-16 3.895016776406957433e+03
5.930195939451728599e-16 2.293306769767767608e-16 3.895742594216146244e+03
4.570009103586141605e-16 2.291516455220056158e-16 3.896468412029231331e+03
5.969273161238021825e-16 2.283525823607832882e-16 3.897194229846210874e+03
1.251339853208586975e-15 2.298171246652434533e-16 3.897920047667082144e+03
4.297448496611706551e-16 2.279342658229558771e-16 3.898645865491841505e+03
5.743756031686798987e-16 2.277795067485342724e-16 3.899371683320487136e+03
9.939115329690493309e-16 2.280060531521917908e-16 3.900097501153016310e+03
5.001446328959873011e-16 2.275996469691551886e-16 3.900823318989425388e+03
2.666041613026537769e-16 2.289574115322559600e-16 3.901549136829713461e+03
1.323846832061254087e-15 2.301336815662630461e-16 3.902274954673875982e+03
2.268204552260010296e-16 2.300826508410971539e-16 3.903000772521911131e+03
9.721705636146881437e-16 2.299540207982412851e-16 3.903726590373816180e+03
4.454233449919462599e-16 2.316957303609622672e-16 3.904452408229587490e+03
9.397748059050680120e-16 2.316810174223461734e-16 3.905178226089223699e+03
4.417789465291335940e-16 2.314550623513756173e-16 3.905904043952721622e+03
1.040429864130186437e-15 2.307643428400729899e-16 3.906629861820079896e+03
1.352156391763560405e-15 2.310391251726395595e-16 3.907355679691292607e+03
-2.432221150692791943e-16 2.325846415793497999e-16 3.908081497566359758e+03
9.343471488255375806e-16 2.338214246482841575e-16 3.908807315445278164e+03
-1.648872737888662163e-16 2.328229224602734786e-16 3.909533133328043732e+03
6.067885272696741260e-16 2.324000507337104862e-16 3.910258951214656008e+03
1.115019248670574584e-15 2.331905099505554366e-16 3.910984769105112264e+03
9.743173413843149179e-16 2.331297629231397605e-16 3.911710586999407042e+03
3.739371975779218237e-17 2.315600762822836848e-16 3.912436404897540342e+03
3.751581041084916876e-16 2.308148872021832210e-16 3.913162222799508072e+03
5.359478803294794410e-16 2.307783582795476379e-16 3.913888040705308413e+03
4.735021407558924477e-16 2.304855441546109864e-16 3.914613858614939090e+03
5.106699894730938430e-16 2.308779449861872347e-16 3.915339676528396467e+03
6.499677954294560655e-16 2.301444088150480636e-16 3.916065494445678269e+03
1.107081977860863558e-16 2.285412263995165428e-16 3.916791312366782222e+03
4.390716298289498165e-16 2.267181242317435563e-16 3.917517130291703779e+03
1.235535714845127217e-15 2.268744473302151580e-16 3.918242948220442486e+03
4.614491515015498840e-17 2.258201508637971809e-16 3.918968766152995158e+03
5.819627343562747049e-16 2.256638947317740704e-16 3.919694584089359523e+03
6.265715764158317316e-16 2.248367391413349294e-16 3.920420402029531033e+03
1.419628836630789093e-16 2.234643207865485543e-16 3.921146219973509687e+03
3.678308333207453332e-16 2.232502556083554611e-16 3.921872037921291394e+03
8.965669226933885156e-16 2.234085452036221388e-16 3.922597855872873424e+03
3.898943518815774397e-16 2.232299925440263586e-16 3.923323673828253959e+03
-1.013377479225971722e-16 2.223246123286822286e-16 3.924049491787429361e+03
1.019243160793430969e-15 2.208718381293747929e-16 3.924775309750397810e+03
-5.321459913633954751e-17 2.208244034509365227e-16 3.925501127717156123e+03
6.688806828851886609e-16 2.189162168231115215e-16 3.926226945687702482e+03
6.671050287397324969e-16 2.189440431934742366e-16 3.926952763662033249e+03
-1.254891269959982746e-16 2.183171860232736395e-16 3.927678581640146149e+03
5.942207397938642211e-16 2.170243380076944183e-16 3.928404399622039818e+03
8.942396068855013990e-16 2.165984506117535386e-16 3.929130217607709710e+03
4.631984244539704007e-16 2.151569745978087899e-16 3.929856035597155369e+03
4.666912852179600611e-16 2.148973319250556782e-16 3.930581853590371793e+03
8.338878546333295815e-16 2.146358484514163505e-16 3.931307671587357618e+03
-1.031695979368807130e-17 2.121136240795897324e-16 3.932033489588109660e+03
2.393417669356827615e-17 2.111728298925521365e-16 3.932759307592627010e+03
1.334965852283046916e-15 2.110294183183714579e-16 3.933485125600904666e+03
1.477611979260431317e-16 2.106301179222657414e-16 3.934210943612941719e+03
6.904335944131894498e-16 2.103127169669380541e-16 3.934936761628735439e+03
5.781584772184996100e-16 2.141164483731371246e-16 3.935662579648283099e+03
5.317323584224265283e-16 2.124178339306569165e-16 3.936388397671580606e+03
3.774672724153958475e-16 2.128375333867182366e-16 3.937114215698628868e+03
7.044914332579089355e-16 2.129898437939777524e-16 3.937840033729421521e+03
9.975913644597111933e-16 2.136348361567452265e-16 3.938565851763958563e+03
3.480583098231101577e-16 2.133074726891230868e-16 3.939291669802235901e+03
9.349923098924212750e-16 2.141909108484213525e-16 3.940017487844252173e+03
2.553105151593026276e-16 2.147503937530262597e-16 3.940743305890003285e+03
-7.407269792231781572e-17 2.146215936525765989e-16 3.941469123939487872e+03
8.063799267478227178e-16 2.142540659695571262e-16 3.942194941992704116e+03
2.598954510432789735e-16 2.154389534235634875e-16 3.942920760049647470e+03
7.188867123258742716e-16 2.169228801580823333e-16 3.943646578110316568e+03
7.625532632728526892e-16 2.161330800105006618e-16 3.944372396174708229e+03
8.564114851187274864e-16 2.165152925288936828e-16 3.945098214242821086e+03
-5.680345058192414769e-16 2.168699451522274718e-16 3.945824032314651049e+03
8.239786697112750086e-16 2.171137799954207626e-16 3.946549850390196298e+03
7.960140737156499862e-16 2.161038728215601601e-16 3.947275668469455013e+03
6.926730130225061841e-16 2.154543864391986783e-16 3.948001486552424467e+03
5.835170832812702848e-16 2.148918931778467845e-16 3.948727304639100566e+03
7.941786948253989087e-17 2.138803648439514749e-16 3.949453122729481947e+03
4.724257062101674064e-16 2.136133140571560136e-16 3.950178940823566336e+03
5.459243484749463990e-16 2.119424243666705960e-16 3.950904758921350549e+03
1.083625579776575685e-15 2.098869469696751437e-16 3.951630577022832767e+03
4.130124463844091614e-16 2.078242203095635856e-16 3.952356395128009353e+03
4.688741318956998186e-16 2.072569004753646039e-16 3.953082213236879397e+03
1.553404512133914044e-15 2.069689440685879664e-16 3.953808031349438807e+03
2.654943161465408557e-16 2.060999548610903159e-16 3.954533849465685307e+03
2.081832128158002745e-16 2.059881096064446313e-16 3.955259667585616626e+03
4.842689464308526444e-16 2.051248681842229478e-16 3.955985485709231398e+03
3.929467441682909311e-16 2.059635965344354266e-16 3.956711303836525985e+03
7.680460945633536950e-16 2.054234788614674589e-16 3.957437121967497205e+03
1.377533762314239660e-15 2.077647726607706179e-16 3.958162940102144603e+03
-1.536216112058885440e-17 2.066267810005837815e-16 3.958888758240462266e+03
6.127846715897038357e-16 2.062429510404765820e-16 3.959614576382452469e+03
9.079318323165784099e-16 2.058974884760552923e-16 3.960340394528107481e+03
8.059825337672429916e-16 2.057142958445739450e-16 3.961066212677429576e+03
-1.546699250046731089e-16 2.060875530784894847e-16 3.961792030830412841e+03
3.537343900342623783e-16 2.057206922678916726e-16 3.962517848987056823e+03
1.100333918110160204e-15 2.036433664533068123e-16 3.963243667147357883e+03
7.519708266101945487e-17 2.006748692656269507e-16 3.963969485311313292e+03
1.503563923241417434e-15 2.005988077421008580e-16 3.964695303478922142e+03
-1.940375559026038095e-17 1.994574671979506107e-16 3.965421121650179884e+03
-2.201912196837114455e-17 1.969140431232223667e-16 3.966146939825086065e+03
1.043341995919088178e-15 1.962995045964022147e-16 3.966872758003636591e+03
5.202259106247496564e-16 1.956979056165859478e-16 3.967598576185830098e+03
4.100064776284928430e-16 1.943246424269967140e-16 3.968324394371663402e+03
3.854740225906105314e-16 1.936422506052799723e-16 3.969050212561134231e+03
8.094541487734449572e-16 1.931847390121412646e-16 3.969776030754240310e+03
1.980005693068827817e-16 1.922323104441087935e-16 3.970501848950979365e+03
8.913878240701868799e-16 1.924964768927799046e-16 3.971227667151348214e+03
5.077543391566435231e-16 1.932289624581689748e-16 3.971953485355345038e+03
8.345605835787336530e-16 1.919917719772842387e-16 3.972679303562966197e+03
4.066086076667002807e-16 1.905416290376132759e-16 3.973405121774211693e+03
5.623576979237684376e-16 1.924617071506501760e-16 3.974130939989076978e+03
3.302837208287077343e-16 1.926277839526572976e-16 3.974856758207559324e+03
8.328067719624839912e-16 1.933117905276292493e-16 3.975582576429656910e+03
8.501154201460215389e-16 1.937453837132262980e-16 3.976308394655368829e+03
5.829821770388961687e-16 1.928928132608702232e-16 3.977034212884689623e+03
2.911590275666670882e-16 1.937456986082390853e-16 3.977760031117620656e+03
7.446064094761436431e-16 1.944419043256517090e-16 3.978485849354156016e+03
3.186066256176673214e-16 1.951810853926648835e-16 3.979211667594294795e+03
3.366332799998010201e-16 2.022910396674417715e-16 3.979937485838034263e+03
6.761664145745087952e-16 2.212467710203904821e-16 3.980663304085372147e+03
4.950641215393835153e-16 2.001546571997750779e-16 3.981389122336305263e+03
7.871138595384588623e-16 1.941896217803335606e-16 3.982114940590832703e+03
4.402563590688791668e-16 1.927664320828865926e-16 3.982840758848951737e+03
3.655963416339120600e-16 1.931271515011813386e-16 3.983566577110658272e+03
-2.267516244948716448e-16 1.923515873800352300e-16 3.984292395375951401e+03
8.232107803972706251e-16 1.923459982083180002e-16 3.985018213644828393e+03
7.156237162540916263e-16 1.935899204852204746e-16 3.985744031917286520e+03
8.919038094355079605e-16 2.166059466332987118e-16 3.986469850193323509e+03
7.623021900117342882e-16 2.085342122601513178e-16 3.987195668472937541e+03
-2.369346667314846400e-16 1.902333651273016618e-16 3.987921486756124978e+03
5.807024736867707253e-16 1.891231922234559316e-16 3.988647305042884909e+03
9.552892660103311611e-16 1.892755073573081883e-16 3.989373123333213698e+03
5.007956807056298293e-16 1.892321869178286598e-16 3.990098941627108161e+03
2.767752538891530418e-16 1.889820353296253514e-16 3.990824759924568752e+03
1.255323073638588083e-15 1.878042359513460287e-16 3.991550578225590925e+03
4.213867878389834081e-16 1.876880133190802553e-16 3.992276396530172860e+03
8.380625634076862211e-16 1.873481676669211304e-16 3.993002214838311829e+03
1.007682399950780206e-15 1.868442118316893678e-16 3.993728033150006013e+03
9.480352976210384560e-17 1.858707732294111245e-16 3.994453851465252228e+03
2.787388668599159206e-16 1.850282043180540777e-16 3.995179669784048656e+03
9.665733663744917480e-16 1.848532420570886155e-16 3.995905488106393022e+03
-5.413510725827204870e-17 1.857850709195421313e-16 3.996631306432282599e+03
1.007716564315579507e-15 1.858438108590977845e-16 3.997357124761714658e+03
5.945937300121601756e-16 1.853634791988080482e-16 3.998082943094688744e+03
5.857153419789323557e-16 1.854597150010530920e-16 3.998808761431198946e+03
3.271475193200029389e-16 1.851385385404555470e-16 3.999534579771246626e+03
7.846072108966746759e-16 1.847034595180083208e-16 4.000260398114826785e+03
2.875649491432235981e-17 1.837578895314072668e-16 4.000986216461938056e+03
5.727662774112348232e-16 1.839198692777608511e-16 4.001712034812578167e+03
7.661210885226754458e-16 1.829136870354848518e-16 4.002437853166745299e+03
5.652984047439682184e-16 1.876185748113689756e-16 4.003163671524435813e+03
2.259115953834618501e-16 1.828037155810382647e-16 4.003889489885647890e+03
4.890783075156930668e-16 1.832400565223047367e-16 4.004615308250377893e+03
9.576654487536627504e-16 1.836313488637095582e-16 4.005341126618626731e+03
1.151287685456408336e-16 1.837693932324412156e-16 4.006066944990389857e+03
1.089476652799607120e-15 1.837306426087125637e-16 4.006792763365664996e+03
-1.832900050234367769e-16 1.832378718177826950e-16 4.007518581744448966e+03
1.748696058507989520e-16 1.840934321297254030e-16 4.008244400126741311e+03
1.119220058085030844e-16 1.851439547584581023e-16 4.008970218512538395e+03
5.253833593165992036e-16 1.865680605872125978e-16 4.009696036901837942e+03
4.169308773007102591e-16 1.862778917422184163e-16 4.010421855294638590e+03
8.075668596933197712e-16 1.858430013062885590e-16 4.011147673690936244e+03
1.140655591454888906e-16 1.868994631338133886e-16 4.011873492090730906e+03
2.601156814825797749e-16 1.875300286081767691e-16 4.012599310494018027e+03
3.909874025505658295e-16 1.862637461519495291e-16 4.013325128900796699e+03
1.305068230456334732e-16 1.877398743488765188e-16 4.014050947311064192e+03
3.711498243207947622e-16 1.872834672418999221e-16 4.014776765724817778e+03
9.316007486897776238e-16 2.044720844521367341e-16 4.015502584142055639e+03
2.234790814497538324e-16 1.865302864252332164e-16 4.016228402562775045e+03
4.667963843442504706e-16 1.858149129616408683e-16 4.016954220986974178e+03
4.099287544899215669e-16 1.856448406331118678e-16 4.017680039414649400e+03
6.346347162644627380e-16 1.865920596794950731e-16 4.018405857845800710e+03
6.288889232283340200e-16 1.843007143090307442e-16 4.019131676280423562e+03
7.909315813341469318e-16 1.841666972680865255e-16 4.019857494718517046e+03
-8.368442364438847617e-17 1.835766999373744969e-16 4.020583313160077523e+03
9.873992209038069850e-16 1.827237977012208605e-16 4.021309131605104994e+03
7.367095176461859662e-16 1.823714694663629611e-16 4.022034950053594002e+03
7.604247552389844948e-16 1.815614443127852493e-16 4.022760768505544547e+03
7.468710848766469517e-16 1.807523076974319237e-16 4.023486586960953900e+03
3.811496356492226593e-17 1.811122777252208560e-16 4.024212405419819333e+03
1.598288327776779628e-15 1.803698928597775235e-16 4.024938223882139027e+03
5.138160076435334035e-16 1.813457028313519149e-16 4.025664042347910254e+03
7.411625196234848126e-16 1.787620123301115833e-16 4.026389860817131193e+03
2.388868339873369392e-16 1.784611246919474148e-16 4.027115679289798209e+03
1.939054389624759498e-16 1.786715974181799737e-16 4.027841497765910844e+03
4.256225654607993256e-16 1.779514592693630652e-16 4.028567316245465463e+03
9.831141532516096669e-16 1.774809988897088384e-16 4.029293134728461155e+03
6.138830049958356815e-16 1.771619183356073019e-16 4.030018953214893372e+03
3.633117477225660227e-16 1.782228451838917802e-16 4.030744771704762570e+03
6.946707546405505661e-16 1.773152973842942198e-16 4.031470590198064656e+03
8.597655731162637345e-16 1.759607246709194467e-16 4.032196408694797810e+03
9.060238671395305734e-17 1.750960564721160108e-16 4.032922227194959305e+03
1.034589744557902195e-15 1.755541042042577017e-16 4.033648045698548231e+03
1.121933251258015099e-15 1.747430285781164064e-16 4.034373864205560949e+03
3.546175765666612158e-16 1.746888036019327093e-16 4.035099682715995641e+03
1.246505968800915007e-15 1.754521662589310155e-16 4.035825501229849579e+03
8.041528445454312707e-16 1.755675269132233556e-16 4.036551319747121852e+03
5.427765708114408088e-16 1.739296501532286746e-16 4.037277138267809278e+03
4.032367141826877127e-16 1.740911474497999491e-16 4.038002956791908218e+03
5.528542837249389916e-16 1.760323108384111086e-16 4.038728775319419583e+03
7.686430310907977609e-16 1.907371685108410010e-16 4.039454593850338370e+03
5.987243432432254018e-16 1.751225108293181204e-16 4.040180412384663214e+03
9.798770408252772881e-16 1.749600283499619118e-16 4.040906230922391842e+03
-1.256287970322009983e-16 1.762820949020960699e-16 4.041632049463522890e+03
6.718513803019361262e-16 1.766390695133118125e-16 4.042357868008052719e+03
8.500119459254222199e-16 1.759119752790086116e-16 4.043083686555979511e+03
4.118104950523760646e-16 1.765336690607564311e-16 4.043809505107301447e+03
1.024923475607392391e-15 1.758054448305055163e-16 4.044535323662016253e+03
3.746231667986117222e-16 1.766304962946516789e-16 4.045261142220121656e+03
3.854218789827726546e-16 1.758882841598426232e-16 4.045986960781614471e+03
3.392169643196621196e-16 1.746217376592409891e-16 4.046712779346493335e+03
8.855491148370560709e-16 1.761455622851484056e-16 4.047438597914756429e+03
2.686850572949556606e-16 1.756108870571153892e-16 4.048164416486400569e+03
4.887103106759492231e-16 1.757414843918922986e-16 4.048890235061423482e+03
1.321845525945227129e-15 1.757468442518567886e-16 4.049616053639824713e+03
7.676055693212028143e-16 1.746759810903881157e-16 4.050341872221599260e+03
-2.761480467475564809e-16 1.747432928525932927e-16 4.051067690806746214e+03
8.494612072372714351e-16 1.728133616702110709e-16 4.051793509395264664e+03
7.432106565866239397e-17 1.737146289167386171e-16 4.052519327987150973e+03
5.872887670191408115e-16 1.730499699480909084e-16 4.053245146582403322e+03
8.749710913304678525e-16 1.721271250398182210e-16 4.053970965181018528e+03
9.924845974027895260e-16 1.715485789489324596e-16 4.054696783782995226e+03
5.588369612492497734e-16 1.716317966835983701e-16 4.055422602388332052e+03
7.738393393991844919e-16 1.711301909343088823e-16 4.056148420997024459e+03
5.170971712755287988e-16 1.714740452898030321e-16 4.056874239609071992e+03
2.939083915086901913e-16 1.705573093109393628e-16 4.057600058224473742e+03
9.915500939073683754e-16 1.704232573829291679e-16 4.058325876843224250e+03
5.319572006453388863e-16 1.697833077274800138e-16 4.059051695465322155e+03
1.882992109542154863e-16 1.691026576589951781e-16 4.059777514090767909e+03
6.021767854739540830e-16 1.712871598003560802e-16 4.060503332719556056e+03
9.800925819265800108e-16 1.837784924805415632e-16 4.061229151351687506e+03
3.630574309600583610e-16 1.835897417596145859e-16 4.061954969987156346e+03
1.101480205383591371e-15 1.743511308610819413e-16 4.062680788625963942e+03
6.244225455265284978e-16 1.815496612532512888e-16 4.063406607268105290e+03
2.594761359376705748e-16 1.691417925831477843e-16 4.064132425913580391e+03
6.641503231633325218e-16 1.728288089081276689e-16 4.064858244562384698e+03
8.205668426265366581e-16 1.698997242568227545e-16 4.065584063214519574e+03
3.279640382339417118e-16 1.683967890577183406e-16 4.066309881869978653e+03
4.090922350413097359e-16 1.691760782674727523e-16 4.067035700528763300e+03
5.508174284867689630e-16 1.695766134596199603e-16 4.067761519190868512e+03
7.049250911538536276e-16 1.697136003893139188e-16 4.068487337856294289e+03
6.161704510998544565e-16 1.696969787614038009e-16 4.069213156525037448e+03
1.367622150068018281e-15 1.703598986406587409e-16 4.069938975197095715e+03
2.809879870161113144e-16 1.698632666956780290e-16 4.070664793872466817e+03
6.329979802760437299e-16 1.692740411261397901e-16 4.071390612551149843e+03
1.118366897986612433e-15 1.693986059499190432e-16 4.072116431233140702e+03
3.708674199580238933e-16 1.702694891038293814e-16 4.072842249918438938e+03
1.074231626896650787e-15 1.710342918010703538e-16 4.073568068607041823e+03
7.571045355932497172e-16 1.705395043880011148e-16 4.074293887298947084e+03
4.536415311577316059e-16 1.703968531055308562e-16 4.075019705994151082e+03
3.669255004700717612e-16 1.698347649031758984e-16 4.075745524692653817e+03
1.294137758847236742e-15 1.679162520674074489e-16 4.076471343394453015e+03
9.137498476540836009e-16 1.673754291574458981e-16 4.077197162099545949e+03
4.812743500253459377e-16 1.661381480701817223e-16 4.077922980807930799e+03
6.251458726317988030e-16 1.662530234283306384e-16 4.078648799519603926e+03
7.178268471594092761e-17 1.667067345182237838e-16 4.079374618234564878e+03
1.028642601510643007e-15 1.658679193954519104e-16 4.080100436952810924e+03
4.758322216204358455e-16 1.653304181432483644e-16 4.080826255674339791e+03
2.270665979645618448e-16 1.652697140087198009e-16 4.081552074399149660e+03
1.010291669446651733e-15 1.645141131730201415e-16 4.082277893127237803e+03
1.119348382067628918e-15 1.637212188040598277e-16 4.083003711858603310e+03
4.751036325027245341e-16 1.623301107361747066e-16 4.083729530593242089e+03
3.274974043581222921e-16 1.618452051243280853e-16 4.084455349331153684e+03
8.959458805597783079e-16 1.620730041085077635e-16 4.085181168072335367e+03
7.485692364552127899e-16 1.614059081838813826e-16 4.085906986816785320e+03
5.628442133548318851e-16 1.614234187988335654e-16 4.086632805564500813e+03
2.699963254623522347e-16 1.597849379384801532e-16 4.087358624315480483e+03
5.996169880456489933e-16 1.606952771021829581e-16 4.088084443069721146e+03
5.725259379575210810e-16 1.610506640531902607e-16 4.088810261827221893e+03
1.010770783897691240e-15 1.587576947869635135e-16 4.089536080587979995e+03
5.991866345275661866e-16 1.600210706695078670e-16 4.090261899351993634e+03
9.430403428694894058e-16 1.595440945810049388e-16 4.090987718119259171e+03
1.032720297181855446e-15 1.636652915187000412e-16 4.091713536889776151e+03
9.627961101693099581e-16 1.594238673717875503e-16 4.092439355663543211e+03
5.165668837441148013e-16 1.587719721582924538e-16 4.093165174440555347e+03
8.575929560407265992e-16 1.590184752489084649e-16 4.093890993220813471e+03
6.376866891996165178e-16 1.586349881641165212e-16 4.094616812004313033e+03
2.094758760034375126e-16 1.578331531285706725e-16 4.095342630791054489e+03
1.278635682662685990e-15 1.581486931835793364e-16 4.096068449581032837e+03
4.122737883637712849e-16 1.577438959343458028e-16 4.096794268374249441e+03
7.738079615946066069e-16 1.580853073656611815e-16 4.097520087170698389e+03
1.170753639059659931e-15 1.570017525079848424e-16 4.098245905970379681e+03
1.858492430479562604e-16 1.568603569838573901e-16 4.098971724773291498e+03
9.701736575181091673e-16 1.562657670845224386e-16 4.099697543579430203e+03
7.057572969909811383e-16 1.563477961568241811e-16 4.100423362388795795e+03
5.379524367192014009e-16 1.546648327056463008e-16 4.101149181201384636e+03
7.325845386552711522e-16 1.541283403292096319e-16 4.101875000017194907e+03
4.352669714799969070e-16 1.545077135939802859e-16 4.102600818836224789e+03
6.919844231444387627e-16 1.540355499531706745e-16 4.103326637658472464e+03
2.712531478329338592e-16 1.531503807571715140e-16 4.104052456483934293e+03
9.186766550725170065e-16 1.537134545599794575e-16 4.104778275312611186e+03
7.761669933659273870e-16 1.531534037480922999e-16 4.105504094144498595e+03
3.024598827163309626e-16 1.526860020817104760e-16 4.106229912979593792e+03
9.468373755216146488e-16 1.522452417655999588e-16 4.106955731817897686e+03
7.296211198907196971e-16 1.514487221998206357e-16 4.107681550659404820e+03
-2.450424015825367174e-16 1.508624168974367658e-16 4.108407369504117014e+03
9.740541683545226896e-16 1.503822045382686311e-16 4.109133188352028810e+03
1.022983584480307562e-15 1.505282535452586673e-16 4.109859007203138390e+03
2.462345588661766077e-16 1.503185005461286453e-16 4.110584826057445753e+03
6.979848180361238481e-16 1.493892602405630422e-16 4.111310644914947261e+03
8.073241348439087008e-16 1.494013118420546121e-16 4.112036463775642915e+03
6.467491304049524436e-16 1.486555065406029017e-16 4.112762282639527257e+03
4.795851534885777615e-16 1.482680364730143058e-16 4.113488101506600287e+03
7.138670699463742579e-16 1.481246016990843767e-16 4.114213920376860187e+03
5.606750188704439544e-16 1.480740237874600938e-16 4.114939739250303319e+03
3.657520750309767418e-16 1.479799765242797333e-16 4.115665558126929682e+03
6.821254981820581364e-16 1.483370018489048341e-16 4.116391377006735638e+03
6.440583573695912908e-16 1.475104468630590600e-16 4.117117195889720279e+03
8.289461333454120718e-16 1.472250684138935382e-16 4.117843014775881784e+03
8.036485669177256087e-16 1.467329367184086044e-16 4.118568833665214697e+03
3.095496269454250536e-16 1.455985093399030473e-16 4.119294652557722657e+03
4.769241205898822936e-16 1.453337649144461114e-16 4.120020471453399296e+03
6.827877779279613831e-16 1.455927397072971694e-16 4.120746290352242795e+03
5.018838360883993606e-16 1.453323599328160013e-16 4.121472109254253155e+03
3.740087698447361618e-16 1.456187504481820698e-16 4.122197928159426738e+03
6.918599138601422197e-16 1.467150897530798484e-16 4.122923747067763543e+03
6.886250750248364070e-16 1.465541296950539160e-16 4.123649565979259023e+03
4.864871635939793472e-16 1.473459700966235086e-16 4.124375384893912269e+03
7.818146687467569187e-16 1.473952764045208430e-16 4.125101203811721462e+03
5.241675457140613547e-16 1.475367895293385786e-16 4.125827022732684782e+03
3.905199781761525882e-16 1.478357485969221610e-16 4.126552841656798591e+03
1.020955398553964681e-15 1.470638337134343174e-16 4.127278660584062891e+03
4.914970378284827067e-16 1.465330711819323241e-16 4.128004479514474951e+03
5.670865256039129299e-17 1.469795270226134378e-16 4.128730298448032045e+03
5.024148330903522732e-16 1.474008344229050198e-16 4.129456117384732352e+03
1.009392499235176439e-15 1.476497579860689356e-16 4.130181936324574053e+03
5.679136258486462382e-16 1.475625484330477285e-16 4.130907755267556240e+03
3.239808751603586524e-17 1.476939953745383737e-16 4.131633574213676184e+03
7.020078815028566715e-16 1.476237575724384932e-16 4.132359393162931156e+03
6.384855928590531494e-16 1.478043476641161135e-16 4.133085212115320246e+03
8.437006405111488984e-16 1.468959391795230012e-16 4.133811031070838908e+03
7.097610024505567987e-16 1.472799772374565674e-16 4.134536850029488050e+03
2.121923421362376244e-16 1.475772163629499743e-16 4.135262668991264945e+03
5.532065808886057547e-16 1.471361535381313500e-16 4.135988487956166864e+03
3.804186047784861633e-16 1.477099636243669684e-16 4.136714306924191987e+03
7.026541377046833068e-16 1.465855273506442728e-16 4.137440125895340316e+03
1.165066770975007828e-15 1.467946311810544141e-16 4.138165944869606392e+03
1.404356470315909753e-16 1.465203898995967336e-16 4.138891763846990216e+03
3.141091345112578223e-16 1.469868616531836496e-16 4.139617582827489969e+03
7.298539145418183472e-16 1.460165516744288202e-16 4.140343401811102012e+03
4.276494775660324921e-16 1.452654993044387474e-16 4.141069220797826347e+03
7.813650833045573754e-16 1.455957298124972725e-16 4.141795039787661153e+03
5.694237567536673803e-16 1.452659506288502883e-16 4.142520858780600975e+03
6.817995159456434048e-16 1.449869270405905335e-16 4.143246677776648539e+03
3.368321265582563763e-16 1.451855833218220087e-16 4.143972496775799300e+03
6.485300844974506319e-16 1.446970511686973848e-16 4.144698315778050528e+03
3.310433687559052018e-16 1.440930173009043901e-16 4.145424134783401314e+03
2.467218780683074887e-17 1.443612788912875119e-16 4.146149953791851658e+03
6.317393886583836646e-16 1.440774241942152540e-16 4.146875772803396103e+03
8.974146130341512085e-16 1.436851635668155838e-16 4.147601591818034649e+03
4.336599287534693543e-16 1.435078316288272867e-16 4.148327410835764567e+03
6.342476897117842680e-16 1.427701736347589282e-16 4.149053229856583130e+03
6.049464094152132244e-16 1.430303591272403486e-16 4.149779048880491246e+03
6.776419754854515333e-16 1.420093827228488689e-16 4.150504867907484368e+03
9.352066622601043168e-16 1.410091695256539680e-16 4.151230686937561586e+03
5.313420635052948493e-16 1.409863921626024238e-16 4.151956505970719263e+03
2.504369921774677116e-17 1.413017898481623669e-16 4.152682325006958308e+03
8.168291421081858627e-16 1.416012555103841746e-16 4.153408144046274174e+03
5.542033092203096109e-16 1.418187682283511126e-16 4.154133963088666860e+03
5.370754575456658481e-16 1.418005641663000718e-16 4.154859782134133638e+03
1.029537947745635643e-15 1.424028273839096173e-16 4.155585601182672690e+03
7.618417045380021898e-16 1.421774574933147876e-16 4.156311420234280376e+03
6.423097938248628172e-16 1.490554156307996436e-16 4.157037239288956698e+03
3.112191826774220217e-16 1.442030590760394640e-16 4.157763058346698017e+03
6.450988582317923201e-16 1.429481734069389065e-16 4.158488877407506152e+03
3.978009687113337346e-16 1.433404583334798834e-16 4.159214696471375646e+03
5.539421366668963180e-16 1.431806818952470440e-16 4.159940515538304680e+03
8.235658996908499847e-16 1.450227544258895253e-16 4.160666334608293255e+03
7.724284737485408927e-16 1.450230976758582937e-16 4.161392153681335913e+03
4.359436881065012279e-16 1.461365980570146511e-16 4.162117972757435382e+03
9.876729107192277610e-16 1.476176355827698868e-16 4.162843791836586206e+03
4.189943268747235441e-16 1.486128749209954945e-16 4.163569610918788385e+03
3.423771141364043658e-16 1.469655635758843071e-16 4.164295430004038280e+03
9.140801741566720190e-16 1.475020145546414148e-16 4.165021249092336802e+03
5.682558800931544549e-16 1.477156917856670973e-16 4.165747068183678493e+03
6.380266978584455161e-16 1.478832947645126172e-16 4.166472887278063354e+03
7.089483904575062980e-16 1.479549876927291542e-16 4.167198706375487745e+03
8.187578453355406150e-16 1.480868690983895750e-16 4.167924525475952578e+03
3.973935436113073444e-16 1.476793967867958112e-16 4.168650344579455123e+03
9.885545620567317871e-16 1.479206599331256480e-16 4.169376163685991742e+03
2.283784168295265711e-16 1.473038347232304658e-16 4.170101982795562435e+03
6.765017493213955491e-16 1.474489057850453425e-16 4.170827801908164474e+03
6.880979691705754230e-16 1.470712959708879017e-16 4.171553621023795131e+03
6.575399380692704705e-16 1.468689257635786326e-16 4.172279440142453495e+03
4.877034151114192006e-16 1.469193756182003573e-16 4.173005259264137749e+03
7.014493379533240567e-16 1.465583845527640405e-16 4.173731078388845162e+03
5.531830173306045420e-16 1.469810477344779170e-16 4.174456897516574827e+03
2.303712716214547329e-16 1.455056906292738350e-16 4.175182716647323105e+03
7.393839362412712318e-16 1.453096111470569893e-16 4.175908535781090904e+03
6.814827569650727087e-16 1.455848016866102184e-16 4.176634354917874589e+03
2.401911355510959671e-16 1.457718995302566055e-16 4.177360174057670520e+03
1.080818746426870018e-15 1.472335690824395209e-16 4.178085993200481425e+03
8.582615608179753772e-16 1.454691417179748030e-16 4.178811812346300940e+03
3.254952018698131310e-16 1.467671403138843658e-16 4.179537631495129972e+03
5.223777113605736846e-16 1.658711292221652403e-16 4.180263450646963065e+03
9.449396845478972923e-16 1.944752506171658953e-16 4.180989269801802948e+03
1.560066346720878365e-16 1.468480526922450728e-16 4.181715088959644163e+03
6.615276975386776960e-16 2.101118452204172668e-16 4.182440908120487620e+03
5.200441928455858618e-16 1.769365721792969536e-16 4.183166727284329681e+03
5.806035057393931809e-16 1.426868783863262749e-16 4.183892546451168528e+03
4.882965347794979935e-16 1.406196194327351024e-16 4.184618365621000521e+03
8.221989508953540909e-16 1.401559641233179519e-16 4.185344184793828390e+03
5.080934734882453064e-16 1.407540455791346465e-16 4.186070003969647587e+03
5.221393946622315041e-16 1.390249785732108525e-16 4.186795823148455383e+03
7.392506047620229714e-16 1.380174296962058608e-16 4.187521642330249961e+03
7.801636030529133799e-16 1.377259086890507266e-16 4.188247461515031318e+03
1.127671826516336804e-16 1.371777226649405684e-16 4.188973280702797638e+03
7.003776349304208759e-16 1.365002622267030604e-16 4.189699099893543462e+03
6.162599506740042251e-16 1.363992778400378667e-16 4.190424919087270609e+03
8.662958762578711047e-16 1.356693480753074701e-16 4.191150738283975443e+03
8.148569698301333439e-16 1.358286604789504891e-16 4.191876557483657962e+03
6.185601279700743385e-16 1.351550347283101835e-16 4.192602376686314528e+03
5.082716439708691945e-16 1.347987160153659462e-16 4.193328195891943324e+03
7.518260693701370166e-16 1.352161158003555608e-16 4.194054015100541619e+03
9.084955932016628592e-16 1.400913651914345525e-16 4.194779834312110324e+03
8.677562714603277753e-16 1.421829575449078397e-16 4.195505653526645801e+03
6.808039599609136340e-16 1.342457030832267797e-16 4.196231472744145321e+03
7.224183725994562399e-16 1.329161444570313552e-16 4.196957291964609794e+03
3.370750518216298621e-16 1.332457044077822539e-16 4.197683111188034673e+03
5.254534958359265661e-16 1.328792246129533281e-16 4.198408930414419046e+03
9.051473974440948091e-16 1.337962927476480918e-16 4.199134749643762007e+03
4.112981682781880435e-16 1.330129354582891915e-16 4.199860568876059915e+03
8.432738042508288556e-16 1.325301588924894820e-16 4.200586388111312772e+03
7.487449042279322856e-16 1.332016446110782860e-16 4.201312207349517848e+03
5.813877470385122071e-16 1.331416413157573056e-16 4.202038026590669688e+03
7.471380518815485352e-16 1.333719523428386973e-16 4.202763845834773747e+03
6.508049305364660855e-16 1.330075478557592965e-16 4.203489665081822750e+03
8.232073382856556703e-16 1.329623006358394418e-16 4.204215484331816697e+03
5.493775566292916313e-16 1.327171703164794155e-16 4.204941303584753769e+03
1.083785318606524799e-15 1.333730628044712957e-16 4.205667122840632146e+03
5.741976470162416715e-16 1.333029196001377554e-16 4.206392942099450011e+03
9.541708077041969748e-16 1.339973300353321142e-16 4.207118761361204633e+03
7.038537649736134914e-16 1.335188092465067767e-16 4.207844580625895105e+03
3.564219301512563172e-16 1.332656591969217126e-16 4.208570399893519607e+03
5.541252750704099340e-16 1.326198131631733811e-16 4.209296219164075410e+03
8.077767750807415624e-16 1.327421513840024171e-16 4.210022038437561605e+03
4.893483864154321669e-16 1.317429297828483969e-16 4.210747857713974554e+03
7.416967307492334631e-16 1.318849626958561217e-16 4.211473676993315166e+03
6.274704265854019042e-16 1.311911805329131627e-16 4.212199496275579804e+03
7.560589741031152337e-16 1.308988808593096566e-16 4.212925315560768468e+03
4.029062178790534967e-16 1.306642152182112696e-16 4.213651134848876609e+03
8.021725245670906043e-16 1.301094132490801933e-16 4.214376954139904228e+03
3.365910963373267173e-16 1.305891089396889319e-16 4.215102773433849507e+03
8.430025889920469991e-16 1.326976643033838230e-16 4.215828592730709715e+03
4.291060289682196934e-16 1.303099567398500563e-16 4.216554412030483945e+03
7.698751540924486443e-16 1.344060679992639699e-16 4.217280231333170377e+03
5.189356609236603719e-16 1.297789621613225631e-16 4.218006050638765373e+03
6.857410080192503283e-16 1.291825003236059085e-16 4.218731869947269843e+03
8.159729816999796511e-16 1.298145894213770539e-16 4.219457689258681057e+03
7.004355749254794720e-16 1.297550434686124939e-16 4.220183508572995379e+03
5.497697681536381159e-16 1.291411887969411159e-16 4.220909327890211898e+03
6.581016017613484073e-16 1.293273971313878046e-16 4.221635147210329706e+03
6.074911110854930509e-16 1.295109901141574938e-16 4.222360966533347892e+03
5.143185187011149936e-16 1.294892712598500800e-16 4.223086785859262818e+03
7.637230574810268647e-16 1.295454533505155719e-16 4.223812605188074485e+03
7.499543079882558941e-16 1.289915591975772118e-16 4.224538424519778346e+03
1.015174038719617564e-15 1.280954607696950659e-16 4.225264243854373490e+03
5.463037035937010622e-16 1.284125995321796976e-16 4.225990063191859917e+03
4.386262911519950443e-16 1.279271492967287384e-16 4.226715882532234900e+03
7.656984543503357511e-16 1.280600418016331715e-16 4.227441701875495710e+03
7.898966668892694931e-16 1.283931275492207846e-16 4.228167521221641437e+03
5.721517494552343711e-16 1.280107320017470457e-16 4.228893340570670262e+03
8.827302373328381111e-16 1.276358286770082298e-16 4.229619159922579456e+03
7.259835813847504208e-16 1.276939522662546107e-16 4.230344979277368111e+03
2.233445102947337903e-16 1.280153895370262115e-16 4.231070798635035317e+03
1.004447763639354952e-15 1.275899068217031132e-16 4.231796617995576526e+03
4.682310964564580312e-16 1.271953384601800244e-16 4.232522437358993557e+03
8.577986495757879794e-16 1.275043960427958948e-16 4.233248256725282772e+03
3.957019680646864969e-16 1.278370732287673374e-16 4.233974076094441443e+03
9.474564980753963833e-16 1.272311807815533249e-16 4.234699895466468661e+03
8.127934259167574589e-16 1.273742814977180573e-16 4.235425714841363515e+03
7.103177465255847951e-16 1.270608925340214013e-16 4.236151534219123278e+03
6.691642557616471111e-16 1.270025656731423315e-16 4.236877353599747039e+03
5.758548145913305096e-16 1.264207490581145787e-16 4.237603172983230252e+03
5.925802020680783610e-16 1.263578927164613676e-16 4.238328992369574735e+03
5.388960745116826328e-16 1.262114668196787289e-16 4.239054811758776850e+03
5.296946086495952564e-16 1.266953705517873114e-16 4.239780631150835688e+03
8.335902202490149517e-16 1.264117895872180447e-16 4.240506450545748521e+03
5.414001054827207142e-16 1.265882905563415790e-16 4.241232269943513529e+03
1.093037871292314200e-15 1.267572398216768996e-16 4.241958089344130713e+03
4.795724850494910299e-16 1.267641375904487033e-16 4.242683908747596433e+03
3.400543202378625021e-16 1.323201221512424255e-16 4.243409728153909782e+03
3.397569667905910219e-16 1.776337675813056021e-16 4.244135547563069849e+03
8.318150338737293641e-16 1.315502941476627699e-16 4.244861366975070268e+03
7.671202434012154895e-16 1.270963468757506026e-16 4.245587186389915587e+03
4.284254862805195652e-16 1.268256260840127009e-16 4.246313005807602167e+03
6.996826966478711381e-16 1.269809137723891816e-16 4.247038825228126370e+03
9.568522047975125748e-16 1.266183914179980304e-16 4.247764644651484559e+03
6.193675603577699071e-16 1.273145868119338290e-16 4.248490464077682191e+03
6.427021011086210263e-16 1.269989042514229846e-16 4.249216283506710170e+03
7.194981351706558544e-16 1.267877397311195934e-16 4.249942102938571225e+03
7.039965298227280004e-16 1.271164617799096995e-16 4.250667922373262627e+03
3.682691247046892559e-16 1.276102645429655642e-16 4.251393741810779829e+03
1.011672489385330108e-15 1.274286650215482786e-16 4.252119561251125560e+03
5.102321294615264265e-16 1.280951483438889695e-16 4.252845380694295272e+03
4.735961735969332194e-16 1.277652101871298892e-16 4.253571200140288056e+03
7.818001588535720865e-16 1.285554134124010590e-16 4.254297019589103002e+03
5.044786429737527961e-16 1.292498705584399385e-16 4.255022839040735562e+03
8.965141948333177154e-16 1.294257153216605459e-16 4.255748658495185737e+03
8.938670136946695063e-16 1.311262890043065696e-16 4.256474477952453526e+03
5.014536013754895752e-17 1.302552895220086972e-16 4.257200297412533473e+03
6.267207235941649886e-16 1.305385933333581124e-16 4.257926116875427397e+03
6.083238701255752036e-16 1.305454490069192048e-16 4.258651936341131659e+03
1.161226973376063059e-15 1.299654630641231583e-16 4.259377755809645350e+03
3.244236428917390456e-16 1.297157761567545079e-16 4.260103575280965742e+03
9.017895823686188476e-16 1.297956465837935043e-16 4.260829394755091926e+03
5.576021856518523613e-16 1.297590375985522825e-16 4.261555214232022990e+03
4.317108119133094717e-16 1.296356935856198108e-16 4.262281033711754390e+03
1.128116297078683348e-15 1.293435354811338361e-16 4.263006853194287032e+03
7.841499065225317695e-16 1.292426481830055313e-16 4.263732672679618190e+03
4.378926644623011808e-16 1.284246782213258035e-16 4.264458492167746954e+03
5.692601530005709744e-16 1.279169514120826379e-16 4.265184311658669685e+03
8.188265192870108203e-16 1.281017046877756474e-16 4.265910131152386384e+03
4.476816532534384942e-16 1.273820130689513770e-16 4.266635950648895232e+03
2.536162238364307137e-16 1.274209480970664448e-16 4.267361770148194410e+03
6.712846876697448986e-16 1.275206056525284982e-16 4.268087589650282098e+03
3.454164511142255978e-16 1.275424322996945625e-16 4.268813409155156478e+03
6.594258594597894371e-16 1.269615504161342477e-16 4.269539228662814821e+03
9.519941511652354715e-16 1.268376778052309477e-16 4.270265048173256218e+03
7.155409413473262224e-16 1.261865074338574132e-16 4.270990867686479760e+03
8.864311437158579822e-16 1.266111015514695791e-16 4.271716687202484536e+03
5.213780086897158090e-16 1.268980773316787293e-16 4.272442506721265090e+03
4.360174532747159865e-16 1.286052040659621961e-16 4.273168326242823241e+03
9.295940834649688161e-16 1.278021820038630939e-16 4.273894145767157170e+03
9.482811138017836847e-16 1.264255938583530725e-16 4.274619965294261419e+03
5.579906827649614140e-16 1.257842758730832100e-16 4.275345784824138718e+03
5.926631824163552730e-16 1.255902277603625745e-16 4.276071604356786338e+03
7.357239997543122504e-16 1.255783215898467684e-16 4.276797423892201550e+03
2.791658115123060360e-16 1.251792805899481008e-16 4.277523243430383445e+03
5.106049594549834439e-16 1.255457105976794267e-16 4.278249062971328385e+03
9.916376242202552805e-16 1.253170638369498457e-16 4.278974882515038189e+03
9.138148239294572492e-16 1.255582038609095697e-16 4.279700702061507400e+03
6.205494674418838215e-16 1.249415879977091577e-16 4.280426521610737836e+03
8.560294099062488474e-16 1.247629899630491971e-16 4.281152341162724042e+03
4.973864927598686526e-16 1.261718805858900698e-16 4.281878160717466926e+03
4.771760660566334422e-16 1.250255057063621799e-16 4.282603980274963760e+03
8.191035217936274147e-16 1.248146217159000495e-16 4.283329799835214544e+03
9.514765563901358742e-16 1.247922178550554195e-16 4.284055619398216550e+03
5.495696416501928249e-16 1.244971084727163823e-16 4.284781438963967958e+03
5.557364982915712079e-16 1.240263524253047891e-16 4.285507258532466039e+03
8.580996109265560355e-16 1.240855456188369494e-16 4.286233078103711705e+03
5.598626781205133544e-16 1.239092458516933447e-16 4.286958897677701316e+03
6.604384491776825397e-16 1.234869122031249431e-16 4.287684717254433053e+03
5.594263708170379947e-16 1.234711297517135551e-16 4.288410536833906008e+03
5.195608973453505661e-16 1.245271955424812899e-16 4.289136356416118360e+03
7.688449157195853968e-16 1.236252995481511551e-16 4.289862176001068292e+03
4.825745765375736565e-16 1.233903068900939298e-16 4.290587995588754893e+03
6.485824237673852492e-16 1.238871638257078147e-16 4.291313815179174526e+03
8.035099088736917447e-16 1.233123614393148286e-16 4.292039634772329009e+03
4.660674636584657687e-16 1.230117999829874232e-16 4.292765454368212886e+03
6.265477886115185235e-16 1.236751210878253202e-16 4.293491273966825247e+03
1.090106923569726981e-15 1.236874256102232688e-16 4.294217093568167002e+03
3.276229664862226677e-16 1.230680897147416299e-16 4.294942913172235421e+03
3.756580498469665858e-16 1.229479158211560688e-16 4.295668732779025959e+03
5.490703305251506267e-16 1.230593724529923076e-16 4.296394552388541342e+03
7.425846643484134915e-16 1.232725106107176200e-16 4.297120372000777024e+03
7.258629268832334309e-16 1.220781582580813919e-16 4.297846191615732096e+03
6.060074717839217900e-16 1.224284444198946495e-16 4.298572011233405647e+03
8.968005329153952210e-16 1.218426944437040230e-16 4.299297830853793130e+03
1.485582837902172190e-16 1.216916213034809881e-16 4.300023650476896364e+03
1.110947296616653409e-15 1.219758305761647505e-16 4.300749470102713531e+03
3.288048921423113307e-16 1.216820923536790028e-16 4.301475289731240991e+03
2.758119374334022278e-16 1.217761188756074499e-16 4.302201109362477837e+03
9.432752769371432855e-16 1.214292827573430565e-16 4.302926928996423158e+03
5.890290334156469308e-16 1.225486749224897632e-16 4.303652748633074225e+03
8.747349976896746075e-16 1.223701057559602881e-16 4.304378568272430130e+03
3.282234411932018752e-16 1.213395611223292184e-16 4.305104387914489052e+03
4.998375743883528470e-16 1.216317247011406144e-16 4.305830207559250084e+03
5.706433506017507187e-16 1.211436026903638949e-16 4.306556027206710496e+03
5.922650406067436518e-16 1.213333720863081531e-16 4.307281846856867560e+03
7.879017489605707641e-16 1.215982616045073720e-16 4.308007666509722185e+03
4.728153794136039962e-16 1.215173408960976570e-16 4.308733486165271643e+03
5.684763078276114629e-16 1.215157345109683411e-16 4.309459305823513205e+03
1.238308786046389500e-15 1.216854723618358816e-16 4.310185125484446871e+03
5.914220216015558475e-16 1.213229069773946745e-16 4.310910945148070823e+03
5.128954141698084524e-16 1.215848709579348315e-16 4.311636764814383241e+03
5.054191934099973841e-16 1.212206602968006375e-16 4.312362584483382307e+03
1.389296349635426582e-16 1.213155531948089433e-16 4.313088404155065291e+03
5.624080210067560840e-16 1.213880920116625194e-16 4.313814223829433104e+03
7.107532430097616904e-16 1.211771612509899930e-16 4.314540043506482107e+03
5.864389566085989214e-16 1.215281627590108033e-16 4.315265863186211391e+03
6.723291448630911954e-16 1.217799093827013732e-16 4.315991682868620046e+03
6.210833613979142921e-16 1.210328825251744646e-16 4.316717502553704435e+03
2.617915896056894737e-16 1.212042292105665838e-16 4.317443322241463648e+03
7.064510930334257443e-16 1.210118055784100114e-16 4.318169141931897684e+03
4.297726999836048446e-16 1.217325033674419541e-16 4.318894961625004726e+03
6.254569269309888820e-16 1.219542069960895538e-16 4.319620781320780225e+03
4.519748006234671934e-16 1.217844850525748034e-16 4.320346601019224181e+03
8.856970115525512520e-16 1.213199493961765533e-16 4.321072420720336595e+03
5.562604450324420125e-16 1.209666561712636273e-16 4.321798240424115647e+03
4.785687488814801696e-16 1.215458242200375299e-16 4.322524060130557700e+03
4.598468552271451435e-16 1.303214188988274908e-16 4.323249879839662754e+03
5.062275023368173179e-16 1.332079214415824426e-16 4.323975699551427169e+03
5.582402085901674494e-16 1.201885276843997672e-16 4.324701519265851857e+03
9.467335709915475240e-16 1.201671840932949134e-16 4.325427338982934089e+03
3.349519993318084697e-16 1.199337431860698394e-16 4.326153158702672954e+03
4.635945001916552200e-16 1.202124622004348639e-16 4.326878978425064815e+03
9.006592091411492550e-16 1.198630643095878802e-16 4.327604798150110582e+03
5.732295595620993953e-16 1.193136205463701404e-16 4.328330617877807526e+03
6.971098944725195973e-16 1.191037610026446423e-16 4.329056437608153828e+03
6.822470658927515480e-16 1.187881896979756873e-16 4.329782257341148579e+03
5.061295298056637100e-16 1.188066000711348642e-16 4.330508077076789050e+03
3.349394174047256513e-16 1.185745701662224467e-16 4.331233896815074331e+03
9.558704597276889681e-16 1.178397757227544589e-16 4.331959716556003514e+03
7.398659851558267152e-16 1.178081511167407574e-16 4.332685536299573869e+03
6.013815794559142851e-16 1.177513136748944519e-16 4.333411356045784487e+03
6.773181948151386895e-16 1.172296679985775895e-16 4.334137175794633549e+03
4.740443972015689938e-16 1.167417542316047887e-16 4.334862995546120146e+03
5.975717437659102860e-16 1.169976332477507112e-16 4.335588815300241549e+03
5.766843374933896839e-16 1.169553894589187501e-16 4.336314635056996849e+03
9.078192381149651636e-16 1.168515234466386207e-16 4.337040454816383317e+03
2.865179483278927511e-16 1.165032764947055369e-16 4.337766274578401863e+03
5.060368383078335152e-16 1.160782696418632092e-16 4.338492094343049757e+03
7.203619485596874830e-16 1.157710619845477944e-16 4.339217914110324273e+03
1.516638243335620832e-16 1.153992387908538990e-16 4.339943733880223590e+03
5.420991853858328765e-16 1.158025723855851265e-16 4.340669553652747709e+03
5.875385177716884769e-16 1.152040760776525380e-16 4.341395373427896629e+03
6.493353428156033952e-16 1.151543421656032819e-16 4.342121193205663076e+03
4.822823172299467774e-16 1.147894575313298935e-16 4.342847012986051595e+03
6.371189508179234074e-16 1.146886145001590432e-16 4.343572832769057641e+03
6.940089098310668270e-16 1.144271713890704427e-16 4.344298652554681212e+03
3.425228191600900591e-16 1.144277133967243568e-16 4.345024472342916852e+03
7.235852169039941519e-16 1.141629721643234121e-16 4.345750292133767289e+03
5.375496189436071716e-16 1.145929509663463660e-16 4.346476111927230704e+03
4.819513985714553527e-16 1.144362746011386359e-16 4.347201931723302550e+03
3.566495759000450465e-16 1.151836966193661527e-16 4.347927751521984646e+03
5.032438436697902669e-16 1.153764685727745663e-16 4.348653571323273354e+03
8.396052979138586258e-16 1.137813877970702688e-16 4.349379391127165945e+03
6.885468623986629176e-16 1.277901191963354345e-16 4.350105210933663329e+03
4.328522413939774208e-17 1.328275162929412335e-16 4.350831030742763687e+03
3.417876042509373893e-16 1.146650530931667023e-16 4.351556850554465200e+03
9.677528466529011204e-16 1.140390772179785470e-16 4.352282670368766048e+03
6.817684371746896563e-16 1.139283084674915236e-16 4.353008490185662595e+03
6.009103194890141435e-16 1.139304895561126475e-16 4.353734310005156658e+03
6.744974293673563168e-16 1.139330107663926526e-16 4.354460129827246419e+03
3.965325215700971703e-16 1.140266173978158578e-16 4.355185949651928240e+03
6.116843750243728565e-16 1.138143319907209925e-16 4.355911769479200302e+03
9.034662965030734241e-16 1.136918270752399862e-16 4.356637589309064424e+03
6.190380138182086212e-16 1.136233130385738590e-16 4.357363409141515149e+03
7.929850303069331574e-16 1.141368670849072232e-16 4.358089228976554296e+03
3.755792911430084821e-16 1.136705492217884761e-16 4.358815048814178226e+03
6.258430624198228103e-16 1.137997399238850721e-16 4.359540868654386031e+03
5.526223825385986283e-16 1.137736967412194188e-16 4.360266688497176801e+03
9.037185916822004003e-16 1.139498365503022014e-16 4.360992508342547808e+03
5.122081229820731333e-16 1.136255448109363425e-16 4.361718328190496322e+03
6.324298676238114507e-16 1.138014974565744367e-16 4.362444148041024164e+03
4.704076403437852045e-16 1.139675914286911165e-16 4.363169967894128604e+03
7.306071243726507511e-16 1.132380776187901442e-16 4.363895787749806914e+03
4.385189163771719926e-16 1.130395769381711293e-16 4.364621607608058184e+03
1.102831343730436812e-15 1.127932170680900678e-16 4.365347427468881506e+03
4.360546114027132788e-16 1.133422986037362040e-16 4.366073247332274150e+03
4.867985309806158437e-16 1.131398087620204015e-16 4.366799067198235207e+03
4.004011236224696921e-16 1.126483956603059227e-16 4.367524887066763768e+03
5.718006113053504560e-16 1.125555446273363273e-16 4.368250706937858013e+03
6.473024529399522026e-16 1.125783351983318108e-16 4.368976526811515214e+03
5.459434948693801296e-16 1.127358462920455144e-16 4.369702346687734462e+03
8.157715219561399283e-16 1.123650103861331651e-16 4.370428166566515756e+03
4.494800483858336537e-16 1.119977177099056439e-16 4.371153986447856369e+03
6.584681071110092111e-16 1.116318429510409010e-16 4.371879806331755390e+03
7.059732688592959041e-16 1.119034524694227639e-16 4.372605626218208272e+03
5.153271370057296908e-16 1.122531490637718408e-16 4.373331446107218653e+03
7.176065043664177629e-16 1.114337056263567093e-16 4.374057265998781077e+03
6.935831058545863843e-16 1.111416374124549467e-16 4.374783085892894633e+03
7.649176692182398669e-16 1.115055516320662154e-16 4.375508905789560231e+03
4.443675385075858148e-16 1.111866169257043364e-16 4.376234725688773324e+03
3.620593833190396894e-16 1.117572295928959511e-16 4.376960545590532092e+03
5.177284014090646562e-16 1.121201616397173599e-16 4.377686365494839265e+03
7.820530627527606957e-16 1.120902339797360373e-16 4.378412185401688475e+03
9.349796056552709904e-16 1.121062574461199815e-16 4.379138005311080633e+03
4.279258128327109105e-16 1.122474916710777379e-16 4.379863825223015738e+03
9.035522513318660603e-16 1.120650638005931170e-16 4.380589645137490152e+03
4.580944103281171380e-16 1.120188721593695898e-16 4.381315465054502056e+03
4.823530850677148097e-16 1.119415763688067544e-16 4.382041284974049631e+03
7.541493151622061341e-16 1.121156231932272581e-16 4.382767104896132878e+03
9.868071131768904643e-16 1.122113097810823364e-16 4.383492924820750886e+03
5.302915205617194585e-16 1.119990582342687159e-16 4.384218744747900018e+03
5.529331493183564527e-16 1.113847892188825759e-16 4.384944564677580274e+03
9.990895906390506033e-16 1.110654325185139563e-16 4.385670384609790744e+03
4.501800318214486159e-16 1.102929577890440206e-16 4.386396204544527791e+03
3.016481754199235420e-16 1.100006786675256783e-16 4.387122024481790504e+03
5.531214655673697026e-16 1.101650211687680048e-16 4.387847844421577975e+03
1.554003189644962722e-16 1.094533589233837461e-16 4.388573664363890202e+03
7.072966977538448670e-16 1.091472190365104760e-16 4.389299484308723549e+03
4.581630544160834581e-16 1.091537578979706608e-16 4.390025304256076197e+03
7.229676241814107979e-16 1.091373132418961454e-16 4.390751124205948145e+03
7.650601380884305049e-16 1.094725162014533988e-16 4.391476944158335755e+03
7.314005100583196185e-16 1.089038301966524409e-16 4.392202764113242665e+03
6.948420929063310939e-16 1.091084572999355867e-16 4.392928584070661600e+03
5.010821147455764458e-16 1.093128320868983961e-16 4.393654404030592559e+03
7.521107309237591518e-16 1.099078445391190983e-16 4.394380223993035543e+03
6.861430807999379721e-16 1.094157313976742837e-16 4.395106043957988732e+03
7.322690237506499654e-16 1.100749730363153437e-16 4.395831863925451216e+03
6.683602017677604153e-16 1.101101585681422310e-16 4.396557683895418450e+03
4.384505961896965598e-16 1.099155398312602943e-16 4.397283503867893160e+03
5.375668513258536613e-16 1.098804462483691200e-16 4.398009323842870799e+03
5.145289084779669375e-16 1.094079243090357133e-16 4.398735143820349549e+03
8.517100327651328797e-16 1.096617524031612433e-16 4.399460963800333047e+03
4.814814223758901176e-16 1.090201983564509843e-16 4.400186783782812199e+03
5.446338550515145232e-16 1.092775317834002681e-16 4.400912603767790642e+03
5.606278181612280415e-16 1.093056423704820343e-16 4.401638423755266558e+03
7.307207435248864451e-16 1.095323980498526557e-16 4.402364243745236308e+03
8.374104410210692649e-16 1.093509866010391702e-16 4.403090063737701712e+03
9.129224213227795279e-16 1.102864613960111865e-16 4.403815883732657312e+03
5.028071182266995593e-16 1.098431663206267395e-16 4.404541703730103109e+03
8.547111537075238121e-16 1.099859580996490811e-16 4.405267523730040011e+03
7.063182193681328006e-16 1.102095627287947335e-16 4.405993343732463472e+03
5.909353615186140811e-16 1.105411895470246917e-16 4.406719163737373492e+03
5.836779661125230621e-16 1.108740673466906737e-16 4.407444983744769161e+03
9.450236356001413727e-16 1.113047529209687307e-16 4.408170803754647750e+03
8.263903651862213031e-16 1.114032610773539208e-16 4.408896623767008350e+03
3.726207898652035250e-16 1.120685018461293310e-16 4.409622443781848233e+03
5.773111213713556033e-16 1.128461671903635399e-16 4.410348263799167398e+03
4.612355616751310328e-16 1.137892761991027962e-16 4.411074083818964937e+03
8.174300654738164250e-16 1.135936802507915192e-16 4.411799903841239029e+03
5.205968646261630485e-16 1.135198836471258966e-16 4.412525723865986947e+03
8.375304808087900322e-16 1.135064514980679785e-16 4.413251543893209600e+03
5.819459128330972727e-16 1.137565362658797513e-16 4.413977363922902441e+03
5.771287839279914695e-16 1.137371345934167245e-16 4.414703183955065469e+03
5.648757133323671791e-16 1.137461349312523056e-16 4.415429003989698685e+03
7.058582460236451550e-16 1.134002368767863612e-16 4.416154824026798451e+03
7.693632054627751496e-16 1.135408255333658840e-16 4.416880644066364766e+03
4.558310666247119462e-16 1.136195726662578477e-16 4.417606464108393993e+03
3.667129979121647850e-16 1.138146766905759467e-16 4.418332284152887041e+03
1.013448061803787341e-15 1.133506166391006326e-16 4.419058104199843001e+03
4.167094310840933069e-16 1.134097118490971166e-16 4.419783924249257325e+03
3.125072163006436198e-16 1.132588826529800181e-16 4.420509744301130922e+03
9.079585084980697150e-16 1.146199064106873119e-16 4.421235564355463794e+03
5.464028588931742529e-16 1.133510440411378363e-16 4.421961384412249572e+03
4.536442969199500112e-16 1.130357857711036002e-16 4.422687204471492805e+03
1.064664032617398962e-15 1.121626995542749411e-16 4.423413024533187127e+03
6.070805582236889586e-16 1.122245690394370036e-16 4.424138844597335265e+03
3.513479789006196767e-16 1.120144258747813294e-16 4.424864664663929943e+03
5.688565181125716679e-16 1.122828572852342707e-16 4.425590484732974801e+03
4.398300627628396070e-16 1.127137302699092077e-16 4.426316304804468928e+03
5.164517286379318805e-16 1.124753271377062947e-16 4.427042124878406867e+03
9.819077711313701323e-16 1.126147217831341968e-16 4.427767944954788618e+03
4.636883723885339977e-16 1.124963662196255689e-16 4.428493765033616000e+03
8.304034185917110360e-16 1.123010916952001563e-16 4.429219585114882648e+03
5.503414162199638512e-16 1.123572417919083876e-16 4.429945405198590379e+03
7.486397481500506909e-16 1.121916678617109184e-16 4.430671225284737375e+03
6.001171732482501422e-16 1.119431179571541454e-16 4.431397045373320907e+03
6.313863011119139078e-16 1.107962017417443358e-16 4.432122865464340066e+03
7.267064123038009097e-16 1.107090779148259181e-16 4.432848685557794852e+03
6.265861994651199484e-16 1.100604717101287823e-16 4.433574505653682536e+03
6.217515738412841326e-16 1.099379118870593649e-16 4.434300325752001299e+03
7.878842744152585449e-16 1.102495916174394820e-16 4.435026145852751142e+03
3.627474031830437956e-16 1.106020511540654056e-16 4.435751965955927517e+03
9.151333702534455540e-16 1.104580097926308890e-16 4.436477786061532242e+03
5.186910699045827948e-16 1.097243324394462308e-16 4.437203606169565319e+03
5.268967114653322484e-16 1.097306005437038290e-16 4.437929426280021289e+03
6.274688026548378518e-16 1.097032927819705890e-16 4.438655246392900153e+03
7.706401632468389805e-16 1.092489006899879401e-16 4.439381066508200092e+03
4.945524691614659717e-16 1.093294847607192221e-16 4.440106886625922925e+03
5.498505527852542234e-16 1.088597461837168294e-16 4.440832706746062286e+03
7.150011721447345865e-16 1.087967741527177711e-16 4.441558526868619992e+03
4.608077339357022958e-16 1.088199081651791664e-16 4.442284346993594227e+03
8.113541005930567652e-16 1.087396650870467497e-16 4.443010167120983169e+03
6.175328661719323278e-16 1.084540400930203993e-16 4.443735987250784092e+03
1.997555224063284950e-16 1.085976301435858733e-16 4.444461807382997904e+03
7.438400362797610270e-16 1.087258074758516579e-16 4.445187627517621877e+03
9.551730474848443467e-16 1.086103882968036454e-16 4.445913447654656920e+03
7.041242254460232571e-16 1.083608909977552785e-16 4.446639267794096668e+03
6.220376027740826062e-16 1.085264301727639770e-16 4.447365087935944757e+03
7.279487583218769553e-16 1.078223201392311603e-16 4.448090908080197551e+03
8.583508511769506708e-16 1.077482173746359146e-16 4.448816728226853229e+03
7.144378121728286451e-16 1.081814809535988458e-16 4.449542548375911792e+03
3.343780350683571945e-16 1.079052329693264553e-16 4.450268368527371422e+03
6.724698947038582425e-16 1.079577561664531272e-16 4.450994188681229389e+03
6.682571725456103129e-16 1.073539474013924985e-16 4.451720008837484784e+03
8.911308644561547450e-16 1.071147326326516968e-16 4.452445828996138516e+03
4.183921485892361510e-16 1.068510994823998747e-16 4.453171649157186948e+03
8.942663778780147462e-16 1.069491345117130589e-16 4.453897469320628261e+03
7.025286931534862973e-16 1.070415646680788600e-16 4.454623289486462454e+03
4.160624140447865321e-16 1.068984245467292227e-16 4.455349109654687709e+03
3.696471209926870593e-16 1.068379518455064141e-16 4.456074929825303116e+03
8.111813850982646030e-16 1.065728486335059559e-16 4.456800749998305946e+03
5.950102391832814927e-16 1.060099994617344761e-16 4.457526570173697110e+03
4.636889202249592121e-16 1.055373692159506191e-16 4.458252390351472059e+03
8.863826449839629859e-16 1.051883555863986714e-16 4.458978210531632612e+03
5.454778447931016385e-16 1.045544491368531410e-16 4.459704030714176042e+03
6.804348456421976706e-16 1.043321404157561811e-16 4.460429850899098710e+03
6.752245431711036201e-16 1.039754885817318660e-16 4.461155671086402435e+03
8.683015170679409330e-16 1.034361818904190705e-16 4.461881491276086308e+03
8.255092026162412409e-16 1.031287381099157142e-16 4.462607311468145781e+03
4.307577860010619514e-16 1.028879469080220073e-16 4.463333131662581764e+03
4.556363921134780782e-16 1.025749318836413256e-16 4.464058951859391527e+03
6.777057566603977829e-16 1.024181472282425176e-16 4.464784772058575982e+03
6.546547378904556121e-16 1.020847387359581984e-16 4.465510592260130579e+03
5.788455573977995592e-16 1.023514029504851415e-16 4.466236412464055320e+03
4.691202352517653283e-16 1.022451822180295601e-16 4.466962232670351113e+03
9.008923473493519261e-16 1.023885395393100161e-16 4.467688052879013412e+03
5.821078097357211506e-16 1.020715797388264327e-16 4.468413873090043126e+03
9.057413771611952360e-16 1.024954194617024206e-16 4.469139693303435706e+03
7.035422505612836836e-16 1.020008610865750006e-16 4.469865513519192973e+03
7.235638033020834694e-16 1.018719064133372926e-16 4.470591333737313107e+03
6.327086563129557601e-16 1.020063694303595150e-16 4.471317153957792470e+03
6.268643943328989782e-16 1.021488676117590708e-16 4.472042974180632882e+03
8.149362400166948327e-16 1.015996924645424604e-16 4.472768794405830704e+03
5.561702371219504212e-16 1.015278733767219363e-16 4.473494614633385027e+03
6.624906924922389070e-16 1.015178688619992518e-16 4.474220434863294940e+03
5.576562072020476956e-16 1.013438152300894164e-16 4.474946255095559536e+03
4.263872986612495052e-16 1.013009414295693742e-16 4.475672075330176085e+03
8.986892967938816734e-16 1.014829434713810206e-16 4.476397895567144587e+03
8.485077125172851988e-16 1.035092569080659089e-16 4.477123715806462315e+03
7.261743707914283778e-16 1.015223364872015200e-16 4.477849536048130176e+03
7.712088795201801537e-16 1.012598606477494105e-16 4.478575356292143624e+03
5.068866649652443148e-16 1.013137339916531483e-16 4.479301176538504478e+03
3.588345645383449131e-16 1.043111731212704493e-16 4.480026996787208191e+03
6.393451550599373660e-16 1.022599008685930268e-16 4.480752817038257490e+03
6.199821706909390807e-16 1.014238220564921625e-16 4.481478637291646010e+03
7.201506503827846554e-16 1.020128191604392905e-16 4.482204457547377388e+03
5.304195064749339633e-16 1.024920914166398114e-16 4.482930277805447076e+03
9.760646279917674903e-16 1.023702776638598446e-16 4.483656098065854167e+03
7.025595234530160641e-16 1.023532663104540032e-16 4.484381918328599568e+03
6.784816950570491615e-16 1.022043973077894293e-16 4.485107738593678732e+03
4.675875839520992737e-16 1.018051443164775977e-16 4.485833558861092570e+03
9.858407834700801215e-16 1.019093502177155465e-16 4.486559379130838352e+03
3.691004147520426238e-16 1.049944929684801955e-16 4.487285199402915168e+03
6.122938430665815309e-16 1.066691896316768139e-16 4.488011019677322111e+03
6.578256467855772690e-16 1.008957316384973825e-16 4.488736839954058269e+03
6.664547423995861383e-16 1.003715672546626988e-16 4.489462660233119095e+03
6.270213765757791709e-16 1.002239913166988312e-16 4.490188480514507319e+03
7.693550276830141030e-16 1.001113427774002316e-16 4.490914300798220211e+03
4.508812385812604000e-16 1.000314765713993872e-16 4.491640121084257771e+03
7.326281999872269255e-16 1.002072718319712155e-16 4.492365941372616362e+03
9.245400974020560294e-16 1.000730105643581346e-16 4.493091761663294164e+03
6.071977876801210936e-16 1.000148708897402606e-16 4.493817581956292997e+03
6.531986513624324895e-16 9.963532987656670550e-17 4.494543402251607404e+03
4.096220066214707267e-16 9.970323268812097425e-17 4.495269222549240112e+03
6.608299741698236253e-16 9.983132443248668073e-17 4.495995042849188394e+03
8.766141937493465212e-16 9.998840946536491810e-17 4.496720863151449521e+03
6.519775788179493603e-16 9.908507185962039114e-17 4.497446683456022583e+03
4.957883322071212096e-16 9.938996829613857085e-17 4.498172503762907581e+03
5.125579709504102124e-16 9.922753579038450354e-17 4.498898324072102696e+03
7.490671205326192481e-16 9.921460247953286677e-17 4.499624144383606108e+03
6.087873660538548231e-16 9.916549653234400656e-17 4.500349964697417818e+03
6.897342156042971326e-16 9.924694762781707932e-17 4.501075785013535096e+03
7.792059478170259754e-16 9.934640835829375070e-17 4.501801605331957035e+03
4.673139056836898527e-16 9.925981601006176138e-17 4.502527425652682723e+03
5.766211704479850129e-16 9.920035867240618611e-17 4.503253245975709433e+03
5.105628702968835945e-16 9.920153522353364453e-17 4.503979066301037165e+03
4.937136274627436056e-16 9.921670340087998216e-17 4.504704886628664099e+03
6.654763912669745879e-16 9.885986792344614193e-17 4.505430706958589326e+03
4.060061255948993575e-16 9.899913629571442941e-17 4.506156527290811937e+03
5.545468859940163884e-16 9.876928277060435567e-17 4.506882347625329203e+03
8.135870261136350545e-16 9.888028789746334071e-17 4.507608167962141124e+03
6.724613522819519811e-16 9.859839824965177684e-17 4.508333988301246791e+03
4.911529722892945233e-16 9.915015248995822324e-17 4.509059808642641656e+03
6.209910091053135767e-16 9.902104545057708661e-17 4.509785628986328447e+03
1.005938401513184927e-15 9.849822896169345828e-17 4.510511449332303528e+03
6.625446483019064610e-16 9.848818628270619054e-17 4.511237269680567806e+03
6.447460341700529495e-16 9.782284485313031843e-17 4.511963090031116735e+03
9.919903060348254844e-16 9.786650399258443049e-17 4.512688910383951225e+03
2.401530986481313361e-16 9.815885859139346043e-17 4.513414730739070365e+03
5.543398385106860088e-16 9.818598288877252781e-17 4.514140551096470517e+03
8.907774976969615167e-16 9.816401689626879258e-17 4.514866371456152592e+03
8.948549376050492882e-16 9.783147829529416141e-17 4.515592191818113861e+03
7.595214314400915191e-16 9.751225004346291530e-17 4.516318012182353414e+03
6.679789668392206695e-16 9.748503845624513560e-17 4.517043832548870341e+03
4.567340820722893256e-17 9.745124066860636651e-17 4.517769652917664644e+03
7.728602842214858415e-16 9.730353909119976032e-17 4.518495473288733592e+03
8.697236350686894680e-16 9.727321889129085597e-17 4.519221293662074459e+03
8.098419537304967990e-16 9.739730855550651038e-17 4.519947114037689062e+03
8.758593882056761232e-16 9.732746176551660491e-17 4.520672934415573764e+03
7.434921873196367935e-16 9.764374280465790822e-17 4.521398754795727655e+03
4.404355028635934214e-16 9.691441082255587928e-17 4.522124575178149826e+03
2.698404469585337938e-16 9.687712549281609598e-17 4.522850395562839367e+03
8.163687670845772841e-16 9.707380098917334615e-17 4.523576215949793550e+03
7.410107183277901594e-16 9.715265406984375399e-17 4.524302036339013284e+03
6.289292695383070061e-16 9.721084630609617151e-17 4.525027856730495841e+03
5.920479062062606295e-16 9.733736545225467301e-17 4.525753677124239402e+03
4.617970420913512860e-16 9.728569403923561471e-17 4.526479497520243967e+03
7.243515558265881213e-16 9.737613602942841141e-17 4.527205317918507717e+03
5.920958525574587098e-16 9.758747570252382396e-17 4.527931138319028832e+03
7.234295566700581613e-16 9.761924164804513427e-17 4.528656958721807314e+03
5.256583060047805716e-16 9.784395572461148160e-17 4.529382779126841342e+03
7.620952354481850800e-16 9.821745829592971352e-17 4.530108599534130008e+03
4.890952378630935146e-16 1.003234708618009321e-16 4.530834419943670582e+03
6.051803619171751058e-16 9.856130710831047362e-17 4.531560240355463975e+03
6.768877518192686049e-16 9.839621592381594781e-17 4.532286060769505639e+03
6.188503317628580258e-16 9.790973307721218309e-17 4.533011881185799211e+03
5.025842372559227877e-16 9.796435423034806550e-17 4.533737701604337417e+03
5.730221103476018997e-16 9.800562136271273069e-17 4.534463522025124803e+03
7.668125708068884091e-16 9.782203003957949040e-17 4.535189342448155003e+03
7.012412544442321119e-16 9.795761867683685182e-17 4.535915162873430745e+03
7.225948490572009630e-16 9.808637020683105389e-17 4.536640983300948392e+03
6.913029193214745834e-16 9.803042492583358767e-17 4.537366803730707034e+03
4.311582871978549351e-16 9.788952630493071257e-17 4.538092624162707580e+03
5.947100155547444928e-16 9.747602214641980669e-17 4.538818444596945483e+03
8.562630287331406434e-16 9.758990317210871912e-17 4.539544265033422562e+03
5.749878676020853957e-16 9.765261363644205957e-17 4.540270085472133360e+03
5.710898811914946226e-16 9.749947566851782238e-17 4.540995905913082424e+03
8.113495199259561820e-16 9.761563760352330688e-17 4.541721726356263389e+03
7.274556920591787854e-16 9.764720334901825943e-17 4.542447546801677163e+03
5.050757472854480679e-16 9.767415510630583196e-17 4.543173367249321927e+03
7.576739626200446322e-16 9.782219463697446161e-17 4.543899187699196773e+03
5.200739242463657490e-16 9.794251970674409896e-17 4.544625008151301699e+03
6.926664332100441593e-16 9.900980868441790368e-17 4.545350828605633978e+03
6.946210032014677894e-16 9.935655671795813651e-17 4.546076649062191791e+03
7.431313413909090594e-16 9.783317729189044333e-17 4.546802469520973318e+03
6.884833040640727363e-16 9.753090128992163941e-17 4.547528289981981288e+03
4.605526320622943920e-16 9.760198561734914454e-17 4.548254110445210245e+03
9.724245896710855246e-16 9.754146342825939295e-17 4.548979930910662006e+03
4.387178888295613486e-16 9.740534186684033311e-17 4.549705751378331115e+03
7.593672780664199272e-16 9.717445721620070273e-17 4.550431571848221211e+03
7.842423116228189941e-16 9.720965368682151714e-17 4.551157392320326835e+03
4.898378668724611275e-16 9.700960444735017562e-17 4.551883212794651627e+03
7.630083521639316942e-16 9.681805685612226840e-17 4.552609033271188309e+03
6.718244691355442529e-16 9.640855978270021298e-17 4.553334853749940521e+03
5.510009645006490784e-16 9.612941657221565048e-17 4.554060674230904624e+03
7.072052827960951634e-16 9.559090462760388789e-17 4.554786494714080618e+03
7.173083647406248151e-16 9.534894008213701569e-17 4.555512315199468503e+03
8.195377420160267479e-16 9.508469315435532809e-17 4.556238135687062822e+03
4.432672686034988676e-16 9.520160097791015814e-17 4.556963956176865395e+03
7.582737137629318119e-16 9.482349271431710738e-17 4.557689776668873492e+03
4.981505245987681100e-16 9.458975527016891712e-17 4.558415597163088023e+03
6.261738105259573111e-16 9.428349400097417436e-17 4.559141417659504441e+03
6.779770523366936269e-16 9.426221927816197153e-17 4.559867238158125474e+03
6.830584597759471155e-16 9.438060190321627996e-17 4.560593058658946575e+03
4.772202074156265478e-16 9.429171914626145889e-17 4.561318879161968653e+03
5.765826099279775090e-16 9.422825512411931163e-17 4.562044699667188979e+03
5.167143744567331586e-16 9.407062850840658095e-17 4.562770520174607555e+03
6.726866514717437740e-16 9.415377988139589325e-17 4.563496340684223469e+03
5.314452244604840833e-16 9.408949169353283773e-17 4.564222161196033085e+03
8.636683737136172294e-16 9.387135249688339587e-17 4.564947981710037311e+03
6.038135953007741128e-16 9.362676618533884194e-17 4.565673802226234329e+03
6.369431902045683660e-16 9.353606080709578921e-17 4.566399622744622320e+03
4.090369541349588883e-16 9.372594199791408165e-17 4.567125443265201284e+03
7.553003824139693901e-16 9.370406070629963034e-17 4.567851263787970311e+03
7.883564958430625472e-16 9.384527458699420193e-17 4.568577084312924853e+03
4.021983958086580114e-16 9.350108759078062618e-17 4.569302904840067640e+03
5.653076531125124681e-16 9.331003637395218564e-17 4.570028725369395033e+03
7.610459291098417167e-16 9.317060219762110600e-17 4.570754545900906123e+03
7.774465201881953679e-16 9.263709421730746247e-17 4.571480366434601819e+03
5.167587816649377419e-16 9.205900676181912319e-17 4.572206186970479393e+03
7.172240452450504780e-16 9.244996955069402506e-17 4.572932007508536117e+03
6.025630525198128492e-16 9.250810099006502677e-17 4.573657828048771989e+03
7.082223503360225695e-16 9.243690417823996568e-17 4.574383648591186102e+03
6.915927580800252244e-16 9.211294398863422701e-17 4.575109469135777545e+03
7.081873166965681100e-16 9.207311800279982849e-17 4.575835289682545408e+03
7.206223545724932338e-16 9.229953221186854337e-17 4.576561110231486964e+03
6.196316499323075218e-16 9.234785577551143462e-17 4.577286930782602212e+03
5.243337087657144102e-16 9.195764905901993877e-17 4.578012751335888424e+03
7.359073858306090399e-16 9.200756099867298118e-17 4.578738571891346510e+03
6.129116905486445016e-16 9.211885861669098915e-17 4.579464392448973740e+03
5.502018784302469699e-16 9.213109252512030742e-17 4.580190213008769206e+03
3.992294467086327670e-16 9.209399941082135113e-17 4.580916033570732907e+03
5.689062603431593175e-16 9.191328569262683774e-17 4.581641854134859386e+03
4.855212139218399644e-16 9.239668650126215786e-17 4.582367674701154101e+03
4.907438431784112684e-16 9.216308951144224609e-17 4.583093495269611594e+03
8.683500690379083822e-16 9.215197024582168609e-17 4.583819315840231866e+03
5.561861793149346209e-16 9.169816127882311806e-17 4.584545136413011278e+03
8.212382234077393185e-16 9.177342522437501447e-17 4.585270956987951649e+03
6.811711346210082215e-16 9.173809881429121212e-17 4.585996777565051161e+03
5.969398261184633847e-16 9.157196349374650334e-17 4.586722598144307995e+03
4.299936587997084367e-16 9.178759830749287264e-17 4.587448418725720330e+03
6.828538056903111233e-16 9.177228742012305591e-17 4.588174239309289987e+03
4.572442573225007086e-16 9.151468711691435438e-17 4.588900059895011509e+03
5.627546584056117010e-16 9.169019398027244901e-17 4.589625880482886714e+03
7.415175459002126803e-16 9.142252137381142735e-17 4.590351701072912874e+03
6.599623596711533215e-16 9.155485178706152624e-17 4.591077521665089080e+03
5.050501968184982880e-16 9.141308227777556820e-17 4.591803342259416240e+03
7.873560942235178525e-16 9.149285586699812010e-17 4.592529162855888899e+03
7.653486094668375654e-16 9.118136227416110195e-17 4.593254983454509784e+03
3.943887017375807479e-16 9.126711703499242112e-17 4.593980804055276167e+03
5.545924794735577693e-16 9.106467211841383384e-17 4.594706624658187138e+03
6.878105475525731699e-16 9.094001430917644960e-17 4.595432445263239970e+03
7.188316115612499939e-16 9.072238505409876200e-17 4.596158265870437390e+03
6.421729226638753085e-16 9.018040203951135288e-17 4.596884086479773032e+03
4.516654056826317518e-16 9.022441049256431488e-17 4.597609907091247806e+03
4.317132276171832944e-16 9.002377521909305552e-17 4.598335727704863530e+03
7.095784605403998607e-16 9.016919113339594678e-17 4.599061548320614747e+03
6.572943507178116381e-16 8.962708956911965765e-17 4.599787368938503278e+03
7.202064223332632780e-16 8.968583356544490129e-17 4.600513189558524573e+03
5.622037074618763911e-16 8.949357036591760409e-17 4.601239010180682271e+03
7.442240785170735800e-16 8.956648003024227624e-17 4.601964830804970006e+03
6.995055746435695777e-16 8.945543091758765924e-17 4.602690651431390506e+03
6.424859621853583419e-16 8.918067339233494341e-17 4.603416472059941043e+03
5.158787968708253804e-16 8.898336257736613241e-17 4.604142292690619797e+03
7.694675627816203879e-16 8.891576277431640513e-17 4.604868113323427679e+03
7.942958407094423027e-16 8.884354615437486777e-17 4.605593933958361049e+03
6.665025952703524036e-16 8.878566300344825747e-17 4.606319754595418999e+03
5.919969432305912149e-16 8.891367881326153175e-17 4.607045575234602438e+03
3.256480158379261689e-16 8.845826584971516732e-17 4.607771395875908638e+03
7.364020688629752525e-16 8.835573249994342313e-17 4.608497216519337599e+03
7.476489349005381736e-16 8.849098014586505811e-17 4.609223037164887501e+03
4.612180281544054690e-16 8.876573162961953017e-17 4.609948857812553797e+03
5.778765135534526148e-16 8.868141264737034540e-17 4.610674678462342854e+03
6.061342829847700820e-16 8.845600159316830310e-17 4.611400499114246486e+03
5.281561323850313067e-16 8.841017321836756444e-17 4.612126319768266512e+03
8.436970093405420914e-16 8.852774106043733415e-17 4.612852140424401114e+03
6.245619623562751417e-16 8.845261961013063926e-17 4.613577961082650290e+03
6.796626566298618670e-16 8.837510796801833062e-17 4.614303781743011314e+03
9.148241233953851226e-16 8.849750066783864991e-17 4.615029602405484184e+03
2.969514520448252936e-16 8.848442269050898670e-17 4.615755423070066172e+03
5.726172346194631914e-16 8.849642956768205961e-17 4.616481243736758188e+03
4.523539865930238548e-16 8.834464167367674277e-17 4.617207064405558413e+03
6.648712964532298545e-16 8.840599905028538512e-17 4.617932885076463208e+03
6.446234417943847088e-16 8.862270600956501172e-17 4.618658705749476212e+03
6.540907641873247694e-16 8.877303764552042544e-17 4.619384526424591968e+03
7.884634683721708920e-16 8.854998965389006944e-17 4.620110347101812295e+03
3.651201815123559792e-16 8.828730060987558281e-17 4.620836167781132644e+03
7.904726943268789050e-16 8.802151875592218458e-17 4.621561988462555746e+03
7.216593664655321740e-16 8.791052840665272697e-17 4.622287809146077052e+03
4.540538840940225791e-16 8.783412277247391166e-17 4.623013629831699291e+03
5.534412830071882009e-16 8.781058514506658683e-17 4.623739450519416096e+03
7.943337777796930418e-16 8.791717588781274287e-17 4.624465271209230195e+03
7.148775483346264144e-16 8.771776829140000801e-17 4.625191091901140680e+03
8.782225480497125300e-16 8.820459076043603590e-17 4.625916912595144822e+03
5.005859818721705026e-16 8.805988965180823759e-17 4.626642733291240802e+03
5.577439872173221853e-16 8.771584107227552526e-17 4.627368553989426800e+03
5.515335265961582461e-16 8.755289805956641225e-17 4.628094374689707365e+03
5.448914532521761120e-16 8.746757958948570768e-17 4.628820195392074311e+03
5.273626812835980442e-16 8.718143383073691286e-17 4.629546016096530366e+03
7.369710446410311442e-16 8.670958884509170493e-17 4.630271836803072802e+03
6.458448864255396622e-16 8.681260886019484410e-17 4.630997657511703437e+03
7.370647210808747575e-16 8.665302099644162724e-17 4.631723478222416816e+03
4.287208953350035188e-16 8.638229822228112218e-17 4.632449298935212937e+03
8.324336955998077513e-16 8.623561641216852509e-17 4.633175119650092711e+03
4.857387673706046302e-16 8.605162182801140589e-17 4.633900940367055227e+03
6.163242193229209352e-16 8.609083995654174522e-17 4.634626761086095939e+03
5.107532300163152970e-16 8.615702171689345047e-17 4.635352581807216666e+03
4.252005016809475095e-16 8.607918378216518418e-17 4.636078402530414678e+03
6.252018064029245842e-16 8.592789166266515293e-17 4.636804223255689067e+03
9.971384602959608397e-16 8.569489224634734704e-17 4.637530043983041651e+03
5.229316823450347754e-16 8.531408550601346337e-17 4.638255864712464245e+03
5.782172811935926516e-16 8.543092659203884296e-17 4.638981685443965034e+03
5.423465000327823636e-16 8.541066975401218519e-17 4.639707506177534924e+03
7.219402379189116753e-16 8.542969348845318729e-17 4.640433326913176643e+03
9.021852373488517287e-16 8.532738913290637799e-17 4.641159147650889281e+03
6.779162330401614284e-16 8.510332976786364859e-17 4.641884968390669201e+03
4.363652580435149526e-16 8.500472776879287803e-17 4.642610789132517311e+03
5.702283693179575630e-16 8.479203795424962342e-17 4.643336609876430884e+03
7.442466665040902467e-16 8.485501283285440894e-17 4.644062430622411739e+03
6.333848737228802040e-16 8.460282707454646358e-17 4.644788251370455328e+03
5.986087477730591803e-16 8.446154536417712040e-17 4.645514072120563469e+03
5.812191912225917708e-16 8.394935938508545638e-17 4.646239892872733435e+03
3.012914644348240985e-16 8.420279051548077208e-17 4.646965713626963407e+03
6.158193502351766277e-16 8.414373051962588695e-17 4.647691534383253384e+03
7.029801906787563362e-16 8.413109572917613132e-17 4.648417355141602457e+03
5.178910822484325754e-16 8.417611643163991054e-17 4.649143175902008807e+03
7.843092173899691498e-16 8.428503826399761538e-17 4.649868996664472434e+03
3.863459047894461754e-16 8.435917444840977364e-17 4.650594817428989700e+03
7.955942122035426277e-16 8.466181501531626223e-17 4.651320638195562424e+03
5.504393792346608955e-16 8.454432523080609407e-17 4.652046458964186058e+03
9.077385902765210815e-16 8.443712492418440007e-17 4.652772279734863332e+03
5.635769506329888298e-16 8.434268620146510143e-17 4.653498100507591516e+03
6.374485151470208012e-16 8.440365922794296117e-17 4.654223921282367883e+03
6.007501320606562699e-16 8.413699166954386110e-17 4.654949742059194250e+03
4.197998421676890073e-16 8.479118665457620388e-17 4.655675562838066980e+03
6.248688487820612254e-16 8.506345983421703650e-17 4.656401383618986074e+03
6.885131310696372566e-16 8.520928011356811579e-17 4.657127204401951531e+03
8.622422635121165992e-16 8.531162738429418679e-17 4.657853025186959712e+03
5.900054825818169272e-16 8.552059404318163341e-17 4.658578845974012438e+03
5.805728310970242591e-16 8.562518616516879681e-17 4.659304666763104251e+03
5.697451879515919227e-16 8.553552803715568845e-17 4.660030487554239699e+03
4.740620519506639697e-16 8.561792243426730544e-17 4.660756308347413324e+03
7.256662558622054450e-16 8.583201303463842514e-17 4.661482129142625126e+03
7.557733171043787091e-16 8.570446903194496552e-17 4.662207949939875107e+03
5.074417398945361998e-16 8.601059948965752509e-17 4.662933770739160536e+03
7.468246064879828022e-16 8.682533093814359991e-17 4.663659591540483234e+03
7.951107097097136692e-16 8.662465909634166664e-17 4.664385412343837743e+03
3.844154463377057272e-16 8.631366553015012281e-17 4.665111233149225882e+03
4.195583072248617018e-16 8.610289066829588486e-17 4.665837053956645832e+03
5.362522247490916272e-16 5.073999467060341105e-16 4.666562874766096684e+03
5.961519636109457875e-16 1.585287487316623000e-16 4.667288695577576618e+03
8.396398859899493333e-16 8.868940009982869790e-17 4.668014516391085635e+03
7.157910014413304803e-16 8.552327349496131572e-17 4.668740337206621007e+03
4.235231878903910362e-16 8.549505281682548430e-17 4.669466158024184551e+03
5.980594556803825702e-16 8.539880836650864191e-17 4.670191978843769903e+03
5.931198760702524068e-16 8.425803029807974309e-17 4.670917799665383427e+03
7.302866436532881114e-16 8.407303676516404778e-17 4.671643620489017849e+03
4.571093947650096339e-16 8.417714000029237539e-17 4.672369441314674987e+03
6.606820570075531298e-16 8.382482138075946997e-17 4.673095262142351203e+03
7.336768974955558423e-16 8.379045125874300149e-17 4.673821082972050135e+03
5.413919576216049300e-16 8.388239511014100064e-17 4.674546903803764508e+03
6.205817147574697489e-16 8.392959753419500122e-17 4.675272724637497959e+03
5.561620544965692575e-16 8.419833833107058040e-17 4.675998545473248669e+03
6.625516448695352131e-16 8.459905888343471866e-17 4.676724366311013000e+03
5.285787765741950362e-16 8.462327018820900881e-17 4.677450187150792772e+03
7.007818841734650463e-16 8.467442453015543865e-17 4.678176007992584346e+03
6.115647072149933924e-16 8.512437899711621655e-17 4.678901828836389541e+03
5.217310352457327461e-16 8.526540646493229468e-17 4.679627649682204719e+03
6.734691823426040319e-16 8.490233729194408173e-17 4.680353470530029881e+03
5.069848656951358659e-16 8.519717277188345038e-17 4.681079291379863207e+03
5.846587425051616629e-16 8.482338522780448892e-17 4.681805112231706516e+03
7.589032030059823671e-16 8.463061026259552038e-17 4.682530933085554352e+03
6.427419539533158928e-16 8.465233489633235305e-17 4.683256753941408533e+03
4.363044147831073815e-16 8.409441301418953048e-17 4.683982574799266331e+03
7.471932528027012381e-16 8.356561589869063989e-17 4.684708395659128655e+03
5.319067142247074028e-16 8.345152130660132698e-17 4.685434216520992777e+03
7.215442896827684644e-16 8.323633223473013026e-17 4.686160037384857787e+03
6.626910823783262209e-16 8.269127520733073875e-17 4.686885858250722777e+03
6.813027469087126073e-16 8.302958366361150083e-17 4.687611679118585926e+03
5.585806456380613464e-16 8.294487722143040613e-17 4.688337499988449053e+03
6.885323634719860274e-16 8.254161794694778105e-17 4.689063320860306703e+03
5.566705549648199886e-16 8.204498698409841539e-17 4.689789141734161603e+03
8.503666253940753343e-16 8.204640452267167118e-17 4.690514962610011025e+03
4.783090971751992828e-16 8.194234338271314510e-17 4.691240783487854060e+03
4.247647003329822955e-16 8.200674265282680729e-17 4.691966604367689797e+03
5.289354711861286927e-16 8.218690039113206631e-17 4.692692425249517328e+03
8.098932253714268182e-16 8.251126700157558186e-17 4.693418246133333923e+03
4.145673277368552280e-16 8.248271971509515772e-17 4.694144067019142312e+03
7.731623922918196938e-16 8.265719652235787163e-17 4.694869887906935219e+03
5.275392004985547035e-16 8.222200308800597800e-17 4.695595708796718100e+03
5.626773208419281637e-16 8.216065488284911999e-17 4.696321529688486407e+03
7.185032368307558970e-16 8.219376913128960497e-17 4.697047350582237414e+03
7.643915069171671862e-16 8.221190360631778549e-17 4.697773171477976575e+03
5.193777618567062953e-16 8.216467661430004256e-17 4.698498992375694797e+03
6.520081327566788310e-16 8.225191398914269626e-17 4.699224813275397537e+03
6.272043625812343509e-16 7.315214011187788030e-17 4.819476830670597337e+03
4.144096133154666037e-16 7.403353314095629874e-17 4.820208371926677501e+03
6.537000672186349495e-16 7.482086403195183543e-17 4.820939921638025226e+03
5.774520687816201759e-16 7.527879059573847019e-17 4.821671479802884278e+03
5.248877285574553728e-16 7.524951071572524535e-17 4.822403046419492966e+03
5.222076827493364324e-16 7.500644856376406185e-17 4.823134621486095057e+03
7.934597682281905219e-16 7.495916501882222535e-17 4.823866205000932496e+03
5.376137179369960010e-16 7.484751759623527590e-17 4.824597796962245411e+03
4.244814508753968582e-16 7.490321280669898330e-17 4.825329397368277569e+03
6.638794318574877372e-16 7.494484670548657936e-17 4.826061006217269096e+03
2.667135235874724724e-16 7.461029724146163749e-17 4.826792623507461030e+03
6.573430439174847277e-16 7.458605106512320278e-17 4.827524249237094409e+03
6.929380710046424928e-16 7.454168155913758374e-17 4.828255883404415727e+03
2.495155110937347201e-16 7.460526234641384375e-17 4.828987526007661472e+03
6.883748727673586592e-16 7.460109424883000048e-17 4.829719177045077231e+03
5.035721554255342745e-16 7.471568247359471540e-17 4.830450836514900402e+03
4.937476470954505485e-16 7.470498639412651496e-17 4.831182504415374751e+03
4.106497009435909741e-16 7.472356322436736877e-17 4.831914180744744044e+03
6.394480790046053681e-16 7.455851329344154366e-17 4.832645865501247499e+03
4.362781117588721866e-16 7.400641813771231855e-17 4.833377558683128882e+03
4.683700228469194824e-16 7.405734460445308653e-17 4.834109260288625592e+03
6.709290834674754872e-16 7.424887014997079523e-17 4.834840970315983213e+03
6.195416400622648956e-16 7.438977273350416250e-17 4.835572688763442784e+03
3.624963294256412155e-16 7.413120216657886800e-17 4.836304415629245341e+03
6.543457025876963431e-16 7.398549132098232646e-17 4.837036150911633740e+03
5.922651146439220416e-16 7.381945763609426712e-17 4.837767894608846291e+03
5.842999158903564041e-16 7.369583583666971433e-17 4.838499646719128577e+03
6.964005980926007200e-16 7.350734426322869720e-17 4.839231407240719818e+03
4.904792892833458647e-16 7.340026536409928936e-17 4.839963176171864689e+03
4.115485268171911101e-16 7.325187738637417794e-17 4.840694953510801497e+03
5.418026063635438783e-16 7.312286340187002004e-17 4.841426739255774010e+03
7.762267632719640809e-16 7.330965983082062071e-17 4.842158533405021444e+03
2.470597506261397174e-16 7.321474346089730072e-17 4.842890335956788476e+03
6.336777171226566602e-16 7.311038111826438184e-17 4.843622146909314324e+03
4.168920381056890634e-16 7.283043909757689686e-17 4.844353966260843663e+03
6.897334877845549782e-16 7.264125913627443519e-17 4.845085794009617530e+03
4.801219383390787512e-16 7.242048580715760981e-17 4.845817630153873324e+03
3.694848212635126058e-16 7.224861119716746492e-17 4.846549474691857540e+03
3.706208852008144375e-16 7.231898864257695930e-17 4.847281327621809396e+03
6.405308495820149713e-16 7.190597656234150414e-17 4.848013188941972658e+03
4.879477178830504316e-16 7.168371726124146954e-17 4.848745058650587453e+03
6.625468089464804721e-16 7.149261443530483106e-17 4.849476936745895728e+03
5.115808106052396992e-16 7.150604398447847607e-17 4.850208823226139430e+03
7.498602487104769597e-16 7.120456460304916864e-17 4.850940718089557777e+03
3.042073258646995328e-16 7.081380901192736281e-17 4.851672621334399082e+03
6.188038996027926633e-16 7.053399997512095794e-17 4.852404532958898926e+03
5.007797018490375805e-16 7.029469698333507840e-17 4.853136452961300165e+03
4.723591176875348272e-16 7.020465761052664710e-17 4.853868381339843836e+03
5.936007506679138210e-16 7.022666966538191041e-17 4.854600318092775524e+03
4.387550382714563265e-16 7.019374985274338704e-17 4.855332263218332628e+03
5.506643839736797918e-16 6.996110341548912205e-17 4.856064216714759823e+03
5.162857773362525179e-16 6.974214071266629422e-17 4.856796178580297237e+03
7.380978775581927805e-16 6.961451381050623486e-17 4.857528148813185908e+03
4.933717715198255780e-16 6.920158072105688736e-17 4.858260127411669600e+03
5.247582390522348912e-16 6.920055759808519598e-17 4.858992114373990262e+03
4.017525366687357080e-16 6.909936465438000245e-17 4.859724109698384382e+03
5.114852689326413352e-16 6.914510371442798738e-17 4.860456113383099364e+03
5.411005636525668565e-16 6.898696606218316814e-17 4.861188125426377155e+03
6.125981787940462138e-16 6.884630678061059756e-17 4.861920145826454245e+03
4.992449235093016797e-16 6.857101632775350803e-17 4.862652174581578947e+03
5.119782297853771891e-16 6.848977208494312357e-17 4.863384211689986842e+03
6.517819510593111741e-16 6.842715411802335040e-17 4.864116257149924422e+03
6.559369579709801547e-16 6.836808541501379523e-17 4.864848310959629089e+03
4.600073937440733179e-16 6.827849968066231007e-17 4.865580373117345516e+03
5.628240094673057096e-16 6.838758374170562471e-17 4.866312443621314742e+03
2.946149156358715597e-16 6.816311613793423562e-17 4.867044522469779622e+03
5.007915312811506566e-16 6.811534083426497680e-17 4.867776609660979375e+03
6.696891304952076310e-16 6.787696329728114260e-17 4.868508705193155947e+03
5.234027314078340931e-16 6.777662413909360435e-17 4.869240809064553105e+03
5.961874015466573606e-16 6.787569080225954008e-17 4.869972921273410975e+03
6.454281388823839330e-16 6.757448008213190901e-17 4.870705041817973324e+03
4.129057167339996628e-16 6.755199654022264801e-17 4.871437170696479370e+03
4.660333111645355955e-16 6.745911379937384507e-17 4.872169307907171969e+03
7.123999958415932003e-16 6.750517336962101411e-17 4.872901453448292159e+03
3.572425274439904334e-16 6.750145516685401288e-17 4.873633607318082795e+03
3.078045980808942963e-16 6.772582059668798543e-17 4.874365769514785825e+03
7.289395239485459903e-16 6.876238788490907027e-17 4.875097940036639557e+03
5.219732516310553020e-16 6.830506205175067932e-17 4.875830118881889575e+03
3.926656738901748820e-16 6.823642502458157461e-17 4.876562306048776009e+03
6.528178075943029234e-16 6.775892746747591709e-17 4.877294501535541713e+03
5.160579623685734264e-16 6.769107187348320610e-17 4.878026705340425906e+03
4.674419901474053610e-16 6.769300390184822812e-17 4.878758917461673263e+03
5.530858415311203848e-16 6.766102691231410587e-17 4.879491137897523913e+03
8.049150551974368716e-16 7.085288438499055939e-17 4.880223366646219802e+03
5.046238120716745682e-16 6.911404134104314210e-17 4.880955603706002876e+03
5.271080025602483295e-16 7.108368532068673974e-17 4.881687849075113263e+03
7.639507052253363330e-16 6.934205331721738204e-17 4.882420102751796549e+03
2.896370331939908172e-16 6.947419821886841419e-17 4.883152364734289222e+03
5.042737827419600254e-16 6.860030529205317124e-17 4.883884635020836868e+03
5.866527804637149914e-16 6.863380060224806722e-17 4.884616913609681433e+03
4.581996311477031782e-16 6.870384560300900831e-17 4.885349200499062135e+03
6.181989630455849354e-16 6.880748138776871488e-17 4.886081495687220922e+03
4.222629084170192986e-16 6.887523237558795041e-17 4.886813799172402469e+03
4.547074022283252000e-16 6.896708166878727011e-17 4.887546110952845083e+03
4.447746100026803379e-16 6.925856565762165626e-17 4.888278431026792532e+03
7.164531865621634566e-16 6.948087665241681825e-17 4.889010759392484943e+03
3.499861059617507719e-16 6.903284767725147617e-17 4.889743096048165171e+03
5.929057317627900422e-16 6.878046687797683582e-17 4.890475440992075164e+03
6.221615572641674213e-16 6.852665855406266560e-17 4.891207794222456869e+03
3.882088776806630571e-16 6.841363405861838309e-17 4.891940155737551322e+03
5.134485776395338656e-16 6.843432648442744170e-17 4.892672525535598652e+03
5.121329901523580860e-16 6.822556519909961642e-17 4.893404903614844443e+03
3.655788150908871130e-16 6.808194845095177510e-17 4.894137289973527004e+03
6.058899626750224758e-16 6.805562924618482074e-17 4.894869684609890101e+03
7.002457146529535344e-16 6.807341274802169373e-17 4.895602087522172951e+03
8.272966758872190017e-16 6.810151880617398132e-17 4.896334498708620231e+03
5.589345658239341137e-16 6.792131817731197881e-17 4.897066918167472977e+03
8.694820854428681878e-16 6.783640706903562625e-17 4.897799345896971317e+03
7.680228853003425956e-16 6.768900270231039614e-17 4.898531781895359018e+03
5.285292417330931626e-16 6.753432277162821231e-17 4.899264226160876206e+03
7.504684798720893817e-16 6.740770273259001907e-17 4.899996678691764828e+03
8.198123107445131979e-16 6.744002902456736406e-17 4.900729139486268650e+03
6.765390508696904710e-16 6.750140920492785534e-17 4.901461608542625981e+03
8.834440823869659635e-16 6.766237807290799142e-17 4.902194085859082406e+03
6.969212751257834371e-16 6.790623107679093634e-17 4.902926571433875324e+03
7.028402923172291566e-16 6.793435864164329182e-17 4.903659065265250319e+03
8.413866497472443933e-16 6.803334495982473879e-17 4.904391567351447520e+03
8.686317885402194515e-16 6.782329910965213495e-17 4.905124077690708873e+03
8.670693564008860405e-16 6.787653916750121985e-17 4.905856596281273596e+03
1.083033867615968137e-15 6.815843133700027053e-17 4.906589123121388184e+03
7.541552648506403068e-16 6.813278448781038945e-17 4.907321658209291854e+03
4.414926582645198289e-16 6.797928842437111333e-17 4.908054201543225645e+03
6.013719819036895754e-16 6.781352104273820458e-17 4.908786753121432412e+03
5.111379858469972194e-16 6.796791663399245813e-17 4.909519312942155011e+03
2.437788779845427676e-16 6.849630083842591533e-17 4.910251881003632661e+03
4.799267631313078123e-16 6.835999389267858894e-17 4.910984457304108219e+03
4.940895506532227710e-16 6.846257284111080163e-17 4.911717041841823630e+03
4.204962160132718848e-16 6.873671826834224662e-17 4.912449634615019022e+03
4.471579999143066491e-16 6.854196376952252449e-17 4.913182235621939071e+03
5.727459536320457970e-16 6.855008404654722018e-17 4.913914844860822996e+03
3.929366764024503657e-16 6.846774844235022983e-17 4.914647462329915470e+03
4.717773176436184743e-16 6.837546794133623679e-17 4.915380088027455713e+03
6.587783741713880236e-16 6.850205570153978742e-17 4.916112721951685671e+03
5.200931316426343788e-16 6.841324800018092356e-17 4.916845364100847291e+03
5.274685365996629289e-16 6.828653721184210636e-17 4.917578014473181611e+03
6.059090713181696994e-16 6.831174744767798754e-17 4.918310673066933305e+03
4.432104761114425681e-16 6.830635662645759790e-17 4.919043339880341591e+03
6.093322664584497586e-16 6.830050307034837335e-17 4.919776014911648417e+03
3.505195779665790806e-16 6.837824629862507462e-17 4.920508698159095729e+03
3.790706092921949504e-16 6.834999356207550162e-17 4.921241389620925474e+03
4.843195758171314383e-16 6.855154597670787090e-17 4.921974089295378690e+03
4.948949530471897549e-16 6.843212836750206301e-17 4.922706797180699141e+03
4.360261837308424676e-16 6.846316156655977886e-17 4.923439513275126956e+03
5.365792943544047775e-16 6.843155839534278028e-17 4.924172237576903171e+03
7.216585353475500697e-16 6.847607467629016048e-17 4.924904970084271554e+03
5.099442993710957047e-16 6.844581254150857651e-17 4.925637710795472231e+03
3.768757417077351599e-16 6.855296422875534069e-17 4.926370459708748058e+03
5.838392490612717673e-16 6.847355351138389394e-17 4.927103216822339164e+03
6.825275453137571164e-16 6.862621591507130036e-17 4.927835982134491132e+03
2.346070172598712085e-16 6.872919469903406509e-17 4.928568755643440454e+03
5.938398383226243802e-16 6.890776562195215209e-17 4.929301537347432713e+03
4.834051476111803659e-16 6.912952976400239894e-17 4.930034327244706219e+03
5.433979077269736201e-16 6.920286951674344838e-17 4.930767125333507465e+03
8.138384690800913582e-16 6.955186477900148079e-17 4.931499931612075670e+03
4.428809159522375910e-16 6.975551757827700805e-17 4.932232746078650052e+03
5.268084938995876015e-16 6.941486284010510508e-17 4.932965568731477106e+03
5.454847174838122582e-16 6.951743645540144468e-17 4.933698399568795139e+03
6.914172123847813533e-16 6.968575394591488002e-17 4.934431238588847918e+03
4.514316248573536592e-16 6.978014846761811258e-17 4.935164085789876481e+03
4.929430143417854343e-16 6.983472833386447525e-17 4.935896941170120954e+03
4.536982351163643581e-16 6.992275375631547980e-17 4.936629804727827832e+03
5.623038776986110940e-16 7.002242827588760310e-17 4.937362676461232695e+03
7.098121263473076716e-16 7.030131679895936825e-17 4.938095556368582038e+03
7.145842223114400535e-16 7.036746633425538376e-17 4.938828444448114169e+03
3.368007840128850636e-16 7.051533100067755270e-17 4.939561340698075583e+03
6.950849151446237913e-16 7.043292707906536969e-17 4.940294245116701859e+03
5.971547798956362439e-16 7.050479757727832870e-17 4.941027157702240402e+03
5.754420813495950289e-16 7.055218078052690732e-17 4.941760078452929520e+03
4.126826244780661596e-16 7.055649513178893614e-17 4.942493007367012069e+03
5.080228686385804927e-16 7.063595384339090196e-17 4.943225944442729087e+03
4.798849775228874295e-16 7.080052381508274151e-17 4.943958889678324340e+03
6.747972670678563151e-16 7.091196020817511210e-17 4.944691843072037955e+03
5.915068458262987621e-16 7.094180418461221254e-17 4.945424804622110969e+03
4.678037758021979197e-16 7.104621096551646421e-17 4.946157774326786239e+03
7.345159255842703186e-16 7.112051022884268575e-17 4.946890752184306621e+03
7.231735837535835196e-16 7.110384591684636123e-17 4.947623738192913152e+03
2.558728297702234430e-16 7.113004134230491193e-17 4.948356732350845050e+03
5.900707914215830620e-16 7.133905059556620920e-17 4.949089734656346991e+03
5.045100518524335277e-16 7.152744925392401744e-17 4.949822745107661831e+03
7.160067712257754251e-16 7.264036318649210615e-17 4.950555763703026969e+03
3.736933753352848152e-16 7.167863700698376298e-17 4.951288790440687080e+03
7.939077856091232089e-16 7.147798287878690774e-17 4.952021825318885021e+03
6.629821686289637708e-16 7.155309609463736623e-17 4.952754868335860010e+03
4.882319608852898715e-16 7.176711082282461715e-17 4.953487919489854903e+03
5.294067594075225162e-16 7.150844294839753576e-17 4.954220978779111647e+03
4.225074594696981667e-16 7.121187070552563774e-17 4.954954046201871279e+03
5.832897498395312987e-16 7.126457928323044238e-17 4.955687121756376655e+03
4.053585961971701332e-16 7.136230780301387963e-17 4.956420205440868813e+03
4.603389176382459010e-16 7.159746455734397338e-17 4.957153297253590608e+03
7.156622702724459945e-16 7.140752863914935135e-17 4.957886397192782169e+03
7.098070337790794171e-16 7.149371975325292455e-17 4.958619505256685443e+03
4.907795067509021704e-16 7.141593533723378662e-17 4.959352621443544194e+03
5.518310099092000894e-16 7.122319492314751230e-17 4.960085745751599461e+03
5.298788291960731900e-16 7.135230995741264786e-17 4.960818878179090461e+03
5.609709356111506113e-16 7.144857472601899840e-17 4.961552018724261870e+03
3.690050912522005286e-16 7.137268506098139971e-17 4.962285167385352906e+03
8.919152761417676609e-16 7.139018200984097244e-17 4.963018324160610064e+03
6.552008734523519508e-16 7.129558067935758415e-17 4.963751489048270741e+03
4.058097539405880810e-16 7.136363622906207950e-17 4.964484662046576886e+03
5.747429548606604489e-16 7.157036036789996992e-17 4.965217843153772264e+03
5.046943423127780930e-16 7.172160779188825158e-17 4.965951032368096094e+03
4.636499266105500244e-16 7.171200076901207575e-17 4.966684229687794868e+03
6.239391456125268211e-16 7.178692026982844664e-17 4.967417435111105078e+03
4.204288647960152303e-16 7.177096785789936810e-17 4.968150648636272308e+03
6.987647918506307691e-16 7.208530560141760580e-17 4.968883870261534867e+03
7.566430229020512953e-16 7.219494027443863829e-17 4.969617099985137429e+03
4.189168210300691706e-16 7.215208720947568563e-17 4.970350337805321033e+03
7.162923954622731929e-16 7.210386616813781803e-17 4.971083583720327624e+03
6.262308630716972247e-16 7.204627110325326004e-17 4.971816837728398241e+03
5.660153355365180348e-16 7.213355180283542555e-17 4.972550099827774829e+03
5.140261135789165822e-16 7.219650893073771637e-17 4.973283370016700246e+03
4.680229469710894926e-16 7.230984905073805988e-17 4.974016648293412800e+03
8.567982203261101324e-16 7.230808144489903052e-17 4.974749934656159894e+03
6.822561384757213185e-16 7.227312879863626278e-17 4.975483229103178928e+03
5.083998858888430679e-16 7.227563622902598549e-17 4.976216531632713668e+03
7.868014125000724052e-16 7.232308817435904745e-17 4.976949842243004241e+03
3.916358392132584182e-16 7.206427580681302607e-17 4.977683160932294413e+03
7.908038280819287394e-16 7.192649154756822671e-17 4.978416487698825222e+03
5.455347773715329557e-16 7.194557011474815051e-17 4.979149822540837704e+03
4.088762880740872895e-16 7.193981184705141083e-17 4.979883165456574716e+03
5.429562710074216549e-16 7.245457785878398595e-17 4.980616516444279114e+03
4.452878736999020788e-16 7.274908440708427070e-17 4.981349875502189207e+03
5.192950675725138477e-16 7.198345285895155200e-17 4.982083242628548760e+03
5.375011406099904906e-16 7.159105042157904298e-17 4.982816617821601540e+03
6.515867923552949932e-16 7.142990928629461328e-17 4.983550001079584035e+03
3.694066500533430043e-16 7.153439783602489002e-17 4.984283392400742741e+03
6.922452418657556607e-16 7.172477719282974161e-17 4.985016791783318695e+03
6.847879726538263981e-16 7.187695288349323184e-17 4.985750199225553843e+03
5.361899208814548901e-16 7.188220929848564996e-17 4.986483614725688312e+03
5.378873512817608549e-16 7.187541886703271236e-17 4.987217038281964960e+03
5.572118237508889508e-16 7.188560843644879106e-17 4.987950469892624824e+03
6.731804583219799895e-16 7.186141922826759601e-17 4.988683909555910759e+03
5.073407994227987886e-16 7.204268818525161065e-17 4.989417357270065622e+03
8.218246541565347944e-16 7.218282583157825882e-17 4.990150813033327722e+03
4.934153339208355115e-16 7.239408189499709010e-17 4.990884276843940825e+03
7.830434878255588160e-16 7.233499880974567116e-17 4.991617748700147786e+03
8.062145850654230967e-16 7.224150763255708401e-17 4.992351228600187824e+03
6.701014175447744864e-16 7.238822410666454113e-17 4.993084716542307433e+03
7.697571587745147672e-16 7.257793368642492587e-17 4.993818212524741284e+03
9.627088955877737722e-16 7.254764376405243117e-17 4.994551716545737690e+03
6.261385797892478351e-16 7.255713736546984277e-17 4.995285228603534961e+03
8.529882872600982232e-16 7.264114182414701806e-17 4.996018748696376861e+03
1.107133578869291795e-15 7.256002028465165549e-17 4.996752276822504427e+03
6.514800103164696819e-16 7.247679289225251318e-17 4.997485812980157789e+03
9.873373311311899287e-16 7.232070514239431739e-17 4.998219357167581620e+03
8.251701995185386843e-16 7.226928757394744557e-17 4.998952909383015140e+03
9.130091040791525903e-16 7.223358920651792224e-17 4.999686469624701203e+03
7.157661249498358425e-16 7.208189567059563887e-17 5.000420037890882668e+03
7.664275962696735508e-16 7.211365052907277423e-17 5.001153614179799661e+03
7.113757702086482929e-16 7.177243204064154846e-17 5.001887198489695038e+03
8.173121802190461278e-16 7.150110077822438785e-17 5.002620790818809837e+03
1.220520122991369761e-15 7.159437295873651747e-17 5.003354391165386915e+03
7.414622526085739942e-16 7.156930848165604411e-17 5.004087999527668217e+03
8.651566655254370266e-16 7.153538338133845824e-17 5.004821615903894781e+03
9.491833495725470033e-16 7.146488344853166750e-17 5.005555240292306735e+03
1.001809206851299313e-15 7.159164923118346559e-17 5.006288872691148754e+03
4.901270151337558864e-16 7.143672786264370254e-17 5.007022513098660056e+03
6.312512222801011070e-16 7.139183713189582217e-17 5.007756161513085317e+03
4.535313690257558408e-16 7.091984795348024570e-17 5.008489817932665574e+03
5.111698030548624927e-16 7.095068654226979650e-17 5.009223482355640954e+03
6.084915233568906675e-16 7.108772733914163722e-17 5.009957154780255223e+03
5.881985028434536163e-16 7.099899334378718621e-17 5.010690835204748510e+03
5.206022916454283622e-16 7.113437829166420614e-17 5.011424523627363669e+03
6.041488160062127745e-16 7.120210870013538064e-17 5.012158220046341739e+03
8.300527941987027400e-16 7.132659377243515667e-17 5.012891924459926486e+03
5.530056575751856227e-16 7.125909936006892171e-17 5.013625636866356217e+03
5.343793916976530530e-16 7.117055232787967654e-17 5.014359357263876518e+03
5.241693681648261467e-16 7.104186375440256010e-17 5.015093085650727517e+03
4.216997873614271826e-16 7.099099953324155413e-17 5.015826822025150250e+03
6.099839074798111663e-16 7.098990335415420856e-17 5.016560566385386664e+03
5.728724946362777554e-16 7.086884346182591098e-17 5.017294318729680526e+03
2.691802333534713993e-16 7.063699241515577784e-17 5.018028079056271963e+03
5.887408828644334414e-16 7.053016122929664611e-17 5.018761847363402921e+03
8.296223189504581702e-16 7.041473974465275455e-17 5.019495623649315348e+03
5.295707831470732173e-16 7.050102262910952409e-17 5.020229407912253009e+03
5.751814857608381393e-16 7.123426539033807353e-17 5.020963200150454213e+03
7.655793127899230803e-16 7.052587573918686394e-17 5.021697000362160907e+03
5.267894711734567508e-16 7.017421067935503878e-17 5.022430808545619584e+03
5.928903915422340989e-16 7.008000790794239052e-17 5.023164624699067645e+03
5.939360405943889096e-16 7.024841305180641346e-17 5.023898448820747944e+03
5.612242191668477160e-16 7.032154043084853245e-17 5.024632280908902430e+03
5.739766690133774033e-16 7.080038037570829824e-17 5.025366120961773049e+03
6.512778144292406001e-16 7.043707756883070279e-17 5.026099968977601748e+03
6.602912178062085921e-16 7.009162799351991073e-17 5.026833824954630472e+03
3.683615303507606953e-16 6.998757697262100382e-17 5.027567688891102080e+03
4.006263905800181877e-16 7.000346729251116243e-17 5.028301560785255788e+03
5.632214854690448002e-16 7.004206371186730040e-17 5.029035440635335362e+03
5.472678866160686374e-16 7.005872468407001440e-17 5.029769328439580931e+03
7.582721418602456409e-16 7.028443749048232654e-17 5.030503224196238079e+03
5.371268767112566187e-16 7.014438354033666341e-17 5.031237127903543296e+03
5.841430514396138660e-16 7.046172063268390057e-17 5.031971039559741257e+03
6.856267660088015882e-16 7.090504209479365336e-17 5.032704959163072999e+03
6.615753292588931316e-16 7.046505305902618690e-17 5.033438886711783198e+03
5.049726812913947954e-16 6.995598568873126130e-17 5.034172822204111071e+03
6.150528202688557186e-16 6.983945996013049207e-17 5.034906765638298566e+03
4.095535312304668417e-16 6.980420183653387567e-17 5.035640717012587629e+03
5.721474085497576299e-16 6.972141613690050007e-17 5.036374676325220207e+03
5.152510441618959811e-16 6.969037694590497333e-17 5.037108643574437338e+03
5.180607609262692753e-16 6.960263320134120666e-17 5.037842618758482786e+03
5.848357777612164231e-16 6.968901102041816568e-17 5.038576601875596680e+03
7.035886534552837412e-16 7.008580401630377499e-17 5.039310592924021876e+03
6.438445449971979620e-16 8.182223612108830306e-17 5.040044591902000320e+03
6.006125030163721320e-16 6.965161601349019467e-17 5.040778598807773051e+03
1.327862108756956827e-15 6.915194060339421672e-17 5.041512613639581105e+03
1.249501363632502167e-15 6.912793861982377829e-17 5.042246636395669157e+03
1.216830485447415484e-15 6.931752895417933871e-17 5.042980667074274606e+03
1.565715675295210406e-15 6.943192380604535012e-17 5.043714705673645767e+03
1.333717285071224281e-15 1.037505309025302524e-16 5.044448752192017309e+03
1.249436603010370785e-15 6.849068838179560179e-17 5.045182806627635728e+03
1.582126526170571536e-15 6.867512390377598829e-17 5.045916868978742059e+03
1.363007652752981049e-15 7.208994327909390935e-17 5.046650939243576431e+03
1.290602333881192776e-15 7.713699952896808179e-16 5.047385017420381701e+03
1.020727405601023851e-15 1.890455536620260811e-16 5.048119103507400723e+03
1.483257399938622126e-15 8.180386274117749569e-17 5.048853197502876355e+03
1.041870162373932609e-15 6.851963895223332394e-17 5.049587299405045087e+03
1.484618595972796555e-15 6.817368432081743006e-17 5.050321409212154322e+03
1.684215644775360988e-15 6.878968048372217364e-17 5.051055526922442368e+03
1.380976816655687094e-15 6.952887982196678672e-17 5.051789652534154811e+03
2.034265434710199969e-15 7.214024965406688335e-17 5.052523786045529050e+03
1.817321672254566647e-15 6.974391324618055809e-17 5.053257927454809760e+03
1.376483054250049340e-15 6.981753735361001504e-17 5.053992076760237978e+03
9.345426195297646664e-16 6.959392234751490928e-17 5.054726233960054742e+03
7.882425306281800987e-16 6.957266342683767281e-17 5.055460399052503817e+03
5.009621294265983766e-16 6.955621944238587217e-17 5.056194572035826241e+03
7.111909679401486388e-16 6.958850066652811460e-17 5.056928752908264869e+03
8.082660451551043910e-16 6.966079632757534787e-17 5.057662941668057101e+03
2.872409856926424850e-16 6.903492142063345961e-17 5.058397138313451251e+03
5.105144406454134284e-16 6.925048080977495482e-17 5.059131342842684717e+03
7.056770029720667982e-16 6.936002788612339175e-17 5.059865555253998537e+03
4.252746094617085973e-16 6.937749622270384723e-17 5.060599775545640114e+03
5.048547089077169111e-16 6.928173344699367934e-17 5.061334003715845029e+03
6.251322497715356785e-16 6.931751119262052791e-17 5.062068239762858866e+03
5.280764595200178193e-16 6.909269715592012259e-17 5.062802483684923573e+03
4.756584702475980976e-16 6.908259384859607042e-17 5.063536735480278367e+03
5.623722649613419617e-16 6.898547974242752271e-17 5.064270995147167923e+03
4.068628028896550406e-16 6.887890863700120604e-17 5.065005262683831461e+03
4.437967506213404019e-16 6.886958179348535023e-17 5.065739538088511836e+03
7.474984339324261589e-16 6.900105238619341105e-17 5.066473821359451904e+03
4.835452893026453804e-16 6.888345174259016969e-17 5.067208112494892703e+03
4.122703091444134283e-16 6.890523307269793271e-17 5.067942411493077088e+03
5.817947677299612002e-16 6.872839348798426584e-17 5.068676718352246098e+03
6.602204764721264880e-16 6.858267523961520199e-17 5.069411033070640769e+03
5.595712909365528279e-16 6.857214897264217865e-17 5.070145355646502139e+03
8.795113471224958610e-16 6.853773090859518955e-17 5.070879686078075792e+03
1.934879606600211711e-16 6.854310493135779444e-17 5.071614024363600038e+03
5.615454729442955833e-16 6.848735662868889332e-17 5.072348370501320460e+03
4.590347920492488341e-16 6.850954018740530900e-17 5.073082724489473549e+03
5.024988560499286924e-16 6.849890193471427259e-17 5.073817086326305798e+03
4.260541116543986865e-16 6.866278602472888059e-17 5.074551456010057336e+03
5.094371817037031592e-16 6.864671908723656070e-17 5.075285833538970110e+03
6.156087325358812297e-16 6.865694078421220869e-17 5.076020218911286065e+03
5.344727633938417069e-16 6.855205443171517897e-17 5.076754612125245330e+03
7.866947131542523519e-16 6.847152157591375730e-17 5.077489013179092581e+03
5.310330251983819717e-16 6.824991899894244022e-17 5.078223422071068853e+03
3.751527985666068306e-16 6.821047097381434110e-17 5.078957838799415185e+03
4.909882026823541174e-16 6.815764628007041574e-17 5.079692263362374433e+03
7.176334506708015182e-16 6.819734059237964203e-17 5.080426695758185815e+03
1.995221426694516806e-16 6.809950008343080793e-17 5.081161135985096735e+03
6.779182543357507168e-16 6.820874057582558679e-17 5.081895584041342772e+03
5.648288948549436173e-16 6.830945973825011483e-17 5.082630039925170422e+03
4.831927928035827247e-16 6.789594160769654795e-17 5.083364503634818902e+03
6.923052588165563603e-16 6.833945391429936842e-17 5.084098975168531979e+03
4.245264633809146261e-16 6.858738553148445798e-17 5.084833454524549779e+03
4.633036708548756302e-16 6.799018783901277647e-17 5.085567941701113341e+03
3.177488514607029195e-16 6.786064313513904662e-17 5.086302436696467339e+03
5.426308573875887482e-16 6.797340574042919805e-17 5.087036939508851901e+03
4.866442875278522848e-16 6.812302429608455728e-17 5.087771450136508975e+03
7.541334651501834935e-16 6.814033394130122034e-17 5.088505968577681415e+03
6.762924565149745738e-16 6.811114223505271072e-17 5.089240494830610260e+03
3.556915199940077039e-16 6.815344115595621068e-17 5.089975028893537456e+03
5.608543708132003548e-16 6.802583956705208505e-17 5.090709570764704949e+03
4.648750784182695642e-16 6.787782683367402004e-17 5.091444120442352869e+03
4.488185021795121794e-16 6.763980532716878094e-17 5.092178677924728618e+03
5.004144249587530983e-16 6.778177286656203338e-17 5.092913243210067776e+03
5.398026218738928698e-16 6.774455463095312963e-17 5.093647816296615019e+03
6.524649060737003950e-16 6.782270930422046936e-17 5.094382397182612294e+03
5.229343434512992048e-16 6.795429069587409015e-17 5.095116985866299729e+03
6.118870558142622332e-16 6.867981595961049901e-17 5.095851582345921997e+03
5.270849249460914924e-16 6.791886659151878747e-17 5.096586186619717409e+03
5.407352262395407480e-16 6.768238533281052983e-17 5.097320798685932459e+03
7.995849992218818570e-16 6.749199706071254820e-17 5.098055418542805455e+03
5.696665505949077917e-16 6.752153244931481746e-17 5.098790046188579254e+03
5.990549277280508544e-16 6.764571850708424360e-17 5.099524681621494892e+03
5.098816816128315515e-16 6.760381913770787289e-17 5.100259324839797046e+03
4.714574249174670482e-16 6.761251854965832638e-17 5.100993975841724023e+03
4.688260312359499853e-16 6.771334767862720665e-17 5.101728634625518680e+03
6.468213500870092677e-16 6.777172065140191785e-17 5.102463301189425692e+03
5.369735332422279664e-16 6.766027479841805757e-17 5.103197975531683369e+03
5.245779960313381131e-16 6.758791041779190163e-17 5.103932657650535475e+03
6.541304660317890002e-16 6.753447167398414620e-17 5.104667347544222139e+03
4.302378165793527456e-16 6.741911215679024262e-17 5.105402045210987126e+03
4.032768424533968036e-16 6.739837883419601601e-17 5.106136750649073292e+03
7.138333416100269417e-16 6.738550894417062162e-17 5.106871463856718947e+03
7.689904810575214990e-16 6.742772827510389391e-17 5.107606184832167855e+03
4.252062721451838164e-16 6.711938888266389033e-17 5.108340913573662874e+03
3.998315133143887937e-16 6.715984620440636037e-17 5.109075650079443221e+03
6.781656515598856927e-16 6.725505457010111394e-17 5.109810394347753572e+03
4.881222200955903447e-16 6.714572538171635389e-17 5.110545146376835874e+03
5.796330183692218330e-16 6.731301434711268509e-17 5.111279906164929344e+03
5.627938362776093622e-16 6.755795362731842862e-17 5.112014673710278657e+03
4.068729728463619529e-16 6.730124270573655324e-17 5.112749449011123033e+03
6.081406261151427916e-16 6.724918698662564890e-17 5.113484232065706237e+03
6.085827141836913944e-16 6.724727118269965708e-17 5.114219022872269306e+03
6.267440554542611776e-16 6.706518745448987671e-17 5.114953821429055097e+03
5.359474706842291792e-16 6.714130103367262619e-17 5.115688627734304646e+03
4.375260401757994819e-16 6.723189698740762637e-17 5.116423441786258991e+03
4.223123655310568437e-16 6.735163003493544695e-17 5.117158263583162807e+03
5.416606667721735470e-16 6.728010990146091727e-17 5.117893093123255312e+03
6.565793040086381440e-16 6.746113193037527108e-17 5.118627930404778454e+03
6.088806641821318157e-16 6.766533634330389140e-17 5.119362775425974178e+03
5.656659645298980811e-16 6.739438896887390308e-17 5.120097628185087160e+03
5.249233755512643249e-16 6.733462438294322010e-17 5.120832488680356619e+03
5.417988163564795224e-16 6.722685294190482621e-17 5.121567356910025410e+03
6.879565113299180959e-16 6.721921169545092378e-17 5.122302232872335480e+03
5.557294144302785076e-16 6.718354096514829779e-17 5.123037116565526958e+03
4.167442003188978853e-16 6.713150843044019317e-17 5.123772007987843608e+03
6.164022961032435695e-16 6.698063786568664335e-17 5.124506907137527378e+03
5.234387035870653341e-16 6.729309852142862663e-17 5.125241814012817485e+03
4.568166283868888157e-16 6.740802116415407925e-17 5.125976728611959516e+03
5.546412302610848084e-16 6.736298224698724110e-17 5.126711650933194505e+03
6.943900518435181580e-16 6.732032838827380243e-17 5.127446580974761673e+03
5.616415973328679838e-16 6.727868650317859227e-17 5.128181518734905694e+03
3.676465506061613096e-16 6.744928895314089931e-17 5.128916464211868515e+03
5.326042819505452003e-16 6.755280256722552723e-17 5.129651417403890264e+03
4.523493576439993219e-16 6.758353493527875526e-17 5.130386378309212887e+03
5.943160097859785755e-16 6.768821650929818229e-17 5.131121346926079241e+03
6.206270738025268196e-16 6.804245560560971894e-17 5.131856323252732182e+03
5.431764034452177118e-16 6.817173787325667563e-17 5.132591307287410018e+03
6.203344990690229852e-16 6.800427183116810548e-17 5.133326299028358335e+03
4.717429476874558450e-16 6.796881854404369072e-17 5.134061298473819079e+03
5.004280543939811606e-16 6.800937045016756507e-17 5.134796305622032378e+03
5.009372825570277479e-16 6.820916079713375746e-17 5.135531320471239269e+03
6.309886550010886966e-16 6.828990390819112921e-17 5.136266343019682608e+03
4.034476135045605371e-16 6.831426397551149804e-17 5.137001373265606162e+03
6.251482040523555344e-16 6.849064723939082559e-17 5.137736411207248238e+03
5.788673972049808641e-16 6.868215194308454687e-17 5.138471456842853513e+03
4.383754645907884772e-16 6.859645338625190322e-17 5.139206510170663933e+03
5.172279502846621336e-16 6.869253379521171419e-17 5.139941571188917806e+03
5.128906021581821598e-16 6.864878100061148685e-17 5.140676639895863445e+03
5.647374394000550603e-16 6.870430383371366170e-17 5.141411716289738251e+03
4.133616924964607920e-16 6.871433596587744149e-17 5.142146800368784170e+03
5.965710496098976890e-16 6.881437744206493706e-17 5.142881892131243148e+03
6.792029384397145159e-16 6.916115915572390820e-17 5.143616991575358043e+03
4.743731441480633356e-16 6.878917260520021561e-17 5.144352098699370799e+03
4.536484917578873479e-16 6.856736124002217147e-17 5.145087213501523365e+03
5.857263483766024732e-16 6.852601221016893318e-17 5.145822335980056778e+03
7.615595029066452581e-16 6.843932823836948738e-17 5.146557466133213893e+03
5.407051018270504295e-16 6.854674230770459780e-17 5.147292603959236658e+03
4.863449882448558967e-16 6.861132008648570886e-17 5.148027749456365200e+03
4.786343341951651128e-16 6.868947898099518270e-17 5.148762902622842375e+03
5.736062412484466862e-16 6.865301528531398284e-17 5.149498063456911950e+03
7.448309863057789108e-16 6.850568840179020464e-17 5.150233231956814052e+03
4.709784608169222598e-16 6.849993449390022501e-17 5.150968408120790627e+03
5.518332064357013577e-16 6.886999010981661144e-17 5.151703591947083623e+03
6.550697014186008425e-16 6.850824628243652881e-17 5.152438783433934077e+03
5.676377815579463449e-16 6.848898235898050342e-17 5.153173982579586664e+03
4.866264346382135307e-16 6.838480779078877147e-17 5.153909189382280601e+03
4.774984445704868840e-16 6.837112557240518567e-17 5.154644403840256928e+03
4.673373431767311339e-16 6.832505096950080488e-17 5.155379625951761227e+03
6.240307869143485413e-16 6.836862219221728095e-17 5.156114855715034537e+03
7.084495778308738834e-16 6.849682611235658686e-17 5.156850093128315166e+03
5.022566562190414606e-16 6.872031250512095552e-17 5.157585338189848699e+03
4.654143799494984104e-16 6.870691036162707746e-17 5.158320590897876173e+03
6.794144475387576413e-16 6.836864314923131707e-17 5.159055851250638625e+03
6.479701952483892448e-16 6.830239605717741794e-17 5.159791119246379822e+03
4.033978684904489817e-16 6.837486260218082207e-17 5.160526394883339890e+03
4.670660546708619227e-16 6.824911889677168639e-17 5.161261678159759867e+03
4.507510353767027649e-16 6.813739407570038884e-17 5.161996969073884429e+03
5.239060783586003346e-16 6.810226598077976739e-17 5.162732267623952794e+03
5.447993444670094991e-16 6.789776307334713804e-17 5.163467573808209636e+03
4.908543078316007306e-16 6.781111779602298322e-17 5.164202887624895084e+03
4.982792284367471052e-16 6.766179517651766946e-17 5.164938209072251993e+03
7.680899367438125643e-16 6.762642299619618870e-17 5.165673538148519583e+03
5.898984178222219412e-16 6.760851599690954529e-17 5.166408874851942528e+03
3.423846807560184066e-16 6.765391103801177371e-17 5.167144219180761866e+03
7.194964961420327457e-16 6.737377306731180676e-17 5.167879571133222271e+03
4.280637907224128397e-16 6.690586079922352258e-17 5.168614930707559324e+03
4.183717555424438442e-16 6.667915240157074144e-17 5.169350297902019520e+03
5.974483865547826919e-16 6.651164677811050797e-17 5.170085672714845714e+03
5.279177941719823174e-16 6.658780235869599495e-17 5.170821055144276215e+03
4.369486119693194973e-16 6.654415391963045807e-17 5.171556445188556609e+03
6.793895874331074123e-16 6.674098826960114527e-17 5.172291842845925203e+03
4.879739835153859548e-16 6.699397530852317132e-17 5.173027248114625763e+03
5.815186742550884810e-16 6.664149878687138139e-17 5.173762660992899328e+03
5.935215640631315748e-16 6.660354178343816291e-17 5.174498081478991480e+03
4.514232143999737191e-16 6.658889351170792631e-17 5.175233509571137802e+03
4.718301298830251347e-16 6.647830706919692778e-17 5.175968945267584786e+03
7.219938407133942530e-16 6.660626842890184061e-17 5.176704388566575290e+03
5.442782849651186950e-16 6.667206097903461662e-17 5.177439839466346712e+03
5.112501978566549003e-16 6.658841156956631114e-17 5.178175297965143727e+03
6.585237559617040905e-16 6.648510907941161456e-17 5.178910764061207374e+03
4.159676292231669215e-16 6.624283971964684519e-17 5.179646237752782326e+03
3.731504585550999082e-16 6.611159375830578081e-17 5.180381719038105985e+03
5.108022962803972937e-16 6.605166423635917950e-17 5.181117207915423933e+03
5.554499168930067346e-16 6.602189730904224221e-17 5.181852704382976299e+03
5.763306342171781438e-16 6.636603368839163309e-17 5.182588208439005030e+03
4.976901799829411536e-16 6.637401441586137895e-17 5.183323720081752072e+03
7.405090695769204332e-16 6.629669791272284576e-17 5.184059239309461191e+03
5.056386580090214857e-16 6.647462961102908409e-17 5.184794766120370696e+03
4.884342404867838351e-16 6.655529023917007943e-17 5.185530300512727081e+03
4.745549516909791487e-16 6.655837677027008636e-17 5.186265842484766836e+03
4.470925074414822741e-16 6.655041953118964234e-17 5.187001392034737364e+03
6.761533564356577626e-16 6.655965939656018782e-17 5.187736949160876975e+03
5.765512487978241430e-16 6.656485769389175919e-17 5.188472513861428524e+03
3.811254084411136544e-16 6.652083891733670392e-17 5.189208086134633959e+03
5.333445538529981895e-16 6.648583849927331267e-17 5.189943665978735226e+03
8.108829390736586226e-16 6.638327393798374982e-17 5.190679253391974271e+03
4.902635562434179947e-16 6.652630543764489935e-17 5.191414848372594861e+03
5.434123545822805579e-16 6.657659269064148697e-17 5.192150450918836214e+03
5.758064569621200526e-16 6.726412481593475633e-17 5.192886061028940276e+03
2.661065345141172299e-16 6.856781090391121245e-17 5.193621678701150813e+03
3.696522305623632057e-16 7.017653847854203723e-17 5.194357303933707954e+03
7.761123600327215288e-16 7.171801906885897970e-17 5.195092936724853644e+03
7.402753674622462183e-16 7.302453303958128932e-17 5.195828577072832559e+03
4.778129443357425640e-16 7.407724221411841399e-17 5.196564224975885736e+03
6.710455436253617931e-16 7.483088612632222783e-17 5.197299880432251484e+03
6.852873514622819986e-16 7.522356715610700045e-17 5.198035543440175388e+03
6.828335618836101642e-16 7.516584570832914519e-17 5.198771213997898485e+03
6.145657593792548393e-16 7.533603019822068610e-17 5.199506892103660903e+03
4.411279382453793436e-16 7.527683679267669713e-17 5.200242577755709135e+03
5.361437290919374689e-16 7.518698683820208689e-17 5.200978270952280582e+03
6.374888272838582702e-16 7.512503331964140186e-17 5.201713971691617189e+03
6.010220479093062771e-16 7.507386342465052788e-17 5.202449679971965452e+03
5.001876903476983033e-16 7.500674062519502632e-17 5.203185395791562769e+03
4.876825363708567500e-16 7.499773694070532094e-17 5.203921119148651997e+03
4.303951082408865716e-16 7.500619431742963857e-17 5.204656850041475991e+03
6.091491428700776308e-16 7.492807630413281171e-17 5.205392588468277609e+03
3.971945923580438024e-16 7.487849652078173980e-17 5.206128334427296068e+03
6.281746780656018852e-16 7.421375579069842485e-17 5.206864087916775134e+03
3.316050164613857699e-16 7.308369594611086934e-17 5.207599848934956754e+03
5.732577336256264980e-16 7.167837770902280704e-17 5.208335617480081964e+03
4.008550231025690640e-16 6.990275226532124847e-17 5.209071393550392713e+03
4.460120783897516242e-16 6.880927370385106809e-17 5.209807177144133675e+03
4.824087064626074012e-16 6.804163498660742824e-17 5.210542968259542249e+03
6.406550774864560866e-16 6.727747163508034798e-17 5.211278766894863111e+03
4.333018869130834097e-16 6.675952475278987404e-17 5.212014573048338207e+03
4.244507220633836254e-16 6.647642111570734027e-17 5.212750386718209484e+03
5.773565829357856989e-16 6.634600614900625523e-17 5.213486207902717979e+03
4.808704331031289133e-16 6.634099489052499221e-17 5.214222036600104730e+03
4.073930447817299216e-16 6.634136825114957927e-17 5.214957872808614411e+03
5.685345059948925082e-16 6.646179324877740046e-17 5.215693716526486241e+03
6.282305860282715595e-16 6.677708174002104787e-17 5.216429567751963987e+03
7.977772728670050292e-16 6.693918161094813509e-17 5.217165426483291412e+03
4.469330161194578145e-16 6.693154185463457301e-17 5.217901292718706827e+03
5.615094476681350798e-16 6.680143200353927309e-17 5.218637166456450359e+03
6.076146026989729922e-16 6.696725366672123170e-17 5.219373047694771230e+03
4.406421344536567859e-16 6.713479407778254602e-17 5.220108936431903203e+03
3.845220243169068184e-16 6.729214553042267781e-17 5.220844832666095499e+03
7.348196970067149539e-16 6.743311732625098104e-17 5.221580736395584609e+03
6.324401101761275522e-16 6.717191513809938560e-17 5.222316647618616116e+03
3.781604231397482362e-16 6.714723716465648243e-17 5.223052566333428331e+03
5.082877435821095280e-16 6.702030950716327452e-17 5.223788492538267747e+03
4.942938234670423905e-16 6.698607460910023889e-17 5.224524426231373582e+03
4.465223463862141683e-16 6.689972185386799477e-17 5.225260367410986873e+03
5.089521579851423796e-16 6.703882670958979890e-17 5.225996316075350478e+03
5.021494070225079106e-16 6.707919466605346728e-17 5.226732272222707252e+03
5.714415203087042430e-16 6.696582528460065841e-17 5.227468235851299141e+03
3.656708219648390137e-16 6.691928386642942712e-17 5.228204206959366275e+03
6.416965847321468925e-16 6.678192216407003880e-17 5.228940185545152417e+03
5.081399045580166441e-16 6.683865131650745895e-17 5.229676171606899516e+03
4.859934897904439297e-16 6.688967667373811177e-17 5.230412165142846789e+03
7.055301376313758333e-16 6.672115101304793175e-17 5.231148166151238911e+03
4.818587946545087272e-16 6.672996986450641657e-17 5.231884174630316920e+03
3.340343487830487679e-16 6.668542460315209822e-17 5.232620190578325492e+03
6.210477927307702209e-16 6.670414807833056657e-17 5.233356213993501115e+03
5.789958133494335955e-16 6.626290818912084282e-17 5.234092244874091193e+03
5.490888645578020687e-16 6.647885150524370606e-17 5.234828283218334036e+03
4.437967870802228251e-16 6.676295995161743128e-17 5.235564329024471590e+03
5.497962817198826898e-16 6.689905387287951741e-17 5.236300382290748530e+03
3.214679671998549389e-16 6.698741786326590000e-17 5.237036443015404075e+03
5.214311841377024142e-16 6.711718693523191660e-17 5.237772511196681080e+03
6.059608026215265300e-16 6.705095643105016011e-17 5.238508586832822402e+03
5.609904175857597257e-16 6.710287229573638410e-17 5.239244669922069988e+03
6.364141143232013913e-16 6.697318366195223944e-17 5.239980760462663966e+03
5.790888487161982163e-16 6.688354769624346444e-17 5.240716858452848101e+03
3.684801190391331042e-16 6.677200602911111412e-17 5.241452963890863430e+03
5.267783508980838784e-16 6.672110355755744473e-17 5.242189076774951900e+03
4.010168083149624284e-16 6.655420545805014836e-17 5.242925197103355458e+03
4.293495914697440483e-16 6.662539632567670908e-17 5.243661324874316961e+03
5.908850323465766416e-16 6.664018503802601725e-17 5.244397460086076535e+03
5.910592715187452057e-16 6.664995742386178670e-17 5.245133602736879766e+03
5.493597117463082586e-16 6.655720578939347375e-17 5.245869752824963143e+03
4.245408575270500753e-16 6.661442515029237817e-17 5.246605910348574980e+03
5.918540875042019629e-16 6.651960014874411636e-17 5.247342075305949038e+03
5.778540270913549414e-16 6.624040188320466537e-17 5.248078247695336358e+03
5.256651964366825502e-16 6.592457109880930733e-17 5.248814427514972522e+03
5.126911057571358313e-16 6.558856985513600708e-17 5.249550614763102203e+03
3.946671712731251894e-16 6.561987728207141053e-17 5.250286809437966440e+03
6.648945577719961936e-16 6.572071381332914276e-17 5.251023011537808998e+03
3.370081443968027510e-16 6.575264656388977596e-17 5.251759221060868185e+03
4.618653673727675778e-16 6.589897652387486329e-17 5.252495438005387768e+03
4.898947887070165317e-16 6.612151102719717207e-17 5.253231662369611513e+03
6.633204255946143805e-16 6.624304053996955806e-17 5.253967894151779547e+03
4.371704985933371753e-16 6.638649917179000440e-17 5.254704133350134725e+03
3.666910796954361394e-16 6.639176365725248494e-17 5.255440379962917177e+03
6.348802337754111142e-16 6.636171469809166013e-17 5.256176633988370668e+03
5.212917670182012433e-16 6.655059765112589980e-17 5.256912895424737144e+03
3.587404370190316123e-16 6.677873792499611623e-17 5.257649164270256733e+03
5.406630598921228124e-16 6.659861035885905412e-17 5.258385440523174111e+03
7.267367892517191232e-16 6.615264336174321461e-17 5.259121724181728496e+03
4.911659464615256483e-16 6.627839613815328634e-17 5.259858015244163653e+03
4.844037865922291116e-16 6.607503035642784356e-17 5.260594313708721529e+03
6.068683155801523169e-16 6.603766404160278941e-17 5.261330619573644071e+03
3.015029207472345249e-16 6.595917693878098559e-17 5.262066932837171407e+03
8.011451011184074563e-16 6.601475659627939946e-17 5.262803253497548212e+03
5.481946285206903567e-16 6.599520078892930341e-17 5.263539581553012795e+03
4.643269093771113447e-16 6.590388410943204626e-17 5.264275917001810740e+03
6.970296531454631224e-16 6.559847664004853906e-17 5.265012259842183084e+03
6.248239057403486725e-16 6.539810740660452225e-17 5.265748610072370866e+03
5.307545661633487201e-16 6.530637202901343895e-17 5.266484967690616031e+03
7.130365213604774861e-16 6.471239722219579882e-17 5.267221332695163255e+03
5.400366955020139210e-16 6.439902835147260919e-17 5.267957705084251756e+03
5.129912177183168189e-16 6.433398941510169352e-17 5.268694084856122572e+03
2.609195609282956575e-16 6.439120268701766084e-17 5.269430472009018558e+03
4.908884181270537640e-16 6.442465104245278664e-17 5.270166866541185300e+03
4.953341433122939672e-16 6.445998277828490296e-17 5.270903268450858377e+03
5.321118319893530284e-16 6.442706069560622412e-17 5.271639677736284284e+03
5.550129305619661530e-16 6.460938229752132506e-17 5.272376094395704058e+03
4.207236310509845418e-16 6.460774855249426555e-17 5.273112518427358737e+03
5.168478942177046770e-16 6.480530487837647677e-17 5.273848949829493904e+03
6.158569191095681010e-16 6.506093093540117012e-17 5.274585388600344231e+03
3.708266636682655911e-16 6.511443476405712881e-17 5.275321834738158941e+03
5.674993414669404684e-16 6.511279367740275973e-17 5.276058288241176342e+03
4.643273349244425871e-16 6.521436048245386478e-17 5.276794749107639291e+03
3.903414777242152516e-16 6.519354465010919665e-17 5.277531217335790643e+03
5.805140541660981937e-16 6.531408436992954673e-17 5.278267692923869618e+03
6.194135392811919102e-16 6.539171101853027724e-17 5.279004175870120889e+03
4.929388662137421641e-16 6.547001500021289791e-17 5.279740666172783676e+03
5.426967221015079210e-16 6.540147160806267715e-17 5.280477163830104473e+03
5.426703734287182844e-16 6.557366984649002549e-17 5.281213668840320679e+03
3.640348815304376651e-16 6.566530216774326006e-17 5.281950181201676969e+03
6.047847777289609275e-16 6.565218906073507622e-17 5.282686700912413471e+03
4.431757158868099846e-16 6.577076568462380033e-17 5.283423227970773951e+03
4.106319997618922592e-16 6.547644048657860745e-17 5.284159762374998536e+03
4.656862785260797213e-16 6.564542699064807052e-17 5.284896304123330992e+03
6.745347715362823224e-16 6.553039913337280841e-17 5.285632853214013267e+03
5.757497865055106437e-16 6.542579635644449289e-17 5.286369409645285486e+03
4.651535660308166975e-16 6.526617340009522068e-17 5.287105973415390508e+03
6.760431852680265906e-16 6.526339526898251723e-17 5.287842544522569369e+03
4.831374243428556613e-16 6.532013003182133809e-17 5.288579122965067654e+03
5.109281213110944614e-16 6.541139610062633483e-17 5.289315708741123672e+03
6.042360208781467067e-16 6.521857752325414034e-17 5.290052301848981188e+03
3.663247234735989575e-16 6.515680753392421446e-17 5.290788902286881239e+03
6.423221677485845241e-16 6.516817518540774377e-17 5.291525510053065773e+03
5.113632749466019981e-16 6.506383997468116658e-17 5.292262125145778555e+03
5.509360102873307157e-16 6.514062754257372097e-17 5.292998747563256984e+03
3.475247393582418426e-16 6.511147155219986116e-17 5.293735377303748464e+03
7.263095564597161510e-16 6.521793781387951239e-17 5.294472014365492214e+03
4.918949496871744352e-16 6.540964843082183743e-17 5.295208658746731089e+03
3.152519259983369464e-16 6.546040743578417903e-17 5.295945310445706127e+03
6.490347665754346534e-16 6.549440043667294516e-17 5.296681969460661094e+03
5.704153435050531255e-16 6.560420892703788018e-17 5.297418635789834298e+03
5.419521159935355751e-16 6.548573675453488386e-17 5.298155309431471323e+03
4.592721121375148450e-16 6.543598989566449644e-17 5.298891990383814118e+03
5.833176455039707021e-16 6.551428723538340903e-17 5.299628678645101900e+03
3.751385413450762124e-16 6.555042836662339614e-17 5.300365374213579344e+03
4.908615256920347119e-16 6.536393162257807939e-17 5.301102077087487487e+03
4.807842392945582961e-16 6.541751986319773995e-17 5.301838787265067367e+03
4.741365875516181986e-16 6.556100994229352064e-17 5.302575504744560021e+03
6.847284309348887935e-16 6.559152042892632366e-17 5.303312229524212853e+03
4.931003203018347556e-16 6.537783860500826196e-17 5.304048961602260533e+03
4.176928806086295714e-16 6.530942933990684413e-17 5.304785700976952285e+03
5.218834389721961675e-16 6.547597614898880478e-17 5.305522447646522778e+03
4.202873700116056744e-16 6.546939129685516311e-17 5.306259201609220327e+03
4.350236104473172235e-16 6.528576198263300352e-17 5.306995962863282330e+03
5.845875960965794106e-16 6.550465157928594200e-17 5.307732731406953462e+03
5.763115841883645833e-16 6.562604577750975454e-17 5.308469507238475671e+03
4.319246634019590296e-16 6.536942517573831087e-17 5.309206290356089085e+03
3.568887042625453178e-16 6.543352046356588216e-17 5.309943080758037468e+03
6.043528822145818638e-16 6.569751032900041101e-17 5.310679878442562767e+03
4.828636923905457927e-16 6.574097966172026518e-17 5.311416683407906021e+03
6.544556024598705389e-16 6.589045672962150256e-17 5.312153495652307356e+03
4.994978893615254832e-16 6.582939866473446438e-17 5.312890315174014177e+03
3.021255230357440451e-16 6.577509357440428509e-17 5.313627141971262972e+03
6.578171096042430144e-16 6.591071122538149043e-17 5.314363976042297509e+03
5.331243195800700963e-16 6.594905851704893207e-17 5.315100817385363371e+03
5.352816325187496408e-16 6.586101441719724374e-17 5.315837665998696139e+03
6.128348188409942780e-16 6.591424645397217231e-17 5.316574521880542306e+03
6.327769073511259373e-16 6.586042775471751265e-17 5.317311385029142912e+03
5.820776269414095821e-16 6.583362723244228292e-17 5.318048255442740810e+03
3.624008622132504656e-16 6.586329634936417755e-17 5.318785133119575221e+03
5.801255310723442227e-16 6.589262515753676030e-17 5.319522018057888999e+03
3.082575164798983817e-16 6.588702953874833407e-17 5.320258910255926821e+03
5.753738474364199971e-16 6.590755412940959608e-17 5.320995809711926995e+03
5.419793947189144565e-16 6.576311893657947148e-17 5.321732716424134196e+03
4.168938295710349491e-16 6.596963517389651693e-17 5.322469630390789462e+03
5.850182659731358596e-16 6.589631172099727428e-17 5.323206551610135648e+03
4.402312186222864604e-16 6.570558918997255599e-17 5.323943480080411973e+03
5.756048296236405199e-16 6.548307760002715024e-17 5.324680415799864022e+03
4.682204822906093521e-16 6.546739425335080269e-17 5.325417358766731013e+03
6.622594963259272993e-16 6.552280221637960960e-17 5.326154308979255802e+03
4.020360348151659408e-16 6.577371911125460188e-17 5.326891266435681246e+03
5.657645793945449272e-16 6.586814565033789134e-17 5.327628231134249290e+03
7.331430959856597630e-16 6.605758646919161988e-17 5.328365203073200973e+03
4.894734708197124765e-16 6.595339502782065589e-17 5.329102182250778242e+03
5.369017294137173837e-16 6.590762419499522029e-17 5.329839168665223042e+03
6.300030051822124063e-16 6.592514562913541079e-17 5.330576162314779140e+03
4.174761893126742469e-16 6.598311285708155792e-17 5.331313163197685753e+03
4.495468861750258180e-16 6.606089296650531557e-17 5.332050171312186649e+03
5.690669776399127128e-16 6.617990690635065329e-17 5.332787186656523772e+03
4.549129837294599214e-16 6.641341959339838891e-17 5.333524209228939071e+03
4.723196487820572516e-16 6.616340884617545820e-17 5.334261239027675401e+03
7.715834703393768096e-16 6.609746289214279795e-17 5.334998276050971981e+03
5.175964495210990293e-16 6.611339729941860125e-17 5.335735320297073486e+03
3.975698291632524280e-16 6.623474520319072641e-17 5.336472371764220952e+03
5.479916812288073003e-16 6.611275316315175464e-17 5.337209430450655418e+03
4.149010091468044436e-16 6.619470055409659115e-17 5.337946496354619740e+03
4.630973037654127285e-16 6.629670240080116234e-17 5.338683569474356773e+03
5.700342787776541444e-16 6.607038984636545411e-17 5.339420649808107555e+03
7.106669040304036994e-16 6.592694972651233991e-17 5.340157737354113124e+03
5.012472717111965909e-16 6.564777452782550370e-17 5.340894832110618154e+03
5.593366774940837798e-16 6.539956949846176444e-17 5.341631934075861864e+03
5.246594533507844448e-16 6.521456223994327143e-17 5.342369043248088019e+03
4.514974120044619479e-16 6.504802642411558170e-17 5.343106159625538567e+03
5.328042849997243104e-16 6.502514225530055419e-17 5.343843283206454544e+03
4.319471041634822588e-16 6.496878742258397151e-17 5.344580413989076987e+03
4.904141271450112730e-16 6.503786571803825021e-17 5.345317551971651483e+03
6.621855908446786551e-16 6.500721116839403241e-17 5.346054697152418157e+03
4.603422504578455914e-16 6.506011185657765307e-17 5.346791849529618048e+03
4.585859920657376477e-16 6.500482591512072115e-17 5.347529009101494012e+03
4.635313654540548388e-16 6.496140917139928204e-17 5.348266175866287085e+03
6.189261625573379426e-16 6.495590967851096330e-17 5.349003349822241034e+03
5.875018372119922535e-16 6.502843149089370772e-17 5.349740530967595987e+03
3.674681636155366557e-16 6.497849821387860099e-17 5.350477719300595709e+03
7.060221577555936829e-16 6.510047009745104639e-17 5.351214914819482146e+03
5.164327957654132788e-16 6.504171480024940398e-17 5.351952117522492699e+03
6.877144002263908360e-16 6.495958677277733304e-17 5.352689327407875680e+03
6.385598312751687033e-16 6.502700749556093424e-17 5.353426544473872127e+03
4.940384691913642417e-16 6.488925960363797504e-17 5.354163768718720348e+03
3.526520652458140814e-16 6.492453415855329383e-17 5.354901000140664109e+03
5.814575705953286037e-16 6.481470466871471030e-17 5.355638238737947177e+03
6.105610974206311314e-16 6.466438868649453832e-17 5.356375484508811496e+03
4.200188520366131241e-16 6.463383223672892872e-17 5.357112737451494468e+03
7.538481333280684297e-16 6.459693344755468742e-17 5.357849997564244404e+03
3.291975092037579791e-16 6.483164619665538630e-17 5.358587264845298705e+03
5.307780626643808360e-16 6.443283539487549451e-17 5.359324539292900226e+03
5.110486615884711606e-16 6.413522555519058217e-17 5.360061820905293644e+03
5.363990841033128199e-16 6.418490351641566721e-17 5.360799109680718175e+03
3.674239285450315483e-16 6.418598611039269382e-17 5.361536405617414857e+03
6.253833815800979585e-16 6.438881137242097122e-17 5.362273708713631095e+03
2.484639829144527494e-16 6.580183190307872229e-17 5.363011018967604286e+03
3.376022232173956267e-16 6.468733731375739318e-17 5.363748336377577289e+03
5.401120165017164885e-16 6.465127982614347920e-17 5.364485660941791139e+03
5.002957403409576563e-16 6.465154980458927315e-17 5.365222992658488693e+03
5.243023544699648803e-16 6.476548435989864075e-17 5.365960331525913716e+03
5.244190129751409123e-16 6.474743975147003437e-17 5.366697677542306337e+03
7.386235169664121342e-16 6.450606589312312808e-17 5.367435030705910322e+03
3.685434795084392081e-16 6.452948464124557663e-17 5.368172391014963068e+03
6.489184468918584358e-16 6.447317258894162519e-17 5.368909758467711981e+03
4.619512536561223115e-16 6.430563760154180621e-17 5.369647133062397188e+03
4.334998112812637193e-16 6.425843722060756111e-17 5.370384514797260636e+03
4.696461226935907627e-16 6.438244420965735662e-17 5.371121903670544270e+03
7.396064705264488361e-16 6.440731093420452014e-17 5.371859299680489130e+03
4.617353792333074948e-16 6.435224982907150700e-17 5.372596702825338070e+03
5.937032232194565038e-16 6.437797207021745402e-17 5.373334113103333948e+03
5.334176481983239580e-16 6.441199802446328230e-17 5.374071530512717800e+03
4.251822733327934797e-16 6.446638866707637120e-17 5.374808955051731573e+03
5.082772803809484692e-16 6.441101951044057335e-17 5.375546386718618123e+03
5.753785364224961326e-16 6.434653184344848123e-17 5.376283825511618488e+03
3.731541940524376288e-16 6.439262076440552069e-17 5.377021271428975524e+03
6.093254240512206385e-16 6.424320047657331873e-17 5.377758724468929358e+03
6.276235482370790723e-16 6.437172448948682496e-17 5.378496184629724667e+03
5.472935097810239705e-16 6.435041036151578655e-17 5.379233651909602486e+03
5.139719322733938820e-16 6.421711321696148553e-17 5.379971126306803853e+03
6.176044017172678671e-16 6.430424558013974031e-17 5.380708607819570716e+03
3.910140670342546231e-16 6.448914211496072227e-17 5.381446096446146839e+03
6.258951510034890129e-16 6.429184186844309330e-17 5.382183592184772351e+03
4.970330539478815721e-16 6.417239547326352000e-17 5.382921095033691017e+03
4.183830966131776483e-16 6.436288352623718643e-17 5.383658604991145694e+03
6.132228917389859883e-16 6.420457120001953891e-17 5.384396122055375599e+03
6.290600872115913626e-16 6.393545667958457381e-17 5.385133646224623590e+03
5.614053741041107167e-16 6.403888120961070925e-17 5.385871177497131612e+03
4.902335492407909289e-16 6.412353704321641479e-17 5.386608715871142522e+03
6.488344695074532149e-16 6.416034456275758859e-17 5.387346261344897357e+03
5.114928736923245353e-16 6.582856149144789182e-17 5.388083813916639883e+03
3.225586900279111300e-16 6.510692797942814234e-17 5.388821373584611138e+03
6.186519872173466429e-16 6.610014904999628549e-17 5.389558940347050338e+03
5.983570104587193329e-16 6.669758833544270496e-17 5.390296514202203980e+03
5.324724693543725708e-16 6.609825963902117874e-17 5.391034095148312190e+03
5.366703213474550312e-16 8.144618908025107678e-17 5.391771683183615096e+03
4.446923759974173879e-16 6.485848888258001527e-17 5.392509278306357373e+03
6.156120372811266828e-16 6.396695417021724408e-17 5.393246880514781878e+03
6.349511616681558202e-16 6.427913599558209199e-17 5.393984489807127829e+03
3.253032347091965246e-16 6.406425785858897378e-17 5.394722106181638992e+03
4.794368953858607840e-16 6.384615025916427116e-17 5.395459729636556403e+03
5.520356093719275787e-16 6.388336724174226061e-17 5.396197360170122920e+03
7.484066077603566257e-16 6.385672400634550540e-17 5.396934997780581398e+03
4.998669828655212901e-16 6.383090359315201026e-17 5.397672642466170146e+03
6.744201991836163148e-16 6.371803674725112443e-17 5.398410294225134749e+03
3.262796815026664848e-16 6.370630180567753310e-17 5.399147953055717153e+03
5.723407258453775778e-16 6.355335842829218530e-17 5.399885618956155668e+03
6.083867994900179867e-16 6.354531003244052279e-17 5.400623291924697696e+03
4.124741040309148235e-16 6.345735229972941250e-17 5.401360971959580638e+03
4.628653600382016866e-16 6.342310800877064983e-17 5.402098659059050078e+03
5.801653400357667260e-16 6.344205602110150760e-17 5.402836353221345234e+03
6.657534601969974899e-16 6.322036765289539628e-17 5.403574054444710782e+03
4.686193954527997706e-16 6.318217805452473256e-17 5.404311762727385940e+03
5.978580415917883579e-16 6.337541014265220190e-17 5.405049478067613563e+03
6.030294191193051000e-16 6.373819553064427890e-17 5.405787200463637419e+03
3.763935839878543663e-16 6.313727533316223823e-17 5.406524929913698543e+03
6.239526143179851122e-16 6.304163431001535086e-17 5.407262666416037973e+03
5.642956521586384024e-16 6.299440783007064082e-17 5.408000409968899476e+03
4.557967164361850089e-16 6.313830851950727818e-17 5.408738160570523178e+03
5.079912349216210204e-16 6.321643635184556223e-17 5.409475918219153755e+03
4.186073453748650721e-16 6.284002440630648448e-17 5.410213682913028606e+03
5.857068289330017128e-16 6.297148756624241931e-17 5.410951454650394226e+03
5.848769913829757185e-16 6.299247097676468908e-17 5.411689233429491651e+03
4.831292004389666496e-16 6.300323992706056149e-17 5.412427019248560100e+03
3.401998858435592948e-16 6.301923258066250828e-17 5.413164812105847886e+03
4.486357284248410100e-16 6.313600628802444475e-17 5.413902611999590590e+03
6.559458350527549742e-16 6.323948808642391197e-17 5.414640418928032886e+03
4.002233838460700994e-16 6.330707822776156561e-17 5.415378232889415813e+03
4.540134168484680752e-16 6.324666579421003662e-17 5.416116053881983134e+03
6.552207878548866121e-16 6.321127520863324868e-17 5.416853881903975889e+03
5.538071282338155171e-16 6.319131725809034967e-17 5.417591716953635114e+03
5.897044856993012098e-16 6.305777106290222550e-17 5.418329559029205484e+03
4.239273606906616261e-16 6.300814056990891440e-17 5.419067408128925308e+03
2.528913829738597241e-16 6.303740382468892783e-17 5.419805264251040171e+03
5.510990558615568969e-16 6.300122739299461891e-17 5.420543127393791110e+03
7.282850797371713129e-16 6.292918353690361631e-17 5.421280997555419162e+03
3.445928288475940038e-16 6.307153111813911673e-17 5.422018874734167184e+03
3.636936785630323012e-16 6.308206940468885772e-17 5.422756758928277122e+03
6.356689052100320792e-16 6.311952567591179082e-17 5.423494650135989104e+03
6.408313847279263597e-16 6.317379473839916053e-17 5.424232548355549625e+03
5.697969546103235837e-16 6.294867641158602428e-17 5.424970453585196083e+03
5.512116613765581718e-16 6.299390007887220107e-17 5.425708365823171334e+03
4.978093168033506453e-16 6.298464017719379370e-17 5.426446285067720055e+03
5.040387969777964859e-16 6.297673575007129413e-17 5.427184211317084191e+03
3.898095346235587339e-16 6.304801452877600549e-17 5.427922144569502052e+03
5.093303372701614049e-16 6.299707637529834914e-17 5.428660084823218313e+03
5.625134204788939071e-16 6.311616196193974793e-17 5.429398032076474919e+03
7.148664161875939756e-16 6.309646519827213992e-17 5.430135986327513820e+03
3.408137243436126841e-16 6.316389487966650536e-17 5.430873947574576960e+03
4.033628578186102593e-16 6.305650679912062416e-17 5.431611915815907196e+03
6.966938614829393659e-16 6.309022644493127858e-17 5.432349891049742837e+03
4.195828678042119636e-16 6.315060792556648658e-17 5.433087873274331287e+03
2.617477437238182738e-16 6.329311145949306570e-17 5.433825862487910854e+03
5.607612866517116682e-16 6.350619186477802999e-17 5.434563858688725304e+03
6.341134343033968078e-16 6.294673236463817539e-17 5.435301861875014765e+03
4.558861089439412652e-16 6.328028096195664886e-17 5.436039872045024822e+03
5.924657394987254563e-16 6.342675443792286873e-17 5.436777889196993783e+03
4.700911641204576600e-16 6.336296789665087792e-17 5.437515913329165414e+03
4.134821017817084040e-16 6.334983714507247321e-17 5.438253944439780753e+03
4.776121915655672236e-16 6.346655597077980097e-17 5.438991982527084474e+03
4.541971741597596773e-16 6.344077725695611827e-17 5.439730027589315796e+03
4.642899920903433470e-16 6.347424030786456674e-17 5.440468079624718484e+03
5.402142560487759590e-16 6.333788519648739950e-17 5.441206138631534486e+03
6.360866142303008871e-16 6.347100911085156732e-17 5.441944204608002110e+03
3.784928553643962912e-16 6.363895391724537819e-17 5.442682277552370579e+03
5.387459457945140485e-16 6.343957014882784677e-17 5.443420357462874563e+03
5.453998495056166058e-16 6.341529083493924499e-17 5.444158444337761466e+03
4.978649102061028997e-16 6.346780530179258102e-17 5.444896538175269598e+03
4.329504259962982768e-16 6.341650839966396605e-17 5.445634638973644542e+03
6.775028655832211782e-16 6.345685468290925998e-17 5.446372746731125517e+03
5.332687752295112996e-16 6.335971861875627142e-17 5.447110861445954470e+03
2.806013595661593046e-16 6.327266076362989662e-17 5.447848983116375166e+03
5.947652390118711224e-16 6.328616844231159647e-17 5.448587111740629553e+03
4.056485175462381603e-16 6.323784402650817116e-17 5.449325247316958666e+03
5.166419296721347125e-16 6.312678991419767099e-17 5.450063389843605364e+03
6.561362682261932327e-16 6.303910462021718889e-17 5.450801539318812502e+03
6.543627789630628894e-16 6.290108243728606228e-17 5.451539695740818388e+03
3.698962144959867556e-16 6.279658220148496696e-17 5.452277859107869517e+03
5.951557572500725616e-16 6.268299958522757791e-17 5.453016029418206017e+03
3.628123423024747464e-16 6.269104835633250908e-17 5.453754206670068015e+03
4.603969674336355978e-16 6.279578189956511629e-17 5.454492390861700187e+03
6.386706319738213621e-16 6.292380090549030561e-17 5.455230581991345389e+03
5.387261254280092904e-16 6.291850044470569822e-17 5.455968780057242839e+03
4.248341874512002047e-16 6.315004836574095151e-17 5.456706985057637212e+03
7.019005077235308706e-16 6.326004742663882776e-17 5.457445196990769546e+03
5.225689283256095223e-16 6.346131197636566584e-17 5.458183415854879058e+03
5.156523847298141261e-16 6.358064029185739382e-17 5.458921641648213154e+03
5.519806257153331858e-16 6.390329058206681191e-17 5.459659874369009231e+03
6.013570789034317767e-16 6.348115682142595312e-17 5.460398114015511965e+03
4.688254378935743421e-16 6.363151917107278335e-17 5.461136360585962393e+03
5.737417633983441579e-16 6.371031531376905167e-17 5.461874614078602463e+03
5.451703190224626797e-16 6.374070216376844905e-17 5.462612874491675029e+03
6.171343782696485256e-16 6.363743268159868043e-17 5.463351141823422950e+03
6.707369795302573719e-16 6.370935741676469367e-17 5.464089416072083623e+03
4.382205236619761921e-16 6.368743878432888287e-17 5.464827697235906271e+03
4.431737553438012861e-16 6.374332788793486721e-17 5.465565985313127385e+03
5.602346310076168547e-16 6.382222443005558968e-17 5.466304280301991639e+03
7.478399988829571213e-16 6.375966134523897892e-17 5.467042582200738252e+03
5.129513298315064498e-16 6.353953373579476296e-17 5.467780891007613718e+03
4.702108825952988755e-16 6.363129711591164811e-17 5.468519206720855436e+03
5.376220075907427496e-16 6.339299301526889006e-17 5.469257529338708991e+03
3.678645295901438149e-16 6.339319637650171949e-17 5.469995858859414511e+03
5.770461603892481100e-16 6.338631255975370289e-17 5.470734195281216671e+03
4.878927928222516677e-16 6.377995793680643911e-17 5.471472538602352870e+03
4.641751866449584570e-16 6.362191128152108210e-17 5.472210888821068693e+03
5.782989751637778154e-16 6.338336496963513353e-17 5.472949245935606086e+03
7.164755429308544016e-16 6.325566611536214636e-17 5.473687609944205178e+03
5.671734113592161963e-16 6.329900875994027021e-17 5.474425980845110644e+03
4.620674285449535561e-16 6.336307741599021717e-17 5.475164358636561701e+03
5.678127720106535514e-16 6.353276003200434820e-17 5.475902743316801207e+03
5.878047221772159103e-16 6.349021378885922233e-17 5.476641134884072017e+03
4.721818497962655041e-16 6.348573577068589604e-17 5.477379533336617897e+03
5.000162859069253447e-16 6.357637513777428749e-17 5.478117938672677155e+03
4.089803249651848390e-16 6.349940502315903830e-17 5.478856350890493559e+03
5.203662693740092836e-16 6.350734676485502985e-17 5.479594769988311782e+03
5.912553139948354291e-16 6.357247024983396404e-17 5.480333195964368315e+03
5.259081218313592713e-16 6.359224475427223552e-17 5.481071628816909652e+03
5.659660558239538015e-16 6.370953065814140452e-17 5.481810068544176829e+03
5.811376979194035533e-16 6.371282496541235719e-17 5.482548515144409976e+03
4.417940223500663765e-16 6.366526133816929218e-17 5.483286968615853766e+03
5.165391707935684913e-16 6.368309527670018924e-17 5.484025428956749238e+03
5.976376579666806571e-16 6.369814615405004017e-17 5.484763896165338338e+03
6.197983000222376378e-16 6.339676006425770912e-17 5.485502370239863012e+03
4.102262666441631213e-16 6.342250110188402755e-17 5.486240851178566118e+03
6.067211017361579414e-16 6.349183283253910087e-17 5.486979338979688691e+03
6.047805255517085525e-16 6.351698179021592514e-17 5.487717833641472680e+03
6.443094060997354278e-16 6.342844401687230875e-17 5.488456335162160940e+03
5.989987786437785911e-16 6.337872688900007608e-17 5.489194843539995418e+03
3.802440881706012342e-16 6.338273348855280473e-17 5.489933358773218060e+03
4.287091181612780166e-16 6.358863094833557286e-17 5.490671880860070814e+03
5.287543024472278458e-16 6.356535940996537251e-17 5.491410409798795627e+03
6.889339381733016729e-16 6.360167193796883264e-17 5.492148945587636263e+03
5.342189403384713469e-16 6.357462191925392254e-17 5.492887488224831031e+03
6.380421616107115946e-16 6.357428124834484298e-17 5.493626037708625518e+03
4.463913784690361349e-16 6.357921049787694739e-17 5.494364594037260758e+03
5.358492402974899579e-16 6.367144333868976660e-17 5.495103157208978701e+03
6.273282552586007317e-16 6.383193453534510330e-17 5.495841727222019472e+03
4.170754169398854382e-16 6.397498328604555672e-17 5.496580304074628657e+03
3.593370644597880752e-16 6.397951424914152705e-17 5.497318887765046384e+03
5.777612404251613362e-16 6.412951319205932284e-17 5.498057478291515508e+03
5.306615279952699995e-16 6.403359053333694786e-17 5.498796075652275249e+03
4.585333189682538233e-16 6.397230914407252976e-17 5.499534679845572100e+03
6.877968118098301656e-16 6.427212896482490017e-17 5.500273290869645280e+03
5.311700606322630423e-16 6.433700445682568030e-17 5.501011908722735825e+03
4.369691322989121935e-16 6.509852269882852824e-17 5.501750533403091140e+03
5.399980664004152165e-16 6.486368362449869886e-17 5.502489164908947714e+03
3.401055869164702939e-16 6.637246799820073507e-17 5.503227803238549313e+03
3.305000959068734405e-16 6.474525395042165853e-17 5.503966448390137884e+03
5.976326420388113332e-16 6.456972128510455230e-17 5.504705100361957193e+03
5.582662535802433274e-16 6.465619090642640655e-17 5.505443759152248276e+03
6.153343918847697268e-16 6.467605860994626840e-17 5.506182424759252171e+03
6.881921333982478660e-16 6.475615195896263850e-17 5.506921097181211735e+03
4.158325379813696603e-16 6.480120991992411436e-17 5.507659776416367094e+03
3.146411565144054775e-16 6.471915727490981730e-17 5.508398462462966563e+03
5.575168426608574277e-16 6.476992489558696620e-17 5.509137155319244812e+03
5.991395607754799403e-16 6.489194029694626475e-17 5.509875854983447425e+03
3.801879589906162764e-16 6.461284043583886855e-17 5.510614561453815440e+03
5.582943388060098675e-16 6.465688073837961940e-17 5.511353274728591714e+03
5.127329081205298410e-16 6.463479947366594028e-17 5.512091994806020011e+03
5.051187585827522568e-16 6.470671557145959869e-17 5.512830721684338641e+03
5.512754828690357197e-16 6.486859080951217628e-17 5.513569455361792279e+03
5.200676863837240626e-16 6.485211762510016020e-17 5.514308195836621053e+03
3.566316764858708235e-16 6.467654744040635658e-17 5.515046943107070547e+03
4.969225682665611168e-16 6.483643448278651319e-17 5.515785697171379070e+03
4.089107856079533853e-16 6.471470989534614802e-17 5.516524458027790388e+03
5.977017152706752517e-16 6.471453320491590423e-17 5.517263225674545538e+03
4.981841455461912025e-16 6.466574492410474058e-17 5.518002000109887376e+03
3.878613819829876655e-16 6.466053084848062391e-17 5.518740781332058759e+03
4.557854498336243911e-16 6.466622882141891784e-17 5.519479569339300724e+03
7.374934701480532622e-16 6.463056550033240259e-17 5.520218364129856127e+03
5.803305523985889766e-16 6.459683721256452143e-17 5.520957165701966915e+03
5.007005005855812512e-16 6.439022932690122055e-17 5.521695974053875034e+03
4.777965180834033934e-16 6.438430033243481113e-17 5.522434789183818793e+03
5.231030085514814874e-16 6.433134707970789489e-17 5.523173611090047416e+03
3.374580004024110923e-16 6.429425515139240754e-17 5.523912439770797391e+03
5.741978175106055847e-16 6.428314300014421846e-17 5.524651275224314304e+03
5.058284288626220864e-16 6.418840840467299987e-17 5.525390117448838282e+03
6.168957701728885291e-16 6.420348887139583349e-17 5.526128966442611272e+03
3.126144600498477273e-16 6.398885114335811238e-17 5.526867822203876131e+03
5.496705229977243142e-16 6.395995068171042605e-17 5.527606684730873894e+03
4.777967574463886043e-16 6.389823257034394542e-17 5.528345554021847420e+03
5.177614207676594764e-16 6.420498612084694321e-17 5.529084430075039563e+03
5.729325754574131596e-16 6.425139563017712545e-17 5.529823312888691362e+03
4.046943189177072790e-16 6.420542097725228925e-17 5.530562202461045672e+03
4.930176823530084863e-16 6.424370589189836247e-17 5.531301098790343531e+03
5.977422439721781541e-16 6.464289931819746340e-17 5.532040001874827794e+03
4.084239753842015521e-16 6.446178339605477951e-17 5.532778911712739500e+03
4.948372804419778278e-16 6.451564536628512206e-17 5.533517828302321504e+03
4.073466705172443717e-16 6.485030670922538232e-17 5.534256751641816663e+03
4.910774862381505631e-16 6.618899666394812126e-17 5.534995681729467833e+03
4.684355598624154460e-16 6.699248613764471159e-17 5.535734618563512413e+03
6.162549404744832715e-16 6.983549527899447841e-17 5.536473562142196897e+03
2.958056956733569807e-16 6.683981091375233046e-17 5.537212512463762323e+03
4.370908591064733865e-16 6.508749741762212320e-17 5.537951469526450637e+03
5.232166307027053287e-16 6.520023337524203663e-17 5.538690433328501967e+03
3.669137219792330796e-16 6.528526942120587401e-17 5.539429403868161899e+03
4.465225929584607469e-16 6.562751466513604950e-17 5.540168381143670558e+03
5.120858141248264397e-16 6.580194159705633526e-17 5.540907365153271712e+03
5.487654063638552885e-16 6.604011330559468001e-17 5.541646355895203669e+03
3.564073246588574423e-16 6.616990578844268888e-17 5.542385353367712924e+03
6.358985968837658175e-16 6.637749539563684353e-17 5.543124357569038693e+03
5.513259214364020850e-16 6.641603376623101201e-17 5.543863368497422925e+03
4.143484901078993530e-16 6.636679312843963542e-17 5.544602386151111205e+03
5.072409924116971324e-16 6.641700519116527883e-17 5.545341410528340930e+03
6.242113433332839260e-16 6.652710605801034530e-17 5.546080441627356777e+03
3.075910574152224415e-16 6.664323992927401495e-17 5.546819479446399782e+03
3.557023072946746133e-16 6.677042856295843669e-17 5.547558523983712803e+03
6.649566154979324347e-16 6.690406283662211725e-17 5.548297575237538695e+03
4.094195247671219415e-16 6.692826904806225634e-17 5.549036633206118495e+03
6.337350541292286320e-16 6.699228908598490632e-17 5.549775697887694150e+03
5.785817448571394670e-16 6.696062518865649797e-17 5.550514769280507608e+03
5.306492855613282604e-16 6.687200771897516394e-17 5.551253847382801723e+03
4.719061574627526624e-16 6.683149002886107647e-17 5.551992932192816625e+03
4.346789378135733330e-16 6.670316041581854465e-17 5.552732023708798806e+03
5.723867384983330716e-16 6.664068003523141302e-17 5.553471121928985667e+03
5.677823968462209645e-16 6.647417581392478970e-17 5.554210226851620973e+03
4.127975579043973832e-16 6.620635045381066203e-17 5.554949338474948490e+03
6.024033170285457416e-16 6.621453763314585814e-17 5.555688456797208346e+03
6.112905217762949862e-16 6.608089253563059683e-17 5.556427581816642487e+03
5.345774172127172432e-16 6.614804547228499117e-17 5.557166713531492860e+03
3.435866098752234024e-16 6.632771091368731207e-17 5.557905851940004140e+03
3.739690475641571349e-16 6.631140590471462524e-17 5.558644997040415547e+03
5.437789998931009809e-16 6.642120035325428825e-17 5.559384148830969934e+03
5.325722271841111891e-16 6.684019852201378104e-17 5.560123307309909251e+03
4.111551967021436510e-16 6.710987790151992561e-17 5.560862472475477261e+03
6.877295438142314395e-16 6.698303904232093890e-17 5.561601644325914094e+03
5.694455585802964208e-16 6.726522207493628262e-17 5.562340822859463515e+03
5.541052059251195878e-16 6.748307264878630641e-17 5.563080008074365651e+03
7.093375161130678069e-16 6.755368092955854818e-17 5.563819199968863359e+03
3.584332003318217715e-16 6.744587124522166768e-17 5.564558398541199495e+03
3.747123795244819869e-16 6.767326516979464506e-17 5.565297603789614186e+03
5.616508330152105924e-16 6.780270110081081696e-17 5.566036815712352109e+03
5.645376952446448175e-16 6.792181467319304202e-17 5.566776034307653390e+03
5.441279375712811807e-16 6.801099003044647019e-17 5.567515259573761796e+03
5.425323646389526918e-16 6.830365927327797865e-17 5.568254491508918363e+03
6.352976816816782088e-16 6.846847308928897935e-17 5.568993730111365949e+03
5.195698836944383582e-16 6.884018183992164047e-17 5.569732975379345589e+03
8.730444616396870005e-16 7.018605203830249881e-17 5.570472227311099232e+03
3.688978744898506311e-16 7.253708394358544194e-17 5.571211485904868823e+03
1.043221717039071783e-16 8.279672378402505748e-17 5.571950751158899038e+03
5.219117957356790651e-16 6.660702373223446298e-17 5.595610745385170958e+03
6.291335769025343776e-16 6.653875639426508975e-17 5.596350229441555712e+03
5.015422101837056453e-16 6.650935432655938020e-17 5.597089720098431826e+03
5.865179736136301903e-16 6.651266926036944609e-17 5.597829217354037610e+03
4.906611991808854413e-16 6.636869714614590919e-17 5.598568721206620467e+03
3.549939294752060508e-16 6.619529596535403000e-17 5.599308231654418705e+03
5.608924436673151326e-16 6.609955133760234895e-17 5.600047748695675182e+03
4.628458086434964635e-16 6.605364328734562014e-17 5.600787272328631843e+03
5.470407236773099962e-16 6.640353823259533539e-17 5.601526802551532455e+03
4.199789668931977997e-16 6.655334335937797669e-17 5.602266339362617146e+03
4.662999119310915801e-16 6.671568399892683658e-17 5.603005882760126951e+03
4.589361727002447654e-16 6.676770686850716147e-17 5.603745432742307457e+03
5.473956606235310156e-16 6.686781944363618716e-17 5.604484989307400610e+03
4.711051642668067016e-16 6.699485953185180734e-17 5.605224552453645629e+03
4.264142233645677283e-16 6.709690742048459359e-17 5.605964122179286278e+03
6.077143102841680915e-16 6.704733607043011181e-17 5.606703698482564505e+03
4.150316147020287633e-16 6.687112884610770934e-17 5.607443281361720437e+03
3.891563047083486782e-16 6.658114508976495582e-17 5.608182870815000570e+03
6.236213722779048047e-16 6.657150203491433606e-17 5.608922466840642301e+03
5.972230609265142842e-16 6.649341743522363359e-17 5.609662069436890306e+03
5.489596057642963903e-16 6.660973182278015490e-17 5.610401678601988351e+03
6.910883249625963181e-16 6.656158672638570628e-17 5.611141294334174745e+03
3.146202405612000644e-16 6.649397187316320786e-17 5.611880916631694163e+03
3.396567318917092848e-16 6.665200832030158944e-17 5.612620545492785823e+03
3.919858937708897618e-16 6.665956317510705161e-17 5.613360180915697129e+03
6.540797551399254999e-16 6.652694970612601697e-17 5.614099822898665479e+03
5.584490930488432678e-16 6.636457651134888770e-17 5.614839471439933732e+03
5.842341073742834574e-16 6.605063727066422332e-17 5.615579126537744742e+03
3.909640188659457038e-16 6.556199250505471061e-17 5.616318788190342275e+03
4.435974612445634305e-16 6.553074767350664326e-17 5.617058456395965550e+03
5.155172451383245373e-16 6.567759753651409394e-17 5.617798131152858332e+03
5.072075013168387729e-16 6.567728984290156447e-17 5.618537812459262568e+03
4.756524692776871021e-16 6.581935569328701238e-17 5.619277500313417477e+03
4.714515290367166431e-16 6.605181898752874393e-17 5.620017194713570461e+03
7.174902252337262810e-16 6.620286543957110521e-17 5.620756895657959831e+03
2.956587035298786618e-16 6.635491664033425365e-17 5.621496603144828441e+03
5.160207635175185615e-16 6.649615334749418597e-17 5.622236317172420968e+03
5.405572010295092974e-16 6.638465463186351981e-17 5.622976037738975720e+03
3.246986871059257874e-16 6.629916629351120319e-17 5.623715764842736462e+03
5.056812808418195352e-16 6.621331662386003140e-17 5.624455498481946051e+03
4.468368989487786950e-16 6.628648046210974458e-17 5.625195238654845525e+03
3.677404785225539953e-16 6.627028881161791281e-17 5.625934985359675920e+03
4.357397909143885396e-16 6.611155207483480664e-17 5.626674738594681912e+03
5.213858559094201850e-16 6.601433225049374387e-17 5.627414498358104538e+03
5.909745097563853489e-16 6.579359115161180056e-17 5.628154264648185745e+03
3.722895426419389187e-16 6.569645488118581082e-17 5.628894037463167479e+03
4.301732861686127241e-16 6.567997618595717165e-17 5.629633816801292596e+03
3.555236376044352663e-16 6.565954103803798026e-17 5.630373602660801225e+03
4.449654623815690411e-16 6.586863505260352318e-17 5.631113395039938041e+03
6.269628498116574031e-16 6.589895249818725898e-17 5.631853193936944081e+03
4.606324668571166241e-16 6.575198897202674610e-17 5.632592999350061291e+03
6.215485729388718912e-16 6.556541580468737601e-17 5.633332811277532528e+03
4.693787843542949342e-16 6.534825205766034676e-17 5.634072629717597010e+03
4.399525468310375852e-16 6.529858293221736317e-17 5.634812454668501232e+03
4.162179833291105659e-16 6.523265624203698354e-17 5.635552286128486230e+03
4.862282921898881544e-16 6.529086717029471052e-17 5.636292124095791223e+03
3.916826124589260927e-16 6.541041293990518906e-17 5.637031968568660886e+03
3.373686042336825229e-16 6.535416999473741573e-17 5.637771819545336257e+03
5.714074090724602300e-16 6.553230046025456643e-17 5.638511677024060191e+03
3.806449858695507245e-16 6.541640567474261520e-17 5.639251541003075545e+03
4.548317358110705151e-16 6.555324414738189723e-17 5.639991411480621537e+03
6.753195758164988187e-16 6.567831653819355290e-17 5.640731288454942842e+03
3.356713432567203891e-16 6.548271155496813943e-17 5.641471171924280497e+03
4.389332136294830850e-16 6.556236678650685786e-17 5.642211061886877360e+03
4.378109641894799645e-16 6.566605342224846967e-17 5.642950958340974466e+03
6.774397504675551617e-16 6.563626693511858351e-17 5.643690861284816492e+03
4.840102158269529381e-16 6.556989414445583708e-17 5.644430770716641746e+03
5.097596789812248766e-16 6.561198572184396189e-17 5.645170686634693993e+03
6.629269421827919939e-16 6.553813482099283368e-17 5.645910609037217000e+03
5.150538225953828084e-16 6.562322133804975142e-17 5.646650537922451804e+03
4.915109309325085354e-16 6.548822126805184179e-17 5.647390473288640351e+03
4.775624089479784234e-16 6.552200610886404385e-17 5.648130415134024588e+03
3.680347143437507306e-16 6.558435792913821442e-17 5.648870363456845553e+03
6.267594624678662938e-16 6.563769530857999088e-17 5.649610318255347011e+03
4.632771639044339427e-16 6.549670827999936494e-17 5.650350279527770908e+03
6.489726057669724770e-16 6.552603444075763405e-17 5.651090247272359193e+03
4.215805466533913104e-16 6.542152702814733091e-17 5.651830221487353811e+03
4.409400922305068283e-16 6.545127959821588447e-17 5.652570202170994889e+03
5.489039237213120761e-16 6.545564322841100268e-17 5.653310189321529833e+03
5.039034233811786728e-16 6.546997156051887401e-17 5.654050182937195132e+03
5.618128775250767311e-16 6.540191854686890843e-17 5.654790183016237279e+03
3.111302245520195964e-16 6.516463291785609572e-17 5.655530189556895493e+03
4.692713413792596774e-16 6.522732411264328079e-17 5.656270202557412631e+03
5.101690217839200364e-16 6.512016380101103095e-17 5.657010222016031548e+03
4.323168695169676129e-16 6.501726265556220622e-17 5.657750247930993282e+03
5.042001770458964169e-16 6.494904422666420986e-17 5.658490280300540689e+03
4.921788553838241700e-16 6.504544147003544318e-17 5.659230319122914807e+03
5.000645073801541425e-16 6.511238306128786032e-17 5.659970364396361219e+03
5.115787319435525587e-16 6.507398839271655086e-17 5.660710416119116417e+03
4.899049149168353602e-16 6.516134911304510282e-17 5.661450474289427802e+03
4.732754434583859336e-16 6.522112300169958377e-17 5.662190538905534595e+03
5.180892225719957312e-16 6.531241030481739965e-17 5.662930609965678741e+03
6.599596336580996237e-16 6.660329415520732658e-17 5.663670687468102187e+03
5.742405038999357816e-16 6.514555186803376237e-17 5.664410771411051428e+03
5.252893930086294214e-16 6.535132225126103899e-17 5.665150861792762953e+03
3.050855669888889858e-16 6.566841209452124721e-17 5.665890958611482347e+03
2.681609764120350618e-16 6.512239941375320909e-17 5.666631061865451557e+03
3.503825843275330698e-16 6.678379909095674343e-17 5.667371171552909800e+03
4.709178208112832571e-16 7.030684267054353503e-17 5.668111287672100843e+03
7.405916785083938583e-16 7.149372059202934867e-17 5.668851410221268452e+03
4.246133956856049698e-16 9.423983101462033369e-17 5.669591539198653663e+03
4.707214440313017061e-16 7.214901336254232987e-17 5.670331674602495696e+03
6.033514006772222732e-16 6.662599449220067405e-17 5.671071816431041952e+03
3.549270605506888763e-16 6.601234501495989274e-17 5.671811964682530743e+03
5.237248204869761413e-16 6.591149049930891641e-17 5.672552119355206742e+03
5.349737638950967704e-16 6.605383128761919530e-17 5.673292280447310986e+03
5.451371730011552823e-16 6.608998870988820495e-17 5.674032447957084514e+03
4.045559863535509543e-16 6.601298717094998551e-17 5.674772621882769272e+03
5.074609226002990275e-16 6.584629535705135255e-17 5.675512802222609025e+03
4.718653663161661619e-16 6.595143443016885664e-17 5.676252988974847540e+03
4.099865341753894616e-16 6.591033284795198530e-17 5.676993182137721305e+03
5.724978477358108645e-16 6.597678376998460923e-17 5.677733381709478635e+03
5.791908533941859596e-16 6.603797385456346784e-17 5.678473587688356929e+03
4.246316399885933276e-16 6.609824161432829736e-17 5.679213800072600861e+03
6.187997709488985558e-16 6.608301140752247562e-17 5.679954018860451470e+03
5.609105179072755562e-16 6.614455665872513632e-17 5.680694244050151610e+03
4.876677527944744835e-16 6.627317197776590697e-17 5.681434475639945049e+03
4.164510926547966895e-16 6.630693135357507965e-17 5.682174713628070094e+03
4.151398499246409602e-16 6.642046976163372546e-17 5.682914958012770512e+03
5.585946832917331635e-16 6.641350827938726551e-17 5.683655208792291887e+03
5.750171794244771969e-16 6.646476126107985202e-17 5.684395465964867981e+03
5.150629001134946038e-16 6.640508979341114616e-17 5.685135729528749835e+03
4.120696718521397658e-16 6.651607055678029411e-17 5.685875999482175757e+03
6.322755281545642464e-16 6.656956270239800042e-17 5.686616275823386786e+03
3.734016302476732997e-16 6.674037952550150304e-17 5.687356558550627597e+03
4.257312600084612111e-16 6.687265255581922389e-17 5.688096847662138316e+03
5.967521146838308577e-16 6.713677080350574518e-17 5.688837143156160892e+03
3.818132332707730599e-16 6.729911528774946746e-17 5.689577445030939089e+03
5.098745586177396868e-16 6.740899190030049871e-17 5.690317753284714854e+03
3.925081525580345537e-16 6.759978942820731706e-17 5.691058067915730135e+03
4.321557616578791795e-16 6.705339651867386334e-17 5.691798388922225058e+03
5.581154237187589592e-16 6.754947050538489009e-17 5.692538716302445209e+03
6.375212575639872927e-16 6.850152420365250932e-17 5.693279050054630716e+03
3.262981440512183384e-16 6.740468415906728895e-17 5.694019390177021705e+03
4.721983084683047424e-16 6.725176783992345310e-17 5.694759736667864672e+03
5.063321137454193803e-16 6.732934213264661526e-17 5.695500089525398835e+03
4.885770172603339870e-16 6.719347521237777753e-17 5.696240448747867049e+03
4.611676024524590957e-16 6.734393394883983105e-17 5.696980814333512171e+03
5.022131546955811935e-16 6.734041832692200122e-17 5.697721186280575239e+03
6.936182448533420196e-16 6.721144783476501696e-17 5.698461564587298199e+03
2.833557206602440518e-16 6.718413140564698705e-17 5.699201949251924816e+03
4.704458701966159252e-16 6.714212961162822444e-17 5.699942340272697038e+03
4.606265575263375819e-16 6.698908887032695935e-17 5.700682737647853173e+03
4.433404214189724230e-16 6.689574803069039812e-17 5.701423141375640625e+03
5.166561702360502543e-16 6.685192517405745282e-17 5.702163551454299522e+03
3.653321859115060600e-16 6.687211031958419736e-17 5.702903967882071811e+03
5.416131216368193936e-16 6.681609977361175442e-17 5.703644390657196709e+03
6.121755214168618680e-16 6.672732912058355906e-17 5.704384819777922530e+03
4.753793663622223282e-16 6.670962391516163540e-17 5.705125255242486674e+03
3.769436280029053896e-16 6.655587302765538454e-17 5.705865697049132905e+03
4.195557229707799992e-16 6.655560457960968145e-17 5.706606145196103171e+03
5.592573218636005940e-16 6.650020788655343780e-17 5.707346599681639418e+03
4.955422788643077653e-16 6.638978169040269741e-17 5.708087060503983594e+03
4.513185870715430806e-16 6.624361820229051526e-17 5.708827527661380373e+03
6.709374511206462152e-16 6.627059521609523789e-17 5.709568001152067154e+03
2.687332363033592315e-16 6.637051907471225650e-17 5.710308480974289523e+03
2.687552704264354925e-16 6.645735105634850983e-17 5.711048967126289426e+03
7.202273681753439700e-16 6.630928916443238233e-17 5.711789459606306991e+03
5.465293299680419140e-16 6.627290087946755636e-17 5.712529958412587803e+03
7.148754998741482018e-16 6.619399997934594902e-17 5.713270463543369260e+03
4.165539457052029595e-16 6.616938415295814837e-17 5.714010974996899677e+03
3.927366420561444642e-16 6.598752333642728587e-17 5.714751492771414632e+03
4.846424911975678348e-16 6.605839965728149952e-17 5.715492016865160622e+03
5.928839328882458462e-16 6.583062223762504845e-17 5.716232547276378682e+03
4.129295637814842436e-16 6.529542628147142700e-17 5.716973084003309850e+03
3.670863479507287260e-16 6.517461604351654708e-17 5.717713627044196073e+03
6.415904157580238028e-16 6.538976617340580307e-17 5.718454176397282026e+03
3.958247072113180588e-16 6.532918971674646735e-17 5.719194732060808747e+03
4.773897319506361826e-16 6.584163787983380378e-17 5.719935294033017271e+03
5.950273831235474164e-16 6.574495398908566298e-17 5.720675862312151366e+03
4.730195073770061647e-16 6.572541306074685786e-17 5.721416436896452069e+03
4.698504109986235142e-16 6.571479008967707883e-17 5.722157017784161326e+03
5.292262495280263030e-16 6.570356754309936506e-17 5.722897604973521084e+03
5.537954038275818916e-16 6.575784823820320444e-17 5.723638198462776018e+03
3.900407137229359998e-16 6.563948190758865728e-17 5.724378798250165346e+03
5.529163722004204883e-16 6.568123296168385408e-17 5.725119404333932835e+03
4.514839114736056585e-16 6.561911035528782219e-17 5.725860016712320430e+03
3.270692097628731963e-16 6.548848779868087646e-17 5.726600635383568260e+03
6.343241352127567385e-16 6.542766055622377812e-17 5.727341260345921000e+03
4.124025938290821543e-16 6.542091512648270988e-17 5.728081891597620597e+03
4.859864074348000451e-16 6.531967706353655175e-17 5.728822529136908997e+03
6.252716313686344288e-16 6.533615677581153320e-17 5.729563172962023600e+03
4.893065777247009962e-16 6.543901390447717259e-17 5.730303823071214538e+03
1.642950964455095836e-16 6.534631551388334758e-17 5.731044479462720119e+03
6.117772704886515572e-16 6.528788163665295831e-17 5.731785142134781381e+03
7.576207110878929719e-16 6.531791463753533766e-17 5.732525811085641180e+03
3.374175590933645911e-16 6.530722013596130145e-17 5.733266486313545101e+03
5.608839295575372239e-16 6.526943275498501632e-17 5.734007167816729634e+03
5.517005070085489042e-16 6.515268468745712385e-17 5.734747855593441273e+03
5.063142251062173263e-16 6.513617533435654534e-17 5.735488549641919235e+03
6.079824501143800226e-16 6.503420641104245385e-17 5.736229249960406378e+03
4.468736863444708550e-16 6.492064129598811151e-17 5.736969956547148286e+03
3.057825573097675672e-16 6.483247886826726714e-17 5.737710669400383267e+03
3.445502104355380530e-16 6.475038323693974165e-17 5.738451388518353269e+03
5.457040643501959751e-16 6.479771346422464056e-17 5.739192113899302058e+03
4.915628199242416734e-16 6.472724072504404010e-17 5.739932845541471579e+03
5.471522625959413750e-16 6.494652327399356198e-17 5.740673583443104690e+03
5.445601792322439687e-16 6.500642273076258251e-17 5.741414327602440608e+03
4.137030224223693771e-16 6.471460680981152182e-17 5.742155078017725828e+03
4.833355250144228405e-16 6.465396223480685640e-17 5.742895834687198658e+03
4.416162371051933123e-16 6.480909404790172456e-17 5.743636597609103774e+03
4.281580574157669060e-16 6.489178907672227826e-17 5.744377366781682213e+03
5.081310553363915328e-16 6.495545119186573867e-17 5.745118142203175921e+03
5.015424578457646492e-16 6.466659588126170691e-17 5.745858923871826846e+03
3.592903516601949528e-16 6.456399349567249271e-17 5.746599711785876934e+03
5.884109640734808494e-16 6.440174834369319907e-17 5.747340505943569951e+03
6.276727085637822902e-16 6.445678709197926399e-17 5.748081306343146935e+03
3.057544520730049999e-16 6.439775948740046924e-17 5.748822112982851650e+03
3.508148198656459880e-16 6.440932270567803400e-17 5.749562925860924224e+03
6.177105563032093894e-16 6.441521699121818629e-17 5.750303744975606605e+03
3.882714124999843099e-16 6.445170424571651328e-17 5.751044570325142558e+03
4.550518290406643151e-16 6.443674555121835682e-17 5.751785401907773121e+03
4.628306379067183935e-16 6.450873051057781501e-17 5.752526239721741149e+03
3.720437739247881452e-16 6.452094409783814723e-17 5.753267083765287680e+03
5.153787689877025554e-16 6.459944480780480678e-17 5.754007934036657389e+03
4.119913444988293399e-16 6.458712774073234848e-17 5.754748790534089494e+03
4.261691681727333153e-16 6.456066834523450640e-17 5.755489653255826852e+03
3.180996888341212562e-16 6.465951419824930537e-17 5.756230522200113228e+03
5.649584215364902226e-16 6.462666137648891491e-17 5.756971397365188750e+03
3.328561344576459051e-16 6.448241379091479972e-17 5.757712278749296274e+03
4.812530662566972522e-16 6.449912360248308258e-17 5.758453166350678657e+03
5.567413831577644481e-16 6.434408532522487400e-17 5.759194060167577845e+03
3.989578739535801176e-16 6.436563261814111194e-17 5.759934960198235785e+03
4.639296954864829104e-16 6.431881995118228544e-17 5.760675866440893515e+03
4.948617642274345910e-16 6.434067374674230347e-17 5.761416778893794799e+03
3.878879510291832407e-16 6.431131255023965604e-17 5.762157697555181585e+03
3.876973717276579393e-16 6.426739087506943305e-17 5.762898622423294910e+03
4.814751802413146870e-16 6.434994471438095107e-17 5.763639553496377630e+03
5.996541018943276272e-16 6.420999845804312115e-17 5.764380490772673511e+03
4.350363736622419627e-16 6.432049230277146215e-17 5.765121434250421771e+03
6.736977104949282750e-16 6.447781631200080710e-17 5.765862383927866176e+03
3.639900537742087748e-16 6.462448694772906432e-17 5.766603339803248673e+03
4.793379086995925738e-16 6.444391575479415961e-17 5.767344301874812118e+03
5.339559527930434281e-16 6.432263845594308349e-17 5.768085270140796638e+03
3.691205649980319079e-16 6.445445088160272574e-17 5.768826244599445999e+03
3.838112996080693799e-16 6.455258833858561718e-17 5.769567225249003059e+03
6.166969419761902460e-16 6.450082366825905882e-17 5.770308212087707943e+03
4.280727256353579650e-16 6.473646595983082858e-17 5.771049205113804419e+03
4.504401236871116695e-16 6.482106987163252616e-17 5.771790204325534432e+03
4.010765077187720230e-16 6.471789891665278580e-17 5.772531209721137202e+03
4.496137685858073145e-16 6.471404553647488629e-17 5.773272221298861041e+03
3.135573481155872577e-16 6.474928042745691408e-17 5.774013239056943348e+03
5.896668231986990886e-16 6.478090835822646649e-17 5.774754262993626980e+03
4.623090580936088425e-16 6.482736245199277693e-17 5.775495293107154794e+03
3.498453822314915169e-16 6.479964147836574436e-17 5.776236329395769644e+03
6.444664544355235242e-16 6.482017340339519324e-17 5.776977371857712569e+03
4.256967083375259772e-16 6.470287215247290861e-17 5.777718420491224606e+03
4.961950702828403158e-16 6.471951092112849482e-17 5.778459475294548611e+03
4.763320982803498932e-16 6.457567044142288124e-17 5.779200536265929259e+03
5.625533828380731671e-16 6.454714837335501238e-17 5.779941603403607587e+03
5.994009176172984593e-16 6.449181545460110888e-17 5.780682676705822814e+03
3.748746545415661713e-16 6.453031333037528063e-17 5.781423756170821434e+03
5.363889416536453522e-16 6.461119204869584238e-17 5.782164841796842666e+03
5.118189347317673702e-16 6.465622897010603518e-17 5.782905933582129364e+03
3.673165691378686558e-16 6.463567796937305499e-17 5.783647031524922568e+03
5.697818306322812128e-16 6.459207693925892183e-17 5.784388135623466951e+03
3.774990584215720529e-16 6.461384675440167015e-17 5.785129245876003552e+03
4.591219336705508607e-16 6.469594728543558862e-17 5.785870362280775225e+03
5.959151689901919840e-16 6.461209682483566533e-17 5.786611484836023010e+03
5.047915128071074830e-16 6.455486794639940848e-17 5.787352613539987942e+03
2.130742454096196282e-16 6.454392171470213875e-17 5.788093748390914698e+03
5.125144408244746312e-16 6.448430987660592373e-17 5.788834889387045223e+03
4.524457921412769951e-16 6.447347449480614818e-17 5.789576036526617827e+03
4.380020439812899691e-16 6.434868361737066809e-17 5.790317189807879913e+03
6.438136366073883443e-16 6.453826775421487723e-17 5.791058349229070700e+03
4.193865034574026012e-16 6.465005695970915601e-17 5.791799514788432134e+03
4.580835387691639898e-16 6.452222543491463892e-17 5.792540686484209800e+03
5.348763855907892582e-16 6.431052193346191071e-17 5.793281864314642007e+03
5.077888794200071952e-16 6.449861228968987122e-17 5.794023048277971611e+03
5.605748967615911489e-16 6.451876422466802154e-17 5.794764238372443288e+03
2.987021001682000040e-16 6.459049590388806892e-17 5.795505434596296254e+03
5.691491413293655658e-16 6.466298207279291169e-17 5.796246636947773368e+03
6.260697015318005306e-16 6.463413703801447898e-17 5.796987845425117484e+03
5.173598219046041965e-16 6.462901701630405048e-17 5.797729060026571460e+03
3.616198916707716689e-16 6.458432531547254274e-17 5.798470280750375423e+03
4.544157311904575438e-16 6.471875251831824733e-17 5.799211507594774048e+03
7.472396814273589542e-16 6.477525912204982055e-17 5.799952740558006553e+03
4.653217566132010421e-16 6.468191898203203132e-17 5.800693979638317614e+03
4.146742098914078459e-16 6.465348109931764692e-17 5.801435224833947359e+03
3.900068481797302095e-16 6.471317441680491035e-17 5.802176476143139553e+03
4.167216071617546385e-16 6.464874645985028005e-17 5.802917733564136142e+03
4.861750748891536466e-16 6.476534805395211987e-17 5.803658997095177256e+03
5.519941373341423563e-16 6.490959155356095187e-17 5.804400266734509387e+03
4.064642804100656960e-16 6.489168557395093485e-17 5.805141542480370845e+03
3.941724450266586245e-16 6.497614747745858431e-17 5.805882824331005395e+03
4.119090882437175396e-16 6.498516284891710316e-17 5.806624112284654075e+03
6.025105418041102017e-16 6.502704302976451675e-17 5.807365406339560650e+03
3.302962145423284461e-16 6.504212860966269672e-17 5.808106706493967067e+03
5.007672078528816023e-16 6.510367181855725353e-17 5.808848012746112545e+03
5.993415861676760564e-16 6.507019061017441239e-17 5.809589325094244487e+03
3.406715914354030512e-16 6.514728845902726585e-17 5.810330643536601201e+03
5.517850407966777718e-16 6.507579332724432063e-17 5.811071968071426454e+03
5.563674045389160075e-16 6.495575914114480882e-17 5.811813298696959464e+03
4.690469866718093984e-16 6.498269105741289137e-17 5.812554635411446725e+03
4.451926151417966283e-16 6.480096854181203745e-17 5.813295978213127455e+03
5.622735518708249685e-16 6.474016428743274206e-17 5.814037327100246330e+03
4.642946400158838620e-16 6.481163174398732591e-17 5.814778682071043477e+03
5.687046881849333084e-16 6.494626989455328952e-17 5.815520043123759933e+03
5.356455346167703389e-16 6.493202764699420305e-17 5.816261410256641284e+03
3.136341653772617527e-16 6.512716301609708962e-17 5.817002783467927657e+03
4.107090754408907025e-16 6.506654962733653230e-17 5.817744162755862817e+03
5.127156773367008289e-16 6.478493735080560943e-17 5.818485548118684164e+03
4.244129652016830746e-16 6.493296576499281966e-17 5.819226939554640921e+03
4.228571015960859615e-16 6.514881525273395022e-17 5.819968337061969578e+03
6.227639393160630846e-16 6.516722297205357835e-17 5.820709740638914809e+03
3.685584881471856711e-16 6.535553381319762570e-17 5.821451150283719471e+03
5.312462741351166527e-16 6.529197441785051654e-17 5.822192565994624601e+03
6.281382374701394540e-16 6.533799551172707676e-17 5.822933987769869418e+03
3.332647970138676125e-16 6.542913511772425760e-17 5.823675415607702234e+03
4.723348262695063058e-16 6.544028802405469051e-17 5.824416849506361359e+03
5.042138672086594254e-16 6.540302892962835854e-17 5.825158289464088739e+03
5.278734409073113368e-16 6.541010805002163515e-17 5.825899735479129959e+03
4.264850955803700952e-16 6.546913911138923706e-17 5.826641187549723327e+03
4.499040580320985460e-16 6.545339494838600309e-17 5.827382645674111700e+03
4.762069404965548669e-16 6.533441266769606396e-17 5.828124109850537934e+03
4.800748088706569174e-16 6.538424465661133959e-17 5.828865580077244886e+03
5.295759552026576343e-16 6.531490859928546064e-17 5.829607056352474501e+03
5.835902521414118733e-16 6.528319537973833919e-17 5.830348538674468728e+03
3.028183011061770178e-16 6.525164202781903481e-17 5.831090027041468602e+03
5.826316792772441164e-16 6.521536086765818720e-17 5.831831521451718800e+03
3.288007820170334154e-16 6.520662981044230211e-17 5.832573021903459448e+03
3.477472866573865818e-16 6.522254609366893258e-17 5.833314528394932495e+03
5.674079068901237123e-16 6.520472879761514235e-17 5.834056040924382614e+03
4.458048771577689426e-16 6.518615492594621972e-17 5.834797559490047206e+03
4.300838711495098910e-16 6.528694667746893780e-17 5.835539084090173674e+03
3.546847845484174653e-16 6.531285084506877301e-17 5.836280614723002145e+03
4.347565215353902758e-16 6.528312808121076413e-17 5.837022151386774567e+03
6.052420059091573453e-16 6.541859181727059753e-17 5.837763694079731977e+03
5.049446534025384510e-16 6.542519178010692389e-17 5.838505242800119049e+03
5.214431059736732480e-16 6.540115690774649278e-17 5.839246797546175912e+03
5.558722500376528115e-16 6.537574695775471709e-17 5.839988358316146332e+03
5.159671264272803220e-16 6.550456617708544665e-17 5.840729925108273164e+03
6.023095097140319155e-16 6.547568454734350840e-17 5.841471497920794718e+03
5.536997666765090346e-16 6.538148382907643376e-17 5.842213076751955668e+03
4.281412428038046469e-16 6.562422275335603945e-17 5.842954661599999781e+03
5.501493859768986106e-16 6.526647409236838639e-17 5.843696252463165365e+03
3.605502702345335360e-16 6.556735449501867277e-17 5.844437849339698005e+03
3.980093993903660169e-16 6.596333046498304901e-17 5.845179452227839647e+03
7.123050967320771663e-16 6.605844960883104655e-17 5.845921061125831329e+03
2.783568189824495822e-16 6.719929238924837025e-17 5.846662676031914089e+03
5.297240502088965974e-16 6.555730064679487560e-17 5.847404296944332600e+03
6.025409040739150244e-16 6.547298957571108664e-17 5.848145923861327901e+03
5.126510299609574691e-16 6.552598565060686607e-17 5.848887556781141029e+03
3.962613027904035781e-16 6.551063669245270520e-17 5.849629195702014840e+03
5.418758277973119163e-16 6.548546032072843216e-17 5.850370840622194009e+03
4.189371628523241910e-16 6.547643852462182925e-17 5.851112491539916846e+03
3.236662836194794333e-16 6.543506394859563246e-17 5.851854148453427115e+03
5.254627699817313197e-16 6.533331746699709224e-17 5.852595811360969492e+03
4.046250179873572709e-16 6.539067093332202358e-17 5.853337480260783195e+03
4.476889847723433894e-16 6.536066266965736414e-17 5.854079155151110172e+03
5.372766657023599745e-16 6.555246487725356374e-17 5.854820836030194187e+03
5.050145036542132289e-16 6.560788846750368921e-17 5.855562522896276278e+03
4.150602039034154467e-16 6.522542324893690151e-17 5.856304215747599301e+03
4.965817099619519200e-16 6.511476813617794096e-17 5.857045914582406112e+03
2.618198912066295144e-16 6.508532640883354848e-17 5.857787619398937750e+03
4.444849614868207480e-16 6.511020870127821137e-17 5.858529330195435250e+03
5.146840124032440216e-16 6.505348340661457299e-17 5.859271046970143288e+03
4.525195628654157392e-16 6.505127607886536219e-17 5.860012769721304721e+03
2.738909373321700674e-16 6.537644848420859012e-17 5.860754498447156948e+03
3.903983898356853885e-16 6.570937267087346107e-17 5.861496233145947372e+03
5.735869483469339612e-16 6.630704216240830849e-17 5.862237973815916121e+03
4.075292649172770594e-16 6.698730241908120961e-17 5.862979720455305142e+03
5.467700586074063877e-16 6.780137596018806960e-17 5.863721473062356381e+03
3.749435019355979727e-16 6.856222879348528377e-17 5.864463231635312695e+03
4.743156344260690616e-16 6.901098564505111241e-17 5.865204996172415122e+03
5.744895719880648412e-16 6.939712298563573179e-17 5.865946766671907426e+03
3.294703852761900015e-16 6.965267483870394706e-17 5.866688543132029736e+03
3.150496981283165850e-16 6.985780359488084812e-17 5.867430325551029455e+03
5.810170553192887498e-16 7.022289039698496416e-17 5.868172113927139435e+03
4.015108882990349709e-16 7.003132497682346045e-17 5.868913908258611627e+03
4.665218710903418439e-16 7.037739282567025252e-17 5.869655708543681612e+03
4.755384708629940217e-16 7.060436700440114971e-17 5.870397514780595884e+03
4.931921637272532334e-16 7.066064750713292238e-17 5.871139326967593661e+03
4.158591220924184246e-16 7.084072238393548808e-17 5.871881145102917799e+03
5.593187457153649179e-16 7.104301254307729454e-17 5.872622969184811154e+03
3.594989279725374641e-16 7.119816055959749146e-17 5.873364799211514764e+03
4.199383249122394037e-16 7.116924231545025019e-17 5.874106635181274214e+03
5.773235991470560030e-16 7.092229822277427487e-17 5.874848477092325993e+03
4.821655104289718351e-16 7.053619461076348465e-17 5.875590324942915686e+03
5.112387576379093808e-16 6.995058955066702237e-17 5.876332178731287058e+03
4.243538249744066251e-16 6.922194641614250141e-17 5.877074038455681148e+03
5.103316280496442142e-16 6.842742451361423042e-17 5.877815904114337172e+03
1.322482641247977965e-16 6.784596519649283414e-17 5.878557775705500717e+03
4.141372855167039977e-16 6.752968348491822451e-17 5.879299653227411909e+03
5.290831502274504262e-16 6.733391197521581682e-17 5.880041536678312696e+03
4.566329557611106000e-16 6.735365497227460342e-17 5.880783426056450480e+03
3.398259711285350214e-16 6.731119323495224436e-17 5.881525321360060843e+03
4.287962789610811484e-16 6.758129755920155190e-17 5.882267222587388460e+03
4.732595936455161589e-16 6.767441289105446564e-17 5.883009129736674367e+03
4.336694405548103185e-16 6.877243892455202753e-17 5.883751042806165060e+03
5.814389224490569742e-16 7.125138214067182063e-17 5.884492961794099756e+03
4.237423741767432063e-16 7.737258606340973490e-17 5.885234886698717673e+03
3.073038192929486412e-16 8.611163677723355576e-17 5.885976817518263488e+03
4.729321421481422840e-16 9.444361967101655551e-17 5.886718754250983693e+03
4.759310385577591680e-16 1.005120587174482630e-16 5.887460696895113870e+03
4.733057684302769097e-16 1.031618239573816475e-16 5.888202645448898693e+03
1.646309720866583302e-16 1.038023518407470196e-16 5.888944599910581928e+03
7.112187782382605774e-16 1.039636922968398370e-16 5.889686560278404613e+03
5.332080833134557056e-16 1.046947901513885772e-16 5.890428526550606875e+03
3.211849313731503325e-16 1.070950694509910747e-16 5.891170498725434300e+03
4.634467781672072685e-16 1.109068908557512978e-16 5.891912476801127013e+03
2.434811965320597764e-16 1.148372653742265492e-16 5.892654460775927873e+03
7.179111106797904934e-16 1.180954269693602836e-16 5.893396450648080645e+03
4.788060335548778272e-16 1.187928766868403824e-16 5.894138446415823637e+03
4.788535686524914962e-16 1.193490971079655611e-16 5.894880448077401525e+03
5.989692501608881671e-16 1.190904938446866425e-16 5.895622455631056255e+03
4.834311127920761892e-16 1.192885576727911067e-16 5.896364469075029774e+03
3.501392276633842824e-16 1.191518879146638511e-16 5.897106488407565848e+03
1.178097549776289205e-16 1.179211365388011823e-16 5.897848513626902786e+03
1.481731943819239223e-16 1.156016140860399794e-16 5.898590544731288901e+03
-1.974988116046498547e-18 1.100337266706765253e-16 5.899332581718959773e+03
5.162238774112496246e-16 1.030659796564892004e-16 5.900074624588160987e+03
4.481193304691898094e-16 9.625757438285889427e-17 5.900816673337136308e+03
5.541128300407352274e-16 9.163283038952212825e-17 5.901558727964124046e+03
5.871819329751268361e-16 9.044056030818231187e-17 5.902300788467369784e+03
5.545814380792124110e-16 9.015514837243489359e-17 5.903042854845113652e+03
3.580891279392432013e-16 8.961627622220605853e-17 5.903784927095598505e+03
2.242063867511735967e-16 8.799595911721329741e-17 5.904527005217066289e+03
2.829121046150961390e-16 8.402254119047338791e-17 5.905269089207760771e+03
3.908707500291601863e-16 7.863938070398953728e-17 5.906011179065921169e+03
6.582102344765995237e-16 7.330069376193611998e-17 5.906753274789791249e+03
5.485125883484904478e-16 6.946551303121279981e-17 5.907495376377613866e+03
2.928405159407760875e-16 6.821734318593233101e-17 5.908237483827630967e+03
3.867141739594308996e-16 6.797352448348865517e-17 5.908979597138082681e+03
5.576672137593974598e-16 6.808226043385593461e-17 5.909721716307214592e+03
4.756191139771097882e-16 6.829086991096231732e-17 5.910463841333268647e+03
5.116474857817980369e-16 6.889722102466557059e-17 5.911205972214484063e+03
6.394964981208781797e-16 6.965343256057323290e-17 5.911948108949104608e+03
2.898115376790435580e-16 7.016311678664059824e-17 5.912690251535371317e+03
4.885938929969194652e-16 7.053936789280538573e-17 5.913432399971528866e+03
5.938951347070633413e-16 7.045256393494163317e-17 5.914174554255818293e+03
5.154675957083180209e-16 7.053995808488350523e-17 5.914916714386481544e+03
4.873767388206749743e-16 7.029872302428899929e-17 5.915658880361760566e+03
5.694279782340486159e-16 7.009717113824396059e-17 5.916401052179897306e+03
3.943438417613787987e-16 6.991812370829948408e-17 5.917143229839136438e+03
3.412916305421836786e-16 6.981043789447477871e-17 5.917885413337717182e+03
5.504807578680983594e-16 6.995420677618241632e-17 5.918627602673882393e+03
5.583741252573693079e-16 6.968338638306310947e-17 5.919369797845873109e+03
6.186453559482297927e-16 6.976097662797689259e-17 5.920111998851937642e+03
4.511452563550449258e-16 7.020559491348939898e-17 5.920854205690311574e+03
6.137499887769028843e-16 7.053433271937032883e-17 5.921596418359238669e+03
3.261316197519295148e-16 7.072153161055733362e-17 5.922338636856962694e+03
4.622642365597484709e-16 7.074659477985272284e-17 5.923080861181724686e+03
6.075131191839253809e-16 7.058492639855529601e-17 5.923823091331765681e+03
4.538625919376816745e-16 7.015015520468451899e-17 5.924565327305330356e+03
4.048099684131201754e-16 6.946873520903146657e-17 5.925307569100659748e+03
5.740889191015575621e-16 6.858317525920473460e-17 5.926049816715994893e+03
3.572088670341513044e-16 6.812341533827335481e-17 5.926792070149580468e+03
4.789598735281432437e-16 6.809700029737404564e-17 5.927534329399658418e+03
5.433015633049499084e-16 6.863661349503725674e-17 5.928276594464468872e+03
5.047866562047532803e-16 6.939471142864696336e-17 5.929018865342253775e+03
5.707444144266098197e-16 7.030475756162424588e-17 5.929761142031258714e+03
5.584743281394124795e-16 7.098648756281271644e-17 5.930503424529722906e+03
4.079856395666931461e-16 7.122455432793454440e-17 5.931245712835889208e+03
4.268950287512743579e-16 7.108593940403794910e-17 5.931988006947998656e+03
3.721281921701382309e-16 7.096483182386852953e-17 5.932730306864298655e+03
4.278231238580601366e-16 7.080654080457201195e-17 5.933472612583025693e+03
5.163343203497304992e-16 7.066065838660730743e-17 5.934214924102423538e+03
4.190878669272252164e-16 7.027263588244765276e-17 5.934957241420735045e+03
3.100488226194010442e-16 6.995615532986794018e-17 5.935699564536201251e+03
6.677340033022988299e-16 6.969741015606755268e-17 5.936441893447066832e+03
4.893590156045182204e-16 6.962000434577367421e-17 5.937184228151571915e+03
4.131810542286327737e-16 6.956097984700676182e-17 5.937926568647960266e+03
4.509085162216011409e-16 6.956739180473437500e-17 5.938668914934470195e+03
4.243052145717659798e-16 6.952729123834534418e-17 5.939411267009349103e+03
4.638214996687070528e-16 6.959147461197294676e-17 5.940153624870836211e+03
3.571657147705606203e-16 6.970104920630880022e-17 5.940895988517175283e+03
5.240738151583279902e-16 6.952291073412576645e-17 5.941638357946605538e+03
2.806933304367228373e-16 6.901865031478022148e-17 5.942380733157371651e+03
5.457121608562871663e-16 6.842575140253316881e-17 5.943123114147717388e+03
5.705035899190766226e-16 6.792988158618716144e-17 5.943865500915881057e+03
2.536184995340167978e-16 6.738545990705092353e-17 5.944607893460108244e+03
4.508819096788096551e-16 6.718386202027908598e-17 5.945350291778637256e+03
3.937804876242913189e-16 6.772161337609001286e-17 5.946092695869716408e+03
3.039429690512379480e-16 6.779156685214204235e-17 5.946835105731583099e+03
4.657859683206725672e-16 6.773641293873227441e-17 5.947577521362478365e+03
3.963167285064049256e-16 6.769544085629843314e-17 5.948319942760646882e+03
4.056874252497467672e-16 6.816844489723292325e-17 5.949062369924333325e+03
3.777695191847242953e-16 6.894241736997854109e-17 5.949804802851776913e+03
6.637852459859296525e-16 6.953119052026386244e-17 5.950547241541220501e+03
2.720639516800697149e-16 6.997633414754012956e-17 5.951289685990903308e+03
5.247027124092562761e-16 7.018320230972426352e-17 5.952032136199073648e+03
5.224364478629203048e-16 7.020207548362762861e-17 5.952774592163967100e+03
2.266693695218828027e-16 7.014582297322269702e-17 5.953517053883831068e+03
3.257426778145142132e-16 7.014259282860759642e-17 5.954259521356905680e+03
3.731332163191104014e-16 6.990376446192770117e-17 5.955001994581432882e+03
4.548498890740805330e-16 6.966543789715377461e-17 5.955744473555656441e+03
3.434305665469806288e-16 6.948414446313506827e-17 5.956486958277815575e+03
5.237369279499291519e-16 6.913786836082903290e-17 5.957229448746154958e+03
1.990737116882432655e-16 6.903752201726371667e-17 5.957971944958917447e+03
4.152804356578909005e-16 6.897213511340067770e-17 5.958714446914343171e+03
3.708477030876309889e-16 6.902656362752669383e-17 5.959456954610674984e+03
3.830653687734311668e-16 6.898521850019545843e-17 5.960199468046155744e+03
3.179153608972660171e-16 6.913588999799758828e-17 5.960941987219027396e+03
3.427762150501882791e-16 6.905267040162079193e-17 5.961684512127529160e+03
4.322871871413300747e-16 6.870853359002396737e-17 5.962427042769909349e+03
4.859233053157974010e-16 6.806469159263021829e-17 5.963169579144405361e+03
5.799095624463524000e-16 6.732347564708151615e-17 5.963912121249260963e+03
3.530458069467361052e-16 6.683813416148565811e-17 5.964654669082719920e+03
4.732444365247020397e-16 6.670058643227315019e-17 5.965397222643020541e+03
4.372766356214714667e-16 6.683782139876220892e-17 5.966139781928408411e+03
4.470739582195526339e-16 6.692069196905197538e-17 5.966882346937125476e+03
3.072197583055847415e-16 6.717209055282693895e-17 5.967624917667411864e+03
3.221283743717154466e-16 6.737947484797646353e-17 5.968367494117510432e+03
5.949195675079444116e-16 6.743816203246370235e-17 5.969110076285665855e+03
5.467966075694901162e-16 6.749087871218102480e-17 5.969852664170117350e+03
4.731545029272636174e-16 6.723912296343797747e-17 5.970595257769109594e+03
4.409050787893426609e-16 6.726714648787842006e-17 5.971337857080882713e+03
2.068861163965626938e-16 6.742120469038684787e-17 5.972080462103678656e+03
5.079764760541396090e-16 6.763084134034664732e-17 5.972823072835743005e+03
5.150429357482677475e-16 6.811727475659785080e-17 5.973565689275315890e+03
3.929049798438086225e-16 6.865520764492331615e-17 5.974308311420634709e+03
3.990219355593419432e-16 6.864319841243704656e-17 5.975050939269949595e+03
4.057689395372374575e-16 6.885004319571525829e-17 5.975793572821498856e+03
5.507299308965850783e-16 6.859629534683656064e-17 5.976536212073526258e+03
7.916151441497067681e-16 6.846470316461294463e-17 5.977278857024272838e+03
4.603260275843862782e-16 6.840130688089526703e-17 5.978021507671980544e+03
2.945632857822975807e-16 6.834497394482339663e-17 5.978764164014890412e+03
4.747946480364887428e-16 6.830219049632650211e-17 5.979506826051248936e+03
4.683215181852873222e-16 6.804909432384730732e-17 5.980249493779294426e+03
4.963652072740851192e-16 6.797447735017479686e-17 5.980992167197271556e+03
4.122801673097603111e-16 6.777352354982692384e-17 5.981734846303419545e+03
5.900225361219291299e-16 6.772834344408639254e-17 5.982477531095983068e+03
4.304685019034682104e-16 6.778168751721758525e-17 5.983220221573203162e+03
3.317656818803562705e-16 6.768891781962730310e-17 5.983962917733324502e+03
5.145477066027654504e-16 6.767834510864717419e-17 5.984705619574586308e+03
4.612651452782206761e-16 6.754969049303221315e-17 5.985448327095231434e+03
4.190389856142352894e-16 6.749472735835955607e-17 5.986191040293504557e+03
5.446920269610468884e-16 6.686088910875501049e-17 5.986933759167643075e+03
4.891762307719129992e-16 6.638489963802563801e-17 5.987676483715893482e+03
3.336843127026918865e-16 6.604625570449152114e-17 5.988419213936496817e+03
4.200774224866744482e-16 6.591012192407643997e-17 5.989161949827694116e+03
3.454182031689322833e-16 6.579766298593871806e-17 5.989904691387728235e+03
5.445727637081878943e-16 6.573261012525805473e-17 5.990647438614842031e+03
6.573157383947359765e-16 6.569857617673261822e-17 5.991390191507278359e+03
2.543628409422204321e-16 6.572122696767918735e-17 5.992132950063278258e+03
4.878396302182181771e-16 6.574626136937224766e-17 5.992875714281082765e+03
4.488603072118795043e-16 6.577864442520298819e-17 5.993618484158936553e+03
4.956689533081318081e-16 6.592441384848391079e-17 5.994361259695078843e+03
4.798766386200508776e-16 6.588542349779279419e-17 5.995104040887756128e+03
4.119154336180567813e-16 6.572485569324529312e-17 5.995846827735208535e+03
4.937702496379410355e-16 6.577751709910641910e-17 5.996589620235676193e+03
2.781623566035967812e-16 6.569274047431591967e-17 5.997332418387403777e+03
3.662982626679627093e-16 6.570212717361096905e-17 5.998075222188632324e+03
6.360386939500995144e-16 6.572666655144078028e-17 5.998818031637605600e+03
4.094252759711656168e-16 6.591248857826552644e-17 5.999560846732565551e+03
4.821902303019745838e-16 6.618943518009102810e-17 6.000303667471751396e+03
4.352839260341263674e-16 6.620331976173620146e-17 6.001046493853408720e+03
5.337844771403756195e-16 6.626998721017794393e-17 6.001789325875779468e+03
3.248838574959731721e-16 6.622682324517844607e-17 6.002532163537104680e+03
3.806596084688981218e-16 6.627439037778036091e-17 6.003275006835625391e+03
5.254651001071859152e-16 6.614578903290519922e-17 6.004017855769587186e+03
4.653548792717142124e-16 6.598571636853249730e-17 6.004760710337228375e+03
4.113401038288314377e-16 6.593270717365885527e-17 6.005503570536793632e+03
4.590996717963262761e-16 6.583400150118023570e-17 6.006246436366527632e+03
5.856878005474620324e-16 6.576783086875358523e-17 6.006989307824667776e+03
3.645256579267587829e-16 6.556069130438193658e-17 6.007732184909458738e+03
2.826666512946437365e-16 6.532843320475408862e-17 6.008475067619141555e+03
4.297924149434413232e-16 6.524610292662019239e-17 6.009217955951959993e+03
4.593830661781285811e-16 6.504970061203443905e-17 6.009960849906154181e+03
5.256237193792958116e-16 6.491719325781990939e-17 6.010703749479969701e+03
4.771254257506631359e-16 6.491386112481645047e-17 6.011446654671644865e+03
3.717165861669071379e-16 6.471886615153686082e-17 6.012189565479424346e+03
4.034328726402263916e-16 6.451000907378795653e-17 6.012932481901550091e+03
4.915112060712238582e-16 6.421192749280647372e-17 6.013675403936264047e+03
5.178758957270584807e-16 6.406943232605570439e-17 6.014418331581807251e+03
4.108392807350647997e-16 6.415845947872188229e-17 6.015161264836424380e+03
4.881956247935332336e-16 6.368480633437391612e-17 6.015904203698357378e+03
5.522137409821028077e-16 6.366299585385750818e-17 6.016647148165844555e+03
3.689508898575253577e-16 6.370642348174876803e-17 6.017390098237132406e+03
4.943248421889430038e-16 6.375904538913977113e-17 6.018133053910461967e+03
4.716470577940499924e-16 6.372294686728329111e-17 6.018876015184076095e+03
4.509362598526288216e-16 6.383065657862743435e-17 6.019618982056215827e+03
5.793041265285752958e-16 6.383600694788317663e-17 6.020361954525122201e+03
5.565581834991571683e-16 6.340641329861940693e-17 6.021104932589039890e+03
4.220424076364961697e-16 6.355458425682379742e-17 6.021847916246209934e+03
4.810466342108365780e-16 6.360671084498430380e-17 6.022590905494876097e+03
3.548208010846671973e-16 6.360172184250329278e-17 6.023333900333278507e+03
5.199059402135765395e-16 6.354422399783555237e-17 6.024076900759659111e+03
5.618294071491115223e-16 6.361954292433681779e-17 6.024819906772261675e+03
6.103851108884417137e-16 6.358033166032827201e-17 6.025562918369329964e+03
4.601679260289225396e-16 6.359590961314004564e-17 6.026305935549102287e+03
3.134206463464395816e-16 6.351897530931289774e-17 6.027048958309823320e+03
4.146593864697724368e-16 6.388449002315089314e-17 6.027791986649736828e+03
5.161208947968990131e-16 6.404038875528173716e-17 6.028535020567080210e+03
2.777791798388191502e-16 6.348786574718623365e-17 6.029278060060099961e+03
4.747643185379018862e-16 6.347581190125045621e-17 6.030021105127036208e+03
5.469650275869727030e-16 6.353514648617403845e-17 6.030764155766133626e+03
3.810269355775898643e-16 6.358045053181862323e-17 6.031507211975631435e+03
6.144964759665062377e-16 6.360486742152772799e-17 6.032250273753772490e+03
3.161484076789105083e-16 6.352307403556081519e-17 6.032993341098799647e+03
6.031374773604783483e-16 6.346187146063224218e-17 6.033736414008953943e+03
4.386205923555149066e-16 6.347893935424411233e-17 6.034479492482480055e+03
5.399669668793851100e-16 6.343319475300146925e-17 6.035222576517619927e+03
3.663486537878846237e-16 6.348749312760858301e-17 6.035965666112613690e+03
3.702013627151718025e-16 6.345374976797026221e-17 6.036708761265704197e+03
4.646548024091600931e-16 6.346541147294403491e-17 6.037451861975136126e+03
2.823085040804129301e-16 6.351578642547676048e-17 6.038194968239147784e+03
4.877129049847171615e-16 6.399043363499333807e-17 6.038938080055984756e+03
2.981413263469978013e-16 6.336620338743273675e-17 6.039681197423886260e+03
3.930886961464673130e-16 6.466055176461599886e-17 6.040424320341096973e+03
5.979998502570734807e-16 6.580956296594457225e-17 6.041167448805857930e+03
4.589640651256990934e-16 6.363280968198051039e-17 6.041910582816411988e+03
4.099712024066294019e-16 6.324731679746754024e-17 6.042653722371002004e+03
4.058960583487853617e-16 6.317405864043012466e-17 6.043396867467867196e+03
5.752935348364653682e-16 6.310918563215055835e-17 6.044140018105253148e+03
4.625112174925904990e-16 6.298118140083584953e-17 6.044883174281400898e+03
5.038340787542775981e-16 6.292160143178204029e-17 6.045626335994552392e+03
6.350591061363338922e-16 6.244578122034887993e-17 6.046369503242951396e+03
5.243673979101067499e-16 6.255127519095769116e-17 6.047112676024838038e+03
3.825245844821130271e-16 6.239248295714711162e-17 6.047855854338454265e+03
4.228894448166472351e-16 6.233702264857017965e-17 6.048599038182044751e+03
4.716914900853978482e-16 6.227156854832588554e-17 6.049342227553848716e+03
4.681036622583992043e-16 6.216803990840284861e-17 6.050085422452113562e+03
5.154597645534109923e-16 6.218588170016524590e-17 6.050828622875073961e+03
3.887969451128445160e-16 6.202480895719453075e-17 6.051571828820978226e+03
3.312872789454376290e-16 6.199169373506972344e-17 6.052315040288066484e+03
6.167232625162464869e-16 6.211565762077981061e-17 6.053058257274580683e+03
4.226719892446139239e-16 6.205532858622839083e-17 6.053801479778762769e+03
2.596334943669137836e-16 6.197741306654971674e-17 6.054544707798857416e+03
6.091816607533701196e-16 6.199734454121552602e-17 6.055287941333104754e+03
3.956878968232117850e-16 6.191359935324745342e-17 6.056031180379744910e+03
3.176369887605833285e-16 6.194725172783081469e-17 6.056774424937024378e+03
5.735879787382334366e-16 6.209821244176752274e-17 6.057517675003185104e+03
4.055434690787046283e-16 6.170447637032652366e-17 6.058260930576465398e+03
4.483189381442782318e-16 6.171630216042754628e-17 6.059004191655109935e+03
5.829845361570530856e-16 6.168996672159984990e-17 6.059747458237361570e+03
5.498799270296144563e-16 6.161746694577432350e-17 6.060490730321461342e+03
3.052119898410200435e-16 6.151881801534977884e-17 6.061234007905653925e+03
4.347787438240722799e-16 6.146252455995363425e-17 6.061977290988175810e+03
5.543634186056882265e-16 6.162021394017050308e-17 6.062720579567278037e+03
4.393709444592037091e-16 6.168513689833048535e-17 6.063463873641194368e+03
5.174403978015650667e-16 6.169590172020479018e-17 6.064207173208170389e+03
4.982990279921396606e-16 6.175737281832572192e-17 6.064950478266449863e+03
3.284879916836849166e-16 6.174726242054512093e-17 6.065693788814273830e+03
3.688311525181821192e-16 6.162633942100347973e-17 6.066437104849884236e+03
5.226914825601013882e-16 6.167704776339348254e-17 6.067180426371522117e+03
3.913617678503793655e-16 6.165172690407238212e-17 6.067923753377432149e+03
4.824326986848602438e-16 6.160488113282425416e-17 6.068667085865856279e+03
5.171707483353156853e-16 6.153451082221883769e-17 6.069410423835033725e+03
4.072661473871023320e-16 6.154829773920493162e-17 6.070153767283210072e+03
3.838595157174952506e-16 6.164328764512181184e-17 6.070897116208626358e+03
5.179385434176153873e-16 6.117995909796038005e-17 6.071640470609525437e+03
2.810294540296455237e-16 6.115444216545825907e-17 6.072383830484148348e+03
4.867455463031970168e-16 6.114713888826412180e-17 6.073127195830737037e+03
5.768079892444489103e-16 6.121886704696089827e-17 6.073870566647536180e+03
3.134643815064457819e-16 6.116186125384605635e-17 6.074613942932786813e+03
5.043723411697437783e-16 6.109840282954485691e-17 6.075357324684728155e+03
3.904779504008202860e-16 6.099100878689479957e-17 6.076100711901608520e+03
3.839229464102370722e-16 6.073322134135207938e-17 6.076844104581664396e+03
4.692906910158816171e-16 6.065485089592195076e-17 6.077587502723139551e+03
3.964183710997625134e-16 6.036005967621636560e-17 6.078330906324278658e+03
4.386378623864256785e-16 6.033628389098760123e-17 6.079074315383323665e+03
3.942854418528566011e-16 6.019458550284599629e-17 6.079817729898513790e+03
4.828521700430293554e-16 6.014359636144450795e-17 6.080561149868093707e+03
4.078896217311735255e-16 6.012075290957690622e-17 6.081304575290303546e+03
5.198129794726747022e-16 6.007456367312408692e-17 6.082048006163387981e+03
4.099668501304159235e-16 5.991115163945192535e-17 6.082791442485588050e+03
4.376195412148287679e-16 5.994047394270624010e-17 6.083534884255147517e+03
5.389145787318196932e-16 5.980350151047969282e-17 6.084278331470304693e+03
5.917501564778533738e-16 5.976593267344088206e-17 6.085021784129306980e+03
3.729116238296628549e-16 5.979762939703712597e-17 6.085765242230392687e+03
1.834770112565585612e-16 5.986922374642727738e-17 6.086508705771805580e+03
4.569575138900090925e-16 5.975484028129383439e-17 6.087252174751785788e+03
4.564525741985388972e-16 5.979647083331060408e-17 6.087995649168580712e+03
4.576497611970057987e-16 5.988730415241529304e-17 6.088739129020426844e+03
4.000942550110800761e-16 5.988169101030875789e-17 6.089482614305570678e+03
4.350720966909043239e-16 5.992654907923005081e-17 6.090226105022251431e+03
5.672243431300723580e-16 5.989632394444104242e-17 6.090969601168713780e+03
5.202773686481670561e-16 5.996508689597011766e-17 6.091713102743197851e+03
3.888245007962758069e-16 5.999400759653941250e-17 6.092456609743947411e+03
3.313073519022568079e-16 6.001662241316077775e-17 6.093200122169204406e+03
3.646829479664539989e-16 6.062998748204336964e-17 6.093943640017210782e+03
6.273437580350452716e-16 5.999184497346676472e-17 6.094687163286207578e+03
4.288471398047814587e-16 6.029161858976699837e-17 6.095430691974439469e+03
4.872755958696384930e-16 6.018503341002660471e-17 6.096174226080147491e+03
4.820236271956977231e-16 5.969480325347359135e-17 6.096917765601574501e+03
3.151538331395021757e-16 5.974390402423024741e-17 6.097661310536959718e+03
4.902785835875574762e-16 5.978429575645341249e-17 6.098404860884550544e+03
4.746578920032139482e-16 5.969628899009329627e-17 6.099148416642585289e+03
2.560163923786429948e-16 5.973851464732053498e-17 6.099891977809307718e+03
4.086198478343312812e-16 5.982045320331818071e-17 6.100635544382959779e+03
4.492270549680078865e-16 5.988340853882190004e-17 6.101379116361781598e+03
4.205874078224374979e-16 5.995238589209831339e-17 6.102122693744020580e+03
4.776787743610904371e-16 5.998639599633176484e-17 6.102866276527913215e+03
5.382435090515278864e-16 6.003545132496963369e-17 6.103609864711706905e+03
3.303953686959154007e-16 6.004071574771764761e-17 6.104353458293639960e+03
4.348944507007329049e-16 6.002536090151366507e-17 6.105097057271956146e+03
5.073081738409797101e-16 5.992655492292843607e-17 6.105840661644899228e+03
4.900406355611119847e-16 5.992240020525733754e-17 6.106584271410709334e+03
4.091477980770437693e-16 5.978171250587395141e-17 6.107327886567628411e+03
4.277097848939469119e-16 5.979285322046284167e-17 6.108071507113898406e+03
4.487812300200404618e-16 5.984089132264052034e-17 6.108815133047764903e+03
3.640860119319002846e-16 6.006588488328287358e-17 6.109558764367466210e+03
4.025915804364045203e-16 5.964320797157268787e-17 6.110302401071248823e+03
4.333364134911063149e-16 5.957140593573181062e-17 6.111046043157348322e+03
5.123102300094162325e-16 5.965199447083043210e-17 6.111789690624015748e+03
4.937125436201435606e-16 5.971619994802315642e-17 6.112533343469485771e+03
3.359785182578923552e-16 5.954246110719391821e-17 6.113277001692005797e+03
4.883112952376208833e-16 5.954448609395978332e-17 6.114020665289813223e+03
4.531377725575854753e-16 5.961233528759819535e-17 6.114764334261155454e+03
4.830636518324393148e-16 6.006711857965413684e-17 6.115508008604271708e+03
3.605851261281345467e-16 7.972099968624830865e-17 6.116251688317403023e+03
4.707609461956507464e-16 8.703417790593223532e-17 6.116995373398794982e+03
5.910943771447176644e-16 6.724900063880855721e-17 6.117739063846687714e+03
3.680683283882351814e-16 6.837676558873527963e-17 6.118482759659322255e+03
6.550601024056486069e-16 6.240864320572062125e-17 6.119226460834944191e+03
3.300044945055666536e-16 6.967391573688845987e-17 6.119970167371795469e+03
4.039473068006577269e-16 5.919727583754113262e-17 6.120713879268115306e+03
4.019775186862170254e-16 1.131110964170214546e-16 6.121457596522148378e+03
5.288856779271360249e-16 5.828237605542836839e-17 6.122201319132136632e+03
5.619087687754988622e-16 5.808832668999416250e-17 6.122945047096321105e+03
5.160533332227312531e-16 5.805817779495714697e-17 6.123688780412945562e+03
4.702794205575995541e-16 6.024705038165379660e-17 6.124432519080250131e+03
1.356313861114379812e-16 5.777068045558408478e-17 6.125176263096478579e+03
5.390483880068628998e-16 5.776292688281952596e-17 6.125920012459874670e+03
4.980988233281908111e-16 5.799335474186910128e-17 6.126663767168678532e+03
4.904740456268234734e-16 5.782603345503273605e-17 6.127407527221132113e+03
4.150614651254319567e-16 5.841058711951855743e-17 6.128151292615478269e+03
3.642789296310026402e-16 8.450666236858469816e-17 6.128895063349961674e+03
3.670024987235011184e-16 9.794684270052832684e-17 6.129638839422818819e+03
5.103402883915423670e-16 7.055272673595818440e-17 6.130382620832297107e+03
4.969196974557739450e-16 6.296090546867436913e-17 6.131126407576638485e+03
3.724420512676374693e-16 6.036423014049480719e-17 6.131870199654082171e+03
3.497122264629014891e-16 5.860809326021649367e-17 6.132613997062871931e+03
5.004212829470037131e-16 5.882013796995169360e-17 6.133357799801253350e+03
4.944023817613336950e-16 5.888356531651762550e-17 6.134101607867462008e+03
4.635562979111352320e-16 5.966880690946716620e-17 6.134845421259744398e+03
3.651591118634157389e-16 5.925904738577612047e-17 6.135589239976343379e+03
4.057945018148566144e-16 5.935856905392236132e-17 6.136333064015498167e+03
4.434732983013643839e-16 5.951116913216268316e-17 6.137076893375454347e+03
4.925217541759322757e-16 5.960926656447941739e-17 6.137820728054452047e+03
3.145638021349103741e-16 5.964364988654460946e-17 6.138564568050734124e+03
5.260298904675865636e-16 5.988729427606374436e-17 6.139308413362542524e+03
5.339245402106314601e-16 6.003082326416341913e-17 6.140052263988120103e+03
4.571865454222525618e-16 6.021499667769614650e-17 6.140796119925707899e+03
3.164267288492776949e-16 6.055017476661087732e-17 6.141539981173549677e+03
5.904925029835147394e-16 6.062210971907619324e-17 6.142283847729886475e+03
3.162023491796335300e-16 6.071819320226495276e-17 6.143027719592961148e+03
2.825066233709195439e-16 6.080888761760393763e-17 6.143771596761016554e+03
5.486567424820860733e-16 6.353585128726747837e-17 6.144515479232293728e+03
3.286794613327029907e-16 6.175527312526995538e-17 6.145259367005035529e+03
5.088084030557920201e-16 6.074862723434927991e-17 6.146003260077484811e+03
4.120252699166708234e-16 6.080918646616967504e-17 6.146747158447881702e+03
4.168247786736818629e-16 6.052441832542947815e-17 6.147491062114471788e+03
3.623145061558530419e-16 6.039314057724930793e-17 6.148234971075494286e+03
2.068259074845218317e-16 6.041005759576704236e-17 6.148978885329192053e+03
6.637919326766142536e-16 6.026330520714031782e-17 6.149722804873808855e+03
3.439521453032456323e-16 6.015247585301339063e-17 6.150466729707586637e+03
5.315139821349267156e-16 6.016796010198954318e-17 6.151210659828766438e+03
3.443360326377978923e-16 6.013151598048604252e-17 6.151954595235591114e+03
5.387881594135393663e-16 6.017077308170958975e-17 6.152698535926301702e+03
3.075399780468360307e-16 6.011019883597388817e-17 6.153442481899142877e+03
4.844785127037828949e-16 6.010840855370024192e-17 6.154186433152355676e+03
2.878985171771206859e-16 5.990180931845714153e-17 6.154930389684182956e+03
3.988440214328466714e-16 5.984145676192550229e-17 6.155674351492865753e+03
5.016474791945832085e-16 5.985944283036352313e-17 6.156418318576646016e+03
3.509826370211911648e-16 5.981692103399883112e-17 6.157162290933768418e+03
4.525813488817928257e-16 5.978317933163981819e-17 6.157906268562473997e+03
5.004047498514531910e-16 5.983148148164745912e-17 6.158650251461003791e+03
3.004304747514170072e-16 5.978630491695956424e-17 6.159394239627599745e+03
4.744938162723115978e-16 5.976074753551700513e-17 6.160138233060506536e+03
5.334719700988780044e-16 5.959364022597325746e-17 6.160882231757966110e+03
5.911414144215642100e-16 5.949382163303303574e-17 6.161626235718218595e+03
5.348546726863519712e-16 5.934932658682452944e-17 6.162370244939507756e+03
4.459612216908354221e-16 5.927296880591135004e-17 6.163114259420077360e+03
4.096786267808891245e-16 5.932755922775134946e-17 6.163858279158165715e+03
4.784834302404830740e-16 5.932311848742824042e-17 6.164602304152018405e+03
3.497009867483960214e-16 5.931578198562697221e-17 6.165346334399877378e+03
5.123234188270753453e-16 5.950080379339676310e-17 6.166090369899982761e+03
5.536938534203940212e-16 5.980827637500815663e-17 6.166834410650577411e+03
3.528093802979529819e-16 6.018274945301207869e-17 6.167578456649906002e+03
3.461980995993930444e-16 6.020152502610041815e-17 6.168322507896207753e+03
4.643292874139663600e-16 6.032718270180666853e-17 6.169066564387727340e+03
4.407547216183722578e-16 6.021733992393559692e-17 6.169810626122705798e+03
2.721955075370399637e-16 6.019287435541383904e-17 6.170554693099384167e+03
5.002376134557855050e-16 6.031233040601206460e-17 6.171298765316008939e+03
5.380179504451331938e-16 6.052796208272217967e-17 6.172042842770817515e+03
3.469471553014722341e-16 6.055556159842008105e-17 6.172786925462054569e+03
3.740031267682005023e-16 6.045355038736159623e-17 6.173531013387962048e+03
5.545612260317709575e-16 6.070815256145268779e-17 6.174275106546782808e+03
5.451705876974246043e-16 6.071856253152684191e-17 6.175019204936756978e+03
3.668218149019558617e-16 6.061952914719560531e-17 6.175763308556129232e+03
4.356008589257301670e-16 6.067399818092413957e-17 6.176507417403141517e+03
5.720242184688452441e-16 6.075181559176874831e-17 6.177251531476033051e+03
4.358254696371779230e-16 6.069355717541522445e-17 6.177995650773051239e+03
4.033015059305890765e-16 6.077457902045624142e-17 6.178739775292433478e+03
2.830086759135078600e-16 6.050735403490282707e-17 6.179483905032424445e+03
4.997196993587213796e-16 6.004355899584363051e-17 6.180228039991267906e+03
5.667068043938613449e-16 5.978771182589436913e-17 6.180972180167202168e+03
3.231587797163155428e-16 5.951061819886540185e-17 6.181716325558473727e+03
4.349001953112360880e-16 5.928297202005242141e-17 6.182460476163321800e+03
4.258335321396143822e-16 5.926705737971357651e-17 6.183204631979989244e+03
3.804310424153615956e-16 5.923570472035800317e-17 6.183948793006718915e+03
4.267845276659120701e-16 5.917262547709245422e-17 6.184692959241752760e+03
3.933410621166466373e-16 5.914812789466793831e-17 6.185437130683330906e+03
3.801018893602459430e-16 5.902608069804189867e-17 6.186181307329701667e+03
3.801022344143606543e-16 5.888533253054031474e-17 6.186925489179102442e+03
4.968015259408000794e-16 5.917826279153411033e-17 6.187669676229776087e+03
4.739221463015049511e-16 7.038406668951198409e-17 6.188413868479965458e+03
4.176403461734418922e-16 7.704329462003655521e-17 6.189158065927911593e+03
4.466035038890231856e-16 5.977509822407029447e-17 6.189902268571859167e+03
3.519244748800798700e-16 5.904479877796712106e-17 6.190646476410048308e+03
4.259727474501866838e-16 5.910950224689212118e-17 6.191390689440722781e+03
6.519096005724640820e-16 5.909081155820205559e-17 6.192134907662121805e+03
1.928844140346736558e-16 5.929626472296865723e-17 6.192879131072493692e+03
5.003641666261047687e-16 5.899969975611614664e-17 6.193623359670074933e+03
4.470619696415621657e-16 5.885875898781036404e-17 6.194367593453109293e+03
4.590256595422429283e-16 5.875377372627628190e-17 6.195111832419840539e+03
3.661740861258012421e-16 5.862875091094863671e-17 6.195856076568511526e+03
2.638266853823916906e-16 5.866661919629611424e-17 6.196600325897359653e+03
4.192026236054226110e-16 5.875734683907537467e-17 6.197344580404633234e+03
5.365176914313651478e-16 5.888922128961900919e-17 6.198088840088570578e+03
3.991867486356108574e-16 5.900697134497001470e-17 6.198833104947415450e+03
4.384736634766366562e-16 5.945015092154813017e-17 6.199577374979410706e+03
1.965053411517658512e-16 5.982452788911107933e-17 6.200321650182797384e+03
5.335794548185840644e-16 5.995821727010907527e-17 6.201065930555817431e+03
4.557641259486324357e-16 5.995497300184417922e-17 6.201810216096712793e+03
4.218950640996493470e-16 5.998987678714707503e-17 6.202554506803728145e+03
3.762372775877419151e-16 5.986500757304411811e-17 6.203298802675104525e+03
4.941282165768903812e-16 5.979218112111980820e-17 6.204043103709085699e+03
3.861654950345484534e-16 5.983716339645224649e-17 6.204787409903908156e+03
5.693370610821702710e-16 5.969275269401664142e-17 6.205531721257820209e+03
3.632106050141661460e-16 5.978461145665158308e-17 6.206276037769064715e+03
3.763730414694496504e-16 5.997251700166046264e-17 6.207020359435876344e+03
3.106164273757479081e-16 6.042846034166540442e-17 6.207764686256505229e+03
3.433412444904283430e-16 6.010465067561327254e-17 6.208509018229191497e+03
3.658451659832975184e-16 6.007866615045089424e-17 6.209253355352177095e+03
4.752084365181515419e-16 5.998368428114027459e-17 6.209997697623703061e+03
4.996171180268180240e-16 6.002122261058412540e-17 6.210742045042012251e+03
2.555222086583428977e-16 5.992798327863679993e-17 6.211486397605347520e+03
4.138707319492772934e-16 5.978954749459457853e-17 6.212230755311949906e+03
4.821366815564537135e-16 5.945604229350940279e-17 6.212975118160064085e+03
2.095880813158203058e-16 5.906022318993052629e-17 6.213719486147931093e+03
4.066152991421654821e-16 5.882024798452915772e-17 6.214463859273791968e+03
5.676686634266466609e-16 5.878256223820700308e-17 6.215208237535890476e+03
4.388210851001341094e-16 5.878523405066137701e-17 6.215952620932468562e+03
3.521748971048680697e-16 5.902026860553164653e-17 6.216697009461766356e+03
5.399064671203660892e-16 5.930271580983944218e-17 6.217441403122031261e+03
3.434088092130983396e-16 5.975006665563456764e-17 6.218185801911500675e+03
3.852282258490817324e-16 6.012818328315878166e-17 6.218930205828417456e+03
4.396188842028741360e-16 6.051467043719332627e-17 6.219674614871027188e+03
4.583216484945143989e-16 6.118166662095641573e-17 6.220419029037568180e+03
2.768966384161658354e-16 6.051598387070486790e-17 6.221163448326286016e+03
6.116503952984925589e-16 6.055520193860481252e-17 6.221907872735420824e+03
4.834841378379366362e-16 6.046539878675511472e-17 6.222652302263215461e+03
3.799130761228659763e-16 6.034614637183796506e-17 6.223396736907912782e+03
5.068343193565725103e-16 5.992391649207208134e-17 6.224141176667753825e+03
5.987779613475986713e-16 6.038235960222697225e-17 6.224885621540981447e+03
5.767909350800856325e-16 6.018031365025614750e-17 6.225630071525836684e+03
5.535287498246122313e-16 6.011615298602444515e-17 6.226374526620566030e+03
3.685099106119441182e-16 6.002539323207108227e-17 6.227118986823405976e+03
3.913556478124574092e-16 5.998746163718423823e-17 6.227863452132603925e+03
3.911255945415783455e-16 6.017104322634321915e-17 6.228607922546399095e+03
4.935607770042460196e-16 6.031178841111694027e-17 6.229352398063034343e+03
3.011166598664110007e-16 6.089030110508215643e-17 6.230096878680751615e+03
4.104291577092774511e-16 6.170216882260158157e-17 6.230841364397792859e+03
4.338609527971622657e-16 6.270566989695195337e-17 6.231585855212404567e+03
2.000023331898124617e-16 6.376550220258206656e-17 6.232330351122822321e+03
3.095886202304624788e-16 6.483828054211360659e-17 6.233074852127292615e+03
5.079085719218747702e-16 6.571666371398950560e-17 6.233819358224058305e+03
4.781379371642868230e-16 6.635409613569374467e-17 6.234563869411360429e+03
5.628638563929344324e-16 6.665662185995746952e-17 6.235308385687438204e+03
5.425868597126106561e-16 6.685962266027704585e-17 6.236052907050539034e+03
3.980920429039879493e-16 6.732706174068845646e-17 6.236797433498901228e+03
3.312563463532982293e-16 6.751790549900955118e-17 6.237541965030770371e+03
3.747142981744967265e-16 6.795499054557921071e-17 6.238286501644384771e+03
3.196366075105227366e-16 6.828349271465948943e-17 6.239031043337990923e+03
3.576899361464580244e-16 6.856770698362590421e-17 6.239775590109828045e+03
4.587949188094299291e-16 6.897245643212805547e-17 6.240520141958140812e+03
3.099585500805899576e-16 6.913162622566095821e-17 6.241264698881170261e+03
6.104193966826571505e-16 6.927673110097937821e-17 6.242009260877157431e+03
4.270300243717636040e-16 6.912443874378200515e-17 6.242753827944346995e+03
4.030392590794083686e-16 6.873832727432153985e-17 6.243498400080978172e+03
3.505788474405598530e-16 6.809064671736453341e-17 6.244242977285295638e+03
4.494182052562246269e-16 6.703086456204995852e-17 6.244987559555542248e+03
4.288465795930379805e-16 6.576418781367346069e-17 6.245732146889957221e+03
5.644405607335109285e-16 6.440506945973985323e-17 6.246476739286787961e+03
4.638148020999180100e-16 6.329458446371402971e-17 6.247221336744270047e+03
4.442295039245418976e-16 6.262507446111901407e-17 6.247965939260651794e+03
4.353986415236303905e-16 6.236820176476539712e-17 6.248710546834172419e+03
3.327403897433461634e-16 6.170219858127631721e-17 6.249455159463072960e+03
4.499175684029402168e-16 6.155344101791028665e-17 6.250199777145599001e+03
5.078713460301288475e-16 6.144553220961539093e-17 6.250944399879990669e+03
4.543637221865309058e-16 6.104916853325213671e-17 6.251689027664491732e+03
4.096513345552875205e-16 6.102230247513715840e-17 6.252433660497343226e+03
4.095932086678417437e-16 6.205038806587119871e-17 6.253178298376786188e+03
4.945484230447650633e-16 6.295426989300207479e-17 6.253922941301065293e+03
3.518190197118081518e-16 6.385217320767092967e-17 6.254667589268423399e+03
4.107154679134300430e-16 6.492169414279714673e-17 6.255412242277100631e+03
4.702648285434316362e-16 6.589249124408431179e-17 6.256156900325338938e+03
4.557252675463915056e-16 6.566988034298549223e-17 6.256901563411383904e+03
4.211882420123365595e-16 6.569617570457010533e-17 6.257646231533473838e+03
3.680546079355068775e-16 6.569317416900427989e-17 6.258390904689852505e+03
4.586456349594380196e-16 6.564426784276633821e-17 6.259135582878762762e+03
4.682251231408051323e-16 6.582912212369652281e-17 6.259880266098447464e+03
3.189862916931363615e-16 6.606791935654837002e-17 6.260624954347147650e+03
4.092619784090906604e-16 6.660181196376073744e-17 6.261369647623104356e+03
5.140083335282962124e-16 6.709311587598112865e-17 6.262114345924561349e+03
5.286347116437083619e-16 6.740089277257219494e-17 6.262859049249762393e+03
5.302243834052151920e-16 6.770012485922000394e-17 6.263603757596949436e+03
4.118215406790998077e-16 6.798626849826642659e-17 6.264348470964362605e+03
4.758064486232557725e-16 6.796982711891435437e-17 6.265093189350243847e+03
3.705901362301034962e-16 6.796629067977111834e-17 6.265837912752837838e+03
2.963526466405295752e-16 6.737814570217836534e-17 6.266582641170386523e+03
3.828541843981288445e-16 6.634284865484701984e-17 6.267327374601130941e+03
3.450532112002711154e-16 6.499601395560815063e-17 6.268072113043313948e+03
5.793955682353417387e-16 6.379864416092709359e-17 6.268816856495178399e+03
4.654451803119769162e-16 6.293869433613698352e-17 6.269561604954964423e+03
4.884233235054091894e-16 6.264618148478323758e-17 6.270306358420917604e+03
4.856372769074996256e-16 6.272000916328853982e-17 6.271051116891278070e+03
5.348376828913906290e-16 6.287706188449920136e-17 6.271795880364286859e+03
4.599049316090769000e-16 6.304666856548769457e-17 6.272540648838190464e+03
4.062502021238938569e-16 6.309880194358937121e-17 6.273285422311227194e+03
5.415704468909976661e-16 5.526293779794653144e-17 6.274030200781640815e+03
5.650239154998845344e-16 5.547597195452330693e-17 6.401953029771591900e+03
2.956014875752550028e-16 5.586232063469561654e-17 6.402697952440928930e+03
3.974637494008417216e-16 5.604088072428896335e-17 6.403442882765364629e+03
3.506111380358835016e-16 5.607384523419087729e-17 6.404187820740631651e+03
3.828489554384480921e-16 5.602010622772402422e-17 6.404932766362466282e+03
3.783213274570154228e-16 5.592190961427225425e-17 6.405677719626602993e+03
4.491727609698441902e-16 5.565120292218993291e-17 6.406422680528778073e+03
4.034435382497867099e-16 5.552979782769930253e-17 6.407167649064724174e+03
3.799544265128162907e-16 5.543288894040885354e-17 6.407912625230175763e+03
4.206443151912269633e-16 5.551861461381221031e-17 6.408657609020870950e+03
4.212654318886101916e-16 5.553270521927630644e-17 6.409402600432542386e+03
4.384394232643319029e-16 5.563868419940427653e-17 6.410147599460926358e+03
5.356353856761986556e-16 5.574709010262785788e-17 6.410892606101755518e+03
3.650741682363879219e-16 5.594758529949150408e-17 6.411637620350766156e+03
4.653296601469649564e-16 5.612113277369146363e-17 6.412382642203690921e+03
5.437693192451644236e-16 5.613264430391452764e-17 6.413127671656269740e+03
3.694200458945102235e-16 5.606390284170560800e-17 6.413872708704233446e+03
4.515391434381815198e-16 5.616795883119685523e-17 6.414617753343320146e+03
5.452460112393218440e-16 5.628294698068329993e-17 6.415362805569260672e+03
3.970165064328791371e-16 5.616289829605856374e-17 6.416107865377792223e+03
4.752073171856702615e-16 5.635242105869551272e-17 6.416852932764650177e+03
5.288125609867789482e-16 5.641872201045361353e-17 6.417598007725568095e+03
3.263277559245440732e-16 5.650000810023976843e-17 6.418343090256279538e+03
3.934477183496351737e-16 5.648291998248304736e-17 6.419088180352523523e+03
4.668202742210922617e-16 5.636834370149393573e-17 6.419833278010031790e+03
4.259528226091402708e-16 5.630468018680109708e-17 6.420578383224540630e+03
3.505053528036326103e-16 5.623742581796999383e-17 6.421323495991783602e+03
5.694705322718553766e-16 5.608096302534097359e-17 6.422068616307496995e+03
4.395425559970978225e-16 5.601390825629931159e-17 6.422813744167416189e+03
3.250160763103838218e-16 5.595066061210987118e-17 6.423558879567272015e+03
3.442786645616455642e-16 5.582066229734478089e-17 6.424304022502806220e+03
5.748116502514288686e-16 5.567855495278127692e-17 6.425049172969747815e+03
3.499848014487668098e-16 5.556015057900407905e-17 6.425794330963834909e+03
5.639315686009229283e-16 5.557185435006008374e-17 6.426539496480798334e+03
6.365191844745290875e-16 5.554080907177275279e-17 6.427284669516380745e+03
1.997258591378689782e-16 5.553656474564893508e-17 6.428029850066308427e+03
5.451160371712628212e-16 5.551382744675466460e-17 6.428775038126321306e+03
3.389207113514967306e-16 5.539719815963462078e-17 6.429520233692153852e+03
2.420933399076722576e-16 5.527291976214845369e-17 6.430265436759539625e+03
3.821212259074853819e-16 5.498147941709509124e-17 6.431010647324214005e+03
5.680100155138978470e-16 5.485116166462301206e-17 6.431755865381910553e+03
4.843299421151060215e-16 5.474877839058305258e-17 6.432501090928366466e+03
4.018112643825191603e-16 5.452620016754341469e-17 6.433246323959316214e+03
5.696913036777138706e-16 5.438907657726162836e-17 6.433991564470494268e+03
3.605296761002113104e-16 5.459665336772993139e-17 6.434736812457634187e+03
2.598296377955718731e-16 5.436366908355670903e-17 6.435482067916473170e+03
3.672952145270262626e-16 5.444557538214509422e-17 6.436227330842744777e+03
2.971766389164682315e-16 5.442607656610834991e-17 6.436972601232184388e+03
5.043721312446664723e-16 5.431455403214403576e-17 6.437717879080529201e+03
4.979927323159729832e-16 5.426921478764812113e-17 6.438463164383508229e+03
5.247854619621999178e-16 5.429473334902493676e-17 6.439208457136861398e+03
3.777577918254410484e-16 5.445896183542108304e-17 6.439953757336321360e+03
4.519311754883196074e-16 5.453451173843027070e-17 6.440699064977622584e+03
3.195835415903667202e-16 5.426883285301604318e-17 6.441444380056503178e+03
2.978799633360481759e-16 5.468609138066337875e-17 6.442189702568694884e+03
5.552209656514783145e-16 5.453180249145316440e-17 6.442935032509933080e+03
3.814837252428750459e-16 5.460226643466876434e-17 6.443680369875954966e+03
3.264690858236363344e-16 5.440653686483457239e-17 6.444425714662493192e+03
5.292670431834380858e-16 5.440578617347784209e-17 6.445171066865281318e+03
4.570931097243601968e-16 5.449995260215912709e-17 6.445916426480056543e+03
3.440790497914927579e-16 5.453626359583161481e-17 6.446661793502555156e+03
4.816307404472145790e-16 5.464067865933117482e-17 6.447407167928508898e+03
3.800536006932289498e-16 5.479451020221215519e-17 6.448152549753654966e+03
3.509102000384689303e-16 5.505444320761104578e-17 6.448897938973726014e+03
4.725921609465542587e-16 5.550248228903744760e-17 6.449643335584460146e+03
3.689565518919718134e-16 5.530405488025915784e-17 6.450388739581589107e+03
4.065810427249946195e-16 5.539178191995257769e-17 6.451134150960848274e+03
4.637423563451100876e-16 5.541985306289003313e-17 6.451879569717974846e+03
4.818700918185437512e-16 5.552598670325778977e-17 6.452624995848699655e+03
3.558610019524707707e-16 5.571812495104692941e-17 6.453370429348761718e+03
4.836175393363881250e-16 5.574490375706076036e-17 6.454115870213894596e+03
4.504125648343855435e-16 5.579852192296863178e-17 6.454861318439832758e+03
4.445742672521761565e-16 5.586528692064384372e-17 6.455606774022311583e+03
4.643461175172826120e-16 5.562942389015598906e-17 6.456352236957065543e+03
4.407308057485214356e-16 5.564708464973374943e-17 6.457097707239829106e+03
2.591903171569798780e-16 5.572983672930949504e-17 6.457843184866338561e+03
5.079112982643373564e-16 5.602670849195603838e-17 6.458588669832327469e+03
3.244340665633063990e-16 5.633655740737458825e-17 6.459334162133531208e+03
3.986910033000381205e-16 5.676467464256150889e-17 6.460079661765685159e+03
6.208312035140050153e-16 5.756056774748530259e-17 6.460825168724521973e+03
2.955286865772632674e-16 5.806490847017982474e-17 6.461570683005780666e+03
2.782431170497443183e-16 5.868356767099539798e-17 6.462316204605192979e+03
4.129850386927031958e-16 5.926155162438966791e-17 6.463061733518494293e+03
4.790100101286352739e-16 5.993559082531099883e-17 6.463807269741420896e+03
3.757913725683298872e-16 6.028061845771704060e-17 6.464552813269706348e+03
4.286770438076397845e-16 6.045720456724909866e-17 6.465298364099084210e+03
5.070329173597581271e-16 6.093322316637341015e-17 6.466043922225293500e+03
2.365539962143595980e-16 6.098735565386840315e-17 6.466789487644065048e+03
4.815411989476749472e-16 6.163019158367151565e-17 6.467535060351136053e+03
4.938777908257472070e-16 6.214312641401206015e-17 6.468280640342240076e+03
3.064508946133454642e-16 6.261782729447261197e-17 6.469026227613114315e+03
5.266554004797025719e-16 6.258450907932535537e-17 6.469771822159490512e+03
3.318338221107240259e-16 6.238718852151203715e-17 6.470517423977105864e+03
2.187650134464590573e-16 6.223331402124877203e-17 6.471263033061693932e+03
4.319283942600108449e-16 6.204251929937204883e-17 6.472008649408991914e+03
5.475778364942574777e-16 6.182032689146721456e-17 6.472754273014730643e+03
3.543691724752715069e-16 6.155011068919794575e-17 6.473499903874649135e+03
3.597501574556131629e-16 6.115144693150490215e-17 6.474245541984479132e+03
7.352134473540043683e-16 6.058738357044024953e-17 6.474991187339958742e+03
1.215214151462455596e-16 6.013922332045808191e-17 6.475736839936820616e+03
1.880211188663242380e-16 5.950475569148146202e-17 6.476482499770800132e+03
4.553983393706990984e-16 5.893728261931863698e-17 6.477228166837630852e+03
4.609879800299943567e-16 5.855419600917190205e-17 6.477973841133050882e+03
5.319879033953172658e-16 5.831890579581654226e-17 6.478719522652791056e+03
3.254877691228143790e-16 5.792654434498620180e-17 6.479465211392589481e+03
4.827222707359581852e-16 5.726752313190772853e-17 6.480210907348181536e+03
2.360822710798761974e-16 5.657181360122128346e-17 6.480956610515298962e+03
5.201562421881745665e-16 5.600328495252193609e-17 6.481702320889680777e+03
4.174137282850988590e-16 5.542111516822220191e-17 6.482448038467055085e+03
2.720059898434517254e-16 5.494512319715712026e-17 6.483193763243163630e+03
5.592955642359408287e-16 5.480514455242467466e-17 6.483939495213739065e+03
4.194709494583580612e-16 5.474562466469401380e-17 6.484685234374517677e+03
3.981069414523810650e-16 5.467630924153820159e-17 6.485430980721230299e+03
3.664858346952619730e-16 5.452314370657217541e-17 6.486176734249615947e+03
4.349667688423672656e-16 5.445131667868119019e-17 6.486922494955408183e+03
3.890874933841682059e-16 5.454741114467374266e-17 6.487668262834339657e+03
4.893553470061557948e-16 5.426928954374438900e-17 6.488414037882148477e+03
3.677478344067438175e-16 5.380952715348533298e-17 6.489159820094568204e+03
2.074505762162446599e-16 5.366489677607318702e-17 6.489905609467334216e+03
5.566867503132454962e-16 5.372221301588258077e-17 6.490651405996180074e+03
3.893913251997225820e-16 5.371357269284396861e-17 6.491397209676842976e+03
3.076832194956377514e-16 5.358506936036788681e-17 6.492143020505056484e+03
5.069216176490295966e-16 5.383988227399025948e-17 6.492888838476552337e+03
3.679054506395587508e-16 5.467193472783234976e-17 6.493634663587072282e+03
1.912440337242667567e-16 5.589515847581351000e-17 6.494380495832348970e+03
3.169082676961851935e-16 5.755859324109351570e-17 6.495126335208113233e+03
3.862507627824360432e-16 5.892480271786986250e-17 6.495872181710101358e+03
4.465072041523918760e-16 6.007245005494079514e-17 6.496618035334052365e+03
4.331121990820217432e-16 6.051336687479294265e-17 6.497363896075696175e+03
5.212106201323415041e-16 6.068668653571194626e-17 6.498109763930771805e+03
2.139798916199396968e-16 6.081192247075372895e-17 6.498855638895012817e+03
4.090309017598003224e-16 6.101452914119941639e-17 6.499601520964152769e+03
3.428042341225007564e-16 6.129325215051860721e-17 6.500347410133925223e+03
3.597199556272912109e-16 6.177600362389951905e-17 6.501093306400071015e+03
5.515762503560352770e-16 6.221674101815640371e-17 6.501839209758318248e+03
4.008373300421059033e-16 6.261373978543337170e-17 6.502585120204406849e+03
5.494892269283817462e-16 6.298185451460216416e-17 6.503331037734068559e+03
3.632584638608508237e-16 6.285706820944580732e-17 6.504076962343038758e+03
6.049622765363147556e-16 6.291241938928257710e-17 6.504822894027054645e+03
3.036614533459392543e-16 6.269482728772134665e-17 6.505568832781848869e+03
2.931364000737835152e-16 6.239564249702818484e-17 6.506314778603157720e+03
5.575814623950139664e-16 6.188175193018322323e-17 6.507060731486714758e+03
2.315331106403605708e-16 6.088362553310531286e-17 6.507806691428255363e+03
4.484297441047099436e-16 5.954246083715076964e-17 6.508552658423514004e+03
3.317977759684051482e-16 5.828063293774688321e-17 6.509298632468227879e+03
4.767422592206820630e-16 5.707457182982753065e-17 6.510044613558129640e+03
2.646433144881725412e-16 5.634571723335734778e-17 6.510790601688953757e+03
4.714278523840115552e-16 5.607153374128647607e-17 6.511536596856435608e+03
5.154594792390264057e-16 5.594644329507920142e-17 6.512282599056312392e+03
3.502399153488992383e-16 5.566093016602861514e-17 6.513028608284318580e+03
4.910042196672621390e-16 5.538901908948252786e-17 6.513774624536185911e+03
2.834779249349182380e-16 5.491116506766537727e-17 6.514520647807650676e+03
3.972212807302474947e-16 5.441683701591142039e-17 6.515266678094450072e+03
5.825676665367575893e-16 5.403854517256870544e-17 6.516012715392314931e+03
5.175295614513601287e-16 5.393945044611760671e-17 6.516758759696984271e+03
3.758206586062128839e-16 5.359792507671422296e-17 6.517504811004188923e+03
5.189075900798163794e-16 5.386894056825141146e-17 6.518250869309669724e+03
3.087552508564315052e-16 5.419296632366561356e-17 6.518996934609153868e+03
2.917792874718889518e-16 5.444207379572848506e-17 6.519743006898384010e+03
3.308394624404161190e-16 5.465749418744592087e-17 6.520489086173089163e+03
5.007840025646600623e-16 5.477411485204182100e-17 6.521235172429005615e+03
2.071997784756589127e-16 5.482247124167851724e-17 6.521981265661870566e+03
6.238459020906023104e-16 5.469419520896899868e-17 6.522727365867416665e+03
3.971942140219969049e-16 5.458470831728080327e-17 6.523473473041382022e+03
2.634913196408405312e-16 5.450560395623217140e-17 6.524219587179498376e+03
4.189295797214929159e-16 5.422803979003086847e-17 6.524965708277499289e+03
4.881799712406037613e-16 5.420746715280085954e-17 6.525711836331123777e+03
2.891515863236122943e-16 5.421278208840746107e-17 6.526457971336102673e+03
3.231209536683022006e-16 5.453884304454874755e-17 6.527204113288174995e+03
5.397280026255467800e-16 5.518300691450922186e-17 6.527950262183072482e+03
2.552387548144473026e-16 5.620581652110141204e-17 6.528696418016530515e+03
3.537653621957631449e-16 5.732021184005380592e-17 6.529442580784286292e+03
5.681190761446137234e-16 5.840245995963360361e-17 6.530188750482073374e+03
4.582313985597851231e-16 5.905081056019127538e-17 6.530934927105624411e+03
3.819527004950141930e-16 5.917110205618983194e-17 6.531681110650677510e+03
3.708484529740052026e-16 5.903649865340945062e-17 6.532427301112966234e+03
4.699341572419487740e-16 5.872643952926989245e-17 6.533173498488226869e+03
4.198254935828385825e-16 5.841424084025742160e-17 6.533919702772192977e+03
2.954861981520911987e-16 5.827418666362791905e-17 6.534665913960599028e+03
4.434330232546304924e-16 5.809601795665515943e-17 6.535412132049179490e+03
4.489961551683653021e-16 5.806228981522447676e-17 6.536158357033669745e+03
4.611580437139740443e-16 5.817215274533300374e-17 6.536904588909806989e+03
2.757520530715781119e-16 5.804784192328666474e-17 6.537650827673324784e+03
2.930696323828904082e-16 5.815204071427575414e-17 6.538397073319956689e+03
4.860949317820652589e-16 5.845017196395535695e-17 6.539143325845439904e+03
2.609795317917666825e-16 5.871555844425208885e-17 6.539889585245506169e+03
2.591702210436713974e-16 5.897800086324864126e-17 6.540635851515893592e+03
3.136310573595983262e-16 5.898589140955472149e-17 6.541382124652334824e+03
4.261257345074263887e-16 5.862040609721014592e-17 6.542128404650567063e+03
4.098590736726030196e-16 5.746003733920104005e-17 6.542874691506323870e+03
5.100266601758459079e-16 5.639233525076801167e-17 6.543620985215338806e+03
4.993613978257060124e-16 5.555196677725015108e-17 6.544367285773349067e+03
4.040408020686081674e-16 5.494197837011688210e-17 6.545113593176088216e+03
3.138621902724150548e-16 5.485463547266514502e-17 6.545859907419289812e+03
4.093403828430160404e-16 5.474732374435676972e-17 6.546606228498692872e+03
2.836416533171703703e-16 5.486383975981805752e-17 6.547352556410029138e+03
3.750397066591732570e-16 5.519764609515935613e-17 6.548098891149034898e+03
3.926021675201844004e-16 5.601292704961466960e-17 6.548845232711444623e+03
3.873444134789817015e-16 5.709602340770395397e-17 6.549591581092993692e+03
3.410589266977682082e-16 5.826103820833486618e-17 6.550337936289415666e+03
4.354874994962207142e-16 5.925286559237319678e-17 6.551084298296445922e+03
3.222014597968117880e-16 5.964913389673623996e-17 6.551830667109819842e+03
4.337739953326810504e-16 5.966500420639915332e-17 6.552577042725271895e+03
3.443669485039404982e-16 5.930241166526750536e-17 6.553323425138538369e+03
2.875309364390161898e-16 5.888133511054814562e-17 6.554069814345353734e+03
4.947492172099119286e-16 5.832551348195389947e-17 6.554816210341450642e+03
2.718133594499085155e-16 5.824672746801225225e-17 6.555562613122566290e+03
4.844047416677985604e-16 5.882527313787705677e-17 6.556309022684436059e+03
4.562554119582960994e-16 5.773175607421878532e-17 6.557055439022791688e+03
2.901578065665349900e-16 5.777749112773067133e-17 6.557801862133372197e+03
3.319306860444897302e-16 5.775821986770990054e-17 6.558548292011909325e+03
3.435479983004680043e-16 5.802835339328831906e-17 6.559294728654138453e+03
5.994603871904948726e-16 5.818862022226517586e-17 6.560041172055796778e+03
3.305866129104449524e-16 5.844147926979866725e-17 6.560787622212616043e+03
3.423030408000487334e-16 5.819897969530376988e-17 6.561534079120334354e+03
4.410250844838875428e-16 5.756349759391917015e-17 6.562280542774685273e+03
1.520938163658465663e-16 5.648226128422059611e-17 6.563027013171402359e+03
5.678564699363099010e-16 5.529326691600898779e-17 6.563773490306220992e+03
3.596604230871999385e-16 5.427027342485293131e-17 6.564519974174880190e+03
4.093245862972648237e-16 5.382713131975928080e-17 6.565266464773107145e+03
5.571052028068095720e-16 5.364554377458438934e-17 6.566012962096643605e+03
2.887115087910589638e-16 5.367894931324895654e-17 6.566759466141220400e+03
2.747913818396650188e-16 5.389824903719234908e-17 6.567505976902575640e+03
4.089177586569073684e-16 5.384349394864166216e-17 6.568252494376441064e+03
5.221931188793972898e-16 5.368727918879161431e-17 6.568999018558552962e+03
2.456900559440468498e-16 5.359402315680948681e-17 6.569745549444647622e+03
3.641801555728374649e-16 5.346602310907897278e-17 6.570492087030457697e+03
5.102512116404859875e-16 5.346404893121525555e-17 6.571238631311720383e+03
2.052183146705635927e-16 5.352753913824915771e-17 6.571985182284168332e+03
2.898225784675133699e-16 5.389933614628861150e-17 6.572731739943537832e+03
4.695048173905708494e-16 5.467159446127141153e-17 6.573478304285564263e+03
3.774146762640486754e-16 5.523892305261165362e-17 6.574224875305981186e+03
3.557378019167598701e-16 5.585048982341645285e-17 6.574971453000522160e+03
4.375516176004092087e-16 5.636342827465766622e-17 6.575718037364926204e+03
2.585636381531936329e-16 5.664424375002256341e-17 6.576464628394925967e+03
3.935119548780265750e-16 5.623103472507782278e-17 6.577211226086256829e+03
5.121219077270821696e-16 5.602594257191048802e-17 6.577957830434650532e+03
3.585641729654134790e-16 5.567189340097698961e-17 6.578704441435848821e+03
3.619333954991818883e-16 5.557857613332792112e-17 6.579451059085578891e+03
4.657516902355284417e-16 5.531500013159088479e-17 6.580197683379582486e+03
2.479481151473032179e-16 5.484191254561097168e-17 6.580944314313589530e+03
4.055607960950146000e-16 5.469518418263605689e-17 6.581690951883336311e+03
4.142604667923669338e-16 5.465747228054546833e-17 6.582437596084559118e+03
3.731014125081527102e-16 5.456753972347860626e-17 6.583184246912991512e+03
3.348119886482166775e-16 5.442705295214434065e-17 6.583930904364369781e+03
4.666203782297885437e-16 5.426289518297945060e-17 6.584677568434428395e+03
3.395153599524539136e-16 5.392090288706429184e-17 6.585424239118901824e+03
3.635076189279141162e-16 5.335387740406958224e-17 6.586170916413524537e+03
3.209362617870152639e-16 5.242677233416694637e-17 6.586917600314031006e+03
3.586198697538129014e-16 5.145979426653639769e-17 6.587664290816157518e+03
3.922374423417666870e-16 5.055395821594069774e-17 6.588410987915638543e+03
4.882534131258771863e-16 4.997646175048206835e-17 6.589157691608208552e+03
3.356684476977224864e-16 4.957917976081476905e-17 6.589904401889602013e+03
2.683403403072532129e-16 4.950217462874149815e-17 6.590651118755557036e+03
3.505477446149270237e-16 4.951602758440227618e-17 6.591397842201806270e+03
6.007164661610151807e-16 4.948694466267543418e-17 6.592144572224083277e+03
2.841757503657546102e-16 4.970448588649364541e-17 6.592891308818125253e+03
4.162278105681141660e-16 4.985235766143671090e-17 6.593638051979663942e+03
4.647192907967794078e-16 4.998934454050070752e-17 6.594384801704438360e+03
2.937242224014421316e-16 4.975361183742049476e-17 6.595131557988181157e+03
4.495623930111052636e-16 4.967905282153717067e-17 6.595878320826626805e+03
2.858408627914556747e-16 4.968281269019832670e-17 6.596625090215512500e+03
2.893676532241668514e-16 4.971783277557202131e-17 6.597371866150571805e+03
5.882371809226084106e-16 4.984542753303437879e-17 6.598118648627540097e+03
3.748315616357683001e-16 5.007181054247427166e-17 6.598865437642150027e+03
4.758038238977572590e-16 5.035099082014223675e-17 6.599612233190140614e+03
3.658941345311004473e-16 5.333185814070750898e-17 6.600359035267241779e+03
3.973808769307777417e-16 5.147505579164563052e-17 6.601105843869192540e+03
2.580344428012151602e-16 5.193479716525847290e-17 6.601852658991725548e+03
3.754773374375853504e-16 5.228273290736051478e-17 6.602599480630576181e+03
3.509449401947939530e-16 5.237946337998440224e-17 6.603346308781481639e+03
2.302136919986891730e-16 5.234076829466581917e-17 6.604093143440171843e+03
5.063012698074669899e-16 5.238577247700414619e-17 6.604839984602387631e+03
4.468938599328917462e-16 5.248565269253314307e-17 6.605586832263861652e+03
4.849342391672771455e-16 5.234377029064337859e-17 6.606333686420326558e+03
3.734468294303609892e-16 5.209700792712563832e-17 6.607080547067518637e+03
4.834984754844162558e-16 5.199315750882247243e-17 6.607827414201174179e+03
6.643530058140396582e-16 5.205218452228423601e-17 6.608574287817025834e+03
9.153496024565549120e-16 5.210540065940605127e-17 6.609321167910811710e+03
1.293733482621415540e-15 5.234711409814781532e-17 6.610068054478263548e+03
1.468298746770945642e-15 5.248245802799340396e-17 6.610814947515117638e+03
1.377732614279955896e-15 5.259563892545978294e-17 6.611561847017108448e+03
1.661201391529975216e-15 5.258900542080139035e-17 6.612308752979974088e+03
1.613689313756669743e-15 5.226380450779429634e-17 6.613055665399441750e+03
1.583824787258480860e-15 5.178837387235545361e-17 6.613802584271254091e+03
1.737023047529899619e-15 5.133792512909829226e-17 6.614549509591142851e+03
1.762405236566189499e-15 5.096991556968834175e-17 6.615296441354843409e+03
1.601300983934303770e-15 5.076642097204019521e-17 6.616043379558089327e+03
1.649480861409371376e-15 5.082227740223353653e-17 6.616790324196619622e+03
1.717168145369535179e-15 5.081301501616171956e-17 6.617537275266164215e+03
1.842560562029177051e-15 5.102304514424603451e-17 6.618284232762458487e+03
2.231319762178192655e-15 5.116245128798656595e-17 6.619031196681242363e+03
2.256584868297685487e-15 5.093749135557317210e-17 6.619778167018246677e+03
2.258197470581821160e-15 5.104059518495217739e-17 6.620525143769205897e+03
2.133833830478727247e-15 5.104381898365851935e-17 6.621272126929856313e+03
1.678618061090921666e-15 5.101967620742871855e-17 6.622019116495934213e+03
9.954906992133214811e-16 5.087395241925346570e-17 6.622766112463172249e+03
4.935369302940808270e-16 5.074290018300770719e-17 6.623513114827306708e+03
4.034176839488696439e-16 5.081409995819127324e-17 6.624260123584070243e+03
2.813605660577211665e-16 5.079397196776542787e-17 6.625007138729199141e+03
2.896893753616998680e-16 5.088318440689800390e-17 6.625754160258430602e+03
4.111885604156075171e-16 5.102286106686240092e-17 6.626501188167497276e+03
1.302284095022999767e-16 5.120046093962210565e-17 6.627248222452133632e+03
6.142267344864101551e-16 5.131524927528099260e-17 6.627995263108075960e+03
4.823018606760928721e-16 5.125745684828264492e-17 6.628742310131058730e+03
2.437969020875508827e-16 5.157278122328251743e-17 6.629489363516816411e+03
3.931000815926706292e-16 5.183398512951520166e-17 6.630236423261083473e+03
3.254449069046095716e-16 5.223314756198032111e-17 6.630983489359596206e+03
4.381557650227383019e-16 5.238875077713714663e-17 6.631730561808089988e+03
4.345961570807463166e-16 5.257911461408532062e-17 6.632477640602296560e+03
4.178950545364963929e-16 5.277625024441649812e-17 6.633224725737954032e+03
4.361940481920495332e-16 5.286904453704001958e-17 6.633971817210796871e+03
3.935121491288259618e-16 5.296244294044680414e-17 6.634718915016557730e+03
6.044442235287964457e-16 5.308596947061022697e-17 6.635466019150977445e+03
3.755596723854353011e-16 5.302394567996536397e-17 6.636213129609782300e+03
4.824495471605107145e-16 5.304991163304130204e-17 6.636960246388713131e+03
5.081428000792192840e-16 5.301947573460975631e-17 6.637707369483501679e+03
3.860966563643872106e-16 5.299299218526561596e-17 6.638454498889887873e+03
4.906165721778803823e-16 5.294556837663473347e-17 6.639201634603599814e+03
5.624254432119050413e-16 5.296314796614019737e-17 6.639948776620378339e+03
4.266443086907280285e-16 5.296987248080811036e-17 6.640695924935956100e+03
4.251173742239677212e-16 5.298023460851153106e-17 6.641443079546066656e+03
5.662460961038770205e-16 5.303281883516364219e-17 6.642190240446448115e+03
4.030911194811232429e-16 5.285601020817267790e-17 6.642937407632830400e+03
5.484070276878538276e-16 5.284931052875146850e-17 6.643684581100953437e+03
4.459224044049490226e-16 5.269308495531161988e-17 6.644431760846549878e+03
4.343001888079339866e-16 5.206816557450613978e-17 6.645178946865355101e+03
4.568209079245490931e-16 5.208824814260364113e-17 6.645926139153103577e+03
4.256596345144856606e-16 5.215090998236627488e-17 6.646673337705531594e+03
3.283263979728512239e-16 5.224690244423429017e-17 6.647420542518371803e+03
4.763339207256400891e-16 5.249448073261473244e-17 6.648167753587360494e+03
4.601742102115120211e-16 5.234687736453522545e-17 6.648914970908233954e+03
3.071377351668259977e-16 5.236829992081028938e-17 6.649662194476724835e+03
4.156550444282311391e-16 5.264471927917300248e-17 6.650409424288567607e+03
5.445808408657777156e-16 5.251584679799242445e-17 6.651156660339500377e+03
3.988805894786764660e-16 5.238069865834102877e-17 6.651903902625255796e+03
2.926889426227199575e-16 5.251738713196194577e-17 6.652651151141566515e+03
4.589789487867814358e-16 5.260218596497802970e-17 6.653398405884172462e+03
3.029218036696253491e-16 5.239361114953050498e-17 6.654145666848806286e+03
3.500008222453115407e-16 5.240000051498810047e-17 6.654892934031201548e+03
5.241977562822182901e-16 5.240821094739271566e-17 6.655640207427097266e+03
4.093702947174093458e-16 5.244421240496065224e-17 6.656387487032222452e+03
3.775199263850360586e-16 5.254151734057477052e-17 6.657134772842317034e+03
4.134526365590716714e-16 5.252491538052416341e-17 6.657882064853112752e+03
3.886115910740978994e-16 5.258273337511578569e-17 6.658629363060347714e+03
3.806243024502735854e-16 5.280930646082741902e-17 6.659376667459753662e+03
5.717673486664678187e-16 5.264258269530819271e-17 6.660123978047065975e+03
3.694470434805414421e-16 5.261550720779193112e-17 6.660871294818021852e+03
3.392202913861531174e-16 5.263778055887591253e-17 6.661618617768353033e+03
4.346068285055335387e-16 5.267832487054013514e-17 6.662365946893798537e+03
4.261117333559041420e-16 5.277936384953363273e-17 6.663113282190091923e+03
4.918346548858665164e-16 5.288185792798377656e-17 6.663860623652963113e+03
4.248907184547555992e-16 5.296692141583743998e-17 6.664607971278152945e+03
4.648183554720190918e-16 5.301952406733010520e-17 6.665355325061394979e+03
2.666198895940155471e-16 5.308742657687065271e-17 6.666102684998422774e+03
3.664236833919408901e-16 5.323103378562719236e-17 6.666850051084973529e+03
5.509167228025316922e-16 5.316798918448183427e-17 6.667597423316778986e+03
1.328775829583086055e-16 5.304365915035621131e-17 6.668344801689578162e+03
4.883056730029657135e-16 5.310785219069094862e-17 6.669092186199101889e+03
4.513162624063413921e-16 5.323805725552975771e-17 6.669839576841086455e+03
4.408395074216489252e-16 5.284758515987558802e-17 6.670586973611269059e+03
3.299496330893742863e-16 5.281797559553331674e-17 6.671334376505382352e+03
4.546503000194351142e-16 5.279525939094356238e-17 6.672081785519162622e+03
3.396106887504733507e-16 5.278034839190537118e-17 6.672829200648342521e+03
3.559126980830550886e-16 5.270862349484243990e-17 6.673576621888658337e+03
6.313892632593450091e-16 5.265339813717524314e-17 6.674324049235843631e+03
2.221258243556367039e-16 5.264360846054805130e-17 6.675071482685638330e+03
2.685027848610102678e-16 5.257746080939667747e-17 6.675818922233770536e+03
4.780778512977591800e-16 5.246278904104496464e-17 6.676566367875981086e+03
3.630401487972222505e-16 5.232009536102025842e-17 6.677313819607999903e+03
4.074098630536443487e-16 5.223291411533140704e-17 6.678061277425566004e+03
3.186525119884656134e-16 5.215926662319889860e-17 6.678808741324411130e+03
3.632114222295692910e-16 5.207601679887919602e-17 6.679556211300273389e+03
3.211311577343915217e-16 5.201770349820574897e-17 6.680303687348884523e+03
4.130904447109127429e-16 5.203023266515470446e-17 6.681051169465979910e+03
3.197745261890001383e-16 5.211709235122107017e-17 6.681798657647296750e+03
4.472702521151932781e-16 5.225261095115489562e-17 6.682546151888569511e+03
5.315834539844168428e-16 5.216476949096996488e-17 6.683293652185531755e+03
3.035415826340039588e-16 5.218297161373144298e-17 6.684041158533918860e+03
4.114270410605300093e-16 5.218716552323482542e-17 6.684788670929467116e+03
3.790656865625528558e-16 5.219475059412209696e-17 6.685536189367907355e+03
3.313314561918153808e-16 5.223220584951717589e-17 6.686283713844979502e+03
4.276363404326853760e-16 5.218898225696123216e-17 6.687031244356416209e+03
5.482623406635978117e-16 5.226711802489827002e-17 6.687778780897952856e+03
2.887574936824094017e-16 5.255509246142330265e-17 6.688526323465322093e+03
1.913974111118102671e-16 5.233810124325062337e-17 6.689273872054262029e+03
4.413670997964818152e-16 5.221151037940583360e-17 6.690021426660507132e+03
4.510011003857062733e-16 5.229426222408031042e-17 6.690768987279790963e+03
3.001055019193324848e-16 5.218423395549535082e-17 6.691516553907847992e+03
4.319445382302313284e-16 5.236879418861696409e-17 6.692264126540417237e+03
4.708474354127057145e-16 5.228006589273938165e-17 6.693011705173228620e+03
3.560531174227808890e-16 5.250562834114805446e-17 6.693759289802019339e+03
4.136688297780770964e-16 5.257840282434643522e-17 6.694506880422524773e+03
4.337709070781761851e-16 5.286195001529637438e-17 6.695254477030475755e+03
3.725711610929246252e-16 5.260665061640678901e-17 6.696002079621614939e+03
4.240124478662892837e-16 5.279251161262026021e-17 6.696749688191670430e+03
4.482197421292200521e-16 5.285035910114269814e-17 6.697497302736382153e+03
2.502834701723178026e-16 5.290511884866541904e-17 6.698244923251480031e+03
3.988186902561134346e-16 5.289933513817660809e-17 6.698992549732703992e+03
5.252529967072879332e-16 5.293712371134673126e-17 6.699740182175783048e+03
3.095096767775469177e-16 5.300095937605445875e-17 6.700487820576458944e+03
4.642175015468688040e-16 5.300801488281220170e-17 6.701235464930461603e+03
2.769329722881659019e-16 5.301626245471162275e-17 6.701983115233528224e+03
2.672682012721445885e-16 5.301199976598206548e-17 6.702730771481391457e+03
4.221761446902927086e-16 5.301386234650634641e-17 6.703478433669790320e+03
4.531186535195115088e-16 5.306580487320931014e-17 6.704226101794456554e+03
3.719073658892047457e-16 5.316059021359044021e-17 6.704973775851124628e+03
3.332900321250918159e-16 5.287984368312202973e-17 6.705721455835531742e+03
4.056644581744839181e-16 5.294735075117457199e-17 6.706469141743411456e+03
2.963582099851720029e-16 5.269222823524507283e-17 6.707216833570500967e+03
4.246301809080110248e-16 5.280553536556439099e-17 6.707964531312531108e+03
5.870767491449276914e-16 5.297591541614755510e-17 6.708712234965239986e+03
1.914208791961110004e-16 5.246237805556811458e-17 6.709459944524361163e+03
5.480244089724305476e-16 5.399883016036900364e-17 6.710207659985630016e+03
5.171431576124847428e-16 5.288348509045240939e-17 6.710955381344781927e+03
4.116545129440638251e-16 5.274051307732786731e-17 6.711703108597549544e+03
3.111600116337390794e-16 5.258741012471940143e-17 6.712450841739671887e+03
4.378506239452445939e-16 5.260386312894152645e-17 6.713198580766880696e+03
3.383933943719198852e-16 5.256875925567945544e-17 6.713946325674911350e+03
5.121450325562679265e-16 5.306389665489219723e-17 6.714694076459500138e+03
4.109002870148227642e-16 5.275756750602389600e-17 6.715441833116381531e+03
3.661141149775880630e-16 5.260807744504365445e-17 6.716189595641289088e+03
2.675339259288972389e-16 5.257849508035919778e-17 6.716937364029958189e+03
5.206981938506737289e-16 5.265769046961080596e-17 6.717685138278124214e+03
3.843010710056762755e-16 5.256832199570351164e-17 6.718432918381522541e+03
3.654929355314290299e-16 5.254651765310262054e-17 6.719180704335889459e+03
3.726864207520271171e-16 5.258025537645711911e-17 6.719928496136955800e+03
4.033102666961014744e-16 5.267073832742325880e-17 6.720676293780461492e+03
3.842332763357617385e-16 5.280692162745668178e-17 6.721424097262137366e+03
4.636858857715935273e-16 5.255186522161828879e-17 6.722171906577719710e+03
3.869027057053793467e-16 5.257039082352201800e-17 6.722919721722942995e+03
3.033895072403861477e-16 5.256104691530768635e-17 6.723667542693543510e+03
4.243535802833834685e-16 5.262230860138200355e-17 6.724415369485253905e+03
3.227986634920664292e-16 5.257235089249485555e-17 6.725163202093812288e+03
3.517037399003549783e-16 5.258507899434480271e-17 6.725911040514951310e+03
5.612045275133337227e-16 5.273624680157350398e-17 6.726658884744407260e+03
4.245413450273179537e-16 5.279045156284925803e-17 6.727406734777913698e+03
3.914639053848836005e-16 5.282458048275990673e-17 6.728154590611206004e+03
4.541854088576537068e-16 5.299025988910065376e-17 6.728902452240021375e+03
5.845635897727763287e-16 5.299971423645480644e-17 6.729650319660090645e+03
3.145440965537198611e-16 5.307868949256210389e-17 6.730398192867151920e+03
1.532791557495205373e-16 5.312038855891272397e-17 6.731146071856936032e+03
3.933233791496668941e-16 5.314468298010302154e-17 6.731893956625184728e+03
2.068874673043266839e-16 5.309774169752129313e-17 6.732641847167627930e+03
5.428525521582684826e-16 5.307761211568378831e-17 6.733389743480001016e+03
5.418223557039647463e-16 5.308762486351283875e-17 6.734137645558041186e+03
2.470442391597177319e-16 5.300803761999983803e-17 6.734885553397481090e+03
4.885200690515178094e-16 5.309504622421600193e-17 6.735633466994056107e+03
3.079356433971981080e-16 5.309778470741454161e-17 6.736381386343501617e+03
4.367971178769104379e-16 5.305989906415164601e-17 6.737129311441553000e+03
2.905843485034630071e-16 5.312833130946122737e-17 6.737877242283943815e+03
5.078739024298027139e-16 5.317708577337496471e-17 6.738625178866410351e+03
3.626690408568024970e-16 5.313731900609256376e-17 6.739373121184686170e+03
4.549829446681789839e-16 5.296086010460370268e-17 6.740121069234508468e+03
4.679151385805885770e-16 5.287666134210055765e-17 6.740869023011609897e+03
3.587235678159404076e-16 5.279165086072659803e-17 6.741616982511726746e+03
3.054943235256719406e-16 5.274228140357705309e-17 6.742364947730594395e+03
4.637335541455619699e-16 5.271048089176534261e-17 6.743112918663945493e+03
3.286327770668154935e-16 5.364130954221840789e-17 6.743860895307516330e+03
2.296123008710748328e-16 5.288463040047323861e-17 6.744608877657041376e+03
5.319645950407478519e-16 5.287424809140672428e-17 6.745356865708256919e+03
3.351854545668085309e-16 5.300994406109871335e-17 6.746104859456896520e+03
4.028153245507841037e-16 5.286360004891377306e-17 6.746852858898697377e+03
5.585293019821375201e-16 5.274910160764371980e-17 6.747600864029391232e+03
2.616410105293787312e-16 5.285979769579289485e-17 6.748348874844714373e+03
3.162327238861282693e-16 5.280385200133363890e-17 6.749096891340403090e+03
4.858115873146462931e-16 5.285196091123034304e-17 6.749844913512190033e+03
3.410344584975007385e-16 5.358135796641139300e-17 6.750592941355811490e+03
4.206721759325789800e-16 5.281296007582324443e-17 6.751340974867001933e+03
6.195887896921776958e-16 5.250539770854058026e-17 6.752089014041496739e+03
2.350281123040367843e-16 5.245763096540652253e-17 6.752837058875029470e+03
4.283330712127955838e-16 5.232647353981485090e-17 6.753585109363339143e+03
3.890864394389009162e-16 5.217059935758144783e-17 6.754333165502154770e+03
4.856509382082673664e-16 5.208451312789127500e-17 6.755081227287215370e+03
3.111231886940017548e-16 5.204315806748870158e-17 6.755829294714254502e+03
6.051770323662967012e-16 5.177612360714122378e-17 6.756577367779007545e+03
3.797600427488737080e-16 5.178679956767942038e-17 6.757325446477208970e+03
2.942113168914204472e-16 5.224702544779632384e-17 6.758073530804594157e+03
5.304550272219318096e-16 5.196544528815350028e-17 6.758821620756898483e+03
2.227452596310619190e-16 5.178914042265086085e-17 6.759569716329855510e+03
3.314730075662915723e-16 5.180408323071865492e-17 6.760317817519202436e+03
4.803848844548480436e-16 5.185286394136986221e-17 6.761065924320671002e+03
4.512444859466868205e-16 5.179574644737543312e-17 6.761814036729998406e+03
5.140785602942589487e-16 5.182792202536024171e-17 6.762562154742919120e+03
4.503382118657937601e-16 5.199572350154850459e-17 6.763310278355167611e+03
4.135004843211150075e-16 5.194772435814751672e-17 6.764058407562481079e+03
4.867581555210140140e-16 5.195270142075625136e-17 6.764806542360591266e+03
7.652024111787858276e-16 5.197331480476012862e-17 6.765554682745234459e+03
6.365437470249200581e-16 5.204193183071143908e-17 6.766302828712146038e+03
4.095215976453106979e-16 5.208315185715227444e-17 6.767050980257059564e+03
6.936452652451149641e-16 5.219457377569170793e-17 6.767799137375711325e+03
5.260999368065478976e-16 5.222060756366158915e-17 6.768547300063835792e+03
4.073346610500823860e-16 5.201656374728278230e-17 6.769295468317168343e+03
6.138289723908600532e-16 5.211236786133796857e-17 6.770043642131442539e+03
5.867485137968187866e-16 5.209144577273537845e-17 6.770791821502398307e+03
5.428841311965106983e-16 5.232992567880915062e-17 6.771540006425762840e+03
7.499334992235063639e-16 5.225816162187914013e-17 6.772288196897275157e+03
6.723177905315972422e-16 5.186990347590870478e-17 6.773036392912670635e+03
6.142177353895636375e-16 5.191768116728357015e-17 6.773784594467682837e+03
8.263391009775902536e-16 5.191654642945997688e-17 6.774532801558048050e+03
6.741778344769293458e-16 5.183818564203987778e-17 6.775281014179501653e+03
7.037081285605465654e-16 5.178297643812937968e-17 6.776029232327775389e+03
5.892129873194456324e-16 5.200002413720827947e-17 6.776777455998605546e+03
7.165160301555235136e-16 5.397649256576167673e-17 6.777525685187731142e+03
3.213908673568065835e-16 5.184393944003734249e-17 6.778273919890882098e+03
5.375947419104591587e-16 5.153821406077261294e-17 6.779022160103792885e+03
6.232864461010883697e-16 5.147286240733582861e-17 6.779770405822204339e+03
4.620174938373274141e-16 5.155475126712254221e-17 6.780518657041844563e+03
4.478332047499312277e-16 5.150746617463960417e-17 6.781266913758453484e+03
7.233243576143078107e-16 5.162019309843479803e-17 6.782015175967764662e+03
3.390095785458086178e-16 5.160010098715876625e-17 6.782763443665509840e+03
4.760872121547937977e-16 5.163422911316744203e-17 6.783511716847428033e+03
6.556470916975199488e-16 5.177128343107448562e-17 6.784259995509252803e+03
6.208074161160224237e-16 5.186145534822753788e-17 6.785008279646719529e+03
3.617277982602480968e-16 5.188812859261075077e-17 6.785756569255563591e+03
5.323759184578954862e-16 5.186548592123334123e-17 6.786504864331518547e+03
6.392891043170222184e-16 5.195011818284184118e-17 6.787253164870317050e+03
5.458302769434432347e-16 5.192441608378997881e-17 6.788001470867699027e+03
6.780000286289464023e-16 5.190825430810272972e-17 6.788749782319397127e+03
5.508690158048263608e-16 5.194442201840815011e-17 6.789498099221146731e+03
6.100320861674696617e-16 5.189827547424058172e-17 6.790246421568684127e+03
6.136819098632207842e-16 5.188973196189818963e-17 6.790994749357739238e+03
4.655860058023248556e-16 5.185424652032726213e-17 6.791743082584051081e+03
4.486865310089225624e-16 5.171992874246780155e-17 6.792491421243355944e+03
4.337451533233933729e-16 5.159864674399505879e-17 6.793239765331384660e+03
4.951873945448998741e-16 5.158137858702340428e-17 6.793988114843874428e+03
2.772736173214381851e-16 5.139130716322749609e-17 6.794736469776561535e+03
4.217732014165662188e-16 5.137124655500760932e-17 6.795484830125177723e+03
4.348463316295005950e-16 5.136425288267116457e-17 6.796233195885459281e+03
2.358449222958235235e-16 5.124718209516959616e-17 6.796981567053142498e+03
4.559549191149801504e-16 5.119700695901655363e-17 6.797729943623960935e+03
3.186607237889849665e-16 5.090443851188371708e-17 6.798478325593650879e+03
2.528042917225024903e-16 5.101511669056890470e-17 6.799226712957944983e+03
4.353333653358004872e-16 5.101765162863998297e-17 6.799975105712579534e+03
3.866053690852479682e-16 5.097011361424846773e-17 6.800723503853290822e+03
3.869074261604447923e-16 5.095838662143853543e-17 6.801471907375810588e+03
3.355365280904449925e-16 5.095114611354781814e-17 6.802220316275876939e+03
4.070276121969061953e-16 5.092723781132665011e-17 6.802968730549222528e+03
4.198313263306547839e-16 5.086293637218215160e-17 6.803717150191583642e+03
3.189759983880432422e-16 5.085539435429987621e-17 6.804465575198694751e+03
4.739990304095763730e-16 5.076268965098806665e-17 6.805214005566291235e+03
2.777897181028911625e-16 5.074886412141040672e-17 6.805962441290107563e+03
4.525200692608290411e-16 5.058059647718471561e-17 6.806710882365877296e+03
3.597665849847301675e-16 5.063306722345677192e-17 6.807459328789338542e+03
4.669224897173071070e-16 5.062841490692080243e-17 6.808207780556225771e+03
3.255779468773323482e-16 5.057947807965493981e-17 6.808956237662270723e+03
3.279333198281635430e-16 5.054050858547018839e-17 6.809704700103210598e+03
4.681119073485234019e-16 5.033869602422849810e-17 6.810453167874778956e+03
3.052348442432230511e-16 5.030062009027751137e-17 6.811201640972713903e+03
4.373345978468199451e-16 5.026628463357388612e-17 6.811950119392747183e+03
2.893665730676788345e-16 5.029812033924158186e-17 6.812698603130616902e+03
3.369791296956084685e-16 5.024160717304621114e-17 6.813447092182053893e+03
4.433035635339249084e-16 5.024674862545790339e-17 6.814195586542795354e+03
4.831406661765746767e-16 5.027580777144128475e-17 6.814944086208577573e+03
2.557314359248376031e-16 5.023308826783175049e-17 6.815692591175132293e+03
5.371204009801763060e-16 5.013243424234153853e-17 6.816441101438196711e+03
3.573279862186090533e-16 5.010868069932578981e-17 6.817189616993504387e+03
2.991811346156197881e-16 5.004969143068358096e-17 6.817938137836792521e+03
3.674839140201466920e-16 5.005214134208899424e-17 6.818686663963795581e+03
4.656818965775632098e-16 5.000466584618501471e-17 6.819435195370247129e+03
3.242209103687425823e-16 4.993060344387845896e-17 6.820183732051881634e+03
3.593680935779596504e-16 5.000966524982550937e-17 6.820932274004435385e+03
4.118673898827100915e-16 5.021074179020080751e-17 6.821680821223641942e+03
2.705415909596544325e-16 5.067498437712626528e-17 6.822429373705238504e+03
4.601700164791461839e-16 5.155776703352220424e-17 6.823177931444959540e+03
2.594734352921544159e-16 5.262575704326642627e-17 6.823926494438537702e+03
3.399519342999554933e-16 5.430048116593552025e-17 6.824675062681708368e+03
4.566763476765780575e-16 5.620415564408171686e-17 6.825423636170211466e+03
3.528125535873855852e-16 5.807939692061947778e-17 6.826172214899774190e+03
2.822936042559393828e-16 5.952889515818720051e-17 6.826920798866137375e+03
3.815122874322639093e-16 6.062834684175297687e-17 6.827669388065033672e+03
3.547783538267090503e-16 6.163816464515420481e-17 6.828417982492199371e+03
1.976252666987831248e-16 6.260003397299564729e-17 6.829166582143367123e+03
4.414029437100623353e-16 6.393094893660435664e-17 6.829915187014272306e+03
3.718580105841667896e-16 6.545116960013834598e-17 6.830663797100651209e+03
2.605464095112419178e-16 6.691180959022683744e-17 6.831412412398240122e+03
3.975427314156124214e-16 6.791831197544377118e-17 6.832161032902769875e+03
3.580711119824142251e-16 6.853236686893488646e-17 6.832909658609978578e+03
2.888367002719501121e-16 6.873688661855358616e-17 6.833658289515600700e+03
4.049903893612165082e-16 6.872587448686291725e-17 6.834406925615369801e+03
5.054312544334908628e-16 6.872195995411441653e-17 6.835155566905022170e+03
2.374449440848314847e-16 6.863721540777123742e-17 6.835904213380293186e+03
3.120730839665531135e-16 6.818563908125488544e-17 6.836652865036916410e+03
3.219276007913753749e-16 6.752127246482887400e-17 6.837401521870625402e+03
4.460402593188162405e-16 6.640583814524154294e-17 6.838150183877160089e+03
3.570065573391038663e-16 6.511323773545265379e-17 6.838898851052250393e+03
3.821055212873882879e-16 6.375627803321817025e-17 6.839647523391633513e+03
2.037119840499791244e-16 6.260935393028330194e-17 6.840396200891043918e+03
5.506603282932392789e-16 6.150047473741852819e-17 6.841144883546216988e+03
3.233399826911316764e-16 6.050044503807849163e-17 6.841893571352889012e+03
4.246309280285814166e-16 5.949991638826945222e-17 6.842642264306791731e+03
2.911833112651543885e-16 5.812937016393819885e-17 6.843390962403663252e+03
5.826209881303550920e-16 5.642900901296683737e-17 6.844139665639235318e+03
1.924789970256434245e-16 5.464626589521447181e-17 6.844888374009247855e+03
1.581067459449093402e-16 5.326951824420520409e-17 6.845637087509428966e+03
4.929737671615410170e-16 5.228374810411758761e-17 6.846385806135517669e+03
1.535728014981621189e-16 5.188524691083744204e-17 6.847134529883248433e+03
3.715812857417208756e-16 5.179997820508458234e-17 6.847883258748358458e+03
5.260387471430879625e-16 5.175590399485976243e-17 6.848631992726577664e+03
3.260099667933697112e-16 5.134360900799169895e-17 6.849380731813645980e+03
2.948407333599851378e-16 5.109826764158081554e-17 6.850129476005295146e+03
2.066858138247939992e-16 5.072729206810515738e-17 6.850878225297260542e+03
3.741792767011567305e-16 5.018956195538476656e-17 6.851626979685277547e+03
2.761728429698356845e-16 4.971633202780785922e-17 6.852375739165083360e+03
3.695061051298229124e-16 4.944287849908198422e-17 6.853124503732407902e+03
3.478491990938785384e-16 4.896723017348115970e-17 6.853873273382991101e+03
3.495718821622476107e-16 4.886464753090907585e-17 6.854622048112565608e+03
3.610261872622851651e-16 4.885113983534074213e-17 6.855370827916866801e+03
5.456061164728073671e-16 4.895204083543690639e-17 6.856119612791628242e+03
3.860091975015770626e-16 4.919601784221509518e-17 6.856868402732588947e+03
3.133408447294521902e-16 4.977164505013936958e-17 6.857617197735477930e+03
9.899202229665807360e-17 5.102711574381427494e-17 6.858365997796036027e+03
2.768595966529453187e-16 5.326399936835962424e-17 6.859114802909993159e+03
1.981383720057819445e-16 5.623961473444608437e-17 6.859863613073086526e+03
3.944702713535325989e-16 5.933594187015117750e-17 6.860612428281051507e+03
2.694501789738958704e-16 6.173628352169207693e-17 6.861361248529622571e+03
5.968308531574900462e-16 6.333315534871236107e-17 6.862110073814534189e+03
3.988401752458915990e-16 6.404661794185652919e-17 6.862858904131523559e+03
3.645609724014217955e-16 6.415883886825017900e-17 6.863607739476323331e+03
3.464708310849928163e-16 6.406424056811696612e-17 6.864356579844667067e+03
2.707761353511846440e-16 6.402939932112993302e-17 6.865105425232293783e+03
2.534300738335922323e-16 6.375260607437884224e-17 6.865854275634934311e+03
4.432267319324724145e-16 6.388142585149058604e-17 6.866603131048326759e+03
2.543962155512881893e-16 6.402387967635546085e-17 6.867351991468205597e+03
3.074154124093116742e-16 6.388255018221386432e-17 6.868100856890305295e+03
4.366354677314056500e-16 6.395674857303540171e-17 6.868849727310360322e+03
2.388384354713720380e-16 6.363311363997591001e-17 6.869598602724105149e+03
4.310928661709733902e-16 6.345816482048884351e-17 6.870347483127276064e+03
1.475752375206435960e-16 6.297834125684379256e-17 6.871096368515608447e+03
3.423125559069047380e-16 6.372546893438755126e-17 6.871845258884835857e+03
6.047142470245767973e-17 6.042738163663417081e-17 6.872594154230692766e+03
4.217565988367671513e-16 5.780356696154537152e-17 6.873343054548915461e+03
2.979717320964281502e-16 5.452595583543924336e-17 6.874091959835237503e+03
4.253690193073784257e-16 5.126154248507284073e-17 6.874840870085396091e+03
3.086270840027997761e-16 4.901049786475779803e-17 6.875589785295123875e+03
3.775499335661163787e-16 4.796341608338516455e-17 6.876338705460157144e+03
2.056108518293123039e-16 4.794341413744704685e-17 6.877087630576231277e+03
2.533023563804147450e-16 4.826489820223308791e-17 6.877836560639080744e+03
3.096172915432162801e-16 4.885051568374954777e-17 6.878585495644437287e+03
6.492821987265057451e-17 4.894075020855184213e-17 6.879334435588041742e+03
4.053301259915168544e-16 4.888398005223447740e-17 6.880083380465625851e+03
3.914586015823479476e-16 4.883191464682142311e-17 6.880832330272923173e+03
2.616543148252501851e-16 4.833260636135071820e-17 6.881581285005670907e+03
1.748961943618001749e-16 4.811005553303279893e-17 6.882330244659604432e+03
2.681608657583509652e-16 4.819275597382451483e-17 6.883079209230458218e+03
3.558082917309305490e-16 4.850792033007732163e-17 6.883828178713965826e+03
1.925966992715152459e-16 4.910633460216090278e-17 6.884577153105862635e+03
2.256692490060209748e-16 4.972477299698740021e-17 6.885326132401885843e+03
3.550363234985087944e-16 5.037273884768552645e-17 6.886075116597767192e+03
2.525011561246054806e-16 5.100384688383510093e-17 6.886824105689242060e+03
3.330298361302420792e-16 5.136988419051522548e-17 6.887573099672046737e+03
1.722158010792244159e-16 5.161298549313989731e-17 6.888322098541915693e+03
3.660423357530636808e-16 5.277785721394272403e-17 6.889071102294585216e+03
2.783163800773978209e-16 5.220545634067127207e-17 6.889820110925788867e+03
2.368442033244840410e-16 5.102521096330892170e-17 6.890569124431261116e+03
2.981146592233363395e-16 5.051934162520863716e-17 6.891318142806738251e+03
3.148364309620975269e-16 5.006700693015761878e-17 6.892067166047953833e+03
3.230184300953741784e-16 4.973465856490126022e-17 6.892816194150645060e+03
3.141425109093750914e-16 4.951607156437454310e-17 6.893565227110544583e+03
4.364401714306204197e-16 4.940108048245011212e-17 6.894314264923388691e+03
3.436894693224477298e-16 4.944754336480435951e-17 6.895063307584909126e+03
1.836117533470767147e-16 4.966405989116884669e-17 6.895812355090846722e+03
2.789051989019152899e-16 5.042708742040031803e-17 6.896561407436931404e+03
1.790224366570996852e-16 5.517335532447622570e-17 6.897310464618900369e+03
1.479673952416053830e-16 5.111987979416383283e-17 6.898059526632488087e+03
3.531424837014421618e-16 5.078422052556095277e-17 6.898808593473429937e+03
4.048049608775724407e-16 5.049322534150233597e-17 6.899557665137460390e+03
1.814006346882633544e-16 4.980913499600020181e-17 6.900306741620313915e+03
3.842910079584875306e-16 4.950138461711089090e-17 6.901055822917725891e+03
4.194486833298427051e-16 4.954073185216410750e-17 6.901804909025433517e+03
5.292692205115636626e-17 4.955806605692371240e-17 6.902553999939169444e+03
3.741418645727104446e-16 4.968586471697017189e-17 6.903303095654667231e+03
3.869823223020190904e-16 4.969307397361544984e-17 6.904052196167664079e+03
4.232712908493212141e-16 4.969653951115422408e-17 6.904801301473893545e+03
3.278060902352003677e-16 4.978680093555502703e-17 6.905550411569093740e+03
3.266182198483771823e-16 4.994658400052837097e-17 6.906299526448994584e+03
3.339515738668365575e-16 5.028754220355435946e-17 6.907048646109335095e+03
3.765107233762144281e-16 5.098937765905025765e-17 6.907797770545847925e+03
3.228611439270844579e-16 5.184080478840911321e-17 6.908546899754270271e+03
2.987140581342003718e-16 5.253709109446411551e-17 6.909296033730333875e+03
2.464158043841693097e-16 5.289848116216554249e-17 6.910045172469777754e+03
3.549570999514019112e-16 5.284459708104458643e-17 6.910794315968332739e+03
2.015690191863824639e-16 5.263227065281277250e-17 6.911543464221737850e+03
3.388385952199522252e-16 5.231394939181935628e-17 6.912292617225724825e+03
4.115121134032603989e-16 5.208770244649759847e-17 6.913041774976029956e+03
2.649070195492037037e-16 5.201820490075673305e-17 6.913790937468387710e+03
3.695521353828237152e-16 5.202588684933940777e-17 6.914540104698533469e+03
3.830401275452208940e-16 5.217215023590684472e-17 6.915289276662202610e+03
4.123011971311883926e-16 5.229190770250684673e-17 6.916038453355127785e+03
3.561119896576222571e-16 5.268050502561663250e-17 6.916787634773046193e+03
3.396858333280736668e-16 5.324503346274557344e-17 6.917536820911693212e+03
2.247613154820875303e-16 5.437886808898941404e-17 6.918286011766804222e+03
1.879933084395837956e-16 5.593169018090403081e-17 6.919035207334110055e+03
4.929641162296658044e-16 5.762340339591518860e-17 6.919784407609349728e+03
5.971083349661483591e-16 5.892338388847164993e-17 6.920533612588256801e+03
1.829148611327209717e-16 5.956187942364448633e-17 6.921282822266564835e+03
2.494461385833375495e-16 5.957915343494385980e-17 6.922032036640012848e+03
3.302500821570408253e-16 5.897308147910192054e-17 6.922781255704332580e+03
3.245568696000434425e-16 5.835491297532297840e-17 6.923530479455257591e+03
4.923709529083210879e-16 5.791275882098612639e-17 6.924279707888526900e+03
2.826547788464458830e-16 5.778244802311371049e-17 6.925028940999873157e+03
2.468976167915105745e-16 5.761149506678986048e-17 6.925778178785032651e+03
3.714824583979815936e-16 5.759713706157396053e-17 6.926527421239736213e+03
4.105581002341612866e-16 5.780045067560867146e-17 6.927276668359724681e+03
2.927565361875623799e-16 5.784077623885465503e-17 6.928025920140727976e+03
4.616655958455604505e-16 5.793391961214488387e-17 6.928775176578485116e+03
3.704983892502381467e-16 5.799186896806907535e-17 6.929524437668729661e+03
1.879248873812837429e-16 5.787329678967201184e-17 6.930273703407194262e+03
2.348069802156651690e-16 5.755549798518485892e-17 6.931022973789617026e+03
4.443187896062506408e-16 5.675798593162435648e-17 6.931772248811732425e+03
4.073017194216305225e-16 5.539089486387873300e-17 6.932521528469274017e+03
4.144236017447041199e-16 5.381643823295899735e-17 6.933270812757975364e+03
4.310788704760794811e-16 5.241014344734532574e-17 6.934020101673576391e+03
2.539656099832971667e-16 5.163728062311087138e-17 6.934769395211807932e+03
4.483954852915083358e-16 5.159888455394754376e-17 6.935518693368405366e+03
3.229965913442121739e-16 5.228190052930814518e-17 6.936267996139104071e+03
1.897191291918798577e-16 5.297468782610269340e-17 6.937017303519641246e+03
3.774610477261366251e-16 5.350670128612574521e-17 6.937766615505748632e+03
2.607317265469722427e-16 5.375883175892860082e-17 6.938515932093163428e+03
2.518668792995644446e-16 5.392316435284020078e-17 6.939265253277621014e+03
3.964359128523279947e-16 5.399707498132356908e-17 6.940014579054850401e+03
3.713588300721420666e-16 5.417515357800446299e-17 6.940763909420594246e+03
2.539139566831144616e-16 5.431082707790766557e-17 6.941513244370583379e+03
4.162388148214165358e-16 5.457628947766078681e-17 6.942262583900555910e+03
4.197448881155271120e-16 5.512645307929519808e-17 6.943011928006244489e+03
2.740804300338153411e-16 5.613834359084420724e-17 6.943761276683382675e+03
2.322591939491643030e-16 5.775936954936636663e-17 6.944510629927706759e+03
3.371275722515139530e-16 5.989715345743503702e-17 6.945259987734953029e+03
3.988584379078714316e-16 6.187154624686705146e-17 6.946009350100855954e+03
2.645728068182188425e-16 6.332149101222184341e-17 6.946758717021148186e+03
3.133959365469044826e-16 6.418247348160988524e-17 6.947508088491567833e+03
3.244041708089664989e-16 6.422390994112982254e-17 6.948257464507848454e+03
2.615617153906179283e-16 6.378350991220473101e-17 6.949006845065723610e+03
4.624435982964690936e-16 6.322470891091105617e-17 6.949756230160930500e+03
4.761354030602446975e-16 6.264361944805549128e-17 6.950505619789204502e+03
1.359406154148368878e-16 6.199661801453875498e-17 6.951255013946276449e+03
3.993643924752216748e-16 6.160070065053676085e-17 6.952004412627884449e+03
4.525559627004481152e-16 6.161867490105048501e-17 6.952753815829765699e+03
2.960670023810345435e-16 6.163948276406418317e-17 6.953503223547652851e+03
4.925282046049286630e-16 6.178345404065145880e-17 6.954252635777278556e+03
2.430807602206919328e-16 6.180473462433649789e-17 6.955002052514380921e+03
3.098000917550102709e-16 6.168988340691345309e-17 6.955751473754693507e+03
3.464570878798054596e-16 6.145272825567533355e-17 6.956500899493951692e+03
1.172464649280589448e-16 6.085217507797558048e-17 6.957250329727890858e+03
2.486813777245545109e-16 5.958661008418600758e-17 6.957999764452244563e+03
4.634457709472802869e-16 5.776981674342841241e-17 6.958749203662748187e+03
4.761607148754310731e-16 5.567403319127977425e-17 6.959498647355138019e+03
3.088213215596765344e-16 5.387848987452208401e-17 6.960248095525150347e+03
3.602510373414927949e-16 5.259309521814240452e-17 6.960997548168516005e+03
3.191997864644228751e-16 5.190278661522928736e-17 6.961747005280971280e+03
2.694926671997773183e-16 5.179103664008580510e-17 6.962496466858250642e+03
3.766206930200991185e-16 5.200240633055494924e-17 6.963245932896093109e+03
4.380950054370928603e-16 5.210911224429214002e-17 6.963995403390229512e+03
3.253952259585171713e-16 5.239316857211735291e-17 6.964744878336395232e+03
3.437965373949088550e-16 5.279962991585334260e-17 6.965494357730327465e+03
3.288656790848157374e-16 5.337502191671771391e-17 6.966243841567757954e+03
2.784301343026515406e-16 5.391032452685147244e-17 6.966993329844425716e+03
3.505475693145879378e-16 5.431647411870940931e-17 6.967742822556061583e+03
4.543646895311492921e-16 5.445624065701828059e-17 6.968492319698402753e+03
2.151383083277359610e-16 5.451620034061267570e-17 6.969241821267184605e+03
3.358811151863666073e-16 5.424658561180030344e-17 6.969991327258141609e+03
3.651931754939266625e-16 5.422948910383337311e-17 6.970740837667005508e+03
3.189457358909489378e-16 5.429106745955875182e-17 6.971490352489518045e+03
2.595799016834361609e-16 5.465893549647216013e-17 6.972239871721409145e+03
4.255293900399331701e-16 5.509513868564510755e-17 6.972989395358410547e+03
1.230200608623784909e-16 5.610767481632295865e-17 6.973738923396267637e+03
4.657582227137229530e-16 5.694527742267741278e-17 6.974488455830707608e+03
4.892921692354280360e-16 5.799560434144615475e-17 6.975237992657464929e+03
1.255413575187006793e-16 5.905357868600087552e-17 6.975987533872279528e+03
3.122613826963923628e-16 5.959958906743348400e-17 6.976737079470882236e+03
4.056237611196964343e-16 5.991071778182762386e-17 6.977486629449009342e+03
3.512517005285185422e-16 5.996222178082674547e-17 6.978236183802396226e+03
3.236214217675428084e-16 5.965711607402414473e-17 6.978985742526777358e+03
4.072966569418585178e-16 5.931989782562282607e-17 6.979735305617887207e+03
3.300241417349825438e-16 5.883215712823851816e-17 6.980484873071462061e+03
3.057179208305347462e-16 5.844344757639292232e-17 6.981234444883237302e+03
3.942865475381291716e-16 5.823238287424912421e-17 6.981984021048945579e+03
4.336348680276373759e-16 5.811718888864432213e-17 6.982733601564323180e+03
2.579638821877809785e-16 5.816438870403770083e-17 6.983483186425104577e+03
4.782925186249973650e-16 5.822382736660598855e-17 6.984232775627025148e+03
3.275196816764486437e-16 5.822565399014558415e-17 6.984982369165820273e+03
3.301883631784584865e-16 5.814227132593882422e-17 6.985731967037225331e+03
3.948389965728768792e-16 5.762746613188750445e-17 6.986481569236972064e+03
3.967836839588590971e-16 5.685829044530059251e-17 6.987231175760800397e+03
2.392479536482562370e-16 5.576833650931893787e-17 6.987980786604441164e+03
3.702750972113147433e-16 5.439655020971007934e-17 6.988730401763630653e+03
3.040701971920624685e-16 5.318437867098452037e-17 6.989480021234105152e+03
3.790736772501577359e-16 5.233411323037285676e-17 6.990229645011597313e+03
3.942836713377561401e-16 5.184644976766394550e-17 6.990979273091843424e+03
2.724439739417848261e-16 5.164869856957182494e-17 6.991728905470577956e+03
3.613824525383385111e-16 5.159885015659028896e-17 6.992478542143539016e+03
5.517210481848895590e-16 5.167783418932477733e-17 6.993228183106455617e+03
2.716914858250113062e-16 5.162380290468174998e-17 6.993977828355067686e+03
2.340189029923386960e-16 5.154264876153678796e-17 6.994727477885107874e+03
3.533926852553688879e-16 5.154615936753028419e-17 6.995477131692309740e+03
4.070049008331824263e-16 5.151478023138103870e-17 6.996226789772412303e+03
4.516727148066854002e-16 5.161893677494501961e-17 6.996976452121148213e+03
4.054431254454345666e-16 5.163950377484019090e-17 6.997726118734251941e+03
4.611538203539474044e-16 5.177990427217136370e-17 6.998475789607458864e+03
2.766604626726340331e-16 5.209119458508453061e-17 6.999225464736505273e+03
5.290591539945193856e-16 5.239021309238216491e-17 6.999975144117124728e+03
2.572972116851284466e-16 5.273478322260924569e-17 7.000724827745052607e+03
9.711253709728600346e-17 5.323318558639160411e-17 7.001474515616022472e+03
4.039922198967238863e-16 5.332438697893137846e-17 7.002224207725771521e+03
5.083083665990776250e-16 5.303593431706743548e-17 7.002973904070033313e+03
3.245178876340384935e-16 5.316769561468197538e-17 7.003723604644545958e+03
4.578303520495364833e-16 5.319894741207923230e-17 7.004473309445038467e+03
4.778967329919877288e-16 5.324400567656841371e-17 7.005223018467251677e+03
2.249631453516943438e-16 5.345480927472300451e-17 7.005972731706917330e+03
3.206187309978354871e-16 5.379937899672903751e-17 7.006722449159769894e+03
2.866044021707804965e-16 5.426525201331904046e-17 7.007472170821546570e+03
3.426743085723953806e-16 5.470273428777869510e-17 7.008221896687979097e+03
3.967451151814248242e-16 5.512528717329716309e-17 7.008971626754808312e+03
6.166001709490668896e-16 5.544047752079382609e-17 7.009721361017761410e+03
2.817870257878656416e-16 5.550953092210616152e-17 7.010471099472581045e+03
3.373656743749346106e-16 5.541783422819561507e-17 7.011220842114995321e+03
4.357648845986273869e-16 5.517170614120566510e-17 7.011970588940745074e+03
3.288152943247960496e-16 5.494023731720164355e-17 7.012720339945561136e+03
2.934479861609033213e-16 5.463990730816956613e-17 7.013470095125179796e+03
4.347005224575887156e-16 5.425780930080748949e-17 7.014219854475337343e+03
3.028866145939447899e-16 5.407934398856303464e-17 7.014969617991766427e+03
2.262756799065776086e-16 5.385584671028315947e-17 7.015719385670205156e+03
3.972394966678094933e-16 5.371440589101133934e-17 7.016469157506383453e+03
3.692173298289873308e-16 5.374813418517818283e-17 7.017218933496041245e+03
3.139824122416679580e-16 5.364053109123234224e-17 7.017968713634913001e+03
2.617772660588276306e-16 5.346996208698512187e-17 7.018718497918729554e+03
3.567179995004665240e-16 5.329644863990390026e-17 7.019468286343229011e+03
2.428511240172097073e-16 5.289079045114650800e-17 7.020218078904146751e+03
3.227500289728560784e-16 5.230812897354376486e-17 7.020967875597216334e+03
2.887619737287757684e-16 5.158766464046090711e-17 7.021717676418174051e+03
4.140753959769395508e-16 5.100454140814735098e-17 7.022467481362753460e+03
4.720078816439246340e-16 5.055169918589837966e-17 7.023217290426690852e+03
1.731168549234484595e-16 5.033298778944626812e-17 7.023967103605718876e+03
4.669951468195745161e-16 5.029937169109653752e-17 7.024716920895576550e+03
4.523604547757818039e-16 5.026451087485547438e-17 7.025466742291995615e+03
2.079651754283813605e-16 5.038847018609172865e-17 7.026216567790711451e+03
1.659251920334466514e-16 5.052491136513002999e-17 7.026966397387458528e+03
4.112685189799604438e-16 5.069676021932158717e-17 7.027716231077974044e+03
4.293609975228932929e-16 5.032799159517771309e-17 7.028466068857991559e+03
2.152433493248821988e-16 5.041463957072076519e-17 7.029215910723245543e+03
4.898196686497897174e-16 5.062177968220812109e-17 7.029965756669471375e+03
4.478924556743030358e-16 5.070123031698413520e-17 7.030715606692403526e+03
1.986398198338804057e-16 5.073885517926499464e-17 7.031465460787780103e+03
4.102445778720865596e-16 5.068516130736243343e-17 7.032215318951332847e+03
3.701514963804043642e-16 5.076308054366363773e-17 7.032965181178797138e+03
2.512767912553545893e-16 5.074685919245890267e-17 7.033715047465908356e+03
4.583101519321050677e-16 5.068161664605873256e-17 7.034464917808401879e+03
4.360720679332485982e-16 5.075555757406084071e-17 7.035214792202010358e+03
3.550000125712696855e-16 5.080413076887948675e-17 7.035964670642472811e+03
2.824498196776581392e-16 5.094015563054991209e-17 7.036714553125520979e+03
3.481340821926548643e-16 5.109624371131812455e-17 7.037464439646890241e+03
3.808046492369067887e-16 5.139065118354423254e-17 7.038214330202315978e+03
2.702509048864769383e-16 5.146766407297774562e-17 7.038964224787535386e+03
3.802124206450098783e-16 5.152899185766996982e-17 7.039714123398280208e+03
3.022883628870032546e-16 5.156488982717260043e-17 7.040464026030285822e+03
2.986362370341040192e-16 5.164675854518489679e-17 7.041213932679289428e+03
3.783535425919819487e-16 5.186963273429988300e-17 7.041963843341025495e+03
3.421595319690159574e-16 5.219587081727364791e-17 7.042713758011224854e+03
3.963586191197022741e-16 5.263331447826193478e-17 7.043463676685627433e+03
4.921965670789536936e-16 5.321612668998900624e-17 7.044213599359965883e+03
2.751300950881853096e-16 5.378612883308763319e-17 7.044963526029976492e+03
3.369715232246143996e-16 5.431263265570650149e-17 7.045713456691393731e+03
4.188746741518658977e-16 5.481217884404820607e-17 7.046463391339951158e+03
3.830899282296046738e-16 5.508693877400668434e-17 7.047213329971385974e+03
2.303530451405653793e-16 5.529078488808705333e-17 7.047963272581431738e+03
6.868370490097625019e-16 5.553353908287658868e-17 7.048713219165822011e+03
2.896798221229579034e-16 5.585224024978224363e-17 7.049463169720296719e+03
3.849069185204823883e-16 5.591718973585015274e-17 7.050213124240585785e+03
3.670650016815574807e-16 5.582355329113504499e-17 7.050963082722425497e+03
1.804121937380555675e-16 5.579274457987307064e-17 7.051713045161551236e+03
4.864930487160340023e-16 5.581653966863272217e-17 7.052463011553698379e+03
3.512726460057661526e-16 5.576645565279605798e-17 7.053212981894602308e+03
3.213513776456402734e-16 5.550077375995449234e-17 7.053962956179996581e+03
2.911744299771014853e-16 5.557871153517132466e-17 7.054712934405617489e+03
5.606938920870886414e-16 5.537596794381409893e-17 7.055462916567199500e+03
2.838075348241193896e-16 5.517749230884971420e-17 7.056212902660477084e+03
2.169160572067310015e-16 5.480740460281029290e-17 7.056962892681186531e+03
4.322054135561506594e-16 5.433327033447339036e-17 7.057712886625060491e+03
4.089730160490092525e-16 5.384354526522623418e-17 7.058462884487836163e+03
2.358125490427167139e-16 5.318492901618146089e-17 7.059212886265246198e+03
5.005356080552112962e-16 5.286432545962832277e-17 7.059962891953027793e+03
2.994914404237603980e-16 5.275051014358524602e-17 7.060712901546914509e+03
1.978538075024589092e-16 5.325144592103786672e-17 7.061462915042644454e+03
5.137668075174538899e-16 5.269676168803455650e-17 7.062212932435948460e+03
4.123489072475530566e-16 5.264274433509014863e-17 7.062962953722561906e+03
1.614884214804938170e-16 5.261968219984759665e-17 7.063712978898221991e+03
4.272025728017883536e-16 5.257522337006174117e-17 7.064463007958664093e+03
3.262821065941571499e-16 5.266782778913690812e-17 7.065213040899619045e+03
3.516122280766079207e-16 5.278987830602066446e-17 7.065963077716827684e+03
2.557536120442613041e-16 5.293888750112096544e-17 7.066713118406019930e+03
4.732001231835841194e-16 5.311986179273563220e-17 7.067463162962932984e+03
2.117256215111292206e-16 5.320757100298249877e-17 7.068213211383301314e+03
2.119041942952908673e-16 5.333397606934400053e-17 7.068963263662861209e+03
4.304484885886536867e-16 5.350173249281985242e-17 7.069713319797345321e+03
3.992885574522858361e-16 5.353299273093007050e-17 7.070463379782489937e+03
4.348020696466603328e-16 5.357184193711847799e-17 7.071213443614030439e+03
3.332572988682196408e-16 5.357232204846593577e-17 7.071963511287700385e+03
4.376154428346412859e-16 5.358529632677846538e-17 7.072713582799235155e+03
3.962646701442559381e-16 5.374392085740585718e-17 7.073463658144372857e+03
4.686360985290774041e-16 5.342192116544946910e-17 7.074213737318841595e+03
1.522617293862991923e-16 5.333563343492880500e-17 7.074963820318384933e+03
4.410928959217994058e-16 5.328939146140707218e-17 7.075713907138730974e+03
3.613405615353752327e-16 5.323543924713094597e-17 7.076463997775617827e+03
2.263716006884882909e-16 5.324524303415542135e-17 7.077214092224779961e+03
3.795066716384520068e-16 5.317681570748501178e-17 7.077964190481951846e+03
4.817701044357940764e-16 5.339820184972503171e-17 7.078714292542867952e+03
2.729278679586882210e-16 5.307238274894865177e-17 7.079464398403266387e+03
2.414568102048648750e-16 5.320158180028287207e-17 7.080214508058878891e+03
4.460338560460576321e-16 5.321584538989682080e-17 7.080964621505440846e+03
2.986911141403380145e-16 5.311785698963155209e-17 7.081714738738688538e+03
3.568655173322518713e-16 5.308918585239970897e-17 7.082464859754356439e+03
3.503644351566900392e-16 5.318346590080320809e-17 7.083214984548177199e+03
3.900765299481440840e-16 5.326992176255345184e-17 7.083965113115888926e+03
2.715926550345591154e-16 5.341976877818179627e-17 7.084715245453225180e+03
4.371141166508944927e-16 5.367764823076520304e-17 7.085465381555922249e+03
3.404491024744216329e-16 5.383697228262186464e-17 7.086215521419712786e+03
2.500218785292020481e-16 5.407573066065462723e-17 7.086965665040334898e+03
3.684888418160612531e-16 5.420799190195093507e-17 7.087715812413520325e+03
4.377852277496056303e-16 5.414100540339826743e-17 7.088465963535007177e+03
2.546949526074556237e-16 5.409853639377880425e-17 7.089216118400526284e+03
4.757214153181649668e-16 5.404949520415428386e-17 7.089966277005815755e+03
2.282183590670082300e-16 5.399449561469927726e-17 7.090716439346610969e+03
3.127733117345211758e-16 5.387642546097265364e-17 7.091466605418645486e+03
2.541868443668345214e-16 5.375453118607147241e-17 7.092216775217653776e+03
2.623145171499610104e-16 5.345594512865928815e-17 7.092966948739372128e+03
3.508482044400064768e-16 5.330217661646118063e-17 7.093717125979535012e+03
4.131897735639007667e-16 5.309506050414294527e-17 7.094467306933876898e+03
4.288321135770053403e-16 5.308919755847856077e-17 7.095217491598134075e+03
2.518264984189943893e-16 5.310576895374048575e-17 7.095967679968040102e+03
3.373090693850358612e-16 5.289436896593101651e-17 7.096717872039331269e+03
4.180590517843004278e-16 5.272727511756416229e-17 7.097468067807740226e+03
2.733724691079414371e-16 5.247719474090298448e-17 7.098218267269005082e+03
5.217157696038402634e-16 5.209502717359029940e-17 7.098968470418858487e+03
3.165058131665781014e-16 5.181571467195020616e-17 7.099718677253037640e+03
4.162114807376629375e-16 5.153635485190121184e-17 7.100468887767274282e+03
2.593788628358952419e-16 5.134114904201122605e-17 7.101219101957307430e+03
4.068780828607410304e-16 5.117658648840535065e-17 7.101969319818867007e+03
2.945504320009467662e-16 5.110874000845060346e-17 7.102719541347692939e+03
4.059357815149495508e-16 5.104333603573715963e-17 7.103469766539516058e+03
4.076157533274629070e-16 5.105634368779561501e-17 7.104219995390076292e+03
2.229929135438615426e-16 5.102120165397100485e-17 7.104970227895102653e+03
4.524380854643117564e-16 5.097719057306216717e-17 7.105720464050335067e+03
4.143596290996383979e-16 5.104102461271850067e-17 7.106470703851505277e+03
4.158822395122505132e-16 5.105017879274318062e-17 7.107220947294349571e+03
4.404057999207540492e-16 5.107886157851743029e-17 7.107971194374602419e+03
3.308738634182710569e-16 5.103186658592140069e-17 7.108721445088001019e+03
3.955184774194491602e-16 5.110663476267409511e-17 7.109471699430278022e+03
3.068824721925824510e-16 5.100254512556201727e-17 7.110221957397168808e+03
3.742490583761537279e-16 5.102095764837765025e-17 7.110972218984406936e+03
3.260310241881971041e-16 5.102731092212405709e-17 7.111722484187732334e+03
3.122269365255578474e-16 5.102506962666851415e-17 7.112472753002876743e+03
3.526952567330017417e-16 5.104634586331318191e-17 7.113223025425570995e+03
4.076187725945589613e-16 5.105439044799693412e-17 7.113973301451558655e+03
4.092283738252745300e-16 5.108548700441649635e-17 7.114723581076566916e+03
3.648257083893669493e-16 5.096055004871516802e-17 7.115473864296332977e+03
2.088694808630230007e-16 5.097769895116253196e-17 7.116224151106596764e+03
3.519254489282435282e-16 5.093341079888759101e-17 7.116974441503085473e+03
3.032752553122629335e-16 5.094948353246744055e-17 7.117724735481540847e+03
3.344524082168573813e-16 5.095279447627359017e-17 7.118475033037692810e+03
3.211463072365679139e-16 5.090591896537510569e-17 7.119225334167278561e+03
3.317054441396208683e-16 5.093710080624808975e-17 7.119975638866033478e+03
4.790884355388982446e-16 5.097191236852976040e-17 7.120725947129692941e+03
1.604043621408093018e-16 5.083691526800900742e-17 7.121476258953990509e+03
3.722070895435608587e-16 5.087434678269117134e-17 7.122226574334661564e+03
2.920089883162003303e-16 5.096278017106961975e-17 7.122976893267441483e+03
3.436305670736165106e-16 5.102407138288485987e-17 7.123727215748062008e+03
5.460009542075623236e-16 5.120943499284570438e-17 7.124477541772263976e+03
4.223805376855686557e-16 5.143134488103701096e-17 7.125227871335779128e+03
3.364182613986209205e-16 5.151012312069232059e-17 7.125978204434342842e+03
3.122768555462304559e-16 5.143140174482720714e-17 7.126728541063686862e+03
5.224356475037728849e-16 5.151436821211264663e-17 7.127478881219554751e+03
2.353401712895446731e-16 5.153704243262173625e-17 7.128229224897671884e+03
4.206671596852072830e-16 5.160369815117702049e-17 7.128979572093780007e+03
3.195079364397760865e-16 5.190594378707246156e-17 7.129729922803609952e+03
2.676945209397769896e-16 5.173973901758076369e-17 7.130480277022898008e+03
4.759181836356843737e-16 5.178446099583636701e-17 7.131230634747379554e+03
3.711132470357939489e-16 5.189474712947113230e-17 7.131980995972789970e+03
3.471412420387598618e-16 5.162022626051365817e-17 7.132731360694864634e+03
3.833485144834375876e-16 5.160070964837946152e-17 7.133481728909335288e+03
3.756566126811731412e-16 5.160345226392444143e-17 7.134232100611938222e+03
2.921672486815116138e-16 5.180603578916143949e-17 7.134982475798411542e+03
2.786306470717768024e-16 5.174431436152411436e-17 7.135732854464487900e+03
3.579623689376850177e-16 5.167553411585822404e-17 7.136483236605901766e+03
3.389402724543064563e-16 5.166787691679829141e-17 7.137233622218388518e+03
5.214606546091129897e-16 5.173340178446564686e-17 7.137984011297683537e+03
3.409118795318145124e-16 5.184942607491532881e-17 7.138734403839522201e+03
1.590714024776839959e-16 5.209175069209133044e-17 7.139484799839638072e+03
4.082854406439365139e-16 5.250998963868864964e-17 7.140235199293767437e+03
3.121012302328654860e-16 5.271920811690067027e-17 7.140985602197646585e+03
2.245260141854500855e-16 5.303089437479069432e-17 7.141736008547007259e+03
1.915765052367054180e-16 5.373275443344256616e-17 7.142486418337584837e+03
4.776067851227037358e-16 5.380195878970341760e-17 7.143236831565116518e+03
2.072800085472471783e-16 5.340971410273851666e-17 7.143987248225334042e+03
2.825581823537677024e-16 5.341908416972662658e-17 7.144737668313977338e+03
5.258557278954714627e-16 5.363434951656191689e-17 7.145488091826773598e+03
3.513326627645383370e-16 5.376803157880095368e-17 7.146238518759467297e+03
2.856154265075272217e-16 5.379376461682488656e-17 7.146988949107788358e+03
2.434772188593341711e-16 5.379383501107703784e-17 7.147739382867472159e+03
3.661493663178333697e-16 5.394126151799184726e-17 7.148489820034254080e+03
3.907797573417741311e-16 5.382725843326725427e-17 7.149240260603866773e+03
4.896182701740862902e-16 5.372706545469071580e-17 7.149990704572048344e+03
2.647154802257882274e-16 5.367473242730633529e-17 7.150741151934532354e+03
2.784709527681298704e-16 5.349390631249437490e-17 7.151491602687053273e+03
4.594634570572093605e-16 5.324962575397957975e-17 7.152242056825347390e+03
3.842213257003134553e-16 5.303799236425817014e-17 7.152992514345149175e+03
3.854419761205107472e-16 5.280770437001088829e-17 7.153742975242195826e+03
3.726465530050322820e-16 5.251991417037873586e-17 7.154493439512216355e+03
2.194830424548153423e-16 5.232152822394088338e-17 7.155243907150952509e+03
2.851212002934219091e-16 5.234562190435424352e-17 7.155994378154133301e+03
4.044104797850030211e-16 5.293900580264939641e-17 7.156744852517498657e+03
4.379785183163421963e-16 5.194041009820660020e-17 7.157495330236781228e+03
2.955725519504968213e-16 5.161893130850191489e-17 7.158245811307717304e+03
4.629819599001262883e-16 5.168980475784264034e-17 7.158996295726037715e+03
4.631148913826917808e-16 5.158610416107336177e-17 7.159746783487482389e+03
2.673492993420706517e-16 5.153326458354234459e-17 7.160497274587784887e+03
3.803242151944193708e-16 5.151515009618404881e-17 7.161247769022678767e+03
3.653197861261760310e-16 5.148975199603502833e-17 7.161998266787901230e+03
3.068594442084235614e-16 5.154037852585057370e-17 7.162748767879185834e+03
3.769913054510160371e-16 5.153169675485403628e-17 7.163499272292268870e+03
4.747008505542840898e-16 5.149245862643582973e-17 7.164249780022879349e+03
3.147181901215181008e-16 5.118720339645941049e-17 7.165000291066764476e+03
3.365994413045873393e-16 5.221254734904082773e-17 7.165750805419645985e+03
4.386995135383154357e-16 5.197190820011852019e-17 7.166501323077267443e+03
2.223331557848411951e-16 5.177186815445590352e-17 7.167251844035359682e+03
2.511051889508158147e-16 5.181901539082651866e-17 7.168002368289660808e+03
3.935524154777261911e-16 5.186178277191872024e-17 7.168752895835903473e+03
2.658781358894955792e-16 5.154112324514642134e-17 7.169503426669822147e+03
2.845505977133895865e-16 5.144416850610503776e-17 7.170253960787154938e+03
5.398472700233196006e-16 5.135202594767131123e-17 7.171004498183633586e+03
3.557004896585229224e-16 5.141575851544819509e-17 7.171755038854994382e+03
3.063731455921010611e-16 5.130584835229649938e-17 7.172505582796971794e+03
3.378544579152296021e-16 5.129218430984053776e-17 7.173256130005301202e+03
2.501753581619363926e-16 5.121043688129889346e-17 7.174006680475718895e+03
3.073066130011563089e-16 5.123302345520063398e-17 7.174757234203959342e+03
3.957055799717119231e-16 5.120592629336448927e-17 7.175507791185754286e+03
3.225805138562406450e-16 5.151193327918187279e-17 7.176258351416843652e+03
2.944854367646348213e-16 5.132804584099121995e-17 7.177008914892957364e+03
3.972567906390805818e-16 5.095612768837756292e-17 7.177759481609835348e+03
3.433243022723669775e-16 5.112288395024075821e-17 7.178510051563210254e+03
3.560980174242058203e-16 5.105328231245032833e-17 7.179260624748816554e+03
3.466694533072436034e-16 5.099889529838248200e-17 7.180011201162389625e+03
3.246350193542089250e-16 5.082563363608040126e-17 7.180761780799664848e+03
3.154577979696136345e-16 5.077976711268186923e-17 7.181512363656374873e+03
2.542438194939624611e-16 5.062088762167688039e-17 7.182262949728259628e+03
4.459207013356693360e-16 5.034575844454196448e-17 7.183013539011049943e+03
1.834349443172913508e-16 5.000469805360041260e-17 7.183764131500482108e+03
4.655224192712797571e-16 4.987111722213947357e-17 7.184514727192290593e+03
2.721623350368601101e-16 4.974311553708243996e-17 7.185265326082211686e+03
1.021444721268206029e-17 4.952557309354170890e-17 7.186015928165979858e+03
4.031626751487011574e-16 4.932177732623387359e-17 7.186766533439327759e+03
2.074461735001668610e-16 4.949364419846349387e-17 7.187517141897995316e+03
2.627851545284224131e-16 4.936925445092952016e-17 7.188267753537711542e+03
2.332390472309335903e-16 4.917544935679126439e-17 7.189018368354215454e+03
5.008403654073043693e-16 4.903332580620518725e-17 7.189768986343242432e+03
3.283916379525600335e-16 4.900138685234095459e-17 7.190519607500526035e+03
3.252211074239182952e-16 4.873804679339689827e-17 7.191270231821799825e+03
4.070414323048257955e-16 4.855225229804925650e-17 7.192020859302800091e+03
1.764808461759997497e-16 4.843360984364092368e-17 7.192771489939263120e+03
3.409959320632073341e-16 4.833017674661195078e-17 7.193522123726922473e+03
3.425865910836169425e-16 4.821108000321849826e-17 7.194272760661511711e+03
2.733303936609815081e-16 4.821111164155737366e-17 7.195023400738768032e+03
3.953835103151240338e-16 4.823059125501653420e-17 7.195774043954426816e+03
2.817216545453841622e-16 4.825094748855760669e-17 7.196524690304222531e+03
3.847355096503881234e-16 4.834910313301957279e-17 7.197275339783889649e+03
3.238839515795944459e-16 4.831108392699682456e-17 7.198025992389161729e+03
2.877101796707593977e-16 4.834434306276220343e-17 7.198776648115777789e+03
2.905993558062165319e-16 4.838364414329833264e-17 7.199527306959467751e+03
2.358305719891692985e-16 4.832761405292638928e-17 7.200277968915970632e+03
3.701279054187354482e-16 4.835610912422293264e-17 7.201028633981019084e+03
2.634531725843529381e-16 4.844213936055468836e-17 7.201779302150348485e+03
3.426644285846512261e-16 4.842268018557586501e-17 7.202529973419694215e+03
3.204983533289513906e-16 4.847737678424715360e-17 7.203280647784793473e+03
2.362313014973066190e-16 4.845646651813946477e-17 7.204031325241376180e+03
3.359073955853329625e-16 4.851360668567098148e-17 7.204782005785182264e+03
4.018996569158276396e-16 4.856296762520131225e-17 7.205532689411945285e+03
1.702517967576666309e-16 4.858819591040735722e-17 7.206283376117396074e+03
1.963682072121190189e-16 4.861790209279832411e-17 7.207034065897276378e+03
3.439853352594871630e-16 4.872392889098927723e-17 7.207784758747316118e+03
2.049357176609574930e-16 4.867188201167151155e-17 7.208535454663253404e+03
3.247824308825077965e-16 4.871254304845787885e-17 7.209286153640821794e+03
4.173838999829386917e-16 4.866431503370091861e-17 7.210036855675753941e+03
3.232134703006937563e-16 4.876169187760216232e-17 7.210787560763788861e+03
1.953214509983195702e-16 4.866117762115367899e-17 7.211538268900661024e+03
2.549283522454797814e-16 4.858583380854829732e-17 7.212288980082103080e+03
1.738164829232776410e-16 4.867235827156054298e-17 7.213039694303852229e+03
2.218380265153998093e-16 4.875816068867766045e-17 7.213790411561642031e+03
2.595176673981098385e-16 4.882378372328053581e-17 7.214541131851206956e+03
4.283066026318959877e-16 4.894068064019479293e-17 7.215291855168285110e+03
3.883912130520191888e-16 4.906144299146073993e-17 7.216042581508606418e+03
5.576241671480114632e-16 4.922307926888119409e-17 7.216793310867909895e+03
2.417593880444509114e-16 4.930225663855259622e-17 7.217544043241930012e+03
3.072168347611369790e-16 4.950915408248328326e-17 7.218294778626401239e+03
4.791449883477904133e-16 4.967304070461746574e-17 7.219045517017058955e+03
9.812087970300660853e-17 4.988751332998041530e-17 7.219796258409635811e+03
1.662181734164532903e-16 5.002441159881173392e-17 7.220547002799870825e+03
4.515009815060730861e-16 5.019352726971406819e-17 7.221297750183494827e+03
2.772944062792019158e-16 5.028548540179080745e-17 7.222048500556245926e+03
3.448969983266633089e-16 5.038114565145524107e-17 7.222799253913855864e+03
1.791091933799608680e-16 5.050054626389861483e-17 7.223550010252064567e+03
3.748373978747129907e-16 5.056530162061743189e-17 7.224300769566601957e+03
3.507506855419710139e-16 5.065543572375801042e-17 7.225051531853207052e+03
4.004957100813279434e-16 5.080878280684554095e-17 7.225802297107611594e+03
2.857784489263197451e-16 5.090566426870831666e-17 7.226553065325551870e+03
2.187617117842352088e-16 5.102345380542999747e-17 7.227303836502764170e+03
4.402944960363733908e-16 5.110183422664675988e-17 7.228054610634982964e+03
3.560671185669020921e-16 5.127359059480053079e-17 7.228805387717939993e+03
2.644103005341096516e-16 5.137776840528711503e-17 7.229556167747374275e+03
3.863419661223684916e-16 5.148360401807925331e-17 7.230306950719019369e+03
3.157113470341087191e-16 5.150366933099621452e-17 7.231057736628608836e+03
2.189458299514910688e-16 5.153737718832558529e-17 7.231808525471880785e+03
2.380793686236616389e-16 5.167508793077307662e-17 7.232559317244567865e+03
2.218872128511050791e-16 5.234197206842466926e-17 7.233310111942404546e+03
2.785696775502651000e-16 5.371527765516437378e-17 7.234060909561128028e+03
3.654045153489249196e-16 5.625770314884241660e-17 7.234811710096472780e+03
3.475315528410469685e-16 5.959629298595310784e-17 7.235562513544172361e+03
9.604714130385886176e-17 6.350962794883085637e-17 7.236313319899962153e+03
3.654104370306274415e-16 6.736215610504522386e-17 7.237064129159578442e+03
4.625066177559073781e-16 7.041342907953300399e-17 7.237814941318754791e+03
1.706611043292607547e-16 7.317043796949173513e-17 7.238565756373226577e+03
2.129040735097921004e-16 7.538422077987104257e-17 7.239316574318731000e+03
1.553456146929850245e-16 7.769587441041815482e-17 7.240067395150997982e+03
2.140141730073193707e-16 8.047849429822850351e-17 7.240818218865766539e+03
3.732007174110291106e-16 8.340478094847934035e-17 7.241569045458772962e+03
2.983882969402772677e-16 8.613198574645386932e-17 7.242319874925746262e+03
5.669569030088984223e-17 8.816202272749734573e-17 7.243070707262424548e+03
4.570970535297081373e-16 8.946629978431951493e-17 7.243821542464546837e+03
4.462211343444725365e-16 9.008684151594096321e-17 7.244572380527843961e+03
4.141388218088222867e-16 9.018754991759751471e-17 7.245323221448050390e+03
3.707675012101537128e-16 9.012805743022255543e-17 7.246074065220903321e+03
1.327759255404462683e-16 8.991417198446323052e-17 7.246824911842135407e+03
-2.483254642895370604e-18 8.941642379476809993e-17 7.247575761307482026e+03
2.880350816200005058e-16 8.820948994403717271e-17 7.248326613612681285e+03
3.793884422251303635e-16 8.678290415554997398e-17 7.249077468753465837e+03
1.027454418703086323e-16 8.447626079574769987e-17 7.249828326725570150e+03
9.389039652108517057e-17 8.238964407763022513e-17 7.250579187524730514e+03
3.168004958998721236e-16 8.013695083809608188e-17 7.251330051146678670e+03
2.724354545461086393e-16 7.834166277388017137e-17 7.252080917587154545e+03
4.612316688928269132e-16 7.648069844968746689e-17 7.252831786841889880e+03
4.065017718023326234e-16 7.470674234540874515e-17 7.253582658906621873e+03
2.084585314915872050e-16 7.180467101842419929e-17 7.254333533777082266e+03
1.257396177257262794e-16 6.848125083572877316e-17 7.255084411449010076e+03
3.619966370684395205e-16 6.511935421818789125e-17 7.255835291918136136e+03
4.438586473794215015e-16 6.285918312318572987e-17 7.256586175180197642e+03
2.603684236312294141e-16 5.990606131781541665e-17 7.257337061230930885e+03
3.875677851325360859e-16 5.868097454681403687e-17 7.258087950066066696e+03
2.474530840016567801e-16 5.823074677239977711e-17 7.258838841681345002e+03
3.974557284335493684e-16 5.800589223624225343e-17 7.259589736072497544e+03
3.919630167799341871e-16 5.777462302963954134e-17 7.260340633235262430e+03
3.460975026629038685e-16 5.758840258109757006e-17 7.261091533165370492e+03
2.957249081811185836e-16 5.715254288102814961e-17 7.261842435858558019e+03
1.757562502659340140e-16 5.655078111671887768e-17 7.262593341310562209e+03
4.443349539437703295e-16 5.540889377935465968e-17 7.263344249517116623e+03
3.075135695224432699e-16 5.477459911768791842e-17 7.264095160473954820e+03
2.825650820030788377e-16 5.423537520705327879e-17 7.264846074176815819e+03
3.409607966227027849e-16 5.379701013192250585e-17 7.265596990621430450e+03
3.235495921697716589e-16 5.361386781515111866e-17 7.266347909803532275e+03
3.561664167222684247e-16 5.360505067745403741e-17 7.267098831718862129e+03
4.487901903122480149e-16 5.364239989355460432e-17 7.267849756363152665e+03
2.271893383431912061e-16 5.384958921013704026e-17 7.268600683732136531e+03
3.499688291065033603e-16 5.447500540254116227e-17 7.269351613821550927e+03
3.465705498195475045e-16 5.587342910155201192e-17 7.270102546627132142e+03
1.977174655448548864e-16 5.852317708364819460e-17 7.270853482144611007e+03
2.150801814718527114e-16 6.287936643060900305e-17 7.271604420369725631e+03
2.930714947677465053e-16 6.844686752719291539e-17 7.272355361298210482e+03
5.651941687979730806e-17 7.409471283166831068e-17 7.273106304925799122e+03
3.264045968145025031e-16 7.883102605637021174e-17 7.273857251248229659e+03
4.848857275192379080e-16 8.344036953122839361e-17 7.274608200261233833e+03
3.653013991328225954e-16 8.392671502398345692e-17 7.275359151960548843e+03
3.895878922964973755e-16 8.377147937867842963e-17 7.276110106341908249e+03
3.410645363467270043e-16 8.396072213904845232e-17 7.276861063401048341e+03
3.265395731889200728e-16 8.422764568173427961e-17 7.277612023133700859e+03
3.674347884574562211e-16 8.481011170388266754e-17 7.278362985535605731e+03
2.319041090543517386e-16 8.550601970705174235e-17 7.279113950602495606e+03
2.464760248713963843e-16 8.676630714048110647e-17 7.279864918330104047e+03
3.194077701044904493e-16 8.825541700017794256e-17 7.280615888714168250e+03
2.863274229361823764e-16 8.964029597696781710e-17 7.281366861750422686e+03
3.273890837885542439e-16 9.104793777839792213e-17 7.282117837434600915e+03
1.493872084025948845e-16 9.181350263202704465e-17 7.282868815762438317e+03
3.198393199417982967e-16 9.150813842532323858e-17 7.283619796729673908e+03
9.031645273224223224e-17 9.025778595073533879e-17 7.284370780332035793e+03
1.204925905372895768e-16 8.770941489006326565e-17 7.285121766565263897e+03
2.336359998836830674e-16 8.364392576225612514e-17 7.285872755425091782e+03
3.851854040826724973e-16 7.870758931605423371e-17 7.286623746907255736e+03
4.009985978780484386e-16 7.408795898250072523e-17 7.287374741007485682e+03
4.044037146327532462e-16 7.042347233645389643e-17 7.288125737721523365e+03
2.079579016437008935e-16 6.762337084406887911e-17 7.288876737045100526e+03
2.086413154307045539e-16 6.699060893697389509e-17 7.289627738973951637e+03
3.720806709532062708e-16 6.695730534039274054e-17 7.290378743503813894e+03
2.552927559332693387e-16 6.702472357164992858e-17 7.291129750630419949e+03
2.014636871913312515e-16 6.717268520996270049e-17 7.291880760349506090e+03
5.148059873912376862e-16 6.687677808594004765e-17 7.292631772656806788e+03
3.384434697614436793e-16 6.610795803362785726e-17 7.293382787548056513e+03
2.729286575840008918e-16 6.443433494332355091e-17 7.294133805018990643e+03
2.842565412316281590e-16 6.232837658429165688e-17 7.294884825065344558e+03
5.013701788066844556e-16 6.012325065586655955e-17 7.295635847682855456e+03
1.932467045266290118e-16 5.838845669187535043e-17 7.296386872867252350e+03
9.381579608961474834e-17 5.750354530771267455e-17 7.297137900614276987e+03
5.116948120227558756e-16 5.748553255542745182e-17 7.297888930919662016e+03
1.850575613452628319e-16 5.807110324161910574e-17 7.298639963779140089e+03
3.539239019800191568e-16 5.915209183470093246e-17 7.299390999188445676e+03
2.969527971425219247e-16 6.048921710865616603e-17 7.300142037143317793e+03
1.652955204761011599e-16 6.181863413415608035e-17 7.300893077639489093e+03
4.061903890200024641e-16 6.281628956456071734e-17 7.301644120672694953e+03
2.734178690800022624e-16 6.339647090213924741e-17 7.302395166238670754e+03
2.933924246535826079e-16 6.359069837671783472e-17 7.303146214333151875e+03
3.699208285945168986e-16 6.344495967836534409e-17 7.303897264951870966e+03
5.545676543657353068e-16 6.320302793615498832e-17 7.304648318090567045e+03
2.655210409894814799e-16 6.269564006088368985e-17 7.305399373744969125e+03
3.527211143493270020e-16 6.206405839481774461e-17 7.306150431910817133e+03
3.388794207573196846e-16 6.155489539686669226e-17 7.306901492583847357e+03
1.880075666079146153e-16 6.123896607919122582e-17 7.307652555759788811e+03
3.304827956610486630e-16 6.127654691590708463e-17 7.308403621434379602e+03
3.082038418658242730e-16 6.186746759747132798e-17 7.309154689603356019e+03
2.140078868911144674e-16 6.213476886808844952e-17 7.309905760262453441e+03
4.082038953250637394e-16 6.345891623233706918e-17 7.310656833407402701e+03
1.350750303355219691e-16 6.601625408951032117e-17 7.311407909033943724e+03
-5.801800343236256173e-17 6.960715846961702214e-17 7.312158987137809163e+03
2.338703253724542497e-16 7.335249071126649465e-17 7.312910067714732577e+03
3.256115070710675861e-16 7.618741769031667027e-17 7.313661150760452074e+03
4.788827650941564640e-16 7.721498311670274028e-17 7.314412236270698486e+03
5.560270144559420887e-16 7.800800033599237599e-17 7.315163324241210830e+03
1.413054230892503850e-16 7.790674985478390722e-17 7.315914414667722667e+03
1.875747545986579334e-16 7.764175729438844097e-17 7.316665507545967557e+03
2.853149332245773154e-16 7.758230623555301027e-17 7.317416602871684518e+03
3.463206430801412841e-16 7.778296310448378649e-17 7.318167700640603471e+03
4.701668273798859531e-16 7.773902086691184940e-17 7.318918800848461615e+03
2.593000782104541254e-16 7.765617057925346349e-17 7.319669903490996148e+03
3.652045236551542398e-16 7.761296229216297314e-17 7.320421008563938813e+03
4.942758208923165423e-16 7.751269105285533720e-17 7.321172116063026806e+03
1.997320854978230126e-16 7.751289121844196301e-17 7.321923225983991870e+03
2.457703294580868615e-16 7.736603594049903887e-17 7.322674338322573021e+03
2.059424031821125542e-16 7.723908404528533292e-17 7.323425453074504730e+03
1.802129943358774807e-16 7.711314927351730652e-17 7.324176570235519648e+03
4.239630574935962560e-16 7.647654452325875838e-17 7.324927689801352244e+03
2.973078193787446650e-16 7.481207298144826765e-17 7.325678811767740626e+03
2.596431899439431813e-16 7.222862533827577691e-17 7.326429936130418355e+03
4.490320988025737714e-16 6.919556824832647547e-17 7.327181062885119900e+03
4.237238495278322922e-16 6.659847297871530146e-17 7.327932192027581550e+03
1.937640902929519973e-16 6.471021483146203064e-17 7.328683323553539594e+03
3.097599360373514399e-16 6.397893876900406604e-17 7.329434457458723045e+03
5.465944687173175491e-16 6.397805228482665041e-17 7.330185593738870011e+03
2.816012296250532342e-16 6.408873333874298732e-17 7.330936732389720419e+03
2.261292066573685931e-16 6.396515736561891673e-17 7.331687873407003281e+03
3.270347678976406142e-16 6.403880024230815047e-17 7.332439016786453976e+03
3.549789156354267194e-16 6.406957482936916571e-17 7.333190162523809704e+03
4.538392972433168129e-16 6.444815172138520664e-17 7.333941310614805843e+03
9.594609064104821641e-17 6.545544134681526207e-17 7.334692461055174135e+03
3.858025312341918342e-16 6.761156787949808425e-17 7.335443613840654507e+03
1.181349063885169865e-16 7.093562921578055306e-17 7.336194768966975971e+03
1.211461859882081790e-16 7.542258041613544743e-17 7.336945926429878455e+03
6.632619087407698149e-17 7.964422320678357889e-17 7.337697086225094608e+03
2.483394665604341762e-16 8.315181355365664895e-17 7.338448248348360721e+03
4.848349477792998797e-16 8.555346636552282167e-17 7.339199412795409444e+03
3.843488179326205792e-16 8.413467458896504324e-17 7.339950579561979794e+03
2.381822912691060026e-16 8.287644506272074235e-17 7.340701748643801693e+03
4.244726392695538412e-16 8.215347305613337195e-17 7.341452920036613250e+03
1.504975134232863871e-16 8.189679398295763387e-17 7.342204093736150753e+03
2.816202977100316270e-16 8.191179261815310295e-17 7.342955269738145034e+03
3.081902159636094177e-16 8.191872662363017799e-17 7.343706448038334202e+03
4.700473168963496386e-16 8.204053257413933025e-17 7.344457628632454544e+03
1.385802409971855185e-16 8.223068036774780727e-17 7.345208811516236892e+03
3.556856232187824138e-16 8.230227268529817458e-17 7.345959996685418446e+03
2.288853069754786578e-16 8.241784988038404348e-17 7.346711184135734584e+03
1.954727776339418685e-16 8.241872707194189698e-17 7.347462373862920685e+03
2.059050479061473606e-16 8.188760261726471412e-17 7.348213565862710311e+03
1.345146074377112957e-16 8.050146831362674576e-17 7.348964760130837931e+03
3.374330627937318485e-16 7.803135706600056540e-17 7.349715956663040743e+03
5.055136308457771741e-17 7.358696514472142185e-17 7.350467155455052307e+03
2.166240833783667026e-16 6.823359229225507846e-17 7.351218356502607094e+03
4.831165747047330852e-16 6.326653260903860871e-17 7.351969559801442301e+03
3.966956176083237342e-16 5.957294402504153117e-17 7.352720765347292399e+03
2.809997978436382800e-16 5.842838090589867880e-17 7.353471973135889129e+03
2.008082885217819885e-16 6.434930660759191996e-17 7.354223183162971509e+03
3.289298220688870073e-16 6.291846946967337825e-17 7.354974395424273098e+03
2.903177586938762063e-16 6.230514913398329061e-17 7.355725609915528366e+03
2.941000179526822426e-16 6.324633706662878318e-17 7.356476826632472694e+03
4.049304438606508802e-16 6.377699557463469141e-17 7.357228045570840550e+03
3.484303810109439405e-16 6.418152054805445748e-17 7.357979266726368223e+03
2.045098415735386026e-16 6.533969620962114205e-17 7.358730490094789275e+03
1.929082028196103890e-16 7.164669036272080315e-17 7.359481715671838174e+03
4.446824819123786028e-16 6.470928492129643305e-17 7.360232943453253029e+03
1.495700237156164161e-16 6.460851177560756925e-17 7.360984173434766490e+03
2.799350184807591881e-16 6.476304905912086201e-17 7.361735405612114846e+03
4.235416097549864899e-16 6.513896441765347349e-17 7.362486639981030748e+03
3.720858774266854864e-16 6.564047665091658354e-17 7.363237876537250486e+03
3.443654878784760728e-16 6.725057008547246685e-17 7.363989115276509438e+03
2.442512374365290518e-17 7.007630272043332257e-17 7.364740356194544802e+03
2.506462555331331284e-16 7.357589257122061026e-17 7.365491599287085592e+03
3.277942104576925405e-16 7.691297282662791565e-17 7.366242844549871734e+03
2.259482578922340386e-16 7.946035311240319684e-17 7.366994091978637698e+03
9.680207286755849677e-17 8.065656377058885358e-17 7.367745341569116135e+03
4.907215920510356164e-16 8.028512962852702258e-17 7.368496593317046063e+03
3.974816809286365512e-16 7.917940463804989225e-17 7.369247847218157403e+03
1.470244520842751917e-16 7.807496555585320875e-17 7.369999103268188264e+03
4.321207460276649995e-16 7.718365724467583583e-17 7.370750361462872206e+03
6.452856711482054578e-16 7.689538957477602317e-17 7.371501621797945518e+03
1.760993790302912335e-16 7.668679237221412827e-17 7.372252884269145397e+03
4.104865439936817679e-16 7.661689923890014947e-17 7.373004148872199949e+03
2.802273679472477969e-16 7.656327103188908914e-17 7.373755415602852736e+03
9.541243490392112895e-17 7.641976160255622275e-17 7.374506684456833682e+03
5.610000220341366546e-16 7.632634601783312470e-17 7.375257955429875437e+03
2.685950452330292362e-16 7.602107049173772012e-17 7.376009228517718839e+03
2.010739610684458154e-16 7.543266669333521950e-17 7.376760503716094718e+03
1.813202287905693800e-16 7.405529602727392241e-17 7.377511781020741182e+03
3.213324120118223988e-16 7.178627889408980373e-17 7.378263060427390883e+03
2.943293993201715558e-16 6.806081619689927426e-17 7.379014341931777381e+03
2.685037232450185256e-16 6.371320061724555349e-17 7.379765625529640602e+03
3.297948703674189099e-16 5.958984793487660927e-17 7.380516911216713197e+03
3.651850155340622684e-16 5.646599798273935288e-17 7.381268198988726908e+03
3.291950185142620474e-16 5.449269170105333044e-17 7.382019488841419843e+03
4.913215222541968450e-16 5.394801040737338087e-17 7.382770780770528290e+03
3.721464719020232554e-16 5.376255661281200716e-17 7.383522074771784901e+03
3.881370924118542729e-16 5.355749866620818890e-17 7.384273370840925054e+03
2.772276853505891066e-16 5.352652269142125402e-17 7.385024668973685039e+03
3.414401239142632342e-16 5.370560595498746619e-17 7.385775969165799324e+03
2.419331314648116040e-16 5.418130678847964516e-17 7.386527271413000562e+03
3.907877780196989429e-16 5.511925085552695681e-17 7.387278575711026861e+03
3.726989652879181678e-16 5.637388857676840766e-17 7.388029882055611779e+03
3.314229143988285172e-16 5.793068284809164089e-17 7.388781190442488878e+03
3.025966063881125802e-16 5.922100699397821550e-17 7.389532500867398994e+03
3.420890900937429243e-16 6.024505118848096226e-17 7.390283813326069321e+03
3.558477550921575056e-16 6.071583902685525917e-17 7.391035127814239786e+03
3.764787772229803792e-16 6.079010605214439450e-17 7.391786444327643039e+03
4.144450782507564173e-16 6.089920825958788754e-17 7.392537762862016280e+03
3.519764761145023869e-16 6.088323525587005404e-17 7.393289083413093977e+03
3.349279408343065680e-16 6.097728639563992173e-17 7.394040405976609691e+03
5.594224156277831856e-16 6.099642102231824681e-17 7.394791730548297892e+03
1.781504540889392282e-16 6.136354763032974632e-17 7.395543057123896688e+03
3.467752678002994285e-16 6.233867855318949339e-17 7.396294385699138729e+03
2.768932675444965890e-16 6.398660791780915894e-17 7.397045716269760305e+03
1.660454282094114853e-16 6.643943437056655648e-17 7.397797048831494976e+03
3.093023912091227369e-16 6.896437641817928163e-17 7.398548383380079940e+03
3.952881250253116397e-16 7.097690899931215375e-17 7.399299719911245120e+03
1.541596063287972167e-16 7.216601043868180308e-17 7.400051058420733170e+03
2.834518112660080292e-16 7.255322859620090559e-17 7.400802398904273105e+03
3.368820921703335795e-16 7.191663903831048685e-17 7.401553741357601211e+03
2.742689298787929152e-16 7.091256623626470788e-17 7.402305085776455599e+03
3.933770655977619939e-16 6.969940825892566691e-17 7.403056432156565279e+03
3.683844758727229976e-16 6.882364365934088699e-17 7.403807780493672908e+03
4.285416731670035422e-16 6.825114255907247191e-17 7.404559130783507499e+03
2.274838130724889358e-16 6.809234518531904104e-17 7.405310483021804430e+03
3.081864487156613611e-16 6.806502893685534765e-17 7.406061837204301810e+03
2.140741500567367379e-16 6.800425711924174510e-17 7.406813193326732289e+03
3.647372258405915863e-16 6.797106375217208299e-17 7.407564551384830338e+03
4.307389957441721889e-16 6.795682930834745623e-17 7.408315911374334974e+03
2.807431671661058201e-16 6.760339842199147134e-17 7.409067273290977028e+03
2.549458122867024102e-16 6.693423973018714780e-17 7.409818637130492789e+03
4.393496140678513863e-16 6.555441668035827831e-17 7.410570002888617637e+03
6.575091771102967561e-17 6.325064913203408165e-17 7.411321370561085132e+03
1.301012242095627882e-16 6.231197264766157086e-17 7.412072740143632473e+03
4.900662883800758776e-16 5.816076357326170752e-17 7.412824111631995038e+03
4.041374625821016444e-16 5.532896156311078751e-17 7.413575485021906388e+03
3.041455359868523581e-16 5.381378820076966009e-17 7.414326860309098265e+03
5.379768780828212712e-16 5.337139315295416809e-17 7.415078237489311505e+03
2.608066592655487066e-16 5.337773514071449890e-17 7.415829616558276939e+03
3.827371701708679128e-16 5.339384184150234235e-17 7.416580997511731766e+03
3.834588418182681159e-16 5.324770056137421151e-17 7.417332380345412275e+03
3.001917817086220638e-16 5.350965389042053857e-17 7.418083765055048389e+03
1.812911587029096354e-16 5.355034632470058114e-17 7.418835151636380942e+03
2.992801210061296481e-16 5.361918253917219071e-17 7.419586540085139859e+03
2.709857551251420508e-16 5.370656908010211519e-17 7.420337930397063246e+03
4.032236519079227705e-16 5.359040172361240994e-17 7.421089322567886484e+03
4.961188840258213375e-16 5.351090263920300276e-17 7.421840716593344041e+03
2.236258546182136604e-16 5.347495452639935420e-17 7.422592112469168569e+03
4.320883415063773676e-16 5.345292740436297943e-17 7.423343510191096357e+03
3.006688414204288865e-16 5.359582670731224187e-17 7.424094909754866421e+03
1.059835451197489017e-16 5.406988377738957010e-17 7.424846311156206866e+03
2.905650564796830243e-16 5.468826562320001554e-17 7.425597714390858528e+03
3.043208557546772713e-16 5.553024046628220215e-17 7.426349119454551328e+03
4.870592256778620737e-16 5.626003331252177258e-17 7.427100526343025194e+03
2.990613207603511577e-16 5.676134426523274276e-17 7.427851935052012777e+03
3.293772997924595535e-16 5.705777777889584679e-17 7.428603345577249456e+03
2.197707677878790145e-16 5.717249821695822469e-17 7.429354757914468792e+03
2.724612180430576369e-16 5.720756904323974219e-17 7.430106172059405253e+03
2.539509356171050248e-16 5.714863828840830913e-17 7.430857588007796949e+03
3.311868829295451984e-16 5.723629100984524684e-17 7.431609005755376529e+03
4.429250663261060774e-16 5.754504876017532934e-17 7.432360425297882102e+03
2.874498895761231318e-16 5.816478864059397122e-17 7.433111846631046319e+03
3.739217264306744940e-16 5.913360289338277496e-17 7.433863269750602740e+03
1.896390442898422045e-16 6.068778637975224627e-17 7.434614694652288563e+03
3.268359031027080234e-16 6.212776790481281708e-17 7.435366121331837348e+03
2.411774676422258219e-16 6.333805321511100458e-17 7.436117549784985385e+03
3.162062091424903054e-16 6.415416870859743014e-17 7.436868980007468053e+03
4.217102801579631368e-16 6.437331393684728285e-17 7.437620411995019822e+03
1.059306880028629606e-16 6.417034185115674375e-17 7.438371845743373342e+03
1.603378011049346027e-16 6.369888963999963538e-17 7.439123281248267631e+03
2.644533078660967717e-16 6.288807455870574806e-17 7.439874718505436249e+03
3.279253747524961535e-16 6.227437219147010358e-17 7.440626157510610938e+03
4.044784855364223035e-16 6.174911027937849654e-17 7.441377598259532533e+03
2.955390708015084024e-16 6.144133392862209518e-17 7.442129040747929139e+03
4.820023296603672943e-16 6.096551159945703860e-17 7.442880484971541591e+03
2.446147643224971406e-16 6.104236159093763019e-17 7.443631930926102541e+03
2.171462207720767590e-16 6.102884729950948547e-17 7.444383378607348277e+03
3.849735126829138491e-16 6.080034267475175567e-17 7.445134828011011450e+03
1.709096080175666080e-16 6.051296674355706676e-17 7.445886279132827440e+03
3.125611803735091013e-16 6.014995212069589103e-17 7.446637731968535263e+03
2.901061236721285349e-16 5.934078995395773845e-17 7.447389186513864843e+03
2.792488198911470728e-16 5.788826752384892304e-17 7.448140642764554286e+03
4.110725237834014861e-16 5.617356466002272508e-17 7.448892100716336245e+03
4.291244110927817018e-16 5.467713243932833220e-17 7.449643560364947916e+03
2.949533320692667424e-16 5.354794411572998241e-17 7.450395021706122861e+03
1.326827643923701636e-16 5.294454342622596241e-17 7.451146484735598278e+03
3.127340604958808879e-16 5.270260501841474772e-17 7.451897949449104999e+03
1.529502147269862958e-16 5.268652104103532843e-17 7.452649415842381131e+03
3.671935240734225320e-16 5.268319876624170045e-17 7.453400883911161145e+03
5.365301917060502795e-16 5.277578944744352937e-17 7.454152353651182239e+03
3.850608399773776741e-16 5.287515251420487014e-17 7.454903825058175244e+03
2.363607817013558056e-16 5.301327690561196238e-17 7.455655298127878268e+03
2.925623431224123264e-16 5.300682948574835031e-17 7.456406772856023053e+03
2.768155322742364353e-16 5.327639478265783395e-17 7.457158249238347707e+03
2.624165946172866503e-16 5.347431493100416312e-17 7.457909727270583971e+03
3.309067400799309686e-16 5.379499945286753017e-17 7.458661206948472682e+03
4.350877662648057789e-16 5.404738121259741873e-17 7.459412688267742851e+03
1.210113268915588075e-16 5.446215103234685064e-17 7.460164171224134407e+03
3.272103520867527808e-16 5.491463750195508538e-17 7.460915655813376361e+03
3.874627392359990982e-16 5.536774875084451156e-17 7.461667142031208641e+03
3.281446105481020377e-16 5.595970198662122282e-17 7.462418629873365717e+03
4.325344589959048904e-16 5.656388183670501091e-17 7.463170119335580239e+03
3.734863834612683209e-16 5.714299653137936873e-17 7.463921610413588496e+03
3.436550482470840656e-16 5.762408589478863398e-17 7.464673103103126778e+03
2.096411997026362159e-16 5.811468707325047395e-17 7.465424597399929553e+03
3.853625409583703510e-16 5.867022976904261204e-17 7.466176093299729473e+03
3.107350449283708888e-16 5.938685215210047274e-17 7.466927590798262827e+03
1.670803065156272796e-16 6.033705964197916079e-17 7.467679089891265903e+03
2.693355520149022299e-16 6.113010720162100442e-17 7.468430590574471353e+03
2.379446653038363106e-16 6.343889103897728344e-17 7.469182092843617284e+03
4.138496822946855563e-16 6.394920649137383923e-17 7.469933596694438165e+03
2.752469946427043703e-16 6.448565756705339298e-17 7.470685102122666649e+03
2.812612779067701852e-16 6.504969890780936543e-17 7.471436609124039023e+03
2.436833248946894263e-16 6.538344043518349883e-17 7.472188117694289758e+03
2.918543223933208707e-16 6.553732879645240843e-17 7.472939627829155143e+03
2.914635846118140247e-16 6.544130988885052909e-17 7.473691139524367827e+03
3.004505025773226070e-16 6.536676254848493822e-17 7.474442652775665920e+03
6.008093720843991922e-16 6.588703930887044344e-17 7.475194167578782981e+03
3.827624746079361099e-16 6.651031498581700815e-17 7.475945683929452571e+03
4.002677724648115781e-16 6.719544164484207257e-17 7.476697201823413707e+03
2.837834016129794334e-16 6.809778453990367270e-17 7.477448721256396311e+03
1.880385395619611304e-16 6.891540974134240127e-17 7.478200242224138492e+03
3.126948302632402482e-16 6.942722138402465351e-17 7.478951764722374719e+03
1.453073237541000327e-16 7.025604909452302272e-17 7.479703288746837643e+03
2.152092644903710156e-16 7.081321601066481388e-17 7.480454814293267191e+03
3.608880467916767046e-16 7.108597565800201792e-17 7.481206341357394194e+03
1.581746498961038293e-16 7.100063379955030518e-17 7.481957869934956761e+03
3.505109436686161566e-16 7.020902941043915777e-17 7.482709400021687543e+03
3.181587173431658348e-16 6.921708522790296411e-17 7.483460931613321918e+03
4.611540270733701916e-16 6.835895636124297681e-17 7.484212464705594357e+03
1.976455162925201803e-16 6.757325777465436026e-17 7.484963999294241148e+03
3.540405375149337602e-16 6.708195870296568685e-17 7.485715535374998581e+03
3.920230157197560564e-16 6.666483408839042709e-17 7.486467072943598396e+03
2.759716595672133775e-16 6.629194914114359716e-17 7.487218611995776882e+03
2.302431294287294136e-16 6.579044744428158175e-17 7.487970152527268510e+03
2.587992877113548824e-16 6.528703556444046782e-17 7.488721694533811387e+03
2.837512684391401841e-16 6.479994189000237027e-17 7.489473238011136345e+03
2.555769198528551716e-16 6.413634303528096154e-17 7.490224782954981492e+03
2.357464282236333370e-16 6.329199642928679631e-17 7.490976329361079479e+03
4.457509649382614965e-16 6.268782196788063015e-17 7.491727877225167504e+03
2.905030414266182473e-16 6.157513702538873356e-17 7.492479426542977308e+03
2.210324091942492616e-16 6.029326160317425400e-17 7.493230977310247908e+03
3.670714145243874856e-16 5.850173950198707791e-17 7.493982529522712866e+03
1.635535031632256855e-16 5.760923217423575110e-17 7.494734083176105742e+03
4.089521576771028478e-16 5.669113457290265258e-17 7.495485638266163733e+03
2.991775072343579604e-16 5.610178178356845888e-17 7.496237194788618581e+03
3.468616578595606088e-16 5.585742205599541309e-17 7.496988752739209303e+03
2.516694042267230556e-16 5.591732451522327307e-17 7.497740312113669461e+03
2.578487242108169653e-16 5.603153201660480034e-17 7.498491872907732613e+03
3.019651372340299665e-16 5.597014737130712853e-17 7.499243435117134140e+03
3.169874875943124217e-16 5.591854914980145593e-17 7.499994998737610331e+03
4.443694470996072988e-16 5.589384184025687021e-17 7.500746563764895654e+03
3.285887299257122415e-16 5.572177794547387908e-17 7.501498130194724581e+03
5.950297572878896714e-16 5.550344121398790064e-17 7.502249698022833400e+03
3.796675551919453011e-16 5.499482764304403158e-17 7.503001267244954761e+03
2.392709934895474249e-16 5.448507154928073613e-17 7.503752837856825863e+03
3.520556421478800440e-16 5.379601604824499892e-17 7.504504409854181176e+03
2.745263622101371132e-16 5.338030568049364517e-17 7.505255983232756080e+03
3.055086684850749208e-16 5.309172642936620128e-17 7.506007557988283224e+03
2.184362610675005432e-16 5.316628776784116614e-17 7.506759134116500718e+03
4.035822917473548844e-16 5.404816408602758139e-17 7.507510711613142121e+03
3.394762153012054221e-16 5.720483963821501657e-17 7.508262290473943722e+03
2.650826965705807636e-16 5.309699912256584808e-17 7.509013870694636353e+03
5.710382155741911768e-16 5.293339132133557373e-17 7.509765452270959941e+03
3.377781096047352612e-16 5.290183748520510722e-17 7.510517035198648955e+03
3.442543644760190386e-16 5.298954661473865955e-17 7.511268619473436047e+03
4.489691100071359756e-16 5.314726241281477664e-17 7.512020205091055686e+03
2.403672639273351906e-16 5.340975223908337116e-17 7.512771792047247800e+03
3.049996852818984422e-16 5.373978415021597186e-17 7.513523380337740491e+03
3.845084670841673961e-16 5.417086309516855243e-17 7.514274969958273687e+03
3.455304750898933913e-16 5.453651305857808449e-17 7.515026560904580037e+03
4.059274184839230272e-16 5.497081486872812568e-17 7.515778153172395832e+03
3.902639470162901989e-16 5.527577452079218630e-17 7.516529746757456451e+03
3.411755325974246866e-16 5.591088597994779778e-17 7.517281341655494543e+03
2.375825294379973425e-16 5.717002419028375275e-17 7.518032937862248218e+03
3.670794980396930577e-16 5.949693577398140107e-17 7.518784535373451945e+03
2.106948820906473918e-16 6.268931127528549646e-17 7.519536134184838374e+03
8.387184923246148223e-17 6.675654754575142244e-17 7.520287734292143796e+03
3.610235353334338556e-16 7.046207228379447502e-17 7.521039335691104498e+03
3.371973363326015988e-16 7.324803039305038164e-17 7.521790938377453131e+03
3.436927545141298366e-16 7.499663134407224324e-17 7.522542542346925984e+03
4.244873727611170527e-16 7.576810251022692151e-17 7.523294147595259346e+03
4.939375727223705597e-16 7.612759860967952248e-17 7.524045754118185869e+03
3.909286477087914357e-16 7.646106751378111066e-17 7.524797361911441840e+03
1.394624069947386948e-16 7.691485183406699667e-17 7.525548970970761729e+03
2.106938885470761008e-16 7.752979351400398925e-17 7.526300581291881826e+03
6.334130214455657874e-17 7.823813247194620188e-17 7.527052192870534782e+03
5.749929292512240422e-16 7.885961985398076955e-17 7.527803805702456884e+03
1.742016444808628412e-16 7.932819989690221810e-17 7.528555419783384423e+03
4.118594661248962238e-16 7.964811401944122742e-17 7.529307035109051867e+03
3.895629684189020337e-16 7.964885911931180834e-17 7.530058651675190958e+03
1.258248166159340722e-16 7.942109466703520215e-17 7.530810269477539805e+03
1.859869629912344295e-16 7.866942321321961884e-17 7.531561888511834695e+03
3.616988250729899518e-16 7.726217586970821492e-17 7.532313508773804642e+03
1.632689178605776318e-16 7.441548118768242597e-17 7.533065130259193211e+03
1.992561383685129430e-16 7.088464464654105445e-17 7.533816752963730323e+03
5.493724147570892662e-16 6.723517519973317417e-17 7.534568376883149540e+03
2.738149119206099252e-16 6.429910922001907232e-17 7.535320002013191697e+03
2.263522303436788524e-16 6.247920462811488564e-17 7.536071628349585808e+03
4.887413883197488294e-16 6.156998268960070776e-17 7.536823255888068161e+03
3.858754063051868448e-16 6.132081632604220204e-17 7.537574884624377773e+03
1.632901376946490733e-16 6.135437100436976966e-17 7.538326514554244568e+03
1.172601226914714649e-16 6.116199844649887108e-17 7.539078145673405743e+03
4.353100839823777171e-16 6.104308112429986061e-17 7.539829777977596677e+03
3.551607700515247912e-16 5.884560604064356292e-17 7.540581411462551841e+03
5.045957149431184326e-16 5.761350382354197561e-17 7.541333046124005705e+03
4.165827931655426649e-16 5.670910091216990083e-17 7.542084681957694556e+03
1.501457474039443625e-16 5.611337213820035754e-17 7.542836318959352866e+03
4.692936797198718514e-16 5.584193144634577444e-17 7.543587957124715103e+03
3.378712512696542991e-16 5.586393251954077882e-17 7.544339596449517558e+03
2.692727917155725674e-16 5.566838672025915987e-17 7.545091236929492879e+03
3.698944283833942223e-16 5.561524251542405316e-17 7.545842878560377358e+03
1.512993558730951335e-16 5.556923831546330205e-17 7.546594521337909100e+03
2.533984295249609025e-16 5.556213065182307830e-17 7.547346165257816210e+03
2.625223339810781633e-16 5.544135858508813127e-17 7.548097810315841343e+03
3.678922652059946909e-16 5.559130159546831596e-17 7.548849456507714422e+03
3.135392906440988572e-16 5.908133706228304495e-17 7.549601103829172644e+03
2.678938732462353914e-16 5.520413429583951260e-17 7.550352752275948660e+03
4.730056409210456577e-16 5.474032998092312986e-17 7.551104401843778760e+03
4.339538664791270905e-16 5.478301408702445235e-17 7.551856052528401051e+03
3.526481542260610478e-16 5.507672761454694553e-17 7.552607704325545456e+03
3.670855229801793695e-16 5.578612421332597534e-17 7.553359357230950081e+03
1.886783731313886771e-16 5.667098787052010229e-17 7.554111011240350308e+03
3.659525432747025739e-16 5.741194358811243037e-17 7.554862666349477877e+03
2.455929568357992072e-16 5.803066346668570348e-17 7.555614322554070895e+03
3.775702090440169414e-16 5.837335508677942022e-17 7.556365979849864743e+03
3.748321328888940585e-16 5.839868079081283146e-17 7.557117638232590252e+03
4.695917471287821594e-16 5.838754041485165528e-17 7.557869297697987349e+03
2.162345776212866536e-16 5.847669465632921562e-17 7.558620958241787775e+03
9.955971776098407821e-17 5.855372764707435622e-17 7.559372619859728729e+03
4.501107779017778925e-16 5.843203103863964617e-17 7.560124282547543771e+03
1.814216594094322694e-16 5.848205878789368772e-17 7.560875946300969190e+03
9.550997387674111971e-17 5.849496584061534105e-17 7.561627611115738546e+03
4.120415970052881629e-16 5.864920370841166907e-17 7.562379276987587218e+03
4.399323965639717127e-16 5.886143769174503945e-17 7.563130943912251496e+03
3.371785223285869921e-16 5.953136148821313312e-17 7.563882611885463120e+03
2.374119258564929530e-16 5.931469725808066830e-17 7.564634280902961109e+03
3.803338019221772005e-16 5.967131464758534041e-17 7.565385950960477203e+03
4.689708156872032548e-17 6.036760168135103703e-17 7.566137622053749510e+03
3.822325336440762325e-16 6.154321068056941951e-17 7.566889294178511591e+03
1.755064349862540663e-16 6.350440546234664794e-17 7.567640967330496096e+03
2.775066556019155709e-16 6.569506421325634933e-17 7.568392641505441134e+03
3.852328842720224164e-16 6.772645485818920193e-17 7.569144316699082992e+03
4.545333141423246940e-16 6.946494811681852158e-17 7.569895992907151594e+03
2.333532254406586350e-16 7.027081573884294007e-17 7.570647670125386867e+03
4.560400083765598634e-16 7.054209253243246439e-17 7.571399348349521460e+03
3.067697323154547200e-16 7.079723471227590640e-17 7.572151027575288936e+03
1.843087566397472155e-16 7.092802259448872326e-17 7.572902707798428310e+03
4.178159169143337374e-16 7.092625833089162050e-17 7.573654389014670414e+03
4.772923070194415065e-16 7.098694736966070658e-17 7.574406071219753358e+03
2.130250771680193327e-16 7.092775961772682808e-17 7.575157754409411609e+03
3.361640052772620687e-16 7.081998643970475284e-17 7.575909438579378730e+03
1.916119595879390373e-16 7.060271277950868628e-17 7.576661123725391008e+03
3.206470208742139670e-16 7.037804129305309898e-17 7.577412809843182913e+03
3.260004527831422845e-16 7.008878030855789560e-17 7.578164496928488916e+03
3.834373033211499851e-16 6.959891526016191141e-17 7.578916184977044395e+03
2.088443247392184288e-16 6.882886850287812482e-17 7.579667873984586549e+03
2.640578703935066810e-16 6.761989651557663907e-17 7.580419563946847120e+03
3.289619045457236276e-16 6.580194422782295977e-17 7.581171254859562396e+03
1.643353240343531499e-16 6.379001111644890078e-17 7.581922946718468665e+03
3.054481467903040493e-16 6.210663273473298489e-17 7.582674639519296761e+03
4.554389252179837225e-16 6.071308701159759222e-17 7.583426333257788428e+03
3.003169189325326804e-16 5.989133587732216887e-17 7.584178027929672680e+03
3.481589376984497101e-16 5.956784205049621535e-17 7.584929723530687625e+03
2.507359612264909543e-16 5.957748806237123073e-17 7.585681420056565912e+03
4.854069565194726061e-16 5.939513232937848528e-17 7.586433117503047470e+03
2.320904024220224476e-16 5.929897877320302086e-17 7.587184815865861310e+03
2.968127364074291108e-16 5.930023950478465681e-17 7.587936515140745541e+03
3.192666849535295495e-16 5.921999596839167434e-17 7.588688215323434633e+03
2.669247717777827890e-16 5.914883111024748326e-17 7.589439916409663056e+03
4.505856752250725484e-16 5.894793225400853404e-17 7.590191618395167097e+03
4.224470023213173733e-16 5.876771811696382031e-17 7.590943321275679409e+03
2.414213043518279486e-16 5.857927579768506850e-17 7.591695025046939918e+03
2.459614105838651928e-16 5.851621643181501290e-17 7.592446729704677637e+03
1.542753692444714605e-16 5.851731853262951502e-17 7.593198435244630673e+03
1.561674201492228789e-16 5.876752592708965476e-17 7.593950141662534406e+03
1.659556274444815099e-16 5.894795173742322550e-17 7.594701848954124216e+03
3.612763137485549533e-16 5.870827158149448826e-17 7.595453557115131844e+03
4.216265585225004413e-16 5.797934292284555767e-17 7.596205266141296306e+03
1.680702638295063713e-16 5.682661566963057872e-17 7.596956976028348436e+03
3.218156078522093086e-16 5.591793180503757267e-17 7.597708686772026340e+03
1.093085937079472570e-16 5.491223909509872661e-17 7.598460398368066308e+03
1.381144271667585360e-16 5.421972793398199951e-17 7.599212110812199171e+03
1.572567659158656681e-16 5.372911078593900131e-17 7.599963824100163947e+03
1.124902140132842654e-16 5.313611546564354803e-17 7.600715538227690558e+03
2.704296997571550307e-16 5.266769471089555291e-17 7.601467253190519841e+03
3.015658279391566466e-16 5.225575665103734514e-17 7.602218968984385356e+03
7.893899786013167026e-17 5.189571499054612833e-17 7.602970685605018843e+03
-7.610892945707122852e-17 5.145024663162469641e-17 7.603722403048156593e+03
4.022449995783055324e-17 5.115903743158199784e-17 7.604474121309537622e+03
2.093981534976113467e-16 5.091221044124740666e-17 7.605225840384890944e+03
1.344714615082861526e-16 5.050049592169005440e-17 7.605977560269955575e+03
4.441462215719074685e-17 5.000474680181310386e-17 7.606729280960465985e+03
-1.153905240921743230e-17 4.919585483271078905e-17 7.607481002452154826e+03
1.268077341055745639e-16 4.798449212044703625e-17 7.608232724740759295e+03
9.729626277789806419e-17 4.693179405807639743e-17 7.608984447822014772e+03
-4.586327659234108847e-17 4.609767675164663262e-17 7.609736171691656637e+03
2.003014057272160987e-16 4.552655278967803380e-17 7.610487896345415720e+03
1.021159709515306864e-16 4.565172045424067058e-17 7.611239621779031950e+03
2.498725064233041353e-17 4.605069402507944828e-17 7.611991347988237976e+03
1.403751030482754814e-16 4.693830647606261361e-17 7.612743074968770088e+03
1.746342115848881888e-16 4.796211220485215048e-17 7.613494802716360937e+03
6.068470511147724811e-17 4.924043819038253710e-17 7.614246531226747720e+03
1.339305648947697870e-16 5.050488048099532497e-17 7.614998260495665818e+03
9.431033271055915355e-17 5.157405394833395079e-17 7.615749990518846971e+03
2.943004254942516712e-16 5.250950110295715840e-17 7.616501721292030197e+03
8.559429744523745889e-18 5.313536035499570530e-17 7.617253452810948147e+03
1.838706400861721835e-16 5.387981497502619453e-17 7.618005185071336200e+03
8.999190174414493552e-17 5.436492328855858515e-17 7.618756918068929735e+03
2.185754542184661816e-16 5.462565756769176488e-17 7.619508651799465952e+03
6.663467224247700521e-17 5.492951451756025041e-17 7.620260386258674771e+03
8.564512626878331929e-17 5.521779407300379707e-17 7.621012121442294301e+03
1.414258331908841328e-16 5.540613614446225863e-17 7.621763857346059012e+03
3.379792835620882563e-16 5.543627061970605357e-17 7.622515593965703374e+03
2.192307309417360659e-16 5.616858696456932968e-17 7.623267331296965494e+03
1.262896006501494773e-16 5.695997065396300151e-17 7.624019069335576205e+03
2.092836459469080587e-16 5.793369389699773361e-17 7.624770808077273614e+03
-9.226870892049550092e-17 5.872450752572480110e-17 7.625522547517790372e+03
1.504100223476707210e-16 5.916944500843844203e-17 7.626274287652864587e+03
8.296241693001210743e-17 5.911511122274825013e-17 7.627026028478227090e+03
2.497251616391090442e-16 5.845970032215194448e-17 7.627777769989615990e+03
1.647532883223471283e-16 5.760612534575847023e-17 7.628529512182766666e+03
2.615915599267904952e-16 5.678963164587025852e-17 7.629281255053410860e+03
2.332131654320493745e-16 5.611146499804576587e-17 7.630032998597285768e+03
4.843459566156527333e-18 5.562706480475627475e-17 7.630784742810126772e+03
2.820084445909431838e-16 5.530308027279197154e-17 7.631536487687669251e+03
1.005529624306241686e-16 5.501274201012628189e-17 7.632288233225646763e+03
7.089728893570069046e-17 5.467497186306168214e-17 7.633039979419793781e+03
3.128980670319563206e-16 5.456430070300442911e-17 7.633791726265846592e+03
1.604125671817766254e-16 5.442770738861806393e-17 7.634543473759539665e+03
-1.234557870161994105e-17 5.437431863692888264e-17 7.635295221896611110e+03
2.056578924558007968e-16 5.410530936815678533e-17 7.636046970672789939e+03
2.036571569235311757e-16 5.380524047044099705e-17 7.636798720083816079e+03
-1.403683553613187818e-16 5.317341483982545835e-17 7.637550470125423089e+03
1.438552761447083902e-16 5.218888846689947182e-17 7.638302220793344532e+03
3.236993172563019227e-16 5.117164294903426563e-17 7.639053972083318513e+03
-5.534056689718763685e-18 5.031461109115088193e-17 7.639805723991075865e+03
3.098124505424248033e-16 4.968168316928828402e-17 7.640557476512356516e+03
1.740246894321339999e-16 4.935765284887253332e-17 7.641309229642890386e+03
-1.011024687289749731e-17 4.937787192974606728e-17 7.642060983378416495e+03
1.708961745563076980e-16 4.976135488485323667e-17 7.642812737714668401e+03
3.773986588978897497e-16 4.997897622459541867e-17 7.643564492647381485e+03
2.739904142523086142e-17 4.962736677714913062e-17 7.644316248172290216e+03
2.656283688080800686e-16 4.964385580641731296e-17 7.645068004285129064e+03
1.948536365892779691e-16 4.972453579997183906e-17 7.645819760981632498e+03
2.643504287709401332e-16 4.986258722234904673e-17 7.646571518257538628e+03
1.809315150209612786e-16 5.014774039437629144e-17 7.647323276108579194e+03
2.901959195432013730e-16 5.031169121519637071e-17 7.648075034530492303e+03
3.678471926598486250e-17 5.084441650406420143e-17 7.648826793519010607e+03
7.218608801665813649e-17 5.151552528769117649e-17 7.649578553069869486e+03
1.536776710242005858e-16 5.203025444083585531e-17 7.650330313178803408e+03
2.334750977474585609e-16 5.249076681363501649e-17 7.651082073841550482e+03
1.330366510342692466e-16 5.283473479835256909e-17 7.651833835053841540e+03
4.207949134371589488e-16 5.283062825208678398e-17 7.652585596811414689e+03
2.107695757939153824e-16 5.290563379128685045e-17 7.653337359110002581e+03
2.087958222061112488e-16 5.306949216246043099e-17 7.654089121945343322e+03
2.980942644105051498e-16 5.376285463156209624e-17 7.654840885313168656e+03
2.385563442448338019e-16 5.374942903588680606e-17 7.655592649209215779e+03
1.185027169863402538e-16 5.362546556374223768e-17 7.656344413629220071e+03
4.871643301051336831e-16 5.446386369334108457e-17 7.657096178568911455e+03
2.573057007126617926e-16 5.607658512167655822e-17 7.657847944024031676e+03
2.355772855339656682e-16 5.656609264779651834e-17 7.658599709990313386e+03
3.032834196382208900e-16 5.737612546250518230e-17 7.659351476463489234e+03
2.214455594547034638e-16 5.818919677718787817e-17 7.660103243439298240e+03
1.323484162696006890e-16 5.865752927596997820e-17 7.660855010913473052e+03
2.337257616308173536e-16 5.866195540132562072e-17 7.661606778881749051e+03
2.198297415864311672e-16 5.835886046059372922e-17 7.662358547339859797e+03
2.145625943495974029e-16 5.799141057430416114e-17 7.663110316283542488e+03
3.428415504905678786e-16 5.779424655286061076e-17 7.663862085708531595e+03
1.087121090114207859e-16 5.754338103339146831e-17 7.664613855610561586e+03
1.680693001735134226e-16 5.742922147229048468e-17 7.665365625985366933e+03
3.822166248753095320e-16 5.747610747832198883e-17 7.666117396828683013e+03
3.104053661414824649e-16 5.746863952650308959e-17 7.666869168136248845e+03
2.962865318954039975e-16 5.752033743382324431e-17 7.667620939903791623e+03
2.066826090070964610e-16 5.755504569899381885e-17 7.668372712127054001e+03
2.784387270098085158e-16 5.755186250813865655e-17 7.669124484801764993e+03
1.093019266006905135e-16 5.738467020265997375e-17 7.669876257923665435e+03
8.302338184155494631e-17 5.707582979653057990e-17 7.670628031488484339e+03
2.779531466665906261e-16 5.644095946556457067e-17 7.671379805491960724e+03
1.638001847629098127e-16 5.553308714731797538e-17 7.672131579929829059e+03
1.463663251759069060e-16 5.451588887244423813e-17 7.672883354797821085e+03
4.063199318232644568e-16 5.329939450221870100e-17 7.673635130091678548e+03
2.461292369271461289e-16 5.288630146911213927e-17 7.674386905807129551e+03
3.758741199948655308e-16 5.268438408593671818e-17 7.675138681939912203e+03
2.189231890502708399e-16 5.277333789472775650e-17 7.675890458485764611e+03
1.912421176201283952e-16 5.299331027072224797e-17 7.676642235440414879e+03
2.100125996799552456e-16 5.318318496233647882e-17 7.677394012799601114e+03
2.940313225226286977e-16 5.350057732284478660e-17 7.678145790559061425e+03
2.938821291645907950e-16 5.377858398874753079e-17 7.678897568714526642e+03
1.950418748309154231e-16 5.411939899845901033e-17 7.679649347261733055e+03
3.505795802099741599e-16 5.443948316195867943e-17 7.680401126196415134e+03
1.695271464507946449e-16 5.478962924606255025e-17 7.681152905514310987e+03
2.635556955965587768e-16 5.524080738219781847e-17 7.681904685211153264e+03
2.942949278207238708e-16 5.583098119474782016e-17 7.682656465282674617e+03
1.966515606005384001e-16 6.157143075195883912e-17 7.683408245724614972e+03
3.049985706265564591e-16 5.792319608969114192e-17 7.684160026532706979e+03
2.286113413471425371e-16 5.686002440133822564e-17 7.684911807702685110e+03
1.662710300742672112e-16 5.730499255630902965e-17 7.685663589230282014e+03
2.907100431122250748e-16 5.770604385044250592e-17 7.686415371111237619e+03
4.581370216582721309e-16 5.825041180663761933e-17 7.687167153341288213e+03
3.824355946772373264e-16 5.887464147796823968e-17 7.687918935916161900e+03
1.894631504091998032e-16 6.310143114815381059e-17 7.688670718831599515e+03
3.827840875113686526e-16 6.602014819984440741e-17 7.689422502083330983e+03
6.340935358585672872e-17 6.487917213921505145e-17 7.690174285667095319e+03
3.885025760328877114e-16 6.019315710913094263e-17 7.690926069578626993e+03
4.067183250601662103e-16 5.997188957127386504e-17 7.691677853813660477e+03
4.425519355497387345e-16 6.002582863715118971e-17 7.692429638367929329e+03
3.279274718553758499e-16 6.013365036828790932e-17 7.693181423237171657e+03
4.479461251264303618e-16 6.019264473300883340e-17 7.693933208417120113e+03
2.365749172628067511e-16 6.051160773310562675e-17 7.694684993903510986e+03
3.248715782744334808e-17 6.093586749477171563e-17 7.695436779692077835e+03
2.995137141037106670e-16 6.143551802934096331e-17 7.696188565778556949e+03
4.011660269487502552e-16 6.176268604150528427e-17 7.696940352158682799e+03
3.962046064321381892e-16 6.142356444330704111e-17 7.697692138828189854e+03
3.818825210291233292e-16 6.138618897302990416e-17 7.698443925782816223e+03
3.295476422796978531e-16 6.066894739300879217e-17 7.699195713018291826e+03
2.649504236918711756e-16 6.063294683316284626e-17 7.699947500530354773e+03
2.137543499842713246e-16 6.043065160282763823e-17 7.700699288314741352e+03
2.715237741925865980e-16 6.013993355142665265e-17 7.701451076367182395e+03
3.304623068896558803e-16 5.978975612023895158e-17 7.702202864683417829e+03
3.571750749825269450e-16 5.948777427584870163e-17 7.702954653259179395e+03
3.908488498898259512e-16 5.940329275949342837e-17 7.703706442090203382e+03
3.218401521652904512e-16 5.928957874409768102e-17 7.704458231172223350e+03
3.569095740934650518e-16 5.954601484041197594e-17 7.705210020500974679e+03
2.437830994266504935e-16 6.044357750762150448e-17 7.705961810072195476e+03
2.186838095900743125e-16 6.251420561822254957e-17 7.706713599881616574e+03
4.319979217172743600e-16 6.535339990655546531e-17 7.707465389924976989e+03
1.482475065660752145e-16 6.996309246869195189e-17 7.708217180198007554e+03
-1.677856542145040099e-16 7.466368936376682107e-17 7.708968970696446377e+03
3.871622516436382419e-16 7.910903392523566976e-17 7.709720761416025198e+03
3.936726557306232099e-16 8.368059337491267813e-17 7.710472552352484854e+03
2.672198352611670080e-16 8.701627801424294188e-17 7.711224343501554358e+03
-6.960336664684103631e-17 9.080630685965998561e-17 7.711976134858972728e+03
1.906138818063527287e-16 9.512438553036511967e-17 7.712727926420470794e+03
2.080898420214053107e-16 9.904273294705831359e-17 7.713479718181788485e+03
2.679159349217647347e-16 1.025499805252076666e-16 7.714231510138656631e+03
6.367367535975996279e-16 1.050985317187889278e-16 7.714983302286812432e+03
1.052133073511391826e-16 1.069565513945929494e-16 7.715735094621990356e+03
2.532349053672858764e-16 1.079045581072293854e-16 7.716486887139925784e+03
5.079655735112925211e-16 1.093168004178059087e-16 7.717238679836354095e+03
4.359576989449480975e-16 1.086810663040274226e-16 7.717990472707009758e+03
4.466356284566897754e-16 1.087708351713691606e-16 7.718742265747628153e+03
4.388864398864933863e-16 1.089829514030146561e-16 7.719494058953943750e+03
2.193497980389910294e-16 1.089016384116025893e-16 7.720245852321691928e+03
1.146102424946181526e-16 1.075778422415573678e-16 7.720997645846606247e+03
3.479681916060690267e-16 1.055725126417136344e-16 7.721749439524422996e+03
1.444321273326589348e-16 1.031034611801262331e-16 7.722501233350879374e+03
3.305985543616728378e-16 1.006705584451436702e-16 7.723253027321706213e+03
3.812544733112298115e-16 9.783029389476135070e-17 7.724004821432641620e+03
2.519808845485714309e-16 9.456522477656801515e-17 7.724756615679418246e+03
-5.729577839049962785e-17 9.065160628493027823e-17 7.725508410057775109e+03
4.449116844311233691e-16 8.616794861209561612e-17 7.726260204563443040e+03
4.404540197416246876e-16 8.122771418194693487e-17 7.727011999192157418e+03
2.304591156112385317e-16 7.662331421421742265e-17 7.727763793939657262e+03
2.164696376862814035e-16 7.295925672927867210e-17 7.728515588801670674e+03
3.013881738561861367e-16 7.055645094401677229e-17 7.729267383773940310e+03
3.429347563155063831e-16 6.965455850432670036e-17 7.730019178852195182e+03
2.713754130110971840e-16 6.947967203962590996e-17 7.730770974032175218e+03
2.492712621044404164e-16 6.959694496279155828e-17 7.731522769309611249e+03
1.481588735053265133e-16 6.952304826246987147e-17 7.732274564680239564e+03
3.263994607809666137e-16 6.902837957296144477e-17 7.733026360139798271e+03
4.958753814280250279e-16 6.855152980116322846e-17 7.733778155684018202e+03
2.853067789322938076e-16 6.718500994539717984e-17 7.734529951308635646e+03
2.792918053415336990e-16 6.546805447867838601e-17 7.735281747009385072e+03
3.032639841177203560e-16 6.391561545250561538e-17 7.736033542782003678e+03
4.088162603432390870e-16 6.256555857469911761e-17 7.736785338622225026e+03
1.190098509479578426e-16 6.150024046265055908e-17 7.737537134525782676e+03
1.511090374590548944e-16 6.097471839438777404e-17 7.738288930488413826e+03
2.789900552640537477e-16 6.104082432188244671e-17 7.739040726505853854e+03
3.399588566949705669e-16 6.115157974707606166e-17 7.739792522573836322e+03
1.655468602566564589e-16 6.118084617644144281e-17 7.740544318688096610e+03
3.666665349360544252e-16 6.159709815702118048e-17 7.741296114844370095e+03
3.198543236494915489e-16 6.132288790261213707e-17 7.742047911038391248e+03
4.156884011912263600e-16 6.163936866731079085e-17 7.742799707265897268e+03
2.731860769598855987e-16 6.247955146549378777e-17 7.743551503522618077e+03
1.137504591989538222e-16 6.447347940387258534e-17 7.744303299804293601e+03
2.478239729488294393e-16 6.844803175612897083e-17 7.745055096106657402e+03
-1.939985582906753386e-17 7.458291482409772583e-17 7.745806892425444858e+03
1.183988867771949683e-16 8.217343152970129399e-17 7.746558688756387710e+03
1.611545735442791082e-16 8.896189846123483851e-17 7.747310485095225886e+03
1.322828901880028092e-16 9.428213972215990791e-17 7.748062281437691126e+03
3.588418109055113438e-16 9.775590906186215114e-17 7.748814077779521540e+03
2.588897686225156349e-16 9.940924245497427039e-17 7.749565874116449777e+03
2.494341736298179584e-16 9.937258491308459083e-17 7.750317670444208488e+03
5.155611263760887012e-16 9.925782747995219104e-17 7.751069466758539420e+03
3.445813193812733960e-16 9.961790165074739221e-17 7.751821263055169766e+03
2.587914523905962784e-16 1.003387934430596474e-16 7.752573059329839452e+03
2.824486120892045665e-16 1.005932879618998507e-16 7.753324855578282950e+03
2.413991810872693228e-16 1.011161642860502799e-16 7.754076651796235637e+03
-1.338911826900639818e-16 1.023501648222905147e-16 7.754828447979430166e+03
9.894120837897603969e-17 1.043052236609092393e-16 7.755580244123604643e+03
3.722340601941828890e-16 1.061308819445223977e-16 7.756332040224491720e+03
4.055160352888718946e-17 1.069678587982186857e-16 7.757083836277826776e+03
1.856496117652732348e-16 1.070705467031645565e-16 7.757835632279344281e+03
1.778562160669449423e-17 1.054237317827252402e-16 7.758587428224782343e+03
1.930970842765562524e-16 1.013211990839391008e-16 7.759339224109872703e+03
1.250873382545427328e-16 9.521297065565783964e-17 7.760091019930350740e+03
7.451305608549375104e-16 8.840292826296592450e-17 7.760842815681953653e+03
3.708166188573547455e-16 8.302400438748942821e-17 7.761594611360414092e+03
9.705211657246581078e-17 7.834927547453097082e-17 7.762346406961469256e+03
4.656340520680103958e-16 7.590405992737675702e-17 7.763098202480852706e+03
3.351483845010411661e-16 7.541923196264082307e-17 7.763849997914299820e+03
4.113146299520368887e-16 7.489875663461403647e-17 7.764601793257543250e+03
3.547227698252556419e-16 7.475761019149691395e-17 7.765353588506321103e+03
2.078866126703505980e-16 7.479679947761344833e-17 7.766105383656370577e+03
2.450073296964357223e-16 7.511443146468639270e-17 7.766857178703421596e+03
4.432590461758600813e-17 7.521458307772846583e-17 7.767608973643211357e+03
1.543669870366763838e-16 7.498830423748682342e-17 7.768360768471473421e+03
1.056589076244060761e-16 7.440482570251700264e-17 7.769112563183945895e+03
4.604895282333399878e-16 7.364828910125722788e-17 7.769864357776363249e+03
2.778221682572258084e-16 7.289143962955695786e-17 7.770616152244457226e+03
3.519317803956418534e-16 7.228704410787111503e-17 7.771367946583965931e+03
4.674887137105141241e-16 7.189390457156765314e-17 7.772119740790622927e+03
2.479330498216967877e-16 7.199452425366490849e-17 7.772871534860163592e+03
3.553718950321542151e-16 7.241825580275414599e-17 7.773623328788323306e+03
4.478203488471472185e-16 7.298260756537173574e-17 7.774375122570838357e+03
4.146451930413227338e-16 7.411211364512561350e-17 7.775126916203440487e+03
1.990203503163511831e-16 7.562353889398019354e-17 7.775878709681866894e+03
9.180394940263172592e-17 7.723617667850675089e-17 7.776630503001852958e+03
3.532337044297125293e-16 7.897400918879359612e-17 7.777382296159132238e+03
2.135542911780968131e-16 8.025152824674217297e-17 7.778134089149440115e+03
2.231581087625023673e-16 8.109383606247060691e-17 7.778885881968512876e+03
2.201453923093286008e-16 8.108834872036365814e-17 7.779637674612084083e+03
1.342719405208198550e-16 8.060930850193611228e-17 7.780389467075888206e+03
1.526064295278671975e-16 7.982399096202846348e-17 7.781141259355663351e+03
3.549909949477780432e-16 7.865409650113653962e-17 7.781893051447143080e+03
2.857731168411255121e-16 7.695163138857922007e-17 7.782644843346060043e+03
2.064952218196290152e-16 7.514872317775601624e-17 7.783396635048151438e+03
4.806892430379446290e-16 7.353314060538672167e-17 7.784148426549153555e+03
1.811879038715798339e-16 7.227877413612703780e-17 7.784900217844798135e+03
4.305899731817457394e-16 7.155048608723472166e-17 7.785652008930823285e+03
3.652425030294750459e-16 7.164173222760147321e-17 7.786403799802961657e+03
1.897590679685740310e-16 7.220358913516109245e-17 7.787155590456948630e+03
1.940211920118955221e-16 7.358432810880551320e-17 7.787907380888522312e+03
1.882049893505284454e-16 7.591281501436178809e-17 7.788659171093414443e+03
-2.186708942045608557e-16 7.955659618437195109e-17 7.789410961067357675e+03
1.936274811925294248e-16 8.344146037878272052e-17 7.790162750806093754e+03
3.888016733407130003e-16 8.698646394984724114e-17 7.790914540305351693e+03
4.071568260541637252e-16 8.964656003970866006e-17 7.791666329560872327e+03
3.639576252545351763e-16 9.128912826659145767e-17 7.792418118568386490e+03
1.983274380525620368e-16 9.188507754731619659e-17 7.793169907323628649e+03
2.291929309053667841e-16 9.183680823630508101e-17 7.793921695822335096e+03
2.609820485930636453e-16 9.181692455128120488e-17 7.794673484060241208e+03
6.316143013125184464e-16 9.162692167208796188e-17 7.795425272033082365e+03
5.621336651885239080e-17 9.151814563181895776e-17 7.796177059736592128e+03
3.583303084258891414e-16 9.133652786896091244e-17 7.796928847166507694e+03
3.189841714394240384e-16 9.115954850763692657e-17 7.797680634318561715e+03
3.010433304133013848e-16 9.096258142248258223e-17 7.798432421188492299e+03
1.528547907614085301e-16 9.074869655967125172e-17 7.799184207772029367e+03
3.253164962135863592e-17 9.047212562826776335e-17 7.799935994064913757e+03
3.812933199894584251e-16 8.985373645347178168e-17 7.800687780062877209e+03
2.864751297489230393e-17 8.839600693746258166e-17 7.801439565761653284e+03
4.222899016554834518e-16 8.592339642453240983e-17 7.802191351156981909e+03
3.385922530322565906e-17 8.285884187392159351e-17 7.802943136244592097e+03
1.654382182813283019e-16 7.942235103059149095e-17 7.803694921020225593e+03
2.178424403736265490e-16 7.656333674003776542e-17 7.804446705479612319e+03
5.171239030423604076e-16 7.405595027819223346e-17 7.805198489618487656e+03
3.383432482606959563e-16 7.267616835739475380e-17 7.805950273432589711e+03
2.719727758756263880e-16 7.246884538117581013e-17 7.806702056917649315e+03
3.851860784991010826e-16 7.278688780668158504e-17 7.807453840069406397e+03
4.299044363145718980e-16 7.295225591212294395e-17 7.808205622883591786e+03
2.588972771218910040e-16 7.295933917889592314e-17 7.808957405355941773e+03
3.928266466670982994e-16 7.310412283862394667e-17 7.809709187482193556e+03
4.740456080709529539e-16 7.343074472614122344e-17 7.810460969258078876e+03
1.218224095067458213e-16 7.365107068774646793e-17 7.811212750679333112e+03
3.138279391602921182e-16 7.378879795887373899e-17 7.811964531741693463e+03
4.127745956632562641e-16 7.399618799771231613e-17 7.812716312440894399e+03
3.764487904778283881e-16 7.419320194820507810e-17 7.813468092772670389e+03
2.126501167443139921e-16 7.489135723851121939e-17 7.814219872732755903e+03
2.196130997481956650e-16 7.610620962680605046e-17 7.814971652316885411e+03
2.560694253014461286e-16 7.842553438090939627e-17 7.815723431520798840e+03
-1.136366782837348035e-16 8.236475169604525550e-17 7.816475210340222475e+03
-1.424699414078755085e-16 8.666598927099880284e-17 7.817226988770898970e+03
1.772686022852340970e-16 9.060714951658368550e-17 7.817978766808560067e+03
4.197101249025844518e-16 9.327398747187037326e-17 7.818730544448942055e+03
3.808253025566277641e-16 9.530862983967844458e-17 7.819482321687778494e+03
3.908663275889770509e-16 9.614658827399492500e-17 7.820234098520806583e+03
3.518570070449313958e-16 9.582208908972015393e-17 7.820985874943757153e+03
3.116109179567569539e-16 9.571247589764328754e-17 7.821737650952371041e+03
1.479901945704782820e-16 9.560998367290768550e-17 7.822489426542377259e+03
3.187186413899583984e-16 9.579537911816024302e-17 7.823241201709517554e+03
3.428789372299948585e-16 9.581141512539920499e-17 7.823992976449519119e+03
1.318309353184507660e-16 9.580126950651106748e-17 7.824744750758123701e+03
2.411595827401124314e-16 9.569274676087494441e-17 7.825496524631063949e+03
5.233652845508963821e-16 9.583992130433282907e-17 7.826248298064075243e+03
1.709408122079094089e-16 9.575064025935487068e-17 7.827000071052891144e+03
4.121910110369389876e-16 9.504179203552483473e-17 7.827751843593245212e+03
-9.322944650953079929e-18 9.585410606843382139e-17 7.828503615680878283e+03
1.067265256303874222e-16 9.197438781520250672e-17 7.829255387311519371e+03
1.787325743267436303e-16 8.775510627769118832e-17 7.830007158480906583e+03
2.695200993533330687e-16 8.163508199758644976e-17 7.830758929184774388e+03
3.070085904961129377e-16 7.482880923020451182e-17 7.831510699418858167e+03
3.312134817540456103e-16 6.845032548277396099e-17 7.832262469178891479e+03
3.494486382469921987e-16 6.305570544484322984e-17 7.833014238460613342e+03
4.099889269995774349e-16 6.000684013084334401e-17 7.833766007259753678e+03
3.575473576206906841e-16 5.955563835053913845e-17 7.834517775572048777e+03
1.767307983197866624e-16 6.007506264859989419e-17 7.835269543393238564e+03
5.934830750477367052e-17 6.153381218073425053e-17 7.836021310719050234e+03
7.962906245658984265e-17 6.379991288177545951e-17 7.836773077545223714e+03
2.130874468610603038e-16 6.609460064695580113e-17 7.837524843867493473e+03
4.077066910005157639e-16 6.804214269874400278e-17 7.838276609681593982e+03
4.004145870488581838e-16 6.943794121979945981e-17 7.839028374983260619e+03
3.458873581176946236e-16 7.010356127528127371e-17 7.839780139768228764e+03
2.701001920885550560e-16 7.027365878669974492e-17 7.840531904032231978e+03
3.711765861093783176e-16 7.023849739816456061e-17 7.841283667771005639e+03
2.372336197114760964e-16 7.018818500657709726e-17 7.842035430980286037e+03
2.111287615604151070e-16 7.018257122306007371e-17 7.842787193655807641e+03
3.130558064507941093e-16 7.035521191952928529e-17 7.843538955793304012e+03
4.156611880999097530e-16 7.079731858087685132e-17 7.844290717388512348e+03
1.214976061925564941e-16 7.162355327918596461e-17 7.845042478437166210e+03
3.550752167917517223e-16 7.288795889981949907e-17 7.845794238935000976e+03
2.178235879241973324e-16 7.470967857813290223e-17 7.846545998877752027e+03
2.928002262284435412e-16 7.755100932693470616e-17 7.847297758261155650e+03
2.040454266195461978e-16 8.180005420737891081e-17 7.848049517080944497e+03
7.137169788996937433e-17 8.723552666948878487e-17 7.848801275332854857e+03
-1.280069980164192070e-17 9.243513759571011927e-17 7.849553033012620290e+03
3.549456267032703823e-16 9.637410948033219706e-17 7.850304790115978903e+03
4.701126925163962464e-16 1.000415529818370284e-16 7.851056546638661530e+03
4.851752814203575582e-16 1.014234712517741314e-16 7.851808302576408096e+03
5.841195136463911097e-16 9.995735393053663294e-17 7.852560057924948524e+03
3.692948647150138840e-16 9.844753702985235002e-17 7.853311812680020012e+03
4.248565347908659214e-16 9.916555202084983466e-17 7.854063566837359758e+03
7.629589026874904962e-17 1.005615591046897272e-16 7.854815320392700414e+03
4.166129834389193920e-16 1.022584413942557951e-16 7.855567073341777359e+03
9.915749509974903366e-17 1.042768845565605620e-16 7.856318825680325972e+03
1.179180367581403983e-16 1.064582936413017415e-16 7.857070577404081632e+03
4.459046256947106160e-16 1.072738241398640992e-16 7.857822328508777900e+03
1.565677943045035199e-16 1.077178409694630388e-16 7.858574078990151975e+03
3.303282101048882030e-17 1.075063193018793415e-16 7.859325828843933778e+03
1.883560831194041246e-16 1.065209989154729509e-16 7.860077578065865964e+03
4.735451619156501941e-17 1.050481756708952093e-16 7.860829326651678457e+03
3.129612845796640717e-16 1.023211515190371354e-16 7.861581074597109364e+03
3.595149030953809877e-16 9.815961153616579904e-17 7.862332821897891336e+03
4.302959129840799902e-17 9.331518898119607220e-17 7.863084568549757023e+03
4.935522063729516638e-16 8.938176240071687596e-17 7.863836314548447262e+03
4.128149885887216633e-16 8.644801023103925767e-17 7.864588059889693795e+03
1.765776609821801734e-16 8.583678812151046587e-17 7.865339804569232001e+03
-1.928892235212710625e-17 8.747773172994603927e-17 7.866091548582795440e+03
4.758732709819850818e-16 8.973488530192776125e-17 7.866843291926123129e+03
2.467934422143406810e-16 9.123273673291718325e-17 7.867595034594944991e+03
1.917927046048127957e-16 9.151890263577656375e-17 7.868346776585001862e+03
1.751297026274138821e-16 9.107194477360461268e-17 7.869098517892022755e+03
2.494105969387752479e-16 8.876285497469430643e-17 7.869850258511747597e+03
2.804891322638594248e-16 8.688593981268941208e-17 7.870601998439908130e+03
3.044838638127135683e-16 8.487723080395859753e-17 7.871353737672242460e+03
4.402240829397916181e-16 8.384357418648004968e-17 7.872105476204482329e+03
1.732050422521796804e-16 8.356180668110129637e-17 7.872857214032364027e+03
2.126836893550378384e-16 8.437259175416436231e-17 7.873608951151624751e+03
2.347263812797076446e-16 8.569536408399361354e-17 7.874360687557995334e+03
1.345822206218642328e-16 8.706479363135926750e-17 7.875112423247213883e+03
1.445958529497295824e-16 8.837503300532657154e-17 7.875864158215013958e+03
2.205022291741890732e-16 8.940463886989687234e-17 7.876615892457131849e+03
2.878129235831803761e-16 8.975024754134113954e-17 7.877367625969302026e+03
3.689466819647434945e-16 8.962689723175013487e-17 7.878119358747258957e+03
1.368427207510550415e-16 8.809150469946299466e-17 7.878871090786738932e+03
2.498090654543446171e-16 8.613015513793032312e-17 7.879622822083478241e+03
3.750288761000839932e-16 6.402147249041753069e-17 8.001499974363372530e+03
2.022516108708196720e-16 6.583121983892772196e-17 8.002288631991107650e+03
2.380146170645278785e-16 6.841217303423218714e-17 8.003077194119192427e+03
1.824449193940097376e-16 7.098231924132188486e-17 8.003865660863475568e+03
1.947318487829416218e-16 7.281916278683233559e-17 8.004654032339809419e+03
2.129380344674230658e-16 7.430807583442268355e-17 8.005442308664050870e+03
1.131130168919749575e-16 7.502114381444223264e-17 8.006230489952048629e+03
1.204621342822313127e-16 7.511178697629786349e-17 8.007018576319655040e+03
3.588405308619368207e-16 7.521881584478397847e-17 8.007806567882724266e+03
1.766899726085288433e-16 7.541604658891006240e-17 8.008594464757108653e+03
6.073485576521131973e-18 7.577418146268048263e-17 8.009382267058657817e+03
3.222411061602842141e-16 7.629660849603886223e-17 8.010169974903228649e+03
3.774030896717930546e-16 7.680325854458686025e-17 8.010957588406670766e+03
1.406302360772777819e-16 7.738041080155481095e-17 8.011745107684835602e+03
5.909472028050643242e-16 7.822720862361913428e-17 8.012532532853580960e+03
3.329577046491892757e-16 7.908952030180073564e-17 8.013319864028753727e+03
7.661941520728000176e-17 8.136121429886382484e-17 8.014107101326208067e+03
1.275599467496454226e-16 8.538115033827946550e-17 8.014894244861799052e+03
-5.812621516164789016e-17 9.004649550514839349e-17 8.015681294751375390e+03
7.589438078146937652e-17 9.347344229886878408e-17 8.016468251110791243e+03
1.114369696030616310e-16 9.584696624984258370e-17 8.017255114055900776e+03
3.223665167466566559e-16 9.708922711975942399e-17 8.018041883702552695e+03
1.658234861237211815e-16 9.701657839864213816e-17 8.018828560166602074e+03
3.584708377428765981e-16 9.620908738683900610e-17 8.019615143563902166e+03
4.080097608319920639e-16 9.572329730522603026e-17 8.020401634010303496e+03
2.653102674463352393e-16 9.559839542367537124e-17 8.021188031621659320e+03
7.082790335939550250e-17 9.570338371846638400e-17 8.021974336513821981e+03
2.384868138825311838e-16 9.559241342925734086e-17 8.022760548802644735e+03
1.177055264491051749e-16 9.533376372723908330e-17 8.023546668603979924e+03
1.588303484571690591e-16 9.503443902133219910e-17 8.024332696033678076e+03
2.095435601657088603e-16 9.482564960860213719e-17 8.025118631207594262e+03
2.418066814367162121e-16 9.471041529115692583e-17 8.025904474241579010e+03
3.998544049569863975e-17 9.440107697816136842e-17 8.026690225251488300e+03
2.046434435791030761e-16 9.300941660038738761e-17 8.027475884353168112e+03
2.060934051900810300e-16 9.113334971938736225e-17 8.028261451662478066e+03
1.014852106448536548e-16 8.740390232083467563e-17 8.029046927295266869e+03
2.244332766889979700e-16 8.235052241825097462e-17 8.029832311367386865e+03
4.041982854391768656e-16 7.976739792337854188e-17 8.030617603994691308e+03
2.881370834675268729e-16 7.197251549791377321e-17 8.031402805293033452e+03
4.025805377985820559e-16 6.728533200275217266e-17 8.032187915378266553e+03
3.549945373481187337e-16 6.465289510852280269e-17 8.032972934366239315e+03
2.335580866316679574e-16 6.358606746609736587e-17 8.033757862372805903e+03
2.266363966075344703e-16 6.292380475697908464e-17 8.034542699513822299e+03
1.219817454401041860e-16 6.233739237239712080e-17 8.035327445905139029e+03
2.676783852719829580e-16 6.279296273338485853e-17 8.036112101662603891e+03
3.269681195422690896e-16 6.265037448769608866e-17 8.036896666902075594e+03
2.006166294585346599e-16 6.143678364878958288e-17 8.037681141739403756e+03
2.708230752664374940e-16 6.156175124210632615e-17 8.038465526290440721e+03
3.148543501156261375e-16 6.324983881044635270e-17 8.039249820671042471e+03
2.782514261314504021e-16 6.178952167882605927e-17 8.040034024997057713e+03
2.212389744138517043e-16 6.198000502810841808e-17 8.040818139384338792e+03
3.476484139586957444e-16 6.302805757892459958e-17 8.041602163948740781e+03
1.783954988708698809e-16 6.449573020139508471e-17 8.042386098806113296e+03
9.394100755457515517e-17 6.577520605120820435e-17 8.043169944072312319e+03
2.419822553045940634e-16 6.721514577691159487e-17 8.043953699863186557e+03
3.417233606300294769e-16 6.832435762543592030e-17 8.044737366294591993e+03
8.973648838656847357e-17 6.891771760157777106e-17 8.045520943482379153e+03
2.470566811044540006e-16 6.911472293308362929e-17 8.046304431542401289e+03
3.456214254378702352e-16 6.916989242623052784e-17 8.047087830590509839e+03
3.327772364200240887e-16 6.907550761422082275e-17 8.047871140742559874e+03
1.533840551920966768e-16 6.917643283419518932e-17 8.048654362114399191e+03
4.012941927301888167e-16 6.930503175061552427e-17 8.049437494821884684e+03
1.211672122952314687e-16 6.965142699012076179e-17 8.050220538980867786e+03
3.475560560022133085e-16 7.021604394424322488e-17 8.051003494707200844e+03
3.741550319810975583e-16 7.129556496184365314e-17 8.051786362116735290e+03
-2.015390324261856673e-18 7.341954257880054980e-17 8.052569141325327109e+03
2.260516439914047440e-16 7.622762747341472570e-17 8.053351832448823188e+03
2.213574502637241408e-16 7.885929568354610550e-17 8.054134435603078600e+03
1.527105562581254339e-16 8.064873860029576498e-17 8.054916950903948418e+03
4.241170978541704008e-16 8.165346422633402047e-17 8.055699378467281349e+03
1.602000249254504902e-16 8.132918048307547428e-17 8.056481718408933375e+03
1.918400863364503659e-16 8.017675868975884165e-17 8.057263970844755022e+03
1.528226850701530020e-16 7.890540157839462175e-17 8.058046135890597725e+03
3.123020809377292493e-16 7.784951642031344113e-17 8.058828213662316557e+03
3.281391921842002844e-17 7.713115624956947610e-17 8.059610204275762044e+03
3.312235855981187082e-16 7.677892527515023015e-17 8.060392107846788349e+03
4.253819115335669710e-16 7.667385318344571140e-17 8.061173924491245089e+03
1.187145319763863587e-16 7.654289764279133356e-17 8.061955654324989155e+03
1.734844375674289094e-17 7.668143397292056342e-17 8.062737297463869254e+03
3.547489429615094045e-16 7.649546350833092230e-17 8.063518854023741369e+03
1.515313436879187162e-16 7.623269175609924001e-17 8.064300324120453297e+03
2.079550939059682304e-16 7.586929732121579780e-17 8.065081707869862839e+03
2.018481304461513612e-16 7.495662073769069702e-17 8.065863005387817793e+03
5.067350790800886153e-16 7.324198872951653121e-17 8.066644216790175051e+03
4.523965593845121521e-17 7.041678245682409540e-17 8.067425342192782409e+03
1.944189501219563710e-16 6.752459658989679055e-17 8.068206381711496761e+03
4.345454646399439729e-16 6.488073615846904525e-17 8.068987335462168630e+03
2.539120193406984537e-16 6.245070541323644584e-17 8.069768203560648544e+03
2.805834267273091556e-16 6.147250109218413259e-17 8.070548986122794304e+03
2.696069309405738628e-16 6.130263200517718525e-17 8.071329683264452797e+03
2.032458253634733681e-16 6.494794430133162101e-17 8.072110295101480006e+03
2.618367133261410231e-16 6.559986694536448993e-17 8.072890821749726456e+03
3.559872766612438786e-16 6.213486561016875919e-17 8.073671263325046311e+03
2.286934039824516738e-16 6.098209598279928898e-17 8.074451619943293736e+03
1.045589175224664895e-16 6.125334385240644563e-17 8.075231891720316526e+03
3.243548417798326101e-16 6.189969704147565667e-17 8.076012078771969755e+03
7.901293356372861918e-17 6.149305360424328650e-17 8.076792181214106677e+03
2.484365692551717094e-16 6.181743214422048312e-17 8.077572199162579636e+03
3.755567971439524302e-16 6.207974134261784135e-17 8.078352132733239159e+03
1.171132899633843734e-16 6.225306714526477248e-17 8.079131982041939409e+03
2.933833048822250815e-16 6.239079480553394799e-17 8.079911747204534549e+03
3.406258294230232257e-16 6.233310875152840717e-17 8.080691428336873287e+03
3.111451328584776989e-16 6.219136777221504893e-17 8.081471025554810694e+03
2.899949788129790019e-16 6.204356383277338029e-17 8.082250538974198207e+03
3.862718460833487715e-16 6.188104434922393642e-17 8.083029968710888170e+03
8.635787208807499197e-17 6.178650404417292710e-17 8.083809314880734746e+03
2.396976947865578625e-17 6.195938789255116344e-17 8.084588577599590280e+03
4.705346578586531704e-16 6.236978638706197392e-17 8.085367756983305298e+03
1.175119742685981945e-16 6.304548870720162872e-17 8.086146853147734873e+03
1.619994402128334365e-16 6.362326419013106598e-17 8.086925866208728621e+03
2.750409377830889552e-16 6.413157157013042409e-17 8.087704796282141615e+03
3.212856400531907082e-16 6.488081259117704415e-17 8.088483643483825290e+03
3.768927924497701563e-16 6.547119654388380797e-17 8.089262407929631081e+03
1.909708787441916808e-16 6.436150179987183364e-17 8.090041089735414062e+03
2.930598733190915801e-16 6.415110674813588474e-17 8.090819689017025667e+03
2.559082919068181751e-16 6.382425414997448621e-17 8.091598205890317331e+03
3.208505596989402334e-16 6.366031793979919919e-17 8.092376640471144128e+03
3.436186540328201401e-16 6.384965933471480072e-17 8.093154992875353855e+03
7.471252208498811664e-17 6.457349585478797721e-17 8.093933263218803404e+03
2.114093267336493793e-16 6.594648954206868027e-17 8.094711451617346029e+03
2.281396203152831159e-16 6.718181201350898239e-17 8.095489558186831346e+03
1.301845817838866548e-16 6.822719712636076594e-17 8.096267583043112609e+03
2.677684540551322786e-16 6.939333958874103125e-17 8.097045526302041253e+03
2.722198459647757454e-16 6.995135828907006167e-17 8.097823388079474171e+03
2.070464548209922052e-16 7.003016462055089939e-17 8.098601168491257340e+03
3.103258440408935087e-16 7.113410858387024092e-17 8.099378867653249472e+03
1.233241137446265744e-16 6.946136427996232708e-17 8.100156485681299273e+03
2.252466826798507388e-16 6.883585446465189206e-17 8.100934022691259088e+03
4.215421586340605195e-16 6.824437051550375457e-17 8.101711478798985809e+03
1.867220278883785925e-16 6.785905566901860336e-17 8.102488854120328142e+03
3.207365296854038438e-16 6.775700828211446764e-17 8.103266148771137523e+03
3.087947819937973853e-16 6.774573232852369833e-17 8.104043362867269025e+03
1.166409897444710192e-16 6.758217044659671191e-17 8.104820496524576811e+03
3.026739074858053672e-16 6.759549367322122984e-17 8.105597549858908678e+03
2.142720528269674912e-16 6.739512104436395367e-17 8.106374522986120610e+03
4.741814065069827567e-17 6.687378821472027985e-17 8.107151416022063131e+03
2.236532866292952642e-16 6.604551026604579633e-17 8.107928229082593134e+03
4.349787448264883667e-16 6.487828745902816086e-17 8.108704962283556597e+03
1.828565507763363403e-16 6.335122014026431175e-17 8.109481615740811321e+03
2.245017260029313621e-16 6.188730163992336842e-17 8.110258189570206014e+03
2.905780918543972495e-16 6.059911330858451159e-17 8.111034683887596657e+03
3.044292284515010874e-16 5.959769174501114856e-17 8.111811098808834686e+03
2.813828802063798898e-16 5.899546923247368941e-17 8.112587434449771536e+03
2.937582762562148233e-16 5.882000308263782349e-17 8.113363690926258641e+03
1.660581307874701404e-16 5.864279260836327596e-17 8.114139868354151986e+03
2.199199119557738575e-16 5.843614970527292233e-17 8.114915966849303004e+03
2.417801650156682824e-16 5.832653351296325870e-17 8.115691986527561312e+03
2.818147906554523119e-16 5.821951426801230617e-17 8.116467927504783802e+03
3.576979455178081007e-16 5.807403233912506992e-17 8.117243789896820090e+03
3.344080487689284225e-16 5.808677768994235931e-17 8.118019573819524339e+03
1.662061530183569711e-16 5.797887692897035024e-17 8.118795279388748895e+03
3.231421185228344606e-16 5.802570274225663293e-17 8.119570906720344283e+03
2.524090980973079827e-16 5.811159210425291962e-17 8.120346455930165575e+03
2.630394309892111482e-16 5.813706994993737485e-17 8.121121927134065118e+03
1.312666976442918194e-16 5.825702170120926149e-17 8.121897320447893435e+03
3.072463596813844325e-16 5.801567135622249433e-17 8.122672635987503782e+03
2.045036623693647092e-16 5.809327113105478947e-17 8.123447873868749411e+03
1.685749647180065473e-16 5.839580364352664345e-17 8.124223034207483579e+03
2.643156013504599836e-16 9.173365886579200684e-17 8.124998117119557719e+03
2.078315747263487907e-16 5.917373802158107541e-17 8.125773122720825995e+03
2.330575101535283945e-16 5.845151905635084485e-17 8.126548051127138024e+03
2.532055218023104555e-16 5.866152655098990006e-17 8.127322902454347059e+03
3.299333091083863277e-16 5.847974054484528609e-17 8.128097676818308173e+03
3.084446962143935613e-16 5.852806599120835191e-17 8.128872374334870983e+03
1.857479684625189769e-16 5.847095875315357398e-17 8.129646995119887833e+03
3.423840263562895593e-16 5.850156185959395706e-17 8.130421539289216526e+03
2.169433425860895203e-16 5.865265314782204631e-17 8.131196006958704857e+03
1.976124711810228842e-16 5.893958545703207813e-17 8.131970398244204262e+03
3.782648586001828108e-16 5.929469653258288455e-17 8.132744713261568904e+03
1.703123228344279187e-16 5.970729021517550135e-17 8.133518952126654767e+03
2.121781272154816806e-16 6.008128267453343941e-17 8.134293114955309647e+03
2.372262269134381352e-16 6.031203164723447543e-17 8.135067201863388618e+03
3.801899105831839994e-16 6.005424638180396153e-17 8.135841212966743115e+03
1.771866607317733693e-16 5.988032537792402077e-17 8.136615148381225481e+03
7.936868322417756403e-17 5.973409137531360106e-17 8.137389008222689881e+03
2.592830115296401417e-16 5.972199329848957953e-17 8.138162792606985931e+03
2.242053124067936727e-16 5.973911976850915796e-17 8.138936501649970523e+03
1.803079764994447058e-16 6.149969440014526848e-17 8.139710135467491455e+03
2.161848831499577622e-16 6.053033263891534488e-17 8.140483694175405617e+03
1.164801939718620869e-16 6.099035577381402808e-17 8.141257177889561717e+03
3.175946722827198958e-16 6.906247577454461327e-17 8.142030586725815738e+03
3.130587577964668258e-16 6.207017325189808484e-17 8.142803920800019114e+03
2.618570814502903166e-16 6.180439744686515007e-17 8.143577180228023281e+03
1.502691651356033178e-16 6.168974501906252217e-17 8.144350365125681492e+03
2.584406997304201834e-16 6.148581757511610250e-17 8.145123475608846093e+03
6.363905710161506833e-17 6.110080299723931740e-17 8.145896511793369427e+03
3.511227634622618207e-16 6.062631193909709031e-17 8.146669473795103841e+03
4.134585560994114634e-16 6.018162230357454914e-17 8.147442361729903496e+03
1.094985600146641525e-16 5.982491582560480754e-17 8.148215175713619828e+03
2.241223628543513881e-16 5.930023796494755854e-17 8.148987915862105183e+03
1.621595991631612196e-16 5.897619945421572872e-17 8.149760582291212813e+03
-2.805974796306182838e-17 5.896458308069794261e-17 8.150533175116795974e+03
3.233271958615323320e-16 5.899793577486479875e-17 8.151305694454703371e+03
1.969484575701502765e-16 5.989015884960902911e-17 8.152078140420791897e+03
1.796240391132944928e-16 5.885645561690131343e-17 8.152850513130912077e+03
2.034897486513001889e-16 5.854562147925278738e-17 8.153622812700918075e+03
4.291277591079238856e-16 5.806789403785169287e-17 8.154395039246661327e+03
2.581333422920908327e-16 5.747943568340200046e-17 8.155167192883993266e+03
3.338052823886253201e-16 5.688119895895180561e-17 8.155939273728767148e+03
2.361474761592926930e-16 5.679904006742359031e-17 8.156711281896838045e+03
3.874709575759052201e-16 5.612562914141961466e-17 8.157483217504055574e+03
1.542626222462163098e-16 5.588653848178614736e-17 8.158255080666272988e+03
1.502806454955465504e-16 5.580203754332123832e-17 8.159026871499341723e+03
2.157270348133082751e-16 5.577125177639297943e-17 8.159798590119118671e+03
7.212572139454209062e-17 5.568195166691041798e-17 8.160570236641451629e+03
1.949777714668086054e-16 5.574849082256761962e-17 8.161341811182193851e+03
1.475093902795543002e-16 5.557313798611802839e-17 8.162113313857198591e+03
3.012487562783127517e-16 5.543473693766082338e-17 8.162884744782320922e+03
2.004843678048591260e-16 5.539755391335729857e-17 8.163656104073410461e+03
1.606855240185058152e-16 5.535646017109134935e-17 8.164427391846319551e+03
1.419154773966521931e-16 5.532185838465673136e-17 8.165198608216905996e+03
2.756882987189834778e-16 5.527669972039387078e-17 8.165969753301013043e+03
2.519161855134249984e-16 5.529894187290478492e-17 8.166740827214501223e+03
1.415784174711017216e-16 5.553564091905297547e-17 8.167511830073219244e+03
3.247919400135468558e-16 5.535060247009855239e-17 8.168282761993019449e+03
1.998590985962025903e-16 5.570670239987603507e-17 8.169053623089757821e+03
1.184867895753826653e-16 5.587662398525571315e-17 8.169824413479283066e+03
2.105255536013854124e-16 5.549493791090757045e-17 8.170595133277451168e+03
2.421783915643735116e-16 5.557249551693638816e-17 8.171365782600110833e+03
1.348373931683541081e-16 5.568285677129749459e-17 8.172136361563119863e+03
3.040091532476957652e-16 5.578615137673285185e-17 8.172906870282324235e+03
3.078364319392539931e-16 5.592386413252899347e-17 8.173677308873582660e+03
2.435234337419902850e-16 5.615772640454405089e-17 8.174447677452742937e+03
7.829475569795498343e-17 5.612562664329609334e-17 8.175217976135661957e+03
1.406656166102711745e-16 5.612019148434412628e-17 8.175988205038187516e+03
1.316760517085152672e-16 5.608706491214723688e-17 8.176758364276176508e+03
2.702142242236027868e-16 5.615116689188325999e-17 8.177528453965480367e+03
1.475351334832645977e-16 5.628339276223526712e-17 8.178298474221948709e+03
1.491261625977502891e-16 5.638073317620067904e-17 8.179068425161438427e+03
2.937270932951574186e-16 5.641237377293142740e-17 8.179838306899799136e+03
2.719531269476830706e-16 5.654503074427482885e-17 8.180608119552884091e+03
3.186964192526918479e-17 5.677997368648120337e-17 8.181377863236548365e+03
1.373879679061804087e-16 5.683030729528010309e-17 8.182147538066638845e+03
1.142805790819648465e-16 5.687638004756550007e-17 8.182917144159014242e+03
2.784558085307656029e-16 5.703554657377248862e-17 8.183686681629522354e+03
3.084490449308798963e-16 5.713379998416285028e-17 8.184456150594019164e+03
4.369081936078121246e-16 5.733082984549460062e-17 8.185225551168356105e+03
1.364636553251326808e-16 5.758597130569271768e-17 8.185994883468383705e+03
1.356844507396148880e-16 5.753357207084488159e-17 8.186764147609959764e+03
2.940818224933635157e-16 5.745231397450508466e-17 8.187533343708932080e+03
1.401975977197047918e-16 5.733289330543155332e-17 8.188302471881153906e+03
1.161802495373844052e-16 5.748743565716575813e-17 8.189071532242480316e+03
2.515918241750987800e-16 5.772255601474883435e-17 8.189840524908759107e+03
2.040497106139289144e-16 5.831441497857155372e-17 8.190609449995847172e+03
2.096237251187759882e-16 5.863156720509446225e-17 8.191378307619595944e+03
2.847574856758481256e-16 5.875168453838041320e-17 8.192147097895858678e+03
1.824000763750093103e-16 5.888517953207933842e-17 8.192915820940486810e+03
2.634911778494378232e-16 5.891692277089481349e-17 8.193684476869333594e+03
2.987047321411670320e-16 5.894119144725011837e-17 8.194453065798250464e+03
2.646601285710831141e-16 5.887761382976345715e-17 8.195221587843087036e+03
1.200494617777365038e-16 5.882486958298671345e-17 8.195990043119705661e+03
2.423674479204759260e-16 5.869699598379036610e-17 8.196758431743950496e+03
1.698157956445491655e-16 5.856028891144964723e-17 8.197526753831676615e+03
8.019493387612915981e-17 5.851277380008100145e-17 8.198295009498737272e+03
2.493964070166774719e-16 5.849474622204937451e-17 8.199063198860985722e+03
2.155647964906174614e-16 5.849654842571701314e-17 8.199831322034267941e+03
1.804230394923202331e-16 5.904839785177236594e-17 8.200599379134448100e+03
2.494687210069142105e-16 5.867508046033545216e-17 8.201367370277366717e+03
3.858562289980935609e-16 5.852510778964510187e-17 8.202135295578886144e+03
1.397006517037403565e-16 5.856562144213442728e-17 8.202903155154854176e+03
2.892825866863740063e-16 5.851049102728771538e-17 8.203670949121120429e+03
1.986514997872526543e-16 5.831436710087426695e-17 8.204438677593545435e+03
1.877035895571617562e-16 5.810265277292906122e-17 8.205206340687973352e+03
2.410872914085147787e-16 5.790575450610868340e-17 8.205973938520264710e+03
3.407269191685219485e-16 5.772487968428812887e-17 8.206741471206267306e+03
3.072550067842098495e-16 5.768358902754560010e-17 8.207508938861830757e+03
2.365636775077905150e-16 5.767958603299512113e-17 8.208276341602815592e+03
2.531670265776757342e-16 5.775485986235908264e-17 8.209043679545069608e+03
1.730887039367147037e-16 5.783387032416030175e-17 8.209810952804446060e+03
2.313294099733147700e-16 5.800462785961242327e-17 8.210578161496798202e+03
2.012920863105303396e-16 5.825311267684710062e-17 8.211345305737977469e+03
1.740187694821379017e-17 6.852001517417025673e-17 8.212112385643837115e+03
4.095631742412729536e-16 5.873270856210857980e-17 8.212879401330228575e+03
1.383374463174244217e-16 5.819632482984475877e-17 8.213646352913008741e+03
2.517679338626883604e-16 5.833746845280201776e-17 8.214413240508021772e+03
2.741575632086678663e-16 5.809537596574163130e-17 8.215180064231128199e+03
2.179243863482760926e-16 5.804506900213641471e-17 8.215946824198177637e+03
1.115186963696187742e-16 5.795782864052731246e-17 8.216713520525023341e+03
1.499626117562290018e-16 5.793603482398767576e-17 8.217480153327513108e+03
4.420452870510811151e-16 5.781808453780391363e-17 8.218246722721511105e+03
3.578484450106935232e-16 5.775673663885871248e-17 8.219013228822856036e+03
1.594832436191652375e-16 5.781052713071578329e-17 8.219779671747408429e+03
2.379220874034609256e-16 5.778138918449839461e-17 8.220546051611021539e+03
3.498051528335738210e-16 5.768841883919679381e-17 8.221312368529546802e+03
2.233135085463781219e-16 5.756948337765986987e-17 8.222078622618835652e+03
2.642960634286879741e-16 5.741273086246955977e-17 8.222844813994741344e+03
2.818910147911063742e-16 5.725041193666267414e-17 8.223610942773113493e+03
3.360099627354919214e-17 5.707715050217343543e-17 8.224377009069808992e+03
2.865882077888240319e-16 5.696255525222428561e-17 8.225143013000679275e+03
7.458311541153311948e-17 5.683829217763068642e-17 8.225908954681573960e+03
2.969975178891166338e-16 5.700744717151148260e-17 8.226674834228349937e+03
2.757392840141325719e-16 5.719785653839617158e-17 8.227440651756858642e+03
1.931906439148279719e-16 5.635551355330906974e-17 8.228206407382951511e+03
7.473427586697147439e-17 5.624153250288804241e-17 8.228972101222479978e+03
2.014991177119852728e-16 5.666167164393546709e-17 8.229737733391297297e+03
9.956407706223581810e-17 5.672827413185631993e-17 8.230503304005260361e+03
1.219750443696849677e-16 5.661998215781580438e-17 8.231268813180216966e+03
2.396726827153692998e-16 5.658170875352354572e-17 8.232034261032022187e+03
2.453570019863455027e-16 5.655541974601104577e-17 8.232799647676525638e+03
1.485992792997336178e-16 5.650990109339895520e-17 8.233564973229580573e+03
4.027258020494303399e-17 5.636641078004211565e-17 8.234330237807045705e+03
1.675152955409346358e-16 5.637401852565388305e-17 8.235095441524767011e+03
3.357747305226911179e-16 5.644571852939092301e-17 8.235860584498595927e+03
1.624542779766035549e-16 5.656424202118465403e-17 8.236625666844389343e+03
3.539723636682360260e-16 5.680590414813753490e-17 8.237390688678000515e+03
1.247086328281228318e-16 5.704777607719649707e-17 8.238155650115277240e+03
1.961375594728968631e-16 5.721977888244270670e-17 8.238920551272076409e+03
7.437793774472486911e-17 5.742907250830024429e-17 8.239685392264249458e+03
2.916008506230658017e-16 5.761103903927051018e-17 8.240450173207647822e+03
2.860295296529245927e-16 5.776201166057048125e-17 8.241214894218126574e+03
2.805008890493901277e-16 5.788850041346267236e-17 8.241979555411535330e+03
1.207667668308885040e-16 5.820586400538401107e-17 8.242744156903727344e+03
1.904304030373302603e-16 5.829248936137151774e-17 8.243508698810555870e+03
2.501495571647244152e-16 5.872705670387445700e-17 8.244273181247874163e+03
3.039328867481097151e-16 5.889158575029806065e-17 8.245037604331533657e+03
1.910270077915046556e-16 5.933982480431947873e-17 8.245801968177387607e+03
2.490686464439800284e-16 5.948846912225022153e-17 8.246566272901291086e+03
2.014665220129658884e-16 5.965074397126685049e-17 8.247330518619091890e+03
2.311250308537127443e-16 5.965480100788005373e-17 8.248094705446643275e+03
2.315866830960057014e-16 6.001381802463122112e-17 8.248858833499802131e+03
3.260117682322431487e-16 6.014384320910879379e-17 8.249622902894412618e+03
1.193421735428623932e-16 5.976570941175008745e-17 8.250386913746340724e+03
2.041054065447090332e-16 5.973610892440927817e-17 8.251150866171425150e+03
2.123528385386956893e-16 5.968698872205845003e-17 8.251914760285526427e+03
2.234271801486216201e-16 5.965461770448284147e-17 8.252678596204499627e+03
2.168614094065127550e-16 5.972440807127414217e-17 8.253442374044188909e+03
1.759000074176578924e-16 5.921451454580466162e-17 8.254206093920452986e+03
2.790167132237029135e-16 5.913825565346686327e-17 8.254969755949143291e+03
1.487599297921298396e-16 5.916427883020080380e-17 8.255733360246107623e+03
2.452749767652176604e-16 5.898243257011646414e-17 8.256496906927202872e+03
7.277116415108303710e-17 5.878971167371865662e-17 8.257260396108284112e+03
2.530773169994339354e-16 5.830983696640373257e-17 8.258023827905202779e+03
2.428636368999934820e-16 6.029384133460157332e-17 8.258787202433806669e+03
3.415616565685995416e-16 5.960570734853932747e-17 8.259550519809952675e+03
2.803079954881812752e-16 5.785843391510769106e-17 8.260313780149492231e+03
2.747288936282609451e-16 5.766539805215072776e-17 8.261076983568280411e+03
2.202348926553249500e-16 5.779256194090106339e-17 8.261840130182165012e+03
5.316637229524533075e-16 5.918391040664368916e-17 8.262603220107001107e+03
8.449352051773963090e-17 5.824145905401548722e-17 8.263366253458641950e+03
2.199533887731042921e-17 5.803099988829014251e-17 8.264129230352940795e+03
2.277532210525005026e-16 5.794752687415650949e-17 8.264892150905749077e+03
1.937907361345478202e-16 5.796807887561916858e-17 8.265655015232916412e+03
2.705691198095114275e-16 5.803447943342975422e-17 8.266417823450299693e+03
3.065718582990222036e-16 5.812481239771117193e-17 8.267180575673752173e+03
2.233995349709124070e-16 5.824651104996239886e-17 8.267943272019121650e+03
2.012760894506586169e-16 5.839246854119815476e-17 8.268705912602265016e+03
2.167137294032608869e-16 5.845086530802922715e-17 8.269468497539033706e+03
1.995323187580979892e-16 5.857351003021287203e-17 8.270231026945279154e+03
2.008769764856994598e-16 5.958876563271615503e-17 8.270993500936854616e+03
1.221467381975779825e-16 5.892720293526073578e-17 8.271755919629613345e+03
1.272452524423190958e-16 5.946357005200041123e-17 8.272518283139406776e+03
3.254064816772475483e-16 6.077155227213581763e-17 8.273280591582089983e+03
2.140188873366300648e-16 6.284054685896429602e-17 8.274042845073512581e+03
2.408099620799260648e-16 6.515984136178171278e-17 8.274805043729529643e+03
7.935745927175377195e-17 6.797413265504290083e-17 8.275567187665990787e+03
4.573867967999330643e-17 7.123822583077707777e-17 8.276329276998752903e+03
1.064002560462517152e-16 7.525041585666876494e-17 8.277091311843661970e+03
1.783998923597637723e-16 7.931993243116778140e-17 8.277853292316576699e+03
2.438226062044357491e-16 8.306069162822013658e-17 8.278615218533350344e+03
5.024267083333173219e-16 8.615097624646697688e-17 8.279377090609830702e+03
2.258652335483092998e-16 8.799819811562779417e-17 8.280138908661872847e+03
2.987444542257594340e-16 8.951114413603792433e-17 8.280900672805328213e+03
2.850045191786961756e-16 9.080356151432665920e-17 8.281662383156050055e+03
1.162903951556652472e-16 9.264817805064208882e-17 8.282424039829893445e+03
3.183178330948216914e-16 9.497879644172221471e-17 8.283185642942709819e+03
2.184936442101895882e-16 9.836315234294863741e-17 8.283947192610346974e+03
-1.232045454304114638e-16 1.029610637428152338e-16 8.284708688948663621e+03
-1.197044511385273127e-16 1.069541839989465339e-16 8.285470132073507557e+03
-3.804695042135468591e-17 1.100238482939575714e-16 8.286231522100737493e+03
-2.657133405091552807e-17 1.122425633190314651e-16 8.286992859146201226e+03
2.514581754666384224e-16 1.126414192691571844e-16 8.287754143325753830e+03
3.192426901103511838e-16 1.121672821985799978e-16 8.288515374755246739e+03
6.135472133391461184e-17 1.107281085013294323e-16 8.289276553550531389e+03
1.624039902286408146e-16 1.089459452668352735e-16 8.290037679827459215e+03
-1.774714502055187395e-16 1.068682917893521990e-16 8.290798753701887108e+03
1.426700818677921721e-16 1.048195722979444695e-16 8.291559775289668323e+03
-4.885093610378356408e-17 1.041033511039126175e-16 8.292320744706648838e+03
2.012166060717131840e-16 1.045766032968794773e-16 8.293081662068685546e+03
1.175324000427595107e-16 1.056176303943544742e-16 8.293842527491635337e+03
-1.704153004422057667e-16 1.093222635507770548e-16 8.294603341091344191e+03
-1.831887670622910848e-16 1.138969190909937786e-16 8.295364102983665362e+03
-1.220671620617911421e-16 1.168415108850560000e-16 8.296124813284452102e+03
-1.004553091075901095e-16 1.185058767832741429e-16 8.296885472109559487e+03
3.821142617518282764e-16 1.184579201002935429e-16 8.297646079574838950e+03
8.380384814683507964e-18 1.157770024270691952e-16 8.298406635796143746e+03
2.836117295847719413e-16 1.121054063717888087e-16 8.299167140889323491e+03
3.213193568869565975e-16 1.089121196807512744e-16 8.299927594970235077e+03
1.910027745148904456e-16 1.063587612197979725e-16 8.300687998154726301e+03
1.409937144020453035e-16 1.048428651239696717e-16 8.301448350558654056e+03
3.172002073308325942e-16 1.043482907388063587e-16 8.302208652297867957e+03
-1.458918365619509575e-16 1.042587494606454160e-16 8.302968903488221258e+03
3.895194852921020891e-16 1.040766865963913500e-16 8.303729104245569033e+03
2.811217752467469609e-16 1.039953026971092320e-16 8.304489254685762717e+03
1.014412072055404425e-16 1.039392483083971996e-16 8.305249354924651925e+03
1.355972414918701062e-16 1.024456271464786207e-16 8.306009405078093550e+03
-1.532625005764972254e-16 1.011939988431030955e-16 8.306769405261937209e+03
-3.317461204925887558e-19 9.959759196260075623e-17 8.307529355592037973e+03
1.959579128394495980e-16 9.580220748097068617e-17 8.308289256184245460e+03
1.715800601110197316e-16 9.069883224753348620e-17 8.309049107154414742e+03
6.485990713921384841e-17 8.567520238797755556e-17 8.309808908618397254e+03
2.507414327139260084e-16 8.071045337518347793e-17 8.310568660692048070e+03
3.369071983638749189e-16 7.810403679150585485e-17 8.311328363491214986e+03
3.936670480659243606e-16 7.649814172715149182e-17 8.312088017131754896e+03
2.639783216862791870e-16 7.354696118695681193e-17 8.312847621729517414e+03
3.422238803019556009e-16 7.309495192861302465e-17 8.313607177400357614e+03
4.065726920029946306e-16 7.282830780314452985e-17 8.314366684260126931e+03
1.545805800143290010e-16 7.288439587732907767e-17 8.315126142424678619e+03
2.478035148493513923e-16 7.300467315290217018e-17 8.315885552009865933e+03
2.374517309781414008e-16 7.322545649049923616e-17 8.316644913131542125e+03
1.076156293859909125e-16 7.325062344638850824e-17 8.317404225905553176e+03
1.435671897338325836e-16 7.309812483628997609e-17 8.318163490447759614e+03
2.693294832089972925e-16 7.257345360757029657e-17 8.318922706874011055e+03
2.097268340078369546e-16 7.152531093543835578e-17 8.319681875300160755e+03
1.006264791838466156e-16 6.949711199376607608e-17 8.320440995842060147e+03
3.827653124959698195e-16 6.691630434536502066e-17 8.321200068615560667e+03
1.984737155082242005e-16 6.451511555380282876e-17 8.321959093736521027e+03
3.734830565211654126e-16 6.249790200814283475e-17 8.322718071320785384e+03
2.317305195643687481e-16 6.109516886654845876e-17 8.323477001484214270e+03
3.413893077053393972e-16 6.045785821832695743e-17 8.324235884342655481e+03
2.027955523408704348e-16 6.037496655674404043e-17 8.324994720011962272e+03
2.113120124198437041e-16 6.024617086149259059e-17 8.325753508607987897e+03
1.210249853506887387e-16 6.009372249972276622e-17 8.326512250246585609e+03
2.540546463320788158e-16 5.977603910410026459e-17 8.327270945043605025e+03
4.384839694671042960e-16 5.938362481481702616e-17 8.328029593114904856e+03
4.983242448434000585e-17 5.902077593717496851e-17 8.328788194576331080e+03
2.701508065881605255e-16 5.864269818446650163e-17 8.329546749543740589e+03
1.593168720704115841e-16 5.837940749227676303e-17 8.330305258132986637e+03
2.091376142257905767e-16 5.836508520860605461e-17 8.331063720459915203e+03
1.749551720861658307e-16 5.811124437511596934e-17 8.331822136640388635e+03
2.830457913988823623e-16 5.809551965381288124e-17 8.332580506790251093e+03
3.382607334128379048e-16 5.828299319952482212e-17 8.333338831025357649e+03
2.676393262912583319e-16 5.863246547954407300e-17 8.334097109461565196e+03
3.491120995439934154e-16 5.903029048785008928e-17 8.334855342214719713e+03
2.792802500951258065e-16 5.945639342378605235e-17 8.335613529400679909e+03
2.154824844229001511e-16 6.003510463675742620e-17 8.336371671135295401e+03
3.093680121377311589e-16 6.086164478782908426e-17 8.337129767534417624e+03
2.510905909914878612e-16 6.257776816139404190e-17 8.337887818713901652e+03
2.603579031436531459e-16 6.637197940863008485e-17 8.338645824789600738e+03
2.933417491736143920e-16 7.365497185213994829e-17 8.339403785877366317e+03
-3.558425891557923740e-16 8.498101070777458841e-17 8.340161702093046188e+03
-4.454782329037022461e-16 9.993568271607774468e-17 8.340919573552502698e+03
-1.764187514812130292e-16 1.131689490955502790e-16 8.341677400371580006e+03
2.849059578014918573e-16 1.237447435161262338e-16 8.342435182666133187e+03
1.329315181827159682e-16 1.312955531500863394e-16 8.343192920552020951e+03
5.862310486627872567e-16 1.356702609934853313e-16 8.343950614145087457e+03
4.562810452311487685e-16 1.370965821392414571e-16 8.344708263561185959e+03
2.404775782612097105e-16 1.374126737363593231e-16 8.345465868916173349e+03
4.416730010239930154e-16 1.377570199590786178e-16 8.346223430325902882e+03
1.350147113420908466e-16 1.385947811045471410e-16 8.346980947906224173e+03
2.549872049846629547e-16 1.397479182169523467e-16 8.347738421772988659e+03
7.625336936504316165e-17 1.416745770330753323e-16 8.348495852042051411e+03
2.973191167574082310e-16 1.447227963458767268e-16 8.349253238829265683e+03
-2.510908628621376080e-17 1.475382045260395295e-16 8.350010582250484731e+03
3.963172379300275577e-16 1.499438924580176027e-16 8.350767882421556351e+03
3.690147112834181641e-16 1.514858607936628034e-16 8.351525139458337435e+03
-2.479496468466157299e-16 1.510062404699096244e-16 8.352282353476679418e+03
-1.128255880843525434e-16 1.484922606416945748e-16 8.353039524592433736e+03
1.251568202566544185e-16 1.425488267745001888e-16 8.353796652921457280e+03
-7.982926164549998025e-17 1.324287628786246040e-16 8.354553738579597848e+03
1.884807477904894706e-16 1.213870276722629929e-16 8.355310781682710513e+03
4.908194907332878724e-16 1.108985172957432491e-16 8.356067782346646709e+03
6.421812245749672571e-16 1.020071625088020341e-16 8.356824740687259691e+03
2.004449174158368355e-16 9.578242543290542510e-17 8.357581656820402713e+03
4.266624498954274324e-16 9.401614321095400225e-17 8.358338530861929030e+03
1.932380640484993349e-16 9.446976002313463147e-17 8.359095362927686438e+03
1.564238892719773054e-16 9.478712026845492147e-17 8.359852153133535467e+03
9.885076534931060823e-17 9.525548832347532566e-17 8.360608901595320276e+03
-2.477421211460250474e-16 9.562762926316409735e-17 8.361365608428901396e+03
-1.922955438174778701e-17 9.424051689183227972e-17 8.362122273750126624e+03
9.659208330787384829e-17 9.114980376693903556e-17 8.362878897674847394e+03
2.779970691272068248e-16 8.712996329816419298e-17 8.363635480318924238e+03
3.039947267910331742e-16 8.299654860796493865e-17 8.364392021798199494e+03
3.145040827403844927e-16 7.910313149565133199e-17 8.365148522228531874e+03
2.620565567931319079e-16 7.650860822454453480e-17 8.365904981725772814e+03
9.433184885482070274e-17 7.554551394239548003e-17 8.366661400405775566e+03
3.823713533921403913e-16 7.544090005541700758e-17 8.367417778384391568e+03
2.540446388521553034e-16 7.535433694785877643e-17 8.368174115777474071e+03
3.198895528050544118e-17 7.521769902231452584e-17 8.368930412700878151e+03
3.479150221801991911e-16 7.503646964252219781e-17 8.369686669270449784e+03
3.651660578742916180e-16 7.473733735532331058e-17 8.370442885602049500e+03
1.864926248459525192e-16 7.425013814678108890e-17 8.371199061811523279e+03
5.828312501628976747e-17 7.368951573005647341e-17 8.371955198014728012e+03
3.387991409907590663e-16 7.287495832188666183e-17 8.372711294327515134e+03
7.599019780071803412e-17 7.179823534219337812e-17 8.373467350865737899e+03
1.191543640035704896e-16 7.016527924302751607e-17 8.374223367745245923e+03
2.843153105997881134e-16 6.781127683734035062e-17 8.374979345081894280e+03
3.226005065677369898e-17 6.597858219996599727e-17 8.375735282991539862e+03
3.223380631672715863e-16 6.486146657143858543e-17 8.376491181590028646e+03
1.686602103871103904e-16 6.471736561754355163e-17 8.377247040993213886e+03
8.226088692374325199e-17 6.676823118978197861e-17 8.378002861316952476e+03
6.780099868966169820e-17 7.091150733438275973e-17 8.378758642677092212e+03
1.421393465783392892e-16 7.520725156939603240e-17 8.379514385189489985e+03
3.489842044349184577e-16 7.873053538710919646e-17 8.380270088969995413e+03
1.360858546939604902e-16 8.155057885641110725e-17 8.381025754134461749e+03
4.737385820014177621e-16 8.330186225267130259e-17 8.381781380798744067e+03
1.394446875519745671e-16 8.383632719093962403e-17 8.382536969078691982e+03
1.646888509720014773e-16 8.384372081693836882e-17 8.383292519090158748e+03
2.326711369543867061e-16 8.369034699303407397e-17 8.384048030948999440e+03
3.349606693197833989e-17 8.410395818181468998e-17 8.384803504771061853e+03
1.776213736919800586e-16 8.419131226458701066e-17 8.385558940672206518e+03
3.596764350383603435e-16 8.421473399692788704e-17 8.386314338768275775e+03
1.458167729045645397e-16 8.436582145944939032e-17 8.387069699175131973e+03
3.924976061332243335e-16 8.448761601613062638e-17 8.387825022008622909e+03
2.400727067281777308e-16 8.467935638509004614e-17 8.388580307384596381e+03
2.329202523507063975e-16 8.463815061461874425e-17 8.389335555418918375e+03
4.430736848409696809e-16 8.408469669126585926e-17 8.390090766227427594e+03
1.773005982287213127e-16 8.291424559504792525e-17 8.390845939925984567e+03
-8.478434816201996056e-17 8.082025239989348083e-17 8.391601076630442549e+03
1.139772955264311880e-16 7.747188917658450669e-17 8.392356176456647518e+03
2.144972083889334277e-16 7.450835595467293690e-17 8.393111239520458184e+03
3.261711372975095871e-16 7.417858520176579534e-17 8.393866265937727803e+03
6.052060442609679862e-17 7.830660042208821694e-17 8.394621255824305990e+03
2.125930243047306093e-18 8.798807577573476753e-17 8.395376209296042362e+03
-2.212153885350689451e-16 1.000451876128647184e-16 8.396131126468793809e+03
-1.881303935917822016e-16 1.089428092364137058e-16 8.396886007458417225e+03
7.202911655784744656e-16 1.163856849803907341e-16 8.397640852380754950e+03
4.053256502245494200e-16 1.210875820859629794e-16 8.398395661351667513e+03
-3.154260899092801023e-16 1.226567503316991721e-16 8.399150434487004532e+03
3.809407084886372713e-16 1.226274484124065552e-16 8.399905171902621078e+03
3.145494573859880066e-16 1.224336539289555195e-16 8.400659873714364949e+03
-5.690855963668126966e-17 1.221052436121114965e-16 8.401414540038094856e+03
2.539380752773086113e-16 1.221006182606437838e-16 8.402169170989658596e+03
4.266716421934221654e-16 1.214103448822488002e-16 8.402923766684911243e+03
2.150241879668521502e-16 1.211454133681073021e-16 8.403678327239706050e+03
2.546980242372775944e-16 1.208025404252217861e-16 8.404432852769892634e+03
-2.917406782103547102e-17 1.207130855282172980e-16 8.405187343391327886e+03
1.461936705601361782e-16 1.202852040831902970e-16 8.405941799219861423e+03
4.503296705858599987e-17 1.192175885442337511e-16 8.406696220371344680e+03
-1.027292249141325387e-16 1.174158222292407809e-16 8.407450606961634548e+03
-8.474725534718606384e-17 1.132891449211080857e-16 8.408204959106578826e+03
-3.716576355495814365e-16 1.055285534714507616e-16 8.408959276922036224e+03
3.250144787493409186e-16 9.514110345253267129e-17 8.409713560523852721e+03
3.408313482663413545e-16 8.635856064130771465e-17 8.410467810027885207e+03
5.582907747796883113e-16 8.008743014411622720e-17 8.411222025549986938e+03
3.069534347049041067e-16 7.796028071537688494e-17 8.411976207206007530e+03
1.604114552985707987e-16 8.075202289964222132e-17 8.412730355111798417e+03
5.175827215471415676e-17 8.528514801651862150e-17 8.413484469383220130e+03
6.883255839155264778e-16 8.738955294784158210e-17 8.414238550136115009e+03
2.444125910064654138e-16 8.718520845818189190e-17 8.414992597486347222e+03
2.886781626184470947e-16 8.749633656084615141e-17 8.415746611549759109e+03
2.918975968425467642e-16 8.801112104536347310e-17 8.416500592442203924e+03
5.894762691048589435e-17 8.838869749668105793e-17 8.417254540279542198e+03
3.018635905947784258e-16 8.889882082920369852e-17 8.418008455177619908e+03
1.621553323134772739e-16 8.813044494183116738e-17 8.418762337252293946e+03
2.253704047772655453e-16 9.661840075525976675e-17 8.419516186619413929e+03
2.584267907382864673e-16 8.835916350090566685e-17 8.420270003394833111e+03
2.295788226437538666e-16 8.835280098851257494e-17 8.421023787694404746e+03
2.066709277674612136e-16 8.850515464353730409e-17 8.421777539633980268e+03
1.506048756707342913e-16 8.852623984045312093e-17 8.422531259329414752e+03
3.627003438602748601e-16 8.835522484663512755e-17 8.423284946896557813e+03
8.373383247463342030e-17 8.793410676562296242e-17 8.424038602451266343e+03
2.078270450322697667e-16 8.768051075022292579e-17 8.424792226109389958e+03
1.286018500825136638e-16 8.951342260965590509e-17 8.425545817986778275e+03
-2.058363809602036326e-16 9.624002917678623017e-17 8.426299378199290004e+03
7.975308043582080282e-17 1.046814308868035046e-16 8.427052906862776581e+03
2.925826689138136980e-16 1.124659818852044483e-16 8.427806404093085803e+03
3.582125318889458229e-16 1.193598778677708029e-16 8.428559870006076380e+03
4.966562025432580375e-16 1.243510919571656217e-16 8.429313304717597930e+03
2.085149499990933831e-16 1.264398070242152341e-16 8.430066708343503706e+03
1.844663586203768488e-16 1.280215229025244412e-16 8.430820080999648781e+03
-9.026490504860584666e-18 1.279730870386920873e-16 8.431573422801877314e+03
7.519897385763810486e-17 1.275539952132337791e-16 8.432326733866051654e+03
7.515765424740417760e-17 1.280515546527987200e-16 8.433080014308023237e+03
7.298503394376843224e-17 1.282892841923497253e-16 8.433833264243639860e+03
-3.073243159743582875e-17 1.285423316213665890e-16 8.434586483788752957e+03
3.638496406994370150e-16 1.281717687204286833e-16 8.435339673059224879e+03
1.515871486900030947e-16 1.282757872056695917e-16 8.436092832170899783e+03
-2.966488831545319517e-18 1.280265498913394508e-16 8.436845961239636381e+03
-6.384215708768536472e-16 1.270053486204124546e-16 8.437599060381278832e+03
-4.517756676640632559e-16 1.249221763751533192e-16 8.438352129711685848e+03
-3.439964238294611422e-16 1.206742583631590736e-16 8.439105169346712501e+03
-9.941362624601866591e-17 1.117829875688855958e-16 8.439858179402202950e+03
1.270656305455423401e-16 1.002804663097160082e-16 8.440611159994015907e+03
5.403131950510876324e-16 8.850954890506480049e-17 8.441364111238004625e+03
3.696146509339696557e-16 7.732484407659334046e-17 8.442117033250020540e+03
3.449537614845248245e-16 6.805551455652395415e-17 8.442869926145915088e+03
2.713471062575656098e-16 6.427026330467467881e-17 8.443622790041541521e+03
3.255240529413002015e-16 6.400773170229423131e-17 8.444375625052754913e+03
1.841613941577776974e-16 6.401036192849312660e-17 8.445128431295403061e+03
2.054679984830688750e-16 6.441225068251972829e-17 8.445881208885344677e+03
2.968199977434134943e-16 6.526095994273685720e-17 8.446633957938427557e+03
1.969575321328362289e-16 6.708689846573377588e-17 8.447386678570503136e+03
1.142826640076923541e-16 7.098895960471448204e-17 8.448139370897428307e+03
6.932620092922741598e-17 7.581920186866868929e-17 8.448892035035056324e+03
-2.964662192685158363e-17 8.018194100535780164e-17 8.449644671099238622e+03
3.306266442120416729e-16 8.347917852539372604e-17 8.450397279205824816e+03
1.825573716236006369e-16 8.608081836207321104e-17 8.451149859470668162e+03
2.307997581917175339e-16 8.720449294689801957e-17 8.451902412009625550e+03
1.608503689396540175e-16 8.757008963788208595e-17 8.452654936938550236e+03
3.552651295409038990e-16 8.767730200144080215e-17 8.453407434373290016e+03
1.718479581950912969e-16 8.757769947557985689e-17 8.454159904429696326e+03
1.042242897606415312e-16 8.762537322333355876e-17 8.454912347223626057e+03
2.264347767489191138e-16 8.673948131001933575e-17 8.455664762870932464e+03
3.793968413341438128e-17 8.621587700205249685e-17 8.456417151487465162e+03
1.481476607750015348e-16 8.560902190324292468e-17 8.457169513189077406e+03
5.469061508802929897e-16 8.521737793085686779e-17 8.457921848091624270e+03
1.451384453603650097e-16 8.518218044730285651e-17 8.458674156310959006e+03
4.390434286138408869e-16 8.590085112301359167e-17 8.459426437962927594e+03
3.886619830817347033e-16 8.797332599743494764e-17 8.460178693163390562e+03
-5.590053278056560814e-18 9.228981348293946138e-17 8.460930922028193891e+03
-2.175814811579817982e-17 9.788216156014281487e-17 8.461683124673196289e+03
-1.194722842824333896e-16 1.025540563726726476e-16 8.462435301214245555e+03
2.734919413205052602e-16 1.064343882291580973e-16 8.463187451767196762e+03
1.445557884277627399e-16 1.091799031387438787e-16 8.463939576447904983e+03
4.662619535482938385e-16 1.106079128741359757e-16 8.464691675372216196e+03
2.906534915333061433e-16 1.099980871186328368e-16 8.465443748655990930e+03
2.026448951314221871e-16 1.097287553149815345e-16 8.466195796415076984e+03
3.510406457980831457e-16 1.097766570764690887e-16 8.466947818765327611e+03
-1.466476158990801067e-17 1.097691473236872581e-16 8.467699815822597884e+03
1.385043265719292222e-16 1.096841046926414650e-16 8.468451787702733782e+03
2.138716884335542203e-16 1.098212738473666808e-16 8.469203734521597653e+03
-6.330959795977876230e-18 1.099221899881483948e-16 8.469955656395031838e+03
2.865009553238990739e-17 1.102191576039288356e-16 8.470707553438900504e+03
1.540419488569677982e-17 1.104966387729343654e-16 8.471459425769047812e+03
7.923651801570815830e-17 1.102929545100852430e-16 8.472211273501328833e+03
9.889427219467022602e-17 1.097666354144943865e-16 8.472963096751595003e+03
7.670361447199199791e-17 1.077681024134996715e-16 8.473714895635703215e+03
8.542636073465112770e-17 1.032872858357442709e-16 8.474466670269501265e+03
9.464839074722836535e-17 9.553559801253065771e-17 8.475218420768846045e+03
4.535182331246203055e-16 8.643656522497738145e-17 8.475970147249587171e+03
5.345162204817016873e-16 7.760920772748971116e-17 8.476721849827576079e+03
3.792421241907200588e-16 6.952875872110458652e-17 8.477473528618669661e+03
3.959751266592668724e-16 6.409504517212466803e-17 8.478225183738717533e+03
2.663812084864436728e-16 6.242806553433179258e-17 8.478976815303572948e+03
2.328322208981954228e-16 6.222289487186566803e-17 8.479728423429092800e+03
2.327432466123181128e-16 6.212389185192779173e-17 8.480480008231123065e+03
2.705264414772851050e-16 6.216591958200583081e-17 8.481231569825518818e+03
7.599737462417263207e-17 6.207797924585053638e-17 8.481983108328131493e+03
2.584787414543114160e-16 6.194878625452305477e-17 8.482734623854819802e+03
3.830832292055874023e-16 6.169310660586664748e-17 8.483486116521429722e+03
1.154527787013899721e-16 6.149722143440163122e-17 8.484237586443818145e+03
2.296026970987927205e-16 6.124742884659266893e-17 8.484989033737834689e+03
2.848010262801318989e-16 6.065204267373793593e-17 8.485740458519332606e+03
1.510697354322886821e-16 6.005953509023705310e-17 8.486491860904163332e+03
1.544942118102108813e-16 6.022212588176793324e-17 8.487243241008187397e+03
4.871012930010057885e-16 6.100377315742689546e-17 8.487994598947247141e+03
2.471684194221116308e-16 6.286862590196091633e-17 8.488745934837203095e+03
6.811527439044142058e-17 6.581177598225923236e-17 8.489497248793901235e+03
2.789443572227860018e-16 6.897158096651912442e-17 8.490248540933198456e+03
1.931440467008889120e-16 7.168641094332808481e-17 8.490999811370948009e+03
2.891887899107378173e-16 7.392703357060790686e-17 8.491751060222999513e+03
1.811539179663247258e-16 7.575768848815073183e-17 8.492502287605208039e+03
5.480848404758416770e-17 7.651833328687282873e-17 8.493253493633423204e+03
1.019525867601652470e-16 7.591548577518225033e-17 8.494004678423505538e+03
4.246610142235885491e-16 7.595076131340339371e-17 8.494755842091297382e+03
3.177812924195419292e-16 7.635388431939880451e-17 8.495506984752657445e+03
-9.433789012767264432e-18 7.676450872564609206e-17 8.496258106523433526e+03
2.441880576290126146e-16 7.933100280854835282e-17 8.497009207519487973e+03
8.221615029973884196e-17 7.742891776182450536e-17 8.497760287856666764e+03
2.365019410997754851e-16 7.817052809588642242e-17 8.498511347650823154e+03
2.659595172382806280e-16 7.980831137269288506e-17 8.499262387017806759e+03
1.202887107886033557e-16 8.290462258760797788e-17 8.500013406073474471e+03
-9.513787811533386912e-17 8.733084834146154774e-17 8.500764404933679543e+03
1.031447739168959752e-16 9.180459041045164537e-17 8.501515383714271593e+03
-5.230645339288483486e-17 9.492926427054811640e-17 8.502266342531107512e+03
1.730380983730133521e-16 9.636164178173979352e-17 8.503017281500036916e+03
1.943317334459522776e-16 9.641379245850929890e-17 8.503768200736911240e+03
2.065260275958444806e-16 9.525826485335237050e-17 8.504519100357583739e+03
2.358507827997015538e-16 9.366112017889262317e-17 8.505269980477907666e+03
4.380596299085761292e-16 9.256470131683546209e-17 8.506020841213738095e+03
3.261947157163877316e-16 9.215268267179573793e-17 8.506771682680930098e+03
3.461946586092667315e-16 9.215101624441210917e-17 8.507522504995326017e+03
3.578916990161113040e-16 9.210491154759866247e-17 8.508273308272786380e+03
7.761248807944297569e-17 9.216718707442475469e-17 8.509024092629162624e+03
1.446959452483503290e-16 9.218563163788204215e-17 8.509774858180306182e+03
2.617972574528288147e-16 9.206622344725131894e-17 8.510525605042072129e+03
2.583849936030963580e-16 9.209152704519614101e-17 8.511276333330306443e+03
1.072595749680219150e-16 9.094904712272673236e-17 8.512027043160873291e+03
1.945459510697845440e-16 8.965144166226376190e-17 8.512777734649616832e+03
1.549636966584829818e-16 8.700294212289043948e-17 8.513528407912390321e+03
2.502618304722501648e-16 8.243231019991618111e-17 8.514279063065050650e+03
2.539495925099859330e-16 7.670531375913659807e-17 8.515029700223445616e+03
5.417258041086639875e-16 7.103581208088570137e-17 8.515780319503432111e+03
4.705301854362531382e-16 6.597559475547756771e-17 8.516530921020861570e+03
3.246655593628905601e-16 6.267157899158707694e-17 8.517281504891581790e+03
3.528393496109386817e-16 6.105263599023901947e-17 8.518032071231453301e+03
1.984897889277292136e-16 6.075431059359729777e-17 8.518782620156325720e+03
1.696961883123850062e-16 6.081408696290106957e-17 8.519533151782052300e+03
3.253211162955490999e-16 6.074716844665992554e-17 8.520283666224480839e+03
6.950967461976760528e-17 6.059582057251225388e-17 8.521034163599466410e+03
4.122804644843666250e-18 6.054114000513583996e-17 8.521784644022867724e+03
1.466543298358272343e-16 6.035841364942696286e-17 8.522535107610530758e+03
-1.150028181728048728e-15 6.035782793028026635e-17 8.523285554478308768e+03
-7.805699441383894457e-16 6.054467207229235286e-17 8.524035984742058645e+03
2.012397066281859536e-16 6.207328032973166009e-17 8.524786398517630005e+03
4.995386173810686357e-17 8.331009207012754297e-17 8.525536795920876102e+03
1.500297240046321416e-16 6.271187212277275040e-17 8.526287177067650191e+03
3.338310256100526693e-16 6.033877951253637849e-17 8.527037542073803706e+03
9.738045143710834957e-17 6.030526710952894077e-17 8.527787891055188084e+03
1.208534518257588598e-16 6.028423764918519998e-17 8.528538224127656576e+03
3.067828213534661209e-16 5.993679720768795244e-17 8.529288541407069715e+03
1.896705150399594430e-16 5.988948308458556354e-17 8.530038843009271659e+03
1.473493698030865704e-16 5.986972827838886233e-17 8.530789129050113843e+03
3.527158789837217298e-16 5.989818446187842599e-17 8.531539399645453159e+03
4.047782002186785745e-16 5.986224452348428375e-17 8.532289654911142861e+03
3.310310663633171029e-17 6.024922113378573624e-17 8.533039894963032566e+03
1.678736482172705586e-16 6.133997055473472411e-17 8.533790119916979165e+03
1.301184667129796177e-16 6.268034140744985996e-17 8.534540329888830456e+03
2.573488041930793560e-16 6.419781083930609521e-17 8.535290524994443331e+03
2.136587224049733352e-16 6.553865139726505647e-17 8.536040705349669224e+03
9.896887352431778084e-17 6.669398891104161673e-17 8.536790871070355934e+03
2.953907658896291729e-16 6.715170700269385634e-17 8.537541022272365808e+03
2.651660050333249429e-16 6.733255876679743400e-17 8.538291159071541188e+03
2.995937080458781149e-16 6.750314766682942603e-17 8.539041281583740783e+03
2.661741379726009366e-16 6.762837764630263426e-17 8.539791389924816031e+03
3.754092067393334421e-16 6.768454772521078259e-17 8.540541484210625640e+03
1.905685731795988568e-16 6.787764184260865498e-17 8.541291564557010133e+03
2.191573711005247133e-16 6.838653995757540044e-17 8.542041631079831859e+03
1.623155865152789328e-16 6.910270937216038078e-17 8.542791683894938615e+03
1.082722925184207414e-16 7.069178064541839079e-17 8.543541723118185473e+03
1.102487365747630991e-16 7.353197651263902126e-17 8.544291748865423870e+03
3.899552340453319834e-17 7.610943878012507762e-17 8.545041761252508877e+03
4.237623168630921782e-16 7.820497482476593690e-17 8.545791760395288293e+03
2.234171173830097249e-16 7.989750838104427601e-17 8.546541746409620828e+03
2.744717493130874662e-16 8.085306968179054459e-17 8.547291719411356098e+03
8.981075643234814255e-17 8.057691391420027168e-17 8.548041679516343720e+03
1.200218015009485085e-16 7.968722600262623696e-17 8.548791626840444223e+03
2.327289695047188824e-16 7.877283667382618642e-17 8.549541561499501768e+03
3.159338036680327604e-16 7.759179724118675864e-17 8.550291483609376883e+03
3.409617229379733146e-17 7.694557511902564423e-17 8.551041393285915547e+03
9.648799711901222450e-17 7.668520736823139329e-17 8.551791290644972833e+03
3.394222728935325675e-16 7.664221223710621890e-17 8.552541175802405633e+03
3.514307326297628260e-16 7.652397723899163370e-17 8.553291048874059925e+03
3.772510179815869420e-16 7.654591245701834931e-17 8.554040909975792601e+03
1.966468394895718185e-16 7.641461115013733499e-17 8.554790759223455098e+03
8.089044121857752632e-17 7.577339759864652744e-17 8.555540596732898848e+03
1.319798734322406643e-16 7.501039523738664947e-17 8.556290422619977107e+03
3.400300456303195523e-16 7.379642732120325925e-17 8.557040237000548586e+03
-8.512153610269338778e-17 7.206357928574299224e-17 8.557790039990457444e+03
3.095643429618530653e-16 6.857981433466283613e-17 8.558539831705558754e+03
3.859862250883452486e-16 6.561247159612170183e-17 8.559289612261709408e+03
2.306839507374924644e-16 6.322496392205528525e-17 8.560039381774755384e+03
1.786197431316036319e-16 6.143225448548403259e-17 8.560789140360557212e+03
3.362863690119173519e-16 6.059679350795743132e-17 8.561538888134957233e+03
1.650400959514937990e-16 6.044052268460293697e-17 8.562288625213817795e+03
1.361826177390750684e-16 6.027584768841867387e-17 8.563038351712990334e+03
2.752946994578624666e-16 6.008565282140096405e-17 8.563788067748320827e+03
1.930152634984280108e-16 6.029283541875302805e-17 8.564537773435669806e+03
2.997230956309524873e-17 6.032744400875017616e-17 8.565287468890885066e+03
4.413012442857012560e-16 6.053992078126775735e-17 8.566037154229823500e+03
1.520653105654181791e-16 6.081585667413445712e-17 8.566786829568331086e+03
6.861653724359214057e-17 6.093601355915136245e-17 8.567536495022268355e+03
2.704938736703023945e-16 6.130198617272718426e-17 8.568286150707483102e+03
9.833672109219505428e-17 6.151252903938706656e-17 8.569035796739826765e+03
1.387616562205364477e-16 6.177379677336218490e-17 8.569785433235156233e+03
4.356898281547024048e-16 6.206643605612126486e-17 8.570535060309324763e+03
3.116215676601351024e-16 6.237311774680437529e-17 8.571284678078180150e+03
1.685109708986797097e-16 6.270403406801418868e-17 8.572034286657577468e+03
2.112034215184173537e-16 6.310574632621611007e-17 8.572783886163371790e+03
-9.287856730779014641e-18 6.328900703189762546e-17 8.573533476711410913e+03
2.017688220077770868e-16 6.347741332052445865e-17 8.574283058417549910e+03
8.300943966298384903e-17 6.361576003534539163e-17 8.575032631397645673e+03
4.010987147209533569e-16 6.370998626499090263e-17 8.575782195767546000e+03
3.361880405045948818e-16 6.373283143460480181e-17 8.576531751643105963e+03
2.776077120067184290e-16 6.366241235901607823e-17 8.577281299140175179e+03
2.319393404086741237e-16 6.358048058770781059e-17 8.578030838374608720e+03
9.461640561382201699e-17 6.355873371143680344e-17 8.578780369462259841e+03
2.394947252231351839e-16 6.340316857998812550e-17 8.579529892518978158e+03
8.400607854640044778e-17 6.331543058503455205e-17 8.580279407660618745e+03
2.637099733996068736e-16 6.330933806382266152e-17 8.581028915003036673e+03
2.396024577087662105e-16 6.322362029098735269e-17 8.581778414662079740e+03
4.025510404019634961e-16 6.340597699274844884e-17 8.582527906753604839e+03
2.401219616751741733e-16 6.389798633538047980e-17 8.583277391393461585e+03
2.186994366890432602e-16 6.446757476743121606e-17 8.584026868697501413e+03
2.789918096346595259e-16 6.510337602270100478e-17 8.584776338781583036e+03
1.205378994083187639e-16 6.558845022806479542e-17 8.585525801761556068e+03
3.133985933091154330e-16 6.595906608298064246e-17 8.586275257753271944e+03
1.728791308951243836e-16 6.610406064047748828e-17 8.587024706872585739e+03
2.334086298285830698e-16 6.612438816962946195e-17 8.587774149235345249e+03
1.445299695194117707e-16 6.607669400231931470e-17 8.588523584957409184e+03
2.916237338564583685e-16 6.591250942376646850e-17 8.589273014154627162e+03
4.315770448257599590e-17 6.623621707919945148e-17 8.590022436942850618e+03
2.605411136576640145e-16 6.678518778426885014e-17 8.590771853437938262e+03
2.763308773190892323e-16 6.745260393659276170e-17 8.591521263755734253e+03
2.229326838863678363e-16 6.854205223553226216e-17 8.592270668012097303e+03
-5.437431496466726750e-17 6.979708960035834609e-17 8.593020066322878847e+03
2.514905495192921949e-16 7.096057442386630280e-17 8.593769458803928501e+03
3.353513974191000570e-16 7.193231640425455848e-17 8.594518845571106795e+03
9.753745490441519634e-17 7.236813936775138669e-17 8.595268226740257887e+03
3.656776960080817307e-16 7.230191563709974495e-17 8.596017602427240490e+03
2.434540383613927257e-16 7.181788815080331934e-17 8.596766972747902400e+03
2.307084733904254498e-16 7.103686512557929905e-17 8.597516337818098691e+03
4.399819943817075740e-16 7.023557726821150579e-17 8.598265697753682616e+03
2.804849553274243305e-16 6.951293768973227231e-17 8.599015052670507430e+03
9.218821970527031239e-17 6.903283572298144672e-17 8.599764402684424567e+03
3.032287523488440216e-16 6.882828774103933525e-17 8.600513747911289101e+03
1.881577418760902521e-16 6.843602658000791414e-17 8.601263088466948830e+03
7.063660528654936776e-17 6.843338814736969519e-17 8.602012424467260644e+03
1.034236027982798251e-16 6.875764915121212847e-17 8.602761756028074160e+03
-6.023614303918387527e-17 6.839448733854427599e-17 8.603511083265246270e+03
9.875361742811711267e-17 7.792330830481089681e-17 8.604260406294626591e+03
2.478457377112748995e-16 6.838591258633355061e-17 8.605009725232068376e+03
1.262572876478618200e-16 6.785321567575016674e-17 8.605759040193421242e+03
6.167642047238386506e-17 6.719189014281312818e-17 8.606508351294543900e+03
1.473676596989449358e-16 6.686292557479774899e-17 8.607257658651287784e+03
3.140906549694314646e-16 6.670068804433683117e-17 8.608006962379504330e+03
3.004197176657356926e-16 6.717156258270204944e-17 8.608756262595044973e+03
1.606138784225971627e-16 6.811067984161726499e-17 8.609505559413762967e+03
1.397022173342554942e-16 6.949842225465905279e-17 8.610254852951513385e+03
7.056160458002236211e-17 7.111105771239687191e-17 8.611004143324145844e+03
1.563115950982274104e-16 7.294914218490104968e-17 8.611753430647515415e+03
1.393195171551906012e-16 7.485409414895443529e-17 8.612502715037473536e+03
3.109825083684271356e-17 7.753907642881586406e-17 8.613251996609869821e+03
2.508620998184694135e-16 7.986393556569529730e-17 8.614001275480564800e+03
2.730303032251759829e-16 8.180590569033416492e-17 8.614750551765406271e+03
-1.298547351094261899e-16 8.451907354769666760e-17 8.615499825580245670e+03
1.379688105485374319e-16 8.742669269728533793e-17 8.616249097040939887e+03
3.090075235884133493e-16 9.046136346695643177e-17 8.616998366263338539e+03
-7.015253130788068821e-18 9.340069936490992316e-17 8.617747633363293062e+03
3.746640564230352762e-16 9.675805376056476923e-17 8.618496898456660347e+03
1.658736099219435567e-16 9.956016996625640436e-17 8.619246161659288191e+03
-3.335598410843728345e-18 1.045210077359576018e-16 8.619995423087035306e+03
4.527583151659311279e-17 1.050639870788452544e-16 8.620744682855747669e+03
1.901267523209408394e-16 1.073221101296517562e-16 8.621493941081285811e+03
3.843220673447307500e-16 1.098753699544907431e-16 8.622243197879499348e+03
-1.042022614420144727e-16 1.124110892616825592e-16 8.622992453366234258e+03
-5.951351205833329676e-17 1.146635235534792475e-16 8.623741707657351071e+03
1.532903354692388579e-16 1.170092656127618449e-16 8.624490960868701222e+03
-2.105870984694175129e-17 1.190736912232302578e-16 8.625240213116136147e+03
1.330886566236711633e-16 1.210391585576847035e-16 8.625989464515507279e+03
3.562949743464993518e-16 1.229486673146148763e-16 8.626738715182669694e+03
1.089999065696656681e-16 1.247793325960632164e-16 8.627487965233478462e+03
2.558924069625542552e-16 1.263715258641507435e-16 8.628237214783781383e+03
1.131694673031033947e-16 1.274687031709684192e-16 8.628986463949431709e+03
1.591874678563653666e-16 1.283186615438242623e-16 8.629735712846284514e+03
3.288229106773697072e-17 1.291385877808801839e-16 8.630484961590193052e+03
-2.252769163974154702e-16 1.296394148907861807e-16 8.631234210297005120e+03
5.809070378540354224e-17 1.298095647769279224e-16 8.631983459082581248e+03
4.665130088402441711e-17 1.295142873573447608e-16 8.632732708062761958e+03
2.397134525760828413e-17 1.290619656197607673e-16 8.633481957353418693e+03
-3.277322458593386804e-17 1.280872248616086853e-16 8.634231207070384698e+03
2.640154935333453393e-16 1.268412310472766573e-16 8.634980457329522324e+03
6.170013618014313435e-17 1.253614650775545794e-16 8.635729708246688460e+03
-1.113760590708402240e-16 1.243925316598868742e-16 8.636478959937727268e+03
3.464719588328405810e-16 1.218926583605721178e-16 8.637228212518495639e+03
4.213779158856809586e-17 1.188460130604540463e-16 8.637977466104843188e+03
-8.669109756489515528e-18 1.161614638052070065e-16 8.638726720812626809e+03
2.962337005985168625e-16 1.132242150060754854e-16 8.639475976757697936e+03
2.892343363263656567e-16 1.092200550467832656e-16 8.640225234055906185e+03
6.266830673485312849e-17 1.063594818094277603e-16 8.640974492823108449e+03
2.421954879540333265e-16 1.035760029898629536e-16 8.641723753175156162e+03
1.916756966343432896e-16 1.011777551635646602e-16 8.642473015227902579e+03
1.301939594441013591e-16 9.899815179806183517e-17 8.643222279097199134e+03
1.412664629635094459e-16 9.732534884158434273e-17 8.643971544898899083e+03
2.772649506202258215e-17 9.664665754728283167e-17 8.644720812748852040e+03
1.005859456904710315e-16 9.648275546909269969e-17 8.645470082762916718e+03
4.713699166091934371e-16 9.709522068095460681e-17 8.646219355056946370e+03
6.996264096916758503e-18 9.796478534834309779e-17 8.646968629746781517e+03
2.142256060895554880e-16 9.873352296503323078e-17 8.647717906948289965e+03
2.072245010261347063e-16 9.991960242208523355e-17 8.648467186777317693e+03
2.583866829771570012e-17 1.013081483701086005e-16 8.649216469349716135e+03
2.973005683233311469e-17 1.032891791557043700e-16 8.649965754781340365e+03
2.845012638336067895e-16 1.060003635116164086e-16 8.650715043188041818e+03
3.158786178504245567e-16 1.090204003892571979e-16 8.651464334685675567e+03
1.920623168868549631e-16 1.117566651756226238e-16 8.652213629390091228e+03
5.073445517353001739e-16 1.145116259530776995e-16 8.652962927417145693e+03
1.602384620707757005e-16 1.174594739826591764e-16 8.653712228882686759e+03
-1.165681620675526142e-16 1.204648591550642502e-16 8.654461533902565861e+03
1.927631105112575554e-16 1.231466499896513785e-16 8.655210842592645349e+03
-3.836355356069800731e-17 1.259145266284110122e-16 8.655960155068769382e+03
-2.502247833584454659e-16 1.277750607320117226e-16 8.656709471446793032e+03
1.303285130380514416e-16 1.284122924712953795e-16 8.657458791842567734e+03
2.438729790982097243e-16 1.288814943783323338e-16 8.658208116371950382e+03
2.081977883063817671e-17 1.293456907367862331e-16 8.658957445150790591e+03
1.685785805350670752e-16 1.298880499214080634e-16 8.659706778294939795e+03
2.121685706077066310e-16 1.307242391219199696e-16 8.660456115920253069e+03
3.810811573016723668e-17 1.312778163290757219e-16 8.661205458142583666e+03
3.682846825201254548e-16 1.314856498379036158e-16 8.661954805077781202e+03
3.339064529982565129e-16 1.308202496544857552e-16 8.662704156841702570e+03
1.695076315003672688e-16 1.300519830817863238e-16 8.663453513550197385e+03
8.288884123954564649e-17 1.289215617251687367e-16 8.664202875319118903e+03
2.256376030280253702e-16 1.283520283087858651e-16 8.664952242264318556e+03
9.922818354450407002e-17 1.275894079429391137e-16 8.665701614501655058e+03
1.733763058589876753e-16 1.273921640212542253e-16 8.666450992146972567e+03
3.468164075419977113e-16 1.263790177415728493e-16 8.667200375316129794e+03
1.532964937503286704e-16 1.250818027821787496e-16 8.667949764124976355e+03
3.303164040556620850e-17 1.229043129481156398e-16 8.668699158689370961e+03
1.127452708253600661e-16 1.206116831699196571e-16 8.669448559125159591e+03
-2.153829628557185474e-17 1.188994010825521231e-16 8.670197965548199136e+03
9.916966089413350978e-17 1.183921519884419147e-16 8.670947378074335575e+03
2.340639361482953508e-16 1.174955846491886175e-16 8.671696796819429437e+03
2.376327293768812652e-16 1.161657483591458469e-16 8.672446221899328521e+03
1.720453531025458175e-16 1.143716665242809399e-16 8.673195653429889717e+03
8.149957118333299148e-17 1.116364689933265576e-16 8.673945091526960823e+03
1.149734930900601769e-16 1.091519435724924457e-16 8.674694536306400551e+03
3.297085509521809004e-17 1.074175736255133203e-16 8.675443987884058515e+03
1.807126690099808403e-16 1.065372587131534063e-16 8.676193446375784333e+03
1.199165438534599609e-16 1.057034579915786761e-16 8.676942911897436716e+03
1.457741620246164343e-16 1.046880127138870068e-16 8.677692384564863460e+03
1.372161889970514746e-16 1.028423767748231963e-16 8.678441864493919638e+03
2.751171344729904723e-16 1.003881741244722212e-16 8.679191351800458506e+03
1.862994740820103160e-16 9.815423039452740122e-17 8.679940846600329678e+03
1.784129342868849895e-16 9.675369588410800265e-17 8.680690349009393685e+03
1.584574665004125820e-16 9.592482743249862160e-17 8.681439859143491049e+03
-2.001433968412171440e-16 9.544176088034703453e-17 8.682189377118484117e+03
1.485001831170917076e-16 9.462713054550616146e-17 8.682938903050224326e+03
1.096648887634393780e-16 9.307549949868780390e-17 8.683688437054563110e+03
1.061761305810108240e-16 9.089047975743532579e-17 8.684437979247348267e+03
3.688400637567877856e-16 8.868915729788022461e-17 8.685187529744442145e+03
3.282208697734229545e-16 8.691663200772378177e-17 8.685937088661688904e+03
7.843571661092545254e-17 8.571822762614885676e-17 8.686686656114947255e+03
2.875129806662050821e-16 8.496671840261508166e-17 8.687436232220066813e+03
7.729548350945356211e-17 8.421829710528541122e-17 8.688185817092900834e+03
1.133977577330339864e-16 8.302930264990213989e-17 8.688935410849302571e+03
9.485433280125017731e-17 8.139745726469076991e-17 8.689685013605127097e+03
2.704692405948892519e-16 7.965168954525452593e-17 8.690434625476222209e+03
3.835045429447898934e-16 7.763721247419321605e-17 8.691184246578442981e+03
2.366450723957339954e-16 7.657285519874060819e-17 8.691933877027640847e+03
3.447279952298173179e-16 7.604364785517741986e-17 8.692683516939672700e+03
2.035558375148311110e-16 7.577514389247361163e-17 8.693433166430386336e+03
-2.198192283980101901e-17 7.564342008879197273e-17 8.694182825615640468e+03
1.998857134923857741e-16 7.519468209534958575e-17 8.694932494611275615e+03
3.373788494942211715e-16 7.468554695184763684e-17 8.695682173533161404e+03
2.508560798241748492e-16 7.421485355591738046e-17 8.696431862497138354e+03
2.396142052755003968e-16 7.396347558775250322e-17 8.697181561619063359e+03
1.915605081739829205e-16 7.383765583743911848e-17 8.697931271014789672e+03
-3.165286060492103389e-17 7.393914696595845317e-17 8.698680990800170548e+03
1.730661608702976011e-16 7.398243735864374426e-17 8.699430721091051964e+03
1.609284368404805505e-16 7.396013581204661006e-17 8.700180462003296270e+03
5.300640750418454568e-16 7.381411892053692008e-17 8.700930213652751263e+03
3.391992273988425524e-16 7.386371041379531519e-17 8.701679976155268378e+03
-3.854112657099624805e-17 7.395115956264428452e-17 8.702429749626706325e+03
-2.852766502797031421e-17 7.393846706435710364e-17 8.703179534182911084e+03
1.078293641077944925e-16 7.427658491091783994e-17 8.703929329939737727e+03
1.532981932608643562e-16 7.434402077627565948e-17 8.704679137013041327e+03
1.669578958535538248e-16 7.433979414079659314e-17 8.705428955518669682e+03
4.228564306099327409e-16 7.453457639812376099e-17 8.706178785572483321e+03
2.541755538286935418e-16 7.372100825639888096e-17 8.706928627290326403e+03
2.913682318345371669e-16 7.307695476031308408e-17 8.707678480788057641e+03
4.914748246117227570e-16 7.246041993423570726e-17 8.708428346181526649e+03
2.515306195552420988e-16 7.186766686315435206e-17 8.709178223586586682e+03
-4.103410649750081183e-17 7.124874737382035744e-17 8.709928113119094633e+03
3.047584760265188356e-16 7.080929946953238364e-17 8.710678014894894659e+03
1.824194737142328593e-16 7.046710264122343804e-17 8.711427929029847292e+03
3.793336762409697334e-16 7.059416817139989195e-17 8.712177855639802146e+03
3.084788243406834167e-16 6.990763677723496918e-17 8.712927794840612478e+03
3.533195296196132201e-16 6.932931016456404956e-17 8.713677746748129721e+03
-7.297609387255185184e-17 6.887063589268573078e-17 8.714427711478208948e+03
1.943791515092609066e-16 6.812245314885537577e-17 8.715177689146701596e+03
4.366408931572693594e-16 6.744301734372987558e-17 8.715927679869459098e+03
1.097577060666645733e-16 6.661377406719172319e-17 8.716677683762336528e+03
2.532827719333720483e-16 6.590444991991475063e-17 8.717427700941185321e+03
1.576452686271709272e-16 6.550474526775727668e-17 8.718177731521860551e+03
1.722111293223581883e-16 6.513649514647554436e-17 8.718927775620213652e+03
3.303555335761239862e-16 6.498539028035529971e-17 8.719677833352094240e+03
2.513644468627622471e-16 6.494433739775723856e-17 8.720427904833361026e+03
1.700872834940860181e-16 6.498531174578495639e-17 8.721177990179858170e+03
2.180919733327903994e-16 6.502150788169421363e-17 8.721928089507448021e+03
1.875341567976749698e-16 6.500457261877307836e-17 8.722678202931976557e+03
7.735980594937330497e-17 6.504548329408310699e-17 8.723428330569298851e+03
2.273927702062140361e-16 6.507620654159412062e-17 8.724178472535269975e+03
1.139087763599658391e-16 6.507467472458835635e-17 8.724928628945741366e+03
1.482340633923343879e-16 6.508720747740867384e-17 8.725678799916560820e+03
2.503215240381072027e-16 6.507229827967894224e-17 8.726428985563587048e+03
1.680944520601610107e-16 6.543174881723607278e-17 8.727179186002667848e+03
1.975435595613813817e-16 6.512657202703410413e-17 8.727929401349663749e+03
2.871953495548842597e-16 6.524505014327742055e-17 8.728679631720422549e+03
2.225554660411944243e-16 6.527446974006330093e-17 8.729429877230792044e+03
6.441437615748675284e-17 6.537806182867707027e-17 8.730180137996634585e+03
8.538988883806401969e-17 6.561195042099215279e-17 8.730930414133799786e+03
2.368577105662182615e-16 6.574321414417642465e-17 8.731680705758131808e+03
2.439303369877878343e-17 6.587959054344024773e-17 8.732431012985496636e+03
2.144357586037169756e-16 6.600779653733659593e-17 8.733181335931742069e+03
9.317383557101723063e-17 6.613105360752317552e-17 8.733931674712715903e+03
2.182626655965527232e-16 6.627100744283251346e-17 8.734682029444276850e+03
2.707190398375876547e-16 6.638189411882715605e-17 8.735432400242276344e+03
1.572353208654655574e-16 6.646152183471103337e-17 8.736182787222564002e+03
4.327387537532207560e-17 6.679287040928430666e-17 8.736933190500996716e+03
6.289387815993759121e-17 6.734093927161816778e-17 8.737683610193424101e+03
2.154966245205931967e-16 6.716095257722135174e-17 8.738434046415703051e+03
4.488633351096405989e-17 6.732675400762628734e-17 8.739184499283681362e+03
1.384095575327398680e-16 6.763692138937632709e-17 8.739934968913215926e+03
1.894942914145327092e-16 6.782926870660379354e-17 8.740685455420154540e+03
2.310386443800618747e-16 6.821316930311207881e-17 8.741435958920355915e+03
2.744245265946412845e-17 6.815733341036139175e-17 8.742186479529669668e+03
3.893075828388897153e-16 6.821721425085337081e-17 8.742937017363947234e+03
3.139958913103867348e-16 6.864891082712247379e-17 8.743687572539045505e+03
-1.221964679559386689e-17 6.872216995087186458e-17 8.744438145170810458e+03
3.427323953568148160e-16 6.883577259922241661e-17 8.745188735375102624e+03
1.077599437399691258e-16 6.893864783173017464e-17 8.745939343267771619e+03
-1.736788591267120474e-17 6.885136911118456269e-17 8.746689968964667059e+03
2.860471857198622471e-16 6.859065957724792557e-17 8.747440612581645837e+03
3.864879653961842052e-16 6.835223344667112041e-17 8.748191274234559387e+03
4.708104975631633152e-17 6.814817101860050146e-17 8.748941954039259144e+03
2.744734295156298143e-16 6.801765424319800462e-17 8.749692652111600182e+03
2.701360212351994548e-16 6.803548378022518518e-17 8.750443368567433936e+03
8.854922127763232716e-17 6.861922665024339364e-17 8.751194103522615478e+03
1.618613467741939650e-16 7.036070509727074756e-17 8.751944857092992606e+03
8.103555950728042905e-17 7.350644786816872727e-17 8.752695629394420394e+03
-1.308944351916715883e-16 7.795597126934719509e-17 8.753446420542753913e+03
9.047280931552033729e-17 8.377043805167712760e-17 8.754197230653846418e+03
-6.977612781402004327e-18 9.170557446159247105e-17 8.754948059843545707e+03
1.473684908802092647e-17 9.989009678187585946e-17 8.755698908227708671e+03
-1.732821653552542528e-18 1.066314794740876834e-16 8.756449775922184926e+03
2.271361247886149450e-16 1.117895439401436272e-16 8.757200663042829547e+03
2.138025456349299379e-16 1.157709717790113344e-16 8.757951569705495785e+03
1.025105300910272184e-16 1.186268727590396733e-16 8.758702496026035078e+03
4.920910155283546558e-17 1.206619577480491666e-16 8.759453442120298860e+03
3.617729886580742003e-16 1.244041018715152178e-16 8.760204408104142203e+03
2.677686225738155510e-16 1.297856654802367527e-16 8.760955394093416544e+03
-3.056397462010482906e-16 1.375671157164788612e-16 8.761706400203976955e+03
-1.797509225158796898e-16 1.449084539799450448e-16 8.762457426551674871e+03
2.008153274747959980e-16 1.514690677298845146e-16 8.763208473252361728e+03
5.366913610091108716e-16 1.561534032708791778e-16 8.763959540421888960e+03
4.358365121326851470e-16 1.592378781807050554e-16 8.764710628176113460e+03
4.373825449642573581e-16 1.599071903477954435e-16 8.765461736630884843e+03
1.755670873373729956e-17 1.588727653509568469e-16 8.766212865902060003e+03
-4.691235400670566008e-16 1.574011448927220854e-16 8.766964016105488554e+03
-3.859868988513749894e-16 1.549510528292904519e-16 8.767715187357021932e+03
1.707659049152234577e-17 1.504359146850126289e-16 8.768466379772511573e+03
-3.352376521353413344e-16 1.467835533156125759e-16 8.769217593467818006e+03
8.822072932487354569e-17 1.452199666951473331e-16 8.769968828558787209e+03
4.761542053358458835e-16 1.454466891965718968e-16 8.770720085161276074e+03
7.007121016737630852e-18 1.485525183246799316e-16 8.771471363391130581e+03
-3.428354059720420540e-16 1.543686099378129467e-16 8.772222663364213076e+03
8.618689991590352493e-17 1.598489642184956547e-16 8.772973985196367721e+03
-2.391712875576916306e-16 1.625314052539771889e-16 8.773725329003453226e+03
-4.283144813043486547e-16 1.625892093508187160e-16 8.774476694901319206e+03
3.440874053509008712e-16 1.590234637581968180e-16 8.775228083005818917e+03
3.680676652197258255e-16 1.526690322197144175e-16 8.775979493432805612e+03
1.512272968573782157e-16 1.461019370867132265e-16 8.776730926298136183e+03
4.417596771741733907e-16 1.419541388043274340e-16 8.777482381717651151e+03
6.017419621221718486e-16 1.375887440447765759e-16 8.778233859807216504e+03
7.270678637635440409e-17 1.357838941580021868e-16 8.778985360682676401e+03
4.248683610678923855e-16 1.352448379505681576e-16 8.779736884459889552e+03
4.092750290006096949e-16 1.349075199973817312e-16 8.780488431254705574e+03
1.040238828542740584e-16 1.346307625673932660e-16 8.781240001182977721e+03
-1.284791412699493565e-16 1.341363997013343068e-16 8.781991594360559247e+03
-1.829120641686727856e-16 1.331995278700332146e-16 8.782743210903301588e+03
-2.798782417027722832e-16 1.315447637999129737e-16 8.783494850927057996e+03
-1.771274918378592343e-16 1.282524220767964337e-16 8.784246514547681727e+03
1.724834639222317173e-16 1.252433361377192636e-16 8.784998201881027853e+03
-1.658465114668442895e-16 1.219316194240527226e-16 8.785749913042945991e+03
3.968805060332669346e-16 1.107355516067892033e-16 8.786501648149287576e+03
6.752248864228709420e-16 1.047857371430915202e-16 8.787253407315909499e+03
7.995736995749727079e-16 9.971103397494561821e-17 8.788005190658659558e+03
2.854953376059085267e-16 9.531364310889346887e-17 8.788756998293396464e+03
6.203907899732824300e-16 9.348004672859813600e-17 8.789508830335969833e+03
2.942086422783096739e-16 9.353067879232910702e-17 8.790260686902229281e+03
1.546944151055266865e-16 9.346615318910359708e-17 8.791012568108035339e+03
2.314816791000601920e-16 9.333538208596568554e-17 8.791764474069233984e+03
2.150696830718011631e-16 9.332666240623410875e-17 8.792516404901682108e+03
1.308956823642441186e-16 9.313462964314844167e-17 8.793268360721227509e+03
1.684016079586102940e-16 9.305861345584043000e-17 8.794020341643728898e+03
4.086840838965398085e-16 9.276264834520135766e-17 8.794772347785035890e+03
2.731088852707597110e-16 9.247263852470033446e-17 8.795524379261001741e+03
1.101192212120599515e-16 9.179844130114221473e-17 8.796276436187477884e+03
-6.176764275009224869e-17 9.050165252161027959e-17 8.797028518680319394e+03
-1.336194477269393236e-16 8.764880427899459016e-17 8.797780626855377704e+03
1.552008689558266823e-16 8.319547954070470887e-17 8.798532760828504252e+03
4.772445799702966084e-18 7.853135096742475501e-17 8.799284920715554108e+03
2.082833001393524778e-16 7.402665446901690149e-17 8.800037106632382347e+03
3.013146752964099055e-16 7.002601023255971221e-17 8.800789318694834947e+03
1.792878809360342840e-16 6.722920120304264116e-17 8.801541557018768799e+03
7.235467241817456850e-17 6.681273546249981363e-17 8.802293821720038977e+03
3.235629143184929504e-16 6.686356642136829946e-17 8.803046112914493278e+03
1.656510935433027051e-16 6.741240549083606480e-17 8.803798430717986776e+03
1.322150095873917200e-16 6.813938528104735998e-17 8.804550775246374542e+03
3.343066193157296954e-16 6.970972332719062458e-17 8.805303146615504374e+03
1.314359939324974271e-16 6.986590903320903875e-17 8.806055544941231346e+03
9.435778717675517012e-17 6.947164239157008042e-17 8.806807970339410531e+03
3.063652147783893096e-16 7.131025801676727009e-17 8.807560422925893363e+03
1.249440424317760073e-16 7.938029017787135075e-17 8.808312902816533096e+03
9.467937146746700596e-17 7.210231066882908107e-17 8.809065410127179348e+03
3.286287238959367633e-16 6.981457932985480510e-17 8.809817944973685371e+03
2.595459990765996894e-17 6.988987431608139464e-17 8.810570507471908059e+03
2.158837780765884490e-16 6.999839282439488547e-17 8.811323097737695207e+03
1.664767461749119192e-16 7.009233252809648427e-17 8.812075715886905527e+03
4.182145270442636353e-16 7.039707774342249864e-17 8.812828362035386817e+03
2.868296220068459101e-16 7.069695686035339280e-17 8.813581036298994150e+03
1.223205639211471755e-16 7.095832730965136780e-17 8.814333738793577140e+03
3.639706645927332564e-16 7.109091006890691017e-17 8.815086469634992682e+03
5.153222837186641699e-17 7.131117011335921888e-17 8.815839228939090390e+03
1.974311934706738370e-16 7.146741115705064296e-17 8.816592016821727157e+03
3.420913853934789881e-16 7.236420299441580058e-17 8.817344833398750779e+03
6.346298563553584592e-17 7.531263305000762017e-17 8.818097678786018150e+03
2.526269455770380781e-16 8.219645429789297022e-17 8.818850553099378885e+03
-2.185247620164096819e-16 9.535211140959088830e-17 8.819603456454682600e+03
-2.144390727201390155e-16 1.154380776662991603e-16 8.820356388967793464e+03
-6.498932260041202958e-17 1.360340300731256091e-16 8.821109350754555635e+03
-1.618348448821372281e-16 1.522310585770958321e-16 8.821862341930820548e+03
4.427783855664772328e-17 1.648037300876547278e-16 8.822615362612450554e+03
1.360854979770115732e-16 1.729863745310445645e-16 8.823368412915286171e+03
-1.550426166773329517e-16 1.762113939972647315e-16 8.824121492955186113e+03
-1.099375348506782994e-16 1.766271912385942403e-16 8.824874602848003633e+03
3.670742973169610797e-17 1.773718335206547412e-16 8.825627742709591985e+03
-8.927385590066801288e-17 1.777593442550951865e-16 8.826380912655804423e+03
5.080173846466257856e-17 1.786538616531493860e-16 8.827134112802486925e+03
3.329118839246067449e-16 1.797440450851239335e-16 8.827887343265501841e+03
2.416872568796386398e-16 1.815855096609195322e-16 8.828640604160695148e+03
-7.312459805685429349e-16 1.852931764753625175e-16 8.829393895603921919e+03
-6.888722102972165212e-17 1.900543897489798996e-16 8.830147217711037229e+03
-2.036686848534857805e-16 1.945858493543885244e-16 8.830900570597888873e+03
-6.002533134665252362e-16 1.982745630601663642e-16 8.831653954380333744e+03
-3.773395065809763296e-16 1.994937973402495974e-16 8.832407369174223277e+03
-7.141979934675799226e-16 1.951340639129266332e-16 8.833160815095410726e+03
-7.338056216439899584e-16 1.851306593601790463e-16 8.833914292259749345e+03
-1.506043348624131969e-16 1.719941871757394848e-16 8.834667800783086932e+03
9.251716334020270505e-16 1.579370308379587214e-16 8.835421340781282197e+03
1.270271912249966278e-15 1.446375310126171057e-16 8.836174912370186576e+03
1.027486626709577026e-15 1.331213267736425798e-16 8.836928515665653322e+03
3.512734018221117232e-16 1.268127997238414882e-16 8.837682150783533871e+03
1.564529635697709379e-16 1.255452483255074451e-16 8.838435817839679657e+03
1.300465221880979762e-17 1.249088926586457898e-16 8.839189516949947574e+03
1.612664016246606740e-16 1.241545258616702815e-16 8.839943248230183599e+03
-1.577581208864455797e-16 1.231704714077255659e-16 8.840697011796248262e+03
-1.629410011254963594e-16 1.218094688143063862e-16 8.841450807763989360e+03
-1.588460130400114152e-16 1.198606516323415736e-16 8.842204636249260147e+03
-1.575244600046004686e-16 1.164611656636349660e-16 8.842958497367917516e+03
-9.278329369891909887e-17 1.111150567176164776e-16 8.843712391235811083e+03
-2.047728937579344557e-16 1.051864575155475844e-16 8.844466317968792282e+03
-3.979879917237570368e-17 9.980689427623877422e-17 8.845220277682714368e+03
2.326097849340752752e-16 9.499750535268879834e-17 8.845974270493434233e+03
4.123596415204483146e-16 9.334491943813562558e-17 8.846728296516799674e+03
2.884738505233526874e-16 9.047999513588660974e-17 8.847482355868665763e+03
2.120639011815863843e-16 9.062362616496518908e-17 8.848236448664883937e+03
4.275332570148502203e-16 9.155686148235393919e-17 8.848990575021307450e+03
2.681063650928828454e-16 9.070399494527259741e-17 8.849744735053791374e+03
2.438043563256948446e-16 9.038062045558442974e-17 8.850498928878183506e+03
2.313306327815352260e-16 9.022123430192495654e-17 8.851253156610344377e+03
1.625906007159066156e-16 9.003299845088431516e-17 8.852007418366116326e+03
1.519729185085699082e-16 8.979902080742194318e-17 8.852761714261363522e+03
5.426081222067565369e-16 8.963484966848640955e-17 8.853516044411928306e+03
3.036946951189791603e-16 8.923011046372108789e-17 8.854270408933673025e+03
-1.401567659745343661e-16 8.889092695854127613e-17 8.855024807942445477e+03
3.486805308321010521e-17 8.800207762989263691e-17 8.855779241554097098e+03
2.836485217359374343e-16 8.610416763616951891e-17 8.856533709884482960e+03
8.830916653499272978e-17 8.321413427967792629e-17 8.857288213049452679e+03
2.870113078110023622e-16 8.059320151786909429e-17 8.858042751164864967e+03
4.445692675606151625e-16 7.835172405375649137e-17 8.858797324346567621e+03
3.988023776598931890e-16 7.789241075006932793e-17 8.859551932710415713e+03
1.016570307233432229e-16 8.103532738233776926e-17 8.860306576372262498e+03
2.186389577237871473e-16 8.786178690795483498e-17 8.861061255447953954e+03
1.957312740009306893e-17 9.442866662621584572e-17 8.861815970053354249e+03
-5.325919821178886019e-17 9.985212975290846020e-17 8.862570720304305723e+03
1.883871511693730333e-17 1.043279668469444897e-16 8.863325506316668907e+03
1.778578757383909975e-16 1.068734951008401003e-16 8.864080328206295235e+03
2.348602721366329024e-16 1.075613656050790973e-16 8.864835186089032504e+03
6.570398361309284259e-17 1.074447429640660994e-16 8.865590080080739426e+03
2.738775391100082847e-16 1.073386017308512768e-16 8.866345010297261979e+03
4.715425924048280048e-17 1.071520629580851296e-16 8.867099976854462511e+03
2.443725000247702408e-16 1.069595317175369312e-16 8.867854979868185183e+03
3.773035915897584173e-17 1.066935951828159586e-16 8.868610019454285066e+03
-2.560442466654293283e-16 1.061509463946438829e-16 8.869365095728619053e+03
7.589272407507805602e-17 1.056378272162909564e-16 8.870120208807036761e+03
-2.303040136444810973e-17 1.052208032391891225e-16 8.870875358805387805e+03
1.390742633403072890e-16 1.045586117826792710e-16 8.871630545839529077e+03
2.004431894891968868e-16 1.038458744247377093e-16 8.872385770025313832e+03
-5.646129492063856945e-16 1.027443385309846784e-16 8.873141031478591685e+03
-3.818733313612436587e-16 9.911951027890519802e-17 8.873896330315219529e+03
7.572757484322669456e-17 9.367827184341286675e-17 8.874651666651046980e+03
5.372579905611597493e-17 8.730571373664515469e-17 8.875407040601927292e+03
-5.237483372654956237e-17 8.189164370691161403e-17 8.876162452283711900e+03
3.966062378688387070e-16 7.697310926387150388e-17 8.876917901812255877e+03
3.910206680073122274e-16 7.818931989465213113e-17 8.877673389303414297e+03
-2.089855253682015789e-16 8.870305549746071225e-17 8.878428914873036774e+03
1.386346821737776330e-16 1.055397789366843282e-16 8.879184478636972926e+03
-6.733499564957996844e-16 1.223804854298021770e-16 8.879940080711083283e+03
-5.470530663224718870e-16 1.356790846578833365e-16 8.880695721211210184e+03
1.774798465501865761e-16 1.467183353723411884e-16 8.881451400253219617e+03
4.517287609814580139e-16 1.662403231025239293e-16 8.882207117952952103e+03
-4.440932494931408848e-16 1.557645464447110472e-16 8.882962874426269991e+03
-8.262698382107162144e-17 1.556708207236592080e-16 8.883718669789021078e+03
-1.349015642409920847e-17 1.558219884049371507e-16 8.884474504157056799e+03
5.932739924316769250e-17 1.565134230516562767e-16 8.885230377646232228e+03
1.135554585345889519e-16 1.565182672022452585e-16 8.885986290372398798e+03
7.963677252547771755e-17 1.561945264916124200e-16 8.886742242451411585e+03
-2.939731941245874347e-16 1.562598897042725329e-16 8.887498233999125659e+03
-8.755301056919463039e-18 1.563956577227337230e-16 8.888254265131387001e+03
-1.177445073102638124e-17 1.567371339041176421e-16 8.889010335964050682e+03
-4.338820022740631826e-16 1.567892798599303864e-16 8.889766446612973596e+03
-4.845258555437936360e-16 1.564155267732476445e-16 8.890522597194001719e+03
-9.776200402324026536e-16 1.545289893029810945e-16 8.891278787822997401e+03
-9.207146585983068556e-16 1.488692448900109769e-16 8.892035018615801164e+03
-1.043600394000452851e-15 1.376128357419902553e-16 8.892791289688277175e+03
-2.961438891755663054e-16 1.233476787870911270e-16 8.893547601156269593e+03
-2.326095161281469589e-16 1.093565181644681674e-16 8.894303953135637130e+03
6.691028591610980422e-16 9.624451488474231886e-17 8.895060345742229401e+03
3.863629004621556910e-16 8.948998261825199148e-17 8.895816779091903300e+03
-9.404214766071159431e-19 9.247648007287709656e-17 8.896573253300506622e+03
-3.063590669205065584e-16 1.000152962924187815e-16 8.897329768483894441e+03
-4.271768459811721999e-17 1.066047683050204509e-16 8.898086324757918192e+03
1.782511511953491238e-16 1.121915572837708794e-16 8.898842922238431129e+03
1.486599042447571429e-16 1.159878704101737756e-16 8.899599561041286506e+03
-9.483994279781268128e-17 1.172758794782886221e-16 8.900356241282339397e+03
-1.069535460852897083e-16 1.167481610744151273e-16 8.901112963077437598e+03
-8.239662330365231544e-17 1.170207723308701796e-16 8.901869726542441640e+03
1.120739005877789319e-16 1.172660007157517524e-16 8.902626531793193863e+03
2.036908861265125466e-17 1.173845738881020687e-16 8.903383378945554796e+03
-3.477155534915116741e-17 1.169195690724077364e-16 8.904140268115372237e+03
5.375010868274312525e-16 1.167147506840294112e-16 8.904897199418508535e+03
2.677633706343174540e-16 1.164601741948590431e-16 8.905654172970804211e+03
1.937863903663714823e-16 1.159825433458527520e-16 8.906411188888116158e+03
2.575935085981511981e-16 1.155845805000697109e-16 8.907168247286303085e+03
-7.650223513788111747e-17 1.146917238546214018e-16 8.907925348281212791e+03
-3.351680145453582164e-17 1.129736080802173336e-16 8.908682491988693073e+03
1.885547730587747134e-16 1.092487718148767931e-16 8.909439678524608098e+03
1.936877261298283691e-16 1.035400398239171937e-16 8.910196908004802026e+03
2.054224280220708093e-16 9.807248818748672473e-17 8.910954180545131749e+03
3.022602755475457951e-16 9.664910615130958442e-17 8.911711496261450520e+03
1.768740505773260176e-16 1.038404542043135809e-16 8.912468855269606138e+03
7.310823673119094361e-17 1.180137138811693908e-16 8.913226257685455494e+03
7.057472736568175585e-16 1.324865140019726214e-16 8.913983703624846385e+03
6.054288465367763497e-16 1.449750489318269611e-16 8.914741193203641160e+03
6.880709852838891259e-16 1.544849501355523545e-16 8.915498726537687617e+03
7.934614081169845048e-16 1.598983185240575676e-16 8.916256303742837190e+03
3.011209182322123427e-16 1.611645457837856797e-16 8.917013924934941315e+03
3.514313277640436575e-16 1.611244752034610335e-16 8.917771590229855065e+03
1.124645324029015070e-16 1.610552679748061464e-16 8.918529299743429874e+03
3.841471832955357579e-16 1.611683601935565765e-16 8.919287053591524455e+03
1.863120531535773632e-16 1.612966348350221588e-16 8.920044851889984784e+03
-3.486406212245056354e-17 1.615628520960127790e-16 8.920802694754664117e+03
2.718840230244033803e-16 1.619632269294306222e-16 8.921560582301421164e+03
-8.134096760532174857e-17 1.622054986141812992e-16 8.922318514646100084e+03
5.841686258351260546e-16 1.627805138923271085e-16 8.923076491904561408e+03
5.638746738100329820e-16 1.628563168550108762e-16 8.923834514192654751e+03
4.380766669551613405e-17 1.615183437883769609e-16 8.924592581626231549e+03
1.287849949725133352e-17 1.585795396769067954e-16 8.925350694321146875e+03
1.294079813922718508e-17 1.505019435534779114e-16 8.926108852393250345e+03
-2.419188489739108264e-16 1.364291912617693638e-16 8.926867055958398851e+03
3.730636800648797859e-16 1.213392011499929342e-16 8.927625305132442008e+03
1.007579940880294525e-15 1.059867249631770902e-16 8.928383600031233073e+03
8.805062946151952875e-16 9.043150142098685656e-17 8.929141940770627116e+03
1.820481722049312659e-16 7.931820626737857134e-17 8.929900327466477393e+03
3.489848348181027958e-16 7.568845509055433961e-17 8.930658760234633519e+03
2.858337851754379431e-16 7.537673613097491641e-17 8.931417239190948749e+03
1.157186241520150654e-16 7.519370003485440850e-17 8.932175764451276336e+03
2.405023724185512751e-16 7.517132198728222641e-17 8.932934336131471355e+03
3.557568870674850732e-16 7.520021153181732222e-17 8.933692954347381601e+03
4.938693945478783492e-17 7.542532315933222886e-17 8.934451619214865786e+03
1.873143153921648616e-16 7.637459644717702304e-17 8.935210330849771708e+03
-1.713784830290041703e-16 7.971245853533898520e-17 8.935969089367956258e+03
3.043931596548993248e-17 8.564458416573076727e-17 8.936727894885269052e+03
3.538730270642355203e-16 9.228004214708666565e-17 8.937486747517570620e+03
-6.572026003455443209e-18 9.814037165118918895e-17 8.938245647380697847e+03
4.806289539139793067e-16 1.027847750891432977e-16 8.939004594590518536e+03
6.104733501963518438e-16 1.058795163848238920e-16 8.939763589262878668e+03
3.656092312629670532e-17 1.075930266511261303e-16 8.940522631513631495e+03
-4.329487542048642714e-18 1.072960920991295844e-16 8.941281721458628454e+03
4.114572164764060801e-16 1.072974776214247357e-16 8.942040859213730073e+03
2.870932926350310919e-16 1.070536469369849361e-16 8.942800044894782332e+03
1.278707716198371758e-16 1.066508280699741946e-16 8.943559278617638483e+03
5.614371269052967281e-16 1.063368872676072094e-16 8.944318560498151783e+03
3.053253118352768395e-16 1.059228494557231831e-16 8.945077890652177302e+03
1.519066769823314968e-16 1.054671558171034425e-16 8.945837269195562840e+03
2.245465962947473872e-16 1.051618072496340000e-16 8.946596696244163468e+03
1.143990675206848356e-16 1.047823919914807848e-16 8.947356171913837898e+03
1.892327938012094581e-16 1.042832398669079229e-16 8.948115696320430288e+03
3.173272968633794525e-16 1.037010302748990936e-16 8.948875269579799351e+03
1.856516833278880601e-16 1.026100763874969431e-16 8.949634891807791064e+03
-9.803486078522661076e-17 1.021355527667427579e-16 8.950394563120265957e+03
3.235129637061652812e-16 1.069782575586605060e-16 8.951154283633073646e+03
6.834099078031694150e-16 1.138505353667124870e-16 8.951914053462067386e+03
4.542310349895937396e-16 1.203672479486848042e-16 8.952673872723098611e+03
8.033974755860740136e-16 1.268202064693096131e-16 8.953433741532022395e+03
8.592276124777649664e-16 1.336029611016457837e-16 8.954193660004688354e+03
5.269652194625487049e-16 1.373008538877754709e-16 8.954953628256953380e+03
5.066184668573650306e-16 1.381338540323797963e-16 8.955713646404665269e+03
7.086586080353684564e-16 1.380457769516539504e-16 8.956473714563679096e+03
-9.335126756369263873e-17 1.379715112965596806e-16 8.957233832849851751e+03
1.201779190524413134e-17 1.380842833565750840e-16 8.957994001379031033e+03
4.860009367927300291e-16 1.381962869157988362e-16 8.958754220267070195e+03
2.189353973553473935e-16 1.382807007380511364e-16 8.959514489629826130e+03
1.465066968247510310e-16 1.385085016079536034e-16 8.960274809583144815e+03
2.165522585128604011e-16 1.386814080162710156e-16 8.961035180242884962e+03
6.174436295260266739e-17 1.390527087875964864e-16 8.961795601724894368e+03
-1.217740378740093508e-16 1.387577451360734252e-16 8.962556074145031744e+03
-2.674175252538090115e-16 1.377737087838624866e-16 8.963316597619144886e+03
-4.101573280931710706e-16 1.349083385891885701e-16 8.964077172263088869e+03
-8.682818329335748604e-16 1.273650004369295202e-16 8.964837798192715127e+03
-8.121966432937916577e-16 1.159680109253805595e-16 8.965598475523878733e+03
-4.577253567223683251e-16 1.037836779593174034e-16 8.966359204372432941e+03
-1.659996787824108869e-16 9.168856202929340752e-17 8.967119984854227368e+03
5.622619327048353628e-16 7.972558587653919266e-17 8.967880817085115268e+03
3.026402470172097087e-16 7.203474797624837393e-17 8.968641701180953532e+03
2.776929155794521078e-16 6.978229046182400211e-17 8.969402637257588140e+03
1.759353167887518013e-16 6.956024115744791362e-17 8.970163625430877801e+03
7.824585911173698319e-17 6.926876754177227001e-17 8.970924665816670313e+03
2.367268099819877274e-16 6.925035165942116606e-17 8.971685758530826206e+03
-3.683529461989541637e-17 6.923568780730586057e-17 8.972446903689193277e+03
-6.111052093169598143e-17 6.928875517088832739e-17 8.973208101407621143e+03
1.286704207009490150e-16 6.936787549995549497e-17 8.973969351801964876e+03
1.417703788974115433e-16 6.960762864490011735e-17 8.974730654988083188e+03
8.358072484865776200e-17 6.990592657103494969e-17 8.975492011081822056e+03
8.788952140385998240e-17 7.000699118980419569e-17 8.976253420199034736e+03
4.822964926367499334e-16 7.021586173670981452e-17 8.977014882455576299e+03
1.461226242809442540e-16 7.032837714684674079e-17 8.977776397967299999e+03
1.801839390156370592e-16 6.991014466690590808e-17 8.978537966850057273e+03
3.584524576501785943e-16 6.990427894770893553e-17 8.979299589219699556e+03
1.486563339516495645e-16 7.068039657376803919e-17 8.980061265192085557e+03
-1.266250173086028037e-16 7.182175184073426774e-17 8.980822994883059437e+03
4.563797485329805967e-17 7.498846545602101875e-17 8.981584778408479906e+03
1.159401370307045683e-16 7.960310486361547478e-17 8.982346615884198400e+03
1.818908767303385052e-18 8.377240098084991839e-17 8.983108507426066353e+03
1.055269938392401339e-16 8.723491334276891573e-17 8.983870453149938839e+03
2.290030406157213869e-16 9.074580324302232976e-17 8.984632453171667294e+03
2.318132999257643544e-16 9.166771055839350234e-17 8.985394507607106789e+03
2.537549638890940689e-17 9.223792409194998954e-17 8.986156616572108760e+03
1.501174680334034365e-16 9.220716825429948229e-17 8.986918780182522823e+03
2.293414694136168387e-16 9.223494011838875136e-17 8.987680998554204052e+03
2.161754737543552230e-16 9.220392403519634855e-17 8.988443271803005700e+03
1.011088012653811720e-16 9.199175164465743219e-17 8.989205600044784660e+03
3.977960719376433385e-16 9.175447256594588279e-17 8.989967983395385090e+03
1.044875422970695717e-16 9.151177719847144788e-17 8.990730421970667521e+03
9.698169494026602554e-17 9.135198507557246344e-17 8.991492915886479750e+03
2.738202102960809862e-16 9.148741485804391866e-17 8.992255465258675031e+03
-4.990451602721991941e-17 9.184078705555655301e-17 8.993018070203108437e+03
1.194597774089250847e-16 9.355750092391705229e-17 8.993780730835633221e+03
-1.937496052765315812e-16 9.733773472557600715e-17 8.994543447272099002e+03
-2.394435167523752795e-16 1.022124308712331517e-16 8.995306219628366307e+03
9.791457387997087370e-17 1.062719762429287257e-16 8.996069048020275659e+03
1.633626043904102306e-16 1.096180457189247019e-16 8.996831932563687587e+03
3.721807232164395132e-16 1.122224183428017209e-16 8.997594873374453528e+03
1.572681848089236360e-16 1.130907422884217554e-16 8.998357870568426733e+03
1.925138415633694800e-17 1.125952189893611491e-16 8.999120924261460459e+03
-8.562818231567258405e-18 1.121053295706282001e-16 8.999884034569406140e+03
2.756532289911293506e-16 1.117202828412220483e-16 9.000647201608117030e+03
2.754597664372392774e-16 1.116644427341854026e-16 9.001410425493448201e+03
1.315749645223455892e-16 1.116344778348716604e-16 9.002173706341247453e+03
3.082817409389980929e-17 1.186645112384015908e-16 9.002937044267371675e+03
-1.488109303568698034e-16 1.128314539376508655e-16 9.003700439387674123e+03
2.903093857283645826e-16 1.415149970977422412e-16 9.004463891818002594e+03
1.351694158654822177e-16 1.467477507547403825e-16 9.005227401674217617e+03
-2.691797412190952733e-17 1.103758074924106862e-16 9.005990969072165171e+03
1.669762885358580435e-16 1.152949615216474723e-16 9.006754594127702148e+03
-2.407991674573320323e-16 1.064564752309311556e-16 9.007518276956678164e+03
-1.926410088482775501e-16 1.018506854200637046e-16 9.008282017674946474e+03
-2.735018582256429903e-16 9.425579177310487867e-17 9.009045816398363968e+03
-2.167582420512323811e-16 8.593358538024910600e-17 9.009809673242780264e+03
-7.889650731767190806e-17 7.787375451702787147e-17 9.010573588324048615e+03
9.109573759268059991e-17 7.021579986187432781e-17 9.011337561758020456e+03
1.720644228719407154e-16 6.480467120891234978e-17 9.012101593660547223e+03
3.815002445744050963e-17 6.304309512428919659e-17 9.012865684147491265e+03
2.255234422939315216e-16 6.302992413704455708e-17 9.013629833334696741e+03
1.358716643926064861e-16 6.350084937569548326e-17 9.014394041338013267e+03
2.359184277976434272e-17 6.419700136599319337e-17 9.015158308273301373e+03
-3.644579034026098829e-17 7.014297635369567814e-17 9.015922634256414312e+03
4.274167931385748041e-16 7.394886111666158399e-17 9.016687019403198065e+03
2.369138889351563317e-16 6.599287825537542434e-17 9.017451463829511340e+03
1.005792944809675161e-16 6.609992840560353571e-17 9.018215967651201936e+03
2.908617561246924886e-16 6.635866694385695763e-17 9.018980530984132201e+03
2.255721444954238017e-16 6.649158892895906861e-17 9.019745153944139020e+03
-5.741096584373603342e-17 6.664618357993469635e-17 9.020509836647088378e+03
2.041888747177546166e-16 6.676323270636486297e-17 9.021274579208831710e+03
1.022270873761401416e-16 6.704768095792644215e-17 9.022039381745216815e+03
1.213683650071848826e-16 6.737776503958493463e-17 9.022804244372098765e+03
3.840558210810407220e-16 6.776607242390565801e-17 9.023569167205332633e+03
2.888664726777468711e-16 6.804244333712261053e-17 9.024334150360768035e+03
1.423856624534817346e-16 6.836714971205243047e-17 9.025099193954258226e+03
6.484154830370240062e-17 6.864557449172989219e-17 9.025864298101656459e+03
1.631822020586060386e-16 6.886858919563794628e-17 9.026629462918815989e+03
2.940757570558386591e-17 6.904749169540043540e-17 9.027394688521591888e+03
2.199813160191298096e-16 6.905861242586098880e-17 9.028159975025833774e+03
3.626218416627455618e-16 6.901113913004052360e-17 9.028925322547391261e+03
2.009470586527762988e-16 7.020527463569996511e-17 9.029690731202126699e+03
1.645190199229565288e-16 6.982419354394716777e-17 9.030456201105884247e+03
1.787067037242065418e-16 7.036880287636623184e-17 9.031221732374520798e+03
5.980568184527812855e-18 7.298802077624774934e-17 9.031987325123889605e+03
2.658026316038026562e-16 7.601027040990306170e-17 9.032752979469838465e+03
2.703125875234350123e-16 7.870703276811514083e-17 9.033518695528227909e+03
1.270719416196177277e-16 8.108812998550063174e-17 9.034284473414903914e+03
1.173002507619556773e-16 8.281985053815188464e-17 9.035050313245723373e+03
4.367476741290059262e-16 8.350353904010963008e-17 9.035816215136539540e+03
2.832230399487907394e-16 8.360076344344054489e-17 9.036582179203200212e+03
3.243193426113216917e-17 8.361268145872733455e-17 9.037348205561564100e+03
2.428013428681863085e-16 8.346928911875705664e-17 9.038114294327479001e+03
6.231436866113214245e-17 8.344899371782271016e-17 9.038880445616799989e+03
2.251820350704136959e-16 8.341276436665396627e-17 9.039646659545383955e+03
3.109048982417246804e-16 8.351282458119862339e-17 9.040412936229076877e+03
3.504651124432382982e-16 8.377304196508675480e-17 9.041179275783733829e+03
2.672905964571209939e-16 8.430219712980045330e-17 9.041945678325211702e+03
3.296056328526014413e-16 8.594234151345720251e-17 9.042712143969358294e+03
8.103575265213533301e-17 8.918865086706483787e-17 9.043478672832026859e+03
2.116525961922423704e-17 9.293644382226144554e-17 9.044245265029072470e+03
1.303741419986509690e-16 9.601716816136275035e-17 9.045011920676346563e+03
-6.020446564568360672e-17 9.787409597539326927e-17 9.045778639889704209e+03
1.135029163777170894e-17 9.842623725367372378e-17 9.046545422784995026e+03
-6.688759148677634950e-18 9.811091022320813356e-17 9.047312269478072267e+03
1.774409484547437419e-16 9.706943004954932392e-17 9.048079180084791005e+03
-1.977350289700330696e-16 9.618090996675543007e-17 9.048846154721002677e+03
-1.230545198324739458e-16 9.586363775151255151e-17 9.049613193502558715e+03
5.855462147982863784e-17 9.624487640071158909e-17 9.050380296545314195e+03
2.507655413771287382e-17 9.689901115545466288e-17 9.051147463965122370e+03
-1.564453205151190222e-17 9.746215469495926323e-17 9.051914695877834674e+03
4.183736260421061314e-16 9.795244138046580850e-17 9.052681992399302544e+03
4.734820341884873807e-17 9.841690710849531611e-17 9.053449353645381052e+03
-4.923327625009090026e-17 9.895655847633819909e-17 9.054216779731923452e+03
-1.402722415635257636e-18 9.867616994764948434e-17 9.054984270774781180e+03
-5.401280604774000367e-17 9.812148518348411249e-17 9.055751826889805670e+03
-2.822830508713768571e-16 9.639288727151153897e-17 9.056519448192851996e+03
-2.034276402714400267e-16 9.223217039749771700e-17 9.057287134799771593e+03
-2.251025057210448426e-16 8.747116998024719980e-17 9.058054886826421352e+03
-7.145115099183862233e-17 8.247335524014061120e-17 9.058822704388647253e+03
1.651663396220194894e-16 7.762689787827054597e-17 9.059590587602306186e+03
1.204398734892295428e-16 7.367633005834937012e-17 9.060358536583253226e+03
2.364986477612690497e-16 7.113002937077257209e-17 9.061126551447336169e+03
1.717957747154878457e-16 7.043266243145960477e-17 9.061894632310410088e+03
2.596305793650663525e-16 7.041402958803608673e-17 9.062662779288328238e+03
3.335898970954949869e-16 7.066941406230604330e-17 9.063430992496943873e+03
2.277476814458380984e-16 7.046694708669746436e-17 9.064199272052108427e+03
5.846243863981073491e-17 7.079302771873354951e-17 9.064967618069675154e+03
6.031331780931483314e-17 7.123391199343399171e-17 9.065736030665495491e+03
3.870240443721283365e-16 7.157179727619824494e-17 9.066504509955428148e+03
1.953698136000566634e-16 7.194549582419887925e-17 9.067273056055319103e+03
-3.113664952748546789e-17 7.238532253953041943e-17 9.068041669081021610e+03
3.626784477480764829e-16 7.280718476623872919e-17 9.068810349148394380e+03
2.172393459149026359e-16 7.321487406725913176e-17 9.069579096373283392e+03
1.169314005641223991e-16 7.361732739891121136e-17 9.070347910871547356e+03
1.908423823451988425e-16 7.401577344769615239e-17 9.071116792759034070e+03
2.933918041094127976e-17 7.407525202870073894e-17 9.071885742151598606e+03
6.267895876522563671e-17 7.402547700504012625e-17 9.072654759165096038e+03
1.953316845769252222e-16 7.390427020846481240e-17 9.073423843915372345e+03
2.845445891438780992e-16 7.344445114889624948e-17 9.074192996518289874e+03
1.415519777651174557e-16 7.321391285444921543e-17 9.074962217089694605e+03
1.649711445351063096e-16 7.233937813867840103e-17 9.075731505745441609e+03
1.374532138952502795e-16 7.165521143085988578e-17 9.076500862601382323e+03
-1.456713786780961486e-16 7.107424457022426631e-17 9.077270287773371820e+03
1.537831490480217214e-16 7.044219598461045606e-17 9.078039781377261534e+03
2.638453723696447121e-16 6.972613849855834547e-17 9.078809343528904719e+03
2.122194187458723901e-16 6.927039822024872161e-17 9.079578974344152812e+03
1.937517359386099281e-16 6.874683589785618779e-17 9.080348673938860884e+03
1.243961951691870523e-16 6.835603451594156448e-17 9.081118442428880371e+03
1.075996154000777559e-16 6.805816980511408241e-17 9.081888279930064527e+03
1.966025867644678741e-16 6.788278980720214447e-17 9.082658186558262969e+03
5.802623466966481956e-17 6.721738303495596600e-17 9.083428162429336226e+03
7.636341450557362414e-17 6.713841504554113163e-17 9.084198207659130276e+03
2.805241980321456028e-16 6.703642875626312693e-17 9.084968322363500192e+03
2.293046086156906693e-16 6.734444265105705392e-17 9.085738506658301048e+03
-8.846792197244678245e-17 6.797188509913559913e-17 9.086508760659380641e+03
2.274334043084191123e-16 6.935266173065484470e-17 9.087279084482595863e+03
5.823035148749013518e-17 7.155052748934381075e-17 9.088049478243796329e+03
1.266652902453115633e-16 7.291536742734725953e-17 9.088819942058842571e+03
1.662971357907315494e-16 7.448973133376948719e-17 9.089590476043576928e+03
2.277823409592746299e-16 7.576345366058660195e-17 9.090361080313858110e+03
1.435226360655692573e-16 7.655691108900996369e-17 9.091131754985537555e+03
-1.704162506548458445e-17 7.690714416847604026e-17 9.091902500174466695e+03
2.286974506461724490e-16 7.714405876714921102e-17 9.092673315996504243e+03
3.945443117377551238e-16 7.719657923202855221e-17 9.093444202567494358e+03
1.518977182119211366e-16 7.715453241598238534e-17 9.094215160003299388e+03
-1.516389028849398435e-17 7.719590994667538066e-17 9.094986188419761675e+03
2.638118449936779436e-17 7.732273478125799739e-17 9.095757287932745385e+03
6.939478205776853933e-17 7.801696578643287795e-17 9.096528458658092859e+03
2.389187302720275671e-17 8.095470431207142422e-17 9.097299700711660989e+03
2.134435963662235592e-16 8.465375742308585848e-17 9.098071014209304849e+03
1.016440529152237621e-16 8.338594826917744522e-17 9.098842399266875873e+03
3.982544787730000729e-16 8.488565582145074919e-17 9.099613856000229134e+03
3.253036109993308401e-16 8.587033143984690066e-17 9.100385384525210611e+03
2.864601331493117196e-17 8.581946026827760964e-17 9.101156984957677196e+03
4.631288403673860630e-17 8.472288868215693579e-17 9.101928657413485780e+03
-1.792970414525199115e-16 8.323464763886635289e-17 9.102700402008485980e+03
4.453117434270317801e-16 8.187887475902295330e-17 9.103472218858525594e+03
1.213205307670936152e-16 8.078065693710541248e-17 9.104244108079463331e+03
2.563622833140955024e-16 7.998049728991899875e-17 9.105016069787150627e+03
1.007355261369891085e-16 7.969135309527781368e-17 9.105788104097442556e+03
1.785643709349663645e-16 7.920320466328413958e-17 9.106560211126188733e+03
1.587140542231769435e-16 7.914674007043653680e-17 9.107332390989242413e+03
1.923346029056535481e-16 7.902331285951534110e-17 9.108104643802456849e+03
2.154142221798253821e-16 7.894135543349898314e-17 9.108876969681683477e+03
2.697298335323287991e-16 7.805900854080725089e-17 9.109649368742779188e+03
-1.427346451856318944e-16 7.769228177351962128e-17 9.110421841101593600e+03
-1.358923007692824675e-16 7.641363195871669756e-17 9.111194386873979965e+03
9.540948185157132498e-17 7.427817427089791333e-17 9.111967006175791539e+03
8.637140052926845591e-17 7.214879437011724097e-17 9.112739699122881575e+03
4.121163852325365121e-16 7.002046950235242623e-17 9.113512465831103327e+03
3.303824982602025256e-16 6.831400174890893044e-17 9.114285306416306412e+03
2.073519680456869977e-17 6.724898543922056326e-17 9.115058220994347721e+03
1.050710707343874999e-16 6.701159143639636897e-17 9.115831209681076871e+03
2.918264242721378173e-16 6.719415536932467532e-17 9.116604272592347115e+03
1.002749959953371128e-16 6.735745642556511227e-17 9.117377409844015347e+03
1.764159881992577674e-16 6.766985522569261155e-17 9.118150621551929362e+03
3.613086635630046560e-16 6.780807243206154940e-17 9.118923907831942415e+03
2.264001743875010383e-16 6.796381915917623672e-17 9.119697268799911399e+03
1.842373863132646619e-16 6.833833857646565871e-17 9.120470704571689566e+03
2.540107581730965253e-16 6.851109923918613424e-17 9.121244215263119258e+03
-9.626664241948568572e-17 6.831553681095410502e-17 9.122017800990066462e+03
2.622696479902343893e-16 6.833824038532703574e-17 9.122791461868378974e+03
2.094194239040525926e-16 6.838261650053751364e-17 9.123565198013904592e+03
1.153415762153705878e-16 6.841271503526681869e-17 9.124339009542502026e+03
1.992478287825261450e-16 6.834782905421953682e-17 9.125112896570026351e+03
2.819272407087477236e-16 6.832845137722247089e-17 9.125886859212323543e+03
7.158479587441699571e-17 6.832758410276467753e-17 9.126660897585250495e+03
3.661670508154069431e-16 6.837128030880784095e-17 9.127435011804660462e+03
7.594687086708903945e-17 6.840357436199096584e-17 9.128209201986404878e+03
2.374038009389660764e-16 6.830237888056543948e-17 9.128983468246333359e+03
2.046258176314435023e-16 6.819608392772379852e-17 9.129757810700310074e+03
1.074782004621732930e-16 6.815944666870611441e-17 9.130532229464171905e+03
1.108794653621694306e-16 6.799193927586532156e-17 9.131306724653779384e+03
3.521138970446391067e-17 6.779350429763223081e-17 9.132081296384991219e+03
3.527031557323003830e-16 6.750594577461262464e-17 9.132855944773653391e+03
2.884135463170857561e-16 6.731764353405096168e-17 9.133630669935619153e+03
1.608166935229858950e-16 6.713476629852993204e-17 9.134405471986741759e+03
9.201250701285966286e-17 6.707602746848716162e-17 9.135180351042876282e+03
1.914339184563605757e-16 6.676567852902496094e-17 9.135955307219872338e+03
-1.523858161455548764e-17 6.687940269234688038e-17 9.136730340633585001e+03
3.780022925226236536e-16 6.696835847564823491e-17 9.137505451399865706e+03
9.460968724896199479e-17 6.717387135851776017e-17 9.138280639634571344e+03
1.853626883250237957e-16 6.726897629646842448e-17 9.139055905453547894e+03
6.298960467824428137e-17 7.157485158848953930e-17 9.139831248972652247e+03
5.822159336177235714e-17 8.460850612884081932e-17 9.140606670307737659e+03
3.759003986798079273e-16 6.863326335398541316e-17 9.141382169574651925e+03
3.214802328371504312e-16 6.952849508721884558e-17 9.142157746889257396e+03
1.895393693850506397e-16 6.887115122617568595e-17 9.142933402367401868e+03
1.608635676258267789e-16 6.921018633427039702e-17 9.143709136124933138e+03
2.172986163241434869e-16 6.963160634235325632e-17 9.144484948277709918e+03
1.270002857892563373e-16 7.012046276035504578e-17 9.145260838941585462e+03
1.930586324540954691e-16 7.083149790277112656e-17 9.146036808232411204e+03
2.752575804135770453e-16 7.375738220506860284e-17 9.146812856266038580e+03
3.246534761395041792e-16 7.225538232639162890e-17 9.147588983158324481e+03
4.613019153997458191e-17 7.353984027315023706e-17 9.148365189025116706e+03
2.773951429379097719e-16 7.488172156915611901e-17 9.149141473982270327e+03
2.541419314194428568e-16 7.586657103561675859e-17 9.149917838145636779e+03
4.064384559754999209e-17 7.659198129782294591e-17 9.150694281631069316e+03
1.227963898039621759e-16 7.698602643276163815e-17 9.151470804554426650e+03
1.922340388559509786e-16 7.710582920099448756e-17 9.152247407031554758e+03
3.387467060260334981e-16 7.687602460157217191e-17 9.153024089178306895e+03
4.745476258984928728e-16 7.662551809949455472e-17 9.153800851110539952e+03
6.576999556916087043e-17 7.647782352385673612e-17 9.154577692944101727e+03
9.895809295242608754e-18 7.641840972013873309e-17 9.155354614794850932e+03
4.012483392429393255e-16 7.669707749480694348e-17 9.156131616778635362e+03
-6.421231116188810981e-18 7.742834930979303795e-17 9.156908699011308272e+03
1.928719979938739147e-16 7.862893288149721625e-17 9.157685861608724736e+03
4.115982724248744470e-16 8.014084188112535988e-17 9.158463104686738006e+03
3.285281273580908530e-16 8.164144065939177738e-17 9.159240428361197701e+03
1.142497335629111408e-16 8.277890748299812276e-17 9.160017832747958892e+03
7.760330711971081822e-17 8.382551968138005797e-17 9.160795317962874833e+03
6.850042837356871600e-17 8.412108052123909322e-17 9.161572884121796960e+03
3.734502584317072828e-16 8.357336825313209348e-17 9.162350531340580346e+03
1.593000972683143400e-16 8.304387227923697477e-17 9.163128259735072788e+03
-4.140981186839554013e-17 8.256008691315907664e-17 9.163906069421134816e+03
4.461908389057118143e-18 8.217099751593524167e-17 9.164683960514614228e+03
-2.369055260763106321e-16 8.185273779239141923e-17 9.165461933131362457e+03
3.866103322796241865e-16 8.168684360312756277e-17 9.166239987387238216e+03
4.275122360321946763e-16 8.171699251959108820e-17 9.167018123398087482e+03
4.274774953850800880e-16 8.166221215220802784e-17 9.167796341279768967e+03
2.860218792572076526e-16 8.156999705631707853e-17 9.168574641148134106e+03
1.349026533811747629e-16 8.120019708451724798e-17 9.169353023119028876e+03
1.610482069481673186e-16 8.058208628776110896e-17 9.170131487308313808e+03
1.899679601355929928e-16 7.951332584140955766e-17 9.170910033831842156e+03
2.699434171339636456e-18 7.775398377779642992e-17 9.171688662805463537e+03
3.315112717389626671e-16 7.591197461747888118e-17 9.172467374345033022e+03
2.944432349585130333e-16 7.417191025851096997e-17 9.173246168566398410e+03
1.585913048628604179e-16 7.258530773754572181e-17 9.174025045585422049e+03
2.810590122741768866e-16 7.143161159722056873e-17 9.174804005517948099e+03
2.570495429145639967e-16 7.081815109828732835e-17 9.175583048479829813e+03
-4.992669796031879781e-18 7.059758377043960257e-17 9.176362174586927722e+03
1.037800282708862309e-16 7.056833145459644801e-17 9.177141383955084166e+03
3.570811122440710133e-16 7.065981647726384482e-17 9.177920676700159675e+03
6.376174330284204140e-17 7.077932580610984108e-17 9.178700052938005683e+03
2.183300113673252489e-16 7.106298530131257917e-17 9.179479512784469989e+03
2.462329825879944906e-16 7.146173398848833274e-17 9.180259056355411303e+03
2.680963035105821282e-16 7.194515311161659324e-17 9.181038683766684699e+03
2.137432529737714490e-16 7.243276719728555607e-17 9.181818395134134335e+03
3.060850446164177305e-16 7.276338556895387799e-17 9.182598190573620741e+03
2.026081074079185328e-16 7.320380814590399155e-17 9.183378070200993534e+03
4.311686080847658183e-17 7.368121009589798711e-17 9.184158034132102330e+03
2.547257649551621055e-16 7.398679119616063137e-17 9.184938082482805839e+03
3.213180647376155605e-16 7.424399571994786047e-17 9.185718215368957317e+03
1.929349498015532952e-17 7.453603836481349106e-17 9.186498432906402741e+03
1.881425858419909479e-16 7.458303822513345876e-17 9.187278735211000821e+03
1.863769556534215631e-16 7.515398959572616061e-17 9.188059122398601176e+03
1.456826894152207306e-16 7.487893172390818000e-17 9.188839594585058876e+03
2.353656553007945465e-16 7.374214431553091910e-17 9.189620151886227177e+03
1.939644711740021105e-16 7.371340961244276530e-17 9.190400794417953875e+03
1.628066088420552074e-16 7.294141258129805746e-17 9.191181522296103140e+03
2.438424854621979238e-16 7.243562266300703636e-17 9.191962335636515490e+03
-5.309593059297348159e-17 7.202334549339255921e-17 9.192743234555049639e+03
7.663944236040597292e-17 7.198882856063376828e-17 9.193524219167557021e+03
7.961561964669029002e-17 7.144310690858963915e-17 9.194305289589889071e+03
3.846496712905388801e-16 7.121120910616731573e-17 9.195086445937902681e+03
1.874076696266222952e-16 7.118929392649357160e-17 9.195867688327449287e+03
8.724088430144293817e-17 7.143704660617186726e-17 9.196649016874380322e+03
-8.427241544247376002e-18 7.184326671186324764e-17 9.197430431694547224e+03
4.515354582999755523e-17 7.228350277993519176e-17 9.198211932903806883e+03
2.161670747359053229e-16 7.290719005830633508e-17 9.198993520618010734e+03
4.771961142855796120e-16 7.358458383799769784e-17 9.199775194953010214e+03
1.280610465248588986e-16 7.426231517845528817e-17 9.200556956024660394e+03
1.347786853799090598e-16 7.484460777531789958e-17 9.201338803948810892e+03
2.174093253540375842e-16 7.540426795078398697e-17 9.202120738841316779e+03
2.723128510808323394e-16 7.589937691080375825e-17 9.202902760818029492e+03
2.727440126931855649e-16 7.620505516906467582e-17 9.203684869994805922e+03
1.387860344647237399e-16 7.644880543640487412e-17 9.204467066487493867e+03
2.789676726079528046e-16 7.647152240848403453e-17 9.205249350411948399e+03
-3.900531220329736266e-17 7.649739362080134602e-17 9.206031721884024591e+03
8.521825173640133126e-17 7.632655826021022002e-17 9.206814181019572061e+03
7.735765286285944284e-17 7.618568095777583311e-17 9.207596727934444061e+03
3.293211324299439629e-16 7.605170232921844246e-17 9.208379362744486571e+03
4.545320294530021143e-16 7.584168876394374011e-17 9.209162085565571033e+03
4.941612748302083342e-16 7.579944615501431370e-17 9.209944896513534331e+03
-1.206485854700667878e-16 7.712023685096185820e-17 9.210727795704235177e+03
2.615225073185061796e-16 7.601594637463486177e-17 9.211510783253525005e+03
2.147032890475295573e-16 7.507685800944826142e-17 9.212293859277255251e+03
9.639393972612343611e-17 7.484109769003620887e-17 9.213077023891282806e+03
4.487460817884345929e-17 7.596035704378314156e-17 9.213860277211457287e+03
2.338236953620442577e-16 7.582082118601017207e-17 9.214643619353631948e+03
1.772867817738743725e-16 7.675379727452434589e-17 9.215427050433663680e+03
1.455418284807978491e-16 7.776202293002786122e-17 9.216210570567398463e+03
3.407450331594231013e-16 8.528666921842763655e-17 9.216994179870693188e+03
-3.300373037263709801e-17 7.983570178415679116e-17 9.217777878459397471e+03
2.730858669556635626e-16 8.023628394850893530e-17 9.218561666449370023e+03
1.468612628889394172e-16 8.053301550908430866e-17 9.219345543956462279e+03
1.938474664855248974e-16 8.094164141154113917e-17 9.220129511096518399e+03
2.432467193458922232e-16 8.146769709899877084e-17 9.220913567985406189e+03
1.333654422795492385e-16 8.192034549890310603e-17 9.221697714738966170e+03
2.306818306976432909e-16 8.304606425665270281e-17 9.222481951473055233e+03
-9.965747536778882006e-17 8.438075082939594652e-17 9.223266278303526633e+03
9.673182672674917280e-17 8.586637559159250713e-17 9.224050695346233624e+03
2.839393096876892389e-16 8.744120726826493680e-17 9.224835202717027641e+03
2.317339303919226668e-16 8.899338475512104533e-17 9.225619800531765577e+03
1.785101904499491331e-16 9.010891792238136880e-17 9.226404488906293409e+03
4.853952231919536261e-17 9.075784733317644138e-17 9.227189267956468029e+03
3.793206878478751293e-16 9.106661961137138353e-17 9.227974137798142692e+03
-4.422748717989718259e-17 9.076428959272366130e-17 9.228759098547170652e+03
6.121431507069200723e-17 9.024463661067901812e-17 9.229544150319405162e+03
2.147771748177350704e-16 8.969313743972144822e-17 9.230329293230692201e+03
6.667923252637076557e-17 8.910390241051754348e-17 9.231114527396890480e+03
2.905691868749129834e-16 8.860585003283483823e-17 9.231899852933856891e+03
1.461420007315838143e-16 8.835837157135287307e-17 9.232685269957437413e+03
-8.148609287954847249e-18 8.824115953788905917e-17 9.233470778583485298e+03
2.470302760509810850e-16 8.802783288458014950e-17 9.234256378927861078e+03
1.207723063944521089e-16 8.782262781016660897e-17 9.235042071106407093e+03
3.117640686071331668e-16 8.722541571497072168e-17 9.235827855234980234e+03
1.396001231075459771e-16 8.618865016949486146e-17 9.236613731429435575e+03
2.375571713045400929e-16 8.471603506176881766e-17 9.237399699805624550e+03
6.192485195809768824e-17 8.303716679700073131e-17 9.238185760479402234e+03
-1.234916515838585909e-16 8.120633104955696401e-17 9.238971913566616422e+03
2.054935661086943399e-16 7.965982183918034495e-17 9.239758159183124008e+03
3.411812359183144379e-16 7.831140429348577307e-17 9.240544497444776425e+03
1.119407110633606086e-16 7.752199406196348717e-17 9.241330928467425110e+03
1.979367505218257067e-16 7.759575753815922923e-17 9.242117452366928774e+03
4.247204655076768018e-16 7.642963626466972680e-17 9.242904069259133394e+03
-1.169774181303417234e-16 7.627521160124887556e-17 9.243690779259890405e+03
4.125944774728160972e-16 7.651113061824999172e-17 9.244477582485063976e+03
1.629224625662675880e-16 8.134612612038088449e-17 9.245264479050494629e+03
2.257770440517839481e-16 7.661787647424697589e-17 9.246051469072041073e+03
2.888395283588546223e-16 7.663233224645622130e-17 9.246838552665556563e+03
1.856802566909389749e-16 7.720006620181243414e-17 9.247625729946892534e+03
9.534366611078275701e-17 7.773028817885308635e-17 9.248413001031904059e+03
1.698020616766349514e-16 7.844848590198868601e-17 9.249200366036438936e+03
3.548891775914552917e-16 7.927773362954185655e-17 9.249987825076354056e+03
1.560099330478491393e-16 8.019083335725825227e-17 9.250775378267502674e+03
1.658678858578791667e-17 8.107723878743409487e-17 9.251563025725734406e+03
3.141549925181781905e-16 8.173795617890972495e-17 9.252350767566906143e+03
3.613950876238615774e-16 8.252659582806533603e-17 9.253138603906867502e+03
2.012944634929597300e-16 8.337009207552784559e-17 9.253926534861473556e+03
3.286081486281165204e-16 8.368187305934884478e-17 9.254714560546577559e+03
1.690586462036162874e-16 8.406129641547626324e-17 9.255502681078025489e+03
1.733430941178338174e-16 8.447314779060914215e-17 9.256290896571677877e+03
3.705562952955710714e-16 8.475407921725444474e-17 9.257079207143386157e+03
3.917209923503092570e-16 8.475180945743160487e-17 9.257867612909005402e+03
5.828728257175688603e-17 8.481973674453512792e-17 9.258656113984383410e+03
1.293455901554648386e-16 8.484422309187047282e-17 9.259444710485373434e+03
1.694031585348619523e-16 8.482392928458257328e-17 9.260233402527832368e+03
2.558094049129699168e-18 8.471418547110105026e-17 9.261022190227608007e+03
2.089480362431546908e-16 8.467817464711243994e-17 9.261811073700559064e+03
1.033440078176195837e-16 8.482831921843922261e-17 9.262600053062535153e+03
4.178769195694276489e-16 8.492035599400269718e-17 9.263389128429385892e+03
1.883941477669053268e-16 8.483376724008007122e-17 9.264178299916968172e+03
2.828404813083832889e-16 8.465539863715142034e-17 9.264967567641135247e+03
-1.597934599912043216e-16 8.441462690147902119e-17 9.265756931717740372e+03
-9.487020124500431544e-18 8.433052944075840722e-17 9.266546392262631343e+03
7.190382560696307389e-17 8.396873079574504152e-17 9.267335949391668692e+03
2.154004902114449410e-16 8.348186297306190138e-17 9.268125603220698395e+03
1.193265831459106883e-16 8.331649940686824771e-17 9.268915353865580983e+03
3.819266354292801976e-16 8.258056121509505000e-17 9.269705201442156977e+03
2.434650713386545946e-16 8.228554740631199708e-17 9.270495146066292364e+03
7.436925335768286856e-17 8.184781047537395514e-17 9.271285187853833122e+03
8.291241566281606570e-17 8.156828602148635990e-17 9.272075326920632506e+03
1.421445105429777730e-16 8.121207983758219240e-17 9.272865563382543769e+03
1.386222760322616517e-16 8.090799320359858397e-17 9.273655897355423804e+03
3.554121794797553963e-16 8.035796784924410241e-17 9.274446328955120407e+03
4.104877596611518480e-17 9.206020092581990293e-17 9.275236858297485014e+03
-4.972599940179517249e-17 1.088013763557887487e-16 9.276027485498374517e+03
4.445466847649541610e-16 1.034485811171128738e-16 9.276818210673642170e+03
2.258125058636468002e-16 9.188311694155356370e-17 9.277609033939141227e+03
2.312897683226418026e-16 7.740397194186874152e-17 9.278399955410717666e+03
3.089451722912847619e-16 7.612076412319286546e-17 9.279190975204233837e+03
7.993428495308693923e-17 7.526872794868626765e-17 9.279982093435533898e+03
3.338033302166643578e-16 7.465787287776997185e-17 9.280773310220476560e+03
7.699786968782081526e-17 7.418502474133169509e-17 9.281564625674915078e+03
1.506115705227033371e-16 7.394530557095392476e-17 9.282356039914702706e+03
2.353868498755065967e-16 7.356490364440241199e-17 9.283147553055687240e+03
1.747004263484471352e-16 7.340175696061713126e-17 9.283939165213721935e+03
1.415666687755697643e-17 7.356938441639465534e-17 9.284730876504661865e+03
9.778170354555516891e-17 7.381266034848699591e-17 9.285522687044362101e+03
2.767496715146469781e-16 7.420780437163583145e-17 9.286314596948675899e+03
3.598819848472110828e-16 7.511235174371483192e-17 9.287106606333451055e+03
1.550120726237773296e-16 7.599361111828721662e-17 9.287898715314544461e+03
2.912273018791879085e-16 7.693957847439215343e-17 9.288690924007805734e+03
1.457814661248113800e-16 7.767160171589048568e-17 9.289483232529091765e+03
-1.987878151049288500e-16 7.837333617467004050e-17 9.290275640994252171e+03
-5.324360696220238029e-17 7.877943310562494626e-17 9.291068149519138387e+03
2.287138169516924973e-17 7.901153786491871775e-17 9.291860758219610943e+03
2.693316997178270376e-16 7.910999370426437773e-17 9.292653467211512179e+03
-1.836973988986395700e-16 7.925585340210095127e-17 9.293446276610706263e+03
3.317796494011714499e-16 7.965871048909142644e-17 9.294239186533033717e+03
-1.053285306830210115e-16 8.018510073218198587e-17 9.295032197094355070e+03
2.251410402950524242e-16 8.098679166730671281e-17 9.295825308410523576e+03
1.292740579623762625e-16 8.144055143679440815e-17 9.296618520597392489e+03
-1.169878620092478994e-16 8.193239378929485779e-17 9.297411833770809608e+03
2.350856793816234525e-16 8.211137398723567214e-17 9.298205248046635461e+03
1.109998882375543531e-16 8.211187285809423760e-17 9.298998763540714208e+03
2.412828418840957552e-17 8.172349649024043844e-17 9.299792380368904560e+03
1.548946653420674303e-16 8.116867724182945413e-17 9.300586098647057952e+03
3.418746291897909668e-16 8.033194648693434615e-17 9.301379918491024000e+03
1.418281261464055004e-16 7.933800060482245510e-17 9.302173840016659597e+03
2.160243195746461200e-16 7.821094555199499833e-17 9.302967863339817995e+03
1.670116200918282957e-16 7.746266256685874178e-17 9.303761988576350632e+03
9.133197540885601811e-17 7.651164010844421349e-17 9.304556215842108941e+03
2.484209525915936317e-16 7.599390338623471841e-17 9.305350545252946176e+03
1.126170838605861715e-16 7.631433774672402287e-17 9.306144976924721050e+03
-6.278050183772890072e-17 7.836773637699183212e-17 9.306939510973279539e+03
2.439055051925002777e-16 8.381607231367303014e-17 9.307734147514474898e+03
1.378130633460216735e-16 9.196130553525683509e-17 9.308528886664162201e+03
1.744268554843625242e-16 1.029639625235306136e-16 9.309323728538194700e+03
4.976148923954331548e-16 1.136185704244860742e-16 9.310118673252423832e+03
4.772162741823800583e-16 1.231811478982623468e-16 9.310913720922704670e+03
1.751626869294661418e-16 1.311503454086115174e-16 9.311708871664886829e+03
2.956572281687729546e-17 1.373168322946415196e-16 9.312504125594825382e+03
3.543625231539789461e-17 1.417740795004021015e-16 9.313299482828369946e+03
-3.069660697751743995e-16 1.464554882602872701e-16 9.314094943481381051e+03
2.545293786969198162e-17 1.534695140449535106e-16 9.314890507669704675e+03
-5.068530142927475362e-16 1.636308688665912750e-16 9.315686175509192253e+03
-6.237965378283367590e-16 1.733640340779091989e-16 9.316481947115702496e+03
-5.542498908084802738e-17 1.816659057223948621e-16 9.317277822605090478e+03
-1.839159504232938040e-17 1.876101286587412741e-16 9.318073802093196718e+03
2.717519873552290506e-17 1.919807564774005229e-16 9.318869885695887206e+03
-1.146179134524184028e-16 1.930698397400751672e-16 9.319666073529002460e+03
-1.063494779595793567e-16 1.922364828270787028e-16 9.320462365708408470e+03
3.302200207934638258e-17 1.909648312889541178e-16 9.321258762349953031e+03
-6.196612648741775379e-16 1.883928904715428020e-16 9.322055263569485760e+03
8.952299295058646702e-17 1.850293472085213586e-16 9.322851869482859911e+03
2.852910768220632677e-17 1.788744473482047947e-16 9.323648580205932376e+03
-4.505031497370585087e-16 1.737187157918991787e-16 9.324445395854552771e+03
8.689509947078405740e-17 1.696305340010591836e-16 9.325242316544576170e+03
-7.871992112278760963e-16 1.688077953720044716e-16 9.326039342391850369e+03
-8.583825064246461125e-16 1.732158810979641043e-16 9.326836473512234079e+03
-7.511343881658916291e-16 1.769193793703352059e-16 9.327633710021582374e+03
-4.544580077018617716e-16 1.828892438071564612e-16 9.328431052035739413e+03
-6.587344577951012716e-16 1.791074299306985544e-16 9.329228499670565725e+03
-9.102959289343812127e-16 1.748189297309290798e-16 9.330026053041907289e+03
-8.957490203417132349e-16 1.664826703217927892e-16 9.330823712265624636e+03
1.612181246104577199e-17 1.581227641888789820e-16 9.331621477457563742e+03
5.270855682734391292e-16 1.504916172622117696e-16 9.332419348733583320e+03
3.215707394322081259e-16 1.443939777785476624e-16 9.333217326209531166e+03
-8.923583908165245197e-17 1.419060501006937743e-16 9.334015410001262353e+03
-3.760355119142655635e-16 1.409182793071944167e-16 9.334813600224631955e+03
2.395037876255496094e-17 1.404472093275854453e-16 9.335611896995487768e+03
-1.536036638577063370e-16 1.409758370174085088e-16 9.336410300429688505e+03
7.495883822360199389e-17 1.391722665938646042e-16 9.337208810643081961e+03
6.407837540471301259e-16 1.379443859347056360e-16 9.338007427751523210e+03
-2.442749084728226542e-16 1.360844387052695889e-16 9.338806151870865506e+03
-3.963071545873240271e-16 1.327044392405587314e-16 9.339604983116962103e+03
-5.318734385674948353e-16 1.265756062264009106e-16 9.340403921605666255e+03
-5.624053680610817046e-16 1.179743405831553214e-16 9.341202967452827579e+03
-5.391670580493540373e-16 1.093016052135895166e-16 9.342002120774304785e+03
-1.969169841951995473e-16 1.006963022083448626e-16 9.342801381685942033e+03
-1.365011862261302846e-16 9.325551743391080294e-17 9.343600750303601671e+03
3.110563227803728915e-16 8.823601629786123385e-17 9.344400226743127860e+03
3.858325158152698885e-16 8.671289916077231380e-17 9.345199811120377490e+03
1.347684603546657986e-16 8.670707305733716155e-17 9.345999503551207454e+03
5.302226647713248197e-17 8.613591055141127280e-17 9.346799304151467368e+03
2.158521340597082038e-16 8.567326329493849825e-17 9.347599213037006848e+03
2.303122076252483198e-16 8.503272360908858769e-17 9.348399230323684606e+03
2.785505229091418356e-16 8.511753286012962546e-17 9.349199356127346618e+03
1.518546478471718111e-16 8.536277830427932819e-17 9.349999590563853417e+03
2.109275293194375524e-16 8.550591199856027412e-17 9.350799933749050979e+03
-1.008922931482850956e-16 8.620154261684476465e-17 9.351600385798796196e+03
-9.346292005267280812e-17 9.080633196932100233e-17 9.352400946828940505e+03
2.483342091330702794e-16 9.083137728677677656e-17 9.353201616955337158e+03
-3.235036675060364734e-16 8.999634636240715717e-17 9.354002396293837592e+03
5.152580584020717088e-17 9.033253731979099244e-17 9.354803284960300516e+03
1.904320932638848669e-16 8.902983560890294230e-17 9.355604283070570091e+03
6.773601696321397090e-17 8.613387636042315806e-17 9.356405390740506846e+03
4.314547065276507683e-16 8.297734065749852272e-17 9.357206608085962216e+03
2.191911343261684607e-16 7.932697140061166819e-17 9.358007935222783999e+03
2.224089683067520118e-16 7.586497893774621336e-17 9.358809372266830906e+03
-2.418253825943244758e-17 7.367163297113740010e-17 9.359610919333950733e+03
-6.385862215135409050e-17 7.318952694138215063e-17 9.360412576540000373e+03
-8.317714602537944880e-17 7.312835631854134304e-17 9.361214344000829442e+03
3.454052826347992570e-16 7.329545666984367571e-17 9.362016221832294832e+03
-2.341088528088627473e-17 7.359672492768342063e-17 9.362818210150246159e+03
1.192021733914925695e-16 7.438923720731962600e-17 9.363620309070534859e+03
3.196693426448676451e-16 7.702927245994012634e-17 9.364422518709023279e+03
1.359530319913581648e-17 7.553676949452255234e-17 9.365224839181551943e+03
1.241957715247460279e-16 7.628349754845992550e-17 9.366027270603983197e+03
1.105364869206316926e-16 7.719465430019057321e-17 9.366829813092161203e+03
-8.923882720292968613e-17 7.721546608455410378e-17 9.367632466761948308e+03
2.278131259338922209e-16 7.721471198438176793e-17 9.368435231729186853e+03
-2.584324204300526612e-17 7.710399735543596917e-17 9.369238108109737368e+03
2.766526027311148905e-16 7.650159182888466564e-17 9.370041096019453107e+03
1.159122395453548183e-16 7.597947885211859809e-17 9.370844195574183686e+03
-3.690286852442247599e-17 7.569292301182035796e-17 9.371647406889784179e+03
9.233228283819334432e-17 7.574101870649557891e-17 9.372450730082104201e+03
-1.576427356297296000e-16 7.618736082097424301e-17 9.373254165267000644e+03
1.398564519839917260e-16 7.685818641640964020e-17 9.374057712560323125e+03
1.341193941020844572e-16 7.797919276708775214e-17 9.374861372077924898e+03
1.209794316711213389e-16 7.887586852849335878e-17 9.375665143935661035e+03
4.202977697879091528e-17 8.238750251342757094e-17 9.376469028249382973e+03
2.954214004876481446e-16 8.056107390465906522e-17 9.377273025134945783e+03
2.089067653138515575e-16 8.191156104493639529e-17 9.378077134708197264e+03
9.549106837693119016e-17 8.540503858349012173e-17 9.378881357084994306e+03
2.164501523852619010e-16 9.244572335700291676e-17 9.379685692381190165e+03
3.191375914477761901e-16 1.055136570059503630e-16 9.380490140712634457e+03
-1.932165282709939660e-17 1.279139902210258719e-16 9.381294702195184072e+03
-2.687178982094190031e-16 1.562204408342879505e-16 9.382099376944690448e+03
-2.472865789077563503e-16 1.797893472939631915e-16 9.382904165077005018e+03
-9.913766156986928877e-16 1.992525934825268590e-16 9.383709066707981037e+03
-4.418292887877977306e-16 2.146588531099091212e-16 9.384514081953471759e+03
-1.433691853914766609e-16 2.250684520658923677e-16 9.385319210929328619e+03
-2.899835945806244582e-16 2.289278086303850255e-16 9.386124453751408510e+03
-7.493228405890744828e-16 2.301822476421744926e-16 9.386929810535562865e+03
-5.585335256860994289e-16 2.322994095494573838e-16 9.387735281397641302e+03
-5.852553953523383229e-16 2.317549410652558430e-16 9.388540866453500712e+03
1.420325764177204981e-16 2.327777515532370162e-16 9.389346565818992531e+03
-1.989305073102829138e-16 2.336764678124503784e-16 9.390152379609968193e+03
-1.034073419952371176e-15 2.344058622638937361e-16 9.390958307942279134e+03
-3.277837034269075182e-16 2.355514634959144444e-16 9.391764350931785884e+03
-7.332094204469175519e-16 2.367438712524478062e-16 9.392570508694334421e+03
-1.112389627144520723e-15 2.377388680292934725e-16 9.393376781345777999e+03
-1.348713792326396255e-15 2.391244071993685343e-16 9.394183169001971692e+03
-1.818364657603090096e-15 2.351641712380424440e-16 9.394989671778770571e+03
-2.432111452732775229e-15 2.234656557975703278e-16 9.395796289792018797e+03
-2.893332756082037035e-15 2.035262600427241483e-16 9.396603023157582356e+03
-1.281303520564683095e-15 1.808944226065230281e-16 9.397409871991301770e+03
2.643021683098916025e-17 1.567583888968481106e-16 9.398216836409037569e+03
1.136132327106895582e-15 1.329691049205568826e-16 9.399023916526639368e+03
1.350182739719865909e-15 1.121120286218469486e-16 9.399831112459958604e+03
2.634770907172472496e-16 1.038063024912061901e-16 9.400638424324853986e+03
3.893716965618555446e-16 1.030675507122899255e-16 9.401445852237173312e+03
3.576341940249377614e-17 1.027076838759576371e-16 9.402253396312771656e+03
4.875129554485168078e-17 1.025300655862661773e-16 9.403061056667502271e+03
1.412959086164171248e-16 1.012276343495032534e-16 9.403868833417212954e+03
6.254328490090957123e-16 1.001275539748739185e-16 9.404676726677766055e+03
5.421767689958131443e-17 1.006534840423497018e-16 9.405484736565003914e+03
5.158379257307197564e-17 9.769337969777422179e-17 9.406292863194787060e+03
7.526922746727541932e-18 9.610586100977903877e-17 9.407101106682966929e+03
-9.555058597413154506e-17 9.509521628381625383e-17 9.407909467145393137e+03
2.903411481763086998e-17 9.573064848666372078e-17 9.408717944697920757e+03
1.684216973745069949e-16 9.902051263323150582e-17 9.409526539456401224e+03
8.001252053121253134e-17 1.033256719042047006e-16 9.410335251536693249e+03
1.746549909509409097e-16 1.076177969118594160e-16 9.411144081054640992e+03
4.769966079196197475e-16 1.120678390793421649e-16 9.411953028126106801e+03
1.399109252729610052e-16 1.158393252352419193e-16 9.412762092866934836e+03
6.881436191424976842e-17 1.180039532597869660e-16 9.413571275392983807e+03
4.181149301073729956e-16 1.190392695920231204e-16 9.414380575820101512e+03
1.390603918577239908e-17 1.196810420101124611e-16 9.415189994264146662e+03
-5.371735656884445292e-17 1.204994766982130479e-16 9.415999530840967054e+03
1.690503701956441735e-16 1.209688948328468805e-16 9.416809185666417761e+03
-9.757976147528620668e-17 1.217841404366475498e-16 9.417618958856355675e+03
-2.239950773569411990e-16 1.222025901077976167e-16 9.418428850526623137e+03
5.410029199426586690e-16 1.222525645043822567e-16 9.419238860793082495e+03
-5.386913740444999514e-17 1.223266374133100259e-16 9.420048989771585184e+03
-1.733763973168868598e-17 1.219955232683975851e-16 9.420859237577984459e+03
2.889446005855924805e-16 1.215465186915547585e-16 9.421669604328126297e+03
-2.936287500592309100e-16 1.205132516667059531e-16 9.422480090137873049e+03
-2.458354425921398898e-16 1.183211898624044902e-16 9.423290695123068872e+03
-1.929187671211372116e-16 1.141313897790895506e-16 9.424101419399574297e+03
-3.544375621700648841e-16 1.085846867244705856e-16 9.424912263083238940e+03
-1.088097787590786451e-16 1.028441997834458055e-16 9.425723226289914237e+03
2.521116994665641780e-17 9.824935658848116993e-17 9.426534309135455260e+03
1.433177292709208420e-16 9.816332649153410421e-17 9.427345511735711625e+03
-5.431627377002426006e-17 9.980841670184349332e-17 9.428156834206543863e+03
4.192447303479374274e-16 1.084081304691842919e-16 9.428968276663796132e+03
3.194687481137529350e-16 1.169947730609948163e-16 9.429779839223325325e+03
1.663356462357818442e-16 1.243186823487825699e-16 9.430591522000984696e+03
5.469835896593604171e-17 1.303918712055067343e-16 9.431403325112627499e+03
-1.405433602473239653e-16 1.347332504030056456e-16 9.432215248674101531e+03
-5.588871429710579531e-17 1.365806591665439715e-16 9.433027292801267322e+03
-1.123490674068491464e-16 1.368778678650994770e-16 9.433839457609970850e+03
-3.049295996965820007e-19 1.379694813137139004e-16 9.434651743216072646e+03
-3.001755614832941141e-16 1.385318025961701569e-16 9.435464149735420506e+03
-6.986311916418139312e-17 1.392236183466358568e-16 9.436276677283865865e+03
-2.100070951681995073e-16 1.403915874569890943e-16 9.437089325977265617e+03
-8.898237327030984027e-17 1.405677183424662482e-16 9.437902095931467557e+03
2.796963659087484878e-16 1.409344883554331581e-16 9.438714987262334034e+03
-1.574561819491973746e-17 1.416680383002822068e-16 9.439528000085707390e+03
6.658971063214126556e-17 1.417276597551130856e-16 9.440341134517442697e+03
1.560624604717287796e-16 1.416011223524389267e-16 9.441154390673398666e+03
-3.541684170028123121e-16 1.402187133604441147e-16 9.441967768669426732e+03
-4.422103416827883002e-16 1.408197408684290015e-16 9.442781268621371055e+03
-1.596392203252415177e-16 1.287038228698969060e-16 9.443594890645097621e+03
9.137397719013889873e-18 1.182153880086665030e-16 9.444408634856446952e+03
2.447917485324502179e-16 1.094883475223408682e-16 9.445222501371281396e+03
2.061461326639643331e-16 1.010682312759565007e-16 9.446036490305448751e+03
1.319645507011161264e-16 9.526684223924538728e-17 9.446850601774804090e+03
4.034615623444279444e-17 9.383395647200614499e-17 9.447664835895202486e+03
4.115264826621821558e-16 9.856585226693226541e-17 9.448479192782488099e+03
-3.291165525643604899e-17 1.124692772249675781e-16 9.449293672552523276e+03
1.430934107773304718e-16 1.337176250727361705e-16 9.450108275321159454e+03
2.513528422400505737e-16 1.545025477714150697e-16 9.450923001204242610e+03
7.684309730051253547e-16 1.719146589264610515e-16 9.451737850317633274e+03
5.063556738668933085e-16 1.867604222187174688e-16 9.452552822777182882e+03
9.648789420264357596e-16 1.974727853743344908e-16 9.453367918698739231e+03
-3.429672209896977794e-16 2.035669655517335096e-16 9.454183138198161032e+03
1.917211350406299655e-16 2.055232960453996382e-16 9.454998481391297901e+03
-3.895159084725546257e-16 2.075517774611796033e-16 9.455813948394003091e+03
-2.715411634124239442e-16 2.098320428426140026e-16 9.456629539322133496e+03
-4.720365638033460305e-16 2.122083334855390459e-16 9.457445254291536912e+03
-3.038045783149593235e-16 2.148643125744551498e-16 9.458261093418070232e+03
8.747045672023868999e-17 2.166096908353975012e-16 9.459077056817579432e+03
-2.981939743763711331e-16 2.186914487074264788e-16 9.459893144605928683e+03
-4.549648701774644291e-16 2.203047050377645378e-16 9.460709356898960323e+03
1.620769565932092147e-16 2.207369656244174435e-16 9.461525693812533063e+03
-4.398812384252293520e-16 2.205297921488712259e-16 9.462342155462496521e+03
-4.264136822127456576e-16 2.182849097562233410e-16 9.463158741964703950e+03
-1.518634764692303342e-15 2.092881406620961193e-16 9.463975453435010422e+03
-1.988474933329535801e-15 1.936375825906397170e-16 9.464792289989269193e+03
-1.266309334141059830e-15 1.738673226752412268e-16 9.465609251743331697e+03
9.484470429441411875e-17 1.539473807112843438e-16 9.466426338813053007e+03
6.403510319274177894e-16 1.331734259456754359e-16 9.467243551314280921e+03
1.702623745615546117e-17 1.157491260241560174e-16 9.468060889362874150e+03
9.226543801247466321e-17 1.090242844598977157e-16 9.468878353074680490e+03
5.651564484952416557e-17 1.141081059793035540e-16 9.469695942565555015e+03
-3.562011889668789971e-16 1.254762186905853486e-16 9.470513657951352798e+03
-1.640752311213566968e-16 1.364333691885166248e-16 9.471331499347921635e+03
-1.804848763014135271e-16 1.462208689990945443e-16 9.472149466871118420e+03
7.112195413506268634e-18 1.543877753979972245e-16 9.472967560636796406e+03
7.400574649844940782e-17 1.604988270923234969e-16 9.473785780760805210e+03
-5.647841832540148633e-16 1.632496312379799612e-16 9.474604127359005361e+03
-1.618049251449786933e-16 1.634197956111080986e-16 9.475422600547239199e+03
-6.795406756055798919e-16 1.638798807842796295e-16 9.476241200441365436e+03
-2.244216715806045559e-16 1.642369911023267737e-16 9.477059927157235506e+03
-5.277270080520717269e-16 1.648489772755189978e-16 9.477878780810706303e+03
-4.703224555897633287e-16 1.657490319331982459e-16 9.478697761517621984e+03
-5.179519601144631329e-16 1.666205643466422310e-16 9.479516869393844900e+03
-4.705552290907435075e-16 1.676691961403844174e-16 9.480336104555222846e+03
-5.190704940742019937e-16 1.680123721329054606e-16 9.481155467117609078e+03
-1.291843038825631200e-16 1.683722480014112841e-16 9.481974957196856849e+03
-4.965515607528553881e-16 1.682716339139384332e-16 9.482794574908821232e+03
-1.186003190257579811e-15 1.664671806603289246e-16 9.483614320369351844e+03
-7.565463099346944564e-16 1.610025100061913943e-16 9.484434193694301939e+03
-1.429486098196439337e-15 1.510167397405489305e-16 9.485254194999526590e+03
-1.114968087515455955e-15 1.398313404135267799e-16 9.486074324400879050e+03
-2.533825928274271357e-16 1.301420274218574951e-16 9.486894582014210755e+03
2.285947815461934659e-16 1.195276376789653218e-16 9.487714967955371321e+03
-3.115038458835732032e-17 1.147683561823713632e-16 9.488535482340223098e+03
-3.172284848878077644e-16 1.237776293203456404e-16 9.489356125284606605e+03
-3.012298851465613207e-16 1.478505547032200258e-16 9.490176896904380555e+03
-1.301412125805333102e-15 1.719552877508897149e-16 9.490997797315403659e+03
-1.166245418551265827e-15 1.924141785055889679e-16 9.491818826633518256e+03
-1.470447715337944342e-15 2.099065139809696522e-16 9.492639984974586696e+03
-1.435672737392097058e-15 2.241021739494870333e-16 9.493461272454453137e+03
-1.214215069939461963e-15 2.328002407511857095e-16 9.494282689188979930e+03
-2.273295056685854706e-15 2.332175427490851677e-16 9.495104235294013051e+03
-1.134394464730388705e-15 2.345978410907781885e-16 9.495925910885405756e+03
-7.782004673774074836e-16 2.355155375437880851e-16 9.496747716079014936e+03
-6.232989624745343676e-16 2.363927399305707554e-16 9.497569650990688388e+03
-1.060647881246843349e-15 2.369885599185994590e-16 9.498391715736283004e+03
-3.582862131428766645e-16 2.377936527071980122e-16 9.499213910431648401e+03
-5.416950430351458947e-16 2.386712021111318268e-16 9.500036235192641470e+03
-1.901097426589596818e-16 2.393461044966269150e-16 9.500858690135113648e+03
-1.025807152678211683e-15 2.402008575795504412e-16 9.501681275374916368e+03
-1.042930771717709741e-15 2.413896908852612564e-16 9.502503991027902885e+03
-1.694878319147507551e-15 2.429592056537041858e-16 9.503326837209930090e+03
-1.850789234942220657e-15 2.420901995851828364e-16 9.504149814036843964e+03
-2.107693763223580546e-15 2.171942848681113340e-16 9.504972921624499577e+03
-1.417177944059308082e-15 1.987741648064334654e-16 9.505796160088753822e+03
-3.829691830888269686e-16 1.790863017264357904e-16 9.506619529545458136e+03
1.105385624722299268e-15 1.567189514416941141e-16 9.507443030110462132e+03
1.606471656022205121e-15 1.372565139830531500e-16 9.508266661899622704e+03
1.093854230241345799e-16 1.214361791241492380e-16 9.509090425028785830e+03
3.171238370486687767e-16 1.188266826858430626e-16 9.509914319613813859e+03
2.945746884933418031e-16 1.180732302998392990e-16 9.510738345770554588e+03
-1.244225188433825421e-16 1.175643598350923602e-16 9.511562503614859452e+03
1.433673280892915587e-16 1.171990900264960900e-16 9.512386793262587162e+03
3.268212804237138149e-18 1.168840386555383446e-16 9.513211214829585515e+03
3.193093528571314071e-16 1.164773168731118233e-16 9.514035768431709585e+03
2.832248673694345532e-16 1.167856536803475156e-16 9.514860454184808987e+03
3.499283360880889638e-17 1.176097140011085806e-16 9.515685272204742432e+03
1.488380691990372004e-16 1.198403546961939878e-16 9.516510222607357719e+03
2.757241798591066895e-16 1.256684549755942321e-16 9.517335305508509919e+03
1.569759565554959280e-16 1.378935722041940776e-16 9.518160521024048649e+03
6.580870177087000600e-17 1.526965706565913376e-16 9.518985869269836257e+03
4.140129827290035616e-16 1.663867011932655233e-16 9.519811350361715085e+03
6.809278250573920067e-18 1.779865851685198267e-16 9.520636964415542025e+03
9.736790910866324710e-16 1.869560230465929808e-16 9.521462711547170329e+03
7.590826087032019356e-16 1.925577613317372073e-16 9.522288591872453253e+03
