-1.339227718294967092e-12 8.135525247351848169e-13 3.280600927458158367e+03
3.202247395954758967e-12 5.340096963720971998e-13 3.281311148784731358e+03
-8.391088909762776273e-13 2.524003933927063824e-13 3.282021380882632002e+03
3.961856868901982753e-14 1.451665062275315542e-13 3.282731623751854386e+03
2.176430832577526910e-13 1.135626125166638512e-13 3.283441877392390779e+03
-9.740945493195182521e-14 8.907178576581469976e-14 3.284152141804236635e+03
-2.465675753628918109e-13 7.630132859338326937e-14 3.284862416987383767e+03
4.365651901169343887e-14 6.379566322553478535e-14 3.285572702941829448e+03
1.782092306320793616e-13 5.748017179822243668e-14 3.286282999667564127e+03
3.305484996898657041e-14 5.161311596255871881e-14 3.286993307164582802e+03
9.758214946374449271e-15 4.716760078277225499e-14 3.287703625432880472e+03
2.382708491646756564e-13 4.467316728831486986e-14 3.288413954472450314e+03
6.904484290613470055e-15 4.186448101155777038e-14 3.289124294283284598e+03
-3.599339960278638290e-14 3.921899797701559686e-14 3.289834644865379232e+03
1.035473343346787055e-13 3.395666254473164390e-14 3.290545006218727849e+03
-6.671152008004527880e-14 3.204030355825116219e-14 3.291255378343324082e+03
-8.383838764178449722e-14 3.005447437054381807e-14 3.291965761239161111e+03
4.078173162339032049e-14 2.849058311160328506e-14 3.292676154906233478e+03
6.386176840371219232e-14 2.708934597914316672e-14 3.293386559344535272e+03
6.346203482612099089e-14 2.585820907766459971e-14 3.294096974554060580e+03
-2.571146275697562423e-14 2.465717687029850282e-14 3.294807400534802582e+03
1.214249434616118336e-14 2.381616138270335985e-14 3.295517837286755821e+03
7.760596445263502512e-14 2.270541697501850137e-14 3.296228284809913021e+03
-5.984301076697742538e-14 2.156672184406403466e-14 3.296938743104270543e+03
1.285865320098735352e-14 2.073440224415883981e-14 3.297649212169820657e+03
-4.127746954590821464e-14 1.998669088800481260e-14 3.298359692006557452e+03
7.342396895319612795e-14 1.936321929636836211e-14 3.299070182614475016e+03
-5.659263960666553365e-14 1.856589099030389747e-14 3.299780683993567436e+03
1.696524346459648789e-14 1.789238215856268938e-14 3.300491196143829256e+03
2.106256439333622335e-14 1.735409224158484516e-14 3.301201719065253201e+03
3.390712969786397299e-14 1.683547713199249472e-14 3.301912252757833812e+03
6.800143984753087490e-15 1.627601316041801050e-14 3.302622797221566543e+03
1.207175811121896512e-14 1.569665211883074601e-14 3.303333352456443208e+03
-3.218159294163649061e-14 1.513922667513057254e-14 3.304043918462458805e+03
-8.017512612333098643e-15 1.464304059190021888e-14 3.304754495239607422e+03
5.076637453866494500e-15 1.434398290833209195e-14 3.305465082787883603e+03
8.944873451895098607e-14 1.387787256100150109e-14 3.306175681107280980e+03
-2.401007815548858513e-14 1.359097602845955634e-14 3.306886290197792732e+03
1.779764423234790589e-14 1.317821141094584320e-14 3.307596910059413858e+03
1.411484618961627210e-14 1.298389092452275599e-14 3.308307540692137991e+03
2.799844032890035213e-14 1.251321678022190817e-14 3.309018182095959673e+03
-3.573750802401489017e-14 1.218963517439277579e-14 3.309728834270872539e+03
2.912581565078212603e-14 1.190501570757130505e-14 3.310439497216872496e+03
-2.366190059504569681e-14 1.167354819114250810e-14 3.311150170933950449e+03
-3.640606514056181218e-14 1.143719455199524059e-14 3.311860855422102759e+03
5.059463684545159708e-14 1.133484108310743039e-14 3.312571550681323060e+03
1.622364602430061326e-14 1.102680240315427097e-14 3.313282256711605442e+03
-4.251925957037431516e-14 1.082400020928864855e-14 3.313992973512943536e+03
4.104562632710082516e-14 1.069698920609752921e-14 3.314703701085331886e+03
7.408912019015631945e-14 1.045879957184605634e-14 3.315414439428765036e+03
-4.011601134562411026e-14 1.028895618475753152e-14 3.316125188543236618e+03
-2.707705674703306064e-14 1.006207907881230973e-14 3.316835948428740721e+03
2.008786445021684896e-14 9.826376466738221068e-15 3.317546719085271434e+03
2.039894272339144360e-14 9.703581675657927635e-15 3.318257500512823754e+03
-1.904865089402930571e-14 9.513683275935564390e-15 3.318968292711391769e+03
2.306810955671111832e-14 9.300475109631455333e-15 3.319679095680968203e+03
3.201470230094352470e-14 9.023625341284680013e-15 3.320389909421548964e+03
-3.490362585008683494e-14 8.910531940732478357e-15 3.321100733933127231e+03
6.817558773486832761e-15 8.769923000184957687e-15 3.321811569215698000e+03
2.571139585722002539e-14 8.570069433413481745e-15 3.322522415269255362e+03
-1.949900910932680411e-14 8.392719416672069315e-15 3.323233272093792493e+03
1.818116973589957873e-15 8.198339991132602131e-15 3.323944139689303938e+03
4.439407493173075992e-15 8.043929855360435047e-15 3.324655018055784694e+03
8.343126422649112658e-15 7.954002220632955827e-15 3.325365907193228850e+03
1.770074859272170482e-14 7.862560377398518607e-15 3.326076807101630038e+03
1.751227893649930908e-14 7.758422151880541812e-15 3.326787717780983712e+03
1.253606408423729504e-14 7.597000726474862293e-15 3.327498639231283050e+03
-1.168574861601552556e-14 7.582041508382299669e-15 3.328209571452523051e+03
3.268079126040272183e-14 7.463856725293324869e-15 3.328920514444696892e+03
-2.138474964174680814e-15 7.314994129977396980e-15 3.329631468207800481e+03
-3.131450754985943026e-14 7.205767472251151857e-15 3.330342432741826087e+03
4.008217158275372565e-14 7.076971641705567763e-15 3.331053408046769619e+03
2.768563348250479465e-14 6.996223170479153462e-15 3.331764394122624253e+03
6.182717545813391383e-15 6.917683379705347248e-15 3.332475390969385444e+03
-2.644921192007503029e-14 6.839927215696973997e-15 3.333186398587046824e+03
2.965518473055514109e-14 6.678531896433417586e-15 3.333897416975602937e+03
1.346889363249243480e-14 6.639671280590518237e-15 3.334608446135048325e+03
-1.565869412165881798e-14 6.492645446544095365e-15 3.335319486065376623e+03
2.960173256596820077e-15 6.442453543187586298e-15 3.336030536766583282e+03
9.865432152857442204e-15 6.336861468366395204e-15 3.336741598238661481e+03
1.973283976491736034e-15 6.248486368615996155e-15 3.337452670481606219e+03
6.713288301278648059e-16 6.149669135401376920e-15 3.338163753495412493e+03
1.909147936750540811e-14 6.106494877975237284e-15 3.338874847280072117e+03
2.704598228948959252e-14 5.987946665349205464e-15 3.339585951835581909e+03
-1.770633764120578743e-14 5.909262204092767064e-15 3.340297067161936866e+03
4.713689662909844739e-15 5.897382874363885314e-15 3.341008193259129712e+03
2.828598278663487169e-14 5.865880322363669173e-15 3.341719330127154535e+03
1.010967121110956267e-14 5.767526579773413794e-15 3.342430477766006334e+03
-2.209906731667150798e-14 5.689427215349832542e-15 3.343141636175681015e+03
-9.414336886050558038e-15 5.611480423468610500e-15 3.343852805356170393e+03
1.527885476303729444e-14 5.545346707853595336e-15 3.344563985307470375e+03
-6.246306232920011450e-15 5.647627129164020780e-15 3.345275176029575960e+03
5.506387517119555241e-15 5.448895638644318718e-15 3.345986377522479870e+03
-6.280440955871910382e-15 5.377849877660205849e-15 3.346697589786177559e+03
2.622652134870629315e-15 5.322173842400496201e-15 3.347408812820664025e+03
1.668020385866589978e-14 5.291675963019800537e-15 3.348120046625932900e+03
1.126141530795058033e-14 5.264883995331894827e-15 3.348831291201978274e+03
1.187660509252545104e-14 5.190856733082961405e-15 3.349542546548796054e+03
-9.233562342036535614e-15 5.146389434898799101e-15 3.350253812666379417e+03
-7.448462466844007228e-15 5.065282321051504766e-15 3.350965089554723818e+03
-1.621396831473770116e-15 5.011677123443082762e-15 3.351676377213822889e+03
-8.478886288591080900e-15 4.979192378732865273e-15 3.352387675643670718e+03
1.513474775865134255e-14 4.929690642416118176e-15 3.353098984844264123e+03
1.448225642074930686e-14 4.932164894010347929e-15 3.353810304815594918e+03
-1.319303104353039270e-14 4.853406519720731355e-15 3.354521635557659465e+03
1.035229006308894662e-14 4.952264313135862263e-15 3.355232977070450943e+03
2.981617506559943269e-14 4.747275023271159468e-15 3.355944329353965259e+03
-2.137648170048036137e-14 4.689690408960612463e-15 3.356655692408196046e+03
-2.985293486657430253e-14 4.628761409206209151e-15 3.357367066233136939e+03
1.979866382630559778e-14 4.592039515584352321e-15 3.358078450828784753e+03
1.982395989823298431e-14 4.561625617659299744e-15 3.358789846195133123e+03
-1.190754741756223172e-14 4.468434137291944603e-15 3.359501252332176591e+03
-9.121339405002400635e-15 4.491117339458088828e-15 3.360212669239908791e+03
1.215324526134774528e-14 4.448222475475410848e-15 3.360924096918325631e+03
2.557606708023297549e-15 4.423912172855565384e-15 3.361635535367419834e+03
-2.413141587491081249e-15 4.399118164762424200e-15 3.362346984587187762e+03
4.349709386572267177e-15 4.421198023803698449e-15 3.363058444577623050e+03
-2.942346668252922360e-15 4.612450595804877275e-15 3.363769915338722058e+03
1.930135147218103640e-15 4.433631581160538178e-15 3.364481396870477511e+03
4.443626593633157088e-15 4.458262350262825144e-15 3.365192889172884861e+03
-2.264811478955896784e-15 4.369513737346391423e-15 3.365904392245937743e+03
6.483298790197588040e-15 4.339779606703170178e-15 3.366615906089632517e+03
3.069039203502986958e-15 4.385245599076882085e-15 3.367327430703962364e+03
-7.791660437894482913e-15 4.398255593371509277e-15 3.368038966088921825e+03
2.242606584357798783e-15 4.353540698544557950e-15 3.368750512244506808e+03
1.126435584569067755e-14 4.355724870555865725e-15 3.369462069170710947e+03
2.557474129142438942e-15 4.333664549330996517e-15 3.370173636867529240e+03
-7.936639186678245242e-15 4.309054435993526990e-15 3.370885215334956229e+03
-9.870216203302593367e-15 4.331564335645631899e-15 3.371596804572986912e+03
2.438126087465290469e-14 4.314476617004921217e-15 3.372308404581615832e+03
3.809403833870102036e-16 4.254220730537456259e-15 3.373020015360836624e+03
-9.995841393825927350e-15 4.226459339452129565e-15 3.373731636910646102e+03
5.529004078373009651e-15 4.246937326673796420e-15 3.374443269231037903e+03
6.302538692124455561e-15 4.144782335387589300e-15 3.375154912322005657e+03
-6.831527013599595723e-15 4.115515133754559375e-15 3.375866566183545274e+03
-4.278748772504938450e-15 4.057104780113634155e-15 3.376578230815652205e+03
1.128291518558605898e-14 4.136447479431951570e-15 3.377289906218319175e+03
1.954275386451563939e-14 3.973847518283497171e-15 3.378001592391542545e+03
-3.348792453958180277e-15 3.906733851404444940e-15 3.378713289335315949e+03
-7.119234728331339344e-15 3.857918878235253061e-15 3.379424997049635294e+03
4.461366870900998200e-15 3.843291308040938035e-15 3.380136715534493760e+03
5.112616933471726750e-15 3.806867395269458266e-15 3.380848444789887708e+03
9.641781127995764814e-15 3.768300939358300254e-15 3.381560184815810771e+03
2.929225860589234159e-15 3.746595787088470345e-15 3.382271935612258858e+03
2.552529303730821225e-16 3.755738206630729411e-15 3.382983697179225146e+03
-1.048425938157837164e-14 3.651399952732666378e-15 3.383695469516705998e+03
6.339277953456607354e-15 3.627536136625864097e-15 3.384407252624694593e+03
-5.489677722850503237e-16 3.592122106538761644e-15 3.385119046503187747e+03
1.559260855016769154e-14 3.560679094309055146e-15 3.385830851152179093e+03
-8.250825962596044153e-15 3.527729298521577202e-15 3.386542666571662267e+03
9.992241139856554152e-15 3.516989590641553414e-15 3.387254492761634538e+03
1.257042252128441385e-14 3.500881711929733921e-15 3.387966329722088631e+03
1.181891617544929165e-14 3.484933888296707409e-15 3.388678177453020453e+03
5.254788917431792854e-15 3.456089579637340718e-15 3.389390035954424093e+03
-7.184173385928062834e-16 3.463508144601214332e-15 3.390101905226295457e+03
-2.208928901300162662e-15 3.433781169897094419e-15 3.390813785268628635e+03
7.249702752606982302e-15 3.409678546042400095e-15 3.391525676081419078e+03
6.017037595476066600e-15 3.366601781552340992e-15 3.392237577664660421e+03
-1.972576588005040999e-15 3.359086418854154463e-15 3.392949490018348115e+03
9.200662958332684258e-15 3.352641553954906127e-15 3.393661413142477613e+03
2.414592943050716734e-15 3.324140860326777206e-15 3.394373347037043459e+03
6.963374410950201282e-15 3.296773379302890627e-15 3.395085291702041104e+03
-8.171726745870019464e-15 3.269058643869518306e-15 3.395797247137463728e+03
1.460403590218744000e-14 3.247049489470592952e-15 3.396509213343307692e+03
1.195076329949435353e-15 3.193942554328244630e-15 3.397221190319566631e+03
-8.779384834031907731e-15 3.167287236304278111e-15 3.397933178066237815e+03
5.493077250372596571e-15 3.132682517774262280e-15 3.398645176583313514e+03
1.342235602952140891e-14 3.103828845546389123e-15 3.399357185870790090e+03
4.645391220686933089e-15 3.057758785314906996e-15 3.400069205928661177e+03
-1.446911814629657559e-14 3.052083185411949382e-15 3.400781236756923136e+03
6.187426867203530113e-15 3.045009678455993523e-15 3.401493278355570965e+03
1.669591537910735121e-14 3.034951340555337860e-15 3.402205330724598753e+03
2.958194569484245520e-15 2.971916226553228735e-15 3.402917393864001951e+03
-3.881428896653924043e-15 2.959537212637518645e-15 3.403629467773774195e+03
-8.370085606591935011e-15 2.959514739357862271e-15 3.404341552453911845e+03
1.000124138777416795e-14 2.942373904297730199e-15 3.405053647904409445e+03
1.412987404035094119e-15 2.909387922471870116e-15 3.405765754125262902e+03
6.292805731929227749e-15 2.901867566570529767e-15 3.406477871116464939e+03
1.016859176739077975e-14 2.896383910945202514e-15 3.407189998878013284e+03
-3.410547208048855380e-15 2.886095562604399933e-15 3.407902137409900206e+03
3.399694494062952568e-15 2.895784948572877049e-15 3.408614286712122521e+03
2.017590149814548747e-15 2.882578849619889546e-15 3.409326446784674772e+03
6.216022017771629671e-15 2.876772826433411430e-15 3.410038617627551503e+03
1.378914652139603085e-15 2.843998285745096065e-15 3.410750799240749075e+03
-5.737861316768146795e-15 2.819056120138906185e-15 3.411462991624261122e+03
-1.283516168381630256e-15 2.792521790999773063e-15 3.412175194778082187e+03
8.230893030773967377e-15 2.756641210572974072e-15 3.412887408702208631e+03
8.103604937092234323e-15 2.754509362817620231e-15 3.413599633396634090e+03
4.262654430686858769e-15 2.752500728202461235e-15 3.414311868861356288e+03
-4.723184247288141138e-15 2.760433108455285710e-15 3.415024115096367041e+03
9.514228816208962668e-15 2.715532888359805181e-15 3.415736372101663619e+03
9.011145529686902407e-15 2.733951655026114728e-15 3.416448639877240112e+03
7.332718808253817515e-16 2.838753275787505673e-15 3.417160918423091971e+03
-7.468963472089347756e-15 2.695716893019220081e-15 3.417873207739214195e+03
9.140342417133684251e-15 2.691909375376402720e-15 3.418585507825600871e+03
2.434642979054838841e-15 2.675094879549185080e-15 3.419297818682247453e+03
7.978583762721428604e-15 2.687510285736483804e-15 3.420010140309150302e+03
4.827653633070112143e-15 2.682246424102075133e-15 3.420722472706303961e+03
4.034518265603789649e-15 2.669684554495855161e-15 3.421434815873702064e+03
-4.804118933258448196e-15 2.657869179652439409e-15 3.422147169811342337e+03
3.823821079438411186e-15 2.645282696987246102e-15 3.422859534519217505e+03
1.374409813413084860e-14 2.636674073764933298e-15 3.423571909997323473e+03
8.348912321996891523e-15 2.616003470749382435e-15 3.424284296245656151e+03
-1.419582264413791931e-14 2.624251225490240145e-15 3.424996693264209171e+03
-5.555560408536361694e-16 2.586262255606809489e-15 3.425709101052979349e+03
1.857814950246901477e-14 2.567147828780908468e-15 3.426421519611959866e+03
1.160878698933210894e-14 2.608294715031096075e-15 3.427133948941146627e+03
-9.248109172231975892e-15 2.555666060082330939e-15 3.427846389040536451e+03
2.688359676009176172e-15 2.535226790257077311e-15 3.428558839910121605e+03
3.059799222783290881e-15 2.492012893513748496e-15 3.429271301549898453e+03
4.758392895702859161e-15 2.473808810652956419e-15 3.429983773959864266e+03
3.571979355662502972e-15 2.474052141826596824e-15 3.430696257140010857e+03
-1.642049640341029613e-14 2.462641963004341416e-15 3.431408751090335500e+03
1.682060794000430617e-14 2.435100576600319483e-15 3.432121255810832736e+03
1.163472045761190877e-14 2.430430812534319970e-15 3.432833771301498018e+03
-2.979866073258492876e-15 2.451700621269977969e-15 3.433546297562325435e+03
-7.144301814793049656e-15 2.455278210380457220e-15 3.434258834593311803e+03
4.219412681801092485e-15 2.427355178962831067e-15 3.434971382394449847e+03
1.455687645300065554e-14 2.426364668964188747e-15 3.435683940965737747e+03
-3.578063515431591091e-15 2.420258316863692876e-15 3.436396510307168683e+03
3.377814970887591432e-15 2.429365136883771008e-15 3.437109090418739470e+03
2.090003740176972028e-15 2.415384786454444684e-15 3.437821681300444197e+03
-8.373192327084584133e-15 2.389708373493965363e-15 3.438534282952277863e+03
9.501713992909608927e-15 2.390444214502518949e-15 3.439246895374236374e+03
8.714130935313854710e-15 2.360633884943349091e-15 3.439959518566313818e+03
6.049407664360857250e-15 2.354570559888878900e-15 3.440672152528508377e+03
-1.387928913113300554e-15 2.341515658288195330e-15 3.441384797260811865e+03
-1.793835905137544135e-15 2.328146944489446001e-15 3.442097452763221099e+03
1.549106071221895725e-14 2.302151560059599094e-15 3.442810119035731077e+03
-2.412275629835099298e-16 2.303728613339396437e-15 3.443522796078336796e+03
2.306247798247578982e-15 2.314949564128258565e-15 3.444235483891035074e+03
4.227046160614862474e-15 2.306642180081184386e-15 3.444948182473818633e+03
6.699029868602826696e-15 2.270248904175256535e-15 3.445660891826684292e+03
5.087120198436225725e-15 2.274388961792399316e-15 3.446373611949628412e+03
4.140111246228465390e-15 2.275104609583386176e-15 3.447086342842643717e+03
-1.497903765995045141e-15 2.269525548416111303e-15 3.447799084505727478e+03
5.786653006256426375e-15 2.250481537259599724e-15 3.448511836938873785e+03
-5.696601221893691063e-16 2.233313405212193106e-15 3.449224600142077634e+03
2.227545228966779320e-15 2.287060002727969493e-15 3.449937374115336752e+03
-5.340597068361506694e-16 2.254731411369731533e-15 3.450650158858643408e+03
2.877284937896916533e-16 2.228281339997041522e-15 3.451362954371995329e+03
7.904700975588308661e-15 2.227832589662768748e-15 3.452075760655386603e+03
4.451663433954033958e-15 2.243896735968321863e-15 3.452788577708814046e+03
8.363463598791907710e-17 2.224528060650371476e-15 3.453501405532269018e+03
6.821947805136155764e-15 2.214953664574154701e-15 3.454214244125751065e+03
-3.459083686428145027e-15 2.208420998633378864e-15 3.454927093489254730e+03
1.566608737424546993e-16 2.260181774024482824e-15 3.455639953622773646e+03
7.300451524447705320e-15 2.183638616472594629e-15 3.456352824526304175e+03
6.649521902326535874e-15 2.151557957659158774e-15 3.457065706199841770e+03
-1.011653236056922300e-14 2.151624651894601709e-15 3.457778598643382793e+03
2.782047619175841069e-15 2.143719430212839167e-15 3.458491501856920877e+03
1.123468027760785318e-14 2.168302820375432351e-15 3.459204415840451475e+03
8.124397353306781580e-15 2.130727671672987650e-15 3.459917340593971403e+03
-7.469819064077869458e-15 2.090998114750072892e-15 3.460630276117475205e+03
5.300547740376375921e-15 2.096162412164990580e-15 3.461343222410957878e+03
2.910633109454740484e-15 2.078867083690257717e-15 3.462056179474415330e+03
2.916467215824720103e-15 2.064788125947513961e-15 3.462769147307843014e+03
-2.511986907751905558e-15 2.057474250711338663e-15 3.463482125911235926e+03
3.283110042909799246e-15 2.043528752668954013e-15 3.464195115284590429e+03
5.070322287686571819e-15 2.022037732567448821e-15 3.464908115427900157e+03
2.403883913010934569e-15 2.004999819089803682e-15 3.465621126341162380e+03
6.460910274706183482e-15 2.003151958285769223e-15 3.466334148024370734e+03
-3.761114397409945700e-15 2.001836736967151674e-15 3.467047180477522943e+03
-9.213429641713673235e-17 1.973466367185554878e-15 3.467760223700613096e+03
2.532269076978733528e-15 1.984530385930679809e-15 3.468473277693636192e+03
4.159123427847469760e-15 1.961539824909546400e-15 3.469186342456588136e+03
1.239896321878738198e-14 1.945025806082787264e-15 3.469899417989465292e+03
-3.017584952333462700e-15 1.948532443298517041e-15 3.470612504292262201e+03
3.184279118126427253e-16 1.937384271724957135e-15 3.471325601364972954e+03
3.820361177972290831e-15 1.939299411064779487e-15 3.472038709207595275e+03
9.249706991326994133e-15 1.932422206320516423e-15 3.472751827820124163e+03
4.933855016569595141e-15 1.922106757194173004e-15 3.473464957202554160e+03
-5.405643767084169059e-15 1.927048186799287947e-15 3.474178097354882539e+03
-3.115895552675092035e-15 1.936522239859157711e-15 3.474891248277102477e+03
5.498567431002147789e-15 1.955081811780658525e-15 3.475604409969211247e+03
8.542575242724117486e-15 1.926490590493545860e-15 3.476317582431203391e+03
-2.048548391201260053e-15 1.945099681892215855e-15 3.477030765663073907e+03
-1.260831011811550275e-15 1.961352089881555522e-15 3.477743959664820068e+03
1.173762013782059818e-14 1.955261939059695738e-15 3.478457164436436415e+03
-1.430818643245483509e-15 1.960149716321752385e-15 3.479170379977917946e+03
6.587457101480349245e-15 1.950658910743289030e-15 3.479883606289260570e+03
-2.929728071518864043e-15 1.943219336344589916e-15 3.480596843370461102e+03
-1.044133686975928338e-15 1.939703530383787634e-15 3.481310091221513630e+03
-2.612442795404486255e-15 1.936978539132592252e-15 3.482023349842413154e+03
4.772180812630271330e-15 1.935252857196775593e-15 3.482736619233156944e+03
7.826941641186801626e-15 1.938599957313039959e-15 3.483449899393739543e+03
-5.332704772670320182e-15 1.919083041523364029e-15 3.484163190324156403e+03
3.319337390680344500e-15 1.904532174110210859e-15 3.484876492024403433e+03
6.855035181754216362e-15 1.899795754140691648e-15 3.485589804494475175e+03
8.312232081557161135e-15 1.887139168364114179e-15 3.486303127734368900e+03
-1.706119594595735091e-15 1.872068817981997448e-15 3.487016461744079152e+03
-9.452890184389301382e-15 1.853610902024929419e-15 3.487729806523601837e+03
1.191071930163796606e-15 1.841151660095360313e-15 3.488443162072932864e+03
4.235421774106666477e-15 1.832611674173265989e-15 3.489156528392067230e+03
5.855068434702504961e-15 1.817070574083648973e-15 3.489869905481000387e+03
-7.142768354267038570e-16 1.806897004554729417e-15 3.490583293339727334e+03
5.913748258529219151e-15 1.811862639849006638e-15 3.491296691968246705e+03
5.760072030732270555e-15 1.790569297930426918e-15 3.492010101366550316e+03
7.297888297729921456e-17 1.774878397283004335e-15 3.492723521534635438e+03
-9.283019619213876433e-16 1.759731507730991908e-15 3.493436952472498888e+03
9.092033098809086847e-16 1.757302520050388410e-15 3.494150394180133844e+03
3.573378669334766161e-15 1.744133864481892622e-15 3.494863846657537579e+03
7.086009809313286305e-16 1.731047515733522559e-15 3.495577309904705089e+03
9.957934441276816800e-16 1.727014951680779515e-15 3.496290783921633192e+03
6.233617223792441917e-15 1.704721209739950818e-15 3.497004268708315976e+03
2.943306179602079226e-15 1.694638607978290820e-15 3.497717764264749349e+03
-3.085620142975668738e-15 1.665347402632716783e-15 3.498431270590929671e+03
6.301570956424448687e-15 1.664319308472376497e-15 3.499144787686851487e+03
-2.940114352081663589e-18 1.644724598632121690e-15 3.499858315552512067e+03
1.252119773768751384e-15 1.620986856327315776e-15 3.500571854187906411e+03
7.358286934090470258e-16 1.613306863777135190e-15 3.501285403593029059e+03
5.865791149085266868e-15 1.613646641771805766e-15 3.501998963767877285e+03
4.086190967550385793e-15 1.594116003763974757e-15 3.502712534712445631e+03
3.429697300994840958e-15 1.588628277956691157e-15 3.503426116426730005e+03
-2.494549121065696689e-15 1.595309476477313404e-15 3.504139708910726767e+03
8.857621108413070949e-15 1.603766488182906500e-15 3.504853312164431372e+03
4.208207342597241982e-15 1.596104979767906406e-15 3.505566926187839272e+03
5.380587837643471046e-15 1.582740011995322642e-15 3.506280550980946373e+03
-3.905343711346863041e-15 1.591963783956407671e-15 3.506994186543747674e+03
-2.517008956214159921e-15 1.578166090850303386e-15 3.507707832876239536e+03
1.193923028103564114e-15 1.562772174261787863e-15 3.508421489978417412e+03
6.167306869330967259e-15 1.562104410762170661e-15 3.509135157850277665e+03
3.824383132881205852e-15 1.568445255131811106e-15 3.509848836491815746e+03
4.925600439214848050e-16 1.581267641729465109e-15 3.510562525903027108e+03
2.763839284704310469e-16 1.561543686392424158e-15 3.511276226083907204e+03
5.086074638234011193e-15 1.553359733851720961e-15 3.511989937034451941e+03
-2.064956807655771349e-15 1.539072983603980501e-15 3.512703658754657226e+03
4.261309026381864207e-15 1.526824001523203533e-15 3.513417391244518512e+03
-2.894983506603978373e-15 1.513129457482095318e-15 3.514131134504033525e+03
-1.337283230873989906e-17 1.519610010513923014e-15 3.514844888533195444e+03
1.162740581680334402e-15 1.509997789450169556e-15 3.515558653332000176e+03
5.804677943828422301e-15 1.522026228957064442e-15 3.516272428900445448e+03
9.303852809730317046e-16 1.504387282083299287e-15 3.516986215238525801e+03
-1.025677255907722557e-15 1.493852807899146356e-15 3.517700012346235781e+03
6.328810836967704106e-15 1.479081626209125831e-15 3.518413820223573566e+03
3.018479981644507659e-15 1.468185623431607553e-15 3.519127638870534156e+03
-2.923886796061428178e-15 1.464906583030431648e-15 3.519841468287111638e+03
2.527748498502447735e-15 1.464518552023009974e-15 3.520555308473305104e+03
1.563877851370599946e-15 1.454557479912986644e-15 3.521269159429107276e+03
3.408876399653702432e-15 1.436806240734226822e-15 3.521983021154514972e+03
1.340420246193079299e-15 1.437187441993615844e-15 3.522696893649524554e+03
4.729957148380467544e-15 1.439333800870277234e-15 3.523410776914131930e+03
4.346393383852443934e-16 1.429037974904804816e-15 3.524124670948331186e+03
2.542861002661690733e-15 1.411447191264957199e-15 3.524838575752120960e+03
-3.726721427025817366e-15 1.395840125162268683e-15 3.525552491325493975e+03
3.510377038482224715e-15 1.397759318962954167e-15 3.526266417668447957e+03
4.371666787567205116e-15 1.391654598544103165e-15 3.526980354780979724e+03
-2.256953088395347620e-15 1.388533994170634414e-15 3.527694302663082453e+03
1.408957319083687780e-15 1.386924653864763497e-15 3.528408261314752963e+03
1.134090546891978904e-15 1.371264667521367351e-15 3.529122230735988524e+03
4.724681413483126020e-15 1.360429093043180102e-15 3.529836210926783679e+03
2.315741918111581068e-15 1.348581777625774987e-15 3.530550201887134790e+03
1.334743054714975693e-16 1.353267112051518105e-15 3.531264203617036401e+03
-4.719998633966703867e-15 1.348627701801407073e-15 3.531978216116486237e+03
1.979061038913021525e-15 1.353408662704142294e-15 3.532692239385479297e+03
5.273621701131663942e-15 1.352500700640410752e-15 3.533406273424011033e+03
2.063682431657826292e-15 1.366616597138059306e-15 3.534120318232079171e+03
-3.607538937170489682e-15 1.369267320687083995e-15 3.534834373809676890e+03
3.348465983956998571e-15 1.377939966291115104e-15 3.535548440156802371e+03
2.164021216422460363e-16 1.387348121314198975e-15 3.536262517273449703e+03
3.119564635294785985e-15 1.404257329328449764e-15 3.536976605159616611e+03
7.083303579975280147e-15 1.411446975526937629e-15 3.537690703815297638e+03
3.513207276285974074e-15 1.411932395230449356e-15 3.538404813240488693e+03
-9.841513612718491387e-15 1.417595851171084286e-15 3.539118933435187500e+03
4.370948755450523971e-15 1.517546795782754296e-15 3.539833064399387240e+03
1.520133018452779852e-15 1.474265794408983398e-15 3.540547206133085638e+03
4.211043000516741109e-15 1.440679877487628881e-15 3.541261358636278601e+03
-4.036770294202771909e-15 1.458047530586976360e-15 3.541975521908960673e+03
2.613738770107843569e-15 1.455069932507727295e-15 3.542689695951129579e+03
5.556025751619459312e-15 1.480886713170321824e-15 3.543403880762780318e+03
-1.290315971052442967e-15 1.452811397549047801e-15 3.544118076343908797e+03
5.303075840429283254e-15 1.460390081886378467e-15 3.544832282694510923e+03
-2.707287968616124023e-15 1.457805130905449623e-15 3.545546499814583512e+03
3.142749566293323766e-15 1.474109051487129003e-15 3.546260727704121109e+03
4.291741399028707460e-15 1.463686485295775081e-15 3.546974966363120984e+03
-2.802912090697442616e-15 1.473246482142845463e-15 3.547689215791577226e+03
7.797022067990138860e-16 1.468194293516345825e-15 3.548403475989488470e+03
3.509471079412568034e-15 1.460724352226032359e-15 3.549117746956849260e+03
1.514575764494013003e-15 1.445182446944650896e-15 3.549832028693655502e+03
6.283768232209521565e-15 1.461334681100630142e-15 3.550546321199903105e+03
3.790689771733359052e-16 1.440498020555748760e-15 3.551260624475587974e+03
3.887072918334749871e-15 1.437637597429894193e-15 3.551974938520706928e+03
1.061825916661741103e-15 1.426462427645456945e-15 3.552689263335254509e+03
4.397339879134705376e-15 1.421261360067397215e-15 3.553403598919229808e+03
6.100129955850362861e-15 1.400496484637239177e-15 3.554117945272624638e+03
-6.631621862385807975e-15 1.396802776822074465e-15 3.554832302395437637e+03
-6.248000851697759820e-16 1.386650661038592219e-15 3.555546670287664710e+03
1.205693201518439791e-15 1.379914494052628888e-15 3.556261048949300857e+03
6.716399016926739333e-15 1.372464351113794907e-15 3.556975438380342894e+03
3.925735610134909187e-15 1.363051160381893007e-15 3.557689838580786272e+03
-3.176676626613979037e-16 1.368871176983432462e-15 3.558404249550628265e+03
2.757977827603932717e-15 1.360296194435573504e-15 3.559118671289863414e+03
6.888865455496283724e-15 1.350187694128821830e-15 3.559833103798487173e+03
1.424268903053099538e-15 1.335578202060994399e-15 3.560547547076497722e+03
9.967745122590577142e-18 1.328007383956863129e-15 3.561262001123890514e+03
1.600905045812467489e-15 1.315290746302586241e-15 3.561976465940660091e+03
5.623689977121035246e-15 1.348404126493107827e-15 3.562690941526804636e+03
-4.403893322642250209e-15 1.293849877918517071e-15 3.563405427882318691e+03
6.484035607325942522e-15 1.284396253786746728e-15 3.564119925007199072e+03
-2.613493203957139302e-15 1.264994849122656103e-15 3.564834432901441687e+03
-2.282187730656196420e-16 1.261094687920791119e-15 3.565548951565042444e+03
-1.132362476492905332e-15 1.251928950461041477e-15 3.566263480997997704e+03
1.097598477567321750e-14 1.251423422319421954e-15 3.566978021200302919e+03
3.106543601406756257e-15 1.247423402606061996e-15 3.567692572171954453e+03
-2.150278554578725962e-15 1.239482880942393207e-15 3.568407133912949121e+03
3.915367704288393799e-15 1.230718246503795021e-15 3.569121706423282376e+03
-3.207643208783649979e-17 1.225393685352244840e-15 3.569836289702950126e+03
-2.094148679093398607e-15 1.206872006863939933e-15 3.570550883751948732e+03
2.343599660819912957e-15 1.198560406847056102e-15 3.571265488570274556e+03
-4.902130074249128101e-15 1.192584403432887915e-15 3.571980104157923506e+03
4.918767897786005502e-15 1.197365034073923323e-15 3.572694730514890580e+03
5.128229344004901892e-15 1.214674320778676401e-15 3.573409367641173958e+03
1.385948253685946750e-15 1.176062575681106404e-15 3.574124015536768638e+03
-4.103998310489974068e-16 1.181310205980142737e-15 3.574838674201670983e+03
1.857809678615582803e-15 1.171510386161752407e-15 3.575553343635875535e+03
5.599590412437815145e-15 1.161841500054961801e-15 3.576268023839382295e+03
-1.022991990761895589e-15 1.157092725280410406e-15 3.576982714812183985e+03
2.279188148690741954e-15 1.156906885398893499e-15 3.577697416554277424e+03
5.089969681915245625e-15 1.158371977005418099e-15 3.578412129065659428e+03
-2.524404347807717447e-15 1.152210437691159300e-15 3.579126852346326359e+03
-9.248978234210192645e-16 1.138666842440940546e-15 3.579841586396272760e+03
2.944063875162565350e-15 1.128930679337373466e-15 3.580556331215496357e+03
3.877972387055884076e-15 1.136138363102495925e-15 3.581271086803993057e+03
6.966466810560868428e-16 1.125452703742814150e-15 3.581985853161758314e+03
-5.339860873534761273e-16 1.122146568414818255e-15 3.582700630288789398e+03
4.099650222342344399e-15 1.109370314160562127e-15 3.583415418185081762e+03
4.150347971203588506e-16 1.106972078185458537e-15 3.584130216850631768e+03
-3.143891473214812923e-15 1.099626242074945147e-15 3.584845026285434869e+03
7.871521453355929560e-16 1.093635723475683223e-15 3.585559846489488336e+03
2.977967425084454089e-15 1.098040417289375829e-15 3.586274677462787622e+03
1.049451309068103313e-15 1.093184547496064487e-15 3.586989519205330453e+03
2.346342327495347058e-15 1.082907078187728950e-15 3.587704371717110917e+03
3.205367444664158567e-15 1.079433414942455798e-15 3.588419234998125830e+03
-1.043491607759140835e-15 1.094478300329957539e-15 3.589134109048372011e+03
8.069677679152572024e-17 1.078308052999471738e-15 3.589848993867845820e+03
1.540921716338334561e-15 1.073221746898539111e-15 3.590563889456542256e+03
2.711191370622635989e-17 1.080311467123614078e-15 3.591278795814458135e+03
-2.684941395428224017e-15 1.082749765544759273e-15 3.591993712941591184e+03
5.033486530496998449e-15 1.081212007838964168e-15 3.592708640837934581e+03
4.630122083235198254e-15 1.073587821511292973e-15 3.593423579503487417e+03
6.116740922242205043e-17 1.074112518638316972e-15 3.594138528938245145e+03
-1.577106817943089448e-15 1.063411210154245417e-15 3.594853489142202307e+03
3.251769412428089107e-15 1.062258131219913407e-15 3.595568460115357539e+03
3.029198010893575348e-16 1.059938417127653621e-15 3.596283441857705839e+03
7.987984113238875457e-16 1.059454834864054225e-15 3.596998434369242659e+03
-1.210453389952679151e-15 1.053479082980315396e-15 3.597713437649966636e+03
2.586050073252382273e-15 1.040219629689925439e-15 3.598428451699871403e+03
1.877424055234859082e-16 1.043327164340190085e-15 3.599143476518955595e+03
2.588132212333150108e-15 1.039127350694199834e-15 3.599858512107213755e+03
3.097993559300730252e-15 1.044696081962701030e-15 3.600573558464642701e+03
3.631807037138951264e-15 1.043977267320066699e-15 3.601288615591239250e+03
2.354040355326260173e-16 1.044591098147162435e-15 3.602003683486999307e+03
2.311718045702862819e-15 1.030819407566503304e-15 3.602718762151918781e+03
3.662488235017118678e-15 1.013431882243600325e-15 3.603433851585993125e+03
-5.206172104471115666e-15 1.007212514911991317e-15 3.604148951789220519e+03
2.344098812042404848e-15 1.001589563399746005e-15 3.604864062761596870e+03
-6.858261415282596878e-16 1.002405059170126369e-15 3.605579184503118086e+03
1.927976093277194576e-15 1.003306799127112699e-15 3.606294317013779619e+03
5.750797547862223169e-15 9.960315923747744890e-16 3.607009460293579650e+03
-2.787522958490054597e-16 9.992132920795058973e-16 3.607724614342512723e+03
5.023717234720821354e-15 1.010167913099996546e-15 3.608439779160575654e+03
-4.549970444626596413e-16 9.980057209812360769e-16 3.609154954747765260e+03
2.864643093083861769e-15 9.991625920915859777e-16 3.609870141104078357e+03
-2.714687687642298441e-16 1.005050333982488522e-15 3.610585338229509489e+03
-1.046476197022011123e-15 1.011311753438504998e-15 3.611300546124056837e+03
6.020945898350263173e-15 1.000418699013483320e-15 3.612015764787714943e+03
-5.515455227096161951e-16 1.009101487453130714e-15 3.612730994220481534e+03
-8.790992657912954885e-16 1.016836377108741788e-15 3.613446234422352063e+03
4.792848136589875900e-15 1.022785301726836301e-15 3.614161485393324710e+03
4.305877239660113137e-15 1.023256781657057329e-15 3.614876747133393110e+03
-5.525286927145377892e-16 1.031786977749938647e-15 3.615592019642555897e+03
-1.882418657137111138e-15 1.038347823152665646e-15 3.616307302920808070e+03
3.854803238754232881e-15 1.027171154601521383e-15 3.617022596968145990e+03
-1.631092414955125454e-15 1.022478004338539308e-15 3.617737901784566930e+03
7.392608454889395900e-16 1.028656772495204539e-15 3.618453217370066341e+03
1.512760261012035281e-15 1.029756148381966703e-15 3.619168543724641495e+03
7.153456697900480905e-16 1.111867212050067039e-15 3.619883880848288754e+03
-1.116527379098317292e-15 1.030355494939508633e-15 3.620599228741002662e+03
1.496916275432942795e-15 1.024418369479680646e-15 3.621314587402782308e+03
3.761959186693539455e-15 1.024067303061961421e-15 3.622029956833621327e+03
-1.505690441520725365e-15 1.011897708484062321e-15 3.622745337033518808e+03
4.513607500911999775e-16 1.009130781942082807e-15 3.623460728002469295e+03
-2.614347095357415227e-15 1.009860960088633877e-15 3.624176129740470060e+03
3.886159735515403132e-15 1.009059700411099800e-15 3.624891542247517464e+03
2.430525076797791297e-15 1.011171107336097994e-15 3.625606965523606959e+03
-2.657906176507783504e-15 1.004284524263625359e-15 3.626322399568735818e+03
1.877318577325599483e-16 1.010794296148022588e-15 3.627037844382900403e+03
3.191374820924801704e-15 1.014210121019711134e-15 3.627753299966097075e+03
2.070234582120197474e-15 1.001314794318162689e-15 3.628468766318322196e+03
4.466506400777877530e-15 1.003956474600274409e-15 3.629184243439571674e+03
-1.687504165841234907e-15 1.012739584532691659e-15 3.629899731329843689e+03
-2.793899232335451543e-15 1.009664587423053407e-15 3.630615229989132331e+03
2.075003000680279177e-15 1.013398212779455934e-15 3.631330739417435780e+03
3.212847839232351297e-15 1.009386194105224967e-15 3.632046259614749488e+03
4.978644618604198916e-15 1.018032916185537408e-15 3.632761790581070272e+03
-3.903278935659178866e-18 1.022385571283026098e-15 3.633477332316394495e+03
-6.151806518702077197e-16 1.022016548617608846e-15 3.634192884820718064e+03
1.960809816933229511e-15 1.029208457064585360e-15 3.634908448094040068e+03
1.312826474962655245e-15 1.024432463547967904e-15 3.635624022136352778e+03
1.554210161252050877e-15 1.029977036288866552e-15 3.636339606947656193e+03
-2.711799128695990999e-15 1.028974802070835762e-15 3.637055202527944857e+03
8.430281036369493646e-17 1.030680481318287082e-15 3.637770808877215586e+03
3.298128755210509937e-15 1.090578830166443022e-15 3.638486425995465652e+03
1.268367542937448604e-15 1.027268796025681136e-15 3.639202053882690052e+03
7.557924822077916692e-16 1.008502845188741085e-15 3.639917692538886513e+03
-1.561218483714793564e-15 9.986499187177053967e-16 3.640633341964051397e+03
3.681016995503379002e-15 1.001853563470071770e-15 3.641349002158181065e+03
2.013081254810174957e-15 9.945424179621452309e-16 3.642064673121270971e+03
-9.700545302576019647e-16 9.869839416762515205e-16 3.642780354853319295e+03
1.384956695709374225e-15 9.810091192225252178e-16 3.643496047354321945e+03
3.872857510043186228e-15 9.826144363187107672e-16 3.644211750624274828e+03
-2.206137672037130357e-15 9.797590508383342604e-16 3.644927464663175215e+03
3.889321645226242506e-15 9.700759596580283197e-16 3.645643189471019014e+03
1.176128186329732907e-15 9.653856656101869532e-16 3.646358925047803496e+03
1.328238022337027672e-15 9.558870871935937728e-16 3.647074671393524113e+03
6.076668022617337888e-16 9.597562848830288074e-16 3.647790428508178138e+03
3.631373823035577568e-15 9.812294304810906447e-16 3.648506196391761478e+03
3.250336604855524166e-15 9.597256550032385802e-16 3.649221975044271858e+03
5.669481644913429889e-16 9.488460076534860580e-16 3.649937764465704277e+03
-1.086482987337824703e-15 9.472118340735792339e-16 3.650653564656056005e+03
1.771478370936005199e-15 9.418931568809197412e-16 3.651369375615324316e+03
3.689379408951974736e-15 9.510099423464226420e-16 3.652085197343504660e+03
-8.996944401535135363e-16 9.433618476598832439e-16 3.652801029840594310e+03
-1.788554953526938869e-15 9.396938039065151277e-16 3.653516873106589628e+03
2.373010911919912427e-16 9.770037245995489804e-16 3.654232727141486066e+03
1.823616208576959743e-15 9.452016352476953795e-16 3.654948591945281805e+03
5.332207229446546655e-15 9.426890848236849605e-16 3.655664467517972298e+03
1.957029721450189402e-17 9.410549751465656911e-16 3.656380353859554361e+03
-9.918412420616930382e-16 9.395866427770972166e-16 3.657096250970024812e+03
3.818933375076725496e-15 9.348266665818416915e-16 3.657812158849380921e+03
3.311458585488253458e-15 9.326385453729319917e-16 3.658528077497617687e+03
1.413749215782317393e-15 9.283452772542868382e-16 3.659244006914732381e+03
-2.332994619840420960e-15 9.257154203947726398e-16 3.659959947100722729e+03
4.833304763125395710e-15 9.280165312292908965e-16 3.660675898055583275e+03
-2.003617942021766862e-16 9.251015325494177030e-16 3.661391859779311744e+03
3.694456814365657487e-15 9.163852294781000360e-16 3.662107832271904954e+03
3.008295961408868826e-15 9.104270624127234085e-16 3.662823815533358811e+03
-1.768271582043590864e-15 9.066071782654684866e-16 3.663539809563670133e+03
3.651589779745521242e-15 9.131242071676445850e-16 3.664255814362835736e+03
3.416591672842684985e-15 8.986943433509509859e-16 3.664971829930851982e+03
1.894050881509924265e-15 9.044458155127216229e-16 3.665687856267715688e+03
1.847914609522439428e-15 8.976736226366575193e-16 3.666403893373423671e+03
-1.936965429552158962e-15 8.873296204872001337e-16 3.667119941247971838e+03
-3.406424711531444451e-16 8.853105908774113062e-16 3.667835999891357460e+03
4.080447764886810174e-15 8.861645098252796980e-16 3.668552069303576900e+03
1.769476489279287360e-16 8.812983595069315061e-16 3.669268149484626520e+03
3.197954051131895383e-15 8.775993819436711451e-16 3.669984240434503590e+03
-2.402851339358195134e-15 8.782133157675072497e-16 3.670700342153204474e+03
4.323221530575416237e-15 8.799096164454004557e-16 3.671416454640725533e+03
5.220199924121590086e-16 8.737056941833420403e-16 3.672132577897063129e+03
2.538458045480695638e-16 8.683683580487519072e-16 3.672848711922214534e+03
-3.800609718808805138e-15 8.680639077180275810e-16 3.673564856716176109e+03
3.202730432892187721e-16 8.621443694545611043e-16 3.674281012278946037e+03
4.938003421072948993e-15 8.570261915846840409e-16 3.674997178610517949e+03
1.932558435543799959e-15 8.542537798695867348e-16 3.675713355710890482e+03
-3.256015915424466676e-15 8.551685147433717356e-16 3.676429543580060454e+03
1.092180901907982930e-15 8.537405221973096819e-16 3.677145742218023770e+03
5.787468437902888653e-16 8.576839225015790524e-16 3.677861951624776793e+03
2.890980810601110771e-16 8.506924372296045923e-16 3.678578171800317250e+03
7.193620849361878951e-16 8.470094536114800004e-16 3.679294402744640593e+03
2.326574410546769603e-15 8.415437490326121597e-16 3.680010644457744547e+03
-3.963469034376413212e-15 8.357950105951596638e-16 3.680726896939625931e+03
1.737559401753418426e-16 8.363321489577891488e-16 3.681443160190281105e+03
2.956471508758181298e-15 8.288997068314545554e-16 3.682159434209705523e+03
2.436385035977738899e-15 8.273738513600258510e-16 3.682875718997898275e+03
9.434047740765736576e-16 8.215900711150902818e-16 3.683592014554853449e+03
2.239159602437923702e-15 8.247020503165060780e-16 3.684308320880570136e+03
1.529870526773344970e-15 8.111309317956537652e-16 3.685024637975042879e+03
1.299871878631943431e-15 8.104237510468679992e-16 3.685740965838270313e+03
-2.004919054431216318e-15 7.978769482380116387e-16 3.686457304470247436e+03
8.600196095643009708e-16 7.982694630154774614e-16 3.687173653870972885e+03
3.152810039151926841e-16 7.932241026871823457e-16 3.687890014040440292e+03
1.955311112472220670e-15 7.885139598500073134e-16 3.688606384978649658e+03
5.533272418340452643e-16 7.908852438766192625e-16 3.689322766685596434e+03
-1.142292145282163180e-17 7.933163107978569909e-16 3.690039159161276984e+03
4.900370355947136700e-16 7.964479612292075265e-16 3.690755562405688579e+03
2.700022483098745809e-15 8.023071896546723208e-16 3.691471976418827126e+03
2.004910665153376994e-15 8.020232237843824786e-16 3.692188401200690805e+03
2.296011042433891700e-15 8.081271642000661468e-16 3.692904836751275070e+03
3.677241710894140270e-16 8.127007204935707844e-16 3.693621283070577647e+03
9.102372653436917820e-16 8.160562836012461461e-16 3.694337740158593988e+03
6.000141891801201930e-16 9.047904082523342604e-16 3.695054208015321819e+03
1.880401662995861442e-15 9.338277476674679143e-16 3.695770686640757503e+03
2.016877054942660349e-15 8.205032438935389892e-16 3.696487176034897857e+03
1.233566383357611421e-15 8.219444180905683848e-16 3.697203676197739696e+03
-6.114647103724092231e-16 8.211432946764162241e-16 3.697920187129280748e+03
4.222986652773841849e-15 8.183827368799183488e-16 3.698636708829516010e+03
2.516242614648088719e-15 8.154952784381982903e-16 3.699353241298442754e+03
-3.728597971645138113e-15 8.120456127586347064e-16 3.700069784536058705e+03
-8.371770666813375698e-16 8.084880426908602677e-16 3.700786338542359317e+03
3.543151341530691651e-15 8.096156664058850491e-16 3.701502903317343225e+03
-1.510965901035764040e-15 8.059608079345027503e-16 3.702219478861004063e+03
-7.613536100558716426e-16 8.367747811510380049e-16 3.702936065173342286e+03
2.379404247097781118e-15 8.202953762955672503e-16 3.703652662254352435e+03
2.426179746391233869e-15 8.170247552244552277e-16 3.704369270104031784e+03
9.612250421679880749e-15 7.090620111287170941e-15 3.705085888722377604e+03
3.388992737018407293e-15 1.815585185362974687e-15 3.705802518109385346e+03
-5.473810676321085018e-16 1.899303467324210714e-15 3.706519158265053193e+03
2.268019614195028378e-15 1.855978898283297106e-15 3.707235809189377505e+03
1.029285701355795509e-15 8.071837394473217330e-16 3.707952470882355556e+03
1.778650115866487776e-15 8.018060115107907446e-16 3.708669143343982796e+03
-6.783511453989399359e-16 8.470628155449103922e-16 3.709385826574256953e+03
4.198585169504966447e-15 7.968035761629413079e-16 3.710102520573174843e+03
-1.052476503612814854e-15 7.896307487402489273e-16 3.710819225340734647e+03
-6.018980331359169846e-16 7.905171433812224129e-16 3.711535940876929999e+03
1.557593825295128479e-15 7.921417564547383648e-16 3.712252667181759534e+03
-7.764092492575546501e-17 7.883001945419785573e-16 3.712969404255220979e+03
9.802098560066616868e-16 7.824742107096593724e-16 3.713686152097310696e+03
2.365438935948289527e-15 7.832603097766720722e-16 3.714402910708024137e+03
1.491519720205642950e-16 7.792391471423750092e-16 3.715119680087358574e+03
4.196675828382928377e-15 7.739177574158771261e-16 3.715836460235312188e+03
-1.417414667748762592e-15 7.653471993695127954e-16 3.716553251151879977e+03
1.077676757993385345e-15 7.598102557668033369e-16 3.717270052837061030e+03
1.998002215320236872e-16 7.494176604870465536e-16 3.717986865290849892e+03
2.137545992533763371e-15 7.437570500140595907e-16 3.718703688513245652e+03
-2.159197004672970620e-16 7.367756878830431475e-16 3.719420522504242854e+03
-1.313553950523347378e-15 7.238056248890306607e-16 3.720137367263840133e+03
3.768721178998088291e-15 7.205118634565365517e-16 3.720854222792033397e+03
1.731043693490088423e-15 7.149561627466685086e-16 3.721571089088819463e+03
-7.978051786472996988e-16 7.118717579453725733e-16 3.722287966154196511e+03
-1.665423395874290925e-15 7.042734833432250254e-16 3.723004853988159539e+03
2.444759082329796632e-15 7.064808290546977639e-16 3.723721752590706728e+03
1.373658771410888916e-15 7.017508058493361330e-16 3.724438661961833986e+03
2.973063942796781223e-15 7.064436622171261433e-16 3.725155582101539494e+03
1.009691328094839976e-15 7.109050429619665644e-16 3.725872513009819158e+03
-2.736636096281620647e-15 7.091614307818882712e-16 3.726589454686670251e+03
2.255157283960644047e-15 7.163375388513239273e-16 3.727306407132089589e+03
1.052177609925852702e-15 7.260080374456937268e-16 3.728023370346073534e+03
-1.832566787208005013e-15 7.323848737302168386e-16 3.728740344328620267e+03
1.455404827553025319e-15 7.329472151503422124e-16 3.729457329079725241e+03
-1.121182465634930829e-16 7.338465025543389298e-16 3.730174324599386182e+03
1.056171971971943218e-15 7.397496487321673105e-16 3.730891330887599452e+03
2.924919598685729609e-15 7.447774333983737452e-16 3.731608347944362322e+03
1.709036633977210551e-15 7.549239238453425492e-16 3.732325375769672064e+03
-3.064919276340100583e-15 7.498488405732792797e-16 3.733042414363525495e+03
2.023092913588163925e-16 7.466233044330417112e-16 3.733759463725918977e+03
2.818738155100160942e-15 7.485717700773802836e-16 3.734476523856849781e+03
1.803494030922436069e-15 7.461638827448827095e-16 3.735193594756315179e+03
-2.219553919438702470e-16 7.442318246256968727e-16 3.735910676424311077e+03
8.225455375286104462e-16 7.459603004915752630e-16 3.736627768860834294e+03
2.634567300146951993e-15 7.485716087029687634e-16 3.737344872065883919e+03
9.349014387620403873e-16 7.404835417051231502e-16 3.738061986039454496e+03
-1.466403866382241111e-15 7.364525371539289913e-16 3.738779110781544205e+03
7.976609898242749695e-16 7.378735878365935792e-16 3.739496246292150317e+03
1.923555412359892465e-15 7.321905299249782184e-16 3.740213392571268287e+03
3.318970169064599445e-15 7.333866963764782411e-16 3.740930549618896293e+03
-1.933176121765267867e-15 7.300649441479053572e-16 3.741647717435031154e+03
-1.094152735376396245e-15 7.267804920595490376e-16 3.742364896019668777e+03
1.367554330917498594e-15 7.246296959643678220e-16 3.743082085372807796e+03
2.203345105427009907e-15 7.252233202007992902e-16 3.743799285494444121e+03
3.045842557450803223e-15 7.180156149110326425e-16 3.744516496384574566e+03
2.348457716569341269e-15 7.163516704256477392e-16 3.745233718043197769e+03
2.405614258017199375e-15 7.152848025239996949e-16 3.745950950470308271e+03
1.753173507105093872e-15 7.095400662305777281e-16 3.746668193665904255e+03
8.541667234324048282e-16 7.022864357754763711e-16 3.747385447629982536e+03
1.018954610929951912e-15 6.944469851394868035e-16 3.748102712362540842e+03
-8.522750111621187528e-16 6.898862460186296997e-16 3.748819987863575079e+03
4.944820557804861855e-16 6.823223373118912706e-16 3.749537274133082065e+03
2.649138818372995787e-15 6.830612637682272912e-16 3.750254571171059979e+03
3.026258061163858112e-15 6.781035182289707549e-16 3.750971878977504730e+03
2.390411629301343197e-15 6.712522157261453854e-16 3.751689197552414043e+03
3.366825899137290938e-15 6.668848382745638053e-16 3.752406526895784737e+03
6.596147871083175783e-17 6.583343305871239281e-16 3.753123867007613626e+03
3.113288427896194776e-15 6.604132380089531626e-16 3.753841217887897074e+03
3.026400399974882628e-15 6.598344658151694164e-16 3.754558579536634170e+03
-5.348741432605158590e-17 6.525789725134309814e-16 3.755275951953819458e+03
2.835030524270998397e-15 6.481086030082668769e-16 3.755993335139451574e+03
3.221467428503977687e-15 6.494046240857484873e-16 3.756710729093527334e+03
1.448317552935082508e-15 6.480801434163571427e-16 3.757428133816042646e+03
4.644160187330818997e-15 6.445188335559178155e-16 3.758145549306996145e+03
5.249518213082380981e-16 6.377878050036317744e-16 3.758862975566383284e+03
2.860775532806056663e-15 6.356762155850809740e-16 3.759580412594202244e+03
3.956413884527764218e-15 6.384942844369813587e-16 3.760297860390449387e+03
1.273550641379528041e-15 6.327007585162201513e-16 3.761015318955121529e+03
2.668332808922146607e-15 6.307895109152991664e-16 3.761732788288217307e+03
2.315695908571277928e-15 6.226101942576022510e-16 3.762450268389732173e+03
2.347828746167664773e-15 6.151730508786217770e-16 3.763167759259663853e+03
-6.603638895753752658e-17 6.116746038391334894e-16 3.763885260898008710e+03
2.003354254296556289e-15 6.082332173697186723e-16 3.764602773304764469e+03
1.349949063014633672e-15 6.003252465951982378e-16 3.765320296479928402e+03
9.029353545035854947e-16 5.954486295131460046e-16 3.766037830423496416e+03
1.184262277977836148e-15 5.951872196787107797e-16 3.766755375135466238e+03
1.550263051674273567e-15 5.933752898692539472e-16 3.767472930615835139e+03
7.045016014379588478e-16 5.940389006352299342e-16 3.768190496864599481e+03
-2.865936458825177981e-16 5.884974903734016455e-16 3.768908073881756991e+03
8.294382652756403666e-16 5.871606271731280342e-16 3.769625661667305394e+03
3.098160641501559382e-15 5.892317854720478437e-16 3.770343260221240598e+03
1.764547621668324539e-15 5.914503699665225268e-16 3.771060869543560329e+03
1.086637877412994983e-15 5.918803205566330807e-16 3.771778489634261405e+03
-1.670934037557800805e-15 5.940153854851646219e-16 3.772496120493340186e+03
1.242076466708536155e-15 5.921055274191754691e-16 3.773213762120794854e+03
2.542244142247212790e-15 5.935755722670458069e-16 3.773931414516621771e+03
-1.866585893102774559e-16 5.904005947812257775e-16 3.774649077680817754e+03
-1.182321339459842441e-16 5.882476678296404876e-16 3.775366751613380984e+03
7.660412350801112841e-16 5.915125333444136330e-16 3.776084436314308732e+03
7.876745444448328350e-16 5.852002139518650529e-16 3.776802131783596451e+03
2.954144433168925261e-16 5.838591927584044380e-16 3.777519838021242322e+03
1.867919852643843742e-18 5.831347988025282707e-16 3.778237555027243616e+03
4.112458464958437337e-15 5.784603040034535944e-16 3.778955282801597605e+03
-5.281067363849230345e-16 5.733108756374236536e-16 3.779673021344300196e+03
9.622042528228963085e-16 5.730551489615506760e-16 3.780390770655349115e+03
2.156946569711045674e-15 5.706181539713889105e-16 3.781108530734741180e+03
9.266621145685490625e-16 5.626633671224601846e-16 3.781826301582474571e+03
2.101434345478653796e-16 5.634535334139421677e-16 3.782544083198546105e+03
-1.610995817811403741e-15 5.667649997027529221e-16 3.783261875582951689e+03
1.910208764727009711e-15 5.634024425987146992e-16 3.783979678735689959e+03
1.776315337130045427e-15 5.663697939963544654e-16 3.784697492656757277e+03
2.832889270053162423e-15 5.663269588555519850e-16 3.785415317346150914e+03
7.232549931323339231e-17 5.655487123304741116e-16 3.786133152803867233e+03
2.603209565592699628e-15 5.663106560916497873e-16 3.786850999029905324e+03
-6.860919017004092302e-16 5.625994894499655546e-16 3.787568856024260185e+03
2.167745627591135691e-15 5.643004061243649717e-16 3.788286723786929542e+03
5.345007397584990694e-17 5.657102331667513841e-16 3.789004602317911576e+03
1.749596336064116702e-15 5.675251846642568084e-16 3.789722491617203559e+03
8.527923198249298499e-16 5.665901087847904254e-16 3.790440391684799579e+03
1.500009213158878949e-15 5.624207225055224642e-16 3.791158302520700090e+03
1.175576687151753280e-15 5.570470996291540026e-16 3.791876224124901455e+03
3.533954221665103731e-15 5.549015573588588998e-16 3.792594156497400036e+03
8.638991960499688783e-16 5.524711137221422436e-16 3.793312099638194013e+03
-1.283674434510425923e-16 5.481838832029370478e-16 3.794030053547279749e+03
3.016243694371781946e-15 5.502002766114711500e-16 3.794748018224654970e+03
4.503460610931187884e-15 5.607717312979985600e-16 3.795465993670316493e+03
1.646146402996047662e-16 6.172867896231402450e-16 3.796183979884261134e+03
-1.016188019868923871e-15 5.607789672265115892e-16 3.796901976866486621e+03
-9.184164258811823769e-16 5.416208792399824651e-16 3.797619984616990223e+03
3.286342902947281708e-15 5.384011932398878428e-16 3.798338003135768304e+03
2.472754147833298703e-15 5.337990599007437341e-16 3.799056032422819044e+03
5.713305719022982875e-16 5.324212137361460840e-16 3.799774072478139715e+03
-2.874331614272601430e-16 5.354320504690320729e-16 3.800492123301726679e+03
1.246003933823500748e-15 5.331017388990277638e-16 3.801210184893577207e+03
1.642801282707556559e-15 5.286468870515165909e-16 3.801928257253688571e+03
9.987226891035925975e-16 5.253580433693607869e-16 3.802646340382058952e+03
4.635643147231938311e-16 5.234486305698038027e-16 3.803364434278684712e+03
2.132225066425571880e-15 5.263815862476271029e-16 3.804082538943561758e+03
2.391238043185536829e-16 5.304458828136269597e-16 3.804800654376689636e+03
2.281543062468362964e-15 5.260734767515730007e-16 3.805518780578064252e+03
9.089035167585129486e-16 5.281123031724052118e-16 3.806236917547682424e+03
-1.711123380127620111e-16 5.277875623625541892e-16 3.806955065285543242e+03
1.896595809952018382e-15 5.297782896928155069e-16 3.807673223791642158e+03
1.364062950841635782e-16 5.304248132005891153e-16 3.808391393065976445e+03
2.209275069883569237e-15 5.313426121482234487e-16 3.809109573108544737e+03
-4.165252820969443368e-16 5.325478777958037424e-16 3.809827763919342942e+03
2.253489010898959107e-15 5.331484568073138385e-16 3.810545965498368787e+03
1.368949744513627745e-15 5.297027709912112246e-16 3.811264177845619997e+03
1.370123424183329619e-15 5.231890957719955450e-16 3.811982400961091116e+03
4.801326887373660406e-15 5.263269224061266145e-16 3.812700634844783508e+03
-3.409293919711483010e-16 5.245892451252270819e-16 3.813418879496691716e+03
7.736815530222870539e-16 5.270044346350381117e-16 3.814137134916813011e+03
1.223007992890193771e-15 5.246504641432822369e-16 3.814855401105146484e+03
8.277855510369981871e-16 5.213117018074472511e-16 3.815573678061687588e+03
1.189741950572182484e-16 5.173409230221584447e-16 3.816291965786434048e+03
1.118192820399300503e-15 5.205756566963719770e-16 3.817010264279382682e+03
9.335585590720840102e-16 5.201741974853604804e-16 3.817728573540532125e+03
7.691426824334772538e-16 5.148494589936657949e-16 3.818446893569876920e+03
3.461274158174771085e-15 5.201012636775551361e-16 3.819165224367417977e+03
2.450742434088212494e-15 5.201562683153040524e-16 3.819883565933150294e+03
-1.785478670686167897e-16 5.159980517460257373e-16 3.820601918267071596e+03
-6.173004473594906699e-16 5.162005820182937042e-16 3.821320281369178701e+03
7.221877763882632691e-16 5.126708006494859072e-16 3.822038655239469790e+03
-9.082608129512090542e-16 5.104710343815694375e-16 3.822757039877941679e+03
6.313371417671728132e-16 5.120493756314784432e-16 3.823475435284592095e+03
6.557189658160854293e-17 5.185609037862225445e-16 3.824193841459416944e+03
1.003876450177449235e-15 5.172897948677468852e-16 3.824912258402414409e+03
1.700301129876088522e-15 5.196502330160860479e-16 3.825630686113581760e+03
2.869699487200079583e-15 5.232918958158139386e-16 3.826349124592915814e+03
-3.067774428644170999e-16 5.237465037714770528e-16 3.827067573840416117e+03
8.754830891449523974e-16 5.260631990668007501e-16 3.827786033856075392e+03
1.420095559696325384e-15 5.258614400534863142e-16 3.828504504639895913e+03
1.091500599511817548e-15 5.246408952591052278e-16 3.829222986191871769e+03
1.190216139616299778e-15 5.264728662599248861e-16 3.829941478512001595e+03
5.393634913451763784e-16 5.295299086604594207e-16 3.830659981600282663e+03
9.517147629309213511e-16 5.267189801368828425e-16 3.831378495456710425e+03
1.491617793000502042e-15 5.286933197381819092e-16 3.832097020081284427e+03
-7.754211272735587395e-16 5.283016983725033496e-16 3.832815555474001940e+03
3.673266136278094033e-15 5.309582580210927913e-16 3.833534101634859326e+03
6.849848308277687653e-16 5.334760743941261889e-16 3.834252658563853402e+03
4.467671120583900322e-16 5.354351107962830729e-16 3.834971226260983713e+03
4.651442001755841023e-16 5.310142458966843359e-16 3.835689804726244347e+03
2.717041057132724385e-15 5.296044142020084844e-16 3.836408393959634850e+03
5.902884956971225430e-16 5.275487432188051195e-16 3.837126993961152948e+03
-2.681346326475303355e-16 5.214917925360508371e-16 3.837845604730794548e+03
1.701618338229776734e-15 5.205124606846245745e-16 3.838564226268556922e+03
2.849478420667266473e-15 5.172088397978411686e-16 3.839282858574438251e+03
4.694675097435360629e-16 5.115729230777505000e-16 3.840001501648435806e+03
9.081220740562344960e-16 5.084631924193532705e-16 3.840720155490546404e+03
8.774925779440364081e-16 5.045710690004671215e-16 3.841438820100768226e+03
5.593333858121624177e-16 5.035110182623447121e-16 3.842157495479097634e+03
4.779682491680580537e-15 4.892259934356245280e-16 3.842876181625532809e+03
2.081801071322861195e-15 4.843033042753998986e-16 3.843594878540069658e+03
-2.489472180843514494e-14 7.008805445954768237e-16 3.844313586222708182e+03
-1.857350297573319693e-14 5.302373176221130092e-16 3.845032304673443377e+03
5.730570658658412885e-15 4.714131971485804315e-16 3.845751033892272062e+03
6.591700789676380127e-15 4.733423779227680935e-16 3.846469773879195600e+03
2.955950438304430022e-15 4.758022972638494010e-16 3.847188524634206715e+03
1.375127664645535163e-15 4.789780790778475312e-16 3.847907286157304952e+03
6.815519047202818085e-16 4.764415012611565966e-16 3.848626058448486674e+03
1.933831228874821015e-17 4.753647279814136424e-16 3.849344841507751880e+03
1.443197147425535458e-15 4.717495016384166848e-16 3.850063635335093750e+03
6.744711388925585888e-16 4.726284739538339952e-16 3.850782439930514101e+03
-2.684076367304982723e-16 4.741000504828419828e-16 3.851501255294006114e+03
1.549328033638990736e-15 4.711126545719244252e-16 3.852220081425570243e+03
3.463277566767427266e-15 4.676257969243756278e-16 3.852938918325202849e+03
2.552758492331281946e-15 4.667398076550470635e-16 3.853657765992900750e+03
-2.242294975199702000e-15 4.646739367500788431e-16 3.854376624428662126e+03
-1.657181140010685202e-16 4.616405575253980094e-16 3.855095493632484249e+03
4.023829376229366223e-15 4.589201381715210457e-16 3.855814373604363027e+03
1.115213645666816398e-15 4.551813090283924587e-16 3.856533264344298004e+03
-5.090439400765191775e-16 4.525785909557822038e-16 3.857252165852286453e+03
1.368519041626858354e-15 4.575870332624123203e-16 3.857971078128324734e+03
2.298339389030358110e-15 4.511676932641623744e-16 3.858690001172410120e+03
1.008858573087983835e-15 4.444899419573342620e-16 3.859408934984540792e+03
2.168130847106623155e-16 4.426299178765497577e-16 3.860127879564713112e+03
1.438465470969596343e-15 4.395516352982385926e-16 3.860846834912925260e+03
3.675815430210224800e-16 4.377954538146904542e-16 3.861565801029175418e+03
9.501121926237473977e-16 4.363210845308546180e-16 3.862284777913459493e+03
7.597971787574788507e-16 4.330481302369267777e-16 3.863003765565775211e+03
3.031246077595681745e-15 4.325693809722670321e-16 3.863722763986121208e+03
-2.587744700572312139e-16 4.272716736040876359e-16 3.864441773174492937e+03
1.879187180858376302e-16 4.264079616456386749e-16 3.865160793130889942e+03
-4.298092789509645426e-16 4.222378950612962361e-16 3.865879823855308132e+03
1.320448221728419205e-15 4.214863790580000739e-16 3.866598865347744777e+03
6.164614505761099733e-17 4.155313597316337317e-16 3.867317917608198968e+03
1.263036447810332514e-16 4.171130718032554935e-16 3.868036980636666158e+03
-8.697018111440174060e-16 4.169981043866229462e-16 3.868756054433144527e+03
3.137678185022761071e-15 4.142554036544079454e-16 3.869475138997632712e+03
2.489567051611444117e-15 4.171179318682345704e-16 3.870194234330126164e+03
-2.982039275608814022e-16 4.161701815930738652e-16 3.870913340430624430e+03
-3.339980505586834809e-16 4.172257396142071358e-16 3.871632457299122507e+03
2.714577563746092644e-15 4.174020818996854872e-16 3.872351584935619485e+03
1.554895914506980698e-15 4.135211998411808952e-16 3.873070723340112636e+03
-6.850855369140350763e-16 4.137935283169490084e-16 3.873789872512599231e+03
-8.265096495823914165e-17 4.119211085727623246e-16 3.874509032453075633e+03
1.365201864209928624e-15 4.082250293076581855e-16 3.875228203161542297e+03
1.019457236090938927e-15 4.078609522321105390e-16 3.875947384637992855e+03
1.548973687077578327e-15 4.051846859054659396e-16 3.876666576882427762e+03
1.534195769981842724e-15 4.059230274616564240e-16 3.877385779894842926e+03
8.663009384497756364e-16 4.047685569979589916e-16 3.878104993675236983e+03
-4.941257746234376424e-17 4.014997406067578022e-16 3.878824218223606294e+03
9.604897679898149735e-16 4.007335078053057513e-16 3.879543453539948587e+03
3.989318621279860711e-15 3.981633986479338970e-16 3.880262699624260677e+03
-6.200510768240722158e-16 3.980660122568046903e-16 3.880981956476542109e+03
-1.992200630085541112e-15 3.938231746055364428e-16 3.881701224096787882e+03
1.658289868949116969e-15 3.935034703133256423e-16 3.882420502484997996e+03
2.025854672598455285e-15 3.915393771234250312e-16 3.883139791641166994e+03
1.528122576856225405e-15 3.918299378982824706e-16 3.883859091565294875e+03
-1.713965096659029080e-16 3.927401591390043901e-16 3.884578402257378002e+03
1.064727998952824632e-15 3.904951327212475520e-16 3.885297723717414101e+03
2.685619584499987733e-15 3.873687781646543066e-16 3.886017055945399989e+03
1.230076179874137400e-15 3.877173948858761760e-16 3.886736398941334301e+03
1.420767577285929629e-15 3.890137283863368026e-16 3.887455752705213854e+03
-1.550433215010240839e-15 3.870003497041887108e-16 3.888175117237036829e+03
2.073152144187546416e-15 3.853718639370858067e-16 3.888894492536799589e+03
1.110478949062370423e-15 3.849518845168136033e-16 3.889613878604500769e+03
9.944229001232508048e-16 3.853584255138803643e-16 3.890333275440136731e+03
9.386605940451371651e-16 3.835266988900501199e-16 3.891052683043705656e+03
2.012551580180753766e-16 3.821695859173859020e-16 3.891772101415205270e+03
1.014748719742500818e-15 3.804873387287147893e-16 3.892491530554632845e+03
2.565597381002124813e-16 3.801123223866607089e-16 3.893210970461985198e+03
1.325957651047434702e-15 3.812549761850861882e-16 3.893930421137260055e+03
1.492753517754985686e-15 3.793912023298642173e-16 3.894649882580456961e+03
4.740254228346062927e-17 3.794500763669787725e-16 3.895369354791570913e+03
-1.986147572207329284e-16 3.764506402381563841e-16 3.896088837770600549e+03
2.413697801710478183e-15 3.745862442659109641e-16 3.896808331517543593e+03
2.968768796209834693e-16 3.756296718569127130e-16 3.897527836032396408e+03
1.104710782968299600e-15 3.759377267751862344e-16 3.898247351315156720e+03
1.438465897250956643e-16 3.769328703769750013e-16 3.898966877365824075e+03
2.787905835145673358e-15 3.784743736073247591e-16 3.899686414184394380e+03
1.417768727951316587e-15 3.823311762721854583e-16 3.900405961770864906e+03
-7.486427379978532460e-17 3.821710625884693816e-16 3.901125520125233379e+03
6.790397804627087561e-16 3.841789161544658981e-16 3.901845089247497526e+03
2.233546933482375128e-15 3.856390630373098391e-16 3.902564669137655528e+03
-2.155659536767300658e-16 3.852219637823550486e-16 3.903284259795704202e+03
1.834248176141921628e-15 3.888723693753298065e-16 3.904003861221641273e+03
7.958454414996946289e-16 3.911050693786251208e-16 3.904723473415464468e+03
-9.368536747726248534e-17 3.895761846674528340e-16 3.905443096377170605e+03
8.591865018014091414e-16 3.907971654246016484e-16 3.906162730106757408e+03
2.275451696408581766e-15 3.926124056518264423e-16 3.906882374604222605e+03
4.407073014337670304e-16 3.915371269598761803e-16 3.907602029869565740e+03
-1.333188857260511033e-16 3.944851207138764396e-16 3.908321695902780903e+03
8.484625185513074598e-16 3.939802327509252173e-16 3.909041372703867182e+03
6.318833349848578304e-16 3.899492110153071753e-16 3.909761060272823670e+03
1.626583966819813531e-15 3.912357852502438790e-16 3.910480758609644909e+03
8.629919433904495176e-16 3.903803818298228976e-16 3.911200467714330443e+03
-1.347775771348446837e-15 3.890114682731040658e-16 3.911920187586879365e+03
1.154525606457458831e-15 3.876086383506506051e-16 3.912639918227285762e+03
1.743134581953926963e-15 3.876532177593843786e-16 3.913359659635548724e+03
1.205908861809171149e-15 3.823948940940990500e-16 3.914079411811666432e+03
-5.480129980181968686e-16 3.815965528714304317e-16 3.914799174755635704e+03
-1.617542016485404779e-17 3.798369926173965784e-16 3.915518948467454720e+03
2.102061789078668993e-15 3.738529718460082356e-16 3.916238732947120752e+03
3.749146004209024278e-16 3.723851108198939195e-16 3.916958528194631072e+03
8.148517543504899905e-16 3.691946297958798194e-16 3.917678334209983404e+03
6.584493822871104952e-16 3.703777991627550183e-16 3.918398150993175477e+03
2.115529814906013058e-15 3.662615829968491717e-16 3.919117978544205471e+03
1.627996647726798338e-15 3.652534335758956293e-16 3.919837816863069747e+03
4.814849812228959982e-16 3.629044757517514812e-16 3.920557665949766943e+03
1.420174273315111416e-15 3.606219969416471266e-16 3.921277525804293873e+03
7.443353801940031083e-16 3.590064833631368752e-16 3.921997396426649175e+03
-1.184909368076096122e-15 3.552993493109354164e-16 3.922717277816829665e+03
1.785653675443775541e-15 3.537965944246201122e-16 3.923437169974832614e+03
2.291940764587048064e-15 3.528938310277874989e-16 3.924157072900656203e+03
5.074115020749326759e-16 3.512149678141981064e-16 3.924876986594299069e+03
2.954335093413319190e-16 3.497930430257846233e-16 3.925596911055757118e+03
1.502690908942033399e-15 3.473869512329079650e-16 3.926316846285028987e+03
-9.088042242882511599e-16 3.466524176872070772e-16 3.927036792282110582e+03
1.613968489252560357e-15 3.445223893907074917e-16 3.927756749047001449e+03
2.090833720586295050e-15 3.439537083518277047e-16 3.928476716579698405e+03
8.192966162382377278e-17 3.443119209479593264e-16 3.929196694880200084e+03
1.169982223726277499e-15 3.429013870163444065e-16 3.929916683948503305e+03
1.557414541619751500e-15 3.533535223249837334e-16 3.930636683784605339e+03
1.236297565849063256e-15 3.419451930678673333e-16 3.931356694388503456e+03
1.101717220031051651e-16 3.409084180171895756e-16 3.932076715760196748e+03
4.615066702419366258e-16 3.410370191633305346e-16 3.932796747899681577e+03
1.151522210261586690e-15 3.425270240647122222e-16 3.933516790806956578e+03
1.749857452405701998e-15 3.454612009707523385e-16 3.934236844482018114e+03
2.134692212623440934e-15 3.478021328716362299e-16 3.934956908924865729e+03
1.100226202384580800e-15 3.490040234506065951e-16 3.935676984135495331e+03
4.257574562347310592e-16 3.509753380752192155e-16 3.936397070113904192e+03
-6.179418562201767190e-16 3.516438232792963934e-16 3.937117166860092766e+03
9.741685067657196744e-17 3.529364632066034874e-16 3.937837274374056051e+03
2.765541689969624181e-15 3.553832767752876561e-16 3.938557392655792682e+03
-1.230263805533824839e-16 3.541254204346326127e-16 3.939277521705300387e+03
9.110129953455493172e-16 3.551414839579078586e-16 3.939997661522575982e+03
1.838416251104500214e-15 3.560302858865391780e-16 3.940717812107618556e+03
6.625181829063483634e-16 3.570981143063132093e-16 3.941437973460424473e+03
3.632979870243812888e-16 3.584905022280674598e-16 3.942158145580991913e+03
6.454667780727441801e-16 3.584766970439121912e-16 3.942878328469319058e+03
7.019104196737318864e-16 3.604883601577118981e-16 3.943598522125401814e+03
2.466235696215524612e-15 3.562345177785449095e-16 3.944318726549240637e+03
4.098555629054123610e-16 3.571561720814722315e-16 3.945038941740830523e+03
6.004905214056650608e-16 3.537767506203041035e-16 3.945759167700170565e+03
-6.064979509332610002e-17 3.523123634839724054e-16 3.946479404427258032e+03
2.263022739994828168e-16 3.523506316661095149e-16 3.947199651922091107e+03
1.336724479911813178e-15 3.519153201850295062e-16 3.947919910184666151e+03
8.435264959126259457e-16 3.507999091830099096e-16 3.948640179214982709e+03
3.615798740731529486e-16 3.485043686831681431e-16 3.949360459013037598e+03
1.726297229787144988e-15 3.489199360864740346e-16 3.950080749578828090e+03
9.000894609913051917e-16 3.451903324631037267e-16 3.950801050912352366e+03
6.863277958160454016e-16 3.433774887822405766e-16 3.951521363013607242e+03
1.008893144290373208e-15 3.395843418259353614e-16 3.952241685882592719e+03
-1.697128532434327524e-16 3.398351304864648382e-16 3.952962019519303340e+03
8.688596412305255361e-16 3.367720133179239512e-16 3.953682363923738194e+03
1.591685066266826932e-15 3.369659124051320088e-16 3.954402719095896373e+03
9.077919268069807184e-16 3.370652361929441976e-16 3.955123085035773784e+03
9.044972499016800323e-16 3.317322673929184967e-16 3.955843461743368607e+03
6.291749467165542281e-17 3.288428768458272430e-16 3.956563849218679024e+03
1.927653293851533966e-15 3.263552756401506699e-16 3.957284247461701852e+03
1.670606256794114470e-15 3.233696171253639771e-16 3.958004656472435727e+03
3.550847929431692556e-16 3.227091347851805831e-16 3.958725076250877919e+03
-4.644550479059859455e-16 3.194950396585048954e-16 3.959445506797026610e+03
1.904704485748650642e-15 3.167449533389331030e-16 3.960165948110878162e+03
1.164725389274556153e-15 3.154455234696966632e-16 3.960886400192431211e+03
5.954290968908755879e-16 3.151815415029174781e-16 3.961606863041683937e+03
2.144501685666348964e-15 3.153724788983440925e-16 3.962327336658633612e+03
3.367352454184395755e-16 3.127225977689811638e-16 3.963047821043277509e+03
4.153468125607596609e-16 3.130712778570730015e-16 3.963768316195614716e+03
5.581596223950686320e-16 3.119390630843276308e-16 3.964488822115641597e+03
9.773771267659505729e-16 3.103384019859430526e-16 3.965209338803355877e+03
5.392262842037953580e-16 3.086671317965730445e-16 3.965929866258756192e+03
-6.111723842747354772e-16 3.081436008793240290e-16 3.966650404481839360e+03
2.047244552956050430e-15 3.099746641503358500e-16 3.967370953472604015e+03
1.422764578179925361e-15 3.125981003222589372e-16 3.968091513231047884e+03
1.453232681484937825e-15 3.131786203799368540e-16 3.968812083757167784e+03
1.106999048034870784e-15 3.132939979528410458e-16 3.969532665050961896e+03
-6.725081439288005455e-16 3.121755698810220608e-16 3.970253257112427491e+03
7.333920646455171622e-16 3.132176750951165723e-16 3.970973859941564115e+03
1.001047238348841225e-15 3.123259905628228422e-16 3.971694473538366765e+03
8.701661275737803899e-16 3.188560231156736866e-16 3.972415097902835441e+03
-5.730658013600176264e-16 3.232074460700714736e-16 3.973135733034967416e+03
-3.104516925743498315e-16 3.664486483111951013e-16 3.973856378934759960e+03
2.561182240205283625e-15 3.270195364360850118e-16 3.974577035602211254e+03
2.729033834181079642e-16 3.322325782805870916e-16 3.975297703037318570e+03
1.689935241043057007e-15 3.143130890465759645e-16 3.976018381240079179e+03
5.940082041639080107e-16 3.123355695909772692e-16 3.976739070210493082e+03
2.025067071099890344e-15 3.136968753526084198e-16 3.977459769948555731e+03
-2.055506051206947292e-16 3.170080091888531937e-16 3.978180480454265762e+03
8.937093525051621080e-16 3.374746508522611534e-16 3.978901201727621810e+03
1.015792797751521174e-15 3.406144274030290942e-16 3.979621933768618874e+03
3.512815949944347534e-16 3.159335908290231773e-16 3.980342676577258317e+03
9.043512014681596542e-16 3.150165796601046492e-16 3.981063430153534682e+03
1.333972652503526382e-15 3.144270653407881076e-16 3.981784194497448880e+03
8.577236888347069854e-16 3.143356616608018192e-16 3.982504969608995907e+03
1.547215133159307278e-15 3.146912932566462967e-16 3.983225755488175309e+03
1.063045562074742636e-15 3.141542476452649997e-16 3.983946552134983904e+03
1.108894100227071058e-15 3.116251466413525969e-16 3.984667359549420325e+03
5.253176201079864388e-16 3.100969979292035382e-16 3.985388177731481392e+03
3.247641286979120290e-16 3.080368974634448154e-16 3.986109006681165283e+03
8.825999059351344540e-16 3.067983656401293406e-16 3.986829846398470181e+03
4.620654275605878379e-16 3.054249548099899198e-16 3.987550696883393812e+03
2.084065540356647541e-15 3.059846674863430842e-16 3.988271558135932992e+03
4.391887803989781037e-16 3.047099336769651742e-16 3.988992430156087721e+03
8.376572368326328368e-16 3.018027090696688708e-16 3.989713312943852543e+03
4.629766018922776333e-16 3.006706997317147514e-16 3.990434206499227912e+03
2.581228519159729629e-16 2.991185056630791442e-16 3.991155110822211554e+03
9.679552817095498518e-16 2.991713739359727131e-16 3.991876025912799378e+03
-4.084225257044656342e-16 2.964782164660587106e-16 3.992596951770990017e+03
6.986846729056809820e-16 2.982804461895921438e-16 3.993317888396782109e+03
1.336315232392506913e-15 2.983974709765231632e-16 3.994038835790173380e+03
1.321754750047250366e-15 2.998250602172735283e-16 3.994759793951161100e+03
5.843830193107451006e-16 3.023078003567405791e-16 3.995480762879742542e+03
1.988102509835749120e-17 2.978607624016930249e-16 3.996201742575916342e+03
1.047396503248479370e-15 2.957760932232212778e-16 3.996922733039680679e+03
4.223238899247159638e-16 2.963569382076084359e-16 3.997643734271032372e+03
6.670121752634693546e-16 2.976116228522845944e-16 3.998364746269969601e+03
-2.999475817888862321e-16 2.960672556378752926e-16 3.999085769036491001e+03
6.472406177735093457e-16 2.956211202745447019e-16 3.999806802570592481e+03
8.071115550476858827e-16 2.973122329209902512e-16 4.000527846872274495e+03
1.713779367422414868e-15 2.975733872703532258e-16 4.001248901941532495e+03
5.067310697049801785e-16 2.993207539456704521e-16 4.001969967778366481e+03
9.687116441688603084e-16 2.993364381358192757e-16 4.002691044382771906e+03
7.835143627504115574e-16 3.000779911714497707e-16 4.003412131754747861e+03
1.610599762731485537e-15 3.028884563790910318e-16 4.004133229894292526e+03
-3.064332678220102950e-16 3.030562487952411956e-16 4.004854338801403173e+03
3.551072277659794642e-16 3.043980965497513409e-16 4.005575458476076165e+03
1.043643510803928832e-15 3.067782646025402171e-16 4.006296588918313773e+03
9.039620304674661826e-16 3.045816701846331968e-16 4.007017730128109633e+03
9.688012029082562903e-16 3.040552817490134565e-16 4.007738882105463290e+03
1.269153823520318045e-15 3.029842440907312313e-16 4.008460044850372469e+03
4.405250282981707846e-16 3.045799623607408244e-16 4.009181218362834443e+03
8.808484158279275600e-16 3.043234550333418984e-16 4.009902402642847846e+03
1.037593986967784574e-15 3.042240524677117765e-16 4.010623597690409952e+03
2.035853534046213812e-15 3.043433102093406365e-16 4.011344803505518030e+03
2.641819841821452251e-16 3.036020329803095701e-16 4.012066020088172081e+03
-8.735775158627168649e-16 3.008958065321114353e-16 4.012787247438368468e+03
1.295349875224152320e-15 3.013519713837029462e-16 4.013508485556104461e+03
1.009810358067141952e-15 3.012292820947330607e-16 4.014229734441378696e+03
1.396545468973422182e-15 3.008323506008019088e-16 4.014950994094189809e+03
3.924882754870257710e-16 3.015689513913729747e-16 4.015672264514534618e+03
6.674230612090355846e-16 3.004428172732796428e-16 4.016393545702411302e+03
3.577055573022813915e-16 3.001502481275342756e-16 4.017114837657817588e+03
8.689825855390498569e-16 3.005583515438747454e-16 4.017836140380750749e+03
1.176568773752368881e-15 2.972828207102122184e-16 4.018557453871210328e+03
9.875341820126266770e-16 2.963972723806523386e-16 4.019278778129193597e+03
8.213743611857133108e-17 2.963306792347105554e-16 4.020000113154697829e+03
1.224392358321010667e-15 2.946126169069627122e-16 4.020721458947719839e+03
1.380193060596633687e-16 2.927768142840400268e-16 4.021442815508260537e+03
1.327722459219156641e-15 2.927130171033291100e-16 4.022164182836315376e+03
1.089875833925603625e-15 2.929334949908944951e-16 4.022885560931883447e+03
1.601382873057290665e-15 2.910485368775043704e-16 4.023606949794961110e+03
1.005944551842223423e-15 2.905535261227244066e-16 4.024328349425548367e+03
-1.011966046399273907e-16 2.882221822090543217e-16 4.025049759823641580e+03
1.618175185316697555e-15 2.898363415253333708e-16 4.025771180989238928e+03
1.157308657921858565e-16 2.862611416053400606e-16 4.026492612922339504e+03
5.022477229808368945e-16 2.843043345257566078e-16 4.027214055622938758e+03
1.338990535719560454e-15 2.838511011043275809e-16 4.027935509091036693e+03
1.143560339199186399e-15 2.832565975884560215e-16 4.028656973326630578e+03
8.445216577769203142e-16 2.807330274738383405e-16 4.029378448329718594e+03
9.878082354240869824e-16 2.826444339687380971e-16 4.030099934100298015e+03
1.125609516689091074e-15 2.845869136310011402e-16 4.030821430638367019e+03
3.280753760783587495e-16 2.986292039921704652e-16 4.031542937943923789e+03
7.229803255890547703e-16 2.838946270466673934e-16 4.032264456016966051e+03
6.116236417959721135e-16 2.841718763504570958e-16 4.032985984857492440e+03
1.688886311261544181e-15 2.858715942143207262e-16 4.033707524465499773e+03
1.859680528016763236e-15 2.857518800713252192e-16 4.034429074840985777e+03
-3.612853209618813279e-16 2.837818131478905419e-16 4.035150635983948632e+03
5.687870915188636660e-16 2.849531676439490180e-16 4.035872207894386975e+03
3.581872450837206360e-16 2.864660706476576295e-16 4.036593790572297621e+03
8.466874671477512424e-16 2.863845044835659554e-16 4.037315384017680572e+03
1.476491587710687557e-15 2.869112327650856502e-16 4.038036988230531733e+03
1.095222035282710891e-15 2.854958397247878421e-16 4.038758603210850197e+03
1.473859089101950927e-17 2.863275012069332892e-16 4.039480228958631415e+03
5.279545294363840310e-16 2.851533283736374215e-16 4.040201865473876751e+03
6.359116081257201505e-16 2.847756018805146484e-16 4.040923512756583477e+03
4.091020534682697233e-16 2.861846993635030326e-16 4.041645170806747046e+03
7.196987317853716664e-16 2.853480552960796604e-16 4.042366839624368367e+03
1.363444693090649611e-15 2.861519138784858935e-16 4.043088519209442893e+03
1.703409524699492205e-15 2.857079488910666084e-16 4.043810209561971078e+03
1.691641881936253638e-15 2.865247740441714557e-16 4.044531910681948375e+03
-3.033787043916310101e-16 2.870192773511146424e-16 4.045253622569374784e+03
8.698511353692362241e-16 2.863362885444674307e-16 4.045975345224246666e+03
1.906921564372529777e-16 2.859038600547258611e-16 4.046697078646562659e+03
1.529179872357339982e-15 2.861175083736761315e-16 4.047418822836321397e+03
7.265696930964871620e-16 2.856417981223340591e-16 4.048140577793519697e+03
1.400265788598630945e-15 2.845376655136643243e-16 4.048862343518156194e+03
3.430626620453908111e-16 2.834889476410232734e-16 4.049584120010228162e+03
2.006902814598595048e-15 2.831075872458653728e-16 4.050305907269734234e+03
7.423776051035421184e-16 2.802367249045363841e-16 4.051027705296672139e+03
4.564069197620619174e-16 2.770480593794490668e-16 4.051749514091039600e+03
1.685957358351166490e-15 2.758511987197945818e-16 4.052471333652834801e+03
1.635371269571347534e-15 2.750406707544347747e-16 4.053193163982056831e+03
7.874239435181896373e-16 2.730178869812891786e-16 4.053915005078702052e+03
1.188501831027280655e-15 2.703484927872714593e-16 4.054636856942768190e+03
6.479588147943590470e-16 2.692808354040982457e-16 4.055358719574254337e+03
1.012801389412992188e-15 2.668237942624250347e-16 4.056080592973157763e+03
1.660857804059659000e-15 2.660532168321366184e-16 4.056802477139477560e+03
1.062200898883972464e-15 2.663183957392931751e-16 4.057524372073210543e+03
1.050124253665096494e-15 2.654865968543249144e-16 4.058246277774354894e+03
-8.574046138233292523e-17 2.647418673753255113e-16 4.058968194242908794e+03
5.526766380751712591e-16 2.659966099038381045e-16 4.059690121478869514e+03
1.345900786037609748e-15 2.645843892447225803e-16 4.060412059482237510e+03
1.111069185819000003e-15 2.648929982235824718e-16 4.061134008253008233e+03
1.046752826975674708e-15 2.652771575717601744e-16 4.061855967791179864e+03
-4.825463553024299130e-18 2.622946358998740187e-16 4.062577938096751495e+03
1.240244640858100772e-15 2.621588598713423697e-16 4.063299919169719487e+03
5.915081596262265184e-16 2.604843497737293997e-16 4.064021911010084295e+03
1.220851736757666694e-15 2.619190137034951747e-16 4.064743913617841827e+03
-2.703886187407349213e-16 2.608989352831996882e-16 4.065465926992989807e+03
1.225188568883128716e-15 2.602718711614686504e-16 4.066187951135528692e+03
1.560103149445800832e-15 2.601451384799421806e-16 4.066909986045454389e+03
7.814697762122017263e-16 2.573307317683815032e-16 4.067632031722765532e+03
8.509847713306680326e-16 2.529139188211813217e-16 4.068354088167459850e+03
2.028791691873033919e-17 2.516787952591986894e-16 4.069076155379535976e+03
7.155373631974770578e-16 2.514339338416566215e-16 4.069798233358991183e+03
7.663968778508891364e-16 2.511982651384371374e-16 4.070520322105824562e+03
7.960376206131379461e-16 2.503801430720891386e-16 4.071242421620032474e+03
1.537182303621024045e-15 2.496352014991894019e-16 4.071964531901614464e+03
-1.722106404222308476e-16 2.471547751110861708e-16 4.072686652950567350e+03
8.706179811293825793e-16 2.445939023231088224e-16 4.073408784766890221e+03
1.153896178794976483e-15 2.432324840802502150e-16 4.074130927350580350e+03
1.047946154987392130e-15 2.424533513770672626e-16 4.074853080701635918e+03
1.012807956088427439e-15 2.409660431624946292e-16 4.075575244820054650e+03
5.403806336772730407e-16 2.380455923942810992e-16 4.076297419705835637e+03
1.241657717078268414e-15 2.353143592902274547e-16 4.077019605358976150e+03
4.722233566101155917e-16 2.340628056668555680e-16 4.077741801779473462e+03
9.930145144861090995e-16 2.323993100131682733e-16 4.078464008967326663e+03
7.898997533270690102e-16 2.309983315502579252e-16 4.079186226922533933e+03
4.278205782138064231e-16 2.310511584908735064e-16 4.079908455645092999e+03
1.455631547514480594e-15 2.301639233284712980e-16 4.080630695135001588e+03
7.826352001759436012e-16 2.258055053052326541e-16 4.081352945392256970e+03
-9.015454229762777172e-17 2.242065314855050871e-16 4.082075206416860055e+03
-1.469256308635914502e-16 2.221612155541972419e-16 4.082797478208805842e+03
3.184695872793932249e-16 2.217790129593927852e-16 4.083519760768093420e+03
1.651761200208508385e-15 2.157266611574872412e-16 4.084242054094719606e+03
2.632426485850380226e-16 2.134023313991286330e-16 4.084964358188686674e+03
8.616805703405094702e-16 2.127952392058798289e-16 4.085686673049987348e+03
6.885857930298313089e-16 2.130620278041182885e-16 4.086408998678623902e+03
1.119859338463947340e-15 2.106094922649689288e-16 4.087131335074590424e+03
1.783241136996314337e-16 2.082610378131957175e-16 4.087853682237888279e+03
4.803304527590712640e-16 2.061159750498977641e-16 4.088576040168513828e+03
2.579372396237182889e-16 2.051238065835225003e-16 4.089298408866466161e+03
7.896731937042681435e-16 2.025928527293649898e-16 4.090020788331741642e+03
1.264276647575348560e-15 2.007309573551242255e-16 4.090743178564340724e+03
4.537759596350661289e-16 2.007272528737141877e-16 4.091465579564260679e+03
1.294635657014113711e-16 1.987397510735329460e-16 4.092187991331497415e+03
9.060166040687320486e-16 1.948356739142626491e-16 4.092910413866052295e+03
1.132686315150017821e-15 1.949454894971133914e-16 4.093632847167920318e+03
1.424454051208065893e-15 1.924905084666794769e-16 4.094355291237101937e+03
1.732108811716432079e-16 1.908158550201799684e-16 4.095077746073593516e+03
1.936948465302746749e-16 1.885052915697666071e-16 4.095800211677393236e+03
6.455854048996139429e-16 1.862330206196479923e-16 4.096522688048501550e+03
8.057971960195116172e-16 1.842678895177994974e-16 4.097245175186913002e+03
4.064676660218827277e-16 1.827179723637424561e-16 4.097967673092629411e+03
1.029471600130126600e-15 1.814378827783030104e-16 4.098690181765645320e+03
8.091990833196403666e-16 1.806034077108785870e-16 4.099412701205961639e+03
4.382447232470728086e-16 1.790851757909778609e-16 4.100135231413572910e+03
1.399549952829462079e-15 1.781675636580109435e-16 4.100857772388480953e+03
2.473061694959269226e-16 1.786547612996449491e-16 4.101580324130683039e+03
6.374647049662368021e-16 1.796685025103622719e-16 4.102302886640176439e+03
2.957513401612115938e-16 1.795129757997993382e-16 4.103025459916958425e+03
4.691759249368232930e-16 1.797922265964548681e-16 4.103748043961028088e+03
8.497538741793828535e-16 1.802849923294832349e-16 4.104470638772383609e+03
4.299241361544333346e-16 1.810229712543617978e-16 4.105193244351023168e+03
5.712678170530983759e-16 1.812318676324473276e-16 4.105915860696944947e+03
1.130940738427473092e-15 1.808809206722608290e-16 4.106638487810145307e+03
1.055299077885241385e-15 1.813745435602146080e-16 4.107361125690624249e+03
7.959677125729892688e-16 1.810762837055581695e-16 4.108083774338379953e+03
-5.058819638473501588e-16 1.808287113442555239e-16 4.108806433753410602e+03
1.196226883466002268e-15 1.804629681110548974e-16 4.109529103935712556e+03
4.227065172686380968e-16 1.813696616161067111e-16 4.110251784885284906e+03
4.328602222381287541e-16 1.827249135189309478e-16 4.110974476602126742e+03
4.365787540181429566e-16 1.823297765784334987e-16 4.111697179086233518e+03
1.399231353002524722e-15 1.834853274880774056e-16 4.112419892337607052e+03
1.038017296560450241e-15 1.853624469354111128e-16 4.113142616356240978e+03
4.550769414439758180e-16 1.857744330911014388e-16 4.113865351142138024e+03
1.026877961184028752e-15 1.856626621613307054e-16 4.114588096695293643e+03
1.809603406421629990e-16 1.856839017827933564e-16 4.115310853015706016e+03
3.650277591218961443e-16 1.859899642811034123e-16 4.116033620103373323e+03
7.414753657359622762e-16 1.867325715920794584e-16 4.116756397958295565e+03
7.293902805135985956e-16 1.865152759786420388e-16 4.117479186580469104e+03
6.731622309339597101e-16 1.881792310261845796e-16 4.118201985969892121e+03
9.571387178138564391e-16 1.885768888596701968e-16 4.118924796126561887e+03
5.509321804750086129e-16 1.903559221798848254e-16 4.119647617050478402e+03
1.504137422644901218e-15 1.911829999427029219e-16 4.120370448741638938e+03
1.273293242948027868e-16 1.915878323448063034e-16 4.121093291200041676e+03
1.749866460306247558e-16 1.925527982164708448e-16 4.121816144425683888e+03
1.464823572450330166e-16 1.932440516053257998e-16 4.122539008418565572e+03
7.748229692847274852e-16 1.934092568665995009e-16 4.123261883178684002e+03
3.154393346227437154e-16 1.939422879823793561e-16 4.123984768706035538e+03
6.405612396694372776e-16 1.946343985311084450e-16 4.124707665000622001e+03
7.068868064265017287e-16 1.956244597825883048e-16 4.125430572062437022e+03
1.366013417163236572e-16 1.968286800821668659e-16 4.126153489891481513e+03
1.370421549807304166e-15 1.977359097161521246e-16 4.126876418487754563e+03
5.046780525134346011e-16 1.989661118466583149e-16 4.127599357851253444e+03
8.938026796836736395e-16 2.001234283423221418e-16 4.128322307981974518e+03
-6.186705274366103489e-17 2.009977075052797778e-16 4.129045268879915966e+03
7.827361996484358234e-16 2.018140685145397140e-16 4.129768240545079607e+03
7.517054178588276591e-16 2.023912938728647013e-16 4.130491222977459984e+03
2.337435403912390482e-16 2.036636571768291006e-16 4.131214216177057097e+03
2.857937575671624040e-16 2.038614150736498192e-16 4.131937220143867307e+03
5.563201544737891570e-16 2.047569496151565790e-16 4.132660234877890616e+03
7.997187027437585555e-16 2.054420150378954959e-16 4.133383260379125204e+03
1.210793695303278979e-15 2.061828102132224630e-16 4.134106296647567433e+03
9.454456967776426284e-16 2.058870686006597451e-16 4.134829343683217303e+03
3.562778787364855114e-16 2.070447412798411458e-16 4.135552401486071176e+03
7.725962278830785078e-16 2.071944094907526078e-16 4.136275470056129052e+03
1.151345652445233782e-15 2.074416721773097848e-16 4.136998549393387293e+03
3.605862809534759984e-16 2.083329334896139652e-16 4.137721639497846809e+03
-1.099387847335138396e-16 2.085274389796840519e-16 4.138444740369502142e+03
5.804622846666583956e-16 2.088407187598218864e-16 4.139167852008353293e+03
1.465756988518652072e-15 2.089583842781734794e-16 4.139890974414398443e+03
1.126800123802763026e-15 2.096109284361388931e-16 4.140614107587636681e+03
1.389447252622059342e-16 2.098559553104368435e-16 4.141337251528064371e+03
4.924192545152959130e-16 2.084360657426710623e-16 4.142060406235681512e+03
1.211726298752586634e-17 2.076311769717943115e-16 4.142783571710484466e+03
2.335193801792287138e-16 2.068393024406072066e-16 4.143506747952471414e+03
1.423074440403970599e-15 2.076425025386470114e-16 4.144229934961642357e+03
8.556379057800394863e-16 2.073862557712788841e-16 4.144953132737994565e+03
7.537081001230251470e-16 2.059114656961083012e-16 4.145676341281525310e+03
4.526429667481049720e-16 2.059691092671751484e-16 4.146399560592235503e+03
1.591248696142688303e-15 2.065464596141618648e-16 4.147122790670118775e+03
6.316322198474681876e-16 2.051246849268004998e-16 4.147846031515178765e+03
8.023100985795316915e-16 2.038152185828833914e-16 4.148569283127410017e+03
2.190072809893118956e-16 2.051987325479331537e-16 4.149292545506810711e+03
5.577793781743706399e-16 2.071357149887477440e-16 4.150015818653379029e+03
1.661090959004643278e-15 2.086152026651928494e-16 4.150739102567114969e+03
6.823473394905366866e-16 2.103441918315993547e-16 4.151462397248015805e+03
3.451537692045642565e-17 2.103266337563502047e-16 4.152185702696079716e+03
6.462501114603297224e-16 2.097530388547248120e-16 4.152909018911304884e+03
1.478331503424204221e-15 2.111218258114998660e-16 4.153632345893689489e+03
1.309245777216570852e-15 2.134097194552630985e-16 4.154355683643230805e+03
3.456046963034416434e-17 2.150891823975494112e-16 4.155079032159928829e+03
1.045619257850449440e-15 2.142372781035876313e-16 4.155802391443779925e+03
1.200279313115562144e-15 2.148784587561323674e-16 4.156525761494784092e+03
9.262200948314169720e-17 2.147195191834288803e-16 4.157249142312938602e+03
-2.020708286482169471e-16 2.153210236093110005e-16 4.157972533898241636e+03
1.026885523184089552e-15 2.172602270014205933e-16 4.158695936250691375e+03
1.361844668091856310e-15 2.186166255937595124e-16 4.159419349370286000e+03
3.957653778332533663e-16 2.208903654843366434e-16 4.160142773257024601e+03
1.452821460704666315e-15 2.215837918100110266e-16 4.160866207910903540e+03
7.641077655036422434e-16 2.221281832117115455e-16 4.161589653331922818e+03
-3.817746768843958026e-18 2.234297499837148141e-16 4.162313109520080616e+03
3.000898943896561288e-16 2.242171279171753313e-16 4.163036576475373295e+03
1.095286488263597375e-15 2.249524109938464577e-16 4.163760054197800855e+03
1.158362213090777487e-15 2.241749822433732848e-16 4.164483542687360568e+03
1.050581046741238095e-15 2.244391974764385007e-16 4.165207041944051525e+03
6.217501468833569645e-16 2.265865855707681038e-16 4.165930551967870997e+03
6.181753820423694254e-16 2.255630776702131575e-16 4.166654072758818074e+03
1.370437605166943356e-15 2.259903492231171451e-16 4.167377604316890029e+03
1.401747581596531204e-15 2.272460835398243904e-16 4.168101146642085951e+03
1.768469656697925950e-18 2.264840976979282441e-16 4.168824699734403112e+03
8.806803143826579532e-16 2.294848432464494251e-16 4.169548263593840602e+03
8.144249526961875618e-16 2.262222130622938921e-16 4.170271838220396603e+03
1.703395602954626686e-15 2.274529284318393249e-16 4.170995423614069296e+03
-1.741528616530010145e-16 2.486938905927323288e-16 4.171719019774856861e+03
9.415797695504169783e-16 2.248248433093227626e-16 4.172442626702757480e+03
1.269145864421006545e-15 2.266459825925636848e-16 4.173166244397770242e+03
7.365192609313673657e-16 2.612739802608841177e-16 4.173889872859890602e+03
1.002531614695745468e-15 2.391262308172345467e-16 4.174613512089119467e+03
9.876142462028429929e-16 2.268563775521216806e-16 4.175337162085454111e+03
6.213935267085655166e-16 2.210580689717947905e-16 4.176060822848893622e+03
1.189240589853025812e-15 2.191152553857354455e-16 4.176784494379435273e+03
6.282623623799416275e-16 2.181465064976530133e-16 4.177508176677078154e+03
1.196549531822229616e-15 2.170664465150489012e-16 4.178231869741819537e+03
1.422219058566779399e-15 2.221466570146751510e-16 4.178955573573657603e+03
-2.070998652034887005e-17 2.224209829372889637e-16 4.179679288172590532e+03
1.492397104266909275e-15 2.131253456969765554e-16 4.180403013538618325e+03
1.391310510074650921e-15 2.112690282984085697e-16 4.181126749671737343e+03
8.413430326593828640e-16 2.098900590947538442e-16 4.181850496571947588e+03
-3.198364139238940736e-16 2.080140261655944633e-16 4.182574254239247239e+03
6.747178934518656316e-16 2.071899302143648484e-16 4.183298022673630840e+03
9.819563718247072064e-16 2.058559750575933209e-16 4.184021801875100209e+03
7.082980344156618855e-16 2.047398301020459432e-16 4.184745591843653528e+03
1.774049019467508913e-15 2.052204493995094180e-16 4.185469392579288979e+03
3.297669201700930367e-17 2.036810861677663931e-16 4.186193204082002921e+03
1.317746524298823745e-15 2.028492864528575421e-16 4.186917026351794448e+03
8.886627401435608792e-16 2.009383422207220832e-16 4.187640859388664467e+03
1.253557920850479601e-15 2.013049247980157772e-16 4.188364703192608431e+03
4.908119239142344243e-17 2.007910612665162930e-16 4.189088557763622703e+03
6.860136726155822315e-16 1.997630284140274071e-16 4.189812423101710010e+03
8.881932660044823727e-16 2.003038129078420490e-16 4.190536299206867625e+03
1.491765800262310201e-17 1.989459816601365916e-16 4.191260186079089181e+03
8.631872242301937706e-16 1.974570845477491641e-16 4.191984083718380134e+03
1.186767205277869613e-15 1.982376342171114863e-16 4.192707992124735028e+03
5.077371112372630226e-16 1.977168563838297203e-16 4.193431911298152045e+03
1.052456287435504532e-15 1.967349669998566758e-16 4.194155841238628454e+03
1.521281975401460959e-15 1.966793177810768575e-16 4.194879781946165167e+03
6.632788612508773218e-16 1.959447557833567926e-16 4.195603733420759454e+03
-1.051211500319064879e-16 1.957624779525424558e-16 4.196327695662410406e+03
1.022826142311700481e-15 1.951185828978518036e-16 4.197051668671110747e+03
1.039389273469146434e-15 1.935444454243237684e-16 4.197775652446865934e+03
8.471875848182395524e-16 1.930354786121149556e-16 4.198499646989672328e+03
-5.194437310588475489e-17 1.918562743991838927e-16 4.199223652299526293e+03
6.925572801620107831e-16 1.921652462853104916e-16 4.199947668376429647e+03
1.222081956298101951e-15 1.919570931458951238e-16 4.200671695220376932e+03
8.168942107426698242e-16 1.914953592380990107e-16 4.201395732831365422e+03
7.941601056027117720e-16 1.911340057737131048e-16 4.202119781209399662e+03
4.249455739567026502e-16 1.912796432802508231e-16 4.202843840354471467e+03
6.889044916531043650e-16 1.912588526445331577e-16 4.203567910266583567e+03
-6.898490060037648972e-17 1.912982613866216515e-16 4.204291990945730504e+03
1.326599445841759356e-15 1.912175490135462767e-16 4.205016082391912278e+03
1.121974882510135754e-15 1.901231873220049397e-16 4.205740184605128889e+03
2.132364169246565449e-16 1.908089795432232812e-16 4.206464297585377608e+03
2.981043087842269151e-16 1.933724790041340767e-16 4.207188421332655707e+03
4.763135862721394683e-16 1.905378263535691861e-16 4.207912555846962277e+03
1.467558313792445090e-15 1.943848163375487307e-16 4.208636701128296409e+03
4.367999550392360937e-16 1.897409474841196676e-16 4.209360857176653553e+03
9.117162173913058562e-16 1.907668596317597196e-16 4.210085023992034621e+03
8.506831739264302903e-16 1.908814418978277060e-16 4.210809201574436884e+03
8.889186570036847116e-16 1.897620016853109115e-16 4.211533389923860341e+03
9.127481090011743341e-16 1.892592785037988529e-16 4.212257589040300445e+03
8.488924790109678310e-16 1.887239137551776376e-16 4.212981798923757196e+03
2.531051476822206282e-16 1.877948170845770574e-16 4.213706019574229686e+03
1.113990419520324357e-15 1.872121450416301595e-16 4.214430250991714274e+03
1.093338984179028825e-15 1.864240836804928339e-16 4.215154493176210963e+03
8.555520273978893250e-17 1.846903714832395029e-16 4.215878746127717022e+03
4.501931590965855929e-16 1.840201012429009539e-16 4.216603009846232453e+03
1.056162172800915126e-15 1.838957611576607144e-16 4.217327284331752708e+03
-4.582488337499504145e-16 1.829647813797866955e-16 4.218051569584278695e+03
6.094789661628478149e-16 1.825109021382237955e-16 4.218775865603807688e+03
2.004594666717489866e-15 1.828356544293418396e-16 4.219500172390336957e+03
6.106624092723214771e-16 1.825058114653796079e-16 4.220224489943866502e+03
-1.238543977429958967e-17 1.822195011188373514e-16 4.220948818264394504e+03
9.268967682739028446e-16 1.824378106081321690e-16 4.221673157351919144e+03
1.487342161297327346e-15 1.822776413640804605e-16 4.222397507206437695e+03
4.821041624743941907e-16 1.813922542695490071e-16 4.223121867827950155e+03
3.786913267588757838e-17 1.805814511897591327e-16 4.223846239216452886e+03
1.072264946693427876e-15 1.807886053462910342e-16 4.224570621371947709e+03
5.986452283528842118e-16 1.807928122414042577e-16 4.225295014294427347e+03
5.315486006096305094e-16 1.797029641149599652e-16 4.226019417983894527e+03
1.121550515973364582e-15 1.811165056639226541e-16 4.226743832440347433e+03
6.206603730388703358e-16 1.817063382315837778e-16 4.227468257663783334e+03
9.126560102861252265e-16 1.805861358376908998e-16 4.228192693654200411e+03
5.886218245973513469e-16 1.797673359315937953e-16 4.228917140411596847e+03
1.389748802799395364e-15 1.800270006505397281e-16 4.229641597935971731e+03
4.674742077543277704e-17 1.794563056957901943e-16 4.230366066227322335e+03
3.895321963461866385e-16 1.780271238689921545e-16 4.231090545285648659e+03
6.202999439629845085e-16 1.786012767544947174e-16 4.231815035110947065e+03
7.278962238497346433e-16 1.769402526274893646e-16 4.232539535703219371e+03
1.131226873667653388e-15 1.767387602786954266e-16 4.233264047062459213e+03
9.564974745595502845e-16 1.764327990086672969e-16 4.233988569188669317e+03
5.033441743671277088e-16 1.756453416220902866e-16 4.234713102081844227e+03
9.984336887602270506e-16 1.762223299739585739e-16 4.235437645741983943e+03
1.190852705728780982e-15 1.767635637548858456e-16 4.236162200169088464e+03
1.755193368787731823e-15 1.767297954406003630e-16 4.236886765363153245e+03
-1.098801460670362199e-16 1.759821149235789921e-16 4.237611341324178284e+03
-1.355321717697460945e-16 1.760028589363676772e-16 4.238335928052162672e+03
1.523390028645807532e-15 1.758864903659810225e-16 4.239060525547103680e+03
8.872854001545433806e-16 1.755372925631088310e-16 4.239785133808999490e+03
1.687466817054031752e-16 1.761603750683758190e-16 4.240509752837850101e+03
6.052137835019244817e-16 1.760859782047347097e-16 4.241234382633649147e+03
1.357934218096520237e-15 1.767192413374554162e-16 4.241959023196402086e+03
4.355267350761010616e-16 1.767510695032798197e-16 4.242683674526101640e+03
1.339781141872057491e-15 1.765852013319535536e-16 4.243408336622747811e+03
8.060767579830919766e-16 1.775452506920359087e-16 4.244133009486341507e+03
1.479578498354785812e-16 1.765224102158244470e-16 4.244857693116877272e+03
5.066956582403122581e-16 1.763902125159362267e-16 4.245582387514356014e+03
1.116089458704538199e-15 1.766697521141656311e-16 4.246307092678774097e+03
1.169174306057797431e-15 1.770728771970925344e-16 4.247031808610132430e+03
2.036715911612247972e-16 1.787457391657582919e-16 4.247756535308427374e+03
5.859315710704694087e-16 1.775098417664349684e-16 4.248481272773658930e+03
8.399718754214969382e-16 1.766096010624931588e-16 4.249206021005822549e+03
1.091525169821523268e-15 1.759943011925677862e-16 4.249930780004919143e+03
7.103274304645442290e-16 1.759677340293914501e-16 4.250655549770946891e+03
-2.789852728094791425e-16 1.770909769046630740e-16 4.251380330303903975e+03
5.685942501092314590e-16 1.764590089819531529e-16 4.252105121603790394e+03
7.431880539494169452e-16 1.770151897567930423e-16 4.252829923670599783e+03
1.108316054641910744e-15 1.770535640005705110e-16 4.253554736504334869e+03
4.766427602840950283e-16 1.778936475582961567e-16 4.254279560104991106e+03
4.997931533476858748e-16 1.778443911513518047e-16 4.255004394472570311e+03
7.322940094791718250e-16 1.772853505087802945e-16 4.255729239607069758e+03
9.615419030496154595e-16 1.771134959234995622e-16 4.256454095508485807e+03
1.365322876091363564e-15 1.778232903646435801e-16 4.257178962176818459e+03
-1.824527741599708942e-16 1.777290506905388885e-16 4.257903839612064985e+03
1.035398816257384367e-15 1.773944925941072247e-16 4.258628727814226295e+03
3.212901631925178266e-16 1.771459523000542976e-16 4.259353626783297841e+03
8.966460675807343953e-16 1.773990619974684414e-16 4.260078536519278714e+03
9.769150254701546060e-16 1.763915296145447762e-16 4.260803457022169823e+03
8.173148739826602973e-16 1.762807588445681161e-16 4.261528388291966621e+03
3.138543739352321957e-16 1.756645453517063118e-16 4.262253330328669108e+03
5.701078707728266147e-16 1.753090551451033268e-16 4.262978283132273646e+03
8.565677654051123603e-16 1.747953980575954503e-16 4.263703246702782053e+03
3.879060365497026053e-16 1.773999363595910665e-16 4.264428221040190692e+03
-1.952129344310235309e-16 1.748590408510161639e-16 4.265153206144497744e+03
1.198836909297753395e-15 1.725678951995598403e-16 4.265878202015701390e+03
1.696373868283312340e-15 1.727732989502821131e-16 4.266603208653801630e+03
5.700808801143265794e-16 1.829657400765779042e-16 4.267328226058796645e+03
-7.024144622601935020e-17 1.739183335385783780e-16 4.268053254230681887e+03
7.191337067019451531e-16 1.718877917696352969e-16 4.268778293169458266e+03
1.152612167123361528e-15 1.720170782462966492e-16 4.269503342875124872e+03
2.751681447951446373e-16 1.907130895950425511e-16 4.270228403347680796e+03
1.409557385904763356e-15 1.726378421263125461e-16 4.270953474587120581e+03
4.158156579911438757e-16 1.715358864782931894e-16 4.271678556593444227e+03
2.775416465700356617e-16 1.710115556127210181e-16 4.272403649366653553e+03
1.033488846169525703e-15 1.724281900713165303e-16 4.273128752906743102e+03
8.263537168015145781e-16 1.714929127872236345e-16 4.273853867213711055e+03
1.021733786392149035e-15 1.703408370969618128e-16 4.274578992287559231e+03
5.633286951945405572e-16 1.697483247988169297e-16 4.275304128128283992e+03
4.324844361070858847e-16 1.685592136519323525e-16 4.276029274735883519e+03
8.245582654315381230e-16 1.676301812528253953e-16 4.276754432110355992e+03
4.152031461942391180e-16 1.674694555442477723e-16 4.277479600251701413e+03
7.002546595592921450e-16 1.670850116730681055e-16 4.278204779159916143e+03
3.778451504573909349e-17 1.667588762969698651e-16 4.278929968835001091e+03
1.169913056419247893e-15 1.660243811405293865e-16 4.279655169276952620e+03
1.430718119205724992e-15 1.663247151157815320e-16 4.280380380485770729e+03
8.686435032239897280e-16 1.661325184227899774e-16 4.281105602461451781e+03
-3.281576620332385641e-16 1.648224124121783031e-16 4.281830835203995775e+03
2.716611370507374558e-16 1.642213600219459239e-16 4.282556078713401803e+03
1.620563417229667648e-15 1.639070479445210978e-16 4.283281332989667135e+03
6.652702172678658666e-16 1.629667526336212848e-16 4.284006598032789043e+03
6.699112544849295118e-17 1.632970132608591105e-16 4.284731873842769346e+03
8.844689898495695871e-16 1.631060116685359269e-16 4.285457160419602587e+03
1.341876457127164882e-15 1.622459730374995325e-16 4.286182457763289676e+03
4.610191783896714078e-16 1.631437837250401042e-16 4.286907765873829703e+03
8.661954649928169106e-16 1.638617609784926814e-16 4.287633084751218121e+03
8.170552764671311742e-16 1.638388968425449236e-16 4.288358414395457658e+03
6.007677117769589031e-16 1.637080208985201769e-16 4.289083754806542856e+03
5.815708932298136199e-16 1.636251632065700089e-16 4.289809105984473717e+03
3.859351392551447667e-16 1.622757087386263067e-16 4.290534467929248422e+03
4.598333687347079357e-16 1.623003865836983924e-16 4.291259840640866969e+03
4.953810452159680124e-16 1.627644253754126167e-16 4.291985224119324812e+03
4.761155810567634338e-16 1.623088241748357733e-16 4.292710618364622860e+03
1.062689260552944215e-15 1.622983940927188579e-16 4.293436023376760204e+03
1.162178784714266401e-15 1.625324330367085980e-16 4.294161439155731387e+03
3.200085368617640623e-16 1.618324722401964581e-16 4.294886865701539136e+03
8.955604428883536805e-16 1.614541361527761823e-16 4.295612303014178906e+03
1.074119056757999366e-15 1.612157347695962747e-16 4.296337751093651605e+03
8.592927917369883866e-16 1.601878372465164007e-16 4.297063209939953595e+03
3.283168180494226848e-17 1.605165640015071439e-16 4.297788679553084876e+03
4.229094018854753947e-16 1.607962183745868491e-16 4.298514159933043629e+03
3.454708455324168846e-16 1.614324814851810202e-16 4.299239651079828036e+03
7.206495109749427156e-16 1.593745068144899720e-16 4.299965152993436277e+03
1.420013863562131660e-15 1.581018664055993914e-16 4.300690665673866533e+03
3.090484022038840045e-16 1.582904703897499620e-16 4.301416189121117895e+03
3.390320288010293298e-16 1.573654034973816380e-16 4.302141723335189454e+03
8.836373804491763894e-16 1.570094292423362415e-16 4.302867268316078480e+03
8.702123586954744897e-16 1.559359881410417658e-16 4.303592824063784974e+03
2.931108825801998230e-16 1.559028678425073621e-16 4.304318390578304388e+03
2.395829065799947747e-16 1.552002770010610445e-16 4.305043967859639451e+03
9.252828282620041389e-16 1.544827481877159417e-16 4.305769555907785616e+03
7.020308690157378854e-16 1.541167168768361991e-16 4.306495154722742882e+03
3.760910146774858824e-16 1.535501184967703282e-16 4.307220764304507611e+03
9.925411738634537166e-16 1.531723416671607692e-16 4.307946384653081623e+03
6.076735860387727471e-16 1.531965686150993431e-16 4.308672015768459460e+03
3.383468903729383677e-18 1.528891298179000037e-16 4.309397657650643851e+03
1.195653272515853358e-15 1.532687071632977817e-16 4.310123310299629338e+03
8.265372730373790640e-16 1.525660004845419722e-16 4.310848973715416832e+03
1.725504693350423736e-16 1.529955651823389426e-16 4.311574647898004514e+03
6.895896506482502882e-16 1.535977869461940560e-16 4.312300332847388745e+03
7.848232107133116123e-16 1.526440786976176703e-16 4.313026028563572254e+03
6.653263008203968835e-16 1.524916315835976076e-16 4.313751735046550493e+03
6.480269894391029855e-16 1.517499093886144743e-16 4.314477452296321644e+03
6.931670520790197619e-16 1.503468405049919655e-16 4.315203180312885706e+03
6.743211028092775314e-16 1.503207817887179217e-16 4.315928919096240861e+03
3.610483393767274307e-16 1.498381021736154384e-16 4.316654668646385289e+03
3.973501677001964374e-16 1.488867866127908207e-16 4.317380428963317172e+03
3.328472681320724080e-16 1.481866926961340943e-16 4.318106200047035600e+03
7.767228108537272753e-16 1.470018662533503974e-16 4.318831981897539663e+03
8.483823199859903911e-16 1.464729931674139400e-16 4.319557774514826633e+03
2.317803504106481781e-16 1.455664396767927336e-16 4.320283577898895601e+03
5.014549181720196552e-16 1.449999388174596381e-16 4.321009392049743838e+03
7.701811617709890954e-16 1.446084209872566476e-16 4.321735216967372253e+03
6.923185026278102085e-16 1.426782164666670659e-16 4.322461052651777209e+03
2.261938340236009072e-16 1.416468912129970364e-16 4.323186899102957796e+03
-5.428132892184749225e-17 1.397251778832629532e-16 4.323912756320913104e+03
1.156420993310631477e-15 1.386211372568496888e-16 4.324638624305643134e+03
8.084503940350282447e-16 1.372007923378425374e-16 4.325364503057143338e+03
-2.640517603304946443e-17 1.360300698611350161e-16 4.326090392575412807e+03
7.323735672794892726e-16 1.351580110955315432e-16 4.326816292860450631e+03
7.442768781261983851e-16 1.348184073976021621e-16 4.327542203912256809e+03
5.549480386441365754e-16 1.335076894704630370e-16 4.328268125730828615e+03
1.958215386540756616e-16 1.326952424868501920e-16 4.328994058316164228e+03
1.063615195147210904e-15 1.318700192131888585e-16 4.329720001668260920e+03
4.498083578547186091e-16 1.314071183204557713e-16 4.330445955787120511e+03
6.263823418419837122e-16 1.312370458223832321e-16 4.331171920672739361e+03
2.888007735960795189e-16 1.308013141237471217e-16 4.331897896325115653e+03
2.868433896853788752e-16 1.297330592374845405e-16 4.332623882744248476e+03
6.493109773360495741e-16 1.291959339596559094e-16 4.333349879930137831e+03
4.619557460905055317e-16 1.279649016647131933e-16 4.334075887882778261e+03
3.833723129198437381e-16 1.271079377423608338e-16 4.334801906602173403e+03
7.947192421219521791e-16 1.266915365642248573e-16 4.335527936088319620e+03
1.484279677798535328e-16 1.261489799550740017e-16 4.336253976341213274e+03
4.335535590390035458e-16 1.255398455482673202e-16 4.336980027360856184e+03
5.703247296659267769e-16 1.253946644412000492e-16 4.337706089147245621e+03
3.291174316897091265e-16 1.254098849021713343e-16 4.338432161700379766e+03
5.539916692458951725e-16 1.256306830912884310e-16 4.339158245020256800e+03
9.112745668638987360e-16 1.247613981963643014e-16 4.339884339106876723e+03
5.684170649618857029e-16 1.229759913643709626e-16 4.340610443960236807e+03
5.433563710261658265e-16 1.229356916695827832e-16 4.341336559580336143e+03
4.634216973577331115e-16 1.225185786903650999e-16 4.342062685967173820e+03
1.706959933864452175e-16 1.221918910832482885e-16 4.342788823120745292e+03
9.561610804087535468e-17 1.204718204655563024e-16 4.343514971041053286e+03
6.694536886291130697e-16 1.192710174175231652e-16 4.344241129728095075e+03
7.585056177174023480e-16 1.191867330577665847e-16 4.344967299181866110e+03
2.207171701432604259e-16 1.184862713392499078e-16 4.345693479402370940e+03
8.634195402795088213e-16 1.180493890475695273e-16 4.346419670389603198e+03
5.467541331360875437e-16 1.172755795226375487e-16 4.347145872143562883e+03
-2.235668581966774064e-16 1.167404417688165553e-16 4.347872084664248177e+03
5.901530273860723947e-16 1.161204638819797741e-16 4.348598307951659081e+03
5.920562401689917424e-16 1.157411365670330174e-16 4.349324542005793774e+03
8.662380903626546417e-16 1.148463526674313377e-16 4.350050786826648618e+03
1.441171619524691052e-16 1.151113033622392656e-16 4.350777042414223615e+03
3.089749927348198883e-16 1.157960762598185027e-16 4.351503308768516945e+03
5.690790383649834636e-16 1.161113065914132695e-16 4.352229585889529517e+03
6.287615286828411217e-16 1.166799768202687160e-16 4.352955873777256784e+03
6.211619652901187452e-16 1.169409875643434178e-16 4.353682172431699655e+03
6.269686588150338455e-16 1.178570780399861757e-16 4.354408481852853583e+03
4.789730199977307622e-16 1.178261017270404799e-16 4.355134802040720388e+03
1.783014801108461619e-16 1.178258791842474290e-16 4.355861132995298249e+03
4.713905153561999456e-16 1.182640492418852033e-16 4.356587474716583529e+03
5.895042611226431757e-16 1.188918462279054685e-16 4.357313827204578047e+03
3.423415805319283354e-16 1.185673178958945900e-16 4.358040190459276346e+03
6.678084199989281226e-16 1.189403849086479554e-16 4.358766564480679335e+03
8.461084401980553057e-16 1.198342721420261985e-16 4.359492949268786106e+03
5.262671807568121344e-16 1.200694573222477182e-16 4.360219344823593929e+03
6.417943202996205472e-16 1.211378806558985173e-16 4.360945751145101895e+03
3.608448233619072376e-16 1.218034205971693103e-16 4.361672168233310003e+03
6.495165640201872056e-16 1.226827050203521772e-16 4.362398596088214617e+03
3.368316156294793470e-16 1.229631270895675870e-16 4.363125034709813917e+03
1.092961491943465378e-15 1.239233951528701059e-16 4.363851484098108813e+03
3.184209038415394591e-16 1.247066611584989820e-16 4.364577944253097485e+03
9.682555639349414280e-17 1.237569388256239509e-16 4.365304415174776295e+03
7.978045481929326941e-16 1.243525154965842469e-16 4.366030896863147063e+03
5.568238379419915107e-16 1.246680762073660505e-16 4.366757389318204332e+03
2.661816895496085040e-16 1.243127145065530792e-16 4.367483892539950830e+03
7.586499924055724750e-16 1.252063620964360975e-16 4.368210406528382919e+03
5.858866322960971616e-16 1.252277902592508230e-16 4.368936931283498780e+03
5.472905559851591432e-16 1.257042301962320138e-16 4.369663466805297503e+03
4.660995091530598124e-16 1.264303506201773742e-16 4.370390013093779999e+03
7.143473957377572506e-16 1.271215469888368937e-16 4.371116570148942628e+03
3.841832863918289204e-16 1.274674572886675830e-16 4.371843137970781754e+03
9.032964281299174211e-16 1.278833753686537600e-16 4.372569716559301014e+03
5.139436276356278327e-16 1.289927450203962456e-16 4.373296305914494951e+03
5.278813719782064359e-16 1.294295018919552890e-16 4.374022906036363565e+03
5.760620979875386736e-16 1.298914563541338900e-16 4.374749516924905038e+03
7.144450182543266584e-16 1.299285628220569616e-16 4.375476138580119368e+03
6.647212555299532582e-16 1.292922637813033943e-16 4.376202771002002919e+03
2.421727854098187526e-16 1.290887848728019625e-16 4.376929414190557509e+03
8.090613215328435484e-16 1.294206534863625339e-16 4.377656068145777681e+03
4.215666058777134988e-16 1.301611806369042200e-16 4.378382732867667073e+03
5.148944466315718808e-16 1.305575258574373453e-16 4.379109408356218410e+03
5.642800855618206774e-16 1.308836169578200741e-16 4.379836094611433509e+03
1.929972230719571529e-16 1.313886833283146166e-16 4.380562791633312372e+03
7.434857355560122959e-16 1.318181742220520471e-16 4.381289499421851360e+03
6.076703847355653457e-16 1.321072650462227529e-16 4.382016217977048655e+03
6.127205277517284027e-16 1.327069205382979034e-16 4.382742947298904255e+03
-1.473619496909475305e-16 1.328050208593498838e-16 4.383469687387416343e+03
4.461669498689192898e-16 1.332793442134238952e-16 4.384196438242583099e+03
5.943097417796991287e-16 1.337657516557625412e-16 4.384923199864404523e+03
7.444983244746502648e-16 1.346441134307530489e-16 4.385649972252878797e+03
1.336362418008204552e-15 1.348082779508282191e-16 4.386376755408002282e+03
3.891413451895218633e-16 1.356595747732210498e-16 4.387103549329776797e+03
1.347965388402995996e-16 1.359664483821509473e-16 4.387830354018198705e+03
5.722313780241781332e-16 1.364115042283796075e-16 4.388557169473267095e+03
2.594444754101224384e-16 1.360377805029656269e-16 4.389283995694981058e+03
6.602601038751025769e-16 1.359204844815799986e-16 4.390010832683339686e+03
-7.461495375849772209e-17 1.362247763377198542e-16 4.390737680438340249e+03
9.347717417747284661e-16 1.363738730349501995e-16 4.391464538959982747e+03
3.526619787177160490e-16 1.365483697716320578e-16 4.392191408248265361e+03
6.488784264935875194e-16 1.369249877944648930e-16 4.392918288303184454e+03
9.828301912036043321e-16 1.376405278272728579e-16 4.393645179124741844e+03
2.070698900228721102e-16 1.379956519459564291e-16 4.394372080712935713e+03
1.132950583074366562e-15 1.380736454732699537e-16 4.395098993067762422e+03
5.899511465392951559e-16 1.387653319407147384e-16 4.395825916189224699e+03
5.710540029919591500e-16 1.389681505742473574e-16 4.396552850077316180e+03
3.802425530137076768e-16 1.396801496055189926e-16 4.397279794732039591e+03
4.722734314958940124e-16 1.405437168262918902e-16 4.398006750153391295e+03
7.192025058700146496e-16 1.417998745410196771e-16 4.398733716341370382e+03
1.072218481295289465e-15 1.428514400048794065e-16 4.399460693295975034e+03
3.722346908475799438e-16 1.442198249005437071e-16 4.400187681017204341e+03
2.833973360290177297e-17 1.449106657922122334e-16 4.400914679505058302e+03
5.669645375041058419e-16 1.463294271615777180e-16 4.401641688759533281e+03
8.237609283791305833e-16 1.468422551833523754e-16 4.402368708780629277e+03
7.331065321405285375e-16 1.473833735976895217e-16 4.403095739568344470e+03
5.953527849533305867e-16 1.478745480540421039e-16 4.403822781122677043e+03
2.788070739278032554e-16 1.487343194314416313e-16 4.404549833443628813e+03
6.144225824285915825e-16 1.492394151425405757e-16 4.405276896531191596e+03
7.431615110001497598e-16 1.499297062692739982e-16 4.406003970385370849e+03
5.744377441650449007e-16 1.505572314762732437e-16 4.406731055006162933e+03
8.135401537417272887e-16 1.512109149698164105e-16 4.407458150393566029e+03
4.058280127060631321e-16 1.510462445677950610e-16 4.408185256547578319e+03
2.925493434030950255e-16 1.514665725340153123e-16 4.408912373468197984e+03
5.966877843601010240e-16 1.523052580656118587e-16 4.409639501155426842e+03
4.658952608203862551e-16 1.518584354276870310e-16 4.410366639609261256e+03
5.031073646066402148e-16 1.521140352566058116e-16 4.411093788829697587e+03
5.440479957114329268e-16 1.525376242752476939e-16 4.411820948816739474e+03
8.876874611846993738e-16 1.543398762992435888e-16 4.412548119570381459e+03
9.706448974015306710e-16 1.530074296256500162e-16 4.413275301090625362e+03
6.638533757616812088e-16 1.521854421377233414e-16 4.414002493377465726e+03
-1.195492940897644074e-16 1.518124321320398012e-16 4.414729696430908007e+03
4.028307947019746954e-16 1.521934193629322175e-16 4.415456910250943110e+03
5.345808611069696019e-16 1.522944781451306337e-16 4.416184134837572856e+03
5.505304010317635246e-16 1.525240098540407193e-16 4.416911370190798152e+03
4.747442429744658391e-16 1.522070584635366493e-16 4.417638616310614452e+03
9.520622290063333755e-16 1.525104530738087988e-16 4.418365873197022665e+03
7.859769287920152887e-16 1.524705352480924089e-16 4.419093140850020063e+03
4.214703659387023290e-16 1.516672561991801342e-16 4.419820419269605736e+03
3.852961261527986562e-16 1.511860159090465019e-16 4.420547708455777865e+03
7.422984228317000759e-16 1.506602218533737985e-16 4.421275008408535541e+03
1.738512373361838417e-16 1.502020271351671007e-16 4.422002319127877854e+03
7.026821885025248792e-16 1.490116075455861378e-16 4.422729640613802985e+03
3.423528937377774416e-16 1.478441673526990268e-16 4.423456972866310025e+03
7.531030835227985803e-16 1.468749903337119492e-16 4.424184315885397154e+03
1.377161373279400468e-16 1.463145278514853366e-16 4.424911669671062555e+03
1.004613547226579352e-15 1.463571141757368688e-16 4.425639034223306226e+03
8.682125530242199575e-16 1.470103386932791602e-16 4.426366409542126348e+03
4.033355341810335769e-16 1.472607426736706274e-16 4.427093795627521104e+03
5.382083238198264462e-16 1.461059283651408116e-16 4.427821192479488673e+03
6.331093061938578280e-16 1.450994480603103557e-16 4.428548600098029056e+03
9.399413937664132279e-16 1.447173924979999555e-16 4.429276018483142252e+03
8.362822069243607524e-16 1.444368109367838065e-16 4.430003447634820986e+03
2.030682424804299241e-16 1.472003351779564145e-16 4.430730887553071625e+03
-1.862229839103976353e-16 1.491662046803513022e-16 4.431458338237886892e+03
8.795798824371805487e-16 1.441746999821008699e-16 4.432185799689270425e+03
9.835644245311124612e-16 1.441270005234250715e-16 4.432913271907216767e+03
8.515967620055339623e-16 1.439169035614215137e-16 4.433640754891725010e+03
6.380066332396062077e-16 1.435965815989072181e-16 4.434368248642796061e+03
5.593272849685698634e-16 1.429552028552748838e-16 4.435095753160427194e+03
4.081410305549699317e-16 1.424183071892678757e-16 4.435823268444617497e+03
1.250245561318076490e-15 1.416433055562463510e-16 4.436550794495366063e+03
6.111807469433001364e-16 1.404639714575795703e-16 4.437278331312669252e+03
1.981480052905390141e-16 1.396242453916513338e-16 4.438005878896530703e+03
9.470276474386100135e-16 1.392231822273909863e-16 4.438733437246943140e+03
6.385259093508584809e-16 1.379444412610804322e-16 4.439461006363908382e+03
8.772480620367462255e-16 1.381272297808088779e-16 4.440188586247426429e+03
3.038642997462330474e-16 1.384938161023128498e-16 4.440916176897491823e+03
9.427732384366359926e-16 1.386052478457262699e-16 4.441643778314108204e+03
4.557155066634033050e-16 1.394206365417501866e-16 4.442371390497271022e+03
4.822717151372658721e-16 1.408059264043364533e-16 4.443099013446979370e+03
9.931934239322316491e-16 1.393801549857647146e-16 4.443826647163232337e+03
6.996969478058531739e-16 1.391898608301292269e-16 4.444554291646029014e+03
3.535861611213009362e-16 1.398274369919573946e-16 4.445281946895367582e+03
6.292269613044410914e-16 1.397927332900603689e-16 4.446009612911246222e+03
6.988253147236170729e-16 1.395330380497282646e-16 4.446737289693664934e+03
4.663869577164491610e-16 1.394520679247553263e-16 4.447464977242621899e+03
4.190318269200056423e-16 1.390310227870735845e-16 4.448192675558117116e+03
8.230182739070912221e-16 1.389180324431102175e-16 4.448920384640145130e+03
3.211585856688093259e-16 1.383554020709370582e-16 4.449648104488709578e+03
7.564779842507689875e-16 1.377107293968410589e-16 4.450375835103805002e+03
5.414820681903921291e-16 1.374237283601497642e-16 4.451103576485435042e+03
1.066031484022307505e-15 1.373748899334713503e-16 4.451831328633592420e+03
5.178206528707164871e-16 1.364826559728205973e-16 4.452559091548280776e+03
8.985900659903885006e-16 1.360427263729902585e-16 4.453286865229494651e+03
7.880149011821823819e-16 1.348032671676037149e-16 4.454014649677235866e+03
-8.212976681858121826e-17 1.345120485965987656e-16 4.454742444891503510e+03
7.301922537599519015e-16 1.335633641370291927e-16 4.455470250872293946e+03
8.440770077909218910e-16 1.330821559151859761e-16 4.456198067619607173e+03
7.488686947234734051e-16 1.326345017712003515e-16 4.456925895133442282e+03
6.142000093649556309e-16 1.321993014165253679e-16 4.457653733413797454e+03
7.463726506744047347e-16 1.323295566293678968e-16 4.458381582460669961e+03
7.932134865393769472e-16 1.321258591510550062e-16 4.459109442274061621e+03
6.375597213345153044e-16 1.320997630983922986e-16 4.459837312853968797e+03
7.385084757465461323e-16 1.325446873795799630e-16 4.460565194200391488e+03
1.137609298878513220e-15 1.320719519586182087e-16 4.461293086313326967e+03
6.405436602544307980e-16 1.317180268935411489e-16 4.462020989192773413e+03
7.383793455676765340e-16 1.316691831965563913e-16 4.462748902838733557e+03
3.558711110362524672e-16 1.319877158301805453e-16 4.463476827251202849e+03
5.785970864094881573e-16 1.310306239765359953e-16 4.464204762430179471e+03
5.204505704840443635e-16 1.302320757066736972e-16 4.464932708375663424e+03
9.049918082705583551e-16 1.303034058734768578e-16 4.465660665087655616e+03
6.811266712564381837e-16 1.296221139575454467e-16 4.466388632566148772e+03
4.989679370147317970e-16 1.293647349980482163e-16 4.467116610811148348e+03
5.583700767318446476e-16 1.295068853289158028e-16 4.467844599822648888e+03
5.544658607184155977e-16 1.315588695530917030e-16 4.468572599600649482e+03
4.497945552203417944e-16 1.296850248986971957e-16 4.469300610145151950e+03
6.613464956810238445e-16 1.293807347612639278e-16 4.470028631456149924e+03
4.704202881552842788e-16 1.288016470218403604e-16 4.470756663533647043e+03
9.177321884127856540e-16 1.283083320581311137e-16 4.471484706377638759e+03
6.338786835438204521e-16 1.282813474620564461e-16 4.472212759988125981e+03
1.214511236633856819e-15 1.278624232842184131e-16 4.472940824365105073e+03
6.542381234499345677e-16 1.274725687056713760e-16 4.473668899508577852e+03
4.749658644968677292e-16 1.272079712156932485e-16 4.474396985418539771e+03
2.864368551341667515e-16 1.273265841037561572e-16 4.475125082094993559e+03
9.148145659577752885e-16 1.271414108921676136e-16 4.475853189537932849e+03
7.828567738018064221e-16 1.272439927391539748e-16 4.476581307747360370e+03
5.572553584108298991e-16 1.271857610784028352e-16 4.477309436723273393e+03
5.746740268022852597e-16 1.277999655184870463e-16 4.478037576465671009e+03
7.583448484051187166e-16 1.309726436869851288e-16 4.478765726974551399e+03
6.265181413017534284e-16 1.375630942496289453e-16 4.479493888249913653e+03
5.371809449701199324e-16 1.289467796400415293e-16 4.480222060291755952e+03
3.257615629345904806e-16 1.280509898248504205e-16 4.480950243100078296e+03
6.354017476651651996e-16 1.283676874111468005e-16 4.481678436674879777e+03
4.972202151014509463e-16 1.286190331539975004e-16 4.482406641016157664e+03
7.675809895456424074e-16 1.278894244089047226e-16 4.483134856123909231e+03
5.537550519927082557e-16 1.280399255720746016e-16 4.483863081998137204e+03
7.540021052033145417e-16 1.276127800989518615e-16 4.484591318638837038e+03
3.170430310776055593e-16 1.274149898783901125e-16 4.485319566046011460e+03
8.463081124633428020e-16 1.271884172308388259e-16 4.486047824219653194e+03
6.175382440381867576e-16 1.273513860177437059e-16 4.486776093159767697e+03
1.996511182762203913e-16 1.274681854202237242e-16 4.487504372866347694e+03
5.065647436441944505e-16 1.275412674857796889e-16 4.488232663339395003e+03
9.289926281999488165e-17 1.264539432523326950e-16 4.488960964578907806e+03
6.882767774101943020e-16 1.270630420634674811e-16 4.489689276584886102e+03
1.079771530174974784e-15 1.270302138236415966e-16 4.490417599357326253e+03
5.173465744432523843e-16 1.269731662837588264e-16 4.491145932896229169e+03
3.254049941623935160e-16 1.265524123446866145e-16 4.491874277201592122e+03
6.194322768083765291e-16 1.266440445713662980e-16 4.492602632273416020e+03
8.199407678800056650e-16 1.265617672381417215e-16 4.493330998111696317e+03
4.789213991441219534e-16 1.260598480067352294e-16 4.494059374716433922e+03
3.842873368847284939e-16 1.255901492764197833e-16 4.494787762087627925e+03
8.018223951727504248e-16 1.257853881769062448e-16 4.495516160225275598e+03
8.245618214391003120e-16 1.256688170587615437e-16 4.496244569129376032e+03
3.209582784229476436e-16 1.252989332080693751e-16 4.496972988799930135e+03
5.419350630766237833e-16 1.255086427490753515e-16 4.497701419236935180e+03
3.746214678141203630e-16 1.254185387213643901e-16 4.498429860440388438e+03
7.070683988172499603e-16 1.252269586537478968e-16 4.499158312410289909e+03
7.495060558412716852e-16 1.246080462546655691e-16 4.499886775146638684e+03
5.089866207859777475e-16 1.246551192584216467e-16 4.500615248649434761e+03
4.993583225746446804e-16 1.243367325667004196e-16 4.501343732918674505e+03
5.580014357107765273e-16 1.244239741731111008e-16 4.502072227954357913e+03
1.165816874945517568e-15 1.243046655707963234e-16 4.502800733756483169e+03
5.403898649440163319e-16 1.234790894562478938e-16 4.503529250325049361e+03
7.168172342279375773e-16 1.225939409948404667e-16 4.504257777660053762e+03
3.154973542074460740e-16 1.228260728021212856e-16 4.504986315761499100e+03
8.617806550410273279e-16 1.225477832014170735e-16 4.505714864629380827e+03
3.573905106664840080e-16 1.225401085884738473e-16 4.506443424263699853e+03
5.463339885893794558e-16 1.225152077468080686e-16 4.507171994664451631e+03
7.988415005306031350e-16 1.219262053516768876e-16 4.507900575831637980e+03
6.114731521332651509e-16 1.218198325970196174e-16 4.508629167765256170e+03
3.326452314432464300e-16 1.220110990335526100e-16 4.509357770465307112e+03
9.760759825775943408e-16 1.221937345419035790e-16 4.510086383931786258e+03
9.045644479660318446e-16 1.217688778516343635e-16 4.510815008164695428e+03
2.758381140300070223e-16 1.222685540093360277e-16 4.511543643164030073e+03
6.331471968269685820e-16 1.222729602148161157e-16 4.512272288929793831e+03
7.490077497284110934e-16 1.225827811606740544e-16 4.513000945461981246e+03
3.103789128153750284e-16 1.215400032041493958e-16 4.513729612760593227e+03
1.947089870058944550e-16 1.219986452365713567e-16 4.514458290825627046e+03
5.763126527331643145e-16 1.222421401459632041e-16 4.515186979657082702e+03
3.529071299713038766e-16 1.226924700896520222e-16 4.515915679254958377e+03
8.121919670161476581e-16 1.226091297951190113e-16 4.516644389619254071e+03
7.643015188445167160e-16 1.230727377257892930e-16 4.517373110749966145e+03
6.772806188889202985e-16 1.231194093337126716e-16 4.518101842647094600e+03
8.518500000266395640e-16 1.232592692235970953e-16 4.518830585310640345e+03
7.836354053770752055e-16 1.230703724128029917e-16 4.519559338740598832e+03
6.993966779886162952e-16 1.232554363023386910e-16 4.520288102936970972e+03
2.105005977688487611e-16 1.229555425961538555e-16 4.521016877899755855e+03
1.679068738983135877e-16 1.237498654917602974e-16 4.521745663628949842e+03
8.078871414808693351e-16 1.254554107856814107e-16 4.522474460124552934e+03
1.113706789815536604e-15 1.236851359175120222e-16 4.523203267386566040e+03
4.761147755291214391e-16 1.233922521362048453e-16 4.523932085414984613e+03
7.795961041786565618e-16 1.232292353485401925e-16 4.524660914209809562e+03
5.735205534754648657e-16 1.233463372804400335e-16 4.525389753771039068e+03
4.382530747886516013e-16 1.232397590988243338e-16 4.526118604098671312e+03
2.547824069761429934e-16 1.234587642690061235e-16 4.526847465192708114e+03
5.414828533060330800e-16 1.235032372987329070e-16 4.527576337053143106e+03
2.972734849308399337e-16 1.238550977079246296e-16 4.528305219679979928e+03
3.177853204283060995e-16 1.239071218701564447e-16 4.529034113073214030e+03
1.173587555669994409e-15 1.239946795943713116e-16 4.529763017232846323e+03
6.115232939245779000e-16 1.239263834632931233e-16 4.530491932158874988e+03
-2.622108345135011541e-18 1.237400250959387099e-16 4.531220857851297296e+03
7.434986670574897525e-16 1.239505982960802037e-16 4.531949794310115976e+03
8.406174418973474507e-16 1.245451558105783269e-16 4.532678741535326481e+03
4.665232169034518939e-16 1.246937523785116248e-16 4.533407699526927900e+03
5.995057775047320060e-16 1.249373780319240704e-16 4.534136668284918414e+03
1.322158569879364859e-15 1.253121128721473983e-16 4.534865647809301663e+03
2.738852931579241046e-16 1.252463074571834534e-16 4.535594638100068551e+03
7.885460018711586363e-16 1.255974951582239933e-16 4.536323639157224534e+03
9.797192014764531907e-16 1.258319935181889351e-16 4.537052650980765065e+03
2.409606177277334069e-16 1.260421518107861603e-16 4.537781673570691055e+03
5.540850644527355348e-16 1.248888896413550358e-16 4.538510706926999774e+03
8.298735033320653120e-16 1.251414864837818153e-16 4.539239751049690312e+03
6.666792727092586187e-16 1.249913438189431549e-16 4.539968805938761761e+03
5.465119843669110376e-16 1.246283302531388535e-16 4.540697871594213211e+03
5.246050686253442582e-16 1.243854671091300103e-16 4.541426948016043752e+03
5.572970487027783351e-16 1.243709138955223748e-16 4.542156035204250657e+03
5.534322280578034427e-16 1.242044792448091166e-16 4.542885133158833924e+03
6.317679874195919762e-16 1.237277242534949905e-16 4.543614241879791734e+03
3.431337651899913597e-16 1.234030110031066957e-16 4.544343361367124089e+03
7.364007567747818847e-16 1.233550850580047148e-16 4.545072491620828259e+03
2.681830207143450054e-16 1.237665364899567899e-16 4.545801632640904245e+03
7.705301638815503356e-16 1.230144588165131148e-16 4.546530784427350227e+03
6.848751171649336867e-16 1.229829725790064764e-16 4.547259946980166205e+03
4.227475276116546506e-16 1.231989255943850294e-16 4.547989120299349452e+03
2.865088658043207080e-16 1.235317117713329240e-16 4.548718304384899966e+03
6.438102862116813290e-16 1.229571851827807670e-16 4.549447499236814110e+03
8.911037693109202726e-16 1.227903221840720400e-16 4.550176704855093703e+03
7.347208434663378273e-16 1.221257019737493954e-16 4.550905921239738745e+03
5.861238436519757936e-16 1.215831289262301203e-16 4.551635148390743780e+03
1.010073893933807107e-15 1.212361547774024847e-16 4.552364386308108806e+03
1.969990867054629575e-16 1.213035648467279430e-16 4.553093634991833824e+03
4.856572972776905961e-16 1.205417078256584174e-16 4.553822894441920653e+03
7.300605133464040493e-16 1.202858076403340594e-16 4.554552164658362017e+03
5.113359852733425473e-16 1.200756515718256816e-16 4.555281445641159735e+03
3.889511164384463822e-16 1.195070172822076456e-16 4.556010737390313807e+03
7.898244332242472550e-16 1.189929684698229542e-16 4.556740039905820595e+03
5.445908528988540735e-16 1.185057400413454619e-16 4.557469353187680099e+03
8.891140683773819681e-16 1.182839388077896592e-16 4.558198677235892319e+03
9.860756096809495880e-16 1.178921989294464078e-16 4.558928012050455436e+03
8.428681693931856713e-16 1.175210644894849084e-16 4.559657357631365812e+03
3.775828706719139918e-16 1.173845637943407503e-16 4.560386713978625266e+03
4.821943969438497575e-16 1.165852439420156032e-16 4.561116081092231980e+03
6.420336159435246211e-16 1.157958081259109555e-16 4.561845458972183224e+03
4.219730002680644353e-16 1.159516674961454149e-16 4.562574847618481726e+03
3.754526350597965301e-16 1.152309469304683384e-16 4.563304247031122031e+03
7.631987457631330802e-16 1.150087334506068012e-16 4.564033657210105048e+03
8.390361234738565088e-16 1.150593512551664064e-16 4.564763078155428957e+03
7.789726444987717896e-17 1.150636875012626624e-16 4.565492509867093759e+03
7.397571519919400842e-16 1.150114831273159462e-16 4.566221952345096724e+03
6.587779256786560574e-16 1.149103263277350123e-16 4.566951405589438764e+03
3.957380975552804088e-16 1.145427623599019558e-16 4.567680869600115329e+03
7.873309694722463738e-16 1.144113690367001260e-16 4.568410344377128240e+03
4.342354550165755568e-16 1.143535942497061277e-16 4.569139829920475677e+03
6.951433030641252684e-16 1.144312377868136207e-16 4.569869326230156730e+03
2.661477536432235901e-16 1.142786751475694457e-16 4.570598833306169581e+03
8.303613117745257524e-16 1.145406272276735738e-16 4.571328351148513320e+03
1.868028048239666367e-16 1.146341491493822986e-16 4.572057879757187038e+03
6.009209929892167538e-16 1.146164383570567741e-16 4.572787419132188916e+03
7.322707673094141880e-16 1.150481894555041640e-16 4.573516969273517134e+03
5.043227567986812329e-16 1.155302383184666158e-16 4.574246530181173512e+03
6.010634722179449672e-16 1.155721867297062655e-16 4.574976101855154411e+03
3.116040800201332389e-16 1.151602339366469938e-16 4.575705684295458923e+03
6.641511169734304650e-16 1.150612553434417239e-16 4.576435277502087956e+03
7.406881080631234832e-16 1.151215890679189764e-16 4.577164881475038783e+03
3.902824818221660904e-16 1.148963128939323872e-16 4.577894496214308674e+03
7.017590852211918205e-16 1.147865739410113906e-16 4.578624121719899449e+03
7.857628807838690393e-16 1.152127755087296144e-16 4.579353757991808379e+03
6.592926109728196531e-16 1.154427263540458581e-16 4.580083405030034555e+03
5.421352665622867946e-16 1.153955396255332020e-16 4.580813062834577067e+03
7.013652536262560858e-16 1.156245573278564606e-16 4.581542731405432278e+03
6.844508106426211419e-17 1.154681238303945882e-16 4.582272410742603824e+03
8.714359590764715195e-16 1.158669462830362917e-16 4.583002100846088069e+03
7.472178990280512084e-16 1.157507285912729022e-16 4.583731801715883194e+03
6.172382650607709492e-16 1.160248302527664444e-16 4.584461513351987378e+03
7.726720452249366291e-17 1.156850050169127828e-16 4.585191235754403351e+03
7.496475653967823506e-16 1.155426796131549732e-16 4.585920968923127475e+03
7.402537668351486804e-16 1.150252501358172796e-16 4.586650712858157931e+03
3.850742171220165512e-16 1.150699384097837670e-16 4.587380467559493809e+03
4.266286586150681892e-16 1.146247584890167665e-16 4.588110233027135109e+03
5.882394561179130992e-16 1.137237295183644216e-16 4.588840009261080922e+03
1.992993568961866805e-16 1.133652432198129701e-16 4.589569796261328520e+03
4.898601246684962062e-16 1.127203457484603776e-16 4.590299594027876992e+03
5.309384406347160941e-16 1.126003028579529971e-16 4.591029402560727249e+03
9.872561234146393540e-16 1.122623462814013435e-16 4.591759221859876561e+03
9.217542641430758412e-16 1.119735150051455241e-16 4.592489051925322201e+03
5.130516499217780546e-16 1.122742935615902009e-16 4.593218892757065987e+03
6.886317536737763048e-16 1.145572349502223707e-16 4.593948744355106101e+03
5.857721988996731920e-16 1.117384265257876999e-16 4.594678606719440722e+03
6.479667393428345428e-16 1.113399278475705509e-16 4.595408479850068943e+03
6.512532732816816639e-16 1.109906091061047858e-16 4.596138363746989853e+03
9.640038525624856547e-16 1.110852941672467071e-16 4.596868258410202543e+03
5.997903915208708322e-16 1.107748260267652737e-16 4.597598163839704284e+03
5.350487807361440029e-16 1.103747472793507261e-16 4.598328080035496896e+03
6.173117295883995467e-16 1.104857089340256004e-16 4.599058006997576740e+03
4.863813535184547105e-16 1.103866665675354360e-16 4.599787944725943817e+03
7.244730618577678831e-16 1.103214348139314635e-16 4.600517893220597216e+03
9.870164823589895898e-16 1.101672157154119467e-16 4.601247852481534210e+03
5.372878228532495443e-16 1.101006326896506925e-16 4.601977822508754798e+03
-4.684070493681353857e-17 1.097233339418048015e-16 4.602707803302258981e+03
7.265520623544993058e-16 1.095090432080851881e-16 4.603437794862044029e+03
6.880536739420343207e-16 1.091299363514692154e-16 4.604167797188110853e+03
3.356236316808299794e-16 1.091488394551342860e-16 4.604897810280454905e+03
6.026643809204774321e-16 1.086979056125271389e-16 4.605627834139078914e+03
6.862215551131492307e-16 1.082945311744326381e-16 4.606357868763978331e+03
3.825167467339631041e-16 1.079428954764473902e-16 4.607087914155154067e+03
6.253212788540839241e-16 1.078853135882214848e-16 4.607817970312606121e+03
9.354944882891949113e-16 1.081500520284996933e-16 4.608548037236330856e+03
2.443274910870854579e-16 1.079811874531682513e-16 4.609278114926328271e+03
4.177205742867959896e-16 1.080961026823383775e-16 4.610008203382596548e+03
7.644756768493730045e-16 1.084163299447590435e-16 4.610738302605135686e+03
7.521342646906116890e-16 1.082575431468966405e-16 4.611468412593943867e+03
4.298394688390406002e-16 1.082102694808316567e-16 4.612198533349021091e+03
5.191247956095857239e-16 1.081118205956569634e-16 4.612928664870365537e+03
5.411603605204233089e-16 1.076729495740922777e-16 4.613658807157975389e+03
6.226658578283659898e-16 1.082215161902891183e-16 4.614388960211850645e+03
3.719307256586414451e-16 1.077539918470993301e-16 4.615119124031990395e+03
6.301921570443245530e-16 1.076064933083714595e-16 4.615849298618391913e+03
7.444985181222006670e-16 1.079531525336955731e-16 4.616579483971055197e+03
2.947797994211227903e-16 1.076973198272911140e-16 4.617309680089979338e+03
4.983615443606071287e-16 1.073574671510124178e-16 4.618039886975162517e+03
7.810440806495669248e-16 1.073566776739773338e-16 4.618770104626604734e+03
5.095147549798920360e-16 1.068759623739541509e-16 4.619500333044303261e+03
4.921685288171859393e-16 1.071008149554640131e-16 4.620230572228259916e+03
5.556741709644366449e-16 1.069184992941656512e-16 4.620960822178469243e+03
6.245334121778703163e-16 1.066977490923978399e-16 4.621691082894934880e+03
6.940599003748697585e-16 1.063231293520010795e-16 4.622421354377653188e+03
5.792938061780111147e-16 1.060554507641870962e-16 4.623151636626621439e+03
4.131342479085666373e-16 1.057635497431937462e-16 4.623881929641842362e+03
2.878206448856240367e-16 1.053233423598236506e-16 4.624612233423311409e+03
8.278607292295590688e-16 1.055238845345597671e-16 4.625342547971031308e+03
9.387202353689839239e-16 1.050323009301564028e-16 4.626072873284998423e+03
2.054837420706724164e-16 1.052030810904717786e-16 4.626803209365210932e+03
7.148668334590355540e-16 1.051643470895524398e-16 4.627533556211667928e+03
7.255695033737498973e-16 1.050636934763892658e-16 4.628263913824371230e+03
5.604640469844400547e-16 1.049890390825559445e-16 4.628994282203317198e+03
5.905150323251464028e-16 1.044974732526004167e-16 4.629724661348504014e+03
7.283560125602176918e-16 1.041594475483043951e-16 4.630455051259934407e+03
6.560402338581088157e-16 1.039399414617619245e-16 4.631185451937602920e+03
4.634314847170331751e-16 1.036370731333012975e-16 4.631915863381511372e+03
5.727510398862281120e-16 1.036106516167063206e-16 4.632646285591657943e+03
5.983200527193831230e-16 1.034434406376798247e-16 4.633376718568040815e+03
5.925716479776144368e-16 1.032907680370595443e-16 4.634107162310658168e+03
5.843553351419348570e-16 1.031086907182227522e-16 4.634837616819511823e+03
6.374577332623319297e-16 1.029236970060517898e-16 4.635568082094598140e+03
5.593462064613267647e-16 1.030125782412567127e-16 4.636298558135918938e+03
6.743396826096410027e-16 1.027593250290030905e-16 4.637029044943468762e+03
2.437460330534701765e-16 1.025590967913617241e-16 4.637759542517249429e+03
5.570839584964638021e-16 1.018231273739383509e-16 4.638490050857260030e+03
9.253459517384767516e-16 1.023565907644177650e-16 4.639220569963497837e+03
5.965101375929102414e-16 1.021384814503214735e-16 4.639951099835963760e+03
6.873924703898534445e-16 1.022244343992114875e-16 4.640681640474655069e+03
6.105782917625195436e-16 1.024981919691553505e-16 4.641412191879572674e+03
7.435696322363559193e-16 1.028666880784922866e-16 4.642142754050713847e+03
1.033687613146634881e-15 1.022291540797454150e-16 4.642873326988077679e+03
5.486139088938125387e-16 1.024721351952845526e-16 4.643603910691663259e+03
2.982288248652982839e-16 1.024123639029507150e-16 4.644334505161469679e+03
3.866923144798328652e-16 1.024000917423315109e-16 4.645065110397496028e+03
8.201920403989104423e-16 1.045399028852755852e-16 4.645795726399739578e+03
4.611592386828624370e-16 1.093842422522494466e-16 4.646526353168203059e+03
6.316992801068709520e-16 1.021791777450746566e-16 4.647256990702882831e+03
7.037498967225786287e-16 1.021926833616140708e-16 4.647987639003777076e+03
3.448769771464290388e-16 1.019803899677020242e-16 4.648718298070885794e+03
6.262013781349321014e-16 1.018320444741054305e-16 4.649448967904208075e+03
7.249322631538807053e-16 1.018648682130717385e-16 4.650179648503743010e+03
5.559270479233330167e-16 1.022452198792399353e-16 4.650910339869488780e+03
4.335814220070086517e-16 1.019498426024442887e-16 4.651641042001443566e+03
3.779093387909915124e-16 1.022380315267503968e-16 4.652371754899609186e+03
1.082801384445823154e-15 1.023966353498093114e-16 4.653102478563983823e+03
1.984570603735926289e-16 1.029803319237504462e-16 4.653833212994562928e+03
2.225189020145140105e-16 1.032625975002308048e-16 4.654563958191350139e+03
7.787721506223659328e-16 1.040514549286510381e-16 4.655294714154340909e+03
8.494841121724260017e-16 1.053580708879056238e-16 4.656025480883536147e+03
1.002199988919077738e-15 1.053815126054034007e-16 4.656756258378934945e+03
5.456120731752183936e-17 1.048813209171113713e-16 4.657487046640535482e+03
5.251325390960089396e-16 1.048652974565272434e-16 4.658217845668335940e+03
6.475653003502986620e-16 1.050457683539833810e-16 4.658948655462335410e+03
9.104156593607853212e-16 1.058856841630768382e-16 4.659679476022534800e+03
6.382481709813167382e-16 1.087824640087154903e-16 4.660410307348931383e+03
6.868121505309629672e-16 1.064215046877976712e-16 4.661141149441525158e+03
3.091172939077540136e-16 1.062964902268430424e-16 4.661872002300313397e+03
7.417424501720218209e-16 1.062695363723834952e-16 4.662602865925297010e+03
4.467082051495544622e-16 1.055108332740239336e-16 4.663333740316475087e+03
5.795174422895828559e-16 1.056656240194314223e-16 4.664064625473843989e+03
6.979733411405706644e-16 1.056339361332367866e-16 4.664795521397404627e+03
6.743906656352808077e-16 1.055802068054358976e-16 4.665526428087156091e+03
6.509909675953794729e-16 1.054901252905096434e-16 4.666257345543095653e+03
3.058173143005431149e-16 1.054073836365928743e-16 4.666988273765224221e+03
4.197670760004949798e-16 1.049522960735988344e-16 4.667719212753539978e+03
5.789033608605387655e-16 1.048057884966869174e-16 4.668450162508042013e+03
2.408093700691967361e-16 1.046404742298183212e-16 4.669181123028728507e+03
8.156737517992931316e-16 1.041666135507646788e-16 4.669912094315601280e+03
7.285459119862033770e-16 1.042298016687422887e-16 4.670643076368654874e+03
1.443598524374473680e-16 1.042542237234682873e-16 4.671374069187890200e+03
6.135416485532552359e-16 1.042198936905685899e-16 4.672105072773309075e+03
8.176935922125218541e-16 1.040786121182459361e-16 4.672836087124906044e+03
8.417097115744827252e-16 1.035301656210843018e-16 4.673567112242681105e+03
4.991589395923056432e-16 1.038464084303498457e-16 4.674298148126636079e+03
3.559935630656426461e-16 1.044017757677310132e-16 4.675029194776767326e+03
4.735328332210390899e-16 1.047892192090764481e-16 4.675760252193073939e+03
5.455596856830890463e-16 1.044176789505652869e-16 4.676491320375555006e+03
5.513965027408792543e-16 1.046917826704850376e-16 4.677222399324211437e+03
5.004585053333031238e-16 1.048765081831999294e-16 4.677953489039038686e+03
5.904154357521087344e-16 1.051137594667109076e-16 4.678684589520039481e+03
6.381788757406020966e-16 1.049501619781427670e-16 4.679415700767211092e+03
4.639296065341200868e-16 1.053154937631023153e-16 4.680146822780550792e+03
6.754369580677070459e-16 1.054280195882859312e-16 4.680877955560060400e+03
3.095966124270158811e-16 1.051765013553074868e-16 4.681609099105737187e+03
4.960079161560278599e-16 1.041334185972887474e-16 4.682340253417580243e+03
6.650286466819992906e-16 1.035714566678089952e-16 4.683071418495588659e+03
7.449557279366011424e-16 1.033198118796823997e-16 4.683802594339762436e+03
5.960904935310853783e-16 1.025743641951226041e-16 4.684533780950099754e+03
4.171358821234699469e-16 1.024757015992769055e-16 4.685264978326600612e+03
7.229524609092990549e-16 1.021625638709744200e-16 4.685996186469261374e+03
7.152005507305358483e-16 1.018837882551489214e-16 4.686727405378083859e+03
6.423976356520956738e-16 1.019717016178097105e-16 4.687458635053064427e+03
3.667296919953306253e-16 1.011952629408909581e-16 4.688189875494204898e+03
2.621260485374904401e-16 1.011772084728304018e-16 4.688921126701501635e+03
1.010309944928741458e-15 1.012608850209619754e-16 4.689652388674956455e+03
7.476703030820321500e-16 1.016511836014180672e-16 4.690383661414563903e+03
4.015850677818710793e-16 1.018303936461374990e-16 4.691114944920327616e+03
4.712784261025236622e-16 1.020589944562485903e-16 4.691846239192245775e+03
6.488314267224527143e-16 1.015236399045628497e-16 4.692577544230313833e+03
7.115753154034426692e-16 1.012408317080626406e-16 4.693308860034535428e+03
2.200744020096938983e-16 8.142545762117860319e-17 4.812237558770331816e+03
6.154066872567858802e-16 8.244630332289399296e-17 4.812969729135364105e+03
6.562720381883418235e-16 8.333996732335476088e-17 4.813701906691774639e+03
3.798170769662592365e-16 8.402660633268180704e-17 4.814434091438695759e+03
3.901533696408818447e-16 8.416650204616723270e-17 4.815166283375259809e+03
2.938051547546315900e-16 8.419056842253267291e-17 4.815898482500604587e+03
6.755494393507577173e-16 8.428438069427177281e-17 4.816630688813862434e+03
5.635820243855409660e-16 8.430149099571246153e-17 4.817362902314163875e+03
9.146470395507572462e-16 8.433518872675242618e-17 4.818095123000650347e+03
5.136794609883102797e-16 8.433521470294708429e-17 4.818827350872450552e+03
1.608406153348679085e-16 8.408658748153339460e-17 4.819559585928698652e+03
7.510363982593711448e-16 8.412800642434070048e-17 4.820291828168531538e+03
6.003231679454268413e-16 8.400948517882310924e-17 4.821024077591080641e+03
3.120876523522429875e-16 8.387402859677077966e-17 4.821756334195481031e+03
3.482526679061843339e-16 8.387710759137302882e-17 4.822488597980866871e+03
6.726796785546233872e-16 8.401444487404303217e-17 4.823220868946372320e+03
8.578624991325394042e-16 8.402594203642289142e-17 4.823953147091131541e+03
3.183876199183664225e-16 8.392903459672680245e-17 4.824685432414278694e+03
5.194067698169754771e-16 8.399695152606106359e-17 4.825417724914946120e+03
7.828995601447666667e-16 8.338907886243457321e-17 4.826150024592268892e+03
5.711621843303906033e-16 8.309308487522128236e-17 4.826882331445382079e+03
7.386554554159313359e-16 8.305670357426804664e-17 4.827614645473418932e+03
3.902363105497062147e-16 8.297118040359753875e-17 4.828346966675513613e+03
-5.705092569034808231e-17 8.252012583058466816e-17 4.829079295050801193e+03
5.568172920512656821e-16 8.187176136559101491e-17 4.829811630598414013e+03
8.046026652536491643e-16 8.163240751987382711e-17 4.830543973317486234e+03
3.527814699660521273e-16 8.150033230430321489e-17 4.831276323207153837e+03
4.621230382390190448e-16 8.152994684935246818e-17 4.832008680266548254e+03
7.151169037925485319e-16 8.131398453257881784e-17 4.832741044494805465e+03
6.101773680673014981e-16 8.117185470252802896e-17 4.833473415891059631e+03
5.431962505422708906e-16 8.084055133897098447e-17 4.834205794454443094e+03
4.096138255087216219e-16 8.060249452987491706e-17 4.834938180184090925e+03
1.858384618648416747e-16 8.038834411011209493e-17 4.835670573079137284e+03
4.829297438958383790e-16 8.012524576259880186e-17 4.836402973138717243e+03
2.986629032318860432e-16 7.966921620330187639e-17 4.837135380361964053e+03
8.018026328053608108e-16 7.934888976286178079e-17 4.837867794748010056e+03
4.214833089929435636e-16 7.901413528237769979e-17 4.838600216295992141e+03
3.370885555909274059e-16 7.893421144992581525e-17 4.839332645005040831e+03
7.972369710682713622e-16 7.869058314668453766e-17 4.840065080874295745e+03
3.755763516681901516e-16 7.836286481967870544e-17 4.840797523902885587e+03
3.439917531796052718e-16 7.791688261829907154e-17 4.841529974089948155e+03
1.701011468129142887e-16 7.749350450600854701e-17 4.842262431434613973e+03
4.535869547493882548e-16 7.729216459413664728e-17 4.842994895936019020e+03
6.086448790162866791e-16 7.675486166715144840e-17 4.843727367593297458e+03
3.615200023003598695e-16 7.619390077124661441e-17 4.844459846405585267e+03
4.794661106557533373e-16 7.565574644184237598e-17 4.845192332372012970e+03
5.435691258832967607e-16 7.536120136058762367e-17 4.845924825491718366e+03
5.093619549695213735e-16 7.489839646125639534e-17 4.846657325763830158e+03
5.580808197190159682e-16 7.437999521839727669e-17 4.847389833187487056e+03
4.772662513737482624e-16 7.401446256152140454e-17 4.848122347761822311e+03
3.698507218860976981e-16 7.354865052441315050e-17 4.848854869485968266e+03
2.943878662570396239e-16 7.312313521582300852e-17 4.849587398359060899e+03
4.471497226176156399e-16 7.299453820654796626e-17 4.850319934380233462e+03
6.908087155501632432e-16 7.231841355019515226e-17 4.851052477548621027e+03
3.753683507401234267e-16 7.235044299011909695e-17 4.851785027863355936e+03
6.507322941883893385e-16 7.243054858661975784e-17 4.852517585323574167e+03
3.964916053719407349e-16 7.233182276765882995e-17 4.853250149928406245e+03
4.867998699485326099e-16 7.208863241081418764e-17 4.853982721676991787e+03
5.337125671834757545e-16 7.195925580363540799e-17 4.854715300568459497e+03
4.447900080666931942e-16 7.194075045914228255e-17 4.855447886601947175e+03
3.130857551360241245e-16 7.196609731563371696e-17 4.856180479776587163e+03
5.688633038164327723e-16 7.232047169768208766e-17 4.856913080091513621e+03
6.403506631756143226e-16 7.237534465565568671e-17 4.857645687545862529e+03
4.675077850110596153e-16 7.271472803620872681e-17 4.858378302138767140e+03
1.853400953042013339e-16 7.286378598354612993e-17 4.859110923869357066e+03
7.810431231851253969e-16 7.287390153495152416e-17 4.859843552736771926e+03
6.436635369107486568e-16 7.283053892813067807e-17 4.860576188740145881e+03
3.216427646401365264e-16 7.277688366703175427e-17 4.861308831878608544e+03
2.139804531849866550e-16 7.296015525504293676e-17 4.862041482151298624e+03
4.139180705637058342e-16 7.295100992889682125e-17 4.862774139557346643e+03
4.821396528024853068e-16 7.294165963060004709e-17 4.863506804095889493e+03
3.123726255684081600e-16 7.340162104378924343e-17 4.864239475766060423e+03
5.293324144418322208e-16 7.334389983096608996e-17 4.864972154566992685e+03
6.171599054076771739e-16 7.311853775363206590e-17 4.865704840497819532e+03
1.462132410138865321e-16 7.332481821617350781e-17 4.866437533557678762e+03
3.539331311400738033e-16 7.343081877264581033e-17 4.867170233745699989e+03
7.974014740846205286e-16 7.343225888431713222e-17 4.867902941061021011e+03
4.712844299949299212e-16 7.360381283321170989e-17 4.868635655502772352e+03
2.873355274636378191e-16 7.359988450521453223e-17 4.869368377070092720e+03
3.698432995370966259e-16 7.370069007985029401e-17 4.870101105762112638e+03
5.097853130922584292e-16 7.382881826052741228e-17 4.870833841577967178e+03
4.064823101696423964e-16 7.399848045608318341e-17 4.871566584516789590e+03
7.321220960961191413e-16 7.424760011806319031e-17 4.872299334577715854e+03
5.604765284136167153e-16 7.472335547297609712e-17 4.873032091759878313e+03
2.227212444331615026e-16 7.521836798519824589e-17 4.873764856062412946e+03
5.927577900946845048e-16 7.590910577752128690e-17 4.874497627484452096e+03
5.851291446428115330e-16 7.639752097405586032e-17 4.875230406025129014e+03
6.948947274393069883e-17 7.604109600167854212e-17 4.875963191683581499e+03
3.674363771678232180e-16 7.643948851930361522e-17 4.876695984458939165e+03
8.199774512304275027e-16 7.680124864082817861e-17 4.877428784350341630e+03
4.811967958480315816e-16 7.687053327176515049e-17 4.878161591356917597e+03
4.630396700278254775e-16 7.691883937718113873e-17 4.878894405477802138e+03
4.365874678342904315e-16 7.710743758409407878e-17 4.879627226712133051e+03
5.609551190905304852e-16 7.748700117304942947e-17 4.880360055059040860e+03
2.387868460570303805e-16 7.830053608233741361e-17 4.881092890517660635e+03
4.946458868195982121e-16 7.874577177528494416e-17 4.881825733087127446e+03
4.787773516746840033e-16 7.843571049842770584e-17 4.882558582766573636e+03
4.345572397712961669e-16 7.853902490582455822e-17 4.883291439555134275e+03
2.654543634551275975e-16 7.872540761926255583e-17 4.884024303451942615e+03
6.854206580122438537e-16 7.897326794043256346e-17 4.884757174456135544e+03
7.874418004326348910e-16 7.911751035717436046e-17 4.885490052566844497e+03
8.880866986573212716e-17 7.922317299912423040e-17 4.886222937783202724e+03
4.327941352457128396e-16 7.951442721646760195e-17 4.886955830104348934e+03
5.766743244761545209e-16 7.970038487406717996e-17 4.887688729529412740e+03
5.199029467032492918e-16 7.978664499610645218e-17 4.888421636057530122e+03
2.568815645203851513e-16 7.950832410085858607e-17 4.889154549687833423e+03
2.781792209316647055e-16 7.946651736041567117e-17 4.889887470419459532e+03
4.465307233002626554e-16 7.964054585801528602e-17 4.890620398251539882e+03
6.710076922557667436e-16 7.969271143810040611e-17 4.891353333183211362e+03
3.133146017187883996e-16 7.970857326763511425e-17 4.892086275213605404e+03
6.355659835427008877e-16 7.992236375166389836e-17 4.892819224341857989e+03
6.147790963818275989e-16 7.999477816853183137e-17 4.893552180567103278e+03
1.098929729111841170e-15 8.008957286606739149e-17 4.894285143888473613e+03
6.157676675602699307e-16 8.027440999276815765e-17 4.895018114305104064e+03
7.449635820456102277e-16 8.041083655346377712e-17 4.895751091816129701e+03
5.494064893939791341e-16 8.035498826469928237e-17 4.896484076420683778e+03
7.762333449720592198e-16 8.037676013385792743e-17 4.897217068117901363e+03
7.324780224796485556e-16 8.034510255582643717e-17 4.897950066906912980e+03
5.821695201112972682e-16 8.029392647484453935e-17 4.898683072786857338e+03
8.191740320439485856e-16 8.042644261619156376e-17 4.899416085756865868e+03
9.729061517811662467e-16 8.040749292278385583e-17 4.900149105816075462e+03
7.634587114678521433e-16 8.018024779871015230e-17 4.900882132963616641e+03
4.350064098836006625e-16 8.023413837632550670e-17 4.901615167198626295e+03
1.066463595821455772e-15 8.026201843251096315e-17 4.902348208520235858e+03
4.680131015801817945e-16 8.027561815476584939e-17 4.903081256927582217e+03
5.770418008714291778e-16 8.001569209536579489e-17 4.903814312419797716e+03
1.096538332690642013e-15 7.992547050466805844e-17 4.904547374996016515e+03
1.010213757227617783e-15 8.003853399494420291e-17 4.905280444655376414e+03
4.754128198811123046e-16 7.965309536872627784e-17 4.906013521397004297e+03
3.987824474738269723e-16 7.941281544776218653e-17 4.906746605220039783e+03
5.437815777371399153e-16 7.949499963201895454e-17 4.907479696123617032e+03
2.561319334272892109e-16 7.951758728387737906e-17 4.908212794106868387e+03
2.765292172551275878e-16 7.965253816137802149e-17 4.908945899168928008e+03
5.972719188980273724e-16 7.965940828660429946e-17 4.909679011308928239e+03
6.149967875675704932e-16 7.949014065910188769e-17 4.910412130526008696e+03
2.459852211320443427e-16 7.947686356686285627e-17 4.911145256819299902e+03
5.986311230548963193e-16 7.962598668583044686e-17 4.911878390187934201e+03
1.182665221867127483e-16 7.945768918492328478e-17 4.912611530631047572e+03
4.457197183935963154e-16 7.937244379686180110e-17 4.913344678147775994e+03
1.012324687260344840e-15 7.930423755269195487e-17 4.914077832737251811e+03
4.135870843489734709e-16 7.926786773898549124e-17 4.914810994398610092e+03
5.482744942666486848e-16 7.936070883752530551e-17 4.915544163130984089e+03
4.996940715210599996e-16 7.952633692307569942e-17 4.916277338933506144e+03
7.116451959503728929e-16 7.956955199691148730e-17 4.917010521805314056e+03
1.547867069256799971e-16 7.982044446189576724e-17 4.917743711745539258e+03
1.757663539209000199e-16 7.987302237285541983e-17 4.918476908753316820e+03
9.435264754488279477e-16 7.996313110507226169e-17 4.919210112827781813e+03
3.527265339077777499e-16 7.973041581028853932e-17 4.919943323968067489e+03
5.139669031574106590e-16 7.989278813597916238e-17 4.920676542173307098e+03
5.230383425685887122e-16 7.997718577374166756e-17 4.921409767442635712e+03
6.602908541930136061e-16 7.999901237932231299e-17 4.922142999775187491e+03
2.483292735421282162e-16 7.991985967221015062e-17 4.922876239170097506e+03
4.491412662958944544e-16 7.995647463534150579e-17 4.923609485626497190e+03
6.413927430612346518e-16 8.014014968298852103e-17 4.924342739143524341e+03
7.240800184872447508e-16 8.027513843133863401e-17 4.925075999720310392e+03
3.942344143380275117e-16 7.969093092641140057e-17 4.925809267355989505e+03
4.915099071432233480e-16 7.976759654227113020e-17 4.926542542049696749e+03
5.691529076557706023e-16 8.012442270075940658e-17 4.927275823800566286e+03
6.181148893405043028e-16 8.040887261548893077e-17 4.928009112607733186e+03
5.284220808995056838e-16 8.045484090118796521e-17 4.928742408470328883e+03
5.827256236414397269e-16 8.038459359000607635e-17 4.929475711387490264e+03
7.102887853619181150e-16 8.035150648848467098e-17 4.930209021358348764e+03
7.095887176279538424e-18 8.038919400818546766e-17 4.930942338382041271e+03
3.785452526933300616e-16 8.044770989157983118e-17 4.931675662457701037e+03
6.675405647532797022e-16 8.045187482516510357e-17 4.932408993584462223e+03
4.351552857300732312e-16 8.057208850744960487e-17 4.933142331761457172e+03
4.358908463658260451e-16 8.041290161108005557e-17 4.933875676987821862e+03
6.143950114234157813e-16 8.064891377795921481e-17 4.934609029262690456e+03
6.636340410916128624e-16 8.069791734609272224e-17 4.935342388585197114e+03
6.389870348751948064e-16 8.082764285800637007e-17 4.936075754954475087e+03
3.904102672139135960e-16 8.090729996575492961e-17 4.936809128369660357e+03
5.032712616485989524e-16 8.125957299217710161e-17 4.937542508829884355e+03
4.282172679613436397e-16 8.124965454695809612e-17 4.938275896334282152e+03
6.094981466039517141e-16 8.127687899969996044e-17 4.939009290881991546e+03
3.390402633391512662e-16 8.118015069999009608e-17 4.939742692472140334e+03
4.132150432900232351e-16 8.098933244933542808e-17 4.940476101103868132e+03
8.330092219415840444e-16 8.129170266615600957e-17 4.941209516776305463e+03
5.895584841284424470e-16 8.127563007810804863e-17 4.941942939488586489e+03
5.257017114848149309e-16 8.151062502016798395e-17 4.942676369239849009e+03
2.659220756566622745e-16 8.244052464481288133e-17 4.943409806029225365e+03
8.346854757519207055e-16 8.171660278091359759e-17 4.944143249855847898e+03
4.313086396501087325e-16 8.157447893733224813e-17 4.944876700718853499e+03
5.441724092372885373e-16 8.193857728273780009e-17 4.945610158617373600e+03
3.495105769111451414e-16 8.231379180291493379e-17 4.946343623550545090e+03
5.964129134714904191e-16 8.198031886669564617e-17 4.947077095517499401e+03
4.203240906689140599e-16 8.179335417194262400e-17 4.947810574517371606e+03
3.034951341446765179e-16 8.203432341790506180e-17 4.948544060549298592e+03
7.781698408586087428e-16 8.210553837067241921e-17 4.949277553612409974e+03
7.847387601484354541e-16 8.194896211792937801e-17 4.950011053705843551e+03
2.218371548811731089e-16 8.161372141145207359e-17 4.950744560828732574e+03
7.381657534057604255e-16 8.176263414168494838e-17 4.951478074980209385e+03
4.109443168197425513e-16 8.157439527514678007e-17 4.952211596159410874e+03
6.146325478010781571e-16 8.141560113018203997e-17 4.952945124365467564e+03
5.398258354454060509e-16 8.131317771556489885e-17 4.953678659597519982e+03
7.135644368936836701e-16 8.116218554842371626e-17 4.954412201854695013e+03
3.193221191888056467e-16 8.094854259153513501e-17 4.955145751136131366e+03
3.092585681526773147e-16 8.084977388421007788e-17 4.955879307440962293e+03
6.119127071219767924e-16 8.072191239635802099e-17 4.956612870768318317e+03
7.586899714539428427e-16 8.061137127817753664e-17 4.957346441117340873e+03
3.227735884549873815e-16 8.074970984554195537e-17 4.958080018487158668e+03
5.842479642626720737e-16 8.076172660602985217e-17 4.958813602876905861e+03
4.009702177404321287e-16 8.072011720356393135e-17 4.959547194285719343e+03
3.779858232972666299e-16 8.078795153697225288e-17 4.960280792712731454e+03
6.371648288116747252e-16 8.093381043732398285e-17 4.961014398157078176e+03
6.782093544012279961e-16 8.113613578882078797e-17 4.961748010617891850e+03
2.812321660042171132e-16 8.162452514100296474e-17 4.962481630094306638e+03
3.681921278671468944e-16 8.180963218815144803e-17 4.963215256585457610e+03
7.302685195550364019e-16 8.215205945686660446e-17 4.963948890090478926e+03
5.623640523524623930e-16 8.224429005652183252e-17 4.964682530608503839e+03
3.806963226377669889e-16 8.260986605420939460e-17 4.965416178138667419e+03
3.182684390090966585e-16 8.279795031766659143e-17 4.966149832680104737e+03
6.380655257709693917e-16 8.312286748796170812e-17 4.966883494231947225e+03
5.948991008089883240e-16 8.308793606868138050e-17 4.967617162793330863e+03
6.861577017358899119e-16 8.336897321070649496e-17 4.968350838363388903e+03
3.830950536766104025e-16 8.360216670588427967e-17 4.969084520941258234e+03
7.943842636756719714e-16 8.371746905652862588e-17 4.969818210526069379e+03
3.482555055203655226e-16 8.371539041372112093e-17 4.970551907116959228e+03
4.860129416557044048e-16 8.382289124637363981e-17 4.971285610713059214e+03
5.635836008993146669e-16 8.384663850366204566e-17 4.972019321313507135e+03
1.108194662684866882e-16 8.373536232147066017e-17 4.972753038917433514e+03
3.064809806854473774e-16 8.438535553314914038e-17 4.973486763523975242e+03
7.444453302445323363e-16 8.476223621962337004e-17 4.974220495132264659e+03
8.780866021633090935e-16 8.368586708128423234e-17 4.974954233741437747e+03
7.038824452340167360e-16 8.296866188222425462e-17 4.975687979350626847e+03
2.737350225148219033e-16 8.241609377330164893e-17 4.976421731958966120e+03
7.324638107761717605e-16 8.243744615530048343e-17 4.977155491565592456e+03
6.248909174879288661e-16 8.217969723429197881e-17 4.977889258169638197e+03
6.075193727619327575e-16 8.220635782771692839e-17 4.978623031770237503e+03
4.546618402115189906e-16 8.205908938585728987e-17 4.979356812366522718e+03
-1.564887570607612191e-16 8.212562530818256589e-17 4.980090599957631639e+03
9.210275987950312747e-16 8.200197538570193168e-17 4.980824394542695700e+03
7.382451357665484712e-16 8.204182882237236892e-17 4.981558196120850880e+03
5.810541165280845067e-16 8.227093512881664265e-17 4.982292004691229522e+03
4.678991777486827014e-16 8.229773620574978629e-17 4.983025820252967605e+03
7.522346964580248299e-16 8.231565220893649970e-17 4.983759642805198382e+03
6.864686062577552370e-16 8.215435223671677954e-17 4.984493472347056922e+03
2.755394954630453560e-16 8.233696268274622551e-17 4.985227308877676478e+03
5.582451373820170135e-16 8.239641683199803053e-17 4.985961152396190300e+03
6.344789537193621201e-16 8.238601975958684457e-17 4.986695002901735279e+03
2.926263955104750890e-16 8.225460789881432683e-17 4.987428860393443756e+03
8.208333910802181504e-16 8.220706893507821318e-17 4.988162724870449892e+03
7.364236291649236595e-16 8.214611161914388484e-17 4.988896596331886940e+03
4.349368156086791628e-16 8.218184553915514482e-17 4.989630474776893607e+03
5.024818407800020922e-16 8.236927612608698872e-17 4.990364360204597688e+03
6.333897015498511360e-16 8.248496676398755335e-17 4.991098252614137891e+03
9.652683872370504725e-16 8.264164219207089228e-17 4.991832152004648378e+03
7.334345639949732942e-16 8.259772584106405077e-17 4.992566058375259672e+03
7.349204469508812572e-16 8.272263403681706556e-17 4.993299971725107753e+03
7.322681437212391213e-16 8.252869813557489707e-17 4.994033892053330419e+03
1.007643726907064593e-15 8.236561948166810286e-17 4.994767819359056375e+03
1.005794363026760216e-15 8.224219402388676799e-17 4.995501753641423420e+03
1.157470363261853449e-15 8.210391105868411346e-17 4.996235694899563896e+03
7.560478494586020208e-16 8.219484921169345432e-17 4.996969643132613783e+03
9.381328236929233553e-16 8.197981738755581464e-17 4.997703598339705422e+03
9.671985931624706713e-16 8.176950220848295940e-17 4.998437560519973886e+03
1.187867181846667792e-15 8.185751390208589109e-17 4.999171529672552424e+03
9.001592338654391019e-16 8.184084996686320439e-17 4.999905505796577927e+03
1.000428385696461689e-15 8.171301232707805386e-17 5.000639488891181827e+03
1.467743488925895300e-15 8.141784764585691060e-17 5.001373478955498285e+03
1.221325888232354226e-15 8.163643535273987581e-17 5.002107475988664191e+03
1.312348568045698453e-15 8.171772812383423807e-17 5.002841479989810978e+03
9.315782840545692920e-16 8.182864559805687511e-17 5.003575490958072805e+03
5.097124708174454797e-16 8.164205090721739923e-17 5.004309508892587473e+03
6.634301765222135957e-16 8.158294473074315951e-17 5.005043533792484595e+03
1.009709997940937741e-15 8.148349898473742571e-17 5.005777565656901970e+03
2.360495022862665200e-16 8.137633022969835949e-17 5.006511604484971940e+03
4.832725554176567316e-17 8.154647078743434481e-17 5.007245650275828666e+03
4.797976710621840038e-16 8.131395544657788017e-17 5.007979703028606309e+03
8.692646224429055060e-16 8.127815378966991524e-17 5.008713762742439030e+03
6.432019989860881364e-16 8.122916531144463277e-17 5.009447829416461900e+03
2.826884700585224289e-16 8.107859064226352862e-17 5.010181903049809989e+03
3.811516497481564909e-16 8.093165639355782037e-17 5.010915983641614730e+03
8.490487657395927816e-16 8.077429187065798175e-17 5.011650071191013012e+03
6.358103658146459133e-16 8.062717376047292400e-17 5.012384165697136268e+03
3.076945571737727792e-16 8.068292050173905696e-17 5.013118267159121388e+03
4.936956519285878237e-16 8.138235031557137956e-17 5.013852375576101622e+03
5.645254397442288686e-16 8.079717307656273753e-17 5.014586490947209313e+03
9.125591464772137702e-16 8.037535477204867927e-17 5.015320613271584079e+03
4.438270332566271588e-16 8.013009886084478286e-17 5.016054742548352806e+03
4.140249743292651109e-16 8.013330780085201612e-17 5.016788878776655110e+03
2.761254989580109694e-16 8.012344867573695840e-17 5.017523021955623335e+03
2.874708027983574186e-16 8.029809769205181428e-17 5.018257172084391641e+03
8.019195589653415768e-16 8.019309009934487837e-17 5.018991329162094189e+03
9.336102643187601837e-16 8.026332702159023958e-17 5.019725493187865140e+03
1.959636050588653431e-16 8.051642854683553177e-17 5.020459664160839566e+03
3.440007555348664596e-16 8.048834489397531157e-17 5.021193842080150716e+03
7.974609282099666064e-16 8.083027064827233305e-17 5.021928026944933663e+03
6.905233561128655189e-16 8.071715516310715132e-17 5.022662218754321657e+03
4.205010896631628329e-16 8.092266793051871100e-17 5.023396417507448859e+03
2.021940474801020179e-16 8.066218903551638509e-17 5.024130623203450341e+03
3.677249289386994607e-16 8.089467078202933656e-17 5.024864835841459353e+03
9.462631621958392359e-16 8.125622068213536187e-17 5.025599055420610966e+03
7.693386978084952308e-16 8.068871579502862189e-17 5.026333281940040251e+03
-1.027357352836650486e-17 8.025276032237284660e-17 5.027067515398879550e+03
4.171148640137718147e-16 8.025406466102031120e-17 5.027801755796264843e+03
9.070739202920694883e-16 7.993245005480014743e-17 5.028536003131327561e+03
5.965964595542319761e-16 7.971704921383875460e-17 5.029270257403205505e+03
7.531056800816215772e-16 7.957468295182699761e-17 5.030004518611031017e+03
5.233558685057848774e-16 7.938045712789570291e-17 5.030738786753936438e+03
2.896432747379360794e-16 7.923017154998440254e-17 5.031473061831058658e+03
3.523241211515815866e-16 7.967255814926010201e-17 5.032207343841533657e+03
6.320601492371225284e-16 7.948858599768500294e-17 5.032941632784490139e+03
6.638221331488782452e-16 7.853877727221852230e-17 5.033675928659065903e+03
3.496814518184332292e-16 7.849584828552106710e-17 5.034410231464396020e+03
4.563604115166913000e-16 7.830853156363338611e-17 5.035144541199612831e+03
1.019267578283975230e-15 7.836974626920438809e-17 5.035878857863850499e+03
7.003102909297760964e-16 7.814897966297916754e-17 5.036613181456245002e+03
1.864898951398502161e-16 7.836872172446653019e-17 5.037347511975928683e+03
5.145456782981754182e-16 7.818237341295143696e-17 5.038081849422036612e+03
7.224124249589436313e-16 7.808298272394900413e-17 5.038816193793702041e+03
1.204386289982988718e-15 7.775623786282618737e-17 5.039550545090060950e+03
1.662848844643193679e-15 7.808926641887327753e-17 5.040284903310244772e+03
1.389118896082913325e-15 1.014345987074072637e-15 5.041019268453392215e+03
1.659363301694452325e-15 7.840278608543860414e-17 5.041753640518634711e+03
1.973435273761945956e-15 7.796708505646529057e-17 5.042488019505104603e+03
2.198498215091297687e-15 7.813175575223516975e-17 5.043222405411939690e+03
1.812055591862113769e-15 7.832882614282092953e-17 5.043956798238271404e+03
2.520822756915016355e-15 7.897292581696145721e-17 5.044691197983236634e+03
2.310252753781739145e-15 8.106276566300463117e-17 5.045425604645967724e+03
2.589101823592699235e-15 7.892273537929961642e-17 5.046160018225598833e+03
2.587189403993707975e-15 7.890808269953431412e-17 5.046894438721265942e+03
3.051091954986807176e-15 7.858193329137143934e-17 5.047628866132101393e+03
2.529580448327340648e-15 7.866939769549013728e-17 5.048363300457240257e+03
2.635970112312195189e-15 7.863980867284911190e-17 5.049097741695815785e+03
2.838355538917579745e-15 7.864947857905404027e-17 5.049832189846964866e+03
2.448429124696970116e-15 7.871967216315446816e-17 5.050566644909819843e+03
2.166341066923741270e-15 7.787085629968272099e-17 5.051301106883513057e+03
1.680192113488765563e-15 7.803144679775420390e-17 5.052035575767182308e+03
1.460095134446439233e-15 7.802859025580216587e-17 5.052770051559960848e+03
9.113723370870490946e-16 7.782511375312932906e-17 5.053504534260979199e+03
8.579184102012928836e-16 7.776559281931804763e-17 5.054239023869377888e+03
2.873966679709967048e-16 7.781160662385155694e-17 5.054973520384286530e+03
4.805822403506619868e-16 7.773867323538690818e-17 5.055708023804840195e+03
5.638824716693568330e-16 7.768877708016117279e-17 5.056442534130173954e+03
5.815314913678807005e-16 7.764758974204487977e-17 5.057177051359424695e+03
3.606340302902683406e-16 7.775232258909791434e-17 5.057911575491720214e+03
3.795884001366276158e-16 7.769066648642714971e-17 5.058646106526199219e+03
4.801321863999969459e-16 7.758565061904863731e-17 5.059380644461996781e+03
4.512135117319548149e-16 7.741688361254282656e-17 5.060115189298244331e+03
6.283551519323622217e-16 7.757486352298132098e-17 5.060849741034076033e+03
5.918741497375881154e-16 7.748187154577825611e-17 5.061584299668627864e+03
4.606073079135254184e-16 7.763907371049289384e-17 5.062318865201033987e+03
6.494690516619110716e-16 7.748908889123832880e-17 5.063053437630427652e+03
5.480157687587500957e-16 7.738386307273842778e-17 5.063788016955943021e+03
8.831315110138384288e-17 7.741249895497972870e-17 5.064522603176717894e+03
5.857806057046550469e-16 7.711750464002117575e-17 5.065257196291880064e+03
4.378213074816443348e-16 7.717401803246324691e-17 5.065991796300568240e+03
5.478245971330635745e-16 7.726329055995233806e-17 5.066726403201915673e+03
6.300682660366295111e-16 7.741035033120248263e-17 5.067461016995055616e+03
7.103357372097749173e-16 7.749918698916653922e-17 5.068195637679125866e+03
5.260294996412815583e-16 7.771705892184771106e-17 5.068930265253256948e+03
6.428604575155881617e-16 7.758953859117762698e-17 5.069664899716583022e+03
6.835177271374905342e-16 7.771110459064733895e-17 5.070399541068240069e+03
4.778802469403742263e-16 7.760045107556684132e-17 5.071134189307362249e+03
3.906236611444871979e-16 7.764203593908135174e-17 5.071868844433082813e+03
5.125691722049475972e-16 7.771200299601689718e-17 5.072603506444536833e+03
7.342817378641627026e-16 7.770831612752641532e-17 5.073338175340857561e+03
4.340679986951473324e-16 7.777114757495895116e-17 5.074072851121180975e+03
4.724433409915686066e-16 7.782050069106482936e-17 5.074807533784640327e+03
5.804051100249618184e-16 7.786270587356738717e-17 5.075542223330368870e+03
7.327292533710161468e-16 7.711629154446459207e-17 5.076276919757502583e+03
4.461598302352165959e-16 7.719577700384308452e-17 5.077011623065176536e+03
3.297413361133632917e-16 7.711011127485798272e-17 5.077746333252520344e+03
6.488437175952176110e-16 7.706929994516379192e-17 5.078481050318673624e+03
5.982823893531028924e-16 7.684664468154411892e-17 5.079215774262766899e+03
5.270891677366520630e-16 7.668886984570124854e-17 5.079950505083936150e+03
6.645070749612140348e-16 7.666945976339033708e-17 5.080685242781316447e+03
6.362952882544469132e-16 7.647642168617093517e-17 5.081419987354038312e+03
6.146748202440106593e-16 7.620763675382096005e-17 5.082154738801242274e+03
4.119506325006503694e-16 7.623817275496597403e-17 5.082889497122056127e+03
3.779474508007596135e-16 7.631082373732161350e-17 5.083624262315619490e+03
4.551914333892338367e-16 7.620604638222417539e-17 5.084359034381061065e+03
6.693610026537632996e-16 7.619132227361057248e-17 5.085093813317518652e+03
6.772770879644059298e-16 7.621707865934187859e-17 5.085828599124126413e+03
4.231154285335064875e-16 7.620490766729899748e-17 5.086563391800018508e+03
5.305097812834488424e-16 7.626739093089849759e-17 5.087298191344329098e+03
4.041391457605801943e-16 7.666488020775939385e-17 5.088032997756192344e+03
7.218486934193175191e-16 7.733226405234213683e-17 5.088767811034740589e+03
9.118633848425512246e-16 7.673643096828541243e-17 5.089502631179109812e+03
4.336616284309088530e-16 7.641389274543070799e-17 5.090237458188435994e+03
2.119177597481518510e-16 7.637176964664451001e-17 5.090972292061851476e+03
6.633450749683422432e-16 7.635053558657128231e-17 5.091707132798489511e+03
4.662811905846133177e-16 7.630813046710778175e-17 5.092441980397486986e+03
4.451117473125877803e-16 7.611376712926236130e-17 5.093176834857975336e+03
2.792738386422203003e-16 7.605421184846495428e-17 5.093911696179091450e+03
8.050144142198236975e-16 7.596275479962307116e-17 5.094646564359967670e+03
6.817761413403452925e-16 7.585504004177308863e-17 5.095381439399739065e+03
5.942246942287417989e-16 7.583633043662139458e-17 5.096116321297540708e+03
2.469912821785960895e-16 7.582492432271688106e-17 5.096851210052504030e+03
1.362427251027602002e-16 7.563208900675610739e-17 5.097586105663765920e+03
4.627678710459976241e-16 7.560515288736494106e-17 5.098321008130460541e+03
7.009193451341697368e-16 7.562522125765459427e-17 5.099055917451722053e+03
3.279824308010511363e-16 7.562143577249182906e-17 5.099790833626682797e+03
4.551006704861402829e-16 7.577321383582541377e-17 5.100525756654478755e+03
5.684643272268571891e-16 7.533228679376739667e-17 5.101260686534244996e+03
7.208190010402389553e-16 7.531396213747093353e-17 5.101995623265112954e+03
5.685480808314765416e-16 7.532785376070425105e-17 5.102730566846219517e+03
6.206217873820944714e-16 7.520430624384504389e-17 5.103465517276696119e+03
4.492306165105473387e-16 7.531738698753036599e-17 5.104200474555682376e+03
2.564203366372331540e-16 7.548795208379190202e-17 5.104935438682306994e+03
3.959065849368853409e-16 7.493683940432892943e-17 5.105670409655705953e+03
9.199698657030800350e-16 7.499271156887549166e-17 5.106405387475015232e+03
2.044138116810243360e-16 7.502989735401595444e-17 5.107140372139368992e+03
5.536164780081381002e-16 7.499465746257707848e-17 5.107875363647897757e+03
3.355546094445236012e-16 7.502904127757077093e-17 5.108610361999739325e+03
5.427093062374058592e-16 7.506788701605033000e-17 5.109345367194026949e+03
7.379220576881106793e-16 7.498096317166103550e-17 5.110080379229894788e+03
4.573737800448137925e-16 7.462507769372712061e-17 5.110815398106477915e+03
5.281524568735247953e-16 7.478522844852048512e-17 5.111550423822909579e+03
6.235489755344832721e-16 7.519369534588506962e-17 5.112285456378324852e+03
4.826605152353484111e-16 7.499864865553029029e-17 5.113020495771857895e+03
2.362683168616997053e-16 7.496845757391106039e-17 5.113755542002640141e+03
3.409055305165509702e-16 7.522033425859915481e-17 5.114490595069810297e+03
6.357579903285749317e-16 7.540303972669632655e-17 5.115225654972500706e+03
5.122220853159160024e-16 7.545538252665155778e-17 5.115960721709847348e+03
6.267717209565854663e-16 7.541162035858464353e-17 5.116695795280978928e+03
4.464174535776882540e-16 7.534977219471416825e-17 5.117430875685035971e+03
3.195349050147623899e-16 7.556964373717803071e-17 5.118165962921151731e+03
5.328324080006367515e-16 7.543280773521131567e-17 5.118901056988455821e+03
5.788410058965064693e-16 7.553999202103198800e-17 5.119636157886088768e+03
5.218449817217168375e-16 7.538471428601973744e-17 5.120371265613181095e+03
7.291926841493319730e-16 7.535641048823191721e-17 5.121106380168866963e+03
6.447079475332633582e-16 7.534895500674375985e-17 5.121841501552282352e+03
4.545286032654705555e-16 7.525777984065594658e-17 5.122576629762560515e+03
3.835249288705411196e-16 7.512240033479446656e-17 5.123311764798836521e+03
5.944885733870147095e-16 7.505939651786370204e-17 5.124046906660242712e+03
2.162173686121881164e-16 7.512742158264254838e-17 5.124782055345916888e+03
5.200971559937049392e-16 7.526814422265534436e-17 5.125517210854989571e+03
5.635093873550392867e-16 7.507473175112736962e-17 5.126252373186596742e+03
8.486374100868019088e-16 7.504964936583023967e-17 5.126987542339873471e+03
2.567617953236313966e-16 7.536484575479708642e-17 5.127722718313953010e+03
5.153413732248456884e-16 7.556658479112698657e-17 5.128457901107969519e+03
8.798734195011938945e-16 7.583935336745418929e-17 5.129193090721058979e+03
4.782687198946081959e-16 7.601112752845060942e-17 5.129928287152351004e+03
3.226719651164652709e-16 7.625374200432447462e-17 5.130663490400986120e+03
5.619378966829272594e-16 7.634506569810706720e-17 5.131398700466093942e+03
2.582660794606377240e-16 7.623487009562153451e-17 5.132133917346811359e+03
2.712637333112373516e-16 7.635511539031833197e-17 5.132869141042272531e+03
7.202638983320316944e-16 7.665603573150084059e-17 5.133604371551609802e+03
6.293542586753726573e-16 7.701828295387450483e-17 5.134339608873957332e+03
5.325924690043349599e-16 7.722317790980360909e-17 5.135074853008452919e+03
6.652311649819241906e-16 7.755681637355507146e-17 5.135810103954227998e+03
5.232432634011551591e-16 7.794681578305097774e-17 5.136545361710417637e+03
3.013699238286383075e-16 7.798813240215069384e-17 5.137280626276155090e+03
4.200380235392996684e-16 7.789273640689829073e-17 5.138015897650576335e+03
4.763174587801348624e-16 7.814852682012460866e-17 5.138751175832814624e+03
7.054597797856412182e-16 7.809483346128623477e-17 5.139486460822005029e+03
3.078895438968586779e-16 7.815681647803073728e-17 5.140221752617280799e+03
5.446317963109922688e-16 7.826947518100780404e-17 5.140957051217777007e+03
5.203001505529236195e-16 7.836518972933151416e-17 5.141692356622626903e+03
4.071633094161168003e-16 7.835192271409434021e-17 5.142427668830965558e+03
5.004354685151078204e-16 7.824095740624088914e-17 5.143162987841928043e+03
3.917798607281869542e-16 7.824662671245360105e-17 5.143898313654648518e+03
2.598638501078703619e-16 7.856940799011951058e-17 5.144633646268258417e+03
5.165391421750213195e-16 7.829140259118905925e-17 5.145368985681894628e+03
6.024365240164462689e-16 7.813412485552389333e-17 5.146104331894692223e+03
4.893647389116290826e-16 7.824127623401253299e-17 5.146839684905782633e+03
5.701298796817272431e-16 7.815488073648483726e-17 5.147575044714303658e+03
5.656456234413246741e-16 7.804133046922540119e-17 5.148310411319385821e+03
8.194389076536471868e-16 7.795872729745897259e-17 5.149045784720166921e+03
4.457265085147369123e-16 7.780847782562208895e-17 5.149781164915779300e+03
3.603148099270700097e-16 7.773654212925640345e-17 5.150516551905356209e+03
5.243679641358227483e-16 7.750103529373000443e-17 5.151251945688035448e+03
4.714094511795093641e-16 7.709745257202600882e-17 5.151987346262948449e+03
4.244670723585261362e-16 7.719686599928044238e-17 5.152722753629229373e+03
5.502487990909995593e-16 7.712808976849567153e-17 5.153458167786015110e+03
7.563990377825694835e-16 7.703164408242937879e-17 5.154193588732436183e+03
5.588579372687882706e-16 7.706562339044468081e-17 5.154929016467629481e+03
4.817716791186128402e-16 7.695960418643513341e-17 5.155664450990730984e+03
6.751786621031168826e-16 7.708124338161628997e-17 5.156399892300871215e+03
6.327072350023713012e-16 7.708383557962414079e-17 5.157135340397186155e+03
-4.980142870562083336e-18 7.683094337784768021e-17 5.157870795278809965e+03
3.025641860992821736e-16 7.665609420597538164e-17 5.158606256944875895e+03
6.723761226786781783e-16 7.672952453253707906e-17 5.159341725394520836e+03
5.599630527205228851e-16 7.695392189508546556e-17 5.160077200626876220e+03
5.828839515929374542e-16 7.678189682120205620e-17 5.160812682641078027e+03
7.332190573344797087e-16 7.652550583509290354e-17 5.161548171436261327e+03
6.576477849590672419e-16 7.651798589736288207e-17 5.162283667011557554e+03
3.184078934758890932e-16 7.649776049930388402e-17 5.163019169366105416e+03
5.719311839033861051e-16 7.653296790263983598e-17 5.163754678499033616e+03
2.710296499700264925e-16 7.633817946231184621e-17 5.164490194409481774e+03
2.324200826178592438e-16 7.626812435813808316e-17 5.165225717096582230e+03
6.126794033278505895e-16 7.591415868495714937e-17 5.165961246559466417e+03
4.456762058054378007e-16 7.576962043982093321e-17 5.166696782797273954e+03
3.178246306397041304e-16 7.585487477888723080e-17 5.167432325809133545e+03
3.781561714982099707e-16 7.564400479283123613e-17 5.168167875594184807e+03
6.691042366106767634e-16 7.544662756505345309e-17 5.168903432151557354e+03
6.252982159653361403e-16 7.549777140151406227e-17 5.169638995480387166e+03
6.496956090371520630e-16 7.529212622488553922e-17 5.170374565579811133e+03
6.423158960598868903e-16 7.518252510767730461e-17 5.171110142448960687e+03
3.334882194325684031e-16 7.512535243982451781e-17 5.171845726086969989e+03
3.897522224646744308e-16 7.500564587188027459e-17 5.172581316492976839e+03
8.683670511705617917e-16 7.495331699430491677e-17 5.173316913666109031e+03
3.891281579322025532e-16 7.460973103992766480e-17 5.174052517605508001e+03
5.469774310666854244e-16 7.451454024190905095e-17 5.174788128310303364e+03
5.259428555791369103e-16 7.461159048985006011e-17 5.175523745779632009e+03
9.302333829932046273e-16 7.434202051012963432e-17 5.176259370012628096e+03
3.625501864021379495e-16 7.405530768510562834e-17 5.176995001008422150e+03
4.353589162415058772e-16 7.412295482786513433e-17 5.177730638766151969e+03
3.969764452885742361e-16 7.380894434515232899e-17 5.178466283284951714e+03
6.085660342915467702e-16 7.374251754677188995e-17 5.179201934563956456e+03
4.737793777657109271e-16 7.385931804923117285e-17 5.179937592602298537e+03
6.821120159869540217e-16 7.400146787339746252e-17 5.180673257399112117e+03
4.336623438994719861e-16 7.419431942671017985e-17 5.181408928953533177e+03
5.072646606238572680e-16 7.425934309066526559e-17 5.182144607264695878e+03
4.999007071385790066e-16 7.441367788395537941e-17 5.182880292331732562e+03
5.733307590256548721e-16 7.462694174284128223e-17 5.183615984153779209e+03
2.573548113881678559e-16 7.465641692677122152e-17 5.184351682729969980e+03
4.303309661281242510e-16 7.461311223787315708e-17 5.185087388059439036e+03
4.181074593651076525e-16 7.439221329940699723e-17 5.185823100141320538e+03
6.379951406971020847e-16 7.422992483126168002e-17 5.186558818974748647e+03
6.324457786283106350e-16 7.410510427039892156e-17 5.187294544558859343e+03
3.209409748070009066e-16 7.387532748323974542e-17 5.188030276892784059e+03
6.723379873601792983e-16 7.379495594399402090e-17 5.188766015975659684e+03
4.305098413622185179e-16 7.373429279663783951e-17 5.189501761806618561e+03
6.041478375390401942e-16 7.395027309700508784e-17 5.190237514384795759e+03
5.743162448056887854e-16 7.467291694230508823e-17 5.190973273709327259e+03
4.550862745059681129e-16 7.624248974501758929e-17 5.191709039779343584e+03
2.583924972200721043e-16 7.784625271130081316e-17 5.192444812593983443e+03
7.336299079526816855e-16 7.961648428303349071e-17 5.193180592152377358e+03
5.781968681059189140e-16 8.101716191993941026e-17 5.193916378453663128e+03
2.685892849561370387e-16 8.209100226037030950e-17 5.194652171496971278e+03
6.534267684788397526e-16 8.292501256123209514e-17 5.195387971281439604e+03
7.801166954238142857e-16 8.351801523544383178e-17 5.196123777806200451e+03
8.200868297612357251e-16 8.396928408359559994e-17 5.196859591070389797e+03
2.900908266975334088e-16 8.415796795067291154e-17 5.197595411073139076e+03
4.461640202708137816e-16 8.416871001962056624e-17 5.198331237813583357e+03
5.337459449012373618e-16 8.437826612268397001e-17 5.199067071290861350e+03
3.833830812171640761e-16 8.439146981288232467e-17 5.199802911504101758e+03
6.356804432671182484e-16 8.456042910307614200e-17 5.200538758452441471e+03
4.700911744274639815e-16 8.455626889403874743e-17 5.201274612135014650e+03
6.203797944406965064e-16 8.408547038171186153e-17 5.202010472550955456e+03
4.047926900014172629e-16 8.406748018520547327e-17 5.202746339699398959e+03
4.509445589210037002e-16 8.427622821133583359e-17 5.203482213579476593e+03
6.337875162413788780e-16 8.399082567934521626e-17 5.204218094190326156e+03
1.865990563199620643e-16 8.283993628204998161e-17 5.204953981531081808e+03
5.521349258004079171e-16 8.100631202925229092e-17 5.205689875600875894e+03
5.228033225351429926e-16 7.906816360273792989e-17 5.206425776398842572e+03
6.755281911007181161e-16 7.729698229362447872e-17 5.207161683924117824e+03
3.686248824019922869e-16 7.569615552403674155e-17 5.207897598175835810e+03
3.563249207183424018e-16 7.438675966016690984e-17 5.208633519153128873e+03
2.461695041398094092e-16 7.356342122353865344e-17 5.209369446855132992e+03
5.812771881779110350e-16 7.306329856035527029e-17 5.210105381280984147e+03
8.245526252085706604e-16 7.269869021015164998e-17 5.210841322429812863e+03
3.723659835720108498e-16 7.255339258106728710e-17 5.211577270300756936e+03
2.030811125281276840e-16 7.262201128874822394e-17 5.212313224892948710e+03
6.231397832641116213e-16 7.273879420353532090e-17 5.213049186205523256e+03
5.700266901252069377e-16 7.313113359339141107e-17 5.213785154237613824e+03
5.643948447287823257e-16 7.324790659660711792e-17 5.214521128988355485e+03
2.273619946084753130e-16 7.309812674384391106e-17 5.215257110456883311e+03
5.447621742017037305e-16 7.339293251757143042e-17 5.215993098642330551e+03
3.459482661785287557e-16 7.350022129355174918e-17 5.216729093543833187e+03
3.304178063389387950e-16 7.381282703337369405e-17 5.217465095160523560e+03
5.646122660836741058e-16 7.399151670086823002e-17 5.218201103491536742e+03
2.777278539977157058e-16 7.422270799750460283e-17 5.218937118536006892e+03
4.881696378992066786e-16 7.446396837462207296e-17 5.219673140293067263e+03
6.179778843777409188e-16 7.452188576183362522e-17 5.220409168761854744e+03
6.216203641229306059e-16 7.467366774843194055e-17 5.221145203941503496e+03
3.844799826321698887e-16 7.451490228810998301e-17 5.221881245831144952e+03
3.582539182409617032e-16 7.454899641737501616e-17 5.222617294429916910e+03
5.057228633132305334e-16 7.467546588619253897e-17 5.223353349736950804e+03
7.023784526995650151e-16 7.458981912279001670e-17 5.224089411751383523e+03
2.691994675798240100e-16 7.458800352413442748e-17 5.224825480472346499e+03
5.438743902559236342e-16 7.457836079607227268e-17 5.225561555898975712e+03
3.391983673934590767e-16 7.470081557420136319e-17 5.226297638030408052e+03
6.019462190446790304e-16 7.414694097013510459e-17 5.227033726865772223e+03
6.588690111599816779e-16 7.397879452587506289e-17 5.227769822404206934e+03
7.078789376934090425e-16 7.379319004524376583e-17 5.228505924644845436e+03
1.531249867911993807e-16 7.372593676027441420e-17 5.229242033586820071e+03
4.378571897095847453e-16 7.373464986638411345e-17 5.229978149229269548e+03
5.375212987315619231e-16 7.364324903067022054e-17 5.230714271571323479e+03
4.884556888497755616e-16 7.341099599393031374e-17 5.231450400612120575e+03
3.116011112340865771e-16 7.349029063569051624e-17 5.232186536350789538e+03
5.458574940309970041e-16 7.360444222495051008e-17 5.232922678786469987e+03
5.318811765745342821e-16 7.384580986248572705e-17 5.233658827918296083e+03
5.284021589473550255e-16 7.391007412183900567e-17 5.234394983745398349e+03
6.053278622089268993e-16 7.402374996160106941e-17 5.235131146266912765e+03
5.206013738634654810e-16 7.409746153598313049e-17 5.235867315481977130e+03
4.009708488310556360e-16 7.417342806999127887e-17 5.236603491389720148e+03
5.473951159730942148e-16 7.410929882388597040e-17 5.237339673989278708e+03
3.314004844048663061e-16 7.395303682966746134e-17 5.238075863279787882e+03
5.147034438437832681e-16 7.369392268216170588e-17 5.238812059260380920e+03
4.758799557107870083e-16 7.341910425125410782e-17 5.239548261930193803e+03
6.848885403981599293e-16 7.331952270073721997e-17 5.240284471288357963e+03
4.714309456500244211e-16 7.315264353245515785e-17 5.241020687334012109e+03
5.842461176622392899e-16 7.307419927445335971e-17 5.241756910066285855e+03
1.776605198585062021e-16 7.293925096249921876e-17 5.242493139484315179e+03
4.882348955478931395e-16 7.283450052898025285e-17 5.243229375587237882e+03
4.916098315975311394e-16 7.282037178453584736e-17 5.243965618374182668e+03
5.068690320515197241e-16 7.253108596580993161e-17 5.244701867844287335e+03
3.894747477154296097e-16 7.240694834784906120e-17 5.245438123996686045e+03
3.551436359618443209e-16 7.216643230287560229e-17 5.246174386830511139e+03
5.826700887338756274e-16 7.214732586509199794e-17 5.246910656344898598e+03
5.112216823019908297e-16 7.196566614857566556e-17 5.247646932538984402e+03
5.379594511291110787e-16 7.203353856764405387e-17 5.248383215411899073e+03
4.607727776713054683e-16 7.201308538260706440e-17 5.249119504962780411e+03
3.700027383835114415e-16 7.255530086999099474e-17 5.249855801190758939e+03
4.920726320987988983e-16 7.286743901733741133e-17 5.250592104094973365e+03
4.158315796088751269e-16 7.305740694967032802e-17 5.251328413674556941e+03
3.969517678406868861e-16 7.283585980571680669e-17 5.252064729928640190e+03
6.834217375130804505e-16 7.302071764901556150e-17 5.252801052856362730e+03
6.040455692692762037e-16 7.291856929524486416e-17 5.253537382456855994e+03
2.816982866967877277e-16 7.296497555860164942e-17 5.254273718729255052e+03
6.705403427407941541e-16 7.289616631137473308e-17 5.255010061672692245e+03
6.272537120841797895e-16 7.279767737807002845e-17 5.255746411286305374e+03
4.697992773375709696e-16 7.265598639072419597e-17 5.256482767569228599e+03
5.088251415963462388e-16 7.241927989334368375e-17 5.257219130520592444e+03
7.956094598552530202e-16 7.223795890233047221e-17 5.257955500139536525e+03
2.214811685737760304e-16 7.199546477004215469e-17 5.258691876425189548e+03
1.966986665495088314e-16 7.198016124016359102e-17 5.259428259376690221e+03
6.725262340691622677e-16 7.183189004051841610e-17 5.260164648993169976e+03
4.777577852846467525e-16 7.166817071728752883e-17 5.260901045273764794e+03
8.921555743846730063e-16 7.175189311302668072e-17 5.261637448217610654e+03
5.667212525379731392e-16 7.165221940011122789e-17 5.262373857823838989e+03
2.729244365455970728e-16 7.158204817261068684e-17 5.263110274091584870e+03
3.701904656967769463e-16 7.124748407075717570e-17 5.263846697019984276e+03
5.202126065192723951e-16 7.099498168172754854e-17 5.264583126608167731e+03
4.981996048198991720e-16 7.092282199588705321e-17 5.265319562855273944e+03
3.254139396256372094e-16 7.065241715526171545e-17 5.266056005760435255e+03
5.586264497209300179e-16 7.075782284071012209e-17 5.266792455322785827e+03
5.665198594587468633e-16 7.063103665530820275e-17 5.267528911541461639e+03
6.088366510212621487e-16 7.085930436566350696e-17 5.268265374415595943e+03
5.380620800690499129e-16 7.088881459884737573e-17 5.269001843944321081e+03
4.362149793962515510e-16 7.112160951960132597e-17 5.269738320126776671e+03
4.892018609593975478e-16 7.135712618769834393e-17 5.270474802962088688e+03
4.110481245343920932e-16 7.154712126868426882e-17 5.271211292449401299e+03
4.299215154984539074e-16 7.162739865222412217e-17 5.271947788587841387e+03
6.709177515621883255e-16 7.170116919486491689e-17 5.272684291376546753e+03
4.203307164143448594e-16 7.169581677885302920e-17 5.273420800814651557e+03
4.445719776338888087e-16 7.188597416709650288e-17 5.274157316901289960e+03
4.641678963924739899e-16 7.205071944472273249e-17 5.274893839635595214e+03
6.311055223241577090e-16 7.193929105383692520e-17 5.275630369016700570e+03
4.564398655461938823e-16 7.205294783476604927e-17 5.276366905043747465e+03
3.855965023931120421e-16 7.170279174626918027e-17 5.277103447715862785e+03
6.792963205432908582e-16 7.203146868430539270e-17 5.277839997032180690e+03
3.994595177693355277e-16 7.201236100368321578e-17 5.278576552991840799e+03
4.832131743881097216e-16 7.183687155995489662e-17 5.279313115593975454e+03
3.807528338725585710e-16 7.177343454351030717e-17 5.280049684837715176e+03
3.615578286048503808e-16 7.186206318784604267e-17 5.280786260722199586e+03
4.019285349313566499e-16 7.192893133508910099e-17 5.281522843246560114e+03
9.267250301951642677e-16 7.210937170607541325e-17 5.282259432409932742e+03
5.727065796132742690e-16 7.188450099072194281e-17 5.282996028211451630e+03
5.449239943007066166e-16 7.163575562356785162e-17 5.283732630650248211e+03
5.556608527378218266e-16 7.146534421011790760e-17 5.284469239725460284e+03
3.309136795808990714e-16 7.123683787838197963e-17 5.285205855436222919e+03
3.473994880817768104e-16 7.112547268725279885e-17 5.285942477781667549e+03
6.663137646722637794e-16 7.101868358492632816e-17 5.286679106760928335e+03
4.539291570823054635e-16 7.103281598999196657e-17 5.287415742373142166e+03
3.726812521531076808e-16 7.110205064119739721e-17 5.288152384617442294e+03
4.737643647943343320e-16 7.104109337219459814e-17 5.288889033492963790e+03
8.508064637984741813e-16 7.093953662091323667e-17 5.289625688998838996e+03
3.874155423794915927e-16 7.103438701630817720e-17 5.290362351134204800e+03
3.274792820092163306e-16 7.094659247022624110e-17 5.291099019898192637e+03
3.682565322375137574e-16 7.083666073966660801e-17 5.291835695289941214e+03
4.865758360276703716e-16 7.093945538544856815e-17 5.292572377308579235e+03
5.081498570364072618e-16 7.109497656396462266e-17 5.293309065953246318e+03
4.356899008626138324e-16 7.104801452499051526e-17 5.294045761223073896e+03
6.717791909740816888e-16 7.128402285957988404e-17 5.294782463117197040e+03
5.840740876317899590e-16 7.125245569038292496e-17 5.295519171634750819e+03
5.864067171599067763e-16 7.133351022288619151e-17 5.296255886774868486e+03
2.582579641611334992e-16 7.141828053271517982e-17 5.296992608536684202e+03
4.420203048981149422e-16 7.154959362243966147e-17 5.297729336919333946e+03
6.629092598248582783e-16 7.180869863468310733e-17 5.298466071921950970e+03
4.493342009035665855e-16 7.188097886824050508e-17 5.299202813543669436e+03
2.965239259416234425e-16 7.184847150194886418e-17 5.299939561783625322e+03
3.784519762440700888e-16 7.195795114014018719e-17 5.300676316640950972e+03
4.081596347937596396e-16 7.219179446792569998e-17 5.301413078114781456e+03
5.335572575229726523e-16 7.196628684966785647e-17 5.302149846204250025e+03
3.690886862961477595e-16 7.202206179122869933e-17 5.302886620908493569e+03
7.034763927178451254e-16 7.222344538657029343e-17 5.303623402226646249e+03
6.197356083061085508e-16 7.240242255609316089e-17 5.304360190157840407e+03
7.089724627300656736e-16 7.255655974448196760e-17 5.305096984701212932e+03
1.897237610044932902e-16 7.253246753136287039e-17 5.305833785855895258e+03
2.677787930485654969e-16 7.255920278838804514e-17 5.306570593621023363e+03
3.678743866435447582e-16 7.256290265045329942e-17 5.307307407995730500e+03
2.880722502613327602e-16 7.259812212466072496e-17 5.308044228979153559e+03
6.111238488438223393e-16 7.248693681483808249e-17 5.308781056570424880e+03
6.500037245882150326e-16 7.242943976680060277e-17 5.309517890768678626e+03
4.916998063271539669e-16 7.224415855036355705e-17 5.310254731573050776e+03
3.002148794702750310e-16 7.239809163610995609e-17 5.310991578982675492e+03
4.796524063567409414e-16 7.247216978446027542e-17 5.311728432996685115e+03
6.711862314160915619e-16 7.242266591249349352e-17 5.312465293614216534e+03
3.024625024530273575e-16 7.252903571346047638e-17 5.313202160834402093e+03
3.721895436455447311e-16 7.252354343771084385e-17 5.313939034656377771e+03
4.922392729138258013e-16 7.249358388887818949e-17 5.314675915079276820e+03
3.105962409396448089e-16 7.269439342611259727e-17 5.315412802102233400e+03
6.804416035621595730e-16 7.285294482060468822e-17 5.316149695724384401e+03
3.305927911690564164e-16 7.292458724737636408e-17 5.316886595944860346e+03
3.310423312725146084e-16 7.295717859679693475e-17 5.317623502762800854e+03
6.599120697326595067e-16 7.334429339070884177e-17 5.318360416177334628e+03
4.736987775955392491e-16 7.319287699251797655e-17 5.319097336187597648e+03
4.364577189376217536e-16 7.325848622391682705e-17 5.319834262792726804e+03
4.758567716609387427e-16 7.319634298915296677e-17 5.320571195991855348e+03
2.414768542299174903e-16 7.319202127075031364e-17 5.321308135784115620e+03
4.865418129273943689e-16 7.322057436562921223e-17 5.322045082168644512e+03
5.503604991242025229e-16 7.343709933140948975e-17 5.322782035144575275e+03
7.380132544964056355e-16 7.392911902187472205e-17 5.323518994711042978e+03
3.796572049067077816e-16 7.460228132730180174e-17 5.324255960867179965e+03
4.850305165838772139e-16 7.521149291711988776e-17 5.324992933612124034e+03
5.045642976023976696e-16 7.572110528974074556e-17 5.325729912945006618e+03
4.889702413772833890e-16 7.616675874936987762e-17 5.326466898864963696e+03
3.050898865944154034e-16 7.578822678022678695e-17 5.327203891371128520e+03
5.055072986697909872e-16 7.569262614481334732e-17 5.327940890462636162e+03
3.697236233293657663e-16 7.552882966998805736e-17 5.328677896138622600e+03
6.915329671920200012e-16 7.561007208285968084e-17 5.329414908398219268e+03
6.969684488005131762e-16 7.545397639930560548e-17 5.330151927240562145e+03
3.264028158065738151e-16 7.541948536703442997e-17 5.330888952664783574e+03
4.365339916400026619e-16 7.547315196523507114e-17 5.331625984670023172e+03
5.033490651875401977e-16 7.538872440186894632e-17 5.332363023255409644e+03
4.520283171340702814e-16 7.534815722721065956e-17 5.333100068420080788e+03
3.537361853448503985e-16 7.525229101931359943e-17 5.333837120163168947e+03
5.292376392436589273e-16 7.515044995417491345e-17 5.334574178483809192e+03
4.092419935113875777e-16 7.497255152497049468e-17 5.335311243381136592e+03
4.270258779902925455e-16 7.478618243207542803e-17 5.336048314854285309e+03
6.524339577545576347e-16 7.476570772425394054e-17 5.336785392902389503e+03
6.676281215302756796e-16 7.420156500345754479e-17 5.337522477524583337e+03
3.545749214521469010e-16 7.355052155498863832e-17 5.338259568720000971e+03
3.388733164154275502e-16 7.298144756946245955e-17 5.338996666487778384e+03
4.679676709457374481e-16 7.244627880393267309e-17 5.339733770827047920e+03
5.990507334401506296e-16 7.213238916342536233e-17 5.340470881736944648e+03
2.880549555091131893e-16 7.198226791672451143e-17 5.341207999216604549e+03
2.442761945387389201e-16 7.210514389570123013e-17 5.341945123265159964e+03
4.612202909003514802e-16 7.197155125011654754e-17 5.342682253881746874e+03
4.828467273983376653e-16 7.179816982234386474e-17 5.343419391065496711e+03
6.987483750722381243e-16 7.189281454613157183e-17 5.344156534815547275e+03
5.485501749624621302e-16 7.178489169336560160e-17 5.344893685131033635e+03
3.498046998637474772e-16 7.171325535502128290e-17 5.345630842011085406e+03
4.513455087559076292e-16 7.158395609983818119e-17 5.346368005454840386e+03
6.186872396585599033e-16 7.144321018315308761e-17 5.347105175461431827e+03
5.910491874435111084e-16 7.138549208059647705e-17 5.347842352029996619e+03
4.276909554484351597e-16 7.143864413413934881e-17 5.348579535159665284e+03
4.044938424088810335e-16 7.135087113917169310e-17 5.349316724849575621e+03
4.349914197949138005e-16 7.127300764199576247e-17 5.350053921098860883e+03
4.575721620867232298e-16 7.141846510004006394e-17 5.350791123906652501e+03
5.099645522300740602e-16 7.182144135350594718e-17 5.351528333272090094e+03
5.763306477586365487e-16 7.153195417523740022e-17 5.352265549194306004e+03
2.814414421508468900e-16 7.138374199802932195e-17 5.353002771672432573e+03
5.725917348401078389e-16 7.145771794294030601e-17 5.353740000705605780e+03
7.909132196980566642e-16 7.151835124132088093e-17 5.354477236292962516e+03
2.919434995635210206e-16 7.161812157831908806e-17 5.355214478433631484e+03
1.732164943594651077e-16 7.202122252125268843e-17 5.355951727126751393e+03
4.519655770328211235e-16 7.147234972808231002e-17 5.356688982371455495e+03
6.220838180372527789e-16 7.099059308181532587e-17 5.357426244166877950e+03
4.958539259811146346e-16 7.084517177342035492e-17 5.358163512512154739e+03
5.230135698643983018e-16 7.099870780268615710e-17 5.358900787406418203e+03
4.195613790110551816e-16 7.109208412120692450e-17 5.359638068848802504e+03
2.679799738745325139e-16 7.106936433330974167e-17 5.360375356838443622e+03
4.934812376679906494e-16 7.105260194129943589e-17 5.361112651374476627e+03
4.081079016500065873e-16 7.110991136510977176e-17 5.361849952456033861e+03
5.010541195283396452e-16 7.115046120113531605e-17 5.362587260082250395e+03
4.292124494193602910e-16 7.125677921144882001e-17 5.363324574252261300e+03
4.618807741665477280e-16 7.129946478693573732e-17 5.364061894965199826e+03
5.628897189297506476e-16 7.131335896469182913e-17 5.364799222220202864e+03
7.039259124875416462e-16 7.124130691973946856e-17 5.365536556016399118e+03
5.124330536216211398e-16 7.130679095232457491e-17 5.366273896352930933e+03
-7.565627515435441495e-17 7.136943974844151790e-17 5.367011243228927015e+03
4.826446956927015535e-16 7.136958555952108349e-17 5.367748596643523342e+03
7.281277488261963428e-16 7.129347548827208746e-17 5.368485956595855896e+03
4.624389094494125349e-16 7.130178828926714992e-17 5.369223323085056109e+03
3.628156116930311358e-16 7.137841306736140020e-17 5.369960696110260869e+03
8.163378901155357828e-17 7.140141219919013345e-17 5.370698075670603430e+03
7.849629815636802787e-16 7.154888586614501906e-17 5.371435461765217042e+03
6.896933839412550404e-16 7.155605973162823085e-17 5.372172854393238595e+03
3.952317842248423867e-16 7.157685868602789937e-17 5.372910253553800430e+03
2.331014003482303952e-16 7.170440643474659637e-17 5.373647659246038529e+03
6.132227121143405347e-16 7.185336047999312708e-17 5.374385071469087052e+03
3.478638384810072522e-16 7.147322064580538567e-17 5.375122490222078341e+03
4.709822662285510686e-16 7.133558984154151913e-17 5.375859915504150194e+03
8.838433612448150805e-16 7.144092150521871671e-17 5.376597347314434955e+03
4.571509710014514903e-16 7.126872606654247584e-17 5.377334785652066785e+03
4.260220868319036287e-16 7.111230748128963878e-17 5.378072230516181662e+03
4.985444283506415360e-16 7.153515282287721614e-17 5.378809681905913749e+03
8.891588615397813918e-16 7.129473130735044116e-17 5.379547139820394477e+03
2.077415635870320988e-16 7.125228870769963272e-17 5.380284604258760737e+03
4.879012702725298163e-16 7.080700429895349597e-17 5.381022075220149418e+03
2.582211148268822355e-16 7.017684476584139645e-17 5.381759552703690133e+03
5.212043492116665218e-16 7.010606885798654031e-17 5.382497036708518863e+03
3.847876175795952488e-16 7.011389650325790964e-17 5.383234527233771587e+03
4.174731139213334286e-16 7.223097789795547884e-17 5.383972024278582467e+03
2.911466415363585508e-16 7.113345688867252781e-17 5.384709527842083844e+03
7.576565503499414578e-16 7.030354205603159127e-17 5.385447037923412609e+03
7.378621622660495213e-16 7.045930671027877199e-17 5.386184554521701102e+03
3.638654784211460355e-16 7.074451283962829075e-17 5.386922077636083486e+03
5.174941100596327600e-16 7.059116741526649387e-17 5.387659607265698469e+03
6.538630390257331988e-16 7.017931398324517984e-17 5.388397143409674754e+03
4.986186127393601774e-16 7.020606426303347565e-17 5.389134686067150142e+03
5.346297776291532074e-16 7.014194980025649745e-17 5.389872235237258792e+03
3.095488850804026506e-16 7.014729454921885609e-17 5.390609790919135776e+03
7.219295303233949721e-16 7.006110555074194355e-17 5.391347353111912525e+03
4.432908696775334742e-16 6.999309307283711705e-17 5.392084921814724112e+03
5.780188291518469155e-16 6.999252363342485311e-17 5.392822497026709243e+03
6.514508538487286138e-16 6.989764258262631901e-17 5.393560078746996624e+03
6.389369252322384283e-16 6.999538102202034157e-17 5.394297666974724052e+03
2.054997078847111092e-16 7.009834332649717334e-17 5.395035261709026599e+03
3.470080796912894836e-16 7.016162077907864234e-17 5.395772862949035698e+03
8.616910486420385812e-16 7.004189714171579869e-17 5.396510470693887328e+03
5.405007717003565157e-16 7.006732496014561168e-17 5.397248084942716559e+03
2.030638665182016236e-16 7.025250000079633159e-17 5.397985705694656644e+03
6.146657974745255656e-16 7.042161738176889065e-17 5.398723332948842653e+03
5.469021813925811596e-16 6.976410613023869841e-17 5.399460966704407838e+03
5.340558186159139673e-16 6.966272629756111092e-17 5.400198606960490906e+03
1.638091049191364391e-16 6.950682545489008275e-17 5.400936253716219653e+03
4.911895109798280472e-16 6.960629694126201081e-17 5.401673906970732787e+03
5.569390536451415580e-16 6.967180525288564724e-17 5.402411566723165379e+03
7.933755212224751675e-16 6.919923879350703165e-17 5.403149232972647951e+03
5.223961016443327131e-16 6.930682346310559040e-17 5.403886905718319213e+03
4.124077574021918377e-16 6.943634129060641129e-17 5.404624584959310596e+03
5.809867867322249391e-16 6.933647397943668383e-17 5.405362270694757171e+03
6.937766807562071034e-16 6.928924349888421388e-17 5.406099962923795829e+03
4.695479049057794298e-16 6.934390394434252363e-17 5.406837661645557091e+03
3.686603468756482916e-16 6.923768872951044879e-17 5.407575366859178757e+03
4.687559474586328131e-16 6.915072007651013323e-17 5.408313078563791350e+03
3.511984499323996498e-16 6.908809845474273847e-17 5.409050796758532670e+03
4.308204724008647682e-16 6.912720441533289182e-17 5.409788521442536876e+03
5.776473441491393743e-16 6.914707309175515459e-17 5.410526252614938130e+03
5.421843958760396633e-16 6.920294318914498744e-17 5.411263990274868775e+03
3.283495925030179602e-16 6.930620603074797273e-17 5.412001734421466608e+03
3.215628056873292616e-16 6.926601107077790728e-17 5.412739485053863064e+03
7.400129433249732133e-16 6.933744691201053083e-17 5.413477242171195030e+03
5.190404691841329972e-16 6.933118135208645898e-17 5.414215005772594850e+03
1.720855879458520869e-16 6.953558855221267437e-17 5.414952775857196684e+03
4.304864651169957295e-16 6.940788025944849011e-17 5.415690552424139241e+03
7.610427446978954965e-16 6.925269392842217997e-17 5.416428335472551225e+03
7.279072320187926137e-16 6.930665458067316811e-17 5.417166125001569526e+03
1.101739753731010320e-16 6.914569977018166733e-17 5.417903921010331032e+03
4.145497789834463176e-16 6.915322517093858823e-17 5.418641723497965359e+03
5.815981617522006455e-16 6.927478854974075928e-17 5.419379532463610303e+03
6.415608238894044085e-16 6.926586790166223045e-17 5.420117347906400028e+03
3.615489082270407134e-16 6.934838784821702315e-17 5.420855169825468693e+03
3.876600587000955364e-16 6.936122969752788391e-17 5.421592998219949550e+03
3.106731931131847810e-16 6.945294249305283451e-17 5.422330833088978579e+03
5.361254482063853280e-16 6.925382134470360804e-17 5.423068674431688123e+03
6.433206390559625149e-16 6.931288021025775731e-17 5.423806522247215980e+03
2.528082082209689101e-16 6.929851594418444537e-17 5.424544376534693583e+03
4.757737153518130901e-16 6.921961158563456837e-17 5.425282237293256003e+03
4.560457152339948479e-16 6.936249940146156315e-17 5.426020104522038309e+03
5.185295070723225674e-16 6.945830052553802228e-17 5.426757978220173754e+03
8.805057120694442209e-16 6.963858611180069476e-17 5.427495858386799227e+03
3.470937175972068002e-16 6.905380673438007121e-17 5.428233745021048890e+03
2.476624973862899990e-16 6.945126588722058776e-17 5.428971638122053264e+03
2.611465982969033763e-16 6.972084013333389738e-17 5.429709537688950149e+03
9.566603643487744001e-16 6.982747257827153504e-17 5.430447443720873707e+03
5.522280817959381437e-16 7.003225074050513955e-17 5.431185356216958098e+03
1.559502591832898420e-16 7.034749564584058990e-17 5.431923275176337484e+03
2.159000405868322326e-16 7.036807742778735091e-17 5.432661200598146934e+03
6.109992720811103247e-16 7.035389727773290576e-17 5.433399132481519700e+03
8.970561138416772098e-16 7.034217407426168503e-17 5.434137070825592673e+03
3.143370631420610223e-16 7.043908795190102392e-17 5.434875015629495465e+03
2.632321523090314148e-16 7.049398681544374754e-17 5.435612966892367695e+03
5.693740181852126553e-16 7.046249260132641980e-17 5.436350924613339885e+03
3.290383466530193928e-16 7.037128681322634877e-17 5.437088888791549834e+03
6.107078917103669997e-16 7.032589864137374220e-17 5.437826859426131705e+03
6.941550701762484109e-16 7.043296167976191976e-17 5.438564836516216019e+03
4.304635924751646289e-16 7.048896437696306969e-17 5.439302820060941485e+03
1.712504724032046081e-16 7.040711843151161675e-17 5.440040810059441355e+03
6.068252956973002860e-16 7.029359429896371685e-17 5.440778806510848881e+03
8.557681132527004529e-16 7.035808664627762995e-17 5.441516809414299132e+03
1.960008389339009076e-16 7.032594073753885200e-17 5.442254818768926270e+03
2.123890671160621431e-16 7.006943985349302377e-17 5.442992834573864457e+03
4.761674197542244446e-16 6.996254882989189212e-17 5.443730856828250580e+03
6.439897164679681747e-16 6.967235853153210943e-17 5.444468885531216984e+03
4.922843102733751094e-16 6.967543688654202200e-17 5.445206920681899646e+03
3.485451111646158219e-16 6.968437235721085814e-17 5.445944962279429092e+03
5.875046844784110128e-16 6.951479128106840632e-17 5.446683010322942209e+03
6.694557742395426305e-16 6.949474556524854882e-17 5.447421064811576798e+03
8.017677979950193021e-16 6.941573930721678640e-17 5.448159125744463381e+03
4.184439885891651879e-16 6.941630169790223269e-17 5.448897193120735210e+03
1.181408610151967107e-16 6.933965286184526815e-17 5.449635266939530993e+03
6.537033718658245976e-16 6.919168728399648639e-17 5.450373347199981254e+03
4.893776885195327072e-16 6.926015526791586141e-17 5.451111433901223791e+03
4.383754869637691963e-16 6.927548400869489215e-17 5.451849527042390037e+03
7.682358930284649074e-16 6.953482552614565748e-17 5.452587626622616881e+03
2.815099823906116817e-16 6.909070621573447129e-17 5.453325732641036666e+03
5.524814762001845054e-16 6.919776433879473919e-17 5.454063845096785371e+03
6.366889447224405630e-16 6.930075335849184500e-17 5.454801963988997159e+03
5.876411826538493766e-16 6.953439387961703576e-17 5.455540089316805279e+03
3.459718474720862474e-16 6.967359718854043288e-17 5.456278221079347531e+03
5.315734965146371358e-16 6.973274905261252749e-17 5.457016359275752620e+03
4.717094450653014408e-16 6.970274026364184140e-17 5.457754503905160163e+03
7.441686197995719138e-16 6.961434674890327621e-17 5.458492654966703412e+03
5.551180194267157462e-16 6.961329662942817621e-17 5.459230812459514709e+03
1.965247894166412426e-16 6.973936901856216378e-17 5.459968976382731853e+03
3.751854478673076101e-16 6.982085678409811536e-17 5.460707146735485367e+03
6.215403073293953023e-16 6.992068715088321876e-17 5.461445323516912140e+03
4.309868338950737454e-16 6.992396463810834519e-17 5.462183506726147243e+03
3.552853661171875721e-16 7.014611725638626775e-17 5.462921696362323928e+03
6.225144000882920034e-16 7.006315449356994550e-17 5.463659892424577265e+03
6.817803423434237759e-16 7.060026879998610158e-17 5.464398094912039596e+03
3.321226338057409905e-16 7.042501357330954458e-17 5.465136303823846902e+03
5.597385972728443034e-16 7.028435296982457434e-17 5.465874519159136980e+03
4.438228178246259923e-16 7.016650873906903967e-17 5.466612740917038536e+03
3.965015333304957552e-16 7.006257546864800597e-17 5.467350969096689369e+03
4.334444233747061207e-16 6.992639296751962888e-17 5.468089203697223638e+03
4.373861194168173708e-16 6.999048627316437349e-17 5.468827444717773687e+03
4.823550525189832633e-16 6.979339142075753597e-17 5.469565692157477315e+03
5.232585984154987212e-16 6.983636517058474210e-17 5.470303946015465044e+03
4.112276270322204339e-16 6.981360157709894272e-17 5.471042206290876493e+03
6.327540695394214245e-16 6.971354097874370037e-17 5.471780472982841275e+03
6.056247821268678005e-16 6.971531992342464961e-17 5.472518746090496279e+03
4.848376671179301413e-16 6.967566293403725770e-17 5.473257025612975667e+03
2.971633400176910647e-16 6.965861442758520654e-17 5.473995311549412691e+03
4.615275333596320605e-16 6.978946687284736464e-17 5.474733603898943329e+03
5.961335500110648957e-16 6.977909454521853233e-17 5.475471902660701744e+03
5.730471677159042585e-16 6.975096398556702887e-17 5.476210207833820277e+03
2.469291943128271093e-16 6.986617885856371528e-17 5.476948519417437637e+03
5.124711220065930608e-16 6.999481763647954307e-17 5.477686837410685257e+03
5.616554690988008316e-16 6.963140406460500439e-17 5.478425161812697297e+03
3.644577427021914812e-16 6.966986754884067647e-17 5.479163492622609738e+03
3.757310930426702299e-16 6.992183128085641840e-17 5.479901829839556740e+03
3.705130770581778585e-16 6.987042554270708957e-17 5.480640173462672465e+03
4.948888003386510449e-16 6.992836204096984702e-17 5.481378523491090164e+03
5.590489421106874556e-16 6.986059722729033504e-17 5.482116879923945817e+03
3.580447278161985574e-16 6.977105421726281747e-17 5.482855242760375404e+03
6.086991862213596744e-16 6.972714032925795532e-17 5.483593611999509449e+03
4.925851643482229707e-16 6.972209194468168116e-17 5.484331987640483931e+03
9.433950538023382677e-17 6.969540427181473071e-17 5.485070369682436649e+03
6.224245136810128720e-16 6.978298199090156667e-17 5.485808758124496308e+03
8.310032337640654920e-16 6.984984553708237087e-17 5.486547152965802525e+03
3.835265336619407144e-16 6.977514080754153501e-17 5.487285554205486733e+03
3.111863727698646775e-16 6.979617437525143089e-17 5.488023961842684912e+03
7.314733243511032582e-16 6.981793881394445598e-17 5.488762375876529404e+03
5.796012604212587847e-16 6.980043111567011891e-17 5.489500796306158009e+03
5.539603958412812650e-16 6.980810048135715956e-17 5.490239223130702158e+03
4.812309077471156744e-16 7.002499108137860558e-17 5.490977656349296012e+03
5.231427646589187825e-16 7.008001891824107366e-17 5.491716095961076462e+03
3.913915764833871098e-16 7.013641769830566225e-17 5.492454541965178578e+03
6.763786612861668096e-16 7.132407328531557912e-17 5.493192994360732882e+03
3.291964743626485075e-16 6.998952766217903231e-17 5.493931453146878994e+03
4.950627912432101680e-16 7.056883578306141542e-17 5.494669918322746526e+03
3.809366770838056541e-16 7.027873986325410292e-17 5.495408389887472367e+03
6.951751397531173763e-16 7.208778320698582944e-17 5.496146867840189771e+03
4.254698782856673119e-16 7.075701993389468542e-17 5.496885352180033806e+03
4.631070570823270257e-16 7.066638852429096438e-17 5.497623842906139544e+03
7.035263942668098702e-16 7.073153079712004539e-17 5.498362340017642055e+03
3.070415566635544836e-16 7.070907274449788601e-17 5.499100843513674590e+03
4.808838805573309473e-16 7.078337014840863438e-17 5.499839353393371312e+03
6.137440369598192639e-16 7.081625998274485631e-17 5.500577869655869108e+03
7.460017117299467028e-16 7.070763744636338779e-17 5.501316392300299412e+03
1.747853760309959381e-16 7.082856436258140287e-17 5.502054921325796386e+03
3.152850502524510158e-16 7.102193136153270782e-17 5.502793456731496917e+03
6.996680278299041430e-16 7.096033777540895502e-17 5.503531998516535168e+03
3.528944313606569627e-16 7.094406344276306607e-17 5.504270546680041662e+03
6.455340029195794652e-16 7.115063145815063036e-17 5.505009101221157835e+03
4.493976967711602532e-16 7.120933914792721237e-17 5.505747662139012391e+03
5.594510031791968799e-16 7.134748784832446579e-17 5.506486229432743130e+03
3.403921230380655143e-16 7.129994961848411654e-17 5.507224803101482394e+03
6.640563624931394257e-16 7.129918780115820729e-17 5.507963383144366162e+03
4.779662437501449928e-16 7.139799701465358909e-17 5.508701969560527687e+03
3.843071972084335470e-16 7.134343049154698586e-17 5.509440562349102038e+03
3.616587688884513194e-16 7.138794001683413251e-17 5.510179161509223377e+03
6.373553736689850812e-16 7.123083106114251982e-17 5.510917767040027684e+03
4.009850056411448724e-16 7.114009539189789204e-17 5.511656378940648210e+03
5.053093931709699144e-16 7.114519310523060103e-17 5.512394997210218207e+03
5.053391702806691123e-16 7.105822359250729936e-17 5.513133621847872746e+03
4.772635488759124958e-16 7.115702726571256297e-17 5.513872252852747806e+03
6.313406998294445172e-16 7.139787802170287896e-17 5.514610890223977549e+03
7.368375416580116862e-16 7.124933085271315228e-17 5.515349533960694316e+03
2.681154476918769922e-16 7.128284537320108612e-17 5.516088184062034998e+03
5.334406888520072296e-16 7.123542824879953827e-17 5.516826840527131935e+03
5.826014270740579857e-16 7.114755006101271348e-17 5.517565503355122928e+03
7.319675315722165385e-16 7.102501489342732255e-17 5.518304172545140318e+03
6.412133087294045341e-16 7.105175177658205460e-17 5.519042848096317357e+03
1.621693903801134572e-16 7.073410316845357060e-17 5.519781530007790025e+03
6.981893674125433566e-16 7.052377684393451752e-17 5.520520218278694301e+03
6.751977574056366714e-16 7.031440834337414992e-17 5.521258912908160710e+03
4.350180091118827717e-16 7.042709458164036198e-17 5.521997613895325230e+03
1.686712893983282953e-16 7.037496980958447384e-17 5.522736321239323843e+03
6.582952000268812680e-16 7.018503448559542133e-17 5.523475034939291618e+03
3.507430148679134311e-16 7.019139774062501671e-17 5.524213754994359988e+03
5.386116613736342119e-16 7.034888554900061309e-17 5.524952481403666752e+03
6.553635469371134443e-16 7.001595547274216897e-17 5.525691214166341524e+03
4.699481169671159959e-16 7.006019391512076612e-17 5.526429953281525741e+03
1.985875157627026151e-16 7.013025030121939699e-17 5.527168698748348106e+03
5.668767217543205045e-16 7.031616102574951472e-17 5.527907450565944600e+03
7.118041537330751778e-16 7.192294718470148394e-17 5.528646208733452113e+03
1.711198859380336434e-16 7.411478467397223024e-17 5.529384973250002986e+03
2.994999272213983379e-16 7.189894679299082109e-17 5.530123744114729561e+03
5.529480804055733027e-16 7.001391044761316348e-17 5.530862521326771457e+03
7.408634594735539123e-16 7.006848830651529065e-17 5.531601304885258287e+03
5.994637189787669049e-16 6.996755793781426680e-17 5.532340094789326940e+03
5.475041296238618198e-16 7.012476958286129637e-17 5.533078891038110669e+03
2.819172332258155943e-16 7.007940220299887937e-17 5.533817693630748181e+03
4.850557967445673759e-16 7.021140153106579613e-17 5.534556502566367271e+03
4.653344064066373115e-16 7.023134609873786991e-17 5.535295317844107558e+03
4.067704560525550355e-16 7.042460817146517893e-17 5.536034139463100473e+03
2.240294773510092797e-16 7.075348977368235498e-17 5.536772967422482907e+03
3.906291373052372994e-16 7.099362733730272220e-17 5.537511801721387201e+03
8.091471067195463522e-16 7.129583118025404003e-17 5.538250642358948426e+03
5.563299350508940728e-16 7.168026382595034717e-17 5.538989489334304380e+03
6.628437682668845725e-16 7.191342797313506143e-17 5.539728342646582860e+03
4.997200773252777113e-16 7.205783544855307939e-17 5.540467202294923482e+03
3.516047288452046354e-16 7.220123497641187000e-17 5.541206068278461316e+03
4.590270873116891576e-16 7.223331946763454199e-17 5.541944940596325978e+03
3.896261519655709302e-16 7.212909789774038024e-17 5.542683819247656174e+03
5.259719078906803036e-16 7.219865319693593327e-17 5.543422704231585158e+03
3.315470072450764232e-16 7.227456121586532906e-17 5.544161595547246179e+03
6.214228580662786008e-16 7.231543256938495728e-17 5.544900493193777038e+03
6.892293518632530506e-16 7.237460417886218748e-17 5.545639397170308257e+03
3.170015902782303375e-16 7.251539060940286123e-17 5.546378307475973997e+03
7.913249637089676975e-16 7.264449225892358993e-17 5.547117224109915696e+03
4.734991988565252612e-16 7.260133919835162667e-17 5.547856147071260239e+03
5.800796358855846373e-16 7.252045414943113822e-17 5.548595076359146333e+03
2.273816966690378831e-16 7.236294925931934677e-17 5.549334011972705412e+03
3.256340037409158693e-16 7.231004956449998331e-17 5.550072953911072545e+03
5.591294788975570939e-16 7.231835917538654710e-17 5.550811902173384624e+03
3.614714892236635066e-16 7.210440137620679892e-17 5.551550856758776717e+03
5.708748387603538603e-16 7.196814540120663484e-17 5.552289817666380259e+03
6.132386518957291224e-16 7.200471458496198664e-17 5.553028784895327590e+03
4.034844280058781994e-16 7.200488235720919475e-17 5.553767758444759238e+03
5.156653649676584797e-16 7.167430492777914615e-17 5.554506738313805727e+03
5.939368329597016142e-16 7.184870080752524218e-17 5.555245724501604855e+03
5.469487528130244158e-16 7.202252042294717006e-17 5.555984717007286235e+03
2.366888656201308680e-16 7.202545223926054310e-17 5.556723715829986759e+03
2.782739138804860434e-16 7.202758609423219094e-17 5.557462720968844224e+03
7.792984899836041548e-16 7.246753754021868962e-17 5.558201732422987334e+03
5.753711835145327144e-16 7.286365931808900705e-17 5.558940750191553889e+03
3.854080871026646995e-16 7.323756795637255246e-17 5.559679774273678049e+03
5.682424482371817330e-16 7.332856408669505428e-17 5.560418804668493976e+03
5.370548594039206591e-16 7.336342521073960315e-17 5.561157841375137650e+03
3.053495520145211480e-16 7.337429630034885018e-17 5.561896884392741413e+03
5.573492514002530657e-16 7.337678264166930753e-17 5.562635933720439425e+03
4.742397208987347754e-16 7.397253476968758104e-17 5.563374989357368577e+03
5.020429655752612624e-16 7.422161074700122855e-17 5.564114051302661210e+03
5.349648471892268012e-16 7.447155721364603874e-17 5.564853119555455123e+03
6.695233829835268322e-16 7.485831219500844542e-17 5.565592194114878112e+03
3.563825205597837591e-16 7.545469071755609292e-17 5.566331274980071612e+03
5.529343708497324653e-16 7.632278404712701625e-17 5.567070362150167057e+03
6.035618149971437896e-16 7.756709195883767402e-17 5.567809455624299517e+03
6.301651938271135398e-16 8.015171843782909504e-17 5.568548555401601334e+03
8.594369871899837962e-17 8.849197597908248380e-17 5.569287661481210307e+03
2.563019597293762726e-16 1.087720250723033501e-16 5.570026773862259688e+03
4.374236477390887522e-16 1.358746843280125076e-16 5.570765892543882728e+03
1.711614930284299721e-16 1.438500799296120821e-16 5.571505017525217227e+03
2.659259208859970553e-16 1.326797254454062189e-16 5.572244148805394616e+03
2.432695699765603642e-16 1.397483420243011271e-16 5.572983286383549057e+03
3.021469783663667760e-16 1.596821304771807531e-16 5.573722430258815621e+03
5.052416106256219258e-16 1.699689354093586082e-16 5.574461580430331196e+03
2.710307117391077718e-16 1.721179469218586575e-16 5.575200736897228126e+03
3.683797916217895240e-16 1.958756260570810714e-16 5.575939899658642389e+03
8.004944299671162427e-16 1.926483098043359634e-16 5.576679068713704510e+03
3.904831596429018569e-16 1.881834608353840276e-16 5.577418244061553196e+03
4.176296366552661577e-16 1.713254517944607733e-16 5.578157425701322609e+03
5.410791388519707891e-16 1.732875595999579085e-16 5.578896613632145090e+03
4.962233467842332639e-16 1.918510043804566920e-16 5.579635807853155711e+03
8.727583154710613019e-16 1.901838470981467740e-16 5.580375008363491361e+03
4.867014813225130112e-16 2.002908304148387970e-16 5.581114215162283472e+03
7.330934479894226344e-16 2.078768668918548609e-16 5.581853428248667115e+03
4.254279863228227678e-16 1.935092401488570683e-16 5.582592647621779179e+03
5.372659352502915568e-16 1.838657650345985925e-16 5.583331873280751097e+03
-4.972632079858362786e-17 1.477317242285127666e-16 5.584071105224718849e+03
-4.870056658288539747e-16 9.878754276233794735e-17 5.584810343452816596e+03
-4.369645771681709050e-16 7.131570442632140717e-17 5.585549587964179409e+03
1.441427866523834056e-16 6.046628991996694453e-17 5.586288838757942358e+03
5.592821529368885196e-16 6.378265733546884669e-17 5.587028095833236875e+03
7.443643944975448359e-16 7.270485125882448627e-17 5.587767359189201670e+03
7.343228134572329661e-16 7.617490055891008969e-17 5.588506628824967265e+03
6.811772816713613291e-16 7.495929123858012281e-17 5.589245904739669641e+03
4.622421159588865682e-16 7.435626349508789043e-17 5.589985186932446595e+03
6.306097211341620442e-16 7.400073933774183758e-17 5.590724475402427743e+03
4.128484023819558747e-16 7.390777231252392338e-17 5.591463770148749973e+03
6.363636440774473710e-16 7.373781095664899779e-17 5.592203071170546536e+03
6.135247535683083633e-16 7.363626667938717808e-17 5.592942378466954324e+03
4.037032080472183608e-16 7.342155387580384844e-17 5.593681692037104767e+03
3.151368909961338586e-16 7.341913184608428023e-17 5.594421011880133847e+03
5.381004604391580014e-16 7.325783532888259635e-17 5.595160337995177542e+03
5.208095686707159834e-16 7.322735650462832966e-17 5.595899670381368196e+03
3.740873652448042087e-16 7.293100086560447538e-17 5.596639009037840879e+03
5.351043749907476072e-16 7.265890548471517032e-17 5.597378353963729751e+03
4.092532653348261912e-16 7.264445680153660764e-17 5.598117705158170793e+03
6.455814705444810284e-16 7.270943236794851122e-17 5.598857062620298166e+03
7.119594863721426176e-16 7.288392878918970569e-17 5.599596426349243302e+03
3.795146567441539368e-16 7.301169733433959662e-17 5.600335796344144910e+03
5.165231745824943600e-16 7.281157025198720188e-17 5.601075172604134423e+03
3.848944997498325908e-16 7.287407328709567634e-17 5.601814555128350548e+03
6.533062248073688928e-16 7.289308137851589343e-17 5.602553943915921991e+03
6.593936757435201198e-16 7.308564420569002879e-17 5.603293338965986550e+03
3.919886777781406968e-16 7.296496309201749147e-17 5.604032740277679295e+03
5.588287307462301546e-16 7.289349775489574819e-17 5.604772147850133479e+03
4.313313812847672671e-16 7.278294912981271995e-17 5.605511561682482352e+03
4.108575752868799447e-16 7.275946119402755418e-17 5.606250981773862804e+03
3.626265054313330954e-16 7.256482418378670736e-17 5.606990408123409907e+03
4.569285533143685017e-16 7.260776418453370673e-17 5.607729840730255091e+03
6.685321785626448850e-16 7.247621617838370619e-17 5.608469279593537067e+03
5.530904507898054657e-16 7.197612268813925450e-17 5.609208724712385447e+03
6.321776087764522675e-16 7.222603692827839928e-17 5.609948176085936211e+03
3.562315041100005668e-16 7.262502581596854948e-17 5.610687633713327159e+03
5.148240538998002599e-16 7.279226001877940859e-17 5.611427097593689723e+03
2.339783654692047104e-16 7.215381377468795928e-17 5.612166567726158974e+03
6.952639743563352112e-16 7.176553135753158647e-17 5.612906044109868162e+03
3.131913223158392636e-16 7.141894660868727821e-17 5.613645526743954179e+03
5.092581686879984421e-16 7.114677043346341071e-17 5.614385015627551184e+03
4.335965617271565337e-16 7.103657852817006157e-17 5.615124510759793338e+03
6.533223010579664201e-16 7.096141796212553013e-17 5.615864012139812985e+03
2.439574389577647537e-16 7.103667664685406604e-17 5.616603519766747922e+03
4.265422058648884816e-16 7.120972072095627972e-17 5.617343033639731402e+03
5.051741667539537529e-16 7.135380814465024950e-17 5.618082553757896676e+03
5.258775042443845859e-16 7.165348148206682262e-17 5.618822080120380633e+03
6.438654488617175734e-16 7.166492587595069620e-17 5.619561612726313797e+03
6.086910394397617793e-16 7.178568926577924063e-17 5.620301151574836695e+03
4.256352783824798234e-16 7.169160307023413990e-17 5.621040696665078940e+03
2.585847859723759146e-16 7.176034471729936228e-17 5.621780247996177422e+03
7.061471347621355301e-16 7.177265105043459348e-17 5.622519805567264484e+03
5.638770572821469313e-16 7.171946537662250443e-17 5.623259369377476105e+03
7.584464051409384659e-16 7.169675811644635995e-17 5.623998939425946446e+03
2.879662931262046894e-16 7.168133415946865071e-17 5.624738515711811488e+03
5.842634299128155125e-16 7.146842131406402914e-17 5.625478098234205390e+03
4.808300894938216307e-16 7.136366639974768629e-17 5.626217686992260496e+03
5.342627106473513217e-16 7.124592186618645766e-17 5.626957281985112786e+03
3.320063578785297878e-16 7.125056704630512252e-17 5.627696883211896420e+03
3.240579183810666798e-16 7.116905729083003325e-17 5.628436490671745560e+03
6.151112868623988496e-16 7.104601480493067840e-17 5.629176104363796185e+03
6.192918606480258750e-16 7.098014232425731672e-17 5.629915724287180637e+03
5.242283129447990723e-16 7.082600199487424479e-17 5.630655350441036717e+03
2.840054232292525438e-16 7.081011211461210249e-17 5.631394982824496765e+03
1.939604266461920011e-16 7.045025138470727613e-17 5.632134621436693124e+03
6.526385674290860907e-16 7.044640409654176147e-17 5.632874266276763592e+03
5.869579052744303703e-16 7.050859809458928084e-17 5.633613917343842331e+03
5.737776416485872150e-16 7.016213952411001946e-17 5.634353574637062593e+03
3.411458008501051556e-16 7.029922696212607017e-17 5.635093238155559447e+03
3.480804457861740910e-16 7.045753641112739377e-17 5.635832907898469784e+03
4.621125910183992694e-16 7.058168202300605640e-17 5.636572583864923217e+03
3.183811433032268018e-16 7.050864865529768727e-17 5.637312266054059364e+03
5.854485275886457261e-16 7.062942154147796031e-17 5.638051954465006020e+03
3.780508846234862926e-16 7.063300710730586897e-17 5.638791649096904621e+03
9.059723586415223334e-16 7.093957389254073422e-17 5.639531349948887510e+03
6.057208484350964440e-16 7.081085682371395056e-17 5.640271057020088847e+03
3.721103926973820450e-16 7.075417202104753040e-17 5.641010770309641885e+03
4.153665921093399130e-16 7.084075061281115860e-17 5.641750489816682602e+03
2.579097661087441768e-16 7.090771646519466745e-17 5.642490215540345162e+03
6.722639305783503005e-16 7.079723367853163441e-17 5.643229947479763723e+03
5.138959975905690803e-16 7.080737873098015875e-17 5.643969685634074267e+03
4.950646683649067511e-16 7.080845320569703738e-17 5.644709430002409135e+03
4.800853263172956833e-16 7.068922974398499133e-17 5.645449180583906127e+03
2.770796348194286784e-16 7.063028013136275707e-17 5.646188937377693946e+03
6.286254961052546177e-16 7.068969388978530369e-17 5.646928700382912211e+03
5.692539916808140013e-16 7.061372334566906956e-17 5.647668469598695083e+03
1.211544834450354092e-16 7.055506810080015811e-17 5.648408245024175812e+03
4.073100328110953838e-16 7.073950284070214220e-17 5.649148026658489471e+03
6.200678077172591330e-16 7.063621671567367994e-17 5.649887814500769309e+03
4.439791846324003506e-16 7.046466897071586122e-17 5.650627608550150399e+03
2.423070797523496125e-16 7.042454014692396507e-17 5.651367408805767809e+03
4.815404054905582394e-16 7.062423121338196837e-17 5.652107215266754793e+03
4.244340935201869000e-16 7.039350462173724522e-17 5.652847027932249148e+03
6.645169963009073112e-16 7.013913897210994993e-17 5.653586846801382308e+03
6.077834935364679250e-16 7.013682000366718996e-17 5.654326671873290252e+03
4.253729826160160507e-16 7.006175658840281756e-17 5.655066503147107142e+03
3.754573845381205778e-16 7.007513003939165691e-17 5.655806340621966228e+03
3.231894745721163502e-16 7.010026808450982443e-17 5.656546184297002583e+03
5.726930664854670752e-16 7.021279233963219650e-17 5.657286034171353094e+03
2.660265594353977883e-16 7.017710777174841105e-17 5.658025890244149195e+03
2.927448903228029249e-16 7.029629341535581672e-17 5.658765752514525957e+03
4.155421203876603068e-16 6.994860395930887086e-17 5.659505620981619359e+03
3.698710191247911165e-16 7.003798632651033025e-17 5.660245495644563562e+03
5.726479131395837974e-16 7.013415918626350812e-17 5.660985376502491818e+03
4.164147246601366667e-16 7.007832936997912404e-17 5.661725263554539197e+03
3.303718075327611489e-16 7.010587294061619815e-17 5.662465156799842589e+03
3.068021658561663011e-16 7.097992637936627126e-17 5.663205056237533427e+03
3.886466933554119903e-16 7.053839457721352451e-17 5.663944961866745871e+03
4.098566944190462671e-16 7.040564721008130515e-17 5.664684873686617721e+03
4.338962454589758859e-16 7.047720516705761500e-17 5.665424791696280408e+03
3.204167768266161794e-16 7.073596544436193701e-17 5.666164715894872643e+03
6.433355238438221214e-16 7.082299092849551163e-17 5.666904646281523128e+03
8.218974309163657488e-16 7.087164893164147744e-17 5.667644582855368753e+03
3.750147461197573262e-16 7.079454067872255768e-17 5.668384525615547318e+03
4.745667063905210155e-16 7.089369707132169755e-17 5.669124474561188435e+03
4.760026830154638570e-16 7.097269518458871169e-17 5.669864429691428995e+03
4.074520407913024512e-16 7.105895421543273480e-17 5.670604391005404068e+03
3.864524054007861660e-16 7.118268232104552579e-17 5.671344358502246905e+03
2.855646867467216952e-16 7.134145152739034180e-17 5.672084332181093487e+03
4.705453722092906250e-16 7.141058042625717388e-17 5.672824312041077064e+03
6.818828486642352676e-16 7.136643970937414078e-17 5.673564298081331799e+03
5.368880209070424203e-16 7.147942362775627521e-17 5.674304290300992761e+03
4.308579251803128390e-16 7.164359528526972713e-17 5.675044288699195022e+03
2.752188588130287258e-16 7.170699567555121432e-17 5.675784293275073651e+03
4.415752159613111178e-16 7.164366344030744272e-17 5.676524304027760991e+03
4.466999142752381421e-16 7.174174276522287814e-17 5.677264320956393931e+03
3.014676937495464217e-16 7.169949001355851441e-17 5.678004344060105723e+03
3.206290104371429086e-16 7.181913109976914198e-17 5.678744373338031437e+03
8.384456247158288781e-16 7.198911946219947464e-17 5.679484408789305235e+03
7.427277673863894840e-16 7.222865098695790669e-17 5.680224450413060367e+03
3.496958048755245122e-16 7.244147156123208462e-17 5.680964498208434634e+03
6.624280610276582247e-16 7.267374966817299004e-17 5.681704552174559467e+03
2.087999232628572640e-16 7.290004942723723741e-17 5.682444612310569937e+03
1.959961103256765311e-16 7.299728885944642442e-17 5.683184678615602934e+03
5.479609035468733150e-16 7.330447829188579027e-17 5.683924751088790799e+03
5.676403975137734300e-16 7.287683506215566058e-17 5.684664829729267694e+03
2.764366236945937408e-16 7.354191979033484249e-17 5.685404914536170509e+03
1.101681551263903923e-16 7.473556172079765412e-17 5.686145005508631584e+03
8.237704938510562202e-16 7.384392903204522644e-17 5.686885102645785082e+03
5.000499829839657842e-16 7.385578897590762587e-17 5.687625205946767892e+03
3.191724889782273336e-16 7.390620560901312460e-17 5.688365315410712356e+03
6.535274093045014379e-16 7.394084543283097643e-17 5.689105431036753544e+03
1.340743503715964379e-16 7.398455522156784507e-17 5.689845552824026527e+03
6.137402734581997001e-16 7.421096409649857467e-17 5.690585680771666375e+03
2.250578066890373846e-16 7.408308008398332797e-17 5.691325814878808160e+03
3.433719501569850362e-16 7.396375929175005310e-17 5.692065955144582404e+03
2.446398522460087231e-16 7.382724095991889680e-17 5.692806101568126905e+03
3.923789955373477531e-16 7.378693124932730850e-17 5.693546254148577646e+03
6.576564192626826501e-16 7.382011765820534014e-17 5.694286412885065147e+03
6.009911627783593497e-16 7.383851982622311606e-17 5.695026577776728118e+03
4.864606118521903912e-16 7.388586288451334598e-17 5.695766748822697991e+03
3.834437320451189815e-16 7.387385025586173676e-17 5.696506926022109838e+03
3.478915752410671967e-16 7.374873229029288687e-17 5.697247109374099637e+03
4.101151365678243026e-16 7.354372490247038029e-17 5.697987298877799731e+03
4.481969948234738485e-16 7.328054804575112417e-17 5.698727494532346100e+03
6.573883545156486924e-16 7.308049935703711219e-17 5.699467696336872905e+03
2.397029179776062181e-16 7.299955526134273677e-17 5.700207904290517035e+03
5.189181830387639849e-16 7.284299027304138246e-17 5.700948118392409924e+03
7.748009308450460618e-16 7.262698987990100146e-17 5.701688338641686641e+03
3.993820733389374651e-16 7.263394259435998078e-17 5.702428565037480439e+03
2.336531845157087537e-16 7.262388201847871261e-17 5.703168797578928206e+03
4.598168873720675808e-16 7.257299933776379680e-17 5.703909036265165014e+03
7.973635081259236210e-16 7.232970839745102293e-17 5.704649281095323204e+03
4.905119746378823712e-16 7.227500277570703483e-17 5.705389532068539665e+03
1.911544168535564960e-16 7.219117168644521573e-17 5.706129789183946741e+03
4.194927598979838025e-16 7.215959945011681082e-17 5.706870052440678592e+03
6.296067593811498422e-16 7.214267602220379050e-17 5.707610321837873926e+03
6.735709498189003581e-16 7.225804992337331390e-17 5.708350597374661447e+03
6.118869838325792611e-16 7.204698539865775634e-17 5.709090879050179865e+03
3.222471678740495186e-16 7.166149417323450519e-17 5.709831166863563340e+03
2.829778924646124393e-16 7.174198244849398587e-17 5.710571460813943304e+03
4.528263343480381871e-16 7.187405304948558214e-17 5.711311760900456648e+03
6.805165223190741569e-16 7.181088014124462474e-17 5.712052067122240260e+03
1.908876931164778398e-16 7.174482085187342877e-17 5.712792379478424664e+03
4.998802946621234743e-16 7.167607571723730716e-17 5.713532697968144930e+03
3.930105989753826794e-16 7.168062552537969797e-17 5.714273022590537948e+03
8.231028518913861033e-16 7.170750531859747935e-17 5.715013353344736970e+03
3.390760826063235059e-16 7.161909935139793021e-17 5.715753690229876156e+03
3.419150610843343724e-16 7.159721852998183976e-17 5.716494033245091487e+03
4.324156676279592784e-16 7.171648128055468056e-17 5.717234382389515304e+03
4.316005889497331172e-16 7.186761673522981705e-17 5.717974737662281768e+03
3.803908450007125880e-16 7.192599925984822118e-17 5.718715099062529589e+03
4.612958099534238641e-16 7.187448052023641635e-17 5.719455466589390198e+03
1.692087514966549836e-16 7.184058159707497836e-17 5.720195840241995938e+03
4.229618827332496826e-16 7.193373861415374898e-17 5.720936220019486427e+03
7.343358848887453376e-16 7.191524493940447426e-17 5.721676605920994916e+03
7.036481152064918849e-16 7.189186865075252644e-17 5.722416997945651019e+03
1.870857627945640124e-16 7.203654870249459984e-17 5.723157396092596173e+03
3.671195894729656408e-16 7.193251286738557288e-17 5.723897800360960900e+03
7.466905137471461150e-16 7.191420666620612072e-17 5.724638210749880272e+03
3.303825033248738347e-16 7.177616910825249462e-17 5.725378627258490269e+03
3.767830070294860152e-16 7.176861136707777731e-17 5.726119049885923232e+03
4.393376134431175195e-16 7.164764691063652796e-17 5.726859478631316961e+03
6.666851524931817542e-16 7.158829837659813251e-17 5.727599913493801978e+03
3.265101638934224803e-16 7.163172077196183159e-17 5.728340354472515173e+03
7.737293454462250596e-16 7.166609528213664709e-17 5.729080801566591617e+03
2.776988860954480572e-16 7.168173192049812906e-17 5.729821254775162743e+03
3.836461260368997177e-16 7.166234279623467383e-17 5.730561714097366348e+03
2.387050548909979518e-16 7.164280015659996362e-17 5.731302179532336595e+03
6.023390006017088071e-16 7.166824753682319778e-17 5.732042651079205825e+03
6.339689144595672925e-16 7.153492250426089853e-17 5.732783128737113657e+03
2.661705063686707143e-16 7.147863257496659033e-17 5.733523612505187884e+03
4.982443230137608473e-16 7.155026297002264321e-17 5.734264102382567216e+03
4.293022185116465050e-16 7.100879717932494941e-17 5.735004598368384904e+03
4.742075114498244062e-16 7.108512695753657121e-17 5.735745100461776929e+03
4.941310495386739582e-16 7.107181321831616406e-17 5.736485608661875631e+03
3.425297010440984991e-16 7.126018004423227199e-17 5.737226122967817901e+03
5.319823405635473322e-16 7.132360067340505819e-17 5.737966643378735171e+03
4.470207996702269225e-16 7.126115176516806759e-17 5.738707169893766149e+03
4.879143380763168121e-16 7.127180568039418774e-17 5.739447702512041360e+03
1.754065445336785876e-16 7.111964278271817141e-17 5.740188241232697692e+03
3.673908053016797798e-16 7.116548111193658999e-17 5.740928786054872035e+03
8.128707133095491799e-16 7.107191005444243706e-17 5.741669336977691273e+03
2.189579935240699690e-16 7.088375478184459105e-17 5.742409894000297754e+03
5.243757970425316926e-16 7.082769502212595100e-17 5.743150457121822001e+03
5.426947148132648776e-16 7.073502061541619134e-17 5.743891026341399993e+03
6.022831282877853188e-16 7.066200208687832174e-17 5.744631601658165891e+03
4.132867690309361433e-16 7.074600117940171516e-17 5.745372183071252948e+03
2.895135499482837055e-16 7.062558188977322751e-17 5.746112770579798962e+03
5.515743987096817176e-16 7.058395313396090107e-17 5.746853364182934456e+03
4.741995690754349749e-16 7.092613856742674044e-17 5.747593963879797229e+03
2.843767291185452595e-16 7.130391027498008026e-17 5.748334569669521443e+03
5.376965143984648422e-16 7.085255495478722955e-17 5.749075181551239439e+03
5.857927690107114231e-16 7.082341295691107074e-17 5.749815799524089016e+03
4.456051465163470945e-16 7.048402945094028938e-17 5.750556423587201607e+03
2.496109357601259137e-16 7.051585108518876880e-17 5.751297053739714102e+03
6.163195525414211198e-16 7.044228310984824989e-17 5.752037689980758842e+03
4.933042243144169396e-16 7.044000586774828095e-17 5.752778332309471807e+03
1.040409277187413334e-16 7.041272225761365872e-17 5.753518980724986250e+03
5.952254511204489640e-16 7.038238208930860892e-17 5.754259635226439059e+03
5.898016271247087349e-16 7.048343793710259970e-17 5.755000295812962577e+03
2.093482732943331645e-16 7.040336705665232482e-17 5.755740962483694602e+03
3.059239970283033525e-16 7.044051095117063751e-17 5.756481635237766568e+03
6.448563657972124319e-16 7.027590131628442311e-17 5.757222314074313545e+03
3.425090323924536509e-16 7.028066236358562071e-17 5.757962998992470602e+03
6.294904277151145997e-16 7.055146421432332206e-17 5.758703689991370993e+03
5.596710631395300158e-16 7.074853936448218664e-17 5.759444387070151606e+03
2.076066203690533665e-16 7.059957936642469266e-17 5.760185090227945693e+03
4.562206827302859728e-16 7.037686480320947094e-17 5.760925799463886506e+03
6.041156412697298441e-16 7.055727255411635581e-17 5.761666514777110933e+03
5.048457382746890068e-16 7.060380963838165740e-17 5.762407236166753137e+03
4.569169835545037886e-16 7.057662938571702841e-17 5.763147963631947277e+03
7.463853206585180490e-16 7.067115555312073135e-17 5.763888697171826607e+03
5.578878090236158917e-16 7.083695811151152746e-17 5.764629436785527105e+03
1.620935615558925620e-16 7.082232953513389227e-17 5.765370182472184752e+03
3.887708931525572202e-16 7.071513867607034075e-17 5.766110934230930070e+03
4.925917886729398826e-16 7.069959811763875031e-17 5.766851692060901769e+03
4.895530388126382009e-16 7.060089731244787806e-17 5.767592455961232190e+03
2.958403456876151224e-16 7.060356585197363812e-17 5.768333225931054585e+03
5.276096360728415374e-16 7.052658788426880970e-17 5.769074001969507663e+03
4.738183779469663921e-16 7.065720744906383881e-17 5.769814784075721946e+03
3.189525445041683522e-16 7.055622874064695234e-17 5.770555572248833414e+03
5.560816875148416758e-16 7.062045739340539767e-17 5.771296366487978958e+03
5.848562367899298207e-16 7.046548465250134894e-17 5.772037166792290009e+03
4.551411194748359009e-16 7.050530908218053136e-17 5.772777973160902548e+03
1.107854292526023695e-16 7.050855989814611215e-17 5.773518785592948916e+03
7.446103802126941711e-16 7.261252252005872365e-17 5.774259604087566913e+03
5.282901383576874676e-16 7.081479547166016733e-17 5.775000428643889791e+03
4.237763912525573532e-16 7.040457865600109380e-17 5.775741259261050800e+03
1.860649268008517198e-16 7.024445491182861732e-17 5.776482095938187740e+03
4.543637432544507610e-16 7.008410401588809252e-17 5.777222938674431134e+03
5.798621229869982823e-16 7.007080574278568514e-17 5.777963787468918781e+03
4.489401974676871903e-16 7.000743416224192974e-17 5.778704642320783023e+03
3.851950986566992243e-16 6.983303307782899121e-17 5.779445503229160749e+03
4.592287586586074035e-16 6.976876241827098905e-17 5.780186370193183393e+03
4.842026506885800936e-16 6.964371564714796527e-17 5.780927243211989662e+03
4.940648909195516814e-16 6.945447876923422275e-17 5.781668122284709170e+03
4.709394429741732641e-16 6.947975559718367148e-17 5.782409007410480626e+03
2.888233218088824327e-16 6.945804070832897374e-17 5.783149898588437281e+03
7.031717200808601472e-16 6.961577960808420744e-17 5.783890795817714206e+03
3.965225153495473959e-16 6.971058036371942885e-17 5.784631699097443743e+03
5.669098435727370426e-16 6.952820249965856716e-17 5.785372608426762781e+03
4.731328929643028513e-16 6.931985820394249281e-17 5.786113523804803663e+03
6.257074741543982290e-16 6.940936387800179712e-17 5.786854445230703277e+03
1.509162387086688228e-16 6.936941178593602708e-17 5.787595372703595785e+03
1.413336417388596481e-16 6.939066635134823458e-17 5.788336306222613530e+03
9.846971370204395531e-16 6.953041807607170741e-17 5.789077245786894309e+03
3.435877956911888619e-16 6.960109590237334210e-17 5.789818191395570466e+03
2.377833423799378650e-16 6.957510896675443002e-17 5.790559143047777980e+03
4.953924315963626979e-16 6.964785136945148771e-17 5.791300100742650102e+03
6.658100374404925329e-16 6.976990661008990991e-17 5.792041064479320994e+03
2.883238093761119721e-16 6.974909470107479457e-17 5.792782034256929364e+03
1.860905128786724521e-16 6.981796171006547043e-17 5.793523010074604827e+03
2.642649691261466502e-16 6.968091831834562948e-17 5.794263991931483361e+03
4.050337576532289441e-16 6.977056975367437969e-17 5.795004979826700946e+03
4.668193725686330437e-16 6.978864101036930709e-17 5.795745973759389926e+03
4.600399257549984500e-16 6.978029618471803056e-17 5.796486973728686280e+03
3.655880701348650338e-16 6.969686766030912125e-17 5.797227979733725078e+03
7.121989589535992866e-16 6.957966823097226985e-17 5.797968991773637754e+03
2.942213380427390462e-16 6.951466331806221189e-17 5.798710009847565743e+03
4.700260644731809243e-16 6.941266880580457808e-17 5.799451033954635932e+03
3.372248802201989294e-16 6.934669866315563223e-17 5.800192064093987938e+03
3.987815214706955387e-16 6.914458048561054750e-17 5.800933100264752284e+03
1.432713307446306241e-16 6.905196396268624244e-17 5.801674142466067678e+03
4.449921151937708355e-16 6.889447120969993610e-17 5.802415190697065555e+03
6.977796889136338390e-16 6.890644691972771646e-17 5.803156244956882801e+03
3.686578987519969942e-16 6.898090442956148916e-17 5.803897305244652671e+03
5.596552262723096551e-16 6.879809819253615801e-17 5.804638371559510233e+03
2.715672217422149885e-16 6.876406127711894553e-17 5.805379443900589649e+03
5.533725241036323377e-16 6.873039862911820823e-17 5.806120522267025081e+03
6.558819893177087370e-16 6.882994048619244146e-17 5.806861606657952507e+03
1.270190899672713515e-16 6.887640803194760981e-17 5.807602697072505180e+03
1.796898501668987539e-16 6.994448335785215573e-17 5.808343793509818170e+03
7.162334689456927950e-16 6.934119414845708530e-17 5.809084895969026547e+03
6.180016054484244227e-16 6.905251819104318659e-17 5.809826004449263564e+03
1.000906718087944222e-16 6.893782152276241606e-17 5.810567118949665200e+03
4.624768803503211401e-16 6.871329919296453699e-17 5.811308239469366526e+03
6.172079754941158417e-16 6.889783902392145009e-17 5.812049366007498975e+03
2.863109675275385775e-16 6.905429748639553726e-17 5.812790498563199435e+03
5.157282847768296857e-16 6.902624660571126849e-17 5.813531637135602068e+03
2.918504188169054360e-16 6.910494948874840541e-17 5.814272781723842854e+03
2.697576489919659236e-16 6.892225422942815151e-17 5.815013932327055954e+03
3.002479532249681729e-16 6.893410112663860371e-17 5.815755088944373711e+03
6.579537451130381357e-16 6.899147756894854406e-17 5.816496251574931193e+03
6.048342961013139430e-16 6.891863754373615449e-17 5.817237420217863473e+03
3.504862199086155837e-16 6.889005285352681821e-17 5.817978594872307440e+03
3.318857695792495262e-16 6.880297352032702843e-17 5.818719775537396345e+03
4.819665384644816090e-16 6.879793688219471264e-17 5.819460962212262530e+03
5.995228066548034953e-16 6.869636315716354887e-17 5.820202154896041975e+03
5.486096306297440338e-16 6.854643651686799605e-17 5.820943353587871570e+03
1.364862884951217067e-16 6.857579235558386550e-17 5.821684558286880929e+03
6.217131046364197597e-16 6.857839684088939790e-17 5.822425768992210578e+03
4.737607743447596972e-16 6.853624843660096770e-17 5.823166985702991042e+03
6.536818239890169370e-16 6.867843916177909280e-17 5.823908208418356480e+03
2.626129327081909006e-16 6.864588877887977069e-17 5.824649437137442874e+03
4.601830504162353158e-16 6.864993302762385146e-17 5.825390671859387112e+03
5.055637254603144341e-16 6.876794118796900212e-17 5.826131912583319718e+03
4.105087902295446293e-16 6.871300786088850565e-17 5.826873159308379400e+03
4.181135590795430481e-16 6.875860909056181475e-17 5.827614412033693952e+03
3.952230624958668930e-16 6.884502282953776440e-17 5.828355670758404813e+03
4.499352146118462613e-16 6.876105870541220238e-17 5.829096935481646142e+03
5.008736280301426605e-16 6.869620375320875852e-17 5.829838206202546644e+03
3.653428358294652215e-16 6.871372230387478875e-17 5.830579482920246846e+03
4.322921604920381108e-16 6.865956664830458020e-17 5.831320765633880001e+03
5.458140739266280713e-16 6.859937972229687265e-17 5.832062054342577540e+03
1.964944797949412243e-16 6.861677964678987822e-17 5.832803349045478171e+03
5.012779646020428501e-16 6.865797852188650655e-17 5.833544649741714238e+03
8.338234247894958033e-16 6.853418083575749100e-17 5.834285956430420811e+03
3.661586981934847185e-16 6.844297870656248599e-17 5.835027269110732959e+03
-5.627138456716595938e-17 6.859011109984329820e-17 5.835768587781783935e+03
6.886231842589653196e-16 6.816158846878302336e-17 5.836509912442708810e+03
8.325255849464262345e-16 7.015482133276652020e-17 5.837251243092643563e+03
5.229825751371656550e-16 6.893105877461354451e-17 5.837992579730720536e+03
2.304179547669579935e-16 6.907386138001152601e-17 5.838733922356075709e+03
4.027938799086952914e-16 7.000185631645498825e-17 5.839475270967845063e+03
8.072638453217471997e-16 6.831893364073592472e-17 5.840216625565160030e+03
5.359489735404358950e-16 6.812642688622720359e-17 5.840957986147157499e+03
3.822839506101609349e-16 6.814709948526984941e-17 5.841699352712970722e+03
3.869804811787989836e-16 6.809965241252895876e-17 5.842440725261734769e+03
2.871845254156772755e-16 6.813525381566930582e-17 5.843182103792585622e+03
5.854166105361603326e-16 6.815212862641279257e-17 5.843923488304654711e+03
4.157636148134848487e-16 6.806482454046375699e-17 5.844664878797078927e+03
5.371327935246649424e-16 6.799173961931852147e-17 5.845406275268993340e+03
2.939191198344404919e-16 6.793028410128581274e-17 5.846147677719529383e+03
4.612739951777113009e-16 6.797865446765880608e-17 5.846889086147825765e+03
5.551429175797239114e-16 6.819859337745141305e-17 5.847630500553015736e+03
4.166062297482354539e-16 6.819111354790607707e-17 5.848371920934230729e+03
5.955371667607614305e-16 6.785111893646316687e-17 5.849113347290609454e+03
2.071212759014649257e-16 6.785692141183618967e-17 5.849854779621286070e+03
5.079248904571075076e-16 6.772344674144304050e-17 5.850596217925391102e+03
6.028976241013294879e-16 6.776211565728861113e-17 5.851337662202065076e+03
5.338519887964932175e-16 6.803886944855636003e-17 5.852079112450436696e+03
-1.493340659769375335e-17 6.809919110319451136e-17 5.852820568669646491e+03
3.362348559754765588e-16 6.764128558158708953e-17 5.853562030858822254e+03
7.688193760819155838e-16 6.753282344744798645e-17 5.854303499017105423e+03
3.588438752160391946e-16 6.747039738230608682e-17 5.855044973143625612e+03
2.256474351103519246e-16 6.743073270143205459e-17 5.855786453237518799e+03
4.052212303380392544e-16 6.753006955823127111e-17 5.856527939297922785e+03
5.810288493577856812e-16 6.749320115606831417e-17 5.857269431323966273e+03
3.250923417456626510e-16 6.759182750117161487e-17 5.858010929314787063e+03
4.603901684205177889e-16 6.790275319160201135e-17 5.858752433269522044e+03
5.209353149547147454e-16 6.853535500383085504e-17 5.859493943187302648e+03
1.634005395405685468e-16 6.913358425328589583e-17 5.860235459067263946e+03
4.083196793672535882e-16 7.004851267212073106e-17 5.860976980908539190e+03
5.749503166079967606e-16 7.033305634874420238e-17 5.861718508710266178e+03
5.322611293654000448e-16 7.111775264646899528e-17 5.862460042471577253e+03
3.368728572859292986e-16 7.170144470647268188e-17 5.863201582191606576e+03
1.841761647395926442e-16 7.208678835484185060e-17 5.863943127869491946e+03
4.970529574005921080e-16 7.230241355226636459e-17 5.864684679504364794e+03
3.864122893491089772e-16 7.253337621307232477e-17 5.865426237095360193e+03
3.737187424462547744e-16 7.271228813308569796e-17 5.866167800641615031e+03
5.632940700711018924e-16 7.284986947160719929e-17 5.866909370142259831e+03
5.291159893846551048e-16 7.315188877219878802e-17 5.867650945596431484e+03
4.091642726692829400e-16 7.333062377860762066e-17 5.868392527003266878e+03
4.076371334897096515e-16 7.340681697939679206e-17 5.869134114361895627e+03
4.100628902614570249e-16 7.350198570878282000e-17 5.869875707671456439e+03
2.100101909538374325e-16 7.355290924528943872e-17 5.870617306931081657e+03
5.971479427406952929e-16 7.357201401192388415e-17 5.871358912139906352e+03
6.571901134442898885e-16 7.355907519076116088e-17 5.872100523297067411e+03
1.766674094055948040e-16 7.333759431686591991e-17 5.872842140401695360e+03
2.873676625845048019e-16 7.275205337187421648e-17 5.873583763452928906e+03
4.454430369551441677e-16 7.213048707061699334e-17 5.874325392449898573e+03
5.596254309164315647e-16 7.159879688271472888e-17 5.875067027391742158e+03
1.386267387350163680e-16 7.071003351883205297e-17 5.875808668277592005e+03
5.127557429663066768e-16 7.026813117095321325e-17 5.876550315106584094e+03
6.095202394056772707e-16 6.970293097084532888e-17 5.877291967877852585e+03
3.311224399840498724e-16 6.956710737696382246e-17 5.878033626590535278e+03
5.521881352351035706e-16 6.946025709589918663e-17 5.878775291243759057e+03
4.567146326587528675e-16 6.946374709114152981e-17 5.879516961836665359e+03
2.638222894773293578e-16 6.953327162766876863e-17 5.880258638368386528e+03
1.028912850760602644e-16 6.990296685166311075e-17 5.881000320838056723e+03
3.965028334621993005e-16 7.070202951523141461e-17 5.881742009244810106e+03
3.562934414990222255e-16 7.284531332029856176e-17 5.882483703587783566e+03
4.404609534336922061e-16 7.779360133113639796e-17 5.883225403866108536e+03
3.145552204908368976e-16 8.402810854453544766e-17 5.883967110078923724e+03
5.746456989719793104e-16 8.950418553780790488e-17 5.884708822225360564e+03
9.542226476389882877e-16 9.369488329763800184e-17 5.885450540304554124e+03
4.661202009444313090e-16 9.571190497975999446e-17 5.886192264315638567e+03
1.539088292892229225e-16 9.572318864662561904e-17 5.886933994257751692e+03
3.591521604559873240e-16 9.624653870223684425e-17 5.887675730130023112e+03
4.987605552990866939e-16 9.705213077711060546e-17 5.888417471931589716e+03
4.058220527013677218e-16 9.935495881495701011e-17 5.889159219661587485e+03
8.346775491577184291e-17 1.021873635956764563e-16 5.889900973319148761e+03
4.911845745479775646e-16 1.048473279353110670e-16 5.890642732903411343e+03
9.400185021055605858e-16 1.070110886017389804e-16 5.891384498413507572e+03
6.589770399607849865e-16 1.081912069160193062e-16 5.892126269848569791e+03
5.552525333853013572e-16 1.083909621334783580e-16 5.892868047207737618e+03
3.574303401693363001e-16 1.083254725457494866e-16 5.893609830490140666e+03
2.998760761371018462e-16 1.081060149202096512e-16 5.894351619694916735e+03
4.017224848252433914e-16 1.078083936072628805e-16 5.895093414821199985e+03
-3.611976553745904323e-18 1.066266601930389390e-16 5.895835215868125488e+03
3.800397659905798385e-16 1.042012541867328901e-16 5.896577022834825584e+03
5.550581559079770556e-16 9.937229068920566741e-17 5.897318835720436255e+03
4.541817051289956249e-16 9.413806005450600309e-17 5.898060654524091660e+03
8.765841009928569712e-16 8.951822228506139652e-17 5.898802479244929600e+03
7.473875614421502930e-16 8.643611404091938114e-17 5.899544309882078778e+03
5.705777262094093688e-16 8.557312327184184303e-17 5.900286146434677903e+03
2.574981233862161880e-16 8.579645361525600626e-17 5.901027988901861136e+03
3.177595015824293395e-16 8.514398470744616208e-17 5.901769837282763547e+03
5.836229953032320760e-16 8.524020268223016623e-17 5.902511691576515659e+03
4.187857206374952890e-16 8.043869604115652722e-17 5.903253551782257091e+03
1.085314293705098525e-16 7.663475274813015264e-17 5.903995417899121094e+03
6.500722847423022294e-16 7.326792539686242131e-17 5.904737289926240919e+03
6.874321588744679684e-16 7.101774815020434453e-17 5.905479167862749819e+03
5.727635708659322317e-16 7.026359172707360521e-17 5.906221051707786501e+03
3.069877273187303147e-16 7.025186093061143767e-17 5.906962941460484217e+03
3.869119537599557728e-16 7.059274157000497976e-17 5.907704837119976219e+03
5.035348106452682439e-16 7.103087183886121776e-17 5.908446738685398486e+03
3.369522760779177016e-16 7.170957171971312658e-17 5.909188646155882452e+03
4.186469378848987627e-16 7.248285942687181931e-17 5.909930559530568644e+03
3.071689458870421020e-16 7.309270857288517228e-17 5.910672478808586675e+03
5.520756486605826993e-16 7.358997416384065470e-17 5.911414403989070706e+03
4.514893180689579314e-16 7.307372247273069808e-17 5.912156335071160356e+03
4.810990633745161511e-16 7.290440576229131265e-17 5.912898272053984329e+03
3.338955522837151207e-16 7.280810418855128531e-17 5.913640214936682241e+03
3.610192162004882204e-16 7.258132111501835247e-17 5.914382163718386437e+03
1.509182461916963409e-16 7.235551719057735861e-17 5.915124118398229257e+03
3.926545792487497583e-16 7.220624479563965819e-17 5.915866078975350320e+03
7.917289483342155173e-16 7.201254108820034793e-17 5.916608045448880148e+03
6.098713316708542803e-16 7.226447251813698275e-17 5.917350017817956541e+03
3.372198506778631098e-16 7.269763482384817073e-17 5.918091996081710931e+03
5.886264080935415265e-16 7.288867944413071931e-17 5.918833980239279299e+03
4.804298271070353795e-16 7.316339805311616590e-17 5.919575970289795805e+03
2.567248469315809730e-16 7.337580841262498370e-17 5.920317966232396429e+03
4.289770966723037199e-16 7.348335358792846591e-17 5.921059968066214424e+03
2.549303818708628813e-16 7.322722366466762475e-17 5.921801975790385768e+03
5.845531613376375413e-16 7.285276624189347839e-17 5.922543989404042804e+03
2.641916020197363700e-16 7.232644409424407903e-17 5.923286008906323332e+03
3.908742469594207915e-16 7.187005028269046312e-17 5.924028034296357873e+03
7.121251363833442009e-16 7.152540678078339802e-17 5.924770065573284228e+03
6.809510680685359556e-16 7.158429205894490997e-17 5.925512102736234738e+03
6.146712586562714493e-16 7.225956635264143510e-17 5.926254145784345383e+03
6.186848990437079356e-16 7.315165674291463420e-17 5.926996194716753052e+03
3.949853708441853774e-16 7.383682223669214628e-17 5.927738249532588270e+03
5.579964164372577797e-16 7.432160022489887053e-17 5.928480310230988835e+03
2.546629951949766202e-16 7.445446448238611078e-17 5.929222376811085269e+03
1.565972165079923529e-16 7.446169160595563276e-17 5.929964449272016282e+03
3.100400417381285382e-16 7.437992515269422314e-17 5.930706527612916034e+03
4.479794843586783972e-16 7.435911058151358826e-17 5.931448611832916868e+03
5.111596985262850252e-16 7.412817060793682038e-17 5.932190701931154763e+03
3.694184903489930222e-16 7.368950590091424397e-17 5.932932797906763881e+03
5.807237114491278392e-16 7.358920366007221013e-17 5.933674899758879292e+03
3.632959069340893836e-16 7.310223180281835163e-17 5.934417007486635157e+03
5.604182900580359597e-16 7.304535732736053605e-17 5.935159121089166547e+03
2.817039849390451068e-16 7.302617754437919286e-17 5.935901240565608532e+03
4.113504427644976046e-16 7.299310612981032260e-17 5.936643365915095274e+03
3.609760643979278666e-16 7.274966213507347324e-17 5.937385497136759113e+03
2.169972906309922570e-16 7.273962183458853549e-17 5.938127634229736941e+03
3.139231752924740276e-16 7.322992222208575548e-17 5.938869777193165646e+03
5.614549178806763513e-16 7.335625340321733218e-17 5.939611926026175752e+03
3.120496553832003522e-16 7.267604834047502787e-17 5.940354080727903238e+03
3.977794056477781964e-16 7.179807554234808921e-17 5.941096241297484084e+03
4.102135586169914585e-16 7.117970166555163340e-17 5.941838407734049724e+03
5.055082244552512423e-16 7.089885868078236053e-17 5.942580580036737956e+03
4.432521271595481593e-16 7.077377108860079738e-17 5.943322758204682032e+03
5.905331469797805273e-16 7.088878972340050529e-17 5.944064942237017021e+03
3.857070427350249351e-16 7.102875074249198979e-17 5.944807132132877086e+03
3.555089244346507318e-16 7.122573925998004076e-17 5.945549327891397297e+03
4.010403614086673298e-16 7.147683840651686638e-17 5.946291529511711815e+03
3.711395142121686475e-16 7.226025239201551149e-17 5.947033736992954800e+03
3.174253067662687571e-16 7.300957424414783769e-17 5.947775950334263143e+03
4.773236745539072071e-16 7.356480338807047281e-17 5.948518169534768276e+03
3.970357223261810271e-16 7.417364160486826756e-17 5.949260394593606179e+03
3.964732984204278264e-16 7.428219474571895326e-17 5.950002625509912832e+03
7.147705949764513857e-16 7.447086707972949315e-17 5.950744862282820577e+03
4.594087759180418366e-16 7.442565533143670640e-17 5.951487104911465394e+03
7.024915248913228966e-16 7.455375693921734530e-17 5.952229353394981445e+03
3.910712293950956773e-16 7.434496726669363200e-17 5.952971607732502889e+03
3.707341694558360560e-16 7.428249830624375360e-17 5.953713867923166617e+03
4.260481051421970955e-16 7.397579963989193672e-17 5.954456133966104971e+03
3.287341235086488108e-16 7.372326043915379760e-17 5.955198405860453022e+03
3.584103837137598977e-16 7.348621070445350723e-17 5.955940683605344020e+03
3.531948386663910413e-16 7.344256197959161463e-17 5.956682967199914856e+03
5.633352017055440743e-16 7.356185908782089850e-17 5.957425256643300600e+03
4.409946192151779635e-16 7.358172512848010133e-17 5.958167551934633593e+03
5.316458561905876583e-16 7.367406189204107717e-17 5.958909853073049817e+03
4.876977909781180240e-16 7.340604268719535301e-17 5.959652160057683432e+03
1.306769221028721828e-16 7.302289710448918734e-17 5.960394472887668599e+03
3.455220040259931698e-16 7.239103919636724441e-17 5.961136791562141298e+03
6.663609092582930371e-16 7.169932111472741186e-17 5.961879116080234780e+03
3.556333158494463764e-16 7.102740852443396632e-17 5.962621446441084117e+03
3.820297361722078284e-16 7.065801489513952853e-17 5.963363782643823470e+03
2.830897520238751872e-16 7.081148281456326829e-17 5.964106124687589727e+03
4.804233289165017326e-16 7.105599740155391428e-17 5.964848472571513412e+03
4.432394143498823601e-16 7.120369552220218307e-17 5.965590826294734143e+03
5.348858369872062543e-16 7.122387715692279601e-17 5.966333185856383352e+03
6.649700414351938030e-16 7.125849582416576916e-17 5.967075551255596110e+03
3.722038715853932429e-16 7.092094097064451343e-17 5.967817922491505669e+03
5.761305892333439005e-16 7.094834187031499395e-17 5.968560299563248918e+03
4.722568429368720398e-16 7.075322803298446748e-17 5.969302682469959109e+03
1.618565932268248870e-16 7.090052274270217421e-17 5.970045071210773131e+03
1.447314020745940423e-16 7.118656192528237065e-17 5.970787465784822416e+03
3.415850585429618256e-16 7.150836061201514166e-17 5.971529866191243855e+03
5.574144429005067605e-16 7.189929185566262711e-17 5.972272272429170698e+03
5.673224177407954283e-16 7.210371811400765396e-17 5.973014684497738926e+03
6.400013427418219591e-16 7.227601673834751406e-17 5.973757102396081791e+03
2.398776373898703301e-16 7.226693919311465614e-17 5.974499526123334363e+03
3.608986301005574380e-16 7.240107185248624982e-17 5.975241955678632621e+03
4.980361698053258943e-16 7.228030077739209613e-17 5.975984391061107090e+03
4.385167060375126984e-16 7.215451433892897736e-17 5.976726832269896477e+03
1.222112107067406545e-16 7.197767601589742815e-17 5.977469279304135853e+03
4.929417927607988468e-16 7.158460786355753582e-17 5.978211732162957560e+03
4.356642059513826653e-16 7.148843506160452928e-17 5.978954190845495759e+03
3.998374336924541978e-16 7.115320412632063199e-17 5.979696655350886431e+03
2.741488979304928137e-16 7.101421761877095865e-17 5.980439125678262826e+03
2.957879723517553264e-16 7.095857273484175562e-17 5.981181601826763654e+03
4.417060294026167954e-16 7.104753656609762787e-17 5.981924083795516708e+03
2.677319139973493232e-16 7.095573646519572239e-17 5.982666571583663426e+03
4.911246656720291550e-16 7.080160665391622734e-17 5.983409065190333422e+03
4.296255250677492568e-16 7.044586961000025369e-17 5.984151564614663585e+03
5.581657127921792278e-16 7.002530942345552960e-17 5.984894069855788985e+03
3.422550681391501082e-16 6.953111240776684114e-17 5.985636580912843783e+03
7.128614555159647750e-16 6.919573210113666631e-17 5.986379097784962141e+03
5.916366158057965691e-16 6.902144819412032134e-17 5.987121620471278220e+03
3.126733099815450982e-16 6.885457886842281406e-17 5.987864148970927999e+03
1.763446148361736115e-16 6.845903940543810685e-17 5.988606683283044731e+03
5.098427921286638524e-16 6.848501981625432851e-17 5.989349223406763485e+03
3.783951465877960395e-16 6.841231620359727960e-17 5.990091769341221152e+03
4.146404220860185584e-16 6.833976079691443401e-17 5.990834321085547344e+03
4.490135042591247475e-16 6.846971911296638550e-17 5.991576878638879862e+03
4.774079145670513250e-16 6.865468537115953501e-17 5.992319442000355593e+03
6.974907080949538565e-16 6.873358244598224956e-17 5.993062011169104153e+03
6.313338768594745643e-16 6.886524674875006297e-17 5.993804586144265159e+03
4.777108642579534222e-16 6.885912225302643182e-17 5.994547166924969133e+03
5.441950354071273210e-16 6.877724444306895472e-17 5.995289753510351147e+03
3.568591912196718898e-16 6.885660992698898084e-17 5.996032345899549000e+03
5.771678487299812364e-16 6.882825526690904842e-17 5.996774944091694124e+03
2.335466919687200012e-16 6.901551835006359761e-17 5.997517548085923409e+03
4.368677993537610925e-16 6.927917314187079096e-17 5.998260157881370105e+03
5.084883556344100314e-16 6.951457769739250669e-17 5.999002773477168375e+03
6.241360729048509484e-16 6.965067488489841170e-17 5.999745394872454199e+03
7.628921287215535464e-16 6.965487438072103402e-17 6.000488022066361737e+03
2.757470333236808172e-16 6.960689343721056525e-17 6.001230655058024240e+03
5.160312241728861467e-16 6.963958682899974224e-17 6.001973293846578599e+03
2.382060184015662088e-16 6.946406027196382256e-17 6.002715938431158065e+03
2.407452335349406784e-16 6.931418413019433321e-17 6.003458588810898618e+03
3.294591674566376326e-16 6.919557287352765142e-17 6.004201244984932600e+03
2.849922395701795347e-16 6.892216068946455377e-17 6.004943906952397811e+03
3.641339446497999352e-16 6.885329115611514783e-17 6.005686574712424772e+03
3.430224128767021449e-16 6.860908046803320894e-17 6.006429248264151283e+03
6.880631175963935894e-16 6.871771645031948261e-17 6.007171927606709687e+03
3.089822205926065986e-16 6.894457654019768829e-17 6.007914612739237782e+03
3.797080885172028674e-16 6.852099646497467460e-17 6.008657303660867910e+03
4.315677920235080776e-16 6.851732607403509920e-17 6.009400000370735142e+03
4.267882813659769920e-16 6.858405384575204215e-17 6.010142702867972730e+03
4.178677993036844358e-16 6.822674296463784907e-17 6.010885411151717562e+03
4.356489651421735196e-16 6.809242297274189073e-17 6.011628125221103801e+03
4.204353663934849539e-16 6.784657469511922143e-17 6.012370845075265606e+03
5.387794240924133152e-16 6.782128477878350905e-17 6.013113570713337140e+03
5.061055659755088110e-16 6.733479777449695920e-17 6.013856302134454381e+03
4.817939040890800987e-16 6.744257320755813698e-17 6.014599039337750582e+03
3.286776982389657179e-16 6.749871600007514320e-17 6.015341782322359904e+03
4.900873355988305537e-16 6.755385253892948916e-17 6.016084531087419236e+03
3.173598144481295532e-16 6.741859327284882941e-17 6.016827285632060011e+03
3.512312895064569196e-16 6.739011086832648944e-17 6.017570045955420937e+03
5.183013423510263947e-16 6.722935999924117914e-17 6.018312812056633447e+03
4.597286638305604693e-16 6.708764209684171557e-17 6.019055583934834431e+03
5.533476504504760988e-16 6.698635547592575770e-17 6.019798361589155320e+03
4.459187829826910491e-16 6.726915715257387162e-17 6.020541145018734824e+03
4.414350108160532774e-16 6.697870535411626302e-17 6.021283934222703465e+03
3.022921049087428380e-16 6.697579080933773695e-17 6.022026729200199043e+03
1.623856067966142584e-16 6.688911151474504833e-17 6.022769529950355718e+03
7.810353970673651192e-16 6.693332075709566196e-17 6.023512336472305833e+03
3.250601546709414372e-16 6.695762608933726332e-17 6.024255148765187187e+03
4.909458107548929346e-16 6.687383257579131788e-17 6.024997966828130302e+03
3.168745387960078283e-16 6.689010644058133145e-17 6.025740790660274797e+03
5.779469675719473761e-16 6.688947367079556402e-17 6.026483620260751195e+03
5.876266643540970147e-16 6.715559922594563836e-17 6.027226455628696385e+03
5.377425583757358595e-16 6.719072167595410502e-17 6.027969296763246348e+03
5.950923847680365719e-16 6.739426799113682946e-17 6.028712143663531606e+03
1.113888510960157627e-16 6.744822041475406494e-17 6.029454996328688139e+03
3.344487073662583733e-16 6.749082126273683794e-17 6.030197854757852838e+03
4.214609371612740017e-16 6.743381408813066696e-17 6.030940718950158953e+03
2.216262253403372777e-16 6.742125466867175379e-17 6.031683588904740645e+03
3.704948354555968028e-16 6.751347548461309490e-17 6.032426464620733896e+03
4.920793403946639765e-16 6.892009632465157259e-17 6.033169346097270136e+03
8.337744829198404701e-16 7.003753766189741800e-17 6.033912233333488075e+03
4.772405496404683002e-16 6.777163223260446998e-17 6.034655126328520055e+03
4.212248160397840401e-16 6.730869657243475763e-17 6.035398025081501146e+03
4.839918710525575422e-16 6.734559856713350368e-17 6.036140929591565509e+03
3.258482807900382048e-16 6.737304764207385322e-17 6.036883839857848216e+03
3.753406683995998475e-16 6.723896043607231100e-17 6.037626755879485245e+03
3.637508991705105196e-16 6.721388536505193114e-17 6.038369677655608939e+03
4.947947912813075471e-16 6.681882513388941334e-17 6.039112605185355278e+03
4.775450077633752658e-16 6.692352249641141515e-17 6.039855538467858423e+03
8.103589084737682421e-16 6.682933805431969152e-17 6.040598477502252535e+03
5.335627150918143776e-16 6.675844876124381430e-17 6.041341422287674504e+03
2.092032963164122773e-16 6.659186460236942003e-17 6.042084372823255762e+03
4.451369514109408657e-16 6.640407995616143090e-17 6.042827329108132290e+03
4.515286349290824024e-16 6.629921137062186786e-17 6.043570291141439156e+03
4.149316848351836479e-16 6.612717681778487228e-17 6.044313258922311434e+03
3.951089852834082497e-16 6.622870652195829785e-17 6.045056232449884192e+03
5.481955406761427675e-16 6.636383661305974171e-17 6.045799211723288863e+03
3.654823626021621645e-16 6.629174244869558816e-17 6.046542196741664156e+03
4.171323072298426165e-16 6.619215802300640128e-17 6.047285187504142414e+03
4.515186294640375853e-16 6.617516836741492711e-17 6.048028184009855977e+03
1.940633404209727201e-16 6.611622617202632977e-17 6.048771186257944464e+03
1.554268222406071747e-16 6.595988558678512422e-17 6.049514194247539308e+03
4.448321525197107539e-16 6.588526653435145698e-17 6.050257207977776488e+03
7.627154141308217481e-16 6.569991438917810169e-17 6.051000227447790166e+03
4.679510598078859898e-16 6.571882766099922618e-17 6.051743252656713594e+03
3.822859803496870309e-16 6.580027675409136671e-17 6.052486283603684569e+03
3.763767100780694864e-16 6.564421374714869757e-17 6.053229320287834526e+03
5.797847993091673386e-16 6.552881429730669757e-17 6.053972362708300352e+03
5.288276298900238059e-16 6.553346484306347578e-17 6.054715410864217120e+03
4.279288838752546813e-16 6.545030749727399489e-17 6.055458464754715351e+03
2.574703570299115797e-16 6.546152829509612720e-17 6.056201524378933755e+03
3.885483193838061822e-16 6.561714570207288436e-17 6.056944589736005582e+03
2.873580010038370533e-16 6.570584672780542815e-17 6.057687660825066814e+03
6.043497799986495580e-16 6.573473405886278008e-17 6.058430737645250701e+03
3.850794379119425143e-16 6.577696007456638536e-17 6.059173820195690496e+03
4.279261090019690207e-16 6.589203439392435437e-17 6.059916908475523087e+03
3.563880611878554734e-16 6.582921535086476615e-17 6.060660002483882636e+03
6.286776370866221174e-16 6.596017181768883325e-17 6.061403102219903303e+03
2.024148117580100206e-16 6.601870235360103403e-17 6.062146207682721069e+03
1.559263903832364776e-16 6.621240900171245454e-17 6.062889318871467367e+03
6.347838106140503510e-16 6.652794729887034046e-17 6.063632435785281814e+03
2.640479785211871871e-16 6.607719784752963232e-17 6.064375558423294933e+03
2.522849618154206129e-16 6.605409644184724776e-17 6.065118686784641795e+03
6.102564959254654044e-16 6.609297059619659313e-17 6.065861820868458381e+03
5.110531878167911661e-16 6.603759665008183798e-17 6.066604960673879759e+03
3.337590582149360063e-16 6.592856136079022003e-17 6.067348106200038274e+03
2.821828955068823808e-16 6.581822673030126697e-17 6.068091257446070813e+03
6.113501717127653639e-16 6.568247558544499794e-17 6.068834414411110629e+03
2.422252061424251278e-16 6.553026982882082225e-17 6.069577577094293702e+03
3.356010462605362030e-16 6.539581705917631843e-17 6.070320745494753282e+03
6.779480431285057561e-16 6.519128513518029742e-17 6.071063919611624442e+03
4.056256054647397010e-16 6.512931475292029442e-17 6.071807099444042251e+03
4.338547449160054168e-16 6.495590008953518081e-17 6.072550284991140870e+03
4.120455717829452262e-16 6.485870699603966818e-17 6.073293476252056280e+03
3.956527506918074247e-16 6.467589537299168811e-17 6.074036673225920822e+03
3.643634217600720315e-16 6.445879326948705991e-17 6.074779875911870477e+03
4.865731950434592867e-16 6.428242707028405847e-17 6.075523084309039405e+03
4.210706479499407096e-16 6.414499282634474934e-17 6.076266298416561767e+03
1.503932716067346524e-16 6.392661379055637823e-17 6.077009518233576273e+03
3.704580292083810087e-16 6.377469619188645752e-17 6.077752743759210716e+03
6.373952732959044734e-16 6.384086557966546782e-17 6.078495974992605625e+03
4.928705687414422950e-16 6.388602623512614041e-17 6.079239211932892431e+03
2.822762432172163702e-16 6.380503815143770094e-17 6.079982454579207115e+03
4.411370842766094595e-16 6.383450251155113913e-17 6.080725702930683838e+03
4.788583889650556600e-16 6.380825337681815864e-17 6.081468956986456760e+03
3.466729752870266238e-16 6.380583911804768278e-17 6.082212216745660953e+03
4.663557956351662642e-16 6.380125826922263626e-17 6.082955482207430578e+03
5.177597130649017249e-16 6.371967393208858435e-17 6.083698753370901613e+03
2.597464828479195811e-16 6.365072724973681243e-17 6.084442030235208222e+03
7.900853956051320711e-16 6.369670325222543492e-17 6.085185312799484564e+03
5.618116514385581193e-16 6.380443939194217909e-17 6.085928601062866619e+03
4.004974587013147232e-16 6.442129331881996499e-17 6.086671895024484911e+03
3.879565828223197613e-16 6.379083738363279261e-17 6.087415194683480877e+03
5.720733357518610964e-16 6.401676753843305005e-17 6.088158500038984130e+03
5.524135050952638261e-16 6.387232978216232515e-17 6.088901811090129740e+03
1.652180254333937090e-16 6.343089486955874450e-17 6.089645127836052779e+03
1.454754706906486607e-16 6.359863931406816081e-17 6.090388450275890136e+03
5.979524537310180695e-16 6.371249299987859794e-17 6.091131778408772334e+03
5.335381343851323550e-16 6.373608442156908840e-17 6.091875112233838081e+03
5.683707029318375226e-16 6.375471908106277362e-17 6.092618451750218810e+03
4.205004242139023283e-16 6.374372909763431953e-17 6.093361796957051411e+03
1.699618821424898017e-16 6.383691199042096983e-17 6.094105147853470044e+03
5.729119430184721446e-16 6.386246339209578339e-17 6.094848504438608870e+03
5.634154368703681299e-16 6.385495221860319592e-17 6.095591866711600233e+03
6.378252586221980433e-16 6.385688610070316535e-17 6.096335234671585567e+03
7.177351516178310872e-17 6.379891778898740310e-17 6.097078608317691760e+03
3.083604433994548798e-16 6.383170020022249567e-17 6.097821987649058428e+03
5.608234923615487698e-16 6.382583201443961308e-17 6.098565372664818824e+03
8.203967093131905590e-16 6.395949614672394495e-17 6.099308763364106198e+03
3.710072746993994100e-16 6.393142393209377401e-17 6.100052159746057441e+03
1.599465833699019318e-16 6.387954989951845697e-17 6.100795561809805804e+03
5.239583579719284814e-16 6.382386505071164127e-17 6.101538969554487267e+03
4.965853391606275422e-16 6.368639179155223681e-17 6.102282382979234171e+03
3.084364960811191077e-16 6.353751690488355135e-17 6.103025802083184317e+03
4.552501452335440711e-16 6.352555335687366336e-17 6.103769226865469136e+03
1.024300415898833094e-16 6.342713642967563143e-17 6.104512657325225518e+03
3.493446165855608495e-16 6.344456883553536679e-17 6.105256093461586715e+03
8.369607390222892069e-16 6.335825481397124209e-17 6.105999535273687798e+03
4.646809150349490253e-16 6.337523101305052992e-17 6.106742982760664745e+03
1.682356266335822070e-16 6.334497830245811948e-17 6.107486435921649900e+03
3.965619145417322893e-16 6.377349607478864151e-17 6.108229894755779242e+03
5.037581925701045455e-16 6.403098407432566342e-17 6.108973359262186932e+03
4.459617252442069190e-16 6.498831809052668382e-17 6.109716829440009860e+03
5.624461956706791811e-17 6.285735206455660310e-17 6.110460305288379459e+03
8.593355756519516150e-16 2.061224454978203754e-16 6.111203786806432618e+03
3.096113695984873177e-16 6.224186625440660009e-17 6.111947273993300769e+03
3.156944671241150682e-16 6.260674312087569013e-17 6.112690766848120802e+03
7.200021119796277846e-16 6.227350843615957352e-17 6.113434265370030516e+03
3.016332940758847815e-16 6.224602233396172964e-17 6.114177769558159525e+03
2.486048003106226197e-16 6.209911984123761265e-17 6.114921279411644718e+03
4.097778243683055015e-16 6.234445499113334382e-17 6.115664794929621166e+03
5.937045236548594675e-16 6.170863790335834368e-17 6.116408316111221211e+03
3.671491162210993624e-16 6.164409343922813970e-17 6.117151842955582651e+03
3.315691937094235752e-17 6.163260997448422110e-17 6.117895375461836011e+03
4.263888462527907168e-16 6.244770139335702134e-17 6.118638913629121816e+03
3.382290870443783389e-16 6.156003674238159970e-17 6.119382457456569682e+03
6.491387037483981881e-16 6.144299925876040472e-17 6.120126006943315588e+03
5.417195590506596765e-16 6.136242543387873135e-17 6.120869562088495513e+03
4.415985490629570778e-16 6.135957150344004578e-17 6.121613122891243620e+03
3.737385082080755900e-16 6.133386077471768712e-17 6.122356689350692250e+03
4.078644430365347457e-16 6.611850794296434335e-17 6.123100261465979202e+03
3.394158656317547261e-16 6.875593209862906261e-17 6.123843839236238637e+03
3.856909215937383430e-16 6.315210059050099708e-17 6.124587422660602897e+03
4.385042935829294090e-16 6.250099210123851486e-17 6.125331011738209781e+03
4.263464147913556783e-16 6.238470596129190263e-17 6.126074606468190723e+03
4.336392988640756569e-16 6.904880240873716407e-17 6.126818206849682610e+03
5.256083733553693467e-16 6.299376763471846175e-17 6.127561812881819606e+03
3.037823694323462389e-16 6.247059996016167171e-17 6.128305424563735869e+03
5.396935552437749313e-16 6.246058255084629038e-17 6.129049041894567381e+03
2.009880207102106344e-16 6.263787961049619852e-17 6.129792664873446483e+03
3.318780426893745291e-16 6.276274823073736902e-17 6.130536293499510066e+03
4.751330649678527663e-16 6.286968881714238563e-17 6.131279927771891380e+03
3.525437195769248998e-16 6.313117982875607087e-17 6.132023567689726406e+03
2.290536740365017810e-16 6.315641856523624413e-17 6.132767213252149304e+03
5.428973054262846544e-16 6.332632052795541109e-17 6.133510864458293327e+03
3.521960849287171468e-16 6.356848199652620931e-17 6.134254521307293544e+03
3.078754598444602109e-16 6.378935616760736331e-17 6.134998183798286846e+03
4.789266130812082531e-16 6.389234789239393198e-17 6.135741851930404664e+03
7.032928261258552035e-16 6.403588639525780495e-17 6.136485525702784798e+03
2.989661787575805612e-16 6.437583871457846427e-17 6.137229205114559591e+03
4.059293737986921293e-16 6.522132305236008416e-17 6.137972890164865021e+03
4.192341753023334053e-16 6.440409406723892040e-17 6.138716580852835250e+03
3.691763918318120589e-16 6.461185540586175217e-17 6.139460277177606258e+03
2.902269670497658606e-16 6.447655452202066626e-17 6.140203979138310387e+03
7.421120388200942070e-16 6.441753973032195225e-17 6.140947686734082708e+03
2.215333838762765196e-16 6.460508183287352275e-17 6.141691399964058292e+03
3.191254678032371444e-16 6.453032657011879471e-17 6.142435118827371298e+03
4.943724050777529367e-16 6.445818219209092210e-17 6.143178843323161345e+03
5.269398400692534762e-16 6.450728643027582630e-17 6.143922573450554410e+03
1.991682092495795392e-16 6.446029047491725361e-17 6.144666309208691018e+03
2.470992253646554435e-16 6.441959912058167661e-17 6.145410050596703513e+03
4.790079405219651451e-16 6.443512503402688207e-17 6.146153797613728784e+03
4.043585028567232472e-16 6.434636830557616635e-17 6.146897550258898264e+03
3.834792559932383055e-16 6.421266151779908700e-17 6.147641308531351569e+03
5.604542332148739296e-16 6.428316919658084177e-17 6.148385072430217406e+03
5.202337335799206945e-16 6.451026167634742153e-17 6.149128841954632662e+03
4.513754782624944876e-16 6.508585456176857112e-17 6.149872617103736047e+03
5.422511209480122924e-16 6.576110533695047834e-17 6.150616397876656265e+03
5.974608458912092920e-16 6.682178842559499693e-17 6.151360184272531114e+03
4.063363805058637341e-16 6.762147096092462922e-17 6.152103976290493847e+03
2.180864991660541892e-16 6.829180250532790959e-17 6.152847773929681352e+03
5.760419844527457192e-16 6.858656541971969236e-17 6.153591577189225063e+03
4.972326097338031466e-16 6.879866283471540569e-17 6.154335386068263688e+03
2.330739130329526964e-16 6.879178794291856785e-17 6.155079200565927749e+03
4.977488126998184369e-16 6.880230084212375451e-17 6.155823020681354137e+03
4.239990234454258978e-16 6.883250443604919996e-17 6.156566846413677922e+03
3.626927870868232282e-16 6.873749376496682756e-17 6.157310677762031446e+03
3.093854910240010710e-16 6.876150000286618628e-17 6.158054514725552508e+03
5.507402387367658801e-16 6.867249693871684625e-17 6.158798357303374360e+03
2.145277573056891294e-16 6.858718646337571744e-17 6.159542205494630252e+03
4.261367315397672030e-16 6.864711277671568513e-17 6.160286059298456166e+03
4.640219980095248936e-16 6.833445109660640893e-17 6.161029918713987172e+03
4.639429512090843115e-16 6.819025245006402848e-17 6.161773783740357430e+03
2.849229055635487439e-16 6.788546236717851142e-17 6.162517654376702012e+03
5.454209517689106546e-16 6.755099496568435486e-17 6.163261530622154169e+03
6.092831083440006504e-16 6.725103006126846746e-17 6.164005412475849880e+03
2.864850495747921400e-16 6.681984686342759252e-17 6.164749299936924217e+03
2.944688767661023231e-16 6.595176880268556091e-17 6.165493193004509521e+03
6.253786152923636552e-16 6.511044146772470400e-17 6.166237091677743592e+03
2.978684908701423938e-16 6.475734913571469849e-17 6.166980995955758772e+03
4.455970406195135940e-16 6.437388947000126266e-17 6.167724905837691949e+03
4.973084654086878999e-16 6.412640417112412553e-17 6.168468821322674557e+03
3.732996610853085064e-16 6.417738209612858829e-17 6.169212742409843486e+03
5.332255650020887052e-16 6.425752347732891914e-17 6.169956669098332895e+03
4.933131319760579643e-16 6.426117768700758109e-17 6.170700601387277857e+03
4.900889223030559829e-16 6.455143396611539379e-17 6.171444539275812531e+03
4.711410648935324779e-16 6.442319090570154639e-17 6.172188482763071079e+03
3.211804783311335329e-16 6.438769267649840121e-17 6.172932431848188571e+03
2.106420304617000106e-16 6.444710663717740208e-17 6.173676386530302807e+03
5.569846124042791131e-16 6.440017841126527310e-17 6.174420346808543400e+03
2.388521718621249316e-16 6.428462952664485040e-17 6.175164312682047239e+03
4.076495346800060310e-16 6.420254099826631200e-17 6.175908284149949395e+03
5.088946929960472892e-16 6.405762389282736748e-17 6.176652261211384030e+03
3.389033382171383475e-16 6.380303979224520131e-17 6.177396243865485303e+03
4.490421500666684131e-16 6.346228612138607272e-17 6.178140232111389196e+03
6.647725106679803905e-16 6.313624570013922256e-17 6.178884225948228959e+03
3.171595110043652799e-16 6.281801748008418603e-17 6.179628225375139664e+03
2.968565486067271672e-16 6.242514214825374864e-17 6.180372230391257290e+03
4.412108524036426313e-16 6.261268420378602910e-17 6.181116240995715998e+03
4.694413687725402626e-16 6.261163897675532742e-17 6.181860257187648131e+03
1.313826252776969830e-16 6.315262716764235790e-17 6.182604278966189668e+03
5.021901630960604915e-16 6.231929565990734016e-17 6.183348306330475680e+03
6.143382762387365003e-16 6.222483271385872065e-17 6.184092339279643056e+03
3.780968297150968684e-16 6.211621196163130272e-17 6.184836377812822320e+03
3.438573264844555437e-16 6.215668176661064884e-17 6.185580421929152180e+03
6.241837188991194998e-16 6.227922646924813808e-17 6.186324471627764069e+03
2.156430380470546851e-16 6.234484124800840661e-17 6.187068526907793967e+03
4.103635936608290073e-16 6.235603769954353951e-17 6.187812587768374215e+03
5.378146848735730109e-16 6.241032702062055806e-17 6.188556654208645341e+03
5.622833766237370743e-16 6.243259408517122111e-17 6.189300726227735140e+03
2.418069842442431291e-16 6.260966872258309607e-17 6.190044803824783230e+03
4.054789023770025177e-16 6.269116136336091646e-17 6.190788886998921953e+03
3.090203481570641160e-16 6.242331860663206721e-17 6.191532975749287289e+03
4.008143667694836925e-16 6.250758811568476751e-17 6.192277070075011579e+03
4.898475002662060612e-16 6.245766104135017106e-17 6.193021169975231714e+03
4.333414805560776532e-16 6.225186102981810999e-17 6.193765275449082765e+03
6.137467831647444406e-16 6.218089795869695896e-17 6.194509386495697072e+03
2.923224929106096742e-16 6.225380876331135516e-17 6.195253503114210616e+03
3.571545145854744706e-16 6.241739293147414064e-17 6.195997625303760287e+03
5.531070686147048956e-16 6.268359916148849271e-17 6.196741753063475699e+03
4.031166495819677586e-16 6.320735378074796525e-17 6.197485886392494649e+03
4.607097491072783500e-16 6.316286038080746830e-17 6.198230025289952209e+03
3.273839008727321478e-16 6.340044297702823128e-17 6.198974169754983450e+03
4.781117402486333527e-16 6.350593187474577808e-17 6.199718319786720713e+03
2.615763570112852052e-16 6.379446436809523072e-17 6.200462475384299978e+03
5.907812729760186629e-16 6.325369786174001201e-17 6.201206636546854497e+03
1.980383395692318408e-16 6.303636939210358686e-17 6.201950803273522070e+03
3.936050578454874046e-16 6.292237478899380747e-17 6.202694975563434127e+03
4.696480319729218057e-16 6.289779180350122177e-17 6.203439153415726651e+03
5.850007706419994589e-16 6.265107274724868886e-17 6.204183336829535619e+03
3.630698522184789897e-16 6.277127829849255088e-17 6.204927525803995195e+03
4.197941821409181580e-16 6.285805510912415699e-17 6.205671720338237719e+03
5.011589595678925964e-16 6.287855271007601329e-17 6.206415920431400082e+03
4.130756581326509566e-16 6.296465313647500928e-17 6.207160126082615534e+03
2.993560489935813824e-16 6.320994464556558973e-17 6.207904337291021875e+03
4.155215198222877994e-16 6.327356078979187510e-17 6.208648554055747809e+03
3.305890055143310441e-16 6.320740036258896505e-17 6.209392776375933863e+03
2.932869999682341755e-16 6.292463387204863842e-17 6.210137004250712380e+03
4.331041280070552596e-16 6.264141992720244539e-17 6.210881237679218430e+03
7.162967689946613776e-16 6.240356982597549601e-17 6.211625476660587083e+03
4.584090128609072842e-16 6.243000731767301646e-17 6.212369721193950681e+03
3.769485341036105092e-16 6.237928803017102558e-17 6.213113971278446115e+03
3.797501120806254079e-16 6.245751626821710252e-17 6.213858226913207545e+03
3.830601280211735621e-16 6.263304201166173436e-17 6.214602488097370042e+03
2.929165995634566081e-16 6.302469711571099903e-17 6.215346754830068676e+03
1.156645496158155284e-16 6.334191715143442299e-17 6.216091027110434879e+03
2.684494959701098293e-16 6.333892440897732994e-17 6.216835304937607361e+03
4.912961626265105273e-16 6.371013884341371946e-17 6.217579588310718464e+03
2.536685757185012162e-16 6.392647891202416934e-17 6.218323877228904166e+03
6.250769861238534921e-16 6.398897970204698141e-17 6.219068171691298630e+03
5.828478215035206590e-16 6.395235649007881299e-17 6.219812471697036017e+03
5.283286847321546927e-16 6.388667436053318688e-17 6.220556777245252306e+03
3.557325460068339209e-16 6.386083569662418340e-17 6.221301088335079839e+03
5.129947684702362078e-16 6.367559014876163830e-17 6.222045404965655507e+03
2.825471762603279067e-16 6.354579443182400290e-17 6.222789727136113470e+03
2.471437556179311386e-16 6.348305342922198018e-17 6.223534054845586979e+03
4.438599991881029544e-16 6.348460532623700906e-17 6.224278388093212925e+03
2.728799202442265768e-16 6.342099397499482419e-17 6.225022726878125468e+03
4.669846609722270832e-16 6.350185476674659529e-17 6.225767071199456950e+03
5.774171861214177796e-16 6.366382313829646996e-17 6.226511421056345171e+03
4.325255773935628014e-16 6.395259911046290009e-17 6.227255776447924291e+03
3.958912795317200143e-16 6.442664227351576047e-17 6.228000137373326652e+03
3.581548632640979442e-16 6.514658500341860971e-17 6.228744503831689144e+03
5.597696307661007790e-16 6.629662868795940852e-17 6.229488875822145928e+03
2.223799878347369326e-16 6.735896012274818804e-17 6.230233253343831166e+03
4.250778960461418065e-16 6.861002347829292465e-17 6.230977636395880836e+03
7.845752722854981532e-16 6.934209243625163412e-17 6.231722024977426372e+03
3.338585471638324777e-16 6.995534318278101150e-17 6.232466419087606482e+03
2.329808240854463276e-16 7.046101699129156174e-17 6.233210818725552599e+03
4.153184031812787210e-16 7.066915306067359688e-17 6.233955223890401612e+03
3.565454397488783859e-16 7.106287925204810407e-17 6.234699634581289502e+03
5.984948163105087958e-16 7.155918848090859618e-17 6.235444050797346790e+03
3.304560832559515164e-16 7.188518288861593170e-17 6.236188472537710368e+03
5.066551963736849198e-16 7.231920371155658215e-17 6.236932899801515305e+03
4.198551965027187991e-16 7.272393734019867880e-17 6.237677332587894853e+03
4.608906716562434064e-16 7.307018553233391533e-17 6.238421770895985901e+03
4.458418856095717726e-16 7.322823543524710784e-17 6.239166214724923520e+03
6.880193191020744498e-16 7.330051460714754911e-17 6.239910664073837324e+03
3.635089291387922269e-16 7.321646628724390299e-17 6.240655118941866931e+03
1.249782541485266428e-16 7.303023337667003119e-17 6.241399579328144682e+03
4.449620124992265899e-16 7.189044460652992580e-17 6.242144045231807468e+03
3.524644678219159388e-16 7.107490586675921230e-17 6.242888516651988539e+03
4.654446285822584717e-16 6.993529185990703802e-17 6.243632993587820238e+03
5.850570569318802461e-16 6.855160321818139093e-17 6.244377476038443092e+03
4.248141762177842832e-16 6.738555552208676724e-17 6.245121964002984896e+03
5.170940196173623800e-16 6.623816394761969287e-17 6.245866457480586178e+03
4.299293547370216156e-16 6.573922707257807814e-17 6.246610956470376550e+03
3.181030432785987876e-16 6.534259766236259318e-17 6.247355460971497450e+03
5.267623385681582699e-16 6.530198957767538409e-17 6.248099970983074854e+03
6.074871617837964922e-16 6.480122937357313636e-17 6.248844486504251108e+03
5.471243931494914704e-16 6.448275233222491427e-17 6.249589007534157645e+03
-8.459911471591107091e-18 6.439071326691726445e-17 6.250333534071927716e+03
4.665929812329825057e-16 6.483680756143601140e-17 6.251078066116698210e+03
5.889562331030729181e-16 6.568211152632254680e-17 6.251822603667602380e+03
6.126476628420482470e-16 6.677724051316146509e-17 6.252567146723777114e+03
3.600753762029770071e-16 6.770904868861391940e-17 6.253311695284355665e+03
4.144754341272732366e-16 6.828747346429605942e-17 6.254056249348472193e+03
3.859503935790560784e-16 6.844634482716141414e-17 6.254800808915261769e+03
2.355330835259344533e-16 6.839872137202367524e-17 6.255545373983859463e+03
4.413684736664069144e-16 6.844831924583822856e-17 6.256289944553399437e+03
4.034837831765937319e-16 6.850847317041173376e-17 6.257034520623017670e+03
2.840948182202682838e-16 6.867040976398370318e-17 6.257779102191845595e+03
6.375427848250741307e-16 6.895832814282155916e-17 6.258523689259021921e+03
4.506705825665631742e-16 6.927932909974042103e-17 6.259268281823678990e+03
6.140287641328682822e-16 6.973477055042580349e-17 6.260012879884951872e+03
2.959819336974110574e-16 7.002189448732518294e-17 6.260757483441975637e+03
3.478942401511028992e-16 7.027315629629545316e-17 6.261502092493886266e+03
5.704134225414935006e-16 7.030722273235248114e-17 6.262246707039812463e+03
6.460748245404409776e-16 7.043653359434607038e-17 6.262991327078898394e+03
3.689234172218831075e-16 7.030230843702343629e-17 6.263735952610270942e+03
3.615251237355468552e-16 6.986902911205066250e-17 6.264480583633066999e+03
5.548786311437085914e-16 6.882743278669600970e-17 6.265225220146423453e+03
5.395077528813771464e-16 6.752801177425730800e-17 6.265969862149473556e+03
4.885068866273551566e-16 6.650832853805775147e-17 6.266714509641349650e+03
2.551850715767932338e-16 6.541653532755126258e-17 6.267459162621189535e+03
2.236034022055336595e-16 6.525648103351263492e-17 6.268203821088129189e+03
5.440221052017089019e-16 6.527743480464745037e-17 6.268948485041297317e+03
5.684082101677390713e-16 6.548894551167773747e-17 6.269693154479835357e+03
3.751481497981591199e-16 6.556226617224012978e-17 6.270437829402872012e+03
1.914474814176680661e-16 6.562586962273986681e-17 6.271182509809545991e+03
6.104867956739361690e-16 6.542652468544456842e-17 6.271927195698992364e+03
4.883122637672129720e-16 6.515366013247198480e-17 6.272671887070342564e+03
3.743184638546869863e-16 6.470231116754379539e-17 6.273416583922733480e+03
5.107096315044558978e-16 6.243366996639789357e-17 6.274161286255300183e+03
2.401013428557109914e-16 5.687353975240426202e-17 6.394448446466010864e+03
3.771019589667132514e-16 5.724228619138159682e-17 6.395194537338753435e+03
5.223671474746804905e-16 5.732655530814452951e-17 6.395940632178006126e+03
4.184131152176481636e-16 5.744816519676675814e-17 6.396686730983920825e+03
1.851939380492404746e-16 5.744995499870205010e-17 6.397432833756643959e+03
3.287245143874041679e-16 5.744755050983439260e-17 6.398178940496329233e+03
4.682847009715832091e-16 5.732803622145173548e-17 6.398925051203123985e+03
4.388518737135239391e-16 5.720474759316171759e-17 6.399671165877178282e+03
4.356569472964010356e-16 5.701410832310550601e-17 6.400417284518644010e+03
5.677680407502103812e-16 5.701975470450820588e-17 6.401163407127667597e+03
1.013200931011669793e-16 5.678210320285676132e-17 6.401909533704401838e+03
5.639359795117216084e-16 5.673595202737213245e-17 6.402655664248995890e+03
5.094746691923480541e-16 5.664578757974432204e-17 6.403401798761598911e+03
2.437504383293840360e-16 5.662756520336528678e-17 6.404147937242361877e+03
1.399546604225012646e-16 5.673964711190603600e-17 6.404894079691433944e+03
5.770912834456866914e-16 5.683074268481044322e-17 6.405640226108965180e+03
6.064953960249144510e-16 5.688409167916910350e-17 6.406386376495104741e+03
2.737987769234230485e-16 5.705895006772744446e-17 6.407132530850004514e+03
3.359627632990270403e-16 5.713741787248276364e-17 6.407878689173810926e+03
5.343535169435297799e-16 5.700276179689093502e-17 6.408624851466676773e+03
2.385083041311603469e-16 5.719941018595456260e-17 6.409371017728752122e+03
5.398971561764215393e-16 5.715353969405039821e-17 6.410117187960184310e+03
2.110148483873824991e-16 5.715183829512154327e-17 6.410863362161127952e+03
5.291538774911128255e-17 5.709950785124724115e-17 6.411609540331728567e+03
4.969504072504454745e-16 5.704046027645654036e-17 6.412355722472135312e+03
4.634451797870502006e-16 5.710992528316814857e-17 6.413101908582501892e+03
3.247652630022747048e-16 5.723107152026288281e-17 6.413848098662974735e+03
3.466785732210050677e-16 5.743045813105476110e-17 6.414594292713707546e+03
4.830488084315106699e-16 5.763562340824936790e-17 6.415340490734847663e+03
5.920749215104574912e-16 5.772938255047454131e-17 6.416086692726543333e+03
2.195221535057509856e-16 5.776294470751871431e-17 6.416832898688948262e+03
5.079148107210830861e-16 5.776116037813813448e-17 6.417579108622208878e+03
2.994769109008071221e-16 5.782692638223428213e-17 6.418325322526477976e+03
4.530753105779599426e-16 5.777269227213654971e-17 6.419071540401902894e+03
3.409718419702756229e-16 5.767925976060140325e-17 6.419817762248637337e+03
4.506032282131251071e-16 5.763526784339885568e-17 6.420563988066825914e+03
5.588558098102358986e-16 5.778111157293847491e-17 6.421310217856622330e+03
4.607140354318517551e-16 5.780035093318030457e-17 6.422056451618174833e+03
5.466211511250916513e-16 5.740198291795107405e-17 6.422802689351634399e+03
4.701184497402569151e-16 5.725351476298888735e-17 6.423548931057149275e+03
9.756333408902091734e-17 5.725109659332857886e-17 6.424295176734871347e+03
3.656292925985349554e-16 5.729917994311748488e-17 6.425041426384950682e+03
3.161855868871191441e-16 5.721856074706064136e-17 6.425787680007533709e+03
4.847934936726783162e-16 5.690180026812995774e-17 6.426533937602775040e+03
2.174523612835988749e-16 5.668315838147548243e-17 6.427280199170820197e+03
5.426043006163919460e-16 5.647809122962750070e-17 6.428026464711821973e+03
4.310947293298125745e-16 5.640743052928411199e-17 6.428772734225928616e+03
5.030242617937438351e-16 5.633333676910750142e-17 6.429519007713292012e+03
4.984667327295921376e-16 5.611245919009726745e-17 6.430265285174060409e+03
4.771854410158409402e-16 5.608299717742376270e-17 6.431011566608383873e+03
3.151631958367641328e-16 5.600867644224996436e-17 6.431757852016411562e+03
3.333648586026409015e-16 5.598946712045783844e-17 6.432504141398296269e+03
5.209344180744543879e-16 5.606124174942796597e-17 6.433250434754183516e+03
5.796115635169907818e-16 5.577695540271099947e-17 6.433996732084226096e+03
2.851541824823309902e-16 5.610503435042387200e-17 6.434743033388574986e+03
5.493157555310081058e-16 5.596806167502059689e-17 6.435489338667377524e+03
4.057828780074726262e-16 5.610297266191170077e-17 6.436235647920784686e+03
5.077588187963657010e-16 5.585738593759174136e-17 6.436981961148946539e+03
3.003928907517905153e-16 5.577704272952163794e-17 6.437728278352011330e+03
3.776655508648870733e-16 5.576524734170331002e-17 6.438474599530130945e+03
1.916715088621362977e-16 5.563815008888914574e-17 6.439220924683455451e+03
3.539848688727029713e-16 5.566274068665161294e-17 6.439967253812132185e+03
5.023372677843713331e-16 5.558323408190777037e-17 6.440713586916315762e+03
3.762043271200524806e-16 5.584434980815164533e-17 6.441459923996149882e+03
1.380386853045455810e-16 5.605552271728631077e-17 6.442206265051789160e+03
5.058902570698300813e-16 5.568375659230306753e-17 6.442952610083380932e+03
6.732978056183917278e-16 5.569427220434291365e-17 6.443698959091076176e+03
4.303800992656978351e-16 5.576209653200656698e-17 6.444445312075025868e+03
1.829750017026263042e-16 5.598950809513738788e-17 6.445191669035377345e+03
4.773977586775577555e-16 5.635323820900697108e-17 6.445938029972283402e+03
4.769925155991653249e-16 5.654850333699141708e-17 6.446684394885889560e+03
2.378712934038913420e-16 5.689833594084694106e-17 6.447430763776352251e+03
4.335323891375817396e-16 5.733527633303729687e-17 6.448177136643816993e+03
5.811241928958515842e-16 5.744410380968690796e-17 6.448923513488432036e+03
1.721795682374320043e-16 5.783854627417659937e-17 6.449669894310349264e+03
3.638229029442452274e-16 5.828295985342474246e-17 6.450416279109722382e+03
7.428839011954054428e-16 5.874200811139400056e-17 6.451162667886695999e+03
3.482422217372473426e-16 5.897102792657543714e-17 6.451909060641422002e+03
3.138441734862571513e-16 5.921956880563192068e-17 6.452655457374049547e+03
3.820476108719814059e-16 5.950868163494353291e-17 6.453401858084729611e+03
3.237948529237639453e-16 5.939718999830561493e-17 6.454148262773609531e+03
3.128554280579134979e-16 5.930025528017408305e-17 6.454894671440844832e+03
4.118139082270710247e-16 5.934402204947020643e-17 6.455641084086579212e+03
4.055126570043353441e-16 5.956032116756861259e-17 6.456387500710965469e+03
3.317327351914748523e-16 5.978173844026297516e-17 6.457133921314154577e+03
4.807943609409254536e-16 6.003598851973424333e-17 6.457880345896293875e+03
2.334308051069047848e-16 6.047643665338690749e-17 6.458626774457534339e+03
2.101967184852858094e-16 6.055922562763136471e-17 6.459373206998025125e+03
4.207824599006985904e-16 6.115419682078516589e-17 6.460119643517919030e+03
5.909140261758837928e-16 6.151837703504661064e-17 6.460866084017360663e+03
3.903301326859513279e-16 6.146826033278880837e-17 6.461612528496506457e+03
3.114595149829407597e-16 6.140967148273174697e-17 6.462358976955501930e+03
4.427609616348871039e-16 6.129743991974206564e-17 6.463105429394496241e+03
4.716597089925200106e-16 6.151317099646591906e-17 6.463851885813643094e+03
2.758644108796474601e-16 6.192075988494301202e-17 6.464598346213088917e+03
3.182760486630713624e-16 6.212795407126095055e-17 6.465344810592985596e+03
4.703969387694225153e-16 6.243947398823214129e-17 6.466091278953483197e+03
2.522475163028734616e-16 6.271533250139965003e-17 6.466837751294730879e+03
4.714554500652193750e-16 6.281951906974004559e-17 6.467584227616876888e+03
5.325379426377116921e-16 6.291563883525444494e-17 6.468330707920074019e+03
5.039724878557038199e-16 6.294126419151688205e-17 6.469077192204469611e+03
2.317516228125512983e-16 6.270009117400219703e-17 6.469823680470217369e+03
4.077664682953572364e-16 6.255251327430564943e-17 6.470570172717460991e+03
6.009850841959382648e-16 6.234511525877102573e-17 6.471316668946357822e+03
4.713321023996892609e-16 6.204461474148856876e-17 6.472063169157050652e+03
2.620582713899721047e-16 6.147221726733552025e-17 6.472809673349695004e+03
3.021903754874840090e-16 6.089153149161788673e-17 6.473556181524438216e+03
4.787702262998572381e-16 6.031771383393337488e-17 6.474302693681429446e+03
4.084132779951101230e-16 5.966548043007831672e-17 6.475049209820819669e+03
1.896340697316531058e-16 5.907076249867112898e-17 6.475795729942758953e+03
3.337305265318985130e-16 5.866164146701399664e-17 6.476542254047397364e+03
3.994330552687932170e-16 5.819752950120693760e-17 6.477288782134883149e+03
6.621457941557236763e-16 5.761444231265846712e-17 6.478035314205370014e+03
4.062377607797059568e-16 5.697942981751898953e-17 6.478781850259004386e+03
4.619258516445168837e-16 5.704850074595458456e-17 6.479528390295934514e+03
1.361785554812525972e-16 5.894086496977695819e-17 6.480274934316315921e+03
3.215515210332796859e-16 5.584965297438483217e-17 6.481021482320293217e+03
4.622017278708720891e-16 5.509211985036078925e-17 6.481768034308018287e+03
4.267877238400220895e-16 5.495154515293396490e-17 6.482514590279641197e+03
4.834476366269976405e-16 5.493236877148790391e-17 6.483261150235314744e+03
5.168725641538401702e-16 5.489963309700359806e-17 6.484007714175183537e+03
4.209076103504404688e-16 5.458325824017179055e-17 6.484754282099402189e+03
3.457195107517745962e-16 5.446540791631173624e-17 6.485500854008114402e+03
5.446687953217349022e-16 5.448788659567294810e-17 6.486247429901475698e+03
1.882887675682511843e-16 5.431672171059222834e-17 6.486994009779635235e+03
1.070512891706929128e-16 5.425147347790621972e-17 6.487740593642742169e+03
5.990940651044083007e-16 5.421667921071427731e-17 6.488487181490945659e+03
7.759814459584940787e-16 5.422379069524502958e-17 6.489233773324394861e+03
2.064469710186160870e-16 5.421902283267864277e-17 6.489980369143242569e+03
3.721311599062428287e-16 5.445987987308766767e-17 6.490726968947636124e+03
3.949114638840197018e-16 5.514051334255222162e-17 6.491473572737726499e+03
3.830157886587657007e-16 5.627565680093586358e-17 6.492220180513663763e+03
1.607842588703982873e-16 5.750410095202212686e-17 6.492966792275597982e+03
6.377542746453608538e-16 5.871794819137453004e-17 6.493713408023676493e+03
4.706810503262147871e-16 5.961969807523259031e-17 6.494460027758052092e+03
3.904431188285213119e-16 6.000418114189932129e-17 6.495206651478873937e+03
3.444753537183603934e-16 6.031334150474300917e-17 6.495953279186293003e+03
1.980915182633087669e-16 6.021742082637228051e-17 6.496699910880456628e+03
2.531271964989528120e-16 6.040410292367780966e-17 6.497446546561517607e+03
4.888120120134324490e-16 6.056927612541104168e-17 6.498193186229621460e+03
3.597115953768558547e-16 6.096264466746283506e-17 6.498939829884923711e+03
3.121251342161056090e-16 6.135910054866359603e-17 6.499686477527571697e+03
5.120020129071316749e-16 6.165775551516955598e-17 6.500433129157712756e+03
4.912255205233752056e-16 6.187375926066257055e-17 6.501179784775501503e+03
2.584776691415990209e-16 6.190577030160023637e-17 6.501926444381083456e+03
3.322130094898708474e-16 6.175086318812971311e-17 6.502673107974611412e+03
5.993713814228407681e-16 6.152349134045262730e-17 6.503419775556234526e+03
3.730656790814550010e-16 6.126458489643373918e-17 6.504166447126102867e+03
3.371334769179304343e-16 6.070423975612113035e-17 6.504913122684365590e+03
3.981912220241193084e-16 5.978651309181339126e-17 6.505659802231173671e+03
5.543338416173964609e-16 5.851807013127995374e-17 6.506406485766675360e+03
2.284233707079115557e-16 5.720563686794814398e-17 6.507153173291022540e+03
6.855830928980871186e-17 5.614622700244952569e-17 6.507899864804363460e+03
4.301235517904306374e-16 5.541444399667372183e-17 6.508646560306848187e+03
6.469499747800294848e-16 5.512684895857221847e-17 6.509393259798629515e+03
2.075547898753156189e-16 5.455166228752637005e-17 6.510139963279852054e+03
2.479039929497977558e-16 5.431851802173835644e-17 6.510886670750671328e+03
6.074794804775283282e-16 5.394781813071541919e-17 6.511633382211232856e+03
3.628915276355549363e-16 5.347644671163003193e-17 6.512380097661687614e+03
4.258886874026227572e-16 5.296538088184073603e-17 6.513126817102189307e+03
4.967743721135502420e-16 5.248898277946211253e-17 6.513873540532881634e+03
5.570224328012958409e-16 5.217049663885162419e-17 6.514620267953918301e+03
1.304997937602340041e-16 5.203406435554841552e-17 6.515366999365449374e+03
1.953093041757666599e-16 5.210393574500198186e-17 6.516113734767621281e+03
2.278328758114337374e-16 5.229554028598672626e-17 6.516860474160588637e+03
4.628862988537013764e-16 5.225584916706139842e-17 6.517607217544500600e+03
2.492228979923668495e-16 5.236234593607126049e-17 6.518353964919503596e+03
3.452031571764905507e-16 5.234058151499481213e-17 6.519100716285750423e+03
3.729341861223214456e-16 5.243075593397592583e-17 6.519847471643387507e+03
4.761662563578921000e-16 5.259833064411714950e-17 6.520594230992570374e+03
2.971461922199824837e-16 5.210962762293312842e-17 6.521340994333444542e+03
3.758349546646381016e-16 5.181669112256476033e-17 6.522087761666161896e+03
2.697679988112051626e-16 5.161374011767292096e-17 6.522834532990873413e+03
5.688186620286017553e-16 5.145382292927989171e-17 6.523581308307724612e+03
3.164096414369007847e-16 5.129625723329451445e-17 6.524328087616870107e+03
3.243043815365426937e-16 5.136048290673203930e-17 6.525074870918456327e+03
3.443316708110629134e-16 5.173726499632052765e-17 6.525821658212635157e+03
5.011910295555454881e-16 5.241099109527552554e-17 6.526568449499556664e+03
2.909355158758320994e-16 5.327627353877850429e-17 6.527315244779369095e+03
1.959613017563315263e-16 5.408206258230069378e-17 6.528062044052222518e+03
5.912837940790315396e-16 5.449829676031157100e-17 6.528808847318269727e+03
5.179557838761280210e-16 5.458507049636998937e-17 6.529555654577658970e+03
2.174397945170300196e-16 5.430523623414200623e-17 6.530302465830538495e+03
3.412675691624267025e-16 5.399544407415590349e-17 6.531049281077058367e+03
3.440425001851593204e-16 5.370670284165532885e-17 6.531796100317371383e+03
2.569368337231570535e-16 5.348460986220706277e-17 6.532542923551623971e+03
2.209274771158356434e-16 5.333782386942279758e-17 6.533289750779969836e+03
4.874338517422864895e-16 5.326197860050245500e-17 6.534036582002556315e+03
6.918753631038250603e-16 5.334628260868928426e-17 6.534783417219532566e+03
2.140579473805935230e-16 5.316736632674796568e-17 6.535530256431049565e+03
2.862628796778995287e-16 5.318498608510202404e-17 6.536277099637259198e+03
2.648650790024570860e-16 5.340394422402629722e-17 6.537023946838307893e+03
3.989136676673671336e-16 5.359312308935995837e-17 6.537770798034348445e+03
1.981734704774428428e-16 5.384410795037459768e-17 6.538517653225528193e+03
4.101744096155255261e-16 5.366707755431491089e-17 6.539264512412000840e+03
2.690266555507369459e-16 5.324268130405592442e-17 6.540011375593910998e+03
3.645653652444677697e-16 5.247323323484065577e-17 6.540758242771413279e+03
4.317542347552909508e-16 5.153707207079843700e-17 6.541505113944655022e+03
2.960025493020263354e-16 5.067385413927597565e-17 6.542251989113786294e+03
4.154750841940295360e-16 5.005381027421247480e-17 6.542998868278957161e+03
3.110465801866515605e-16 4.977101533745372420e-17 6.543745751440319509e+03
2.349381672594844571e-16 4.958949715087861774e-17 6.544492638598021585e+03
2.367693516530120445e-16 4.954529030220415373e-17 6.545239529752212547e+03
3.368566581584652301e-16 4.976008813762625166e-17 6.545986424903043371e+03
4.655404591033898494e-16 5.025586154808326653e-17 6.546733324050663214e+03
1.896759266065262546e-16 5.105885718118621031e-17 6.547480227195223051e+03
2.872394996639247446e-16 5.220026045323205719e-17 6.548227134336872041e+03
5.468650641790773725e-16 5.349255171775998356e-17 6.548974045475760249e+03
3.510283956010561482e-16 5.309815166660810854e-17 6.549720960612037743e+03
1.619138619129424563e-16 5.307753029839664501e-17 6.550467879745852770e+03
1.114597923332987552e-16 5.287822922122709149e-17 6.551214802877357215e+03
5.526658414758799907e-16 5.252000597397812376e-17 6.551961730006703874e+03
3.943777101076196381e-16 5.224098874433904177e-17 6.552708661134035538e+03
2.976504501509724296e-16 5.206741791895589540e-17 6.553455596259507729e+03
3.974327886561945500e-16 5.208545764786047412e-17 6.554202535383266877e+03
5.192932765154801972e-16 5.213440865868246354e-17 6.554949478505465777e+03
1.781872734673136324e-16 5.233263097444653367e-17 6.555696425626252676e+03
2.958266538241162706e-16 5.263022081843577053e-17 6.556443376745777641e+03
4.575629136813478533e-16 5.298893848382562792e-17 6.557190331864192558e+03
3.082846789010786448e-16 5.331949898311497405e-17 6.557937290981643855e+03
1.111644469543652041e-16 5.342580463439841089e-17 6.558684254098283418e+03
5.537136821245659157e-16 5.326888187499628863e-17 6.559431221214262223e+03
5.286625382476957099e-16 5.288026373520984188e-17 6.560178192329727608e+03
4.081799230326286009e-16 5.197936858238798595e-17 6.560925167444831459e+03
3.004654636223709412e-16 5.091273620643806996e-17 6.561672146559721114e+03
2.689970423845523491e-16 5.046692888745528581e-17 6.562419129674550277e+03
4.423355641242160548e-16 5.013024945056923122e-17 6.563166116789467196e+03
4.385271663270150267e-16 5.462003745429893964e-17 6.563913107904620119e+03
3.449542357370684309e-16 5.072875612953156225e-17 6.564660103020160932e+03
9.178983433960664746e-17 5.099246670169762238e-17 6.565407102136240610e+03
4.115095632095220924e-16 5.056186386215785166e-17 6.566154105253004673e+03
5.281273434922209144e-16 5.071286677138785075e-17 6.566901112370606825e+03
2.962585335708327513e-16 5.087736197285446139e-17 6.567648123489195314e+03
3.387150378486990675e-16 5.109845833737816936e-17 6.568395138608923844e+03
2.873882502863075414e-16 5.126970415486757859e-17 6.569142157729937026e+03
5.099202544440262802e-16 5.116172297316948842e-17 6.569889180852385834e+03
4.320024210165919111e-16 5.147875815494861327e-17 6.570636207976423975e+03
3.201874971478419796e-16 5.204968722182093796e-17 6.571383239102195148e+03
2.807997098170756301e-16 5.293125653968590206e-17 6.572130274229854876e+03
1.603148925416745034e-16 5.362036878856066540e-17 6.572877313359549589e+03
5.402644361518755808e-16 5.382416368979670041e-17 6.573624356491432081e+03
5.288073274666507042e-16 5.405841637362253939e-17 6.574371403625651510e+03
4.370731234834996628e-16 5.408302489932033852e-17 6.575118454762354304e+03
7.122148672517697815e-17 5.394477019735277672e-17 6.575865509901695987e+03
3.896627925017298687e-16 5.371272732142610892e-17 6.576612569043820258e+03
6.320394311998123883e-16 5.355816506701812726e-17 6.577359632188884461e+03
3.112288587873638437e-16 5.344168706002659551e-17 6.578106699337031387e+03
2.311406032738082410e-16 5.334466888749778899e-17 6.578853770488416558e+03
4.183008040704030218e-16 5.329954653442947540e-17 6.579600845643185494e+03
5.998247791489316730e-16 5.338741482970934239e-17 6.580347924801490080e+03
3.702354503291952134e-16 5.338137780832011826e-17 6.581095007963479475e+03
3.933637364110793955e-16 5.346709618162534723e-17 6.581842095129304653e+03
3.293453523698874673e-16 5.338250035850783244e-17 6.582589186299113862e+03
3.739622778921390588e-16 5.315314201187714123e-17 6.583336281473058989e+03
3.026414044482957456e-16 5.274523037696867399e-17 6.584083380651289190e+03
3.866358418328973265e-16 5.203236282522961841e-17 6.584830483833957260e+03
1.888171581213685019e-16 5.133068114906444695e-17 6.585577591021206899e+03
2.959182130749250431e-16 5.064202154808064091e-17 6.586324702213192722e+03
4.372466182455266290e-16 4.985107338181914341e-17 6.587071817410063886e+03
6.747986289016760516e-16 4.971139689579885332e-17 6.587818936611965910e+03
3.831948619305422989e-16 4.977233725326860710e-17 6.588566059819056136e+03
3.429844177289227482e-16 4.994415883527947007e-17 6.589313187031480993e+03
2.234063514458769551e-16 5.008912892635100217e-17 6.590060318249387819e+03
3.900594577959241300e-16 5.032596984316197911e-17 6.590807453472929410e+03
5.436933266518039927e-16 5.053868502984702092e-17 6.591554592702255832e+03
3.691970931946495595e-16 5.067850154558993769e-17 6.592301735937517151e+03
-1.333470609405436864e-17 5.085314740953837732e-17 6.593048883178862525e+03
3.139816023654564529e-16 5.088481952695340299e-17 6.593796034426440201e+03
6.419815307093886434e-16 5.091955135926199101e-17 6.594543189680402065e+03
3.753365717511445751e-16 5.106890233310820844e-17 6.595290348940898184e+03
2.531146922678079415e-16 5.116796149166696980e-17 6.596037512208080443e+03
3.503642846305248221e-16 5.146799801050390033e-17 6.596784679482093452e+03
4.676803852108713636e-16 5.196091245704671465e-17 6.597531850763090006e+03
4.167997322974846512e-16 5.255452570850689594e-17 6.598279026051219262e+03
3.073126264557915530e-16 5.315205093715883504e-17 6.599026205346634015e+03
3.996525784284086985e-16 5.344530964212545873e-17 6.599773388649480694e+03
2.833293054067748812e-16 5.362288987712225543e-17 6.600520575959912094e+03
3.930716447188920739e-16 5.375078476049510404e-17 6.601267767278074643e+03
2.933679158501613663e-16 5.370505494615908281e-17 6.602014962604121138e+03
2.941029046887272763e-16 5.366956431481672002e-17 6.602762161938201643e+03
3.012635751532617561e-16 5.351896937732312079e-17 6.603509365280463498e+03
1.769254452547308819e-16 5.330467982945202562e-17 6.604256572631057679e+03
7.490293301021951430e-16 5.322534820500365105e-17 6.605003783990135162e+03
7.042442731279141516e-16 5.313148185102237380e-17 6.605750999357846013e+03
4.679675781545207841e-16 5.315777355778624821e-17 6.606498218734339389e+03
7.114502516698334579e-16 5.331048831694740015e-17 6.607245442119765357e+03
1.211310214079250737e-15 5.336010946573379360e-17 6.607992669514273075e+03
1.483261290826009283e-15 5.340091115116255576e-17 6.608739900918011699e+03
1.729783320444789036e-15 5.339946662687422367e-17 6.609487136331133115e+03
1.538192366475543440e-15 5.310332711444735225e-17 6.610234375753789209e+03
1.750537873801867438e-15 5.283906195479323301e-17 6.610981619186124590e+03
2.194110281989508011e-15 5.234773645603415232e-17 6.611728866628292963e+03
1.906712858173710931e-15 5.149427978978138088e-17 6.612476118080443484e+03
1.862418041665229319e-15 5.109021160902199388e-17 6.613223373542726222e+03
1.773130139937088200e-15 5.084335302343315789e-17 6.613970633015287603e+03
2.159355334174378669e-15 5.073560415388980927e-17 6.614717896498284063e+03
2.075014122605614093e-15 5.070355918028664910e-17 6.615465163991860209e+03
2.128954614021100106e-15 5.064007264000116729e-17 6.616212435496170656e+03
1.868375258258368933e-15 5.069195851505321386e-17 6.616959711011359104e+03
1.791429948399752672e-15 5.071597517315709981e-17 6.617706990537579259e+03
1.577634684286030496e-15 5.069237544563166212e-17 6.618454274074982095e+03
1.517299622873624929e-15 5.071287791182160790e-17 6.619201561623715861e+03
1.506191694192906169e-15 5.082643975767654072e-17 6.619948853183928804e+03
9.653727671544533258e-16 5.085776003945498773e-17 6.620696148755774630e+03
8.707898873537727156e-16 5.069374769293819586e-17 6.621443448339401584e+03
6.614320142393600155e-16 5.085078710526728095e-17 6.622190751934957916e+03
6.314936457770112941e-16 5.098667530686591059e-17 6.622938059542595511e+03
3.400709516085851044e-16 5.117422466517003962e-17 6.623685371162464435e+03
3.041603206405046545e-16 5.118622193154634656e-17 6.624432686794714755e+03
9.260917866214884060e-17 5.130126576086723000e-17 6.625180006439491990e+03
5.123652178765070935e-16 5.139023724307151186e-17 6.625927330096952574e+03
4.940399315138472992e-16 5.149165125923179685e-17 6.626674657767242934e+03
3.498549934309513140e-16 5.175075883310429174e-17 6.627421989450513138e+03
3.886880573991572637e-16 5.206236478071926313e-17 6.628169325146913252e+03
5.110557735249591226e-16 5.215126128364021682e-17 6.628916664856595162e+03
3.246507769883618443e-16 5.242475186444959967e-17 6.629664008579706206e+03
2.749078540207603400e-16 5.261415434313556357e-17 6.630411356316397359e+03
3.430405219640463760e-16 5.275189212363261196e-17 6.631158708066816871e+03
3.928665827673801499e-16 5.280810757847655810e-17 6.631906063831116626e+03
3.515640445663626168e-16 5.292890694940791581e-17 6.632653423609446691e+03
4.215507344798268767e-16 5.292770096272246443e-17 6.633400787401957132e+03
4.974218117716484476e-16 5.290145387699174439e-17 6.634148155208797107e+03
4.837284586941592529e-16 5.287421758778962626e-17 6.634895527030115773e+03
4.091415601473278533e-16 5.271612925902240037e-17 6.635642902866064105e+03
4.380750124054447374e-16 5.274677170538566329e-17 6.636390282716791262e+03
4.559567491647671993e-16 5.273968138789525606e-17 6.637137666582448219e+03
2.555077011145820704e-16 5.224836733791545815e-17 6.637885054463184133e+03
2.865897709410107569e-16 5.229149247772860546e-17 6.638632446359149981e+03
4.168366695899330848e-16 5.234908934252670741e-17 6.639379842270492190e+03
5.166968222873990029e-16 5.233116148308140840e-17 6.640127242197366286e+03
5.463746658252735312e-16 5.240221928446845466e-17 6.640874646139916877e+03
3.548184789165633384e-16 5.201170821289715663e-17 6.641622054098297667e+03
4.230016163381243671e-16 5.174279332342580721e-17 6.642369466072657815e+03
3.097793044147077119e-16 5.147036623957084891e-17 6.643116882063145567e+03
2.897122359395029867e-16 5.124913439081062398e-17 6.643864302069912810e+03
1.279853932210368893e-16 5.124001768972691331e-17 6.644611726093105972e+03
3.500578072185461267e-16 5.132782329524180183e-17 6.645359154132879667e+03
2.835908811008506882e-16 5.144198661169114462e-17 6.646106586189381233e+03
3.074584350896715510e-16 5.129646645198532454e-17 6.646854022262761646e+03
5.605641267612363256e-16 5.126752172745903831e-17 6.647601462353170064e+03
5.053583298109558902e-16 5.126362299670136427e-17 6.648348906460754733e+03
4.946838126930649183e-16 5.136344717317317017e-17 6.649096354585668450e+03
4.325981135158292170e-16 5.141308325972716227e-17 6.649843806728061281e+03
2.760942727443758808e-16 5.138773350849933325e-17 6.650591262888081474e+03
3.190109527832157644e-16 5.142976113327441935e-17 6.651338723065877275e+03
4.748050490943560495e-16 5.159319794191854280e-17 6.652086187261604209e+03
1.085444221630218455e-16 5.135156448505089162e-17 6.652833655475405976e+03
4.077745742292765179e-16 5.136677282677862767e-17 6.653581127707437190e+03
5.450776927480090882e-16 5.137067257412808137e-17 6.654328603957845189e+03
3.909124368361572096e-16 5.154721113596169183e-17 6.655076084226780949e+03
3.039599500341004572e-16 5.160024148593281783e-17 6.655823568514393628e+03
5.872707485885834184e-16 5.166726041426248084e-17 6.656571056820834201e+03
5.315530282100046697e-16 5.173161119565479071e-17 6.657318549146250916e+03
3.397724000931794699e-16 5.169598009124197913e-17 6.658066045490793840e+03
2.714158496710407017e-16 5.173910442297455587e-17 6.658813545854616677e+03
3.120408328642898386e-16 5.192345355217269330e-17 6.659561050237864038e+03
2.607315341900013383e-16 5.185775266843215479e-17 6.660308558640688716e+03
2.790725457939560119e-16 5.187279193826976480e-17 6.661056071063239870e+03
5.428389998362853731e-16 5.198971576289675994e-17 6.661803587505669384e+03
5.297267666527822431e-16 5.214387919487669569e-17 6.662551107968125507e+03
3.446579376612857578e-16 5.197826771138389529e-17 6.663298632450756486e+03
3.328304943800981481e-16 5.209330600314821766e-17 6.664046160953715116e+03
3.304365489157447854e-16 5.219203484147422331e-17 6.664793693477148736e+03
3.784308022743504022e-16 5.224936119777733056e-17 6.665541230021209230e+03
2.972763010607398405e-16 5.231366280715400032e-17 6.666288770586048486e+03
3.196436491610703760e-16 5.216948816812230969e-17 6.667036315171811111e+03
3.783352339089054496e-16 5.216246376129739407e-17 6.667783863778651721e+03
3.089550653107791456e-16 5.202579787157711812e-17 6.668531416406716744e+03
4.545468375429961121e-16 5.191792142848644753e-17 6.669278973056158975e+03
3.960080643652241430e-16 5.180159410851274796e-17 6.670026533727124843e+03
2.675264671736453598e-16 5.175535109553840388e-17 6.670774098419769871e+03
2.761840498637666736e-16 5.167331733354790598e-17 6.671521667134238669e+03
6.277860712621472831e-16 5.159741149943618551e-17 6.672269239870684942e+03
4.169303382065614046e-16 5.154478100502589311e-17 6.673016816629256027e+03
4.333705147585866084e-16 5.150989768601824337e-17 6.673764397410101083e+03
4.059495411504930394e-16 5.149384812689912410e-17 6.674511982213372903e+03
3.098407774390554955e-16 5.148258577300966075e-17 6.675259571039219736e+03
2.923240079854111153e-16 5.125678385023718377e-17 6.676007163887792558e+03
6.108956926038629191e-16 5.113507478858213719e-17 6.676754760759240526e+03
5.060233964058083774e-16 5.102516584496595814e-17 6.677502361653714615e+03
3.557706673235915607e-16 5.099293755086618126e-17 6.678249966571361256e+03
3.733483570632021871e-16 5.096142011937582181e-17 6.678997575512334151e+03
3.005462402523473436e-16 5.094896684847239697e-17 6.679745188476783369e+03
1.702049197128159629e-16 5.088902285515672582e-17 6.680492805464854428e+03
2.875204252979949762e-16 5.118870400602677152e-17 6.681240426476702851e+03
4.333373111511773708e-16 5.096393408903462507e-17 6.681988051512475067e+03
4.178020320499224449e-16 5.092248725159410346e-17 6.682735680572322963e+03
4.302986564918406994e-16 5.094415986705458276e-17 6.683483313656394785e+03
3.294104009309436183e-16 5.089316309503088783e-17 6.684230950764842419e+03
2.470649826937336435e-16 5.092959036136464137e-17 6.684978591897812294e+03
4.738415667201684343e-16 5.096120572684867765e-17 6.685726237055457204e+03
4.186869893843288770e-16 5.120050785877037114e-17 6.686473886237927218e+03
3.466562506924533080e-16 5.128958564747463300e-17 6.687221539445370581e+03
2.294281344880943074e-16 5.140962309281024109e-17 6.687969196677938271e+03
5.096759182123169194e-16 5.104606274319011275e-17 6.688716857935780354e+03
4.481734701629433711e-16 5.108120581027405499e-17 6.689464523219046896e+03
4.421694872068437451e-16 5.115755057988856317e-17 6.690212192527887964e+03
4.155949738073141529e-16 5.120788262622036730e-17 6.690959865862450897e+03
3.377842365873416388e-16 5.130231551515129651e-17 6.691707543222890308e+03
2.442748472385917975e-16 5.133246056690075902e-17 6.692455224609351717e+03
3.931980630224588435e-16 5.143192752552310409e-17 6.693202910021987918e+03
7.057644632419819972e-16 5.146446642250283862e-17 6.693950599460946250e+03
1.899298814293396712e-16 5.155349526837328421e-17 6.694698292926379509e+03
3.872587325974215480e-16 5.163617457154276968e-17 6.695445990418435031e+03
3.203307694667996747e-16 5.179670990934534900e-17 6.696193691937263793e+03
4.527350414684299068e-16 5.184795694786586644e-17 6.696941397483018591e+03
4.702476925620749918e-16 5.180831079524243874e-17 6.697689107055843124e+03
3.558182923785164000e-16 5.188310311917036755e-17 6.698436820655893825e+03
4.258684901317332449e-16 5.196788241106487766e-17 6.699184538283316215e+03
3.989833084399226142e-16 5.210464306716237088e-17 6.699932259938262177e+03
5.142758546881110256e-16 5.224616284181407037e-17 6.700679985620880871e+03
3.208913624061005800e-16 5.222611729015060825e-17 6.701427715331321451e+03
2.381330353609531995e-16 5.228856721550132094e-17 6.702175449069736715e+03
4.617477701633358851e-16 5.232410045216196871e-17 6.702923186836273999e+03
3.126499686044104127e-16 5.231164780206613015e-17 6.703670928631085189e+03
5.205639707633192628e-16 5.233188785028676119e-17 6.704418674454316715e+03
3.738244871971815014e-16 5.227374026047846424e-17 6.705166424306122281e+03
2.368500772449020839e-16 5.232884157068070659e-17 6.705914178186651043e+03
2.284606811802524138e-16 5.233205126922701636e-17 6.706661936096048521e+03
6.622145645724607919e-16 5.225014852329632363e-17 6.707409698034473877e+03
5.663830790019065418e-16 5.221711863028591619e-17 6.708157464002068082e+03
4.057149695523693420e-16 5.221207880494472639e-17 6.708905233998986660e+03
5.689861181919688783e-16 5.227518916346090175e-17 6.709653008025376039e+03
3.599334259455781701e-16 5.235514921557526627e-17 6.710400786081387196e+03
1.539869207605293858e-16 5.221751518302897276e-17 6.711148568167171106e+03
3.268640852648536438e-16 5.213325746746229923e-17 6.711896354282876928e+03
2.112020897790609936e-16 5.205543634617059147e-17 6.712644144428653817e+03
3.414878005356241843e-16 5.200942124668309798e-17 6.713391938604654570e+03
6.453311850487946559e-16 5.196551215667436409e-17 6.714139736811026523e+03
5.230976083061690035e-16 5.161843951473265021e-17 6.714887539047918835e+03
2.733530564167922005e-16 5.162453810488856196e-17 6.715635345315484301e+03
2.970563916945533414e-16 5.151572343053718363e-17 6.716383155613869349e+03
5.511052600238382535e-16 5.150278542085033756e-17 6.717130969943227683e+03
4.688155605605570693e-16 5.151739622865993560e-17 6.717878788303707552e+03
3.786137422866976020e-16 5.141247665730302723e-17 6.718626610695458112e+03
4.225117577785891037e-16 5.133623467768973762e-17 6.719374437118630340e+03
2.070788746915780262e-16 5.131307488595718613e-17 6.720122267573373392e+03
2.179362607421237860e-16 5.117732737843946275e-17 6.720870102059838246e+03
4.026087640445632004e-16 5.121174948707710838e-17 6.721617940578173148e+03
4.115258942011519215e-16 5.119647101031834433e-17 6.722365783128531803e+03
2.611188082034389134e-16 5.133248640715756241e-17 6.723113629711058820e+03
3.244025099295138458e-16 5.133098899439580865e-17 6.723861480325907905e+03
5.317619878714584522e-16 5.140864929810357966e-17 6.724609334973227305e+03
4.126043497135615435e-16 5.152254636538858979e-17 6.725357193653167997e+03
2.917008383214625385e-16 5.168723944196572366e-17 6.726105056365877317e+03
1.003842839977745509e-16 5.186780205938169231e-17 6.726852923111511700e+03
3.643685270800510422e-16 5.194896592938865472e-17 6.727600793890211207e+03
4.570797811075023000e-16 5.215924088993978027e-17 6.728348668702134091e+03
2.719486524033854020e-16 5.238385194555634490e-17 6.729096547547429509e+03
3.845056804840977069e-16 5.253578010562093276e-17 6.729844430426242070e+03
2.742978012012520362e-16 5.293507574790744658e-17 6.730592317338727298e+03
4.864320362038819352e-16 5.327045634274011383e-17 6.731340208285030712e+03
4.376866017298379469e-16 5.350491271952392026e-17 6.732088103265306017e+03
3.758639158855574958e-16 5.362293799247147653e-17 6.732836002279702370e+03
2.958284837261009597e-16 5.378997790505582870e-17 6.733583905328367109e+03
6.427138358968724749e-16 5.392873114695889844e-17 6.734331812411450301e+03
5.250754718250411149e-16 5.408326326702543874e-17 6.735079723529105650e+03
3.547733427076112139e-16 5.411899387602966418e-17 6.735827638681481403e+03
4.164693522479648663e-16 5.423452252879436712e-17 6.736575557868725809e+03
4.454049476498877099e-16 5.423780024682713507e-17 6.737323481090989844e+03
2.906708955016921504e-16 5.424876301239312668e-17 6.738071408348423574e+03
3.983643703569448973e-16 5.430496297260466640e-17 6.738819339641177976e+03
2.528297014361993388e-16 5.406675649783460760e-17 6.739567274969402206e+03
2.916505148071628255e-16 5.384339351664099971e-17 6.740315214333244512e+03
3.168625793427216010e-16 5.386246460517223412e-17 6.741063157732856780e+03
3.545748286826871687e-16 5.378035002094539775e-17 6.741811105168389986e+03
4.461046746607947782e-16 5.370837386656794687e-17 6.742559056639989649e+03
5.545788130641201995e-16 5.417682375659794485e-17 6.743307012147810383e+03
6.390756279928124729e-16 5.338237390458479051e-17 6.744054971691999526e+03
4.144587567783232331e-16 5.291904518556736660e-17 6.744802935272708055e+03
3.744761535146843946e-16 5.270954523070068251e-17 6.745550902890088764e+03
3.026923131369156297e-17 5.238209038367957867e-17 6.746298874544283535e+03
2.236333090583039926e-16 5.212252487082611439e-17 6.747046850235450620e+03
3.844381531709089223e-16 5.192484147960026984e-17 6.747794829963734628e+03
2.879099036080336293e-16 5.179305145983667891e-17 6.748542813729287445e+03
5.123564891136006326e-16 5.166566815588584616e-17 6.749290801532260048e+03
5.894672477155456857e-16 5.160784358952294006e-17 6.750038793372801592e+03
5.025821322325997051e-16 5.203367905131559310e-17 6.750786789251061236e+03
4.234471351344335646e-16 5.174163492766529338e-17 6.751534789167190866e+03
3.784388001075383679e-16 5.136585928352350753e-17 6.752282793121336908e+03
2.673880194409364989e-16 5.109575756782085612e-17 6.753030801113651250e+03
3.153709444005185286e-16 5.110120432844176185e-17 6.753778813144286687e+03
4.764960506906903933e-16 5.087098803121680954e-17 6.754526829213388737e+03
4.027633896118018858e-16 5.146629866375857848e-17 6.755274849321109286e+03
2.655441345529898153e-16 5.065654278018330849e-17 6.756022873467596582e+03
4.864352401053371302e-16 5.065140984488547257e-17 6.756770901653004330e+03
3.977705058007285391e-16 5.066235437410865023e-17 6.757518933877478048e+03
4.200862665373332370e-16 5.064246127596773176e-17 6.758266970141170532e+03
3.709924838555922231e-16 5.091012296116639094e-17 6.759015010444232757e+03
4.260147596213873672e-16 5.090349132852649205e-17 6.759763054786811153e+03
2.293453262101898610e-16 5.089212080995984065e-17 6.760511103169056696e+03
3.372756429077524157e-16 5.095142864304217335e-17 6.761259155591123090e+03
5.602326712055470433e-16 5.090558408076648517e-17 6.762007212053154944e+03
3.962255541166550972e-16 5.090738766677165410e-17 6.762755272555305055e+03
2.877623525033362766e-16 5.094009808712166282e-17 6.763503337097723488e+03
6.747206713568616857e-16 5.115047726563077791e-17 6.764251405680557582e+03
7.363366423582212471e-16 5.108242455957105910e-17 6.764999478303960132e+03
5.051847756973071728e-16 5.074232709111795425e-17 6.765747554968080294e+03
4.910290142911073974e-16 5.078325647882873021e-17 6.766495635673067227e+03
3.138294665856929158e-16 5.080832402151344956e-17 6.767243720419071906e+03
6.082844946975015977e-16 5.078792208334127110e-17 6.767991809206245307e+03
5.173456069510331922e-16 5.080043465634366393e-17 6.768739902034732950e+03
5.575198748191143503e-16 5.103080660858167034e-17 6.769487998904690357e+03
4.719719048228248065e-16 5.278778046656143722e-17 6.770236099816263049e+03
5.384115049855984878e-16 5.106732788934409076e-17 6.770984204769603821e+03
5.419406907584339096e-16 5.079339753461997447e-17 6.771732313764861829e+03
5.221636572922588259e-16 5.077525280093858454e-17 6.772480426802187139e+03
3.600754756785035066e-16 5.079255906493447107e-17 6.773228543881727092e+03
3.442826090602430876e-16 5.072850980484623119e-17 6.773976665003635389e+03
4.918059586523444792e-16 5.072482692074720993e-17 6.774724790168059371e+03
4.623294848037975278e-16 5.057279213529956178e-17 6.775472919375150013e+03
4.836962242126600581e-16 5.049955433323989256e-17 6.776221052625058292e+03
4.203866695562499848e-16 5.052967472348089037e-17 6.776969189917932454e+03
5.913443761626565924e-16 5.054235147684045341e-17 6.777717331253924385e+03
4.947721608095130439e-16 5.052405412645699310e-17 6.778465476633181424e+03
3.966990896586117000e-16 5.054359634969338501e-17 6.779213626055856366e+03
5.745027650427114560e-16 5.065140164151421386e-17 6.779961779522094730e+03
3.251236181569670450e-16 5.059592826666252442e-17 6.780709937032052949e+03
2.072703169958680656e-16 5.062578511251544382e-17 6.781458098585874723e+03
5.485610122384948767e-16 5.067218550267859958e-17 6.782206264183712847e+03
5.292615047074341412e-16 5.064714841058982489e-17 6.782954433825718297e+03
3.227340657084088055e-16 5.064027720855329351e-17 6.783702607512040231e+03
4.419502992041558594e-16 5.066405428035461681e-17 6.784450785242826896e+03
6.191836542256762906e-16 5.064159383425564927e-17 6.785198967018229268e+03
5.028064414604798529e-16 5.061657598731575002e-17 6.785947152838398324e+03
4.424107817450467341e-16 5.062675179239133218e-17 6.786695342703482311e+03
4.676431392522535084e-16 5.054451134671578188e-17 6.787443536613633114e+03
4.427000071726558307e-16 5.060841861020530492e-17 6.788191734568998072e+03
3.940601461873575524e-16 5.056908672506652571e-17 6.788939936569730889e+03
4.340414912413453835e-16 5.048616761857961294e-17 6.789688142615977995e+03
4.648014253304528660e-16 5.036146463659779625e-17 6.790436352707890364e+03
4.464451358762473420e-16 5.006996911060114991e-17 6.791184566845618974e+03
2.680051499362749543e-16 5.011319711760403311e-17 6.791932785029312072e+03
6.407912821799129541e-16 5.007306753029102791e-17 6.792681007259121543e+03
5.300099772324716409e-16 5.007218159591346806e-17 6.793429233535196545e+03
3.412349905475746963e-16 5.003420456993887945e-17 6.794177463857684415e+03
2.335956392232998644e-16 4.989597073502900560e-17 6.794925698226739769e+03
3.427542310132237696e-16 4.982385103095376753e-17 6.795673936642510853e+03
4.929227760613161307e-16 4.977373239056592953e-17 6.796422179105145005e+03
3.714044099040379059e-16 4.967472221781954404e-17 6.797170425614795022e+03
2.156993029250804222e-16 4.966505570466102114e-17 6.797918676171609150e+03
1.599951457956922415e-16 4.970232287315950234e-17 6.798666930775738365e+03
4.418726326790266466e-16 4.961705458142042547e-17 6.799415189427333644e+03
4.669063031552623837e-16 4.978145303332780121e-17 6.800163452126544144e+03
2.334475960986519234e-16 4.988005152183286404e-17 6.800911718873518112e+03
3.305877852397212391e-16 4.987966055339318109e-17 6.801659989668406524e+03
4.559705976106830844e-16 4.985348739987878435e-17 6.802408264511361267e+03
5.179020365086035168e-16 4.970782783683833208e-17 6.803156543402528769e+03
4.031806294826798695e-16 4.972094936537620411e-17 6.803904826342060915e+03
2.714633541700788006e-16 4.972447573586171574e-17 6.804653113330108681e+03
3.064711809220504182e-16 4.983525668948508796e-17 6.805401404366821225e+03
1.012438027432519532e-16 4.979803979811465403e-17 6.806149699452345885e+03
3.243834557391930162e-16 4.980851268113255771e-17 6.806897998586836366e+03
4.376960222508274550e-16 4.978445334549348659e-17 6.807646301770440914e+03
2.474210198743207503e-16 4.980036922951263096e-17 6.808394609003309597e+03
2.284092541938432543e-16 4.978515539938183777e-17 6.809142920285593391e+03
4.569321022581497692e-16 4.980114032385601752e-17 6.809891235617439634e+03
6.350035279644511468e-16 4.983889417525829422e-17 6.810639554999001120e+03
2.782050551658051925e-16 4.982657374548510988e-17 6.811387878430426099e+03
3.282071816919116229e-16 4.975519897304443854e-17 6.812136205911863726e+03
4.946549212444267595e-16 4.974538619172892774e-17 6.812884537443467707e+03
5.293906503502013794e-16 4.984541004012286417e-17 6.813632873025384470e+03
1.182784260033349376e-16 4.986750609200904822e-17 6.814381212657764991e+03
4.296486690906693188e-16 4.993032156364782572e-17 6.815129556340759336e+03
2.356929521879954548e-16 5.004597915668939814e-17 6.815877904074515754e+03
4.628478540428717198e-16 4.982117005128354581e-17 6.816626255859187950e+03
3.063496091905391356e-16 4.985062580320946896e-17 6.817374611694922351e+03
5.606075839611412771e-16 5.012756035675206685e-17 6.818122971581871752e+03
1.463374717417465419e-16 4.995073953277358558e-17 6.818871335520183493e+03
2.793125869888082473e-16 5.011405826348035224e-17 6.819619703510009458e+03
5.960105399980550604e-16 5.055299468089327140e-17 6.820368075551497896e+03
3.472416901299489480e-16 5.154970953227181278e-17 6.821116451644800691e+03
1.702157720901504277e-16 5.284381150493818503e-17 6.821864831790066091e+03
3.567865214724257029e-16 5.471452365627134816e-17 6.822613215987443255e+03
4.465293753902843914e-16 5.680841816985977739e-17 6.823361604237086794e+03
2.572346649596031125e-16 5.886781491724502208e-17 6.824109996539140411e+03
5.113721169652222961e-16 6.041009437908634855e-17 6.824858392893757809e+03
4.316977604377677126e-16 6.166603059030265467e-17 6.825606793301089056e+03
3.282531374498362722e-16 6.275057303365037990e-17 6.826355197761282398e+03
1.564866619574891528e-16 6.383371354238258585e-17 6.827103606274489721e+03
5.418256906125305324e-16 6.520610450465826539e-17 6.827852018840858364e+03
3.516832927483817564e-16 6.687770821913407670e-17 6.828600435460540211e+03
3.285376304701409270e-16 6.824578840861773755e-17 6.829348856133685331e+03
5.177386559944246991e-16 6.938241518292543192e-17 6.830097280860443789e+03
4.275004197412185365e-16 7.013609333223106550e-17 6.830845709640963832e+03
3.384100947900245968e-16 7.045391312755975647e-17 6.831594142475395529e+03
9.536357225691196541e-17 7.059970706574878005e-17 6.832342579363892582e+03
3.565267213216987254e-16 7.057137376596932307e-17 6.833091020306599603e+03
3.379503744395025240e-16 7.051654390469880720e-17 6.833839465303669385e+03
3.530395251265017352e-16 7.015772252270035359e-17 6.834587914355252906e+03
2.640803193239159665e-16 6.971787448059073562e-17 6.835336367461497503e+03
3.165160101901854820e-16 6.876061137519738577e-17 6.836084824622555061e+03
4.734552452612224873e-16 6.755075363983181075e-17 6.836833285838574739e+03
4.297472925254993136e-16 6.609751350100954794e-17 6.837581751109705692e+03
3.732784925797122236e-16 6.473329233126625650e-17 6.838330220436100717e+03
3.636625386902310790e-16 6.347968344058832228e-17 6.839078693817904423e+03
2.006885137282120656e-16 6.244815595114137306e-17 6.839827171255274152e+03
4.048363964680041717e-16 6.136576868613040373e-17 6.840575652748355424e+03
2.974898513775614268e-16 6.008944008423487162e-17 6.841324138297295576e+03
2.428841417282097075e-16 5.817069349167183267e-17 6.842072627902247405e+03
2.679339378621817974e-16 5.651137188207974780e-17 6.842821121563362794e+03
5.051529844622715729e-16 5.517894797197757719e-17 6.843569619280790903e+03
3.434947448034494580e-16 5.414179199654114418e-17 6.844318121054679978e+03
6.437571435832783437e-16 5.378244475718701032e-17 6.845066626885180085e+03
5.397443531819799906e-16 5.372299809779958624e-17 6.845815136772444021e+03
2.345814007341349145e-16 5.338824265536613600e-17 6.846563650716618213e+03
1.441180239416437717e-16 5.325045036827257228e-17 6.847312168717853638e+03
6.178408325077501100e-16 5.295901075169135830e-17 6.848060690776298543e+03
1.771392763962205331e-16 5.257289686740663360e-17 6.848809216892107543e+03
1.703217543757930560e-16 5.227060289561758901e-17 6.849557747065427975e+03
3.757526266599921760e-16 5.157049943401804475e-17 6.850306281296408997e+03
4.000735694189920205e-16 5.114020169670859586e-17 6.851054819585198857e+03
5.682460594090789228e-16 5.088935069276996128e-17 6.851803361931954896e+03
5.451517568306569182e-16 5.081361854965773702e-17 6.852551908336818087e+03
3.537311872045580465e-16 5.087339267002483086e-17 6.853300458799944863e+03
3.526420497797390137e-16 5.100394366518320547e-17 6.854049013321482562e+03
2.837934464150650949e-16 5.123473964084649447e-17 6.854797571901578522e+03
4.091932022511577365e-16 5.187796090239451428e-17 6.855546134540388266e+03
6.595489504122173977e-17 5.308652433193975676e-17 6.856294701238059133e+03
5.174637530774778810e-16 5.522844019465072894e-17 6.857043271994739371e+03
3.525933011436005843e-16 5.807145540187327811e-17 6.857791846810581774e+03
3.467782971899836767e-16 6.161129466550820261e-17 6.858540425685734590e+03
6.424191013972264502e-16 7.195997224220240812e-17 6.859289008620347886e+03
3.049170147035170592e-16 7.093333202017132863e-17 6.860037595614571728e+03
4.214711311202978238e-16 6.633317163064428839e-17 6.860786186668556184e+03
2.877881771047798692e-16 6.618308049636324781e-17 6.861534781782450409e+03
2.013751571756866252e-16 6.590974437698936352e-17 6.862283380956407200e+03
2.429461227758726867e-16 6.577467175318833057e-17 6.863031984190572985e+03
2.682936922061286968e-16 6.543494120656458691e-17 6.863780591485099649e+03
2.480011077294694162e-16 7.537522642703782912e-17 6.864529202840134531e+03
3.656500696497364620e-16 6.632379204527923153e-17 6.865277818255834063e+03
4.576113990178459855e-16 6.603874127721522208e-17 6.866026437732343766e+03
4.063986726665284872e-16 6.602248052665599755e-17 6.866775061269810976e+03
1.950504473357344361e-16 6.562508912365625941e-17 6.867523688868388490e+03
3.385284086001738582e-16 6.546113764853719598e-17 6.868272320528228192e+03
1.475688456235387195e-16 6.510307231993098770e-17 6.869020956249477422e+03
1.655829987937530342e-16 6.418568672713852629e-17 6.869769596032285335e+03
3.083631616229587121e-16 6.244723357685987340e-17 6.870518239876804728e+03
4.095044016467085788e-16 6.012070524008647616e-17 6.871266887783184757e+03
3.003092486006253221e-16 5.687180843472552192e-17 6.872015539751571851e+03
5.988682608086455607e-16 5.378035619033989132e-17 6.872764195782121533e+03
3.223963705376486780e-16 5.167043899945738997e-17 6.873512855874979323e+03
7.898599619637662153e-17 5.013739316249752393e-17 6.874261520030298925e+03
1.655548704341366410e-16 4.990890416504089242e-17 6.875010188248228587e+03
3.683984505328613556e-16 5.043745775192392093e-17 6.875758860528916557e+03
1.180865735802577299e-16 5.096790896781949637e-17 6.876507536872511992e+03
2.803555301523638494e-16 5.142046655759650979e-17 6.877256217279170414e+03
3.379191508921439803e-16 5.149448320912491550e-17 6.878004901749037344e+03
4.637614023871187476e-16 5.140369170109204674e-17 6.878753590282263758e+03
3.966906508689255779e-16 5.134121246368135238e-17 6.879502282878999722e+03
4.654797788282642344e-16 5.126564864742952544e-17 6.880250979539395303e+03
1.160179127527264472e-16 5.148672137677885113e-17 6.880999680263600567e+03
2.877740840639401094e-16 5.282172508088514881e-17 6.881748385051764672e+03
1.131551279345913991e-16 5.312481891059435167e-17 6.882497093904038593e+03
3.459222230764332877e-16 5.297537486184335146e-17 6.883245806820572398e+03
2.644495899049311801e-16 5.371231351698890764e-17 6.883994523801515243e+03
1.604251310004100447e-16 5.467546099194822055e-17 6.884743244847015376e+03
4.746971715878879785e-16 5.505302829825059271e-17 6.885491969957226502e+03
3.118530944103815593e-16 5.513963816707273598e-17 6.886240699132296868e+03
2.666985209281942467e-16 5.504518887558058495e-17 6.886989432372375632e+03
1.772781143470277443e-16 5.483105479205543009e-17 6.887738169677611950e+03
5.460216271772867151e-16 5.455875373207104237e-17 6.888486911048159527e+03
5.539569737526267936e-16 5.461894217238475325e-17 6.889235656484164792e+03
3.051985542755001095e-16 5.894860061332164836e-17 6.889984405985778722e+03
1.904883085450746433e-16 5.392188891865247278e-17 6.890733159553153200e+03
1.151592614685741940e-16 5.336653153629028206e-17 6.891481917186436476e+03
1.672498180567125903e-16 5.326683398176317166e-17 6.892230678885776797e+03
4.182280427209829657e-16 5.306854475977035365e-17 6.892979444651326048e+03
3.297044924177467482e-16 5.321728696382008685e-17 6.893728214483235206e+03
3.244399003600317988e-16 5.377477573233418932e-17 6.894476988381651609e+03
4.203368761612228392e-16 5.411367380400400369e-17 6.895225766346728051e+03
5.034448721650786133e-16 5.425843873842223061e-17 6.895974548378610962e+03
3.698043797630071174e-16 5.406142483217397744e-17 6.896723334477453136e+03
1.532359311339507897e-16 5.368674236838682055e-17 6.897472124643405550e+03
2.940729196823795343e-16 5.318235185949733402e-17 6.898220918876613723e+03
3.195014765529942708e-16 5.270971732235117958e-17 6.898969717177233179e+03
3.447811670645046439e-16 5.234118999280285093e-17 6.899718519545409436e+03
4.155725391291557414e-16 5.222921446651143941e-17 6.900467325981293470e+03
4.865380779724308147e-16 5.222905507948498778e-17 6.901216136485036259e+03
2.464208461329977423e-16 5.226900813090733233e-17 6.901964951056786049e+03
4.546884055961609116e-16 5.220909835414131241e-17 6.902713769696696545e+03
4.409168687876472976e-16 5.217177280892243594e-17 6.903462592404912357e+03
2.996824673065623030e-16 5.236119379223567092e-17 6.904211419181589008e+03
2.036913904992215606e-16 5.268984618513373885e-17 6.904960250026872018e+03
2.322773058217151296e-16 5.329762118055779615e-17 6.905709084940913272e+03
4.088356976382827203e-16 5.412980901048790585e-17 6.906457923923861017e+03
5.315300651059766282e-16 5.497211015700797065e-17 6.907206766975868959e+03
3.125642808949689715e-16 5.553777325021795517e-17 6.907955614097085345e+03
4.308542877702361430e-16 5.573241754983604508e-17 6.908704465287657513e+03
4.406945164548666283e-16 5.570071116241031393e-17 6.909453320547738258e+03
3.560860862307489821e-16 5.535721260849553245e-17 6.910202179877476738e+03
3.686256829499981351e-16 5.510613109064467103e-17 6.910951043277022109e+03
2.585431479699948784e-16 5.499298212964067660e-17 6.911699910746527166e+03
3.072456093489059256e-16 5.494555109864170582e-17 6.912448782286138339e+03
2.194235614665976113e-16 5.493561963377889763e-17 6.913197657896006604e+03
5.043542266310524854e-16 5.501332133712453384e-17 6.913946537576284754e+03
2.823826895554253812e-16 5.527829826554104908e-17 6.914695421327118311e+03
2.554321355785869754e-16 5.577900695453397707e-17 6.915444309148659158e+03
2.111177456016399340e-16 5.679721905468099683e-17 6.916193201041058273e+03
3.991660104028735957e-16 5.823578520195414087e-17 6.916942097004464813e+03
1.529768502445491960e-16 5.984532718590195707e-17 6.917690997039027934e+03
4.853916726773710154e-16 6.089900546622868483e-17 6.918439901144898613e+03
4.302080073876551208e-16 6.147849322104141436e-17 6.919188809322226007e+03
3.291091496352584188e-16 6.153048385383560156e-17 6.919937721571162911e+03
3.772311624461379146e-16 6.101509550846669275e-17 6.920686637891854843e+03
6.068188417234825779e-16 6.009534446383529588e-17 6.921435558284456420e+03
6.442363339184971017e-17 5.946326667728266358e-17 6.922184482749112249e+03
2.805434946575730143e-16 5.907210325522721165e-17 6.922933411285976035e+03
4.291074429506314201e-16 5.895416006388351349e-17 6.923682343895196937e+03
2.654354242975724300e-16 5.899592514779956544e-17 6.924431280576924109e+03
3.618248006199736779e-16 5.897252532019588163e-17 6.925180221331309440e+03
1.671677151504094020e-16 5.893577395428762209e-17 6.925929166158501175e+03
2.745779396927672666e-16 5.889795150300231549e-17 6.926678115058650292e+03
3.718200947613545659e-16 5.882301166275285645e-17 6.927427068031905947e+03
5.125330003391222511e-16 5.862632032068323628e-17 6.928176025078417297e+03
5.637644990951378801e-16 5.829313415143119564e-17 6.928924986198336228e+03
2.505380449968498137e-16 5.749605347364826229e-17 6.929673951391811897e+03
3.739133236180349979e-16 5.628727061801876285e-17 6.930422920658994371e+03
3.805747109067757701e-16 5.470250676664655140e-17 6.931171894000033717e+03
4.138780683086248637e-16 5.344294709425063680e-17 6.931920871415077272e+03
2.794194859977581326e-16 5.264847196326835260e-17 6.932669852904280560e+03
-4.855380095171955782e-17 5.265449943385179672e-17 6.933418838467789101e+03
2.527944201746605143e-16 5.318878841579721373e-17 6.934167828105754779e+03
3.940860532907305360e-16 5.392869800086852321e-17 6.934916821818325843e+03
5.310865431954640625e-16 5.447301509972014749e-17 6.935665819605654178e+03
2.830460528475844951e-16 5.484167687885595928e-17 6.936414821467888032e+03
4.738859763331722970e-16 5.493203917713578998e-17 6.937163827405176562e+03
2.534583525102537437e-16 5.502982080580791697e-17 6.937912837417676201e+03
4.315223409754904876e-16 5.504039140057418304e-17 6.938661851505528830e+03
3.773233857284690352e-16 5.505983680631259894e-17 6.939410869668887244e+03
2.848869288458934794e-16 5.531967255645588643e-17 6.940159891907902420e+03
1.778473536639451152e-16 5.572853391832775682e-17 6.940908918222724424e+03
3.877147238096324418e-16 5.656880222096231495e-17 6.941657948613501503e+03
3.615399243547378784e-16 5.822611028055450745e-17 6.942406983080387363e+03
3.222055713419066561e-16 6.042382983119083335e-17 6.943156021623526613e+03
4.622202376036908371e-16 6.222162293085674050e-17 6.943905064243072047e+03
1.861136469992663889e-16 6.344486867290808729e-17 6.944654110939172824e+03
2.879023321059166249e-16 6.439261085113245901e-17 6.945403161711979919e+03
7.396760138493547126e-16 6.449888240657862164e-17 6.946152216561644309e+03
3.935684523943870418e-16 6.399665110505801648e-17 6.946901275488313331e+03
8.351306609334993937e-17 6.318288102178450937e-17 6.947650338492139781e+03
2.918753424699127191e-16 6.235821856169906645e-17 6.948399405573269178e+03
4.381200047947943097e-16 6.184646558525139887e-17 6.949148476731857045e+03
3.005748366623135231e-16 6.143676922783971964e-17 6.949897551968047992e+03
3.097122032849212407e-16 6.143508327507491139e-17 6.950646631281995724e+03
3.688552228001010438e-16 6.157130870471729469e-17 6.951395714673850307e+03
1.787956872125078559e-16 6.179358491188157168e-17 6.952144802143759080e+03
5.355849264017379062e-16 6.195256030463277242e-17 6.952893893691873927e+03
1.704908381248155618e-16 6.228380033745946480e-17 6.953642989318343098e+03
1.940306255363033692e-16 6.220125462866658201e-17 6.954392089023317567e+03
3.751836233378755480e-16 6.143950955407137178e-17 6.955141192806950130e+03
4.897794044223612876e-16 6.040808819545696735e-17 6.955890300669386306e+03
4.140358114644552230e-16 5.855547547215769186e-17 6.956639412610777981e+03
5.239063314250001511e-16 5.654819439584693778e-17 6.957388528631274312e+03
4.837238851128261306e-16 5.466720112662194602e-17 6.958137648731026275e+03
1.610711666814990850e-16 5.328969915676672518e-17 6.958886772910185755e+03
3.282030777090928352e-16 5.254678080545861152e-17 6.959635901168898272e+03
4.072586017272294811e-16 5.242986953249076831e-17 6.960385033507316621e+03
3.427634835929306804e-16 5.248181674048305395e-17 6.961134169925589049e+03
3.799039188445683049e-16 5.262617972109415496e-17 6.961883310423867442e+03
1.917808942825549870e-16 5.274275777173835925e-17 6.962632455002300048e+03
4.228787200655275833e-16 5.319281883736800221e-17 6.963381603661039662e+03
4.942193494510904572e-16 5.377717200871942954e-17 6.964130756400232713e+03
3.304942037915108021e-16 5.450650008784425819e-17 6.964879913220031085e+03
2.713886792949415629e-16 5.485978194508105471e-17 6.965629074120584846e+03
3.740660871262979983e-16 5.533116479955799714e-17 6.966378239102043153e+03
3.256635705368783683e-16 5.504448621066434102e-17 6.967127408164556073e+03
2.332139486463975425e-16 5.491718571037414668e-17 6.967876581308275490e+03
4.517865397083109127e-16 5.490019768464974186e-17 6.968625758533346016e+03
5.244225418087437557e-16 5.490918643522248820e-17 6.969374939839923172e+03
3.482310201138296252e-16 5.558289766820029739e-17 6.970124125228156117e+03
2.874449583470187264e-16 5.583449030899725263e-17 6.970873314698193099e+03
4.640753286201855350e-16 5.662207556745274937e-17 6.971622508250184183e+03
3.591647414837644210e-16 5.785999123385628852e-17 6.972371705884282164e+03
3.144597118484505791e-16 5.907215860811464904e-17 6.973120907600632563e+03
5.143453566448177969e-16 6.008162962128647624e-17 6.973870113399387265e+03
4.849405623443197248e-16 6.080845199789176303e-17 6.974619323280696335e+03
3.729907995254299336e-16 6.103463015646926124e-17 6.975368537244711661e+03
1.183842159736922134e-17 6.088969706558199792e-17 6.976117755291581489e+03
2.293361781745814788e-16 6.062828808404460846e-17 6.976866977421454067e+03
6.528803060082590136e-16 6.015942984217478476e-17 6.977616203634481280e+03
4.663571482938914415e-16 5.983415634970078362e-17 6.978365433930812287e+03
2.865596690200675926e-16 5.922992053257362237e-17 6.979114668310599882e+03
3.940571565221187100e-16 5.898929111071375367e-17 6.979863906773990493e+03
3.329070094452683432e-16 5.891121875631250908e-17 6.980613149321135097e+03
5.111973240797552896e-16 5.891941957486436662e-17 6.981362395952184670e+03
3.743578119281967686e-16 5.888780405781010593e-17 6.982111646667287459e+03
1.401482264971776512e-16 5.890837291629517663e-17 6.982860901466596260e+03
2.986191333118285582e-16 5.872986035726897340e-17 6.983610160350257502e+03
4.495732524520850151e-16 5.829204255832537630e-17 6.984359423318422159e+03
4.731855723969217267e-16 5.750940948209324647e-17 6.985108690371242119e+03
3.921183757181811832e-16 5.644348503198509240e-17 6.985857961508866538e+03
4.205992415132713911e-16 5.504672828794889540e-17 6.986607236731445482e+03
1.853574770413052936e-16 5.369728262234647634e-17 6.987356516039126291e+03
7.964312168270193193e-17 5.267844863760613247e-17 6.988105799432061758e+03
7.039544823390877698e-16 5.199781947626419351e-17 6.988855086910401951e+03
3.393473173599685334e-16 5.176882827630875036e-17 6.989604378474294208e+03
2.026024486413275388e-16 5.172733301387152259e-17 6.990353674123892233e+03
4.639603926308233888e-16 5.169467235856457207e-17 6.991102973859343365e+03
5.732711611672023750e-16 5.172852084551903983e-17 6.991852277680798579e+03
1.761365181146017279e-16 5.174873061414011262e-17 6.992601585588407033e+03
1.044691527029150094e-16 5.178226968745280848e-17 6.993350897582319703e+03
3.411468275725378418e-16 5.211542356467929354e-17 6.994100213662685746e+03
3.344034439123896716e-16 5.222964021411130523e-17 6.994849533829656139e+03
4.627855831528970588e-16 5.223531316027368621e-17 6.995598858083378218e+03
4.728216261740959640e-16 5.291971059186343091e-17 6.996348186424006599e+03
3.026371924509060164e-16 5.362006915725843069e-17 6.997097518851685891e+03
5.635072699359728525e-16 5.422435028083012108e-17 6.997846855366570708e+03
4.144343578483839668e-16 5.481886445209490538e-17 6.998596195968807478e+03
4.872323062294937677e-16 5.522982178144506648e-17 6.999345540658548998e+03
3.234588376871995983e-16 5.531827818237026086e-17 7.000094889435942605e+03
3.308506725536428563e-16 5.531255278707717188e-17 7.000844242301142003e+03
4.516698959627390204e-17 5.525999786700819069e-17 7.001593599254291803e+03
3.232252957084394325e-16 5.524611994467609400e-17 7.002342960295546618e+03
5.176943652828010533e-16 5.523890668871391608e-17 7.003092325425054696e+03
3.734115462215536314e-16 5.540087181388352028e-17 7.003841694642966104e+03
1.690552128378459322e-16 5.574994195133189874e-17 7.004591067949429998e+03
3.821581268518631766e-16 5.629230641213474456e-17 7.005340445344596446e+03
5.188222815610631401e-16 5.684123194795616416e-17 7.006089826828617333e+03
3.860940428535428948e-16 5.726391331870291247e-17 7.006839212401641817e+03
6.307476403663316462e-17 5.756303844691351441e-17 7.007588602063819053e+03
1.836900794364325612e-16 5.748765185204938825e-17 7.008337995815299109e+03
4.851223005482155948e-16 5.725139631160211208e-17 7.009087393656232962e+03
4.381179745218149795e-16 5.682281962141200867e-17 7.009836795586767948e+03
8.629538546218530629e-17 5.602382722892662108e-17 7.010586201607056864e+03
4.095878398170377251e-16 5.537351864650013205e-17 7.011335611717250686e+03
5.727284309328196650e-16 5.472692488906072491e-17 7.012085025917494931e+03
4.635675158891292784e-16 5.419821368065529236e-17 7.012834444207943307e+03
3.210211137915586072e-16 5.389361204251043061e-17 7.013583866588745877e+03
3.637583531004471668e-16 5.369850452676383477e-17 7.014333293060049073e+03
2.158316880397157943e-16 5.369463894272455552e-17 7.015082723622004778e+03
2.376161381808723149e-16 5.366131356812841746e-17 7.015832158274764879e+03
4.884442781804465913e-16 5.358665319375911102e-17 7.016581597018476714e+03
4.671379546227224475e-16 5.342318655345847713e-17 7.017331039853293987e+03
2.083696095642932317e-16 5.289357871860820265e-17 7.018080486779360399e+03
3.306305627570325842e-16 5.225138632458927774e-17 7.018829937796830563e+03
4.885630742328227447e-16 5.151573512496840556e-17 7.019579392905852728e+03
6.726905341002810569e-16 5.089790881887657898e-17 7.020328852106578779e+03
2.178265562071995729e-16 4.986845118143365110e-17 7.021078315399156963e+03
-7.136921101954331713e-17 4.954549936848249482e-17 7.021827782783739167e+03
2.136626162824293344e-16 4.956119221707781506e-17 7.022577254260471818e+03
6.895302415701827070e-16 4.966090841278445065e-17 7.023326729829506803e+03
6.670246215672901073e-16 4.974784070212253807e-17 7.024076209490996007e+03
1.780085033961118019e-16 4.978427159862220576e-17 7.024825693245087677e+03
2.933378060136061945e-16 4.992864739003918869e-17 7.025575181091930062e+03
4.400574356552348335e-16 5.031025774199306772e-17 7.026324673031676866e+03
5.082514248601556348e-16 5.009421962277350270e-17 7.027074169064474518e+03
1.833536848935409662e-16 4.988758126286180982e-17 7.027823669190473993e+03
8.067155796428704693e-17 4.987083838180500923e-17 7.028573173409826268e+03
3.244515545662556708e-16 4.991564790976570554e-17 7.029322681722684138e+03
1.643969379596384378e-16 4.981575554675988320e-17 7.030072194129190393e+03
2.698724833959527981e-16 4.986782951219431279e-17 7.030821710629499648e+03
5.197646353864625066e-16 4.985385126204114406e-17 7.031571231223762879e+03
3.673601101116518696e-16 4.991712190075510048e-17 7.032320755912125605e+03
1.843122834696375171e-16 4.993824879524576305e-17 7.033070284694742440e+03
3.401740512643677938e-16 5.003295554766569185e-17 7.033819817571758904e+03
5.984006508387125779e-16 5.016395611301099501e-17 7.034569354543329609e+03
1.440028016658008538e-16 5.034518031732818590e-17 7.035318895609603715e+03
9.626163756036759188e-17 5.050164355389280359e-17 7.036068440770726738e+03
4.232701670910310799e-16 5.065429950065486512e-17 7.036817990026855114e+03
4.240069709422418569e-16 5.069783707088559920e-17 7.037567543378131631e+03
5.032534738785903512e-16 5.089202657911258935e-17 7.038317100824713634e+03
2.935928500366184634e-16 5.106376348380721195e-17 7.039066662366745732e+03
4.188717060291324350e-16 5.121485939552823584e-17 7.039816228004379809e+03
4.712319062701118306e-16 5.166193720563746562e-17 7.040565797737765024e+03
5.040728187570033196e-16 5.236917103253427897e-17 7.041315371567054171e+03
1.648828133351268977e-16 5.323828638254290921e-17 7.042064949492394589e+03
2.612909021728770205e-16 5.401513467536944699e-17 7.042814531513935435e+03
4.473010461191430627e-16 5.462996557609145564e-17 7.043564117631827685e+03
3.864507191515884453e-16 5.528574284175735648e-17 7.044313707846225043e+03
3.812095840103937767e-16 5.578189456549325162e-17 7.045063302157272119e+03
3.517433985581950300e-16 5.627559105237349800e-17 7.045812900565119890e+03
1.711577122270097752e-16 5.633422958912382925e-17 7.046562503069919330e+03
4.402975313121271610e-16 5.669038438896089792e-17 7.047312109671822327e+03
1.875574235828557620e-16 5.665575380083941602e-17 7.048061720370976218e+03
3.412748076503932688e-16 5.663903482362245616e-17 7.048811335167532889e+03
4.664143173291068253e-16 5.661910245948315224e-17 7.049560954061638768e+03
7.447805936165747404e-17 5.652074477318648411e-17 7.050310577053445741e+03
2.898825855630423387e-16 5.642723700582216955e-17 7.051060204143106603e+03
3.428382988062928442e-16 5.610113980210030750e-17 7.051809835330768692e+03
4.062638028788262163e-16 5.600074919622872227e-17 7.052559470616581166e+03
2.471277877817651787e-16 5.588861522801672917e-17 7.053309110000696819e+03
3.376225790401833525e-16 5.623991581119294686e-17 7.054058753483262080e+03
5.742790821222875837e-16 5.537894754468323059e-17 7.054808401064429745e+03
4.313324741820433387e-16 5.482674077191337203e-17 7.055558052744348970e+03
2.089845931293784562e-16 5.409911694466747948e-17 7.056307708523168913e+03
3.819178133929387767e-16 5.347735318645556571e-17 7.057057368401037820e+03
3.663940530536259199e-16 5.302338468586453477e-17 7.057807032378112126e+03
2.755056037533065763e-16 5.264783788494666568e-17 7.058556700454535530e+03
4.884691715494662712e-16 5.242214706714583833e-17 7.059306372630460828e+03
4.138308979265661783e-16 5.229648484166034927e-17 7.060056048906038086e+03
2.821867464086903661e-16 5.219259015313330854e-17 7.060805729281415552e+03
2.534887096233372477e-16 5.215593311570505393e-17 7.061555413756743292e+03
4.246951499823583230e-16 5.214188661335883089e-17 7.062305102332173192e+03
4.198836093217328794e-16 5.214172231943676405e-17 7.063054795007854409e+03
3.771626994830889386e-16 5.214365690650928257e-17 7.063804491783937010e+03
1.998124541570814284e-16 5.221526456857582581e-17 7.064554192660571061e+03
2.836539073672247215e-16 5.241024887170242432e-17 7.065303897637904811e+03
4.374299287248168022e-16 5.280003613918119199e-17 7.066053606716091053e+03
5.890002781332401011e-16 5.266350399263133484e-17 7.066803319895276218e+03
1.202720759621307282e-16 5.279744112996206308e-17 7.067553037175614008e+03
3.407949635231191718e-16 5.289585017156310478e-17 7.068302758557253583e+03
2.865550252726971104e-16 5.301779310872878206e-17 7.069052484040343188e+03
4.239605991697830429e-16 5.307866517758653455e-17 7.069802213625031982e+03
3.523956762179147162e-16 5.310638771590070219e-17 7.070551947311472759e+03
2.847526754708150198e-16 5.308506308612500707e-17 7.071301685099814677e+03
4.360206361816409298e-16 5.270953757306019328e-17 7.072051426990206892e+03
3.743293139746738334e-16 5.280675558294346508e-17 7.072801172982801290e+03
2.923312568419045534e-16 5.283352467241942030e-17 7.073550923077747939e+03
2.861736723134111277e-16 5.279820165813252256e-17 7.074300677275192356e+03
5.881886819517669531e-16 5.279625402305790904e-17 7.075050435575289157e+03
2.494852705812398649e-16 5.288572334732486091e-17 7.075800197978183860e+03
2.453830033500253414e-16 5.296924336259643828e-17 7.076549964484032898e+03
3.094742587538377591e-16 5.307578351479684919e-17 7.077299735092979972e+03
3.332107745719401145e-16 5.322023735748533095e-17 7.078049509805181515e+03
2.216963964793858776e-16 5.320157742270808017e-17 7.078799288620779407e+03
4.359480011664668570e-16 5.321476960883398685e-17 7.079549071539930083e+03
5.583212558282822956e-16 5.329922565613550394e-17 7.080298858562780879e+03
3.424907816112465031e-16 5.328715335858433966e-17 7.081048649689482772e+03
3.292604483511378431e-16 5.337008678421825840e-17 7.081798444920183101e+03
3.868954015181745223e-16 5.360362648079845121e-17 7.082548244255036479e+03
3.725536373242845811e-16 5.389581330231719621e-17 7.083298047694188426e+03
3.361898920473258421e-16 5.422161509465822576e-17 7.084047855237793556e+03
1.836128423872132241e-16 5.453074304731154569e-17 7.084797666885997387e+03
2.919391733802713636e-16 5.457545888784067530e-17 7.085547482638951806e+03
3.817968642059897894e-16 5.466478577903632533e-17 7.086297302496806878e+03
4.403191378590811334e-16 5.459484837997053648e-17 7.087047126459711762e+03
3.204772117437990131e-16 5.450271155318017220e-17 7.087796954527817434e+03
2.035414324526572410e-16 5.438721570570199598e-17 7.088546786701273959e+03
2.197280274397655721e-16 5.423959602800434133e-17 7.089296622980229586e+03
5.089486083123317567e-16 5.402099700695338600e-17 7.090046463364837109e+03
2.086428923888472019e-16 5.370358529975999281e-17 7.090796307855243867e+03
4.592381749788806917e-16 5.353725500858586173e-17 7.091546156451600837e+03
5.014479029570414318e-16 5.332035531489421802e-17 7.092296009154058993e+03
2.642913967670244133e-16 5.321280713058421525e-17 7.093045865962765674e+03
2.613870666872540913e-16 5.312198179410932911e-17 7.093795726877875495e+03
3.883672870875020522e-16 5.296055063196758430e-17 7.094545591899533974e+03
4.442348286375753310e-16 5.276842152910161329e-17 7.095295461027892088e+03
8.459134359140209320e-17 5.237465600044633714e-17 7.096045334263100813e+03
4.195027867342854116e-16 5.199842996976577779e-17 7.096795211605309305e+03
5.159824818226243706e-16 5.151600185794760252e-17 7.097545093054668541e+03
2.984924755151714250e-16 5.114708786862732730e-17 7.098294978611325860e+03
3.641584757041727559e-16 5.091099863883834651e-17 7.099044868275436784e+03
4.319282589588456665e-16 5.067188237496696945e-17 7.099794762047144104e+03
4.409972744970277247e-16 5.056241214799534889e-17 7.100544659926605163e+03
2.813032511487228439e-16 5.042208337452015166e-17 7.101294561913963662e+03
3.655413984202333280e-16 5.041787252230714595e-17 7.102044468009371485e+03
2.891676610112924652e-16 5.023689684151970334e-17 7.102794378212982338e+03
2.595788362377759416e-16 5.026885679910672213e-17 7.103544292524939920e+03
3.509002679190005545e-16 5.026571522870918154e-17 7.104294210945399755e+03
3.113719871615863691e-16 5.031853068066502980e-17 7.105044133474508271e+03
3.482195024945836387e-16 5.035552418843745132e-17 7.105794060112419174e+03
4.043305420996128644e-16 5.043360373695140127e-17 7.106543990859277073e+03
3.346194375392439613e-16 5.051789118184387524e-17 7.107293925715235673e+03
4.627910488120521742e-16 5.052192156144045347e-17 7.108043864680444130e+03
4.762457521566416582e-16 5.048630934953084358e-17 7.108793807755052512e+03
3.542466982926508796e-16 5.051359510966675275e-17 7.109543754939209975e+03
2.557966250230503692e-16 5.052070406919776382e-17 7.110293706233070225e+03
4.028062393189329127e-16 5.049940193060640229e-17 7.111043661636776960e+03
3.518110183640833833e-16 5.046519248981209556e-17 7.111793621150484796e+03
4.794529849453482941e-16 5.053508806863145164e-17 7.112543584774339251e+03
3.028360106088684205e-16 5.048138005707226904e-17 7.113293552508497669e+03
2.193938225691112198e-16 5.049766821553497315e-17 7.114043524353103749e+03
5.142881693021836569e-16 5.043267360188025921e-17 7.114793500308310286e+03
3.771676601706165628e-16 5.043200029513859912e-17 7.115543480374266437e+03
2.647434159619880321e-16 5.039119370669008643e-17 7.116293464551121360e+03
3.104252116492354752e-16 5.033330394097533597e-17 7.117043452839026941e+03
5.034118953254658495e-16 5.027769441995828273e-17 7.117793445238130516e+03
2.617784800493073696e-16 5.025030223567528966e-17 7.118543441748586702e+03
3.343381753647670725e-16 5.018533603459408209e-17 7.119293442370541015e+03
6.902859294522636643e-16 5.024031549740500511e-17 7.120043447104144434e+03
2.889439996642522564e-16 5.032595126713017433e-17 7.120793455949547933e+03
3.460835471803421693e-16 5.048945571588727297e-17 7.121543468906898852e+03
4.556793790919850612e-16 5.082269280857062347e-17 7.122293485976351803e+03
3.642190591313265872e-16 5.064988195323973977e-17 7.123043507158052307e+03
2.990941632047908001e-16 5.070955041812364639e-17 7.123793532452153158e+03
2.222516939405133630e-16 5.084102479161972739e-17 7.124543561858803514e+03
4.731779255361008075e-16 5.072255377776856087e-17 7.125293595378153441e+03
5.336668171827910756e-16 5.081693646340513807e-17 7.126043633010353005e+03
4.848948337034477342e-16 5.091552870012333346e-17 7.126793674755551365e+03
4.022870894095368301e-16 5.115152390048091194e-17 7.127543720613899495e+03
4.412449553836297067e-16 5.132619936323645741e-17 7.128293770585547463e+03
2.422800575917839703e-16 5.137185977794654630e-17 7.129043824670642607e+03
1.747650164730050496e-16 5.141068493582178334e-17 7.129793882869338631e+03
3.384711639589672748e-16 5.139632269863394675e-17 7.130543945181785602e+03
1.513061398471998043e-16 5.138546508361445338e-17 7.131294011608129040e+03
2.393305963860080283e-16 5.141463985348382523e-17 7.132044082148522648e+03
5.516486105294021419e-16 5.150864233792870765e-17 7.132794156803115584e+03
3.279237187896822010e-16 5.142935631516401856e-17 7.133544235572058824e+03
4.950273312806276891e-16 5.147605020010913447e-17 7.134294318455499706e+03
2.503230433249686342e-16 5.201011063835346601e-17 7.135044405453591025e+03
4.397245406376424772e-16 5.216497934620828103e-17 7.135794496566480120e+03
2.546102740355023790e-16 5.186990542932913284e-17 7.136544591794319786e+03
2.526744107409468906e-16 5.208692282447056855e-17 7.137294691137258269e+03
3.583844408705870991e-16 5.255616105220897157e-17 7.138044794595444728e+03
1.812411226020080056e-16 5.293007476043816246e-17 7.138794902169032866e+03
2.469561043780735351e-16 5.316667754084166810e-17 7.139545013858167295e+03
3.668310309246814527e-16 5.341827228100172082e-17 7.140295129663002626e+03
3.139459938078193480e-16 5.366291590080388388e-17 7.141045249583687109e+03
4.964714010897357121e-16 5.376992247289076242e-17 7.141795373620368991e+03
3.852017690704716905e-16 5.386578349300548154e-17 7.142545501773201067e+03
4.927609029526336745e-16 5.402895218200166775e-17 7.143295634042331585e+03
1.662006107787210424e-16 5.407909914014545654e-17 7.144045770427911521e+03
2.896694709435289464e-16 5.415222988990657963e-17 7.144795910930090031e+03
3.954246315050744054e-16 5.430025216155687316e-17 7.145546055549018092e+03
1.388951170269468283e-16 5.442868687245645354e-17 7.146296204284844862e+03
4.554098486910958215e-16 5.448625211912526728e-17 7.147046357137720406e+03
3.985634280022267038e-16 5.450560336313937646e-17 7.147796514107796611e+03
4.090279892770751257e-16 5.474253767112390060e-17 7.148546675195218995e+03
3.887289312872291593e-16 5.526704245656911374e-17 7.149296840400143083e+03
3.621143810990066794e-16 5.418102516505028588e-17 7.150047009722713483e+03
3.156876517334357915e-16 5.364264461278382778e-17 7.150797183163083901e+03
6.685165022037982144e-17 5.339244766047806657e-17 7.151547360721403493e+03
3.535999256491517462e-16 5.295633936510919550e-17 7.152297542397821417e+03
5.987286670137570950e-16 5.256060599319102177e-17 7.153047728192487739e+03
4.100193647794487107e-16 5.224263831161820402e-17 7.153797918105554345e+03
1.849403805914068604e-16 5.193573864787881511e-17 7.154548112137168573e+03
3.352875580936371752e-16 5.179554585190302597e-17 7.155298310287480490e+03
3.592554408097178223e-16 5.159471786221502966e-17 7.156048512556642891e+03
3.068322586615754824e-16 5.147403746719642250e-17 7.156798718944804932e+03
3.223639734395043976e-16 5.117173142531377050e-17 7.157548929452113953e+03
1.560233139600534336e-16 5.178248569864770547e-17 7.158299144078722748e+03
2.953983110597183051e-16 5.158212298964620245e-17 7.159049362824779564e+03
3.364553098717354123e-16 5.150037463983187703e-17 7.159799585690434469e+03
4.351304672498818356e-16 5.153052388955273638e-17 7.160549812675838439e+03
2.042321683986870540e-16 5.170418467304662524e-17 7.161300043781142449e+03
1.545894978949476054e-16 5.181110095046554824e-17 7.162050279006494748e+03
4.877743371131389083e-16 5.194287701238419336e-17 7.162800518352045401e+03
4.633541496962595290e-16 5.200215464435191640e-17 7.163550761817943567e+03
2.420038929064648483e-16 5.217323251192685828e-17 7.164301009404342039e+03
3.033848434711127489e-16 5.228487536526574693e-17 7.165051261111386339e+03
3.242119275628783719e-16 5.237203570551156733e-17 7.165801516939231078e+03
4.003748548259715643e-16 5.233260566107969719e-17 7.166551776888025415e+03
3.272446047191117546e-16 5.244816410618895180e-17 7.167302040957918507e+03
5.716582493015338019e-16 5.246199471943057301e-17 7.168052309149057692e+03
2.032610658428443866e-16 5.274489410445185247e-17 7.168802581461597583e+03
3.739582686540931335e-16 5.261851825616552424e-17 7.169552857895685520e+03
3.875030473720818449e-16 5.226252894638544174e-17 7.170303138451470659e+03
3.392410974997376701e-16 5.251189460164113674e-17 7.171053423129105795e+03
3.175225910998748958e-16 5.240091094455781000e-17 7.171803711928738267e+03
1.418378451140136937e-16 5.234062264824009970e-17 7.172554004850519959e+03
2.400083335121003407e-16 5.219724216651008145e-17 7.173304301894599121e+03
3.634065198515463448e-16 5.212415132961731668e-17 7.174054603061127636e+03
2.843047568614310367e-16 5.206710983882168763e-17 7.174804908350255573e+03
3.604052334243587541e-16 5.206254691987421022e-17 7.175555217762132088e+03
4.224399772388739467e-16 5.215124993806477747e-17 7.176305531296906338e+03
3.117320673693822961e-16 5.215642344895377007e-17 7.177055848954727480e+03
4.244907605654835826e-16 5.218220951707271600e-17 7.177806170735745582e+03
3.796409435337912905e-16 5.198043480149907625e-17 7.178556496640117075e+03
3.671794446711750009e-16 5.178697383909541938e-17 7.179306826667982932e+03
2.371456975537456393e-16 5.278003238662922929e-17 7.180057160819499586e+03
2.838983037886151338e-16 5.156816465951188355e-17 7.180807499094812556e+03
1.604775937678719996e-16 5.117089203945541766e-17 7.181557841494073728e+03
2.188273603261627800e-16 5.092788970382654295e-17 7.182308188017434077e+03
3.513311622840048248e-16 5.079541171028904881e-17 7.183058538665043670e+03
3.591597719797496784e-16 5.057882096202477049e-17 7.183808893437051665e+03
4.451551512201301812e-16 5.043324826519549230e-17 7.184559252333607219e+03
4.009031133198831542e-16 5.036380356200663717e-17 7.185309615354861307e+03
3.623422017439704846e-16 5.024933936603031124e-17 7.186059982500962178e+03
8.834017637916692801e-17 4.997125876320625545e-17 7.186810353772063536e+03
1.952453486907310971e-16 4.976871807847654202e-17 7.187560729168311809e+03
6.809934935097434479e-16 4.958910730665104498e-17 7.188311108689858884e+03
2.982075548613432642e-16 4.936990327714495936e-17 7.189061492336853007e+03
3.960299520201556396e-16 4.924006435458834183e-17 7.189811880109446975e+03
2.445533186785140597e-16 4.907710675775223624e-17 7.190562272007788124e+03
4.788329605167824754e-16 4.900238382547638444e-17 7.191312668032027432e+03
1.544841260263363326e-16 4.901783212965851982e-17 7.192063068182314964e+03
3.691626871469278746e-16 4.895526627385708289e-17 7.192813472458799879e+03
4.131421563690185513e-16 4.891162088842065543e-17 7.193563880861634971e+03
4.443779045477200277e-16 4.900944337387261374e-17 7.194314293390966668e+03
3.921295337256590647e-16 4.900156647046098773e-17 7.195064710046946857e+03
3.204100452824701417e-16 4.902644678895541333e-17 7.195815130829725604e+03
2.741554270583783958e-16 4.893634619577153653e-17 7.196565555739452975e+03
1.705420807933726734e-16 4.892515662923071540e-17 7.197315984776277219e+03
4.990630837996904518e-16 4.886501816888376189e-17 7.198066417940350220e+03
2.965964958306291353e-16 4.878082019461846987e-17 7.198816855231820227e+03
3.567816637852643480e-16 4.879425138751564313e-17 7.199567296650838216e+03
2.315051503356575784e-16 4.880132149158097481e-17 7.200317742197556072e+03
4.188984528583050561e-16 4.875580726041851732e-17 7.201068191872120224e+03
2.401442361885099882e-16 4.877640142846996382e-17 7.201818645674684376e+03
3.590669626973244240e-16 4.873012867806477887e-17 7.202569103605394048e+03
1.919930510312508014e-16 4.877546187724480051e-17 7.203319565664403854e+03
2.822755694284081834e-16 4.868611966981606006e-17 7.204070031851859312e+03
4.499287949939122779e-16 4.854677998251941103e-17 7.204820502167914128e+03
4.418203485417948418e-16 4.861736931612289254e-17 7.205570976612718368e+03
1.420954232200197922e-16 4.860442369094295944e-17 7.206321455186418461e+03
1.228294696642151807e-16 4.859340737267614354e-17 7.207071937889168112e+03
2.719204771988711852e-16 4.858517922494988283e-17 7.207822424721114658e+03
3.674844524081001152e-16 4.857151008058129608e-17 7.208572915682409075e+03
3.798725029937209145e-16 4.857918790398317325e-17 7.209323410773203250e+03
3.346234513711586043e-16 4.849704261440575009e-17 7.210073909993641792e+03
3.602803832293267453e-16 4.857046256679659641e-17 7.210824413343880224e+03
5.096529711665250720e-16 4.859704967826651085e-17 7.211574920824068613e+03
3.071360927939821910e-16 4.876320414385057704e-17 7.212325432434352479e+03
4.158488344908071653e-17 4.882560375105130442e-17 7.213075948174884616e+03
2.605897860434300659e-16 4.900437600865158272e-17 7.213826468045815091e+03
3.450632146903287006e-16 4.910125167084375475e-17 7.214576992047293970e+03
4.225834430302041893e-16 4.932206250776468187e-17 7.215327520179468593e+03
4.014336277537877301e-16 4.955701353164589573e-17 7.216078052442492663e+03
4.117749130686583082e-16 4.980112076936782428e-17 7.216828588836513518e+03
1.938548369125133448e-16 5.012128497333702949e-17 7.217579129361684863e+03
5.487346502943229145e-16 5.039638106667788505e-17 7.218329674018151309e+03
4.382941985966276432e-16 5.055808713941531772e-17 7.219080222806065649e+03
3.941486736684780267e-16 5.071683031246271280e-17 7.219830775725578860e+03
1.646526794222811268e-16 5.081768520732384711e-17 7.220581332776839190e+03
4.947526907799717363e-16 5.094096920523158621e-17 7.221331893959998524e+03
2.843800926376485182e-16 5.113945843074653971e-17 7.222082459275203291e+03
4.559716160444821081e-16 5.131663553443338457e-17 7.222833028722608105e+03
4.388366989085681420e-16 5.145876050294814040e-17 7.223583602302362124e+03
2.461956262719040894e-16 5.168229408883104526e-17 7.224334180014611775e+03
2.777268112618787768e-16 5.178161675179581974e-17 7.225084761859508035e+03
3.680879382694437431e-16 5.194372421165389484e-17 7.225835347837203699e+03
2.700258890969287223e-16 5.209154679153929098e-17 7.226585937947846105e+03
2.148869975279148542e-16 5.230550913219666929e-17 7.227336532191586230e+03
3.794953816556636810e-16 5.250693067151854798e-17 7.228087130568575958e+03
6.445104903583168000e-16 5.260236446194640633e-17 7.228837733078960810e+03
1.705959929480743579e-16 5.258336434065554808e-17 7.229588339722894489e+03
4.332043949581325053e-16 5.253617631382486595e-17 7.230338950500527062e+03
2.129700587829756448e-16 5.308540732315976097e-17 7.231089565412004958e+03
3.118713064820983979e-16 5.431016038013637042e-17 7.231840184457483701e+03
3.181071681604430502e-16 5.661990809833084409e-17 7.232590807637108810e+03
2.521492572265943202e-16 5.996859854267746581e-17 7.233341434951029441e+03
3.605927150186610593e-16 6.402212527375311455e-17 7.234092066399400210e+03
2.990381686924303690e-16 6.813552661743658222e-17 7.234842701982368453e+03
5.236049848581414687e-16 7.180114884449501594e-17 7.235593341700083329e+03
4.458853719692762528e-16 7.474906366180287598e-17 7.236343985552695813e+03
3.301194917374647840e-16 7.730699938769014983e-17 7.237094633540356881e+03
2.193965779687173858e-16 7.947952620745632288e-17 7.237845285663214781e+03
-5.832730497970811395e-17 8.228176370488566689e-17 7.238595941921419580e+03
4.014908656400607687e-16 8.534204413123213090e-17 7.239346602315123164e+03
2.395638320479158867e-16 8.841322076076637890e-17 7.240097266844476508e+03
3.459885838756204155e-16 9.091951626379696234e-17 7.240847935509625131e+03
4.397595603815626532e-16 9.265779445690479116e-17 7.241598608310721829e+03
3.854445815692830413e-16 9.357887599277004968e-17 7.242349285247914850e+03
2.706893973832233195e-16 9.384966498167293466e-17 7.243099966321356078e+03
3.961537126484410513e-16 9.397440971523206875e-17 7.243850651531196490e+03
2.705733299099911370e-16 9.386922901298344812e-17 7.244601340877582516e+03
1.560043870840700256e-16 9.350246067715512361e-17 7.245352034360666948e+03
4.428164581018838233e-16 9.281997130401431968e-17 7.246102731980598946e+03
2.233422152785502290e-16 9.124880325055062461e-17 7.246853433737528576e+03
7.161812382447561681e-17 8.924118569129082186e-17 7.247604139631605904e+03
3.354932031735942949e-16 8.701650332600669688e-17 7.248354849662980996e+03
4.281057109951816098e-16 8.540106855919632418e-17 7.249105563831802101e+03
7.415999527349366510e-16 8.229221551459045825e-17 7.249856282138223833e+03
4.423561072231340445e-16 8.009956480614835518e-17 7.250607004582389891e+03
2.334589222843060500e-16 7.791375782443236601e-17 7.251357731164454890e+03
2.781294821049143883e-16 7.520846373882912449e-17 7.252108461884566168e+03
1.564035319280615627e-16 7.186607222681834557e-17 7.252859196742876520e+03
4.669759054358405176e-16 6.839823622770551797e-17 7.253609935739535103e+03
1.656276496595063542e-16 6.507656284882259947e-17 7.254360678874689256e+03
3.569116799561039914e-16 6.249278679618517510e-17 7.255111426148491773e+03
3.446040830173984092e-16 6.052782788067088543e-17 7.255862177561092722e+03
4.720851761996471329e-16 5.992966633361166860e-17 7.256612933112639439e+03
4.306660785137970697e-16 5.971220709840248465e-17 7.257363692803282902e+03
1.933734170613125283e-16 5.951868755475925400e-17 7.258114456633176815e+03
1.391450967202373955e-16 5.926489481187418365e-17 7.258865224602466697e+03
1.233584407192322519e-16 5.872367883163678584e-17 7.259615996711303524e+03
2.599942976961247007e-16 5.805814146651619007e-17 7.260366772959839182e+03
3.149986217067722984e-16 5.731523388154460975e-17 7.261117553348221918e+03
4.830740431269258463e-16 5.654533576673914128e-17 7.261868337876599981e+03
2.838149882941242446e-16 5.586968727134393664e-17 7.262619126545128893e+03
4.776421218894570786e-16 5.526019374326302852e-17 7.263369919353952355e+03
6.313407673475657248e-16 5.499285746618089617e-17 7.264120716303224981e+03
2.857033160511284937e-16 5.493224277399848136e-17 7.264871517393095019e+03
1.493801258112823544e-16 5.493777396654364261e-17 7.265622322623712535e+03
3.488075099981523858e-16 5.528380584572460692e-17 7.266373131995227595e+03
3.252841973668069654e-16 5.722425584194052700e-17 7.267123945507790268e+03
1.223576158850926328e-16 5.716880403505565824e-17 7.267874763161547889e+03
1.231059780719368048e-16 5.884563781120505400e-17 7.268625584956655075e+03
1.555794957939684078e-16 6.260197373579403130e-17 7.269376410893259163e+03
3.767096339402763354e-16 6.765339221319608931e-17 7.270127240971512038e+03
4.527465994435576645e-16 7.321265365496108352e-17 7.270878075191560129e+03
5.557674207664750320e-16 7.783798910064257441e-17 7.271628913553558050e+03
1.889301622923253071e-16 8.085406105667891731e-17 7.272379756057651321e+03
4.870949177524099452e-16 8.267885634918629518e-17 7.273130602703991826e+03
3.231195490196754975e-16 8.328287235976123361e-17 7.273881453492731453e+03
3.472431121215935974e-17 8.330784534496786097e-17 7.274632308424018447e+03
2.300015706940311997e-16 8.329481239948609445e-17 7.275383167498001058e+03
6.025588613394313675e-16 8.348751369916757156e-17 7.276134030714831169e+03
5.751987900903477263e-16 8.394023145213633490e-17 7.276884898074661578e+03
1.550173806202543911e-16 8.485379169653999930e-17 7.277635769577636893e+03
4.885773640968712361e-16 8.616222195242059466e-17 7.278386645223910818e+03
2.200080034557127167e-16 8.767132025486362739e-17 7.279137525013631603e+03
2.961680692736370348e-16 8.899641196826835282e-17 7.279888408946948402e+03
1.595747670513532348e-16 9.003077267786988141e-17 7.280639297024014013e+03
6.090613918051868220e-16 8.950972337317268213e-17 7.281390189244977591e+03
7.379191481785645415e-17 8.870836740980911501e-17 7.282141085609987385e+03
2.819473593628967126e-16 8.662896553398845513e-17 7.282891986119195280e+03
4.415940276526321680e-16 8.310025827944263312e-17 7.283642890772751343e+03
7.579722534712543790e-16 7.863254453538037033e-17 7.284393799570802003e+03
3.148436254879539976e-16 7.421169118525469046e-17 7.285144712513501872e+03
4.372713565644782719e-16 7.060380015654763185e-17 7.285895629601000110e+03
1.078548743515601098e-16 6.790750348579863400e-17 7.286646550833444053e+03
3.410975454839426565e-16 6.682823755163766644e-17 7.287397476210986497e+03
1.792029916554024348e-16 6.653512159489087107e-17 7.288148405733774780e+03
1.371658571971591579e-16 6.663822896391323742e-17 7.288899339401961697e+03
2.981105754971650128e-16 6.677415499310789696e-17 7.289650277215694587e+03
1.606720341214556275e-16 6.658991280186829157e-17 7.290401219175126243e+03
6.881784977514776614e-16 6.604434532386783410e-17 7.291152165280405825e+03
4.607200465183762107e-16 6.461510354650373679e-17 7.291903115531682488e+03
5.875189228319089131e-16 6.256811865159198598e-17 7.292654069929103571e+03
2.582386421429445241e-16 6.057692714716212894e-17 7.293405028472826416e+03
3.226425671026482810e-16 5.873697759949748111e-17 7.294155991162993814e+03
1.687415355213082042e-16 5.746318865723793851e-17 7.294906957999759470e+03
4.153445480205213683e-16 5.708233932231051875e-17 7.295657928983270722e+03
3.331320763474730561e-16 5.744236669964634816e-17 7.296408904113682183e+03
2.407340804744362562e-16 5.840275646261878971e-17 7.297159883391139374e+03
2.645940686913168179e-16 5.967602737122088866e-17 7.297910866815794179e+03
5.945692369125372117e-16 6.091873950904736638e-17 7.298661854387795756e+03
2.220371841353174271e-16 6.196905604220199166e-17 7.299412846107295081e+03
3.394173917855036094e-16 6.265874061355395762e-17 7.300163841974443130e+03
3.567082348907971511e-16 6.304485113401814357e-17 7.300914841989386332e+03
4.728107352702688255e-16 6.335834373981709797e-17 7.301665846152278391e+03
1.382140782342536480e-16 6.260600634745436007e-17 7.302416854463266645e+03
1.073820867195889294e-16 6.199428220907322881e-17 7.303167866922503890e+03
5.968673605176141947e-16 6.135094241784403556e-17 7.303918883530135645e+03
4.681892982451506643e-16 6.087538105348018765e-17 7.304669904286318342e+03
5.020751541297422082e-16 6.059137833617180307e-17 7.305420929191195683e+03
4.887793890859759957e-16 6.062377200277333985e-17 7.306171958244922280e+03
3.781526083962031466e-16 6.034396223230245473e-17 7.306922991447643653e+03
7.970957683885772851e-17 6.110648335923028159e-17 7.307674028799514417e+03
1.204109656542388010e-16 6.227954791484111271e-17 7.308425070300681000e+03
3.379307779327645653e-16 6.430403107123264938e-17 7.309176115951298016e+03
-3.437974186277469658e-17 6.743396299341612210e-17 7.309927165751508255e+03
2.370847048919568607e-16 7.059646998616465957e-17 7.310678219701468151e+03
4.899822651674841560e-16 7.315859759748641566e-17 7.311429277801325952e+03
9.287609228970995245e-16 7.486991657034596077e-17 7.312180340051228995e+03
4.024317036802298899e-16 7.576526106496154367e-17 7.312931406451330986e+03
3.195825744379765787e-16 7.567306219881138614e-17 7.313682477001780171e+03
5.600892316495463990e-17 7.541707114893604465e-17 7.314433551702726618e+03
1.975175372103676997e-16 7.509509734790595118e-17 7.315184630554320393e+03
6.229441168406381751e-16 7.493797080258115527e-17 7.315935713556711562e+03
1.005044757700179903e-16 7.481106159967682829e-17 7.316686800710049283e+03
5.872957874706914430e-17 7.474361494731408550e-17 7.317437892014485442e+03
3.421841544512442074e-16 7.463373587038080249e-17 7.318188987470169195e+03
8.357813667613350981e-16 7.470304818682406889e-17 7.318940087077247881e+03
4.554134875849103273e-16 7.462677242013998043e-17 7.319691190835876114e+03
2.631796161388855780e-16 7.469672093559552675e-17 7.320442298746201232e+03
3.375900101306896270e-16 7.468080324602788169e-17 7.321193410808373301e+03
1.941366708239056498e-16 7.471443030876193451e-17 7.321944527022544207e+03
-3.503450488866236812e-19 7.452124053799061380e-17 7.322695647388860380e+03
2.238136326467456498e-16 7.340476332822675304e-17 7.323446771907475522e+03
3.160381668970253304e-16 7.135858754982993768e-17 7.324197900578537883e+03
5.931325252754142930e-16 6.896895318855670450e-17 7.324949033402195710e+03
3.758845442879945353e-16 6.677355853345485742e-17 7.325700170378601797e+03
6.452194738794445375e-16 6.489121658740641761e-17 7.326451311507906212e+03
4.114214406858725747e-16 6.388251092119497844e-17 7.327202456790257202e+03
2.196967806948548788e-16 6.371577176286529588e-17 7.327953606225806652e+03
2.249515447225806493e-16 6.375661386470659328e-17 7.328704759814701902e+03
4.113214018311309916e-16 6.370299517571678991e-17 7.329455917557095745e+03
3.301570448972303214e-16 6.372916130645458942e-17 7.330207079453135520e+03
2.387144328145149266e-16 6.445970623502829009e-17 7.330958245502974023e+03
3.237309697541420420e-16 6.546886658328712710e-17 7.331709415706760410e+03
2.378629811498451243e-16 6.508112192543692846e-17 7.332460590064642020e+03
4.628026354775754703e-16 6.639693985991358781e-17 7.333211768576771647e+03
3.236196038794037501e-16 6.936056034736801406e-17 7.333962951243300267e+03
8.776769681510975636e-17 7.348892200919736514e-17 7.334714138064375220e+03
2.761466166794042345e-16 7.758868577284611395e-17 7.335465329040147481e+03
5.945641797034330462e-16 8.047728639128384053e-17 7.336216524170768025e+03
5.681945513827743998e-16 8.188298854571832099e-17 7.336967723456385102e+03
4.293639677189277500e-16 8.218943846115267579e-17 7.337718926897148776e+03
7.402403012634967635e-17 8.148775009282228444e-17 7.338470134493210935e+03
6.518507226548414640e-16 8.059939446501215147e-17 7.339221346244718916e+03
-5.952159057279410446e-18 8.006374570575580614e-17 7.339972562151824604e+03
3.062152957457708901e-16 8.004604439416925724e-17 7.340723782214679886e+03
4.238101066121517518e-16 8.000194187659134322e-17 7.341475006433432100e+03
4.391182158766099467e-16 8.018264013747444113e-17 7.342226234808230402e+03
3.651040597429464349e-16 8.030274920409784919e-17 7.342977467339225768e+03
1.530244446109108585e-16 8.040314897628090249e-17 7.343728704026570085e+03
4.231900785343711482e-16 8.069515471767698105e-17 7.344479944870412510e+03
3.206318655545881047e-16 8.090960688803995860e-17 7.345231189870899470e+03
1.580680116769309410e-16 8.027500997117178672e-17 7.345982439028184672e+03
2.188782233302978885e-16 7.911488336981350432e-17 7.346733692342417271e+03
5.478828450794085343e-16 7.726813615896001491e-17 7.347484949813748244e+03
4.693733393815411981e-16 7.384842060728479256e-17 7.348236211442327658e+03
5.227564571770689271e-16 6.879386874326423544e-17 7.348987477228303760e+03
4.734560936633607077e-16 7.346162503657687233e-17 7.349738747171826617e+03
5.031003882928636444e-16 6.018227689556128525e-17 7.350490021273047205e+03
5.148948250871352359e-17 5.769252357563592533e-17 7.351241299532113771e+03
5.631950532849874643e-16 5.798888212313963496e-17 7.351992581949180021e+03
3.628565360585084782e-16 5.954363847034217801e-17 7.352743868524392383e+03
2.417065950949697898e-16 6.171356843820351046e-17 7.353495159257902742e+03
2.535255656042922134e-16 6.346419653012788089e-17 7.354246454149861165e+03
4.144250490617265369e-16 6.468277844125612723e-17 7.354997753200415900e+03
5.853562407649125885e-17 6.503243150809206581e-17 7.355749056409717923e+03
4.610940622386398532e-16 6.523596253600981242e-17 7.356500363777919119e+03
3.996179332619955083e-16 6.537944230323951865e-17 7.357251675305167737e+03
1.308058820319996412e-16 6.514345281574363975e-17 7.358002990991612023e+03
3.759936204345465056e-16 6.507032028582727596e-17 7.358754310837402954e+03
6.056221516551399051e-16 6.514622914050590379e-17 7.359505634842695144e+03
3.279356096147295158e-16 6.537526651603429667e-17 7.360256963007631384e+03
2.298221164595379424e-16 6.593961250357638805e-17 7.361008295332366288e+03
4.819789133152364627e-16 6.730638870149230203e-17 7.361759631817048103e+03
3.166213734163859453e-16 6.981317979115671868e-17 7.362510972461830534e+03
1.252300886528393459e-18 7.320553323120841221e-17 7.363262317266855462e+03
2.406382401095558417e-16 7.665513538165804073e-17 7.364013666232282048e+03
6.614818337212686185e-16 7.918574150080307863e-17 7.364765019358253994e+03
2.320372794913066606e-16 8.062410406723538872e-17 7.365516376644925913e+03
2.634293013961322431e-16 8.054907890223396144e-17 7.366267738092443324e+03
4.949814556815414505e-16 7.938297732169029510e-17 7.367019103700957203e+03
4.484705158375440501e-16 7.815389752726627333e-17 7.367770473470620345e+03
2.943835388953148514e-16 7.713854674459687720e-17 7.368521847401580999e+03
4.935018971822921729e-16 7.655466555901500687e-17 7.369273225493987411e+03
3.142497097640584395e-16 7.631362455013671276e-17 7.370024607747993286e+03
2.656935122532766452e-16 7.640930300429171680e-17 7.370775994163746873e+03
-1.754378009657142745e-16 7.624159766261098300e-17 7.371527384741397327e+03
4.275224743279178143e-16 7.618723615552684741e-17 7.372278779481093807e+03
4.091491122524768599e-16 7.600071839195766338e-17 7.373030178382990925e+03
3.035507499566868379e-16 7.582796679712020047e-17 7.373781581447234203e+03
3.014299007849939756e-16 7.513028775501152488e-17 7.374532988673976433e+03
2.331957578135188606e-16 7.411075010525539163e-17 7.375284400063363137e+03
4.556066797241275791e-16 7.205841055730781777e-17 7.376035815615548927e+03
1.915553738706168278e-16 6.864759040881767936e-17 7.376787235330682961e+03
5.491698271606784228e-16 6.443760839924420722e-17 7.377538659208914396e+03
3.995960706146545747e-16 6.032113591465338478e-17 7.378290087250393299e+03
5.840059501766492648e-16 5.681825604590592899e-17 7.379041519455271555e+03
3.891944541486985414e-16 5.430125156325561661e-17 7.379792955823693774e+03
3.716110829604909369e-16 5.324131921807500004e-17 7.380544396355815479e+03
1.267377640501311025e-16 5.302829212304025401e-17 7.381295841051784009e+03
3.717789934219801796e-16 5.290297039096443391e-17 7.382047289911751250e+03
3.849181478455596708e-16 5.293262853467616273e-17 7.382798742935864539e+03
4.870797236884883431e-16 5.295652832510676329e-17 7.383550200124278490e+03
2.648858813124114731e-16 5.325824645511933832e-17 7.384301661477138623e+03
3.820498717024864138e-16 5.406952711273956730e-17 7.385053126994596823e+03
6.221772473684636192e-17 5.544082102842726431e-17 7.385804596676800429e+03
9.701188085469126577e-17 5.709646041041191399e-17 7.386556070523904054e+03
6.047843138486628831e-16 5.855603743138576099e-17 7.387307548536056856e+03
2.800677655687084548e-16 5.972356507938397141e-17 7.388059030713404354e+03
3.086018069662169681e-16 6.051739721100596748e-17 7.388810517056101162e+03
3.810963817878826692e-16 6.083297465847306306e-17 7.389562007564293708e+03
6.656407065883439963e-16 6.092379020370065632e-17 7.390313502238135698e+03
2.883500803344372130e-16 6.086270404438094790e-17 7.391065001077774468e+03
1.213305183778126822e-17 6.079828012713038142e-17 7.391816504083362815e+03
2.836686340060552095e-16 6.077544758516304915e-17 7.392568011255047168e+03
4.990461780497894013e-16 6.119518828618880376e-17 7.393319522592979411e+03
1.446447854739422043e-16 6.194551797878429268e-17 7.394071038097309611e+03
2.472234910103086711e-16 6.352904835748599136e-17 7.394822557768187835e+03
3.109921352592657540e-16 6.583152766295902571e-17 7.395574081605765059e+03
4.509110559705832700e-16 6.850356225024268407e-17 7.396325609610186802e+03
2.003695639501098720e-16 7.080964846932083705e-17 7.397077141781608589e+03
4.853839607456929450e-16 7.246098004413216427e-17 7.397828678120176846e+03
3.321731304301123178e-16 7.315108159222379124e-17 7.398580218626044370e+03
1.893332157518809548e-16 7.262731983889936648e-17 7.399331763299360318e+03
1.805395851850212579e-16 7.138448662866131455e-17 7.400083312140272028e+03
5.471704131757289817e-16 7.012746182309605224e-17 7.400834865148934114e+03
4.419564480754737696e-16 6.895808082851852404e-17 7.401586422325491185e+03
3.076272996149987765e-16 6.816225153848062372e-17 7.402337983670097856e+03
3.447333317055774521e-16 6.763790377527937643e-17 7.403089549182901465e+03
2.862138245438660524e-16 6.742856123969952846e-17 7.403841118864052987e+03
2.590575543543072018e-16 6.757258594065886710e-17 7.404592692713703400e+03
5.087333972401989801e-16 6.758553219749748871e-17 7.405344270732000950e+03
4.998491781795562293e-17 6.776019389746539800e-17 7.406095852919095705e+03
1.713900411094166324e-16 6.757389739288724094e-17 7.406847439275138640e+03
6.179253049835402417e-16 6.704131794810519959e-17 7.407599029800279823e+03
4.678497010761180508e-16 6.590744895624939543e-17 7.408350624494670228e+03
2.202621642587374909e-16 6.376276204053234916e-17 7.409102223358456285e+03
3.996966356723367137e-16 6.062667337313752257e-17 7.409853826391792609e+03
5.145818911388325639e-16 5.775179692718514428e-17 7.410605433594825627e+03
3.979750066371683687e-16 5.530686909366870995e-17 7.411357044967704496e+03
4.307915581745642396e-16 5.319684493656489807e-17 7.412108660510583832e+03
3.906691028544755940e-16 5.228326441866904708e-17 7.412860280223610971e+03
1.394714076332770336e-16 5.206515691438785367e-17 7.413611904106935981e+03
1.007483275085110850e-16 5.196058557518504564e-17 7.414363532160707109e+03
4.106699106294511887e-16 5.204389641700185207e-17 7.415115164385078970e+03
4.437651332700837472e-16 5.200336831678721437e-17 7.415866800780197082e+03
2.924067855061865918e-16 5.208940767602496922e-17 7.416618441346216059e+03
3.903517029761759782e-16 5.215056478964226223e-17 7.417370086083279602e+03
4.933048394652596557e-16 5.215792091214706870e-17 7.418121734991542326e+03
6.067277243522214596e-16 5.213033792571740647e-17 7.418873388071153386e+03
2.727782630973013524e-16 5.204491417449437325e-17 7.419625045322261940e+03
-3.498662360621742923e-17 5.190354155079183109e-17 7.420376706745018055e+03
3.699979274962278896e-16 5.184840231524952034e-17 7.421128372339572707e+03
3.818721983439720391e-16 5.194495661059053917e-17 7.421880042106075962e+03
4.122530879331346603e-16 5.234904842954493080e-17 7.422631716044677887e+03
1.531718561259705732e-16 5.309330321142615890e-17 7.423383394155525821e+03
2.959115289998588541e-16 5.419288715118080999e-17 7.424135076438773467e+03
5.402076209975473431e-16 5.503521175851018189e-17 7.424886762894569983e+03
3.301617932955747499e-16 5.578760789473204615e-17 7.425638453523062708e+03
3.389444147659235077e-16 5.623783195155652129e-17 7.426390148324404436e+03
1.397995648466686652e-16 5.646269856971376979e-17 7.427141847298744324e+03
5.442205561953014641e-16 5.648041711076012296e-17 7.427893550446231529e+03
2.967649600384003276e-16 5.652825626379783980e-17 7.428645257767017029e+03
2.306916072163328799e-16 5.660616203177989031e-17 7.429396969261251797e+03
3.785668905688347543e-16 5.695190253901660047e-17 7.430148684929084993e+03
3.905112687417814277e-16 5.752548781432952264e-17 7.430900404770664863e+03
9.483539636267448903e-17 5.868231091335921896e-17 7.431652128786143294e+03
3.449516279598560293e-16 6.028968443718078706e-17 7.432403856975672170e+03
5.752137970812524558e-16 6.202764141359237200e-17 7.433155589339396101e+03
4.645120501287427449e-16 6.354412978741470790e-17 7.433907325877470612e+03
-3.642417065274162781e-17 6.466306044551517758e-17 7.434659066590040311e+03
4.069622317861296941e-16 6.474065026489760527e-17 7.435410811477261632e+03
6.160223103028928845e-16 6.482083275085261231e-17 7.436162560539280094e+03
4.510321455433457598e-16 6.419596787794223586e-17 7.436914313776245763e+03
1.509350276733384540e-16 6.333508951862856457e-17 7.437666071188310525e+03
3.434780833518846913e-16 6.247951547791997314e-17 7.438417832775623538e+03
5.528994906345726931e-16 6.179921530581603742e-17 7.439169598538335777e+03
2.782519856112877463e-16 6.122407834655293343e-17 7.439921368476594580e+03
2.705753913809516422e-16 6.100606204356266267e-17 7.440673142590553653e+03
2.176735261732757099e-16 6.090083837567775772e-17 7.441424920880359423e+03
3.353247474975841893e-16 6.084960987140525844e-17 7.442176703346163777e+03
3.362465909615823097e-16 6.073728873206309960e-17 7.442928489988115871e+03
2.534969379817645892e-16 6.050497109525551819e-17 7.443680280806368501e+03
4.496229346520788747e-16 5.989663942980016848e-17 7.444432075801069004e+03
2.781784244282859801e-16 5.882607881464048521e-17 7.445183874972365629e+03
4.825079464263887069e-16 5.727613933491611204e-17 7.445935678320412080e+03
2.595631939431497213e-16 5.555619386145045804e-17 7.446687485845358424e+03
1.141060339001608996e-16 5.370413215204196985e-17 7.447439297547351998e+03
4.094978169460825766e-16 5.221179498826094768e-17 7.448191113426544689e+03
3.210171135646424526e-16 5.109125019826349147e-17 7.448942933483083834e+03
4.774686706050784901e-16 5.081790275115116340e-17 7.449694757717124048e+03
5.581807384173183203e-16 5.072813450819868669e-17 7.450446586128809940e+03
3.973855903821478289e-16 5.073189382027811892e-17 7.451198418718295216e+03
-7.669566378281375221e-17 5.062093619761058984e-17 7.451950255485730850e+03
1.206902138592341176e-16 5.068693869115183953e-17 7.452702096431263271e+03
5.926861468299138149e-16 5.071615169915381153e-17 7.453453941555044366e+03
1.499959613472413891e-16 5.079156258005991942e-17 7.454205790857224201e+03
1.294497827093841728e-16 5.098116025248497742e-17 7.454957644337951933e+03
2.710442597189664138e-16 5.131639710459291560e-17 7.455709501997380357e+03
5.280847029045390499e-16 5.172793189940675323e-17 7.456461363835654993e+03
4.632032357099072905e-16 5.219192990644293433e-17 7.457213229852930453e+03
3.608955551739637669e-16 5.269514569156877667e-17 7.457965100049354078e+03
3.545713416881479072e-16 5.320768673785740374e-17 7.458716974425074113e+03
1.444655412483924472e-16 5.371991795176858890e-17 7.459468852980244264e+03
3.410762099091646434e-16 5.446702825259891649e-17 7.460220735715012779e+03
4.172870619844138330e-16 5.489954694323435802e-17 7.460972622629531543e+03
1.561226270944263260e-16 5.662687001344867740e-17 7.461724513723946075e+03
2.537632349534107772e-16 5.655433734034819507e-17 7.462476408998410079e+03
2.505765833192170077e-16 5.677086357881264840e-17 7.463228308453073623e+03
4.961631401641344298e-16 5.719306060094614163e-17 7.463980212088086773e+03
5.570608923771936454e-16 5.797915437159108486e-17 7.464732119903595958e+03
2.934462586294177284e-16 5.892127030845824353e-17 7.465484031899755792e+03
3.355096764451293419e-16 5.995778467936076397e-17 7.466235948076715431e+03
2.895092648068961974e-16 6.114814517812806506e-17 7.466987868434621305e+03
3.724580326009422479e-16 6.234137797260201194e-17 7.467739792973627118e+03
2.065879350891593742e-16 6.325489601338352407e-17 7.468491721693881118e+03
3.446874352437217858e-16 6.388247987100437946e-17 7.469243654595534281e+03
2.123960056464166017e-16 6.418620922691566529e-17 7.469995591678736673e+03
3.658468866087487822e-16 6.448603034584557055e-17 7.470747532943637452e+03
7.246977750570876238e-16 6.432357515486657232e-17 7.471499478390387594e+03
2.875400826845193179e-17 6.444076956016351714e-17 7.472251428019137165e+03
9.842225204665061705e-17 6.492884309818006111e-17 7.473003381830033504e+03
4.495370557848284865e-16 6.571932399036190889e-17 7.473755339823230315e+03
1.946396412601133535e-16 6.648120669292741696e-17 7.474507301998875846e+03
1.628431226478789821e-16 6.706805011853592016e-17 7.475259268357120163e+03
1.665612693300463244e-16 6.779827466349538398e-17 7.476011238898112424e+03
4.456585328503876540e-16 6.943938940438885207e-17 7.476763213622003605e+03
-1.048643742169276631e-16 6.916266109464222663e-17 7.477515192528946500e+03
3.182683402534385222e-16 6.964899629802357508e-17 7.478267175619086629e+03
5.874678933133884087e-16 6.975877252443837854e-17 7.479019162892575878e+03
2.558990652452800259e-16 6.964089575231844744e-17 7.479771154349561584e+03
9.466323628015906748e-17 6.982739695565620121e-17 7.480523149990200181e+03
5.669540853913714737e-16 6.894895401788820959e-17 7.481275149814635370e+03
3.524929203520689686e-16 6.745987226730716106e-17 7.482027153823020853e+03
2.558034749537027403e-16 6.659263168137321102e-17 7.482779162015505790e+03
3.374352980963688112e-16 6.601815035620486497e-17 7.483531174392236608e+03
4.488119336927457937e-16 6.576978583314083492e-17 7.484283190953368830e+03
4.327159393106521230e-16 6.548527601499774979e-17 7.485035211699050706e+03
3.706527800822293425e-16 6.514611634165546108e-17 7.485787236629430481e+03
2.141005730756584400e-16 6.405792702191901116e-17 7.486539265744660042e+03
1.603852767048258077e-16 6.354706426727508081e-17 7.487291299044887637e+03
2.701391562575699503e-16 6.259246639537521674e-17 7.488043336530266970e+03
4.751353071122223294e-16 6.155329705254620712e-17 7.488795378200943560e+03
1.095694326742838308e-16 6.067699650438908434e-17 7.489547424057068383e+03
2.937102891089904241e-16 5.968170531867799287e-17 7.490299474098794235e+03
6.596968688624879391e-16 5.860005338866482206e-17 7.491051528326267544e+03
3.746603713886120219e-16 5.719859667752079251e-17 7.491803586739642924e+03
4.070836701749889028e-16 5.594446781467326207e-17 7.492555649339064985e+03
3.713955228696711634e-16 5.502583377031537664e-17 7.493307716124688341e+03
4.019786302383315701e-16 5.436673229964974115e-17 7.494059787096659420e+03
2.429144888804111985e-16 5.404253911472493797e-17 7.494811862255130109e+03
6.448600599688043767e-17 5.388595399773404539e-17 7.495563941600250473e+03
3.140470961967473286e-16 5.383593781744373697e-17 7.496316025132168761e+03
3.611839818069807217e-16 5.369946733664698515e-17 7.497068112851036858e+03
2.136121466338958731e-16 5.361783788442565410e-17 7.497820204757005740e+03
4.700375697352650697e-16 5.363153656932315646e-17 7.498572300850222746e+03
6.113526751106986577e-16 5.345572163144296461e-17 7.499324401130839760e+03
3.406803681644761565e-16 5.334046429050485965e-17 7.500076505599005941e+03
8.657294215161269091e-17 5.289296914335135550e-17 7.500828614254871354e+03
3.531734826912910702e-16 5.230573911950990796e-17 7.501580727098586067e+03
2.525297134034989469e-16 5.199901481946328313e-17 7.502332844130301964e+03
2.597773186836809000e-16 5.167546872834561872e-17 7.503084965350163657e+03
-1.158093033806626133e-17 5.136691124191074760e-17 7.503837090758328486e+03
3.385149431591570360e-16 5.122117707672470127e-17 7.504589220354941062e+03
3.031806416640733958e-16 5.112503769007228002e-17 7.505341354140153271e+03
4.538473659377872438e-16 5.113764799042203858e-17 7.506093492114116088e+03
4.577462004372326520e-16 5.115318323930606518e-17 7.506845634276976853e+03
3.227296148015364906e-16 5.113417239902649954e-17 7.507597780628886539e+03
2.406248362859627094e-16 5.123619400194781002e-17 7.508349931169997944e+03
2.231497085321983542e-16 5.120383803318570980e-17 7.509102085900456586e+03
3.603961901388788091e-16 5.132453677937193084e-17 7.509854244820417989e+03
3.521116655781202764e-16 5.160073922827319574e-17 7.510606407930027672e+03
3.642031999869954774e-16 5.210426515998538684e-17 7.511358575229434791e+03
4.389077657270461343e-16 5.234016802419100053e-17 7.512110746718794871e+03
2.473200969176065509e-16 5.291360900863117561e-17 7.512862922398253431e+03
3.483893897391483884e-16 5.341832836842664864e-17 7.513615102267960538e+03
3.392976533343403534e-16 5.379759259344887194e-17 7.514367286328068076e+03
1.234700971825995510e-17 5.429934879595479247e-17 7.515119474578725203e+03
2.812098347775681625e-16 5.525719179347836571e-17 7.515871667020081986e+03
4.936903081815740327e-16 5.698808036799747710e-17 7.516623863652290311e+03
2.797925070944530169e-16 5.977202394515761914e-17 7.517376064475496605e+03
1.994062916931342537e-16 6.336393950854079124e-17 7.518128269489852755e+03
4.709344649973641466e-16 6.680342936691425671e-17 7.518880478695508828e+03
6.918132858986544619e-16 6.965670282232064914e-17 7.519632692092614889e+03
1.932507512558732394e-16 7.156855357887972441e-17 7.520384909681321915e+03
2.689044488015491304e-16 7.271748813140268843e-17 7.521137131461777244e+03
2.020081118473072081e-16 7.311347740516923970e-17 7.521889357434132762e+03
4.326076899534482971e-16 7.338227708046708657e-17 7.522641587598538536e+03
8.251053695168946852e-17 7.368576851336634866e-17 7.523393821955143721e+03
2.853152586544412212e-16 7.418543101618870303e-17 7.524146060504097477e+03
4.090340603605693586e-16 7.476494452966206310e-17 7.524898303245554416e+03
3.522849397621219278e-16 7.518375769355529117e-17 7.525650550179659149e+03
5.506550679019238017e-16 7.534362229187781874e-17 7.526402801306562651e+03
4.896455687785999430e-16 7.686118640237071629e-17 7.527155056626418627e+03
2.145436739309388916e-16 7.582820222561380955e-17 7.527907316139375325e+03
3.541318992522426067e-17 7.587195361016728658e-17 7.528659579845580083e+03
3.488359614966087923e-17 7.786604665960356901e-17 7.529411847745184787e+03
1.266212481403984383e-16 7.388988885308443471e-17 7.530164119838341321e+03
2.806264202786464189e-16 7.169882907421395614e-17 7.530916396125195206e+03
6.002142152549161369e-16 6.906713003722653614e-17 7.531668676605901965e+03
4.107145410976265294e-16 6.644582598406140523e-17 7.532420961280608026e+03
3.628865677616305931e-16 6.275527966139855993e-17 7.533173250149464366e+03
5.253761264877407632e-16 6.046614542172602929e-17 7.533925543212619232e+03
3.814356921617841977e-16 5.915732366419966446e-17 7.534677840470225419e+03
1.994025270122552988e-16 5.880655821965490632e-17 7.535430141922432995e+03
2.731309242330985605e-16 5.864420126101738941e-17 7.536182447569388387e+03
2.891077193311486961e-16 5.844488623315640404e-17 7.536934757411247119e+03
1.355195714178757237e-16 5.767288650663161965e-17 7.537687071448151983e+03
2.408467055921541595e-16 5.669918116551468703e-17 7.538439389680261229e+03
3.687222806864636415e-16 5.572865972364647204e-17 7.539191712107718558e+03
4.753445311225397220e-16 5.494886920494121613e-17 7.539944038730674947e+03
2.480051896780167966e-16 5.414578263491329437e-17 7.540696369549285009e+03
3.292638299248983716e-16 5.363692990104228590e-17 7.541448704563692445e+03
4.081834039576531743e-16 5.352479270124508394e-17 7.542201043774053687e+03
6.012073443352344547e-16 5.352673768358131226e-17 7.542953387180510617e+03
1.470310645505766983e-16 5.365303301841570546e-17 7.543705734783221487e+03
2.510884486201357820e-16 5.369886545924355143e-17 7.544458086582330907e+03
3.897153017724487311e-16 5.363810191558549851e-17 7.545210442577992580e+03
3.080285597003201838e-16 5.355948432276018453e-17 7.545962802770352937e+03
3.260015597191958763e-16 5.346679271822059024e-17 7.546715167159565681e+03
1.931023782559023340e-16 5.326366542579127400e-17 7.547467535745778150e+03
2.516652686497071029e-16 5.303437306550497079e-17 7.548219908529140412e+03
4.214405929209568794e-16 5.288059579757907524e-17 7.548972285509802532e+03
3.142680252810591966e-16 5.281977016342595864e-17 7.549724666687917306e+03
2.297472612306692456e-16 5.300273123105825375e-17 7.550477052063632073e+03
4.071439567351117618e-16 5.355222687840966844e-17 7.551229441637096897e+03
3.650142839762671066e-16 5.437460128157171112e-17 7.551981835408460938e+03
5.100715170499120049e-16 5.506803873684431689e-17 7.552734233377877899e+03
3.587593939622380435e-16 5.571125120276048817e-17 7.553486635545495119e+03
3.980999362381045316e-16 5.607084668426446469e-17 7.554239041911461754e+03
4.784102465717062632e-17 5.632715966176522621e-17 7.554991452475929691e+03
2.723107778216102976e-16 5.645628934550859470e-17 7.555743867239049905e+03
2.969826267577610860e-16 5.681042005875530042e-17 7.556496286200968825e+03
3.180104925747355723e-16 5.656324816200000022e-17 7.557248709361840156e+03
3.340335824673126829e-16 5.647077992414553018e-17 7.558001136721811235e+03
3.161742798265231629e-16 5.649297102030336615e-17 7.558753568281033949e+03
3.410661959739829265e-16 5.656506717909505768e-17 7.559506004039655636e+03
6.547313763495236186e-16 5.668628979903213039e-17 7.560258443997829090e+03
3.170364932878328823e-16 5.682978099906382028e-17 7.561010888155704379e+03
2.123221108558265990e-16 5.704891059295716918e-17 7.561763336513430659e+03
3.489888054249466938e-16 5.737892999412160863e-17 7.562515789071156178e+03
2.974604910944289540e-16 5.753407745449238985e-17 7.563268245829032821e+03
1.731270832552582387e-16 5.781857692150077980e-17 7.564020706787211566e+03
1.752020084181664802e-17 5.874756080904208836e-17 7.564773171945839749e+03
4.576613897451525404e-16 6.014631709084814423e-17 7.565525641305070167e+03
3.649401132247501787e-16 6.204957127987786844e-17 7.566278114865050156e+03
3.226223217343310930e-16 6.378417928517925942e-17 7.567030592625933423e+03
6.710812174852584856e-16 6.534614524058209850e-17 7.567783074587867304e+03
3.181777641912425765e-16 6.653206408590550697e-17 7.568535560751000958e+03
2.654127492441039211e-16 6.712809723960881417e-17 7.569288051115487178e+03
3.377236749354974295e-16 6.744795961173878624e-17 7.570040545681473304e+03
2.218456012850388585e-16 6.756535016202256901e-17 7.570793044449110312e+03
2.586124879228290226e-16 6.762222708812505509e-17 7.571545547418549177e+03
2.478530135840493765e-16 6.759705410150888023e-17 7.572298054589939056e+03
1.379384585466633713e-16 6.756636651555674370e-17 7.573050565963429108e+03
5.749677003049381990e-16 6.747764180984996926e-17 7.573803081539172126e+03
4.372405596821451422e-16 6.737372768320891968e-17 7.574555601317317269e+03
2.351129926781389840e-16 6.710962907536434933e-17 7.575308125298010054e+03
1.322800266105045004e-16 6.684950750336104693e-17 7.576060653481406007e+03
5.859158705932954014e-16 6.649372451727177094e-17 7.576813185867655193e+03
2.726463393935997341e-16 6.586431859730501231e-17 7.577565722456904041e+03
1.402311923476801742e-16 6.493241107963112701e-17 7.578318263249302618e+03
2.346342816487247123e-16 6.355962735609405544e-17 7.579070808245004628e+03
2.602783806931525599e-16 6.192817304437159784e-17 7.579823357444158319e+03
5.572140383006178899e-16 6.041660087424831838e-17 7.580575910846911938e+03
2.541858038425117013e-16 5.906517146563116989e-17 7.581328468453416463e+03
3.992589290436663392e-16 5.809922317814855613e-17 7.582081030263825596e+03
2.758616444355656436e-16 5.756252753120526028e-17 7.582833596278282130e+03
4.385851832567543384e-16 5.736261684251208883e-17 7.583586166496942496e+03
2.610775893185474712e-16 5.713381120113516500e-17 7.584338740919954944e+03
1.898119798897548744e-16 5.708585393544905905e-17 7.585091319547467720e+03
3.614889326282751708e-16 5.696883789803661097e-17 7.585843902379632709e+03
4.468727171509406908e-16 5.696343781608061741e-17 7.586596489416598160e+03
4.117447269521161311e-16 5.698675969286753952e-17 7.587349080658515959e+03
4.209055361179391477e-16 5.692572844551177002e-17 7.588101676105536171e+03
8.611502980661261237e-17 5.672746988700074009e-17 7.588854275757807045e+03
1.934947060766531214e-16 5.637089411192603433e-17 7.589606879615479556e+03
1.957090081009570334e-16 5.640643801110239035e-17 7.590359487678704681e+03
1.743816474152578102e-16 5.631175040792363726e-17 7.591112099947629758e+03
1.464756887747238158e-16 5.631964312905601339e-17 7.591864716422409401e+03
2.343183154457758677e-16 5.631001758083926696e-17 7.592617337103187310e+03
2.230432692994348408e-16 5.593862348025227156e-17 7.593369961990119009e+03
5.687629015894174297e-16 5.522597805303143342e-17 7.594122591083352745e+03
4.436403659299944616e-16 5.441898880072418950e-17 7.594875224383037676e+03
9.150522768520282553e-17 5.344708701984561554e-17 7.595627861889324777e+03
2.037582295771883336e-16 5.236936264080545796e-17 7.596380503602364115e+03
1.446262557131488746e-16 5.164587444468698817e-17 7.597133149522304848e+03
1.767488410671921833e-16 5.109987626813766709e-17 7.597885799649297951e+03
-8.154611033165258041e-17 5.053949842660622081e-17 7.598638453983493491e+03
1.763637402680877841e-16 4.997022552660651722e-17 7.599391112525039716e+03
1.037475616853745571e-16 4.950894717935037126e-17 7.600143775274087602e+03
2.072499149472094832e-16 4.904911572797350443e-17 7.600896442230788125e+03
3.400375919263324010e-16 4.873344332161030075e-17 7.601649113395290442e+03
5.135215424028545194e-17 4.845476196956552952e-17 7.602401788767745529e+03
6.856006088472879245e-17 4.820362031499352845e-17 7.603154468348302544e+03
-1.630297791655316919e-16 4.791600541231476955e-17 7.603907152137111552e+03
1.744889250347792480e-16 4.747813066893127626e-17 7.604659840134321712e+03
6.410648484020905931e-19 4.706949380637848235e-17 7.605412532340085818e+03
-8.812292279163204697e-18 4.610382191651916876e-17 7.606165228754551208e+03
-4.357807623253744111e-17 4.517597054552487661e-17 7.606917929377868859e+03
1.777743462179350624e-17 4.455852634860122572e-17 7.607670634210187927e+03
2.661312213843699562e-16 4.408560158691781683e-17 7.608423343251661208e+03
8.154624003680403472e-17 4.402919761940511774e-17 7.609176056502436040e+03
1.443176166127819942e-17 4.438489754734196411e-17 7.609928773962661580e+03
1.625067660107668789e-16 4.520288255089153562e-17 7.610681495632490623e+03
1.303248310201471905e-16 4.629538644331807507e-17 7.611434221512072327e+03
1.837115867101249564e-16 4.756038377981398858e-17 7.612186951601555847e+03
1.186965688940874535e-16 4.902230684367280217e-17 7.612939685901092162e+03
6.401499326096725669e-17 5.036963830490207419e-17 7.613692424410828608e+03
3.866084341952941412e-17 5.142914309033406067e-17 7.614445167130921618e+03
3.141262662851854350e-16 5.205631223135735087e-17 7.615197914061513984e+03
2.231050459577864408e-16 5.298301969574387868e-17 7.615950665202761229e+03
-2.242776356219625692e-18 5.357698281678201176e-17 7.616703420554809782e+03
2.271551377988346267e-16 5.404280196241809570e-17 7.617456180117809708e+03
1.018983140354710710e-16 5.434919444611560867e-17 7.618208943891913805e+03
-6.148940526545504521e-17 5.458436848203236296e-17 7.618961711877271227e+03
3.588821803841538412e-16 5.471366645014510369e-17 7.619714484074027496e+03
2.237705089091770364e-16 5.486433629737579483e-17 7.620467260482339952e+03
8.599225106382778554e-17 5.521895603295029336e-17 7.621220041102355026e+03
2.354395909047662270e-16 5.576137602121037346e-17 7.621972825934220964e+03
1.950287404350409044e-16 5.655001095525936660e-17 7.622725614978090562e+03
1.611704794524083767e-17 5.722907606137431154e-17 7.623478408234112067e+03
4.533319275266262598e-17 5.774429596454852989e-17 7.624231205702439183e+03
3.135866268276180060e-16 5.778680551653017753e-17 7.624984007383216522e+03
1.522623213241422846e-16 5.727784348510362363e-17 7.625736813276596877e+03
2.310596562211613302e-16 5.649939909427793359e-17 7.626489623382729405e+03
2.501655528571543516e-16 5.561309207216458228e-17 7.627242437701765994e+03
3.840835850809043089e-16 5.483713427965106565e-17 7.627995256233855798e+03
-2.256140195857550849e-17 5.419067003061954522e-17 7.628748078979147976e+03
2.011462399452453975e-16 5.373739714613061735e-17 7.629500905937791686e+03
7.042740395126686930e-17 5.338042298747314092e-17 7.630253737109940630e+03
3.707411352454758660e-17 5.304867599846637398e-17 7.631006572495740329e+03
-2.255783266940454425e-17 5.283985057022169129e-17 7.631759412095344487e+03
1.975147943417813171e-16 5.272121499412188917e-17 7.632512255908901352e+03
4.214318720229765475e-17 5.261742199731771595e-17 7.633265103936562809e+03
4.961888633328426398e-17 5.254586324824118532e-17 7.634017956178475288e+03
1.552732742865402776e-16 5.232745072043478482e-17 7.634770812634791582e+03
4.345320328908080146e-16 5.219744942248699793e-17 7.635523673305660850e+03
1.299546577596549436e-16 5.169969414526512944e-17 7.636276538191233158e+03
1.909676787246457135e-16 5.056511671319066221e-17 7.637029407291658572e+03
3.324953070192820542e-16 4.990431732730996643e-17 7.637782280607088978e+03
1.343960618024021601e-16 4.943766429031417665e-17 7.638535158137669896e+03
-2.179290383516336267e-19 4.921434227324252153e-17 7.639288039883556849e+03
2.569064947192147304e-16 4.930717695500928377e-17 7.640040925844896265e+03
1.090436281479287776e-16 4.918725814305008509e-17 7.640793816021837301e+03
1.633655790100433997e-16 4.940209571564814608e-17 7.641546710414533663e+03
3.827044558748827091e-16 4.961314993033303118e-17 7.642299609023132689e+03
3.876411448907005258e-16 4.984417795045870633e-17 7.643052511847784444e+03
-7.273900199061729765e-17 5.011047110714503442e-17 7.643805418888641725e+03
2.892777231123150720e-16 5.040208207489380762e-17 7.644558330145849141e+03
1.244849796186132086e-16 5.065154676929365531e-17 7.645311245619562214e+03
5.910170267926587038e-17 5.099167766238495641e-17 7.646064165309929194e+03
2.241317015745678410e-16 5.145920833548484944e-17 7.646817089217098328e+03
3.241059583700109211e-16 5.258106894509942821e-17 7.647570017341220591e+03
1.941901546591755575e-16 5.300779600046859689e-17 7.648322949682448780e+03
4.180872710770739034e-16 5.338669307904522926e-17 7.649075886240927503e+03
3.694950710957610173e-16 5.624114135229036778e-17 7.649828827016814103e+03
2.271766887884412710e-16 5.497345914217097855e-17 7.650581772010251370e+03
4.101598943347334700e-17 5.403985964831766674e-17 7.651334721221393920e+03
2.021168456479510892e-16 5.388378611922427461e-17 7.652087674650389090e+03
3.702459905447445784e-16 5.394299160624799964e-17 7.652840632297386037e+03
3.244617120224109744e-16 5.413821010906419740e-17 7.653593594162539375e+03
2.484574453836495490e-16 5.424762305756760574e-17 7.654346560245996443e+03
1.788789661974316390e-16 5.462878087246441230e-17 7.655099530547906397e+03
2.873175183184335315e-16 5.521244043130081247e-17 7.655852505068422033e+03
2.626253673918314278e-16 5.626606285429004858e-17 7.656605483807688870e+03
2.572241334312261517e-16 5.717880773811376134e-17 7.657358466765861522e+03
1.989916977288906123e-17 5.792372772305334898e-17 7.658111453943087326e+03
2.078973209075832638e-16 5.849561907419419870e-17 7.658864445339517260e+03
4.814533400628445216e-17 5.857601949876456898e-17 7.659617440955300481e+03
4.363228097853126830e-16 5.830334658513756638e-17 7.660370440790589782e+03
2.207408713115739014e-16 5.783569746938664251e-17 7.661123444845532504e+03
1.275947671368300570e-16 5.735032883225552502e-17 7.661876453120277802e+03
2.032341158108976603e-16 5.699932139864349569e-17 7.662629465614977562e+03
3.824099602759126242e-16 5.674569555706197610e-17 7.663382482329781851e+03
2.436425612942274701e-16 5.666109836552636936e-17 7.664135503264840736e+03
5.373274863917695391e-17 5.672318223686268189e-17 7.664888528420302464e+03
4.566202679780897075e-16 5.673044560233054655e-17 7.665641557796319830e+03
1.737519491268025001e-16 5.640429342734168330e-17 7.666394591393040173e+03
1.554121425940311636e-16 5.651584526325294256e-17 7.667147629210616287e+03
3.954222377208316170e-16 5.646017364060034089e-17 7.667900671249196421e+03
1.823400800018159392e-16 5.625423873021805852e-17 7.668653717508930640e+03
2.547868108939019523e-16 5.577255304997967389e-17 7.669406767989968102e+03
2.458439275108860340e-16 5.481235807740149909e-17 7.670159822692461603e+03
5.574154174361539669e-16 5.385648321130451375e-17 7.670912881616559389e+03
2.556561505533669984e-17 5.288123438904280438e-17 7.671665944762409708e+03
2.933171261137757777e-16 5.218353728507770819e-17 7.672419012130167175e+03
5.748755569238346282e-16 5.183782098738067898e-17 7.673172083719977309e+03
2.593278629195669687e-16 5.173685939996503994e-17 7.673925159531992904e+03
1.761555202797194815e-16 5.186176881932542486e-17 7.674678239566361299e+03
2.202201942296300894e-16 5.220701439350183593e-17 7.675431323823236198e+03
3.464673266419856007e-16 5.712522487398441336e-17 7.676184412302765850e+03
3.109645153616642313e-16 5.374779429787716861e-17 7.676937505005097591e+03
4.445915739765593778e-16 5.281087374675916683e-17 7.677690601930386038e+03
3.266783083179663467e-16 5.317811763411275308e-17 7.678443703078779436e+03
-1.845964269123626064e-16 5.361397063892939521e-17 7.679196808450426033e+03
2.179890133285426534e-16 5.413357341308568712e-17 7.679949918045480445e+03
3.786023340756920743e-16 5.481814110449738380e-17 7.680703031864086370e+03
4.897695267042421382e-16 5.868754822825120176e-17 7.681456149906398423e+03
3.052564846274477133e-16 6.165395970746099412e-17 7.682209272172565761e+03
3.735548785556894432e-16 6.083236288386579372e-17 7.682962398662737542e+03
6.159194128005448276e-16 5.718509674145008261e-17 7.683715529377064740e+03
1.986438092424963539e-16 5.746904590277748531e-17 7.684468664315694696e+03
2.540728212743166765e-16 5.801926600802613770e-17 7.685221803478780203e+03
3.584882787525476734e-16 5.864091117342676183e-17 7.685974946866472237e+03
7.764357051439440509e-17 5.914454035513679209e-17 7.686728094478919957e+03
4.552976951746434937e-16 5.972812466962911170e-17 7.687481246316272518e+03
4.740053936976167034e-16 6.014708254982308303e-17 7.688234402378678169e+03
3.850960598859567508e-16 6.054249669588736909e-17 7.688987562666290614e+03
2.013609082659416772e-16 6.125042828550969470e-17 7.689740727179256282e+03
4.722650144394301067e-16 6.099731410510339029e-17 7.690493895917727059e+03
3.681291892411156378e-16 6.112886428221087864e-17 7.691247068881853920e+03
1.320661823541851175e-16 6.077946682493633146e-17 7.692000246071786933e+03
2.616925146209501254e-16 6.118269642865012237e-17 7.692753427487674344e+03
3.798493649623277162e-16 6.161060949475156835e-17 7.693506613129668040e+03
3.517789398192265701e-16 6.208613887247364499e-17 7.694259802997917177e+03
3.466797607671362071e-16 6.229724223520070579e-17 7.695012997092571823e+03
3.744955845042875749e-16 6.237817189087433303e-17 7.695766195413778405e+03
7.731657243408920995e-17 6.227273000281317727e-17 7.696519397961693358e+03
4.519967343371735720e-16 6.217637951526383748e-17 7.697272604736463109e+03
5.367924791272828244e-16 6.197330448300876031e-17 7.698025815738237725e+03
5.884867152679821862e-16 6.175194938884979587e-17 7.698779030967168183e+03
3.431151297436651895e-17 6.163152866633443393e-17 7.699532250423404548e+03
-2.173222854154722826e-17 6.088496764990082413e-17 7.700285474107095069e+03
2.461925921922168849e-16 6.038670897802611879e-17 7.701038702018395270e+03
2.513886129423362319e-16 5.993939863571466729e-17 7.701791934157447940e+03
4.166192601658967468e-16 5.973061822721024074e-17 7.702545170524405876e+03
3.332079661666156927e-16 5.995033276241945597e-17 7.703298411119420052e+03
3.735791597895682982e-16 5.990823587982746966e-17 7.704051655942639627e+03
3.459165275299100481e-16 6.123317960555709116e-17 7.704804904994215576e+03
2.509134727709819519e-17 6.388146693232229106e-17 7.705558158274296147e+03
3.085011214729097365e-16 6.781869472198841839e-17 7.706311415783034136e+03
-7.229557119406303928e-17 7.254061390641842603e-17 7.707064677520576879e+03
4.029792628021201458e-16 7.691829157858391242e-17 7.707817943487076263e+03
7.689716162792865150e-16 8.111491844692638499e-17 7.708571213682681446e+03
4.527379050226398338e-16 8.549150959066841757e-17 7.709324488107541583e+03
-4.394952859045175068e-17 9.028058548687839615e-17 7.710077766761808562e+03
2.500951151457889434e-16 9.363933146116967152e-17 7.710831049645630628e+03
4.819549282549643136e-16 9.784000872954960854e-17 7.711584336759158759e+03
4.477022736043015741e-16 1.018482501839943740e-16 7.712337628102544841e+03
1.127052946896654926e-16 1.049439837795726159e-16 7.713090923675936210e+03
6.382782175879471594e-16 1.068506508527313066e-16 7.713844223479482935e+03
-4.395172570106281138e-18 1.079811986006623567e-16 7.714597527513335990e+03
2.940902098889867838e-16 1.085769528584876450e-16 7.715350835777644534e+03
5.827008348792514571e-16 1.089100929770653944e-16 7.716104148272560451e+03
-5.522546599608441243e-17 1.094668869102679500e-16 7.716857464998231080e+03
-1.476261044467613513e-16 1.096292371106094518e-16 7.717610785954810126e+03
5.074320245326606304e-16 1.093034816598180947e-16 7.718364111142442198e+03
2.311346691355908898e-16 1.088088067908806727e-16 7.719117440561283729e+03
2.450396040095415056e-16 1.072419217783023101e-16 7.719870774211480239e+03
3.071693323340376103e-16 1.050905194502094223e-16 7.720624112093184522e+03
6.140892218848102028e-16 1.024601255876087026e-16 7.721377454206543916e+03
5.928539742924296173e-17 9.926981048875114272e-17 7.722130800551708489e+03
4.241041947787731915e-16 9.598329874051358409e-17 7.722884151128831945e+03
4.500315820839228581e-16 9.239997502954688352e-17 7.723637505938060713e+03
5.369757370475759242e-16 8.826983377522298478e-17 7.724390864979546677e+03
2.653558668037483983e-16 8.336268203278742628e-17 7.725144228253438996e+03
4.538898394201044977e-16 7.858637213565758820e-17 7.725897595759886826e+03
5.201800520149741917e-16 7.483073252106042061e-17 7.726650967499042963e+03
9.379270757193496594e-17 7.176362480466785336e-17 7.727404343471055654e+03
1.104866703958417911e-16 7.006827917283815910e-17 7.728157723676073147e+03
7.009142810513415551e-16 6.960596733336567899e-17 7.728911108114248236e+03
3.297195496319550648e-16 6.949322739050722242e-17 7.729664496785730989e+03
3.928761592053183242e-16 6.967874439138352871e-17 7.730417889690670563e+03
1.218718098517868566e-16 7.003787968948453966e-17 7.731171286829215205e+03
4.641216273834410079e-16 6.915356262682302209e-17 7.731924688201518620e+03
-5.360611072779671854e-17 6.723513339939834870e-17 7.732678093807728146e+03
3.620866380116933904e-16 6.570420165641914953e-17 7.733431503647994759e+03
2.435922894944695940e-16 6.433424780270910366e-17 7.734184917722468526e+03
2.019015493235127045e-16 6.264056071216294572e-17 7.734938336031297695e+03
2.650693623135290123e-16 6.154971870483601034e-17 7.735691758574637788e+03
4.463164115798030999e-16 6.078428421697890013e-17 7.736445185352631597e+03
3.353018712737441252e-16 6.036750344239419280e-17 7.737198616365432827e+03
2.337207188560642205e-16 6.020720535820898612e-17 7.737952051613192452e+03
3.490927322161376918e-16 6.010895971515362453e-17 7.738705491096056903e+03
4.078561326069353132e-16 6.005237031803770669e-17 7.739458934814180793e+03
3.300636688051869469e-16 6.023651759610346496e-17 7.740212382767709641e+03
4.284323048189290302e-16 6.041782510354456430e-17 7.740965834956797153e+03
1.041178781363631506e-16 6.090129569468767852e-17 7.741719291381592484e+03
1.919236377645188237e-16 6.231360826606600479e-17 7.742472752042244792e+03
2.625754657839246052e-16 6.476741813359985269e-17 7.743226216938903235e+03
1.301638878291147113e-16 6.934659943206001391e-17 7.743979686071721517e+03
2.978883461602923248e-17 7.597880601664976440e-17 7.744733159440846066e+03
2.490289096432566127e-16 8.278114827859690198e-17 7.745486637046427859e+03
6.846585225054503742e-16 8.779592308955578800e-17 7.746240118888617872e+03
5.241366959507470715e-16 9.144019100285176713e-17 7.746993604967563442e+03
2.149121993787270216e-16 9.360441613870829342e-17 7.747747095283418275e+03
2.110113607343254992e-16 9.440014418788843193e-17 7.748500589836328800e+03
5.944313775738398715e-16 9.434583647018651568e-17 7.749254088626449629e+03
1.932752473298192092e-16 9.440860979096311968e-17 7.750007591653926283e+03
1.841261304824091786e-16 9.450334955353743637e-17 7.750761098918912467e+03
4.393507354775314228e-16 9.489906079705249402e-17 7.751514610421555517e+03
3.389469623566175984e-16 9.516589129248652139e-17 7.752268126162004592e+03
4.580857438076254923e-16 9.609741148746915527e-17 7.753021646140412486e+03
4.815745734897963195e-16 9.721898825864532861e-17 7.753775170356928356e+03
2.063205692484892810e-16 9.935936644651699028e-17 7.754528698811703180e+03
2.913877910148823156e-16 1.006402785164370890e-16 7.755282231504885203e+03
-8.931508720225941437e-17 1.016616754235693138e-16 7.756035768436624494e+03
2.449597010969823775e-16 1.010428576998825024e-16 7.756789309607071118e+03
4.749923083100181862e-16 9.796410559472056629e-17 7.757542855016376052e+03
1.888061075028011870e-16 9.363540530725154125e-17 7.758296404664690272e+03
5.851468412035962722e-16 8.649787243163709343e-17 7.759049958552161115e+03
7.721082900745905947e-16 8.083431427788850962e-17 7.759803516678940468e+03
3.660893070535874349e-16 7.622484953120107689e-17 7.760557079045178398e+03
2.767702078094007833e-16 7.294990871007389950e-17 7.761310645651024970e+03
4.506001410721654488e-16 7.159578821424341651e-17 7.762064216496628433e+03
-1.452879497808848260e-16 7.150982958160221112e-17 7.762817791582141581e+03
9.667754246380243832e-17 7.197688362278117304e-17 7.763571370907711753e+03
7.257401054438351507e-16 7.306111586322272498e-17 7.764324954473491744e+03
1.224475508189933409e-16 7.515733682658007143e-17 7.765078542279628891e+03
-9.755768711505207346e-17 7.866287084737470597e-17 7.765832134326272353e+03
3.246163181709129960e-16 8.294974520046329302e-17 7.766585730613576743e+03
4.142148618246642075e-16 8.733169672361279382e-17 7.767339331141690309e+03
4.192972528523306039e-16 9.164712094991749249e-17 7.768092935910761298e+03
3.017025868124940435e-16 9.548104583339410959e-17 7.768846544920941597e+03
5.833688646176156097e-16 9.848932117082169610e-17 7.769600158172379452e+03
1.676968348706365948e-16 1.010304277960160574e-16 7.770353775665224930e+03
2.612300147752149765e-16 1.028690865120459972e-16 7.771107397399629917e+03
3.071700332867501243e-16 1.043568676192543150e-16 7.771861023375744480e+03
3.402164630243333417e-16 1.049302243734605332e-16 7.772614653593716866e+03
5.452244058553607044e-16 1.055522590607677200e-16 7.773368288053696233e+03
9.555863529046110516e-17 1.065529582755237062e-16 7.774121926755837194e+03
2.002487149695537995e-16 1.078404229447406765e-16 7.774875569700285268e+03
2.708631241672929305e-16 1.089010187915660608e-16 7.775629216887193252e+03
-2.598086809188050972e-17 1.097842220884596080e-16 7.776382868316710301e+03
3.580355789278593933e-16 1.102543616923137504e-16 7.777136523988985573e+03
2.967993932923397664e-17 1.098660263413420307e-16 7.777890183904170044e+03
1.300722799879660700e-16 1.086054903964687604e-16 7.778643848062411053e+03
-7.023568119838344135e-18 1.059901475158355895e-16 7.779397516463863212e+03
4.824852959085905017e-16 1.020757895085314645e-16 7.780151189108674771e+03
3.684620764799800184e-16 9.739597497708594490e-17 7.780904865996995795e+03
4.593648171611979024e-16 9.186226943057519002e-17 7.781658547128972714e+03
5.423798700061877002e-16 8.582805846298322549e-17 7.782412232504762869e+03
6.780609537097165649e-16 8.018532935837349199e-17 7.783165922124509962e+03
4.391822576437138484e-16 7.575507563575464825e-17 7.783919615988366786e+03
2.730400919589500634e-16 7.266098957306030657e-17 7.784673314096483409e+03
1.502328855360768138e-16 7.110012601709733604e-17 7.785427016449008079e+03
-6.120172984183699767e-17 7.118362608860570777e-17 7.786180723046092680e+03
3.483744239123820584e-16 7.255728122153219024e-17 7.786934433887886371e+03
4.486249309932938938e-16 7.534725471016043175e-17 7.787688148974539217e+03
2.123421809657051960e-16 7.870503865483760806e-17 7.788441868306203105e+03
3.803356996253236289e-16 8.192340271343427969e-17 7.789195591883024463e+03
3.864665917244088383e-16 8.449798455313858315e-17 7.789949319705156086e+03
4.862364709036917714e-16 8.640463711250224146e-17 7.790703051772748040e+03
4.289236086407884862e-16 8.737878189927716904e-17 7.791456788085948574e+03
2.267469275220992949e-16 8.757652377068402653e-17 7.792210528644909573e+03
3.561110043663710439e-16 8.752891678427394511e-17 7.792964273449778375e+03
1.801752056857478872e-16 8.755631900238232441e-17 7.793718022500707775e+03
3.929059634513979007e-16 8.732023460496737685e-17 7.794471775797846931e+03
1.847030230039725129e-16 8.676523325204419814e-17 7.795225533341345908e+03
2.531876969940405392e-16 8.671011493893075149e-17 7.795979295131354775e+03
1.892444700909315068e-16 8.649438671780903716e-17 7.796733061168024506e+03
2.594786916324017210e-16 8.627930119274357213e-17 7.797486831451502439e+03
4.303196375530400247e-16 8.591783906336546020e-17 7.798240605981940462e+03
1.027917322457554413e-16 8.534686204883614460e-17 7.798994384759491368e+03
6.903876055242544752e-17 8.423141517292701911e-17 7.799748167784297038e+03
3.437768865613687789e-16 8.290430462898289229e-17 7.800501955056514817e+03
5.599339207029383660e-16 8.046556720520196565e-17 7.801255746576294769e+03
3.163138537499137211e-16 7.715884905922740131e-17 7.802009542343781504e+03
4.395425035107888581e-16 7.434883847426530847e-17 7.802763342359130547e+03
5.553424898658156600e-16 7.224542050731545155e-17 7.803517146622489236e+03
3.523171881825859460e-16 7.063851838992538449e-17 7.804270955134008545e+03
4.868697776594280017e-16 7.002527003859088037e-17 7.805024767893836724e+03
2.438846824443753231e-16 7.023826899971872624e-17 7.805778584902127477e+03
1.187693791423840425e-16 7.059644920382445754e-17 7.806532406159025413e+03
3.710602778283370807e-16 7.073149388427711251e-17 7.807286231664685147e+03
4.608965130215338830e-16 7.094258799692182775e-17 7.808040061419255835e+03
8.324676959948122897e-17 7.129009357841087450e-17 7.808793895422886635e+03
3.401404101721681690e-16 7.161662792705861132e-17 7.809547733675728523e+03
6.036462782788199258e-16 7.197838925887841230e-17 7.810301576177929746e+03
2.710929072587642668e-16 7.254708230249778681e-17 7.811055422929640372e+03
2.648040213253436607e-16 7.299152677758657435e-17 7.811809273931014104e+03
4.110243317351563398e-16 7.325353531986261049e-17 7.812563129182197372e+03
2.280367757614097218e-16 7.446183325383738803e-17 7.813316988683340242e+03
5.138483503816088832e-17 7.584935091164864201e-17 7.814070852434595508e+03
1.207772427926082222e-16 7.901061392881629202e-17 7.814824720436110510e+03
3.461454101462937640e-16 8.304807925606773247e-17 7.815578592688036224e+03
2.806519795235526881e-16 8.726389172493850423e-17 7.816332469190522716e+03
4.938980340306752880e-16 9.028379497602613923e-17 7.817086349943720961e+03
5.033406838153965548e-16 9.239265930340279730e-17 7.817840234947779209e+03
2.195081345519624127e-16 9.328820615147390903e-17 7.818594124202848434e+03
2.462479083897210022e-16 9.339648303273305728e-17 7.819348017709078704e+03
1.206720212494799952e-16 9.322036549005558977e-17 7.820101915466620994e+03
4.258042128164344610e-16 9.297621471820160394e-17 7.820855817475623553e+03
2.377475909123407188e-16 9.449929778269558806e-17 7.821609723736235537e+03
2.397582758923593474e-16 9.286634264007747498e-17 7.822363634248611561e+03
3.353123546476195211e-16 9.249477188071494361e-17 7.823117549012895324e+03
5.016313142023726691e-16 9.233701296080356551e-17 7.823871468029243260e+03
4.324093027666522787e-16 9.221720475795714434e-17 7.824625391297799979e+03
2.111034868435917812e-16 9.212638087420027597e-17 7.825379318818720094e+03
2.399512405979441985e-16 9.165147268786038508e-17 7.826133250592149125e+03
8.363166611940607236e-17 9.081039642791417205e-17 7.826887186618240776e+03
6.871290639513637285e-17 8.923705712110843959e-17 7.827641126897144204e+03
5.033224173194189124e-16 8.631288590356751978e-17 7.828395071429007658e+03
1.490155405378565009e-16 8.122846133427494385e-17 7.829149020213983022e+03
5.931791795687900482e-16 7.502100362197705887e-17 7.829902973252220363e+03
9.424230741733345891e-16 6.892441784441653530e-17 7.830656930543869748e+03
3.142557156179847930e-16 6.337640517227208574e-17 7.831410892089079425e+03
4.012104727573428742e-16 5.941350927107813637e-17 7.832164857888002189e+03
5.285368504067826150e-16 5.775775979583292198e-17 7.832918827940786286e+03
3.674104061433408428e-16 5.811173343169428458e-17 7.833672802247579966e+03
4.787820373050991335e-17 5.935302001113248311e-17 7.834426780808536932e+03
2.390540390771077533e-16 6.153713764197141569e-17 7.835180763623806342e+03
3.965181729005346739e-16 6.403620474194297087e-17 7.835934750693535534e+03
1.550325322835541339e-16 6.629744937353868768e-17 7.836688742017879122e+03
5.960545103221315170e-16 6.797257665909610672e-17 7.837442737596982624e+03
4.609464197399812689e-16 6.902248750391949849e-17 7.838196737430997018e+03
4.435125587370902078e-16 6.947356373764250339e-17 7.838950741520075098e+03
2.356321168201809793e-16 6.935494144153339954e-17 7.839704749864366022e+03
2.407372236168133593e-17 6.931599611886217045e-17 7.840458762464017127e+03
4.267458374584620777e-16 6.932156746364789578e-17 7.841212779319181209e+03
3.878242732135203167e-17 6.936665185383407793e-17 7.841966800430005605e+03
4.228401867758366341e-16 6.975923742646056245e-17 7.842720825796644931e+03
3.782133958667653240e-16 7.057083985651232984e-17 7.843474855419244705e+03
3.419795216378436365e-16 7.162401623704972403e-17 7.844228889297955902e+03
3.048017261869020016e-16 7.350689094053523159e-17 7.844982927432931319e+03
9.529111327804886457e-17 7.598880865094508617e-17 7.845736969824318294e+03
1.949415943221693958e-16 7.931500408301058053e-17 7.846491016472267802e+03
-2.098415523900567420e-16 8.441580259673094070e-17 7.847245067376929001e+03
4.790073591605246447e-16 8.984279234047196160e-17 7.847999122538452866e+03
2.977553494645376157e-16 9.376781180130376890e-17 7.848753181956990375e+03
7.171632415412042661e-16 9.673864667063334748e-17 7.849507245632687045e+03
5.890633337272020602e-16 1.000058989862004693e-16 7.850261313565698401e+03
4.306846212169190542e-16 9.855222406277779038e-17 7.851015385756174510e+03
-6.251863856578331731e-17 9.816208870826496394e-17 7.851769462204258161e+03
5.935198064990275503e-17 9.851463091689729686e-17 7.852523542910108517e+03
4.326598117101013955e-16 9.962425552542268215e-17 7.853277627873871097e+03
4.272186934346050842e-16 1.011597144868311190e-16 7.854031717095695058e+03
-3.312662972803881576e-16 1.031066698026592794e-16 7.854785810575733194e+03
3.831646139822294641e-16 1.049019925541146746e-16 7.855539908314132845e+03
6.107404355796443049e-16 1.063541897746915041e-16 7.856294010311044985e+03
7.153149693165249696e-16 1.083998262502950739e-16 7.857048116566622411e+03
1.549734066809926861e-16 1.073666278447885803e-16 7.857802227081008823e+03
2.583524366426304224e-16 1.065218790655263024e-16 7.858556341854362472e+03
2.687936208822234950e-16 1.049788776988515697e-16 7.859310460886825240e+03
3.615661529191687645e-16 1.024634847709617364e-16 7.860064584178555378e+03
2.346313923106464867e-16 9.849187638017856015e-17 7.860818711729695679e+03
3.306387705755449382e-16 9.328496834060532631e-17 7.861572843540398026e+03
4.813241138392560107e-16 8.913157800848272252e-17 7.862326979610814305e+03
4.113252056438501228e-16 8.540532284095205131e-17 7.863081119941094585e+03
4.133990490346959032e-16 8.367242523225991006e-17 7.863835264531389839e+03
4.978405846599494895e-16 8.399415700942875254e-17 7.864589413381845588e+03
-5.066892571175326637e-18 8.588640822033456238e-17 7.865343566492616446e+03
1.413941829563672525e-16 8.729040714890858934e-17 7.866097723863849751e+03
2.867581081822350584e-16 8.780687377758771009e-17 7.866851885495695569e+03
7.097661761217768646e-16 8.753803937500868638e-17 7.867606051388307606e+03
2.837454130673332456e-16 8.578468559460322213e-17 7.868360221541830470e+03
-4.968457265675376487e-17 8.344849124719076093e-17 7.869114395956416956e+03
4.889675787558752168e-16 8.157443603581859645e-17 7.869868574632218952e+03
5.092018763517315304e-16 8.012123895343567272e-17 7.870622757569381974e+03
4.698886311280529303e-16 7.953146879978538337e-17 7.871376944768060639e+03
3.465383198875883942e-17 7.960728935487707861e-17 7.872131136228403193e+03
-9.870568481685429872e-17 8.112573567550931179e-17 7.872885331950558793e+03
4.663630155845897111e-16 8.277331565919474781e-17 7.873639531934677507e+03
3.765491793028469112e-16 8.426396341901323090e-17 7.874393736180912128e+03
1.482659690158963680e-16 8.555410682279402830e-17 7.875147944689406359e+03
2.837487742675721820e-16 8.629819474967178873e-17 7.875902157460318449e+03
5.182118438126230888e-16 8.638089157149352970e-17 7.876656374493793010e+03
4.704604842743752381e-16 8.573090917022796564e-17 7.877410595789981016e+03
5.413092049685442299e-16 8.423209543200519914e-17 7.878164821349035265e+03
3.612788702016376119e-16 6.713898617147933941e-17 7.998738426394711496e+03
1.551265179743674579e-16 6.278390891290579728e-17 7.999513863985841454e+03
3.156768561874721809e-16 6.120289063123425505e-17 8.000289244706196769e+03
1.677397899001897225e-16 6.085948990315824954e-17 8.001064568624063213e+03
3.022115343502323845e-16 6.108077153384143041e-17 8.001839835807733834e+03
2.066846280725152280e-16 6.198333986896516334e-17 8.002615046325496223e+03
2.732856666115682238e-16 6.368539269640636954e-17 8.003390200245643427e+03
1.071317207824399111e-16 6.590829864497849729e-17 8.004165297636460309e+03
4.690645412802584801e-16 6.793688188362085182e-17 8.004940338566242644e+03
4.603685074060214195e-16 6.958677646886099157e-17 8.005715323103275296e+03
1.497310750776138779e-16 7.090616633007062926e-17 8.006490251315851310e+03
2.322284879851639077e-16 7.130677883198958741e-17 8.007265123272260098e+03
2.578285475815090096e-16 7.138023648182370805e-17 8.008039939040789250e+03
5.112693979688449178e-16 7.163503727497876796e-17 8.008814698689729994e+03
1.874505201851187583e-16 7.216937790340057609e-17 8.009589402287370831e+03
3.013264677881143890e-16 7.268077580977858817e-17 8.010364049902005718e+03
3.020669254709198429e-16 7.290868078759460004e-17 8.011138641601921336e+03
4.079407800409261885e-16 7.346636527664501691e-17 8.011913177455406185e+03
3.224267062480797613e-16 7.408262802311980517e-17 8.012687657530752404e+03
6.720293744779750040e-17 7.496592945522924370e-17 8.013462081896252130e+03
-5.019167950857386804e-17 7.647542319236168118e-17 8.014236450620188407e+03
-8.029876905889503434e-17 7.931044734539133038e-17 8.015010763770857011e+03
2.354090849038262992e-16 8.328038899527433203e-17 8.015785021416544623e+03
1.181722017148329391e-16 8.708272335796443509e-17 8.016559223625542472e+03
8.591278437403655561e-16 8.961869538727054455e-17 8.017333370466141787e+03
5.487825579642678631e-16 9.112004974570992834e-17 8.018107462006629248e+03
6.546711099704730778e-16 9.189963597606547781e-17 8.018881498315296994e+03
1.804007063354930755e-16 9.155370715718775028e-17 8.019655479460432616e+03
1.623453988568021330e-16 9.125784891790203823e-17 8.020429405510325523e+03
2.877565768653294931e-16 9.120912994666956720e-17 8.021203276533271492e+03
2.817465217030898814e-16 9.350988675372975468e-17 8.021977092597553565e+03
6.686923177043760146e-17 9.185377665645352022e-17 8.022750853771465700e+03
3.410969880156760673e-16 9.082439756656293607e-17 8.023524560123296396e+03
1.490765836200284333e-16 9.080591979142637019e-17 8.024298211721333246e+03
5.320587086546328770e-16 9.277823817112614922e-17 8.025071808633871115e+03
2.853939338819995733e-16 9.050648013507297542e-17 8.025845350929194865e+03
2.636462203267735947e-16 8.981026886170606906e-17 8.026618838675596635e+03
2.909347710547409935e-17 8.907015328388458123e-17 8.027392271941367653e+03
8.307044291941395467e-17 8.778315019067133506e-17 8.028165650794793692e+03
1.093694091288605430e-16 8.525947548465235092e-17 8.028938975304170526e+03
2.165476851002306808e-16 8.091354066102431521e-17 8.029712245537781200e+03
6.765312456826422073e-16 7.656009408479232264e-17 8.030485461563919671e+03
5.281924237038420400e-16 7.183365592071799069e-17 8.031258623450874438e+03
5.258859076677170539e-16 6.664041107278880374e-17 8.032031731266937641e+03
3.219045359807867072e-16 6.318758854183761538e-17 8.032804785080396869e+03
2.550217652010040544e-16 6.263442027232367105e-17 8.033577784959542441e+03
2.780123031760751294e-16 6.025922201252247569e-17 8.034350730972662859e+03
2.012355334699525373e-16 5.913856678560777092e-17 8.035123623188050260e+03
2.106966318964254050e-16 5.854158198775432661e-17 8.035896461673992235e+03
3.170976505943169537e-16 5.821603271310348821e-17 8.036669246498782741e+03
4.204696451773914196e-16 5.776051100137773573e-17 8.037441977730706640e+03
2.128775200665515825e-16 5.768963235490653811e-17 8.038214655438056980e+03
3.250537581967568984e-16 5.754983415998595022e-17 8.038987279689121351e+03
3.210441296433611442e-16 5.762424055104824750e-17 8.039759850552190983e+03
3.451457830542042377e-16 5.799908028110228697e-17 8.040532368095557104e+03
1.712868497657563023e-16 5.867475902621765502e-17 8.041304832387507304e+03
2.320132498446050058e-16 5.996558358386728380e-17 8.042077243496330993e+03
-1.363809283779760960e-16 6.161047020916181567e-17 8.042849601490319401e+03
6.584446435865457854e-17 6.314388606898628005e-17 8.043621906437761936e+03
4.681695175386283107e-16 6.441144949598390494e-17 8.044394158406949828e+03
5.462510523770915852e-16 6.525270559171309581e-17 8.045166357466169757e+03
1.104192708302831762e-16 6.568362476245445956e-17 8.045938503683713861e+03
2.330887677787097170e-16 6.574451715157214068e-17 8.046710597127872461e+03
5.345627677754937437e-16 6.567313062695275719e-17 8.047482637866934965e+03
2.265086270755134610e-16 6.577706374647128178e-17 8.048254625969189874e+03
1.391732975371338761e-16 6.572702899085991993e-17 8.049026561502927507e+03
2.248883611691134974e-16 6.582256824350032722e-17 8.049798444536440002e+03
1.101066793946064572e-16 6.610266364537264390e-17 8.050570275138012221e+03
2.407354279233801778e-17 6.692388635753171426e-17 8.051342053375939940e+03
3.066456021341130653e-16 6.841654694068942474e-17 8.052113779318508023e+03
1.581243103479975886e-16 7.087081958947794961e-17 8.052885453034012244e+03
-9.932053974344697055e-17 7.354869293693798410e-17 8.053657074590735647e+03
5.117824946995820950e-16 7.563828335001739230e-17 8.054428644056970370e+03
2.713190625197425361e-16 7.709506564438155952e-17 8.055200161501008552e+03
3.187054573982949594e-16 7.757351497993239372e-17 8.055971626991136873e+03
2.726244610731367598e-16 7.699047277724311502e-17 8.056743040595648381e+03
2.373352214555579230e-16 7.567185587608052605e-17 8.057514402382830667e+03
4.918661708595662545e-16 7.447294478844029213e-17 8.058285712420975869e+03
2.141321101191348639e-16 7.363233523715154284e-17 8.059056970778370669e+03
3.232860748107330306e-16 7.300102037355396782e-17 8.059828177523304475e+03
3.068692295321357533e-16 7.288999809569864913e-17 8.060599332724072156e+03
2.621340087180955557e-16 7.286191306131266115e-17 8.061370436448959481e+03
2.826603981200386262e-16 7.291462359608222169e-17 8.062141488766256771e+03
4.110845137265943904e-16 7.294494948075744587e-17 8.062912489744256163e+03
1.627135185093011511e-16 7.250318815709359810e-17 8.063683439451244340e+03
3.255499864547473562e-16 7.249936407204895006e-17 8.064454337955513438e+03
2.490775165162568751e-16 7.229025212035581189e-17 8.065225185325351049e+03
1.280884708784584017e-16 7.041464220277516650e-17 8.065995981629048401e+03
1.893130021219900967e-16 6.802270273325660519e-17 8.066766726934896724e+03
2.357031928637407373e-16 6.515463507711976915e-17 8.067537421311184517e+03
4.309641755244207703e-16 6.257629257930620843e-17 8.068308064826201189e+03
3.125156953019297411e-16 6.028688790889758998e-17 8.069078657548236151e+03
2.506433767459156329e-16 5.889122016899043263e-17 8.069849199545581541e+03
3.264595349863140705e-16 5.752654667215582023e-17 8.070619690886525859e+03
1.814443261806464366e-16 5.735308001464965011e-17 8.071390131639356696e+03
1.966833042193372278e-16 5.736105639796857898e-17 8.072160521872368918e+03
4.285730435287535803e-16 5.738091317919906156e-17 8.072930861653847387e+03
4.934642390163489861e-16 5.738841548601182576e-17 8.073701151052086061e+03
8.566941248048426111e-17 5.754380334997898845e-17 8.074471390135370712e+03
4.106642844440253479e-16 5.776514246676037140e-17 8.075241578971992567e+03
3.747332138176650276e-16 5.805504182831939607e-17 8.076011717630246494e+03
4.172526066656189113e-16 5.843509723383023404e-17 8.076781806178413717e+03
1.105347704123333032e-16 5.877498966358208783e-17 8.077551844684790922e+03
4.058307196082147934e-16 5.966277159428781438e-17 8.078321833217663880e+03
2.032818840769250393e-16 5.920874988891075394e-17 8.079091771845326548e+03
1.752911042409271805e-16 5.911154086246933819e-17 8.079861660636063789e+03
2.963942058243986476e-16 5.895115092219189902e-17 8.080631499658169560e+03
2.688253797636321925e-16 5.883674984493709173e-17 8.081401288979929632e+03
2.113706188487897741e-16 5.896863076862868133e-17 8.082171028669638872e+03
3.547925530487732349e-16 5.930440605193414023e-17 8.082940718795583052e+03
2.468066333411910544e-16 5.862778303883626868e-17 8.083710359426055220e+03
3.775675231244617919e-16 5.909301549936717248e-17 8.084479950629341147e+03
1.410949028877271770e-16 5.966877544526385058e-17 8.085249492473734790e+03
2.934657980833888999e-16 6.040764888594485219e-17 8.086018985027523740e+03
2.760391857952985463e-16 6.115899904241217434e-17 8.086788428358999226e+03
1.768930656899959176e-16 6.173870997651155949e-17 8.087557822536447929e+03
3.044578233633233781e-16 6.211260851625013403e-17 8.088327167628164716e+03
4.546500959057568629e-16 6.221394923191725512e-17 8.089096463702437177e+03
2.144222811657229079e-16 8.437502721309461469e-17 8.089865710827553812e+03
2.099753727719091444e-16 8.216765419064057149e-17 8.090634909071804941e+03
3.042133695126473551e-16 9.047943919771759554e-17 8.091404058503481792e+03
9.222475309890823311e-17 1.010999308797858822e-16 8.092173159190871957e+03
1.715243493120338427e-16 6.293452505200552484e-17 8.092942211202267572e+03
3.460411461683007221e-16 6.301690046947738144e-17 8.093711214605958958e+03
3.289061456933147704e-16 6.438433965756752891e-17 8.094480169470232795e+03
1.475574913083940319e-16 6.577426945656439882e-17 8.095249075863381222e+03
2.278138587610354181e-16 6.706664095747761798e-17 8.096017933853694558e+03
4.100341178348516608e-16 6.797576248171988246e-17 8.096786743509460393e+03
4.852883648602728559e-16 6.859772745818853335e-17 8.097555504898971776e+03
3.528913467524941468e-16 6.836733686424218146e-17 8.098324218090512659e+03
4.133540094980048815e-16 6.808797363442012632e-17 8.099092883152381546e+03
1.496324950356405604e-16 6.753069928217974864e-17 8.099861500152861481e+03
1.932468273365883399e-16 6.691615942626550594e-17 8.100630069160244602e+03
3.517336018858633941e-16 6.646725225621624369e-17 8.101398590242823047e+03
2.240163703726934913e-16 6.618749372097367005e-17 8.102167063468879860e+03
1.964752687470825001e-16 6.607935804643461656e-17 8.102935488906712635e+03
2.925058379427260005e-16 6.615548732490135016e-17 8.103703866624608054e+03
3.547119075464280151e-16 6.628192981518297941e-17 8.104472196690854616e+03
3.523917335031744221e-16 6.623460376933474938e-17 8.105240479173744461e+03
1.558763596228691638e-16 6.596753863308354350e-17 8.106008714141566088e+03
2.896064638438983424e-16 6.621077684411524824e-17 8.106776901662609816e+03
4.918685819678876097e-17 6.656586340481959576e-17 8.107545041805165056e+03
2.506676059148580905e-16 6.394917203480902978e-17 8.108313134637523035e+03
4.962355954652365936e-16 6.124620217433201600e-17 8.109081180227971345e+03
2.988597339512738540e-16 5.977484751250863247e-17 8.109849178644802123e+03
2.304791395000730161e-16 5.847410926411447310e-17 8.110617129956304780e+03
2.027352384284671593e-16 5.766521799632780707e-17 8.111385034230766905e+03
3.603757209634459132e-16 5.723936866776818719e-17 8.112152891536480638e+03
1.494927077856248352e-16 5.704247310600418937e-17 8.112920701941735388e+03
5.408617014635582338e-17 5.692962229019318701e-17 8.113688465514822383e+03
4.034245688550947829e-16 5.683549484924291266e-17 8.114456182324028305e+03
3.247369301752260617e-16 5.689182124332970374e-17 8.115223852437645292e+03
3.685785744150624254e-16 5.675260346620753317e-17 8.115991475923961843e+03
2.387641646818679750e-16 5.965201558956068262e-17 8.116759052851269189e+03
2.790002429694444719e-16 5.997725967836233150e-17 8.117526583287855829e+03
2.320959258066133904e-16 5.653142476427138214e-17 8.118294067302014810e+03
3.149135277959795558e-16 5.660147147432556932e-17 8.119061504962031904e+03
4.569555930932968031e-16 5.674588062053865859e-17 8.119828896336199250e+03
5.453343577387862562e-16 5.702611798085908449e-17 8.120596241492805348e+03
1.716160623432918789e-16 5.710198049508489547e-17 8.121363540500141426e+03
1.726231605315242529e-16 5.725788310992659776e-17 8.122130793426496894e+03
6.137954600913318638e-17 5.736838837282986351e-17 8.122898000340161161e+03
2.151676924759733430e-16 5.750169654953716670e-17 8.123665161309424548e+03
3.097055394894797629e-16 5.762794105098564088e-17 8.124432276402576463e+03
1.893521394930944197e-16 5.780028769071269022e-17 8.125199345687906316e+03
3.659453972322862968e-16 5.791657387027632852e-17 8.125966369233708065e+03
4.143958079557739572e-16 5.816384519769485657e-17 8.126733347108265662e+03
2.519438633750286773e-16 5.836295495253622250e-17 8.127500279379870335e+03
2.229931827141661408e-16 5.869715485887206102e-17 8.128267166116815133e+03
1.191262393305538872e-16 5.854623778668161474e-17 8.129034007387387646e+03
3.316853660540185698e-16 5.867924696030602446e-17 8.129800803259879103e+03
2.230080818141891279e-16 5.894926107933768268e-17 8.130567553802577095e+03
2.414028050348353342e-16 5.944814207584763389e-17 8.131334259083774668e+03
2.687010888484504909e-16 5.996928491990614793e-17 8.132100919171756686e+03
2.482973849830501295e-16 6.195885157805386911e-17 8.132867534134818015e+03
3.562009414259927261e-16 6.093091434783940229e-17 8.133634104041248065e+03
1.858038424831449565e-16 6.073532523525791330e-17 8.134400628959330788e+03
2.773334910117069864e-16 6.080010063109815713e-17 8.135167108957364690e+03
3.552297984556535063e-16 6.077956536870344581e-17 8.135933544103632812e+03
1.073225797930888995e-16 6.091395098793373036e-17 8.136699934466429113e+03
2.869101662126684707e-16 6.095662488269667899e-17 8.137466280114042092e+03
1.455774826011908621e-16 6.123032664411599434e-17 8.138232581114760251e+03
2.836422690593510603e-16 6.171159904274162666e-17 8.138998837536875726e+03
5.156034099958164008e-17 6.239172278991992851e-17 8.139765049448677928e+03
4.782323963114699598e-16 6.301376379222184491e-17 8.140531216918455357e+03
4.161471312887088538e-16 6.363577998423707281e-17 8.141297340014499241e+03
3.132213757821754456e-16 6.376898142399762978e-17 8.142063418805098081e+03
2.127166133357284646e-16 6.369091324932906521e-17 8.142829453358544924e+03
2.792740201986043769e-16 6.369084651539511950e-17 8.143595443743123724e+03
2.088715068370018568e-16 6.342432651426560593e-17 8.144361390027130255e+03
1.604536052380469289e-16 6.383060482321692035e-17 8.145127292278852110e+03
3.529141543991066436e-16 6.234039875623310603e-17 8.145893150566577788e+03
1.962012059749728336e-16 6.181950132631535581e-17 8.146658964958600336e+03
5.998162489894701044e-17 6.142250497254167499e-17 8.147424735523207346e+03
3.340694142088677472e-16 6.102188932367488139e-17 8.148190462328688227e+03
3.177574464180669900e-16 6.084298425752666606e-17 8.148956145443333298e+03
2.300355500356351637e-16 6.108993822778943530e-17 8.149721784935434698e+03
2.078897297234788722e-16 6.066110791318980543e-17 8.150487380873279108e+03
2.327738767064695567e-16 6.047327208041764381e-17 8.151252933325159574e+03
1.752562750123163297e-16 6.028222665179744846e-17 8.152018442359362780e+03
3.989985750082865255e-16 5.986402390010095568e-17 8.152783908044179043e+03
4.203437712674888038e-16 5.911940448102122537e-17 8.153549330447901411e+03
1.862769233404922741e-16 5.839593458752073239e-17 8.154314709638816566e+03
2.829286660389552905e-16 5.780276500707934143e-17 8.155080045685214827e+03
2.946750275470478575e-16 5.729977857932504199e-17 8.155845338655388332e+03
2.796020319214436696e-16 5.696784472587714412e-17 8.156610588617622852e+03
1.389461326592919964e-16 5.686059598862161788e-17 8.157375795640211436e+03
1.087521617902233346e-16 5.686332738272576199e-17 8.158140959791444402e+03
2.424784568627021313e-16 5.678885811757084357e-17 8.158906081139610251e+03
3.825053923703637447e-16 5.674838596662755974e-17 8.159671159752997482e+03
1.866250185318129035e-16 5.684242470147306604e-17 8.160436195699898235e+03
3.021431834337808992e-16 5.670332186391572314e-17 8.161201189048602828e+03
4.414046575624633213e-16 5.676477534162928052e-17 8.161966139867397942e+03
1.654921951043166511e-16 5.699491307320940120e-17 8.162731048224576625e+03
2.744056858480837441e-16 5.661206282628752131e-17 8.163495914188427378e+03
1.718482847533237965e-16 5.663398209554266238e-17 8.164260737827240519e+03
1.012376982160659817e-16 5.659439513602206175e-17 8.165025519209304548e+03
1.255122891213671666e-16 5.660215108202779067e-17 8.165790258402912514e+03
4.187019609163167395e-16 5.661900197471693970e-17 8.166554955476349278e+03
2.824582657573117696e-16 5.669959403341912439e-17 8.167319610497909707e+03
2.965131934015285117e-16 5.659483920909093067e-17 8.168084223535882302e+03
1.432322596002391399e-16 5.653580471023068798e-17 8.168848794658553743e+03
3.192031249105590684e-16 5.643855329941388000e-17 8.169613323934219807e+03
2.922205395714673319e-16 5.657014231773225724e-17 8.170377811431165355e+03
1.785053561814816012e-16 5.680400537781097733e-17 8.171142257217681617e+03
3.525362997952740596e-16 5.676954872930505101e-17 8.171906661362057093e+03
1.293523009947091557e-16 5.677055772715741001e-17 8.172671023932587559e+03
3.316592023695286136e-16 5.681684088385854916e-17 8.173435344997555148e+03
3.972232921255765613e-16 5.707457922761900031e-17 8.174199624625256547e+03
2.267417686649837596e-16 5.713043992089454264e-17 8.174963862883976617e+03
1.155112434817593127e-16 5.712469554325402682e-17 8.175728059842005678e+03
2.668161292236989156e-16 5.728959247425230923e-17 8.176492215567636777e+03
3.979803805227056856e-16 5.732755931411700448e-17 8.177256330129157504e+03
2.896859901481410393e-16 5.744973585105386091e-17 8.178020403594858180e+03
2.108286765284518836e-16 5.773373059382550846e-17 8.178784436033029124e+03
1.562991191596536503e-16 5.773025666130757113e-17 8.179548427511959744e+03
2.293898636894626573e-16 5.815525767438044765e-17 8.180312378099937632e+03
5.329688817219771214e-16 5.788041355904939202e-17 8.181076287865256745e+03
2.238043615129591029e-16 5.904317777688418855e-17 8.181840156876205583e+03
1.531647754735751525e-16 5.848071671947285279e-17 8.182603985201074465e+03
1.331972670600474403e-16 5.885396773568965922e-17 8.183367772908150073e+03
2.817151359962623558e-16 5.902698936695701524e-17 8.184131520065725454e+03
4.204614985475187909e-16 5.904850767379208785e-17 8.184895226742090017e+03
2.746639798742991892e-16 5.905462028543033613e-17 8.185658893005534992e+03
2.301865143277565361e-16 5.909556367513723458e-17 8.186422518924346150e+03
4.411422852073657838e-16 5.926455253786911425e-17 8.187186104566816539e+03
4.262136566712475916e-16 5.961918888197265138e-17 8.187949650001236478e+03
3.832224144568569921e-16 5.999256770882681093e-17 8.188713155295892648e+03
1.505357361750644561e-16 6.030844716826411627e-17 8.189476620519079006e+03
1.005391523784543159e-16 6.058199786096231437e-17 8.190240045739082234e+03
1.897071586391054088e-16 6.086895314383726597e-17 8.191003431024193560e+03
3.462684309252898044e-16 6.102199781757413948e-17 8.191766776442704213e+03
3.426228173780026803e-16 6.114450664592908692e-17 8.192530082062901784e+03
2.977837306494919104e-16 6.150844655996585459e-17 8.193293347953072953e+03
1.015281062261502483e-16 6.109032475127212044e-17 8.194056574181518954e+03
2.128846564121323581e-16 6.081893626850746763e-17 8.194819760816517373e+03
4.188280109285832656e-16 6.067032977182734250e-17 8.195582907926362168e+03
1.997433916856555576e-16 6.047866349893201808e-17 8.196346015579347295e+03
4.119423228350511866e-16 6.031683300158085284e-17 8.197109083843759436e+03
2.140513844829259779e-16 6.016339356565820045e-17 8.197872112787887090e+03
2.517272838733669949e-16 6.012135879385698641e-17 8.198635102480020578e+03
2.319578029355697240e-16 6.020922248098486597e-17 8.199398052988450218e+03
2.421039441563774645e-16 6.024889518216748967e-17 8.200160964381469967e+03
1.087902581489875755e-16 6.019829492139899230e-17 8.200923836727364687e+03
1.752543081959461329e-16 6.016670244879158895e-17 8.201686670094422880e+03
3.686309556232079665e-16 5.997220681562691477e-17 8.202449464550942139e+03
3.696905352819139895e-16 5.977396921037014825e-17 8.203212220165201870e+03
9.172075506118330149e-17 5.967947844678577853e-17 8.203974937005503307e+03
3.217276319061824253e-16 6.772001932918810141e-17 8.204737615140127673e+03
4.747988561278204864e-16 5.967482195706216620e-17 8.205500254637368926e+03
1.461640313975969172e-16 5.906044754920163482e-17 8.206262855565515565e+03
1.451991212072125870e-16 5.899409164076875858e-17 8.207025417992856092e+03
8.989998228488142225e-17 5.902491747481556405e-17 8.207787941987682643e+03
2.950217245401168160e-16 5.898042245493016696e-17 8.208550427618287358e+03
2.923208396918616433e-16 5.905457799069168015e-17 8.209312874952953280e+03
2.190158748266176770e-16 5.911028986579080834e-17 8.210075284059974365e+03
2.151390758281734434e-16 5.908924912848538157e-17 8.210837655007642752e+03
3.024328615436378853e-16 5.914914523650177224e-17 8.211599987864246941e+03
2.747745621758963421e-16 5.919568698652530223e-17 8.212362282698073614e+03
4.469063668648499850e-16 5.922604257465695851e-17 8.213124539577413088e+03
4.072295234363730626e-16 5.924723850286762089e-17 8.213886758570561142e+03
1.425709349461292032e-16 5.920670350828898219e-17 8.214648939745802636e+03
1.956915600392051504e-16 5.920250657927776282e-17 8.215411083171427890e+03
2.258610867813160498e-16 5.912200699034410663e-17 8.216173188915727224e+03
4.348316852731640424e-16 5.916307286918262447e-17 8.216935257046992774e+03
4.889562136933047174e-16 5.913286508508497262e-17 8.217697287633509404e+03
1.523475563045507145e-16 5.912980911284020587e-17 8.218459280743569252e+03
-7.017531130884216495e-17 5.911059239485878680e-17 8.219221236445464456e+03
2.976636492009007379e-16 5.888411055614240899e-17 8.219983154807483515e+03
3.887815904322593290e-16 5.839621374349941752e-17 8.220745035897916750e+03
2.230256162092362514e-16 5.825411751813944542e-17 8.221506879785052661e+03
1.827569027564897922e-16 5.816504266033855189e-17 8.222268686537179747e+03
4.723861558308002737e-16 5.794332640174391896e-17 8.223030456222593784e+03
2.598522048133377796e-16 5.754132134505181321e-17 8.223792188909581455e+03
2.154151448498369191e-16 5.733503114092664870e-17 8.224553884666427621e+03
6.847082996223770155e-17 5.712696910647012752e-17 8.225315543561431696e+03
2.308360922426364306e-16 5.706850519528739216e-17 8.226077165662873085e+03
1.637480561396492341e-16 5.707973797745716855e-17 8.226838751039049384e+03
2.783824462556933598e-16 5.717751092044698794e-17 8.227600299758250912e+03
3.644535893352684588e-16 5.730425242006293751e-17 8.228361811888764350e+03
2.121860379565672523e-16 5.737712931293498204e-17 8.229123287498878199e+03
2.606039291924606108e-16 5.747033715535823315e-17 8.229884726656880957e+03
4.162067555986802032e-16 5.753595826100635710e-17 8.230646129431070221e+03
1.814381605751075373e-16 5.751648197901140966e-17 8.231407495889732672e+03
2.539347789382984790e-16 5.747311116785728900e-17 8.232168826101153172e+03
6.111104355432796356e-17 5.758839685371567757e-17 8.232930120133627497e+03
1.066176629024457199e-16 5.766466831825485549e-17 8.233691378055445966e+03
3.068593196954802598e-16 5.960338060304372553e-17 8.234452599934891623e+03
2.528601054941435179e-16 5.788374703374876045e-17 8.235213785840263881e+03
5.640996990727452232e-17 5.782686236734267791e-17 8.235974935839843965e+03
4.230563349089156889e-16 5.804784033687096617e-17 8.236736050001924013e+03
3.706738983493875446e-16 5.812806234394466247e-17 8.237497128394797983e+03
2.915036594154855599e-16 5.846730908629854841e-17 8.238258171086752554e+03
3.717782526173417951e-16 5.849487199307676224e-17 8.239019178146078048e+03
1.560566179236373702e-16 5.855917235239270842e-17 8.239780149641064781e+03
3.557941173489076537e-16 5.871558988477314683e-17 8.240541085640001256e+03
4.691231956679732570e-17 5.927336085332179768e-17 8.241301986211177791e+03
1.995798435135856929e-16 5.972534302923387521e-17 8.242062851422888343e+03
2.173924964797642066e-16 5.969095268627461618e-17 8.242823681343414137e+03
1.607763155764629358e-16 6.002423251820198106e-17 8.243584476041054586e+03
2.783959860312923871e-16 6.027791360521694009e-17 8.244345235584094553e+03
2.943821678655485956e-16 6.052093590843056134e-17 8.245105960040822538e+03
3.544867969862461040e-16 6.083914666418887860e-17 8.245866649479534317e+03
3.261783714140470809e-16 6.054981653441096938e-17 8.246627303968512933e+03
2.158918754088419565e-16 6.076768311143150362e-17 8.247387923576054163e+03
1.681433484128906660e-16 6.093116441615912436e-17 8.248148508370442869e+03
3.831205337398690577e-16 6.088990291806353681e-17 8.248909058419971188e+03
2.309081812140364439e-16 6.092550879284893356e-17 8.249669573792929441e+03
6.784924388941752871e-17 6.047525956128215818e-17 8.250430054557607946e+03
4.481205519179290923e-16 6.039979010111721996e-17 8.251190500782295203e+03
3.314077920535480147e-16 6.021138893555046841e-17 8.251950912535281532e+03
2.692386143185102284e-16 5.997817730679100198e-17 8.252711289884857251e+03
3.143895690961047798e-16 5.979994785552776723e-17 8.253471632899310862e+03
2.586971925812561301e-16 5.966784396289074050e-17 8.254231941646936320e+03
2.976342153623567951e-16 5.961148176717268668e-17 8.254992216196016670e+03
2.870076656481246487e-16 5.943437246863798470e-17 8.255752456614847688e+03
3.672292400967920915e-16 5.898649996743066922e-17 8.256512662971719692e+03
4.204650107109126894e-16 5.864606221454798986e-17 8.257272835334917545e+03
3.988249846149854206e-16 5.841298431774042187e-17 8.258032973772733385e+03
3.015060304235297736e-16 5.821884381048456491e-17 8.258793078353457531e+03
1.974322756477430028e-16 5.821425935709043963e-17 8.259553149145383941e+03
2.149466485261309722e-16 5.820488869277829442e-17 8.260313186216793838e+03
2.180255227678726667e-16 5.821010024027076884e-17 8.261073189635982999e+03
1.900000913069637833e-16 5.822044593699465420e-17 8.261833159471239924e+03
1.105973823676985628e-16 5.819790588156002078e-17 8.262593095790856751e+03
1.513356718321628808e-16 5.911329008232139474e-17 8.263352998663120161e+03
4.951098398934220341e-16 5.819540258151249542e-17 8.264112868156322293e+03
3.316229639481368738e-16 5.818332842478993031e-17 8.264872704338748008e+03
4.725395904335118621e-16 5.830043363204377506e-17 8.265632507278696721e+03
3.838158338886906747e-16 5.834342442334234748e-17 8.266392277044447837e+03
1.934559612919405586e-16 5.839750366312129714e-17 8.267152013704297133e+03
4.003386253991231536e-16 5.844151884738159188e-17 8.267911717326536746e+03
1.819284511177552472e-16 5.851523495781358726e-17 8.268671387979451538e+03
2.156477629720205898e-16 5.868937772665375199e-17 8.269431025731333648e+03
1.789967407075476819e-16 5.913190157418282214e-17 8.270190630650471576e+03
4.325857462903316687e-16 6.016400579351305870e-17 8.270950202805157460e+03
2.592997458171706969e-16 6.221190267960631684e-17 8.271709742263677981e+03
1.277966603112434538e-16 6.460621867868792976e-17 8.272469249094327097e+03
3.697693966772981466e-16 6.788604130009202904e-17 8.273228723365391488e+03
1.922613849251508207e-16 7.144667194594099417e-17 8.273988165145165112e+03
3.280226709798633745e-16 7.581484230822828036e-17 8.274747574501932831e+03
1.739340264671108535e-16 8.040785478769687280e-17 8.275506951503986784e+03
1.976041340874603887e-16 8.442618744844523494e-17 8.276266296219617288e+03
3.008936943363756639e-16 8.792225296130227344e-17 8.277025608717114665e+03
3.096407384292882574e-16 9.087140977257671645e-17 8.277784889064765594e+03
6.173546689619536238e-16 9.298411672709526836e-17 8.278544137330862213e+03
2.446832804763413959e-16 9.445291201115711344e-17 8.279303353583698481e+03
3.060896849442212897e-16 9.595439192427380201e-17 8.280062537891557440e+03
1.931770847659362403e-16 9.836234693128312412e-17 8.280821690322729410e+03
-1.864795567071509648e-17 1.012783062426552738e-16 8.281580810945513804e+03
2.738630476828777488e-16 1.055275480279178552e-16 8.282339899828188209e+03
1.006044321723616493e-16 1.098792886801333039e-16 8.283098957039048400e+03
5.332500386978620432e-16 1.134384569187213161e-16 8.283857982646384698e+03
3.650032455719339404e-16 1.161750263780619583e-16 8.284616976718485603e+03
2.779555871231412171e-16 1.177852611459138487e-16 8.285375939323643252e+03
3.828170530718146669e-16 1.170437661959166943e-16 8.286134870530142507e+03
2.191349288703896139e-16 1.155042136596296319e-16 8.286893770406280964e+03
1.057070805360758464e-17 1.136412846455121379e-16 8.287652639020341667e+03
2.138721084184584038e-16 1.112895377766301636e-16 8.288411476440616752e+03
2.242681981520590854e-16 1.084832248842357353e-16 8.289170282735396540e+03
1.246836493482723032e-16 1.067331144511200160e-16 8.289929057972971350e+03
5.406207485810067386e-17 1.060664343379221367e-16 8.290687802221629681e+03
3.447694086958690425e-16 1.062418529338478855e-16 8.291446515549661854e+03
3.261029278127676991e-16 1.082891900827789745e-16 8.292205198025360005e+03
2.797695058270832362e-16 1.121146357291582259e-16 8.292963849717010817e+03
1.764105624732096065e-16 1.154738308408716451e-16 8.293722470692906427e+03
1.886855319553762302e-16 1.174880809231645361e-16 8.294481061021335336e+03
4.679648240061637791e-16 1.183522224778202729e-16 8.295239620770586043e+03
4.881064419308516549e-16 1.169769878605206057e-16 8.295998150008954326e+03
3.739782805951040735e-16 1.138365295610532888e-16 8.296756648804725046e+03
3.499119062510140334e-16 1.109117143229419089e-16 8.297515117226190341e+03
6.090617731199980863e-16 1.075019228215364588e-16 8.298273555341635074e+03
2.315406675032716425e-16 1.049016339502500510e-16 8.299031963219355021e+03
4.185990855685205716e-16 1.038263716199313941e-16 8.299790340927640500e+03
3.943296450665186299e-16 1.035535376761254545e-16 8.300548688534778194e+03
-1.012262332498480066e-17 1.034390628569864738e-16 8.301307006109058420e+03
1.175301285120939331e-16 1.032430878669844543e-16 8.302065293718769681e+03
1.395838400318677284e-16 1.025641007534445245e-16 8.302823551432205932e+03
2.696805935939924812e-17 1.016956436923650716e-16 8.303581779317653854e+03
-8.409540769420364072e-17 1.006844827829042907e-16 8.304339977443407406e+03
1.644845045193354294e-16 9.964855907813255108e-17 8.305098145877751449e+03
2.814245188147654511e-16 9.729944036337171750e-17 8.305856284688976302e+03
5.185841413479659551e-16 9.287610239037984342e-17 8.306614393945375923e+03
4.452079867228182377e-16 8.808626548301587103e-17 8.307372473715240631e+03
4.552066263183264688e-16 8.362718724153764125e-17 8.308130524066853468e+03
3.767832316288726768e-16 7.905727877485981120e-17 8.308888545068508392e+03
3.245071122153812028e-16 7.536329903777466213e-17 8.309646536788495723e+03
1.621936063099194784e-16 7.363382243432471891e-17 8.310404499295105779e+03
1.290064545632816944e-16 7.309234313684937377e-17 8.311162432656628880e+03
2.901678252375383315e-16 7.328895808286252041e-17 8.311920336941355345e+03
6.058477803859599393e-16 7.274728933224586516e-17 8.312678212217570035e+03
1.365946201106132116e-16 7.274275093596492341e-17 8.313436058553566909e+03
3.717331940862918422e-16 7.286508514965206469e-17 8.314193876017636285e+03
2.699820362410922114e-16 7.290478405467018605e-17 8.314951664678068482e+03
7.370018120563062823e-17 7.281400871382322039e-17 8.315709424603148364e+03
1.536345343784867561e-16 7.237925717920315825e-17 8.316467155861173524e+03
4.156891635154760496e-16 7.162269145541814893e-17 8.317224858520425187e+03
2.932336469196134055e-16 6.991299438572235945e-17 8.317982532649204586e+03
2.462829783591596894e-16 6.758165804046216768e-17 8.318740178315789308e+03
4.000984974263500797e-16 6.510527335301117274e-17 8.319497795588478766e+03
3.592241227951551129e-16 6.288514600698185398e-17 8.320255384535557823e+03
2.221927303632211618e-16 6.100020016063437173e-17 8.321012945225316798e+03
3.447060623793484610e-16 5.982940709034421007e-17 8.321770477726046011e+03
7.862816467138212250e-17 5.955959102897880057e-17 8.322527982106039417e+03
1.808667235058713307e-16 5.958474383443563595e-17 8.323285458433581880e+03
3.502282335312119877e-16 5.924307954666708085e-17 8.324042906776965538e+03
5.266831553985114618e-16 5.901473630047925286e-17 8.324800327204475252e+03
1.048592804478308370e-16 5.875253159696930773e-17 8.325557719784410438e+03
2.319369432630098706e-16 5.836035845916222918e-17 8.326315084585052318e+03
3.963070476833281818e-16 5.788712828271592719e-17 8.327072421674696670e+03
2.325144882073492747e-16 5.748219886616069052e-17 8.327829731121630175e+03
3.119356176910375053e-16 5.710041384538928785e-17 8.328587012994143151e+03
3.494912394283553063e-16 5.684783160798516290e-17 8.329344267360525919e+03
2.484500122290140733e-16 5.673291361944041882e-17 8.330101494289068796e+03
1.174147827688605801e-16 5.674076139888384809e-17 8.330858693848063922e+03
3.424834651769101073e-16 5.699481050637049240e-17 8.331615866105796158e+03
3.789174571779030795e-16 5.730213810020635946e-17 8.332373011130557643e+03
3.460760780461133287e-16 5.798032945958414111e-17 8.333130128990640515e+03
1.016632709750355545e-16 5.832451910528911361e-17 8.333887219754331454e+03
4.388186296343720417e-16 5.898506073921972507e-17 8.334644283489922600e+03
1.719460101240588219e-16 6.018026722960616563e-17 8.335401320265700633e+03
4.236507651248731946e-17 6.256314248320627412e-17 8.336158330149963149e+03
-5.426142066283891141e-17 6.725570912292673629e-17 8.336915313210991371e+03
-1.967592179684038470e-16 7.548255223540639355e-17 8.337672269517075620e+03
-1.146991983206821900e-16 8.761416539449223989e-17 8.338429199136513489e+03
1.842185714606982393e-16 1.007124998962546537e-16 8.339186102137588023e+03
6.675804146869710364e-16 1.113827424130510821e-16 8.339942978588593178e+03
8.661946757177147493e-16 1.196219739282925474e-16 8.340699828557815636e+03
7.266872558210799392e-16 1.255179814913659815e-16 8.341456652113545715e+03
4.646751793268096406e-16 1.286455742510745746e-16 8.342213449324075555e+03
4.720450852963932315e-16 1.292706834345786049e-16 8.342970220257697292e+03
4.222296995964798627e-16 1.295737283541405232e-16 8.343726964982692152e+03
1.384825995715111032e-16 1.299083881167406205e-16 8.344483683567359549e+03
1.520231679638510995e-16 1.305322612057829264e-16 8.345240376079982525e+03
2.715467031763640616e-16 1.318165522269261535e-16 8.345997042588853219e+03
6.658874919972859556e-17 1.340325590986543960e-16 8.346753683162260131e+03
-7.484699216445144182e-18 1.368228311711772705e-16 8.347510297868499038e+03
2.899249737985553032e-16 1.392462094802089607e-16 8.348266886775854800e+03
3.260816047258182996e-16 1.413044763821826733e-16 8.349023449952615920e+03
4.700214921749385694e-17 1.419253964761536138e-16 8.349779987467078172e+03
-2.401490720728797670e-17 1.404165036176361514e-16 8.350536499387530057e+03
-2.578372316605289052e-16 1.370527498506729953e-16 8.351292985782252799e+03
7.836371265050426002e-17 1.300003050326734715e-16 8.352049446719549451e+03
5.591110498487812176e-16 1.206118660000425303e-16 8.352805882267699417e+03
7.504075595487884688e-16 1.110641392922890369e-16 8.353562292494998474e+03
7.202662607258302780e-16 1.021553000694187742e-16 8.354318677469735121e+03
4.700426738583185437e-16 9.494751497090901457e-17 8.355075037260197860e+03
3.757254330503178256e-16 9.061811586247047818e-17 8.355831371934678828e+03
-8.103494442970540049e-17 8.999725040149432997e-17 8.356587681561466525e+03
1.668746006187371325e-16 9.040202256709791316e-17 8.357343966208849452e+03
3.141734633498842295e-16 9.090159624967197337e-17 8.358100225945123384e+03
-1.568653093115756369e-16 9.138156613163902072e-17 8.358856460838571365e+03
2.668123989966220312e-16 9.125186851268256118e-17 8.359612670957485534e+03
2.423179580828690926e-16 8.925075157881658549e-17 8.360368856370158028e+03
5.102647895189435066e-16 8.608382183673686897e-17 8.361125017144877347e+03
6.563692985703847360e-16 8.276030795614987635e-17 8.361881153349931992e+03
4.439040133692929090e-16 7.922344642470709367e-17 8.362637265053614101e+03
3.387705553487256555e-16 7.587897264558794088e-17 8.363393352324212174e+03
1.681480248314242126e-16 7.391622865596741247e-17 8.364149415230014711e+03
2.706014477678635726e-16 7.331652196838561160e-17 8.364905453839315669e+03
2.717655979268892984e-16 7.316190601266543210e-17 8.365661468220401730e+03
1.377379220496187003e-16 7.295660809166630093e-17 8.366417458441566851e+03
3.573443458152543286e-16 7.293108505863731121e-17 8.367173424571094074e+03
1.873905467729204366e-16 7.261301762270949262e-17 8.367929366677280996e+03
2.009813226729923622e-16 7.217805684372112397e-17 8.368685284828410659e+03
2.114134080898815598e-16 7.145838987416272084e-17 8.369441179092775201e+03
2.403547820027406680e-16 7.060776400797378466e-17 8.370197049538666761e+03
1.257629616929085000e-16 6.969092337533985441e-17 8.370952896234375658e+03
6.099066239663249637e-17 6.823169050362396802e-17 8.371708719248190391e+03
4.093616495367827584e-16 6.623040527042471758e-17 8.372464518648397643e+03
3.807870530435738356e-16 6.415993895278803799e-17 8.373220294503293189e+03
2.898743117673581323e-16 6.267123572744350119e-17 8.373976046881165530e+03
4.240280829857729621e-16 6.184297600296884023e-17 8.374731775850299528e+03
3.128100984338575637e-16 6.235969923169123508e-17 8.375487481478990958e+03
8.111769871381261567e-17 6.501368456260817999e-17 8.376243163835526502e+03
1.697585243096652243e-16 6.912810578232420376e-17 8.376998822988196480e+03
6.875761776656011033e-17 7.281302580039107273e-17 8.377754459005293029e+03
4.593763423808865884e-16 7.557791139092081181e-17 8.378510071955102831e+03
2.508073745171578691e-16 7.783442084573808959e-17 8.379265661905918023e+03
1.929293456396631056e-16 7.899986944598171724e-17 8.380021228926027106e+03
8.846239277102671009e-17 7.931461339402260529e-17 8.380776773083724038e+03
6.293564497568659281e-17 7.939540676256298420e-17 8.381532294447293680e+03
2.336195016192031037e-16 7.952404966189456749e-17 8.382287793085029989e+03
3.272804611017740525e-16 7.958123779369283113e-17 8.383043269065216009e+03
1.357274593393572454e-16 7.975858260894421503e-17 8.383798722456151154e+03
3.381507819342923037e-16 7.985314373694244824e-17 8.384554153326118467e+03
2.362183417209867149e-16 8.003908477092119722e-17 8.385309561743411905e+03
8.577494138997229567e-17 8.015563026885757970e-17 8.386064947776318149e+03
1.312165039901810322e-16 8.025731601429003696e-17 8.386820311493127519e+03
1.551198761209620940e-16 7.987073652122624985e-17 8.387575652962132153e+03
2.660085605136436258e-16 7.906986438587899166e-17 8.388330972251620551e+03
7.787725820018754611e-18 7.776203620204998583e-17 8.389086269429881213e+03
3.524079659318656228e-16 7.498341799936365895e-17 8.389841544565209915e+03
3.456655687261369707e-16 7.177349632887193276e-17 8.390596797725891520e+03
3.733381620732543941e-17 6.972444276925085196e-17 8.391352028980216346e+03
1.809679984343868350e-16 7.051027543576736625e-17 8.392107238396472894e+03
-1.114102156486008502e-16 7.600638505465326870e-17 8.392862426042955121e+03
3.314994520899348298e-16 8.494946262099261667e-17 8.393617591987949709e+03
2.994644620660202761e-16 9.407041046552160471e-17 8.394372736299748794e+03
3.559877631150856954e-16 1.014574724218653364e-16 8.395127859046639060e+03
8.366838956815488118e-16 1.072537112485596038e-16 8.395882960296912643e+03
3.064139070922395926e-16 1.106400053516750872e-16 8.396638040118865320e+03
2.844895416358062779e-16 1.117834325101772546e-16 8.397393098580778314e+03
-1.844948797161112950e-16 1.115693638229619401e-16 8.398148135750943766e+03
-1.236685228785649962e-16 1.113233702075510171e-16 8.398903151697650173e+03
9.413015631511665617e-17 1.110984823968129979e-16 8.399658146489191495e+03
1.128702237320533228e-16 1.109113248475282318e-16 8.400413120193858049e+03
2.221705351027955489e-16 1.106576047025959577e-16 8.401168072879932879e+03
1.859167316325498066e-16 1.099936741763689090e-16 8.401923004615713580e+03
4.285425177460056305e-16 1.098610005938887845e-16 8.402677915469485015e+03
1.152947583335534029e-16 1.096261819396048024e-16 8.403432805509542959e+03
3.197076833544443313e-16 1.092221095310759626e-16 8.404187674804168637e+03
-1.057249979477028041e-16 1.088386885876601654e-16 8.404942523421657825e+03
-1.277420112704780415e-17 1.054745661605309655e-16 8.405697351430302660e+03
-6.916586514933260474e-17 1.004214882613601454e-16 8.406452158898388006e+03
-2.738971398905483617e-17 9.254004713542033964e-17 8.407206945894209639e+03
1.091888986577351060e-16 8.436383008405859464e-17 8.407961712486045144e+03
5.269818861134760750e-16 7.829302783956080918e-17 8.408716458742199393e+03
4.024153213285225180e-16 7.469976207973451725e-17 8.409471184730955429e+03
1.020091317629805199e-16 7.431992972524093541e-17 8.410225890520601752e+03
5.121332671843236069e-16 7.580639069797199023e-17 8.410980576179430500e+03
2.992612739847511243e-16 8.595287035979563520e-17 8.411735241775730174e+03
1.789180259976654024e-16 8.148819316765220416e-17 8.412489887377792911e+03
3.249298227278326130e-16 8.231765076585609776e-17 8.413244513053909031e+03
3.205975958916897251e-16 8.251187684709178093e-17 8.413999118872365216e+03
3.221656326823252444e-16 8.270111049567959375e-17 8.414753704901453602e+03
1.151441573827958038e-16 8.279985541511607264e-17 8.415508271209466329e+03
1.871477318727572765e-16 8.294966650055895756e-17 8.416262817864684621e+03
1.719194241015818418e-16 8.301389378639388188e-17 8.417017344935407891e+03
2.173415254175464995e-17 8.318444589421638883e-17 8.417771852489922821e+03
3.785477907036651221e-16 8.320711228064762576e-17 8.418526340596519731e+03
2.166053180509192195e-16 8.336128724044859309e-17 8.419280809323485300e+03
2.214463010100029038e-16 8.365368691410997615e-17 8.420035258739113488e+03
3.725057708337634446e-16 8.356985747075175787e-17 8.420789688911696430e+03
3.777922845438160409e-16 8.320235267301894838e-17 8.421544099909515353e+03
3.472913275754313004e-16 8.277267481735970471e-17 8.422298491800869670e+03
-5.345677664000613097e-17 8.274775915854034943e-17 8.423052864654042423e+03
9.097552109489670203e-17 8.620891062682688948e-17 8.423807218537325753e+03
1.875847827025222978e-16 9.313027420433547413e-17 8.424561553519011795e+03
4.203628816769846369e-16 1.000681293245782504e-16 8.425315869667385414e+03
6.372833968834816879e-16 1.061935814645839733e-16 8.426070167050744203e+03
6.099171967537671368e-16 1.121198695920104428e-16 8.426824445737373026e+03
6.161705836934364102e-16 1.155967762676808465e-16 8.427578705795558562e+03
3.944476482882165139e-16 1.170323476215887060e-16 8.428332947293598409e+03
3.998208113000833081e-16 1.172851060375843089e-16 8.429087170299775607e+03
-5.193993353367777273e-17 1.174381902031882560e-16 8.429841374882389573e+03
-1.473226699853055986e-18 1.176358369638856763e-16 8.430595561109719711e+03
4.390535964772469622e-16 1.176383437532662559e-16 8.431349729050059977e+03
2.180190201534058306e-16 1.176508028431450789e-16 8.432103878771702512e+03
8.003596327105795606e-17 1.175506817208144811e-16 8.432858010342933994e+03
2.969438074928274834e-16 1.174648959209443198e-16 8.433612123832044745e+03
1.227982773119804346e-16 1.172027347812080592e-16 8.434366219307328720e+03
-2.117681297803929055e-17 1.166684936481603306e-16 8.435120296837070782e+03
9.752949890541939915e-17 1.154842075414777756e-16 8.435874356489559432e+03
-3.943212529806242915e-16 1.133124293154885479e-16 8.436628398333094083e+03
-4.584682146199650228e-17 1.076725783620036931e-16 8.437382422435955959e+03
2.908696888554076809e-16 9.923225894596534994e-17 8.438136428866437200e+03
7.453523488713924243e-16 8.965759566106054577e-17 8.438890417692829942e+03
5.101563802288000847e-16 8.106668822478606892e-17 8.439644388983419049e+03
3.807051457750177414e-16 7.463834592870424329e-17 8.440398342806502114e+03
2.750795198707045761e-16 7.184155741422299053e-17 8.441152279230362183e+03
4.294963788971202798e-16 7.299983985376469489e-17 8.441906198323293211e+03
4.647371906907271484e-16 7.552671688835062387e-17 8.442660100153581880e+03
5.820511205021853586e-17 7.787291997400095703e-17 8.443413984789520327e+03
3.834429329669394302e-16 7.926643458799350967e-17 8.444167852299398874e+03
5.972271386218558973e-17 8.010263090473565290e-17 8.444921702751507837e+03
4.609593777128453600e-17 8.230575498363510560e-17 8.445675536214137537e+03
-4.230695236720648706e-17 8.564485692996123148e-17 8.446429352755574655e+03
2.567679339947868487e-16 8.943051083587835878e-17 8.447183152444107691e+03
4.058469173925555085e-16 9.247988312124070534e-17 8.447936935348032421e+03
3.289999662437764571e-16 9.519140213507733924e-17 8.448690701535637345e+03
4.916180945037868057e-16 9.708142434176134003e-17 8.449444451075212783e+03
3.045356256626575209e-16 9.794346048971550758e-17 8.450198184035041777e+03
8.557937345810577817e-17 9.810945474490900015e-17 8.450951900483421923e+03
3.973171145553730876e-16 9.795919133320638926e-17 8.451705600488643540e+03
1.421098212373959142e-16 9.772185813703987769e-17 8.452459284118991491e+03
1.813003624383142982e-16 9.636345056373758903e-17 8.453212951442757912e+03
3.326982063230511231e-16 9.400841286608857900e-17 8.453966602528234944e+03
2.149721688822432365e-16 9.080447871286612172e-17 8.454720237443709266e+03
4.794058482949157009e-16 8.773740886446169093e-17 8.455473856257471198e+03
6.332570183522941019e-16 8.510867284490533001e-17 8.456227459037811059e+03
4.738952222940547869e-16 8.362241467739387837e-17 8.456981045853022806e+03
3.152099824406919102e-16 8.299428204908517057e-17 8.457734616771391302e+03
-3.367569545134341232e-16 8.541569992363342099e-17 8.458488171861208684e+03
2.614276586119336063e-17 9.002258766886372214e-17 8.459241711190763453e+03
-7.830668603634289294e-17 9.459540106791298218e-17 8.459995234828347748e+03
2.845716237592901298e-16 9.826828498142150527e-17 8.460748742842250067e+03
5.798944408349892816e-16 1.011560225970216721e-16 8.461502235300762550e+03
7.151084282091390020e-16 1.030535133119735578e-16 8.462255712272168239e+03
3.091228014250088120e-16 1.035940873408203572e-16 8.463009173824762911e+03
2.878638798534702200e-16 1.032503582396566294e-16 8.463762620026836885e+03
2.264401410722789680e-16 1.029364299557680308e-16 8.464516050946680480e+03
5.096992451048498864e-16 1.031097712981684064e-16 8.465269466652582196e+03
2.672767120723008442e-16 1.030434048532785373e-16 8.466022867212826895e+03
1.018423369950461212e-16 1.027702625223309449e-16 8.466776252695712174e+03
2.999201996405796024e-16 1.028946088866499644e-16 8.467529623169524712e+03
4.618054452476440824e-16 1.030111605115839610e-16 8.468282978702554828e+03
3.812585796229797233e-16 1.036227297096880413e-16 8.469036319363094663e+03
4.668682111453027337e-16 1.036869289490323678e-16 8.469789645219429076e+03
6.759594916474218486e-16 1.034736472514959018e-16 8.470542956339852026e+03
-1.128867927395918549e-16 1.026235303106656489e-16 8.471296252792653831e+03
-2.899647561038975628e-17 9.988772566586111871e-17 8.472049534646122993e+03
3.512340074365653361e-16 9.425091482126285291e-17 8.472802801968548010e+03
4.703384133600989464e-16 8.663980108369069230e-17 8.473556054828221022e+03
6.641160069110166881e-16 7.845268081940701295e-17 8.474309293293430528e+03
2.922034211705320954e-16 7.048366504280061650e-17 8.475062517432466848e+03
4.796174422185764936e-16 6.330615751724944343e-17 8.475815727313623938e+03
3.423025613306277406e-16 5.920804790045612838e-17 8.476568923005186662e+03
2.442535543226891799e-16 5.830178387681898507e-17 8.477322104575443518e+03
2.571403930090397658e-16 5.809319064972843828e-17 8.478075272092690284e+03
-2.438713047423423433e-17 5.780940398980097558e-17 8.478828425625211821e+03
5.495319526965535900e-16 5.786249448283494335e-17 8.479581565241302087e+03
1.803707928766056381e-16 5.798315580026551061e-17 8.480334691009249582e+03
2.073041477744363557e-16 5.786357925776036882e-17 8.481087802997342806e+03
1.934091373568252252e-16 5.768062789654022947e-17 8.481840901273873897e+03
2.638189033649423150e-16 5.744347137095623365e-17 8.482593985907127717e+03
2.426448561386245230e-16 5.709320709083841667e-17 8.483347056965401862e+03
4.804116053137648472e-16 5.684248467658260781e-17 8.484100114516983012e+03
3.238198963319343705e-16 5.669430018767413122e-17 8.484853158630161488e+03
2.573926613378942328e-16 5.715213598159697876e-17 8.485606189373225789e+03
2.650328095700520972e-16 5.841506724928469183e-17 8.486359206814464414e+03
2.459699387538790189e-16 6.088247491922641267e-17 8.487112211022169504e+03
1.034329172871687827e-16 6.465628757251535079e-17 8.487865202064633195e+03
3.038018038401194668e-16 6.750280886261345592e-17 8.488618180010142169e+03
2.320957570159859994e-16 7.013010099557290690e-17 8.489371144926986744e+03
2.864829120227569422e-16 7.223900435253678953e-17 8.490124096883459060e+03
2.824854880698754894e-16 7.347325226212557101e-17 8.490877035947845798e+03
1.626916714475214096e-16 7.392225593680015881e-17 8.491629962188439094e+03
1.681764375297793304e-16 7.404417871064975991e-17 8.492382875673529270e+03
2.536392259265490891e-16 7.428711512877933344e-17 8.493135776471404824e+03
2.357126270389414269e-16 7.445095749428553551e-17 8.493888664650357896e+03
2.396980330605477360e-16 7.474783563338991977e-17 8.494641540278676985e+03
1.418166167902740932e-16 7.506908016687392065e-17 8.495394403424648772e+03
6.732898551345765569e-17 7.575200351076097730e-17 8.496147254156569034e+03
2.407624979801347522e-16 7.694786289826026218e-17 8.496900092542724451e+03
1.762573268291068499e-16 7.910522864392455008e-17 8.497652918651405344e+03
3.969696635723242972e-16 8.288944031028902416e-17 8.498405732550902030e+03
2.194325278037440743e-16 8.741264184261249418e-17 8.499158534309503011e+03
2.418459233710612665e-16 9.120129844000239823e-17 8.499911323995505882e+03
4.284321028164265631e-16 9.347737302724372510e-17 8.500664101677186409e+03
1.553797148833593712e-16 9.445605626361881396e-17 8.501416867422847645e+03
2.751394504726995261e-16 9.415166210573118542e-17 8.502169621300770814e+03
2.642597656357972590e-16 9.277440357763633047e-17 8.502922363379251692e+03
3.241272468785086620e-16 9.124552712100688506e-17 8.503675093726578780e+03
1.854692812459331169e-16 8.972412125425476222e-17 8.504427812411038758e+03
4.530240125647678278e-16 8.926230639028736141e-17 8.505180519500927403e+03
4.365421234303614024e-16 8.931084230909037251e-17 8.505933215064527758e+03
4.200795065138608625e-16 8.971867750384872707e-17 8.506685899170135599e+03
3.961999707957162193e-16 8.965342015653309049e-17 8.507438571886037607e+03
2.622158890598205843e-16 8.957674595129233295e-17 8.508191233280525921e+03
7.564504246359191147e-17 8.944610072436364116e-17 8.508943883421889041e+03
3.199455439426658320e-16 8.918886519942222046e-17 8.509696522378415466e+03
2.243248172399701808e-16 8.849677148415011089e-17 8.510449150218395516e+03
3.784772418211627010e-16 8.704782915305439186e-17 8.511201767010123149e+03
4.511672588556339906e-16 8.342247491678659402e-17 8.511954372821888683e+03
5.293805466971427653e-16 7.838727057484784857e-17 8.512706967721973342e+03
5.565511326636939967e-16 7.253244138685375573e-17 8.513459551778676541e+03
5.540734518131060899e-16 6.712189687645596381e-17 8.514212125060286780e+03
7.065130350564668236e-16 6.224472492631132097e-17 8.514964687635085284e+03
-1.666768398027278334e-15 5.891924077733979404e-17 8.515717239571371465e+03
-2.459014670969850488e-15 5.778854142210267968e-17 8.516469780937435644e+03
3.698358004650342702e-16 5.906967599737976947e-17 8.517222311801559044e+03
2.179972446806474567e-16 7.502108911403223795e-17 8.517974832232041081e+03
3.809176572118149245e-16 5.921585402481565687e-17 8.518727342297164796e+03
7.134793278088216471e-17 5.702963436735687809e-17 8.519479842065225967e+03
4.106914035360806612e-16 5.688151840015744192e-17 8.520232331604507635e+03
3.209528753827317380e-16 5.686772859808999456e-17 8.520984810983307398e+03
3.970302272165889728e-16 5.657239141776513928e-17 8.521737280269910116e+03
2.821182086277347087e-16 5.659172291360781804e-17 8.522489739532607928e+03
2.327833083611483262e-16 5.669682733993310255e-17 8.523242188839689334e+03
1.603671769389800669e-16 5.685103021662280819e-17 8.523994628259442834e+03
4.662875692685927329e-17 5.683527653876731942e-17 8.524747057860164205e+03
4.131114086242155019e-16 5.683508762143278536e-17 8.525499477710138308e+03
3.987593939601138474e-16 5.698084588715124757e-17 8.526251887877655463e+03
8.923647888624296096e-17 5.687435745491978384e-17 8.527004288431009627e+03
3.379129014268226519e-16 5.679380060499933194e-17 8.527756679438485662e+03
2.354821705782989277e-16 5.669501805547322540e-17 8.528509060968375707e+03
3.073823251758365068e-16 5.665368848859539112e-17 8.529261433088970080e+03
1.926426857927028750e-16 5.645290904675100002e-17 8.530013795868559100e+03
1.025322451868677888e-16 5.653917537191907738e-17 8.530766149375431269e+03
2.942744586344895955e-16 5.720731094256358744e-17 8.531518493677878723e+03
4.198458266819945009e-16 5.865458646248676150e-17 8.532270828844186326e+03
3.051970878099675505e-16 6.034048206586451130e-17 8.533023154942653491e+03
1.539194577686629683e-16 6.224601275746519665e-17 8.533775472041561443e+03
3.644828614013580869e-16 6.337547567178941845e-17 8.534527780209198681e+03
3.656180965519304575e-16 6.456872441783480444e-17 8.535280079513864621e+03
1.146588910061169467e-16 6.520668934348560642e-17 8.536032370023844123e+03
2.078915091258389597e-16 6.576726727332316646e-17 8.536784651807425689e+03
3.738095984254151709e-16 6.559483653920485244e-17 8.537536924932903275e+03
1.897864124563809505e-16 6.553118190106155933e-17 8.538289189468559925e+03
2.342034068304953937e-16 6.561295991591052598e-17 8.539041445482693234e+03
3.429366730795539349e-16 6.609308676371750375e-17 8.539793693043589883e+03
4.041395661352114938e-16 6.685924544114911627e-17 8.540545932219540191e+03
2.755074104044095302e-16 6.807265836484248828e-17 8.541298163078834477e+03
-2.886080942936824236e-17 7.037217955881684261e-17 8.542050385689761242e+03
1.932039449322758657e-16 7.296379992132651979e-17 8.542802600120608986e+03
2.537556513662956986e-16 7.576910518765213427e-17 8.543554806439671665e+03
4.224553308119061511e-17 7.804124313710527277e-17 8.544307004715237781e+03
2.639327613398389579e-16 7.970412953566270486e-17 8.545059195015597652e+03
3.178586349909504354e-16 8.005911017568743485e-17 8.545811377409039778e+03
1.331790461408870776e-16 7.948168720239787602e-17 8.546563551963856298e+03
5.321412078153887441e-16 7.856695540209579549e-17 8.547315718748333893e+03
2.202889554104612322e-16 7.729482709565481145e-17 8.548067877830766520e+03
5.004865624956850305e-16 7.630930392694429028e-17 8.548820029279442679e+03
4.404562551704291545e-16 7.590716431722030469e-17 8.549572173162649051e+03
3.239212980747942383e-16 7.637449316765935553e-17 8.550324309548679594e+03
2.151522341816277071e-16 7.561360795303112181e-17 8.551076438505820988e+03
2.948187517531236567e-16 7.529348313257034137e-17 8.551828560102370830e+03
1.214841707979881664e-16 7.498694383208098435e-17 8.552580674406610342e+03
1.842965123798620247e-16 7.459498084769640559e-17 8.553332781486828026e+03
2.741495523249743062e-16 7.400357168985018407e-17 8.554084881411323295e+03
2.254080194948623955e-16 7.294909136763116452e-17 8.554836974248382830e+03
3.865245979563821923e-16 7.084563989084476541e-17 8.555589060066293314e+03
2.395254909967777620e-16 6.770226225197258620e-17 8.556341138933348702e+03
3.500371233463900556e-16 6.468633433543833352e-17 8.557093210917830220e+03
4.668027669310014399e-16 6.162616894852783130e-17 8.557845276088039100e+03
3.002085733124630927e-16 5.906708616566183134e-17 8.558597334512260204e+03
1.630789169048848573e-17 5.711101551946564050e-17 8.559349386258782033e+03
1.397781496583732223e-16 5.628097308083743093e-17 8.560101431395902182e+03
4.495346137216547361e-16 5.600354155964283325e-17 8.560853469991896418e+03
9.464475294374960778e-17 5.584623484459080029e-17 8.561605502115069612e+03
2.240225084315474347e-16 5.585998863302257645e-17 8.562357527833701170e+03
2.478635214156979213e-16 5.602017122797409375e-17 8.563109547216086867e+03
2.610786007922350604e-16 5.616709132475929013e-17 8.563861560330515204e+03
3.390694065782628350e-16 5.631208008180518860e-17 8.564613567245272861e+03
2.055973725342988663e-16 5.679445213445082378e-17 8.565365568028657435e+03
1.517624174010222961e-16 5.701330156442263709e-17 8.566117562748950149e+03
2.672715781491249089e-16 5.729487282705312822e-17 8.566869551474448599e+03
2.471698698466875995e-16 5.761587002210588339e-17 8.567621534273435827e+03
1.781106491446838550e-16 5.834750707088671723e-17 8.568373511214209429e+03
2.186106342175086540e-16 5.857916608804622463e-17 8.569125482365052449e+03
2.374928538289548876e-16 5.893954031306818810e-17 8.569877447794257023e+03
8.047135234311502331e-17 5.924028469217268221e-17 8.570629407570115291e+03
2.147300682066455783e-16 5.959675062259813096e-17 8.571381361760912114e+03
3.305999252630027761e-16 5.994601619166411350e-17 8.572133310434945088e+03
3.195075656917900757e-16 6.012320205023014777e-17 8.572885253660497256e+03
2.216210211520138155e-16 6.029849060228102953e-17 8.573637191505862575e+03
2.786500335369583954e-16 6.116565484119397664e-17 8.574389124039327726e+03
2.109579630770077016e-16 6.598983260791769435e-17 8.575141051329188485e+03
4.018877881196610510e-16 6.059655078122343105e-17 8.575892973443729716e+03
6.986901168555480195e-17 6.047938092747039698e-17 8.576644890451239917e+03
1.291619218246719182e-16 6.050973590066939764e-17 8.577396802420014865e+03
2.751326628083774964e-17 6.045659065523516279e-17 8.578148709418339422e+03
3.271061144739049780e-16 6.045430574191334247e-17 8.578900611514507546e+03
1.118930496313863990e-16 6.041205909379994577e-17 8.579652508776807736e+03
3.671838853348342529e-16 6.052287485350592456e-17 8.580404401273528492e+03
3.500358954508092704e-16 6.086255696497239661e-17 8.581156289072960135e+03
3.264089531843214565e-16 6.131243497811800648e-17 8.581908172243394802e+03
2.513406662616839038e-16 6.227564202795205013e-17 8.582660050853120993e+03
3.671578231927370521e-16 6.308495219833252928e-17 8.583411924970427208e+03
1.239201490381948976e-16 6.355187041187536043e-17 8.584163794663603767e+03
1.824158268292158206e-16 6.396823543596549971e-17 8.584915660000944627e+03
2.376388517951341064e-16 6.400780577532388404e-17 8.585667521050738287e+03
2.116334897550371552e-16 6.434013767067525952e-17 8.586419377881273249e+03
2.170943502289671974e-16 6.557009707462657030e-17 8.587171230560834374e+03
2.482497160634440029e-16 6.406861081387049785e-17 8.587923079157721077e+03
1.952699738911583470e-16 6.427680097885458131e-17 8.588674923740218219e+03
3.433824261021085261e-16 6.490641380202045463e-17 8.589426764376614301e+03
1.137340627936270544e-16 6.589356879911361240e-17 8.590178601135205099e+03
1.708857556874101409e-16 6.724448578580862010e-17 8.590930434084275475e+03
3.768743733364642728e-16 6.855427070231658507e-17 8.591682263292117568e+03
3.996434757670935577e-16 6.982144219743866649e-17 8.592434088827019877e+03
5.154365737080510152e-16 7.066668233734951868e-17 8.593185910757274542e+03
1.247454970635574068e-16 7.062538742496673628e-17 8.593937729151170061e+03
2.161981782826783809e-16 7.024310747798272311e-17 8.594689544076998573e+03
2.524385475498138851e-16 6.949114716836463717e-17 8.595441355603044940e+03
4.178511027365818254e-16 6.859426314979622086e-17 8.596193163797603120e+03
2.059462243432039635e-16 6.794700157207949266e-17 8.596944968728963431e+03
3.930986435365914467e-16 6.840432491245884561e-17 8.597696770465412555e+03
3.754855121538394240e-17 6.710860950817684036e-17 8.598448569075244450e+03
9.239713318585994075e-18 6.718459418298118555e-17 8.599200364626747614e+03
2.968634811468867292e-16 6.733686781438069130e-17 8.599952157188210549e+03
4.075959007425993953e-16 6.761579058910921596e-17 8.600703946827925392e+03
1.747658557366802066e-16 6.806997423117687103e-17 8.601455733614182463e+03
7.727141442818484256e-17 6.865226547921598046e-17 8.602207517615266624e+03
1.812133164418604480e-16 6.921695498569361269e-17 8.602959298899475471e+03
3.004327669755361587e-16 6.967677537194824377e-17 8.603711077535092045e+03
-3.087878539315252156e-17 7.018346007792148052e-17 8.604462853590412124e+03
-6.375984449794635405e-17 7.083461218405302749e-17 8.605214627133718750e+03
1.189558403511634523e-16 7.217129969700442789e-17 8.605966398233309519e+03
1.793059995461817606e-16 7.408390137237464914e-17 8.606718166957469293e+03
4.052880223306633506e-16 7.603142642937051665e-17 8.607469933374490211e+03
3.058262156075969126e-16 7.930512014501461593e-17 8.608221697552662590e+03
7.319765214196765660e-18 8.306022479803176018e-17 8.608973459560278570e+03
2.019827280891165735e-16 8.683603140931934351e-17 8.609725219465617556e+03
2.187299228632757919e-16 9.091993240495006924e-17 8.610476977336980781e+03
1.701598479481946177e-16 9.558913745910843226e-17 8.611228733242656745e+03
1.006506654579182775e-17 1.001671510756120701e-16 8.611980487250930310e+03
3.447587628307856293e-16 1.068174155651359098e-16 8.612732239430095433e+03
-2.084058542918487607e-16 1.093319822795973726e-16 8.613483989848440615e+03
1.981863788433731100e-16 1.139719742600232229e-16 8.614235738574257994e+03
2.412534583778098477e-16 1.189911714574037820e-16 8.614987485675832431e+03
1.300458386336749139e-16 1.238100706273309571e-16 8.615739231221461523e+03
1.003795541165800611e-16 1.285066987927646619e-16 8.616490975279430131e+03
3.974487128245955200e-16 1.332276904126232557e-16 8.617242717918026756e+03
5.233288401169772034e-16 1.379042284394226122e-16 8.617994459205543535e+03
2.161333948227771751e-16 1.423506429101255241e-16 8.618746199210272607e+03
1.379260097976148835e-16 1.465286120997373409e-16 8.619497938000498834e+03
4.370080593239237509e-17 1.504422798400642632e-16 8.620249675644519812e+03
3.826378143935869341e-16 1.544362499904860522e-16 8.621001412210618582e+03
1.814203518364046187e-16 1.578573695576268913e-16 8.621753147767089104e+03
-1.901422949562780502e-16 1.609291423122061301e-16 8.622504882382218057e+03
1.807815383930540434e-16 1.640108742330252931e-16 8.623256616124295761e+03
1.379339007627852489e-16 1.665802432869807221e-16 8.624008349061616173e+03
4.872588739691192895e-16 1.691953436815157735e-16 8.624760081262465974e+03
3.089501407228462100e-16 1.707211776419765246e-16 8.625511812795137303e+03
7.781507072001342768e-17 1.730136619398281518e-16 8.626263543727918659e+03
3.785397829718109761e-16 1.749318981306028038e-16 8.627015274129096724e+03
6.326500299775831663e-16 1.763390235621295461e-16 8.627767004066969093e+03
1.525281645321922161e-17 1.767414884569126014e-16 8.628518733609816991e+03
6.303958165378547893e-17 1.780739779641329461e-16 8.629270462825936193e+03
-2.557613285919662090e-16 1.774019246150470523e-16 8.630022191783617018e+03
4.203385306178476062e-16 1.771942547176278296e-16 8.630773920551147967e+03
7.112221973246052055e-16 1.768096522937543586e-16 8.631525649196817540e+03
2.843229869959557053e-16 1.758092868698507068e-16 8.632277377788916056e+03
3.314586458188426126e-16 1.727212285859874360e-16 8.633029106395737472e+03
4.393077596776276447e-16 1.708957577314489554e-16 8.633780835085570288e+03
3.576609641142948215e-17 1.698534372496851521e-16 8.634532563926695730e+03
5.619997688773329016e-16 1.643621676268972023e-16 8.635284292987416848e+03
6.043101672816794132e-16 1.599668033215576593e-16 8.636036022336014867e+03
1.495627028205631347e-16 1.549268271637050357e-16 8.636787752040785563e+03
2.067930709894013460e-16 1.497158838607191887e-16 8.637539482170015617e+03
1.438449300366310383e-16 1.438599008806447265e-16 8.638291212791991711e+03
1.629877465318573374e-16 1.381026243902112465e-16 8.639042943975011440e+03
-1.667226911780286539e-17 1.328681054259790449e-16 8.639794675787361484e+03
2.911013763983548934e-16 1.282199433375534692e-16 8.640546408297328526e+03
2.372180632011313791e-16 1.242807343929026420e-16 8.641298141573204703e+03
6.066592920892571219e-17 1.205414773839001975e-16 8.642049875683282153e+03
2.447462204032632526e-16 1.181732119610262371e-16 8.642801610695851195e+03
2.217071252773274852e-16 1.170897175838825354e-16 8.643553346679194874e+03
2.389519115265087819e-16 1.172744214773081973e-16 8.644305083701612602e+03
1.109520070506391700e-16 1.178295956391030162e-16 8.645056821831387424e+03
4.004424901590617222e-16 1.189403555714518023e-16 8.645808561136811477e+03
4.800169222896793486e-16 1.204029114886020125e-16 8.646560301686175080e+03
-8.391116401516610650e-17 1.227598439038782408e-16 8.647312043547772191e+03
-2.084214076294414600e-16 1.253005426714400696e-16 8.648063786789887672e+03
9.276767815031984727e-17 1.292911406768079156e-16 8.648815531480810023e+03
1.711742656474538901e-16 1.334648414256359553e-16 8.649567277688831382e+03
5.091186539520025505e-16 1.384013075360871836e-16 8.650319025482243887e+03
2.711218911994513812e-16 1.454928606198697182e-16 8.651070774929336039e+03
1.005679168763904838e-16 1.465127463146597600e-16 8.651822526098396338e+03
3.771923733209739422e-16 1.506852645462223865e-16 8.652574279057720560e+03
-1.298660790376882479e-16 1.549565400753486058e-16 8.653326033875589928e+03
2.286301335211298984e-17 1.593092971477708916e-16 8.654077790620300220e+03
3.981688482445954347e-16 1.632833849060154516e-16 8.654829549360136298e+03
4.189093019270258841e-16 1.657951424249006529e-16 8.655581310163395756e+03
2.819724691177976937e-16 1.676473501017604501e-16 8.656333073098363457e+03
4.663093219895643977e-17 1.693368555207503113e-16 8.657084838233331539e+03
-2.633332459901610395e-16 1.714439695594568373e-16 8.657836605636586683e+03
-8.805784857067883881e-17 1.717890510958821186e-16 8.658588375376422846e+03
5.423401828454349129e-16 1.739855001718681786e-16 8.659340147521128529e+03
8.329012931242349519e-16 1.757526307293988292e-16 8.660091922138988593e+03
4.181156756571047334e-16 1.769781101631884887e-16 8.660843699298304273e+03
6.363759164976248624e-17 1.763642476430681290e-16 8.661595479067356791e+03
2.421466075572453874e-16 1.750791970491805113e-16 8.662347261514438287e+03
1.773662576113256229e-16 1.736727551244295370e-16 8.663099046707839079e+03
2.920562259518875863e-16 1.741034284630257965e-16 8.663850834715849487e+03
4.653062242749849122e-16 1.743254640804395282e-16 8.664602625606759830e+03
3.160060033387399505e-16 1.739005535132549533e-16 8.665354419448856788e+03
3.249730416282161344e-16 1.720395754782637942e-16 8.666106216310432501e+03
3.629258624947734692e-16 1.692863647696313405e-16 8.666858016259780925e+03
5.468209457671212855e-18 1.660258014235209998e-16 8.667609819365186922e+03
-2.824486766945434097e-16 1.627012337543004859e-16 8.668361625694942632e+03
5.910498418072633132e-16 1.607866537511118320e-16 8.669113435317336553e+03
1.297830755940866325e-17 1.597522712936810948e-16 8.669865248300660824e+03
1.939987311520978785e-16 1.581695811543240069e-16 8.670617064713202126e+03
5.314698657425903286e-16 1.558917161371621413e-16 8.671368884623250779e+03
6.171698112271454055e-17 1.531263545033732097e-16 8.672120708099104377e+03
3.592581656504800387e-16 1.493524305935599558e-16 8.672872535209044145e+03
3.417220639034559112e-16 1.462991173448976615e-16 8.673624366021362221e+03
6.515380042516861724e-17 1.448206245246846217e-16 8.674376200604347105e+03
4.186680790367773737e-16 1.442776630348123935e-16 8.675128039026294573e+03
2.637738112214636458e-16 1.434406836194136863e-16 8.675879881355489488e+03
2.748034881438328822e-16 1.418038350005567943e-16 8.676631727660223987e+03
3.808604742674976385e-16 1.384334399509883284e-16 8.677383578008786571e+03
1.118186557462883563e-16 1.348462346792341425e-16 8.678135432469469379e+03
5.054247340687574640e-16 1.315879276822506955e-16 8.678887291110560909e+03
1.633524722254084696e-17 1.300223059358843828e-16 8.679639154000351482e+03
1.900312017186626672e-16 1.289691024602819304e-16 8.680391021207127778e+03
5.498746981312494092e-17 1.279463876104920226e-16 8.681142892799187393e+03
1.474995984471465402e-16 1.262032817071769771e-16 8.681894768844813370e+03
2.082930776579438238e-16 1.234015116339090622e-16 8.682646649412297847e+03
1.971448641346983216e-16 1.195950867868808427e-16 8.683398534569932963e+03
5.362728703857003371e-16 1.153272001717225982e-16 8.684150424386007217e+03
2.483121826112450045e-16 1.125021294619942396e-16 8.684902318928809109e+03
2.526741975056538699e-16 1.107042813388287184e-16 8.685654218266628959e+03
1.551252655325484432e-16 1.094147406200516322e-16 8.686406122467760724e+03
4.716126137414720274e-16 1.079692677853912667e-16 8.687158031600487448e+03
1.990436828659780922e-16 1.055004034801425072e-16 8.687909945733104905e+03
1.484027862737642343e-16 1.022422586825449708e-16 8.688661864933903416e+03
5.053480469688945382e-16 9.891543062229175164e-17 8.689413789271169662e+03
3.364846837780111113e-16 9.590875729048832184e-17 8.690165718813190324e+03
3.346279751086368417e-16 9.385991642173942041e-17 8.690917653628262997e+03
2.996531638326552386e-16 9.275273481652619231e-17 8.691669593784672543e+03
4.333271376179692726e-16 9.191324424722092065e-17 8.692421539350711100e+03
3.163135996774984262e-16 9.085974952910779348e-17 8.693173490394670807e+03
3.273801730733879620e-16 8.926518036385920739e-17 8.693925446984838345e+03
4.937466857986475054e-16 8.736636373726755491e-17 8.694677409189502214e+03
2.641438548575697681e-16 8.570448603458206530e-17 8.695429377076958190e+03
2.805627403765952118e-16 8.420293296651545978e-17 8.696181350715494773e+03
-3.658601779594277328e-17 8.346759050209985250e-17 8.696933330173391369e+03
2.962479914675431351e-16 8.307020424352681409e-17 8.697685315518952848e+03
3.288270589702563720e-16 8.281119088243202738e-17 8.698437306820464073e+03
2.695907007572564559e-16 8.259846708077135326e-17 8.699189304146209906e+03
2.111552060938144785e-16 8.131524911557171490e-17 8.699941307564487943e+03
3.291515761042776162e-16 8.027751319599243915e-17 8.700693317143584864e+03
2.924766553108195117e-16 7.956404802151554118e-17 8.701445332951785531e+03
5.199500677040739635e-16 7.909069675439588015e-17 8.702197355057389359e+03
2.882152071069806742e-16 7.879569518179121283e-17 8.702949383528679391e+03
2.557869695711939615e-16 7.872034536543573418e-17 8.703701418433949584e+03
3.404447857445107925e-16 7.840963372487683167e-17 8.704453459841486620e+03
2.197967644278053706e-16 7.821357362434172054e-17 8.705205507819584454e+03
2.157510377921211500e-16 7.694564266065854288e-17 8.705957562436527951e+03
4.222490687937511904e-16 7.556468577048370879e-17 8.706709623760612885e+03
3.695410159440850165e-16 7.435014797519455053e-17 8.707461691860124120e+03
1.439240680293286867e-16 7.325794399372488181e-17 8.708213766803357430e+03
3.680843697951423973e-16 7.256554733115027847e-17 8.708965848658597679e+03
4.322400992598980751e-16 7.178956309743825633e-17 8.709717937494133366e+03
1.774417276196450934e-16 7.134983591527191692e-17 8.710470033378262087e+03
3.157992430700139417e-16 7.087852888037760427e-17 8.711222136379263247e+03
1.874941601525781296e-16 7.020130941481216831e-17 8.711974246565439898e+03
3.822124168696714527e-16 6.949654173801901397e-17 8.712726364005071446e+03
1.767270606888815626e-16 6.853720681097460476e-17 8.713478488766450027e+03
2.486901208273130743e-16 6.752788030283156971e-17 8.714230620917871420e+03
2.077865268392287613e-16 6.653552808987806015e-17 8.714982760527618666e+03
1.355016855750929861e-16 6.563570912772299610e-17 8.715734907663987542e+03
3.420850863511290102e-16 6.493689414592754375e-17 8.716487062395259272e+03
1.790447928131468869e-16 6.441728426567111672e-17 8.717239224789733271e+03
3.382609453563851462e-16 6.395507181085891076e-17 8.717991394915694400e+03
4.298823167762851243e-16 6.373535248224205069e-17 8.718743572841434798e+03
2.291985404122166761e-16 6.343972047206262658e-17 8.719495758635241145e+03
4.382448673581657270e-16 6.352726422812627096e-17 8.720247952365409219e+03
1.376952324784984567e-16 6.312057895021762842e-17 8.721000154100227519e+03
2.994378861755093698e-16 6.299726278450288316e-17 8.721752363907977269e+03
8.797498166192719584e-17 6.294425520958781075e-17 8.722504581856961522e+03
1.555281497600561452e-16 6.289713523822276232e-17 8.723256808015461502e+03
2.220701765087223613e-16 6.270024527560244217e-17 8.724009042451769346e+03
4.367858318897666427e-16 6.243879434683870606e-17 8.724761285234177194e+03
1.917867894442722354e-16 6.223714490512807259e-17 8.725513536430973545e+03
9.298097366659910460e-17 6.208262678017769683e-17 8.726265796110448719e+03
4.037772750730236444e-16 6.186203928121688612e-17 8.727018064340893034e+03
3.144675307992719572e-16 6.182268553378392367e-17 8.727770341190593172e+03
7.495013804384173356e-17 6.175192809874825280e-17 8.728522626727841271e+03
7.350332272795826194e-17 6.173068528278913824e-17 8.729274921020929469e+03
4.010661344988179145e-16 6.178048965556652909e-17 8.730027224138146266e+03
2.492817079077776518e-16 6.205119379113124413e-17 8.730779536147783801e+03
2.877639134739224489e-16 6.215839328548304160e-17 8.731531857118125117e+03
2.191735537451355344e-16 6.229008119292578545e-17 8.732284187117465990e+03
3.001644437433827083e-16 6.249946118610190014e-17 8.733036526214094920e+03
2.388453674577288113e-16 6.274427458947805877e-17 8.733788874476304045e+03
1.181055014775364084e-16 6.303100044142770689e-17 8.734541231972381865e+03
3.583891682174232333e-16 6.306103598833954029e-17 8.735293598770615063e+03
1.020582821917576568e-16 6.315231764875296422e-17 8.736045974939299413e+03
1.325554530776794968e-16 6.475757523650229546e-17 8.736798360546721597e+03
3.888854866271142345e-16 6.394492192454655239e-17 8.737550755661171934e+03
4.845468471857129150e-16 6.408596518237238569e-17 8.738303160350940743e+03
2.818737457976661698e-16 6.442674285615524295e-17 8.739055574684320163e+03
2.163942583031358851e-16 6.461484059902984346e-17 8.739807998729591418e+03
3.138741225808396626e-16 6.474713831010087628e-17 8.740560432555055741e+03
4.702260837625769237e-17 6.489782403565576771e-17 8.741312876228999812e+03
1.865019596291141517e-16 6.513431202067493545e-17 8.742065329819708495e+03
2.454439186993720264e-16 6.525215423995423050e-17 8.742817793395477565e+03
-2.989231928434120701e-17 6.535195169908010885e-17 8.743570267024591885e+03
2.055376101626048854e-16 6.543557610163095918e-17 8.744322750775350869e+03
4.297976164076954030e-16 6.545218064456298416e-17 8.745075244716033922e+03
2.546445544418686334e-16 6.542209422751246102e-17 8.745827748914936819e+03
1.355188365748934423e-16 6.523788614565031714e-17 8.746580263440346243e+03
3.408521226750239964e-16 6.511076282306120586e-17 8.747332788360556151e+03
1.543657640644109714e-16 6.498619858830263543e-17 8.748085323743853223e+03
3.271956219123534230e-16 6.492520783119598072e-17 8.748837869658527779e+03
1.975910032970584657e-16 6.529507930733395898e-17 8.749590426172871958e+03
1.541028881631810424e-16 6.644605032244072831e-17 8.750342993355174258e+03
1.121824441704728065e-16 6.890340099272433037e-17 8.751095571273726819e+03
1.546431272677761012e-16 7.295926803634769060e-17 8.751848159996814502e+03
9.466824367595484190e-17 7.846875903197821739e-17 8.752600759592729446e+03
-1.882446360877442974e-17 8.582300279439515801e-17 8.753353370129765608e+03
8.665835692714360679e-17 9.437616442590847794e-17 8.754105991676213307e+03
2.808194027793106048e-16 1.028620937809867416e-16 8.754858624300355586e+03
3.482455652861453389e-16 1.095125832826697716e-16 8.755611268070486403e+03
1.358614307884920060e-16 1.148138726479583361e-16 8.756363923054892439e+03
3.141542219233679375e-16 1.185300547146111429e-16 8.757116589321871288e+03
8.586065525768339599e-17 1.210870957880997450e-16 8.757869266939705994e+03
2.969854315855237971e-16 1.237929456985698564e-16 8.758621955976690515e+03
7.017303939290138325e-16 1.276446879161163212e-16 8.759374656501113350e+03
2.006388986364898857e-16 1.337382545277680405e-16 8.760127368581262999e+03
1.826731156810671049e-16 1.413016749355561951e-16 8.760880092285431601e+03
5.202870427483330774e-16 1.474229103207104948e-16 8.761632827681913113e+03
5.688115783730808583e-16 1.533928275115586340e-16 8.762385574838986940e+03
5.755952233102838997e-16 1.575970294945473879e-16 8.763138333824954316e+03
4.491334024093732353e-16 1.603181638230004685e-16 8.763891104708094645e+03
1.660046843006495197e-16 1.607084593083472031e-16 8.764643887556707341e+03
1.603502158924228046e-16 1.593969334096323759e-16 8.765396682439077267e+03
9.229451958092423015e-17 1.573519095474632701e-16 8.766149489423492923e+03
8.581499129293038655e-17 1.543785085616443998e-16 8.766902308578250086e+03
-2.683751799279145459e-16 1.501013592748238506e-16 8.767655139971633616e+03
-1.631661261878748782e-17 1.464847905317715960e-16 8.768407983671935654e+03
2.039546149602490014e-16 1.446982246453525311e-16 8.769160839747448335e+03
6.622683505276468360e-17 1.441655819821446811e-16 8.769913708266460162e+03
1.785960906917448279e-16 1.477352677693564325e-16 8.770666589297255996e+03
4.674610447609423255e-16 1.518786030875258232e-16 8.771419482908135251e+03
9.930812039814556718e-17 1.559098258972551121e-16 8.772172389167375513e+03
3.588917697067549380e-16 1.567361450134499924e-16 8.772925308143279835e+03
2.255692088141051343e-16 1.551038472175685856e-16 8.773678239904133079e+03
-7.309858432718222551e-17 1.506584544462517894e-16 8.774431184518223745e+03
7.553832879687799367e-17 1.441787726870610403e-16 8.775184142053842152e+03
4.336031190200713782e-16 1.380556147499123277e-16 8.775937112579278619e+03
5.557520921310330170e-16 1.338611522251530553e-16 8.776690096162823465e+03
-1.100757646200749780e-16 1.299683928585311562e-16 8.777443092872767011e+03
2.025305969522626399e-16 1.282029291761043104e-16 8.778196102777399574e+03
1.647097301804788446e-16 1.281553403577665611e-16 8.778949125945011474e+03
-1.046309501597318966e-16 1.281211712267357133e-16 8.779702162443891211e+03
3.582768569505153741e-18 1.281777604416152341e-16 8.780455212342327286e+03
1.151894855859038791e-16 1.283671483266928985e-16 8.781208275708611836e+03
3.306605574832277138e-16 1.271572937013439208e-16 8.781961352611037000e+03
3.426745849192588219e-16 1.247763877434181566e-16 8.782714443117891278e+03
4.617852194007465746e-16 1.222956586910711073e-16 8.783467547297461351e+03
5.358416998692233645e-16 1.179201082043080635e-16 8.784220665218042996e+03
3.348230743049018437e-16 1.117605619505625831e-16 8.784973796947921073e+03
1.208649140888521632e-15 1.052464122939754672e-16 8.785726942555385904e+03
9.917158285548711451e-16 1.002405353101398934e-16 8.786480102108733263e+03
9.475696145874413296e-16 9.540903200867092289e-17 8.787233275676248013e+03
3.622995914041432384e-16 9.152080617680510598e-17 8.787986463326218654e+03
1.669050343048836674e-16 9.015859162886514418e-17 8.788739665126940963e+03
-4.331464859630404460e-17 9.014173525689633008e-17 8.789492881146699801e+03
-6.256605796856749587e-17 9.025932911235352812e-17 8.790246111453787307e+03
3.593474427665865485e-16 9.013242571131913670e-17 8.790999356116493800e+03
-9.135505742026653425e-17 9.005449172682190463e-17 8.791752615203105961e+03
3.058833584924261556e-16 9.023382754379751066e-17 8.792505888781921385e+03
4.486044308629558723e-16 9.033659136581016938e-17 8.793259176921223116e+03
1.375281763651296602e-16 9.028057876303773003e-17 8.794012479689303291e+03
2.450075498132354637e-16 8.995688075120463592e-17 8.794765797154454049e+03
1.911317102783240058e-16 8.953273234705943022e-17 8.795519129384960252e+03
2.868975637304597010e-16 8.801288251631380179e-17 8.796272476449117676e+03
1.516559333407194880e-16 8.480392297374280039e-17 8.797025838415211183e+03
5.347477438777068914e-16 8.040114181409828783e-17 8.797779215351534731e+03
5.928775258329860705e-16 7.649024121848549240e-17 8.798532607326378638e+03
4.244791429665452604e-16 7.165926897569179684e-17 8.799286014408029587e+03
4.986761018284293612e-16 6.698529609749087827e-17 8.800039436664777895e+03
3.532448174614123929e-16 6.632628678616568370e-17 8.800792874164915702e+03
2.103852889597602847e-17 7.509801408078023940e-17 8.801546326976729688e+03
2.797512215106224232e-16 6.619974610713516234e-17 8.802299795168517448e+03
3.171270303789759084e-16 6.491192727195671983e-17 8.803053278808560208e+03
4.422541351349008184e-16 6.549311779511405877e-17 8.803806777965151923e+03
1.967609733922211971e-16 6.596318785295807150e-17 8.804560292706584733e+03
3.182218456470832094e-16 6.639639478169334471e-17 8.805313823101141679e+03
2.712271010198525927e-16 6.666988162982113403e-17 8.806067369217122177e+03
3.137628409569055599e-16 6.675302425203460321e-17 8.806820931122809270e+03
5.698496107718816126e-16 6.676233542192693684e-17 8.807574508886493277e+03
3.609906674964995311e-16 6.675083825238498478e-17 8.808328102576466335e+03
1.600707644386854718e-16 6.692984831200031590e-17 8.809081712261020584e+03
1.917210515505443893e-16 6.697088105114530694e-17 8.809835338008442704e+03
1.709544114150285838e-16 6.719017800210516477e-17 8.810588979887023015e+03
3.179652644833615651e-16 6.743399726048364917e-17 8.811342637965051836e+03
2.437748978331628514e-16 6.776109198220021030e-17 8.812096312310821304e+03
1.639365430415324407e-16 6.808362641564197013e-17 8.812850002992618101e+03
1.671803480757543950e-16 6.851680010625606227e-17 8.813603710078732547e+03
3.966514051869014022e-16 6.863145835167892396e-17 8.814357433637456779e+03
1.837879928964286039e-16 6.879782913246607061e-17 8.815111173737081117e+03
2.459657723774488345e-16 6.902152236312374089e-17 8.815864930445892242e+03
-3.725416850427617854e-18 7.024077992727319102e-17 8.816618703832180472e+03
3.103488269274180503e-16 7.332340831334769408e-17 8.817372493964241585e+03
4.890919033143275818e-16 8.106920767067895483e-17 8.818126300910360442e+03
-2.888815951913284811e-16 9.528458142433577577e-17 8.818880124738825543e+03
2.093508489817811488e-16 1.145445931672582875e-16 8.819633965517932666e+03
-1.534050693295240729e-17 1.322248225160040662e-16 8.820387823315966671e+03
8.859574288144319628e-16 1.463960983720151129e-16 8.821141698201221516e+03
9.008737474668989024e-16 1.571710987678687816e-16 8.821895590241985701e+03
7.672548049085848420e-16 1.647535873353677956e-16 8.822649499506547727e+03
3.377092824272498669e-16 1.681447172633641818e-16 8.823403426063196093e+03
4.435430537968407584e-17 1.686298704387985434e-16 8.824157369980224757e+03
6.673151644706141055e-17 1.689695994890190814e-16 8.824911331325924039e+03
1.511702849387645954e-16 1.694783200936515961e-16 8.825665310168582437e+03
-8.947239117835649396e-17 1.703729197604683887e-16 8.826419306576486633e+03
-9.738336825048766811e-17 1.716640113235695431e-16 8.827173320617934223e+03
-2.675940907239959582e-16 1.736567965079883365e-16 8.827927352361206431e+03
2.136361850514575848e-17 1.775351464437569665e-16 8.828681401874599032e+03
-9.064673664548969531e-17 1.816841687558281189e-16 8.829435469226402347e+03
6.275903473782106437e-17 1.846441112478669231e-16 8.830189554484903056e+03
-4.350967940882325395e-16 1.868188153470808891e-16 8.830943657718391478e+03
-5.301011964678588849e-16 1.866111798407621141e-16 8.831697778995161570e+03
-2.957333332702577081e-16 1.829904947466879390e-16 8.832451918383498196e+03
1.370830329642884464e-17 1.728485025864574165e-16 8.833206075951697130e+03
9.192212962799068400e-16 1.603116018224178534e-16 8.833960251768045055e+03
9.970309123756094397e-16 1.473086486006543012e-16 8.834714445900826831e+03
1.205974778693526117e-15 1.356620088327836084e-16 8.835468658418343693e+03
3.542642595112953286e-16 1.258179818075851400e-16 8.836222889388876865e+03
1.071667155276807310e-16 1.212118603689334691e-16 8.836977138880716666e+03
1.418928445742293902e-16 1.201017147764252883e-16 8.837731406962160690e+03
4.392177618032317146e-17 1.194844304367043125e-16 8.838485693701491982e+03
8.578138493377327335e-17 1.187514852154684428e-16 8.839239999167000860e+03
2.251409123620523170e-16 1.189834275945391980e-16 8.839994323426981282e+03
8.587684163811826270e-17 1.161204218380301564e-16 8.840748666549719928e+03
5.400488491322269145e-17 1.142716536996583770e-16 8.841503028603510757e+03
-1.772277560824121531e-16 1.118819230950206770e-16 8.842257409656633172e+03
-7.606009834306369044e-17 1.056936959470919178e-16 8.843011809777390226e+03
3.864683189606809375e-16 1.002057273918168953e-16 8.843766229034064963e+03
6.086205276628379707e-16 9.537407871787040025e-17 8.844520667494951340e+03
9.627030063284978677e-16 9.102102027201282250e-17 8.845275125228334218e+03
4.251375483549261222e-16 8.789411394974943774e-17 8.846029602302511194e+03
5.417567560263509754e-16 8.706702721979745256e-17 8.846784098785759852e+03
4.694772488670347046e-16 8.703010173558835936e-17 8.847538614746383246e+03
3.840564755410199056e-16 8.701343125045458734e-17 8.848293150252664418e+03
2.860286242147942192e-16 8.884392031440902041e-17 8.849047705372893688e+03
3.153753908243552834e-17 8.820030333953504030e-17 8.849802280175365013e+03
2.817442305535725857e-16 8.730921728098911450e-17 8.850556874728363255e+03
1.918429857645464690e-16 8.728013791096461743e-17 8.851311489100182371e+03
2.909723740450868711e-16 8.717305636641426117e-17 8.852066123359112680e+03
3.025232861921776623e-16 8.712395368415040465e-17 8.852820777573440864e+03
1.377220882625462225e-16 8.692687711126047340e-17 8.853575451811455423e+03
2.723519871491072394e-16 8.679603234877471096e-17 8.854330146141452133e+03
1.538127527335401766e-16 8.570621619581498813e-17 8.855084860631715856e+03
3.214612436412740370e-16 8.376275550360839637e-17 8.855839595350546006e+03
2.577208609445343395e-16 8.124868373510497908e-17 8.856594350366220169e+03
4.053769787424738788e-17 7.895900189717449785e-17 8.857349125747034122e+03
1.751093177922860301e-16 7.730926944476358111e-17 8.858103921561276366e+03
3.482879832772016434e-16 7.755471951540407578e-17 8.858858737877242675e+03
3.617822425338255414e-16 8.182595303128824681e-17 8.859613574763216093e+03
1.009651283148847765e-17 8.822531916862116626e-17 8.860368432287490577e+03
9.503043346419207887e-17 9.429363919062987992e-17 8.861123310518349172e+03
1.777378838689161877e-16 9.926973350034360070e-17 8.861878209524093108e+03
4.335432194989143104e-17 1.033061966509767566e-16 8.862633129373007250e+03
3.116996397278485414e-16 1.054475511604322297e-16 8.863388070133374640e+03
-3.297598026753290635e-16 1.058103756555968765e-16 8.864143031873496511e+03
-1.408608659559725853e-16 1.053214135517754463e-16 8.864898014661659545e+03
2.064672735852971613e-16 1.048483352822184863e-16 8.865653018566150422e+03
1.524337804763939178e-16 1.045418491495688767e-16 8.866408043655259462e+03
-1.650243406994390842e-16 1.041327542607008588e-16 8.867163089997280622e+03
2.306920320655277433e-16 1.038304920958135819e-16 8.867918157660498764e+03
1.245078354500193567e-16 1.029458152706402207e-16 8.868673246713209664e+03
1.803287165516633171e-16 1.029992503104083937e-16 8.869428357223700004e+03
2.527857901613980622e-16 1.022154284964699999e-16 8.870183489260256465e+03
-7.904604046022555239e-17 1.016391942732492524e-16 8.870938642891178461e+03
-1.891871892203408236e-16 1.007313862901078048e-16 8.871693818184745396e+03
-5.253798032437691654e-17 9.927208682014797722e-17 8.872449015209254867e+03
-1.803582555183264797e-17 9.547918486491555641e-17 8.873204234032993554e+03
4.652530388232088676e-17 8.961035332949066974e-17 8.873959474724249958e+03
3.972084737585648879e-16 8.350436851522102025e-17 8.874714737351319854e+03
2.572969615402919531e-16 7.822735056122945804e-17 8.875470021982488106e+03
5.825845190361885475e-16 7.437293852816406932e-17 8.876225328686046851e+03
3.055641782624901396e-16 7.622217045432031678e-17 8.876980657530284589e+03
-4.882565001525763575e-16 8.738905236886713313e-17 8.877736008583495277e+03
4.995399485633742080e-17 1.032933691842740006e-16 8.878491381913961959e+03
-1.780877833210104192e-16 1.179811486890534559e-16 8.879246777589982230e+03
4.011623362342269905e-16 1.293197052631929422e-16 8.880002195679840952e+03
4.203487306149808735e-16 1.379766182169994419e-16 8.880757636251828444e+03
2.122835859259101940e-16 1.434079224603053589e-16 8.881513099374238664e+03
-3.927358936165537231e-16 1.455182510850782397e-16 8.882268585115358292e+03
-1.931154386567783378e-16 1.456944242064757671e-16 8.883024093543475828e+03
-1.276352103559093283e-16 1.461311168391708164e-16 8.883779624726885231e+03
-4.346819408513899065e-16 1.460781361446680768e-16 8.884535178733876819e+03
-4.705302549846742364e-16 1.462387480441584608e-16 8.885290755632733635e+03
-1.206689177391817825e-16 1.464501867924185982e-16 8.886046355491755094e+03
-1.590607928742326260e-16 1.464754042665740316e-16 8.886801978379226057e+03
-6.257772310957851770e-16 1.465805096259153690e-16 8.887557624363436844e+03
-1.559254849852291228e-16 1.471807767398154611e-16 8.888313293512675955e+03
-4.933382666800294400e-16 1.473145006163490799e-16 8.889068985895239166e+03
-5.153732352160642096e-16 1.465020696780677492e-16 8.889824701579409520e+03
-9.814973376719278562e-16 1.443743952977947596e-16 8.890580440633480976e+03
-9.735120307240933991e-16 1.376869911145236899e-16 8.891336203125745669e+03
-9.335093353246803363e-16 1.269307717802544602e-16 8.892091989124488464e+03
1.465951625332715044e-16 1.144417091601221087e-16 8.892847798697999679e+03
8.622536765809048522e-16 1.025464534270390954e-16 8.893603631914575089e+03
1.058516075006369073e-15 9.102063250675386461e-17 8.894359488842497740e+03
3.191763555139107901e-16 8.652263563897645083e-17 8.895115369550061587e+03
-1.399320957787171700e-16 9.095896378984930085e-17 8.895871274105556950e+03
2.284175723355941055e-16 9.829136508209467524e-17 8.896627202577274147e+03
5.461985163787731134e-16 1.043043109765967739e-16 8.897383155033499861e+03
1.540702351723960428e-17 1.095997291083593520e-16 8.898139131542524410e+03
4.217106688191164734e-16 1.131261492153643119e-16 8.898895132172645390e+03
1.824073536739100497e-16 1.142068016209791415e-16 8.899651156992138567e+03
2.577892576231177479e-16 1.144109343931775234e-16 8.900407206069310632e+03
1.908864181750410076e-16 1.146996503666549649e-16 8.901163279472439172e+03
1.089752950291767300e-16 1.147155458622898846e-16 8.901919377269818142e+03
2.500309003953381139e-16 1.148341544475101969e-16 8.902675499529739682e+03
3.398875234951867742e-16 1.151204971902273577e-16 8.903431646320492291e+03
4.889873248539862566e-16 1.150391929133356168e-16 8.904187817710364470e+03
7.445692353808098099e-16 1.149631656389823578e-16 8.904944013767646538e+03
4.897794542415711224e-16 1.149826643663289990e-16 8.905700234560630633e+03
3.797921922660321920e-16 1.150585485462228364e-16 8.906456480157607075e+03
3.560191878195127891e-16 1.145876153308483768e-16 8.907212750626858906e+03
2.478774759240515561e-16 1.127044623287653627e-16 8.907969046036687359e+03
6.291376181726242856e-17 1.086052375274608011e-16 8.908725366455375479e+03
-7.848340346318376919e-17 1.028442227404888344e-16 8.909481711951213583e+03
2.244861770334239018e-16 9.841578861090713184e-17 8.910238082592491992e+03
6.960692995426032776e-16 9.858883006629334786e-17 8.910994478447504662e+03
1.193638747983320319e-15 1.077414651055771095e-16 8.911750899584534636e+03
4.505190592335135011e-16 1.211572990789405256e-16 8.912507346071877691e+03
2.652040486036292364e-16 1.341855341701880014e-16 8.913263817977818690e+03
5.557632958061675083e-16 1.457458047116131288e-16 8.914020315370653407e+03
7.145918756686959908e-16 1.546545491901880365e-16 8.914776838318668524e+03
-5.854203520202326116e-17 1.596338199551624971e-16 8.915533386890156180e+03
-2.887538267554822081e-16 1.602799284943423352e-16 8.916289961153401237e+03
-2.832874661476944307e-16 1.604371702571056119e-16 8.917046561176703108e+03
1.965543359867484307e-16 1.596598255959382625e-16 8.917803187028341199e+03
4.804563597628780770e-18 1.594881471054891501e-16 8.918559838776613105e+03
-7.025211883492640665e-17 1.595077060567922328e-16 8.919316516489805508e+03
-1.688466789015029100e-16 1.588900756216810063e-16 8.920073220236210545e+03
-2.718061562787209217e-16 1.591856218434361750e-16 8.920829950084116717e+03
-9.926484948892082317e-18 1.595059643267117181e-16 8.921586706101812524e+03
3.572401725852614488e-16 1.595158427371479430e-16 8.922343488357590104e+03
-6.929876804062606241e-17 1.592011069635373120e-16 8.923100296919739776e+03
-3.996424867289333981e-16 1.569653764130258555e-16 8.923857131856550041e+03
-5.486256684300935266e-16 1.531621268365322773e-16 8.924613993236313036e+03
-1.717829752645073143e-16 1.440396471401290595e-16 8.925370881127317261e+03
4.622184907398757201e-16 1.314901631989004038e-16 8.926127795597851218e+03
1.058214708392515485e-15 1.171358892792718197e-16 8.926884736716208863e+03
5.304225904517048859e-16 1.027554613343174556e-16 8.927641704550676877e+03
6.643194711899557652e-16 8.836839227813667936e-17 8.928398699169545580e+03
6.780726618319115356e-16 7.803501595656239682e-17 8.929155720641108928e+03
2.061066472351759651e-16 7.531232054968535279e-17 8.929912769033649965e+03
5.706175658239433352e-17 7.501698908393763676e-17 8.930669844415464468e+03
2.160725001283772487e-16 7.504282177490153079e-17 8.931426946854840935e+03
5.945793360601348976e-16 7.496619619201171781e-17 8.932184076420067868e+03
5.041880730039442318e-16 7.513142824682487605e-17 8.932941233179437404e+03
1.585395915320005254e-16 7.662547551416366315e-17 8.933698417201238044e+03
2.074126608880872971e-16 7.750725516555292812e-17 8.934455628553765564e+03
3.197303975577971250e-16 8.218385340401764459e-17 8.935212867305297550e+03
2.421156225633240117e-16 8.940084922897423209e-17 8.935970133524135235e+03
1.547235481533054433e-16 9.637365387915952691e-17 8.936727427278565301e+03
8.106078899071990511e-16 1.023095209977018509e-16 8.937484748636874428e+03
4.786755020117653490e-16 1.072803458975818896e-16 8.938242097667356575e+03
6.085940039382520544e-16 1.107018349365779687e-16 8.938999474438300240e+03
2.669566623545839076e-16 1.119713341751022073e-16 8.939756879017997562e+03
2.491836554823059788e-16 1.118445690798332706e-16 8.940514311474737042e+03
1.099142998623340445e-16 1.115848862109575369e-16 8.941271771876805360e+03
3.160843244324814948e-16 1.114365846346574531e-16 8.942029260292500112e+03
3.683259184120230536e-16 1.111178230661143847e-16 8.942786776790106160e+03
5.340361422865083059e-16 1.111215875341379106e-16 8.943544321437912004e+03
2.003571683136298142e-16 1.117321017419309089e-16 8.944301894304211601e+03
4.669667362883666140e-16 1.109039050419095417e-16 8.945059495457291632e+03
2.169760973675994495e-16 1.103087695107680267e-16 8.945817124965444236e+03
5.697710339687151356e-16 1.100375444002994424e-16 8.946574782896961551e+03
3.776431591892733812e-16 1.102379798570926074e-16 8.947332469320130258e+03
4.720269941042702829e-16 1.096644275635082901e-16 8.948090184303240676e+03
4.358555585174963702e-16 1.084799482639841881e-16 8.948847927914583124e+03
3.220804862207904634e-16 1.089188910584964524e-16 8.949605700222447922e+03
1.012610111783302986e-15 1.139966503175841002e-16 8.950363501295123569e+03
9.493112315112218349e-16 1.220189448001610976e-16 8.951121331200905843e+03
1.499388775125311657e-15 1.288957080618788684e-16 8.951879190008075966e+03
1.212798788158505907e-15 1.358298372011227503e-16 8.952637077784929716e+03
6.272300163228537057e-16 1.416273666780072588e-16 8.953394994599759229e+03
5.823855268408582970e-16 1.451078423915315261e-16 8.954152940520849370e+03
1.879053413334943262e-16 1.456427192901479413e-16 8.954910915616490456e+03
1.811655430686796772e-16 1.451059500501846632e-16 8.955668919954976445e+03
1.213830443005088324e-16 1.446642843661788938e-16 8.956426953604592200e+03
4.019112900376070019e-18 1.447257350806835502e-16 8.957185016633629857e+03
8.772530295438739960e-17 1.445488210318011153e-16 8.957943109110383375e+03
4.072795499411668677e-16 1.451462989441295256e-16 8.958701231103141254e+03
-3.374863563661005571e-16 1.456465731990889641e-16 8.959459382680190174e+03
-3.220340865592265058e-16 1.467004582016771703e-16 8.960217563909820456e+03
-1.646712353875563148e-16 1.468321036859258108e-16 8.960975774860326055e+03
-6.135307610585071640e-16 1.465611704046733387e-16 8.961734015599991835e+03
-1.263170621826120956e-15 1.460076969943821671e-16 8.962492286197111753e+03
-1.182168490573830749e-15 1.423810199097749431e-16 8.963250586719976127e+03
-1.531369155614188590e-15 1.337768200498303783e-16 8.964008917236868001e+03
-1.483850624760082281e-15 1.218829463372289676e-16 8.964767277816088608e+03
8.478319398145202225e-18 1.092227537937060003e-16 8.965525668525917354e+03
1.953250400004092378e-16 9.655439610474166331e-17 8.966284089434651833e+03
7.200273033269858426e-16 8.365333397554119233e-17 8.967042540610580545e+03
3.096030788095562666e-16 7.582168383051111687e-17 8.967801022121991991e+03
4.377661005026401044e-16 7.319262379238768605e-17 8.968559534037174672e+03
-4.498643089980048553e-17 7.304406875942190244e-17 8.969318076424420724e+03
2.021390757180434920e-16 7.278338254241388679e-17 8.970076649352024106e+03
-5.246539909563887709e-17 7.285839085221748845e-17 8.970835252888267860e+03
2.227475570291804152e-16 7.275373434744908662e-17 8.971593887101442306e+03
3.616766201022208517e-16 7.276007326830861075e-17 8.972352552059843219e+03
2.744386298737194210e-16 7.309008235609331191e-17 8.973111247831755463e+03
1.129621043183184519e-16 7.359724905413183019e-17 8.973869974485474813e+03
1.682585171110627482e-16 7.391303332706621368e-17 8.974628732089280675e+03
6.589769916557642742e-16 7.438040280828810069e-17 8.975387520711476100e+03
3.235564991678082126e-16 7.467308915691476761e-17 8.976146340420345950e+03
3.756155066056944715e-17 7.470466197482457633e-17 8.976905191284175089e+03
2.895705725841344169e-16 7.535570839591714677e-17 8.977664073371259292e+03
2.185800657735499848e-16 7.507446846213157947e-17 8.978422986749887059e+03
2.463431429812697911e-16 7.761626098113709800e-17 8.979181931488346891e+03
2.106192240486701348e-16 8.157903171862463337e-17 8.979940907654934563e+03
5.949759958863905279e-16 8.263206010220787327e-17 8.980699915317931300e+03
2.749674314502818523e-16 8.772804162518650422e-17 8.981458954545632878e+03
2.338712427221199250e-16 9.241717497661676675e-17 8.982218025406329616e+03
8.156087351108773439e-16 9.644212385854212799e-17 8.982977127968308196e+03
5.251388632416925425e-16 9.980395053745612975e-17 8.983736262299862574e+03
5.148766287005725514e-16 1.014378162246005784e-16 8.984495428469279432e+03
8.275483911923236683e-17 1.020062800981000889e-16 8.985254626544850908e+03
3.448746837346997133e-16 1.020522400511101922e-16 8.986013856594865501e+03
4.307159018922724290e-16 1.019918594427345232e-16 8.986773118687613533e+03
1.756835918549182846e-16 1.019597321922220924e-16 8.987532412891385320e+03
6.009369468581180876e-18 1.018281200666852604e-16 8.988291739274474821e+03
3.445491058351310596e-16 1.018563890628602894e-16 8.989051097905165079e+03
5.382945363968659701e-16 1.018151915930149506e-16 8.989810488851750051e+03
1.574883660950169053e-16 1.017190762263953691e-16 8.990569912182520056e+03
2.985871060608197803e-16 1.018364494178317624e-16 8.991329367965763595e+03
4.295209779542253672e-16 1.030741450976657721e-16 8.992088856269770986e+03
1.227965676798055299e-16 1.156341638158019274e-16 8.992848377162834367e+03
2.136095887546605253e-16 1.125701450084490667e-16 8.993607930713238602e+03
3.704863635372144789e-16 1.166488863829269926e-16 8.994367516989281285e+03
-8.432647820099371939e-17 1.201123793539991756e-16 8.995127136059245458e+03
1.014616644069002650e-15 1.236248880053675996e-16 8.995886787991423262e+03
3.489036244932986638e-16 1.266402948106513627e-16 8.996646472854106833e+03
5.209499708835370527e-16 1.275863293144826971e-16 8.997406190715584671e+03
7.487111758236581044e-17 1.279823357380153535e-16 8.998165941644148916e+03
2.852890677375604006e-16 1.273084713181150784e-16 8.998925725708084428e+03
-3.047285154164183674e-17 1.278265281885684898e-16 8.999685542975686985e+03
-1.615956686897647815e-17 1.285335032007484706e-16 9.000445393515241449e+03
2.647844285851452055e-16 1.285489293752534796e-16 9.001205277395043595e+03
-5.363261660280453611e-17 1.282049963393865000e-16 9.001965194683378286e+03
2.117860355904274410e-16 1.278959751623342401e-16 9.002725145448537660e+03
4.131324666866470535e-16 1.276390740182323144e-16 9.003485129758813855e+03
5.744104881997010951e-16 1.270725697084761002e-16 9.004245147682489915e+03
1.989497827416819825e-16 1.259863298334880756e-16 9.005005199287865253e+03
-1.384767000128169056e-16 1.242509920625966861e-16 9.005765284643226551e+03
-1.242688862572626225e-16 1.207593047827833444e-16 9.006525403816860489e+03
-2.650805978304410153e-16 1.141360215408748754e-16 9.007285556877061026e+03
1.964677026463226885e-16 1.050350818120848914e-16 9.008045743892111204e+03
7.843531669128997739e-17 9.477819230718616285e-17 9.008805964930310438e+03
3.301777635815626476e-16 8.488030698807416814e-17 9.009566220059945408e+03
6.648721996102004494e-16 7.538901054149754129e-17 9.010326509349302796e+03
3.854749881993606611e-16 6.906431950119006655e-17 9.011086832866680197e+03
4.174993764237131803e-16 6.665763445585062722e-17 9.011847190680360654e+03
-2.616649965432902162e-17 6.656061869810699451e-17 9.012607582858632668e+03
-2.860859390416302379e-17 6.690289007620800366e-17 9.013368009469792014e+03
1.886826645762743148e-16 6.748705048478140555e-17 9.014128470582127193e+03
3.081696046910270054e-16 6.821385307246891367e-17 9.014888966263926704e+03
3.198223461921924798e-16 6.887824458564919976e-17 9.015649496583482687e+03
3.277170103538317994e-16 6.941779219786293791e-17 9.016410061609083641e+03
3.535463613830065442e-16 6.992850373697959936e-17 9.017170661409021704e+03
2.374563216341305312e-16 7.022273221396777362e-17 9.017931296051581739e+03
2.985014532750824671e-16 7.043845101410014379e-17 9.018691965605059522e+03
7.319985482345928243e-16 7.051976366053189828e-17 9.019452670137739915e+03
7.730015137526267212e-17 7.074961894499117891e-17 9.020213409717918694e+03
-9.586854318487987622e-17 7.088837759330432357e-17 9.020974184413884359e+03
6.324287798262296473e-16 7.120341978920122133e-17 9.021734994293923592e+03
2.880398258182412649e-16 7.253071709539974854e-17 9.022495839426326711e+03
2.484055555263027910e-16 7.196024916082403673e-17 9.023256719879391312e+03
1.773115004542722250e-16 7.150387753456253074e-17 9.024017635721396800e+03
3.305330493063353892e-16 7.176657635423445278e-17 9.024778587020638952e+03
3.456586407343020804e-16 7.180358332434129170e-17 9.025539573845406267e+03
3.397839383956019723e-16 7.177165617864291212e-17 9.026300596263994521e+03
4.045130392307758985e-16 7.174631406603192043e-17 9.027061654344681301e+03
2.505856057382610474e-16 7.174153620852164696e-17 9.027822748155769659e+03
7.594199130101631891e-18 7.195432567936147819e-17 9.028583877765540819e+03
1.183562802333886094e-16 7.302092314371597912e-17 9.029345043242290558e+03
2.587022610520555509e-16 7.543601954422586301e-17 9.030106244654303737e+03
4.847897683217935576e-16 7.934807314664687267e-17 9.030867482069872494e+03
4.994245010106547853e-16 8.370551501837501332e-17 9.031628755557290788e+03
3.247850096315689328e-16 8.745775006822884450e-17 9.032390065184845298e+03
4.193627562408223146e-16 9.070535428861070533e-17 9.033151411020822707e+03
2.827845700945020827e-16 9.304465803179544674e-17 9.033912793133520609e+03
-1.606546376004670920e-16 9.383964569841897835e-17 9.034674211591220228e+03
5.301875223703855425e-19 9.368846767136825269e-17 9.035435666462217341e+03
1.635012736045462140e-16 9.320480471071231947e-17 9.036197157814800448e+03
5.067802256197321663e-16 9.254916312615772528e-17 9.036958685717265325e+03
3.743184239458794128e-16 9.185662680691600975e-17 9.037720250237889559e+03
3.426989562187708386e-16 9.130287256854721791e-17 9.038481851444976201e+03
2.458199388970948304e-16 9.080801005094280442e-17 9.039243489406806475e+03
3.799419825672744573e-16 9.067057871745353074e-17 9.040005164191672520e+03
8.766457936476271036e-17 9.136243819987052902e-17 9.040766875867866474e+03
3.531231408716894599e-16 9.356327699695369275e-17 9.041528624503678657e+03
2.609612525714993209e-16 9.785558469184989764e-17 9.042290410167395748e+03
8.551838163074368171e-17 1.026127413433310501e-16 9.043052232927311707e+03
2.078746853369273077e-16 1.062672761852450549e-16 9.043814092851709574e+03
1.595360399653565551e-16 1.082781843867108377e-16 9.044575990008888766e+03
2.613342011513982356e-16 1.095050651523147103e-16 9.045337924467134144e+03
5.553021167321529531e-17 1.095732563082643090e-16 9.046099896294736027e+03
5.538023537402971501e-17 1.087844320927902648e-16 9.046861905559984734e+03
3.395835771200143643e-16 1.075340845412180693e-16 9.047623952331170585e+03
2.529780353605659650e-16 1.072488651488403277e-16 9.048386036676582080e+03
-4.690950743357633104e-16 1.078072175793716626e-16 9.049148158664513176e+03
1.730020135786025475e-16 1.076849478158645687e-16 9.049910318363250553e+03
5.939285466883936065e-16 1.081542398762339787e-16 9.050672515841084532e+03
1.381971085735801927e-16 1.082090880994818448e-16 9.051434751166307251e+03
6.953681437295874705e-17 1.081054123740218057e-16 9.052197024407203571e+03
3.240350950163194923e-16 1.079883483042662442e-16 9.052959335632072907e+03
1.989336902179093271e-16 1.071418657838727267e-16 9.053721684909194664e+03
-1.885203464379445491e-16 1.060246563867517816e-16 9.054484072306866437e+03
-3.146170532723007532e-16 1.034004824861299772e-16 9.055246497893376727e+03
-1.511396756631775258e-16 9.898350285508210130e-17 9.056008961737010395e+03
4.482956962693644578e-16 9.294872530469569498e-17 9.056771463906065037e+03
2.062651755490880228e-17 8.718306924080644810e-17 9.057534004468827334e+03
3.776267324468885901e-16 8.177242289735695712e-17 9.058296583493585786e+03
5.056895721993721271e-16 7.710038532028630628e-17 9.059059201048632531e+03
1.887167043742588056e-16 7.433033101566873882e-17 9.059821857202254250e+03
5.686979898555721836e-17 7.365464810699067531e-17 9.060584552022748539e+03
2.287496004825201267e-16 7.379320086695644885e-17 9.061347285578398441e+03
3.611152060313170720e-16 7.402152077369755918e-17 9.062110057937497913e+03
3.573252638899699522e-16 7.428539202205052505e-17 9.062872869168333636e+03
1.331304732315053626e-16 7.477501491954831834e-17 9.063635719339195930e+03
4.384256930392196529e-16 7.527020178366176622e-17 9.064398608518378751e+03
3.514028274630939160e-16 7.580431298318060209e-17 9.065161536774168781e+03
2.440914697665596103e-16 7.628189151916426749e-17 9.065924504174858157e+03
-2.746368529642339304e-16 7.671687787242984907e-17 9.066687510788733562e+03
5.463204760495431433e-17 7.737539056289452535e-17 9.067450556684085313e+03
4.261562181327914777e-16 7.761218370763244443e-17 9.068213641929211008e+03
1.833607757814011841e-16 7.808274201925020834e-17 9.068976766592390049e+03
1.396227151080129977e-16 7.867521436778949315e-17 9.069739930741920034e+03
8.263385706431455699e-17 7.911057652999037636e-17 9.070503134446089462e+03
5.258464652485970905e-16 7.926627365981789919e-17 9.071266377773183194e+03
2.304096931019086972e-16 7.928001460741660426e-17 9.072029660791497008e+03
3.649491382622590378e-16 7.898717611341830485e-17 9.072792983569321223e+03
3.044716081934271278e-16 7.852432176606012368e-17 9.073556346174944338e+03
4.381672707486105860e-16 7.806915460022067236e-17 9.074319748676654854e+03
4.555034091281979471e-16 7.766904363292707591e-17 9.075083191142741271e+03
4.305597521442915090e-16 7.717842346990722363e-17 9.075846673641499365e+03
3.600197314760762742e-16 7.601170999826037863e-17 9.076610196241215817e+03
1.234743118671959966e-16 7.506882563344038717e-17 9.077373759010180947e+03
3.326507542415778389e-16 7.442177063004085675e-17 9.078137362016685074e+03
5.910604740900297146e-16 7.376848083424659121e-17 9.078901005329018517e+03
4.111853340170344295e-16 7.335148413890145256e-17 9.079664689015469776e+03
2.719865267834213763e-16 7.327497286011846437e-17 9.080428413144329170e+03
3.207074349522305350e-16 7.266968934494753004e-17 9.081192177783887018e+03
1.495573955062220360e-16 7.243256287714053967e-17 9.081955983002437279e+03
4.132674067803479146e-16 7.227895828725629157e-17 9.082719828868266632e+03
-2.493360971163289999e-17 7.223889113916022965e-17 9.083483715449661759e+03
2.815223846352529058e-16 7.261403674829924890e-17 9.084247642814920255e+03
6.515334522334325879e-17 7.366923385359644288e-17 9.085011611032325163e+03
2.517086719317127333e-16 7.550536719685764229e-17 9.085775620170170441e+03
3.895319798772788609e-16 7.777550674871043095e-17 9.086539670296744589e+03
-1.304289027262311887e-16 8.001734394210756308e-17 9.087303761480337926e+03
9.594475668060944394e-17 8.202877071329240457e-17 9.088067893789240770e+03
3.734472950512323032e-16 8.403576787779050778e-17 9.088832067291743442e+03
3.522340849963785964e-16 8.686009681187425598e-17 9.089596282056136261e+03
8.464012093620341706e-17 8.921704059904645262e-17 9.090360538150709544e+03
2.712401792252804252e-16 8.614556530743284008e-17 9.091124835643749975e+03
2.844971757992252596e-16 8.624626932955511850e-17 9.091889174603547872e+03
8.299238291523421457e-17 8.658286484543068853e-17 9.092653555098400830e+03
2.423032728585747674e-16 8.693210647603659715e-17 9.093417977196590073e+03
3.142473923700271338e-16 8.740431876444225514e-17 9.094182440966411377e+03
1.180625569741480792e-16 9.030851643747001153e-17 9.094946946476151425e+03
3.156797505591665298e-16 9.159587359848583067e-17 9.095711493794100534e+03
1.245395264073730271e-16 9.358270582832434027e-17 9.096476082988549024e+03
6.293807106331740324e-16 9.626497055190331302e-17 9.097240714127790852e+03
4.481827762022607122e-16 9.831632802410032301e-17 9.098005387280110881e+03
1.613307800936980467e-16 9.941715388969809926e-17 9.098770102513801248e+03
2.952950366958017576e-16 9.918180028235580073e-17 9.099534859897154092e+03
1.692422039428844169e-16 9.753098043923555825e-17 9.100299659498454275e+03
5.436686549522677647e-16 9.553378950266625798e-17 9.101064501385995754e+03
2.198479083457092246e-16 9.307826674848116154e-17 9.101829385628067030e+03
2.848323571022756638e-16 9.161955066245641477e-17 9.102594312292958421e+03
3.565142765637598779e-16 9.072513498353727201e-17 9.103359281448960246e+03
1.089253207510350189e-16 9.024143454352683384e-17 9.104124293164361006e+03
1.668439286556815942e-16 9.015007591003396530e-17 9.104889347507454659e+03
4.540451587032547638e-17 9.011430031852953629e-17 9.105654444546529703e+03
4.423132667063728328e-16 9.022851574496143435e-17 9.106419584349872821e+03
1.812930430066673418e-16 9.029223990999781150e-17 9.107184766985781607e+03
8.032387678727771452e-17 9.029328878321572393e-17 9.107949992522535467e+03
3.952122903589530589e-16 8.992839799489648058e-17 9.108715261028431996e+03
1.710898073043671749e-16 8.778698773881374052e-17 9.109480572571759694e+03
1.561906969001612142e-16 8.466872938277181845e-17 9.110245927220808881e+03
7.658944157667655037e-17 8.150246944897555924e-17 9.111011325043866236e+03
3.471840021911059053e-16 7.837805000396031312e-17 9.111776766109227538e+03
4.594820571693585639e-16 7.571803637649779965e-17 9.112542250485177647e+03
7.724359806895247237e-17 7.371647446848042308e-17 9.113307778240010521e+03
3.628520322776674900e-16 7.268999050903398882e-17 9.114073349442014660e+03
3.773078412183180698e-16 7.272272602184736582e-17 9.114838964159480383e+03
2.876264106572809842e-16 7.291555989134242987e-17 9.115604622460694372e+03
5.853114159520480798e-17 7.320930999589304113e-17 9.116370324413952403e+03
5.410190727328825197e-16 7.347277244648042952e-17 9.117136070087541157e+03
3.361427628231427894e-16 7.370876886336665190e-17 9.117901859549747314e+03
2.915958059552670320e-16 7.403324634659485843e-17 9.118667692868868471e+03
7.100959697335478226e-18 7.442708921671889515e-17 9.119433570113193127e+03
3.001127135750657693e-16 7.462162180177713849e-17 9.120199491351009783e+03
2.568402163063239872e-16 7.476170630355375223e-17 9.120965456650605120e+03
5.868137469025689924e-16 7.491849552561536356e-17 9.121731466080273094e+03
3.534029915495499483e-16 7.504900078164888177e-17 9.122497519708304026e+03
3.816572517809617897e-16 7.525537118075631343e-17 9.123263617602982777e+03
2.952960288535385473e-16 7.516009382995556940e-17 9.124029759832606942e+03
-1.303306625349163118e-17 7.500063177528011323e-17 9.124795946465459565e+03
3.895612575702880824e-16 7.491313409405241100e-17 9.125562177569836422e+03
2.818770631381425147e-16 7.468660095574930595e-17 9.126328453214027832e+03
3.134289997788500727e-16 7.458638053723867554e-17 9.127094773466316838e+03
3.191937714965621020e-16 7.387305828923357745e-17 9.127861138394997397e+03
2.937451905169239544e-16 7.361173378703290061e-17 9.128627548068363467e+03
5.151875057824085543e-17 7.328775149943459062e-17 9.129394002554701729e+03
2.176586917367782422e-16 7.288382662599643910e-17 9.130160501922302501e+03
2.629437546833461083e-16 7.245055209523131372e-17 9.130927046239452466e+03
1.844581779831049032e-16 7.615229469405238556e-17 9.131693635574445580e+03
6.276835639664930391e-16 8.489946630485745539e-17 9.132460269995573981e+03
5.194667641067155345e-16 7.225741505118963945e-17 9.133226949571122532e+03
3.256372919541671682e-16 7.290132561615756618e-17 9.133993674369383371e+03
3.445918657520090254e-16 7.205522680819630323e-17 9.134760444458646816e+03
4.968390316949352804e-16 7.222704746407430688e-17 9.135527259907203188e+03
8.031794229746834891e-17 7.260288000761875504e-17 9.136294120783342805e+03
2.098480056281059546e-16 7.300589207856986051e-17 9.137061027155355987e+03
2.256456669381427142e-16 7.365801025375342841e-17 9.137827979091529414e+03
3.863868921464784645e-16 7.687768461603709220e-17 9.138594976660157045e+03
1.738468392669666645e-16 7.452605938862537285e-17 9.139362019929525559e+03
4.434379182132189002e-16 7.494908508166599410e-17 9.140129108967928914e+03
2.034120996529334735e-16 7.543072803635904490e-17 9.140896243843655611e+03
2.898975639855644982e-16 7.567019669278869266e-17 9.141663424624992331e+03
3.044814293024954574e-16 7.593265374814266270e-17 9.142430651380236668e+03
3.527803783080469554e-16 7.615324140439261273e-17 9.143197924177671666e+03
2.492247656874571892e-16 7.641683400952374551e-17 9.143965243085591283e+03
1.165149467862855809e-16 7.688196286914663039e-17 9.144732608172282198e+03
-3.134376908905982554e-17 7.825697571935325260e-17 9.145500019506038370e+03
2.643608981691386475e-16 7.949163388576383703e-17 9.146267477155146480e+03
4.991141913602523573e-16 8.084338203265574337e-17 9.147034981187898666e+03
3.636480960204984719e-16 8.218212882516675685e-17 9.147802531672581608e+03
3.354279348106334334e-16 8.325280981142693848e-17 9.148570128677492903e+03
4.256009481806544625e-16 8.384174049087103270e-17 9.149337772270913774e+03
4.590859319671029363e-16 8.402759224994511631e-17 9.150105462521141817e+03
4.670599761308189387e-16 8.398948970444122253e-17 9.150873199496458255e+03
4.311166928691684603e-16 8.373708088388380039e-17 9.151640983265164323e+03
1.646827878172878303e-16 8.361946927025273206e-17 9.152408813895541243e+03
4.364145311287275115e-17 8.372124472431598348e-17 9.153176691455882974e+03
9.507277073012756458e-17 8.396911231683044090e-17 9.153944616014479834e+03
2.502800598510671882e-16 8.506226164814826316e-17 9.154712587639620324e+03
1.387710851490737192e-16 8.658514422195864685e-17 9.155480606399591125e+03
4.140582705121093038e-16 8.847889689441967137e-17 9.156248672362686193e+03
-1.457791836613914930e-16 9.018727882073034268e-17 9.157016785597199487e+03
3.080992360542269165e-16 9.182558495324556887e-17 9.157784946171414049e+03
3.328174541403870646e-16 9.304176775041496443e-17 9.158553154153625655e+03
1.489454859143537449e-16 9.343283289306546878e-17 9.159321409612119169e+03
-9.230954652920277081e-17 9.322027055105773996e-17 9.160089712615186727e+03
3.804370611030682092e-16 9.277600945192056176e-17 9.160858063231120468e+03
3.500027844315897843e-16 9.220325142981026099e-17 9.161626461528208893e+03
4.806947680311360605e-16 9.177377468032096745e-17 9.162394907574740500e+03
3.054145146713550667e-16 9.123368323631006876e-17 9.163163401439007430e+03
5.455115628127693743e-17 9.125939376570237596e-17 9.163931943189298181e+03
2.203613553426871532e-17 9.104188443527263611e-17 9.164700532893904892e+03
4.680073990387541144e-16 9.066317071171748158e-17 9.165469170621116064e+03
1.690416219468821253e-16 9.008657213329860121e-17 9.166237856439220195e+03
8.051040556883516361e-17 8.926415897065079046e-17 9.167006590416509425e+03
3.989247299181540226e-16 8.786098423819084309e-17 9.167775372621275892e+03
1.181601228472158788e-16 8.593361097117082797e-17 9.168544203121804458e+03
2.367948074888659385e-16 8.342668707023644194e-17 9.169313081986390898e+03
3.973128375657925507e-16 8.076593290809598538e-17 9.170082009283323714e+03
3.277430402248174908e-16 7.829211700010741041e-17 9.170850985080887767e+03
3.693610565375001673e-16 7.610650758885982498e-17 9.171620009447377015e+03
1.413192329216159670e-16 7.462787228952703460e-17 9.172389082451085415e+03
2.478956468031877139e-16 7.386908592148832719e-17 9.173158204160296009e+03
2.380256083207314246e-16 7.366550178896609582e-17 9.173927374643302755e+03
5.249286964391930732e-16 7.370151545351496875e-17 9.174696593968397792e+03
4.078609914308999105e-16 7.392927689991207436e-17 9.175465862203864162e+03
3.239929122151326470e-16 7.418818410230143229e-17 9.176235179417995823e+03
4.252250971205185645e-16 7.448758069747677587e-17 9.177004545679086732e+03
1.888239327632669310e-16 7.488750595481727227e-17 9.177773961055421751e+03
1.992067970978106778e-16 7.509272245371131231e-17 9.178543425615293017e+03
1.011625145015456318e-16 7.593553167976393766e-17 9.179312939426987214e+03
2.697503262043513169e-16 7.600852335367244399e-17 9.180082502558800115e+03
2.895508090429098658e-16 7.538720696043334102e-17 9.180852115079018404e+03
1.731852530614316917e-16 7.579363032684772286e-17 9.181621777055932398e+03
3.063595148963129618e-16 7.563804174869749204e-17 9.182391488557834236e+03
2.175627440993898754e-16 7.571696728614903280e-17 9.183161249653010600e+03
4.327742252495531478e-16 7.586084674070950572e-17 9.183931060409751808e+03
5.515541387733925886e-16 7.622896864411634946e-17 9.184700920896351818e+03
3.840301812280493707e-16 7.594427688649146156e-17 9.185470831181097310e+03
1.813084321736119243e-16 7.574446131952610507e-17 9.186240791332276785e+03
1.282323474495973215e-16 7.536656097001005040e-17 9.187010801418189658e+03
1.053626049851219473e-16 7.499717705291705216e-17 9.187780861507108057e+03
-2.451370590977619577e-18 7.456982538110554794e-17 9.188550971667340491e+03
1.252375982070363852e-16 7.399375458843607738e-17 9.189321131967170004e+03
4.615593489307685304e-16 7.343406386235267633e-17 9.190091342474883277e+03
3.751342876030187861e-16 7.295224704817833563e-17 9.190861603258774267e+03
4.112838346583860029e-16 7.251980189469145147e-17 9.191631914387131474e+03
2.184560700973792547e-16 7.222438810533472503e-17 9.192402275928243398e+03
8.638442387915185404e-17 7.181570594950728688e-17 9.193172687950402178e+03
4.638750473955075441e-16 7.173483276802992790e-17 9.193943150521903590e+03
9.691875727192185491e-17 7.170818867342458552e-17 9.194713663711030676e+03
1.235305970256330871e-16 7.202737685446723294e-17 9.195484227586070119e+03
2.119805042325748644e-16 7.226410858437987526e-17 9.196254842215321332e+03
5.034313582509930476e-16 7.279688155543291714e-17 9.197025507667069178e+03
3.072579814242709168e-16 7.311789480733609660e-17 9.197796224009602156e+03
2.940950747799574915e-16 7.385238900575047628e-17 9.198566991311212405e+03
4.556909270405891477e-16 7.455559671344006792e-17 9.199337809640190244e+03
7.546305905011176676e-17 7.522542788631326033e-17 9.200108679064825992e+03
3.402400332457549094e-16 7.601102764978719681e-17 9.200879599653409969e+03
3.863991647743610107e-16 7.790426135267373818e-17 9.201650571474232493e+03
2.291437751598134303e-16 7.755312494032172575e-17 9.202421594595583883e+03
5.180782091021087123e-16 7.712097532839366706e-17 9.203192669085745365e+03
3.520674803706248292e-16 7.691598601224626776e-17 9.203963795013021809e+03
3.863513007787783943e-16 7.670549529517687639e-17 9.204734972445690801e+03
2.414697025749452979e-16 7.692421729112783083e-17 9.205506201452051755e+03
9.813445257937097237e-17 8.475967225756902235e-17 9.206277482100391353e+03
2.023576341110038579e-16 7.750118803945622929e-17 9.207048814458994457e+03
2.285068655670835204e-16 8.203094217320377134e-17 9.207820198596160481e+03
4.207386697090067170e-16 7.493592663294554721e-17 9.208591634580170648e+03
7.405769672806931673e-17 7.421361843956435405e-17 9.209363122479320737e+03
2.956970943609423343e-16 7.378898260768315983e-17 9.210134662361899245e+03
4.513211061859585986e-16 7.421618977852562128e-17 9.210906254296196494e+03
6.101932883330613349e-16 7.530498888450063642e-17 9.211677898350502801e+03
3.208787821375170059e-16 7.580646684854391103e-17 9.212449594593104848e+03
2.450580958152855073e-16 7.678004755377406298e-17 9.213221343092296593e+03
2.702582328609389194e-16 7.769987082275263437e-17 9.213993143916368354e+03
-2.723178626800566346e-17 7.846394874545279714e-17 9.214764997133603174e+03
2.085843273755824742e-16 7.903563038888505269e-17 9.215536902812304106e+03
-1.576813789372835451e-16 7.945161112226032806e-17 9.216308861020752374e+03
2.360258055660759137e-16 7.978758789476087570e-17 9.217080871827234660e+03
2.241970599221145907e-16 8.029160814274956804e-17 9.217852935300050376e+03
6.225179970915296692e-16 8.090109510139361665e-17 9.218625051507482567e+03
3.394821527711313977e-16 8.219988833433154308e-17 9.219397220517823371e+03
3.335130439032922046e-16 8.377403797461490095e-17 9.220169442399366744e+03
1.141601822694950722e-16 8.566853541577785427e-17 9.220941717220397550e+03
4.460943305310482699e-16 8.731405319580029605e-17 9.221714045049207925e+03
1.325923433039078336e-16 8.881229065576244624e-17 9.222486425954084552e+03
3.421376778706001954e-16 9.001137418148514154e-17 9.223258860003323207e+03
2.882771851190378647e-16 9.097495959244056883e-17 9.224031347265208751e+03
2.610082189439519125e-17 9.130614658398021629e-17 9.224803887808036961e+03
2.353548654934741382e-16 9.085436620209494478e-17 9.225576481700092700e+03
1.748394145148933676e-16 8.937060826020395491e-17 9.226349129009668104e+03
2.006625891111897207e-16 8.849091415077982628e-17 9.227121829805055313e+03
1.551212515800237470e-16 8.772549602838544887e-17 9.227894584154537370e+03
2.123014253191753737e-16 8.710063250418597682e-17 9.228667392126415507e+03
2.894606985972838221e-16 8.675747243584180964e-17 9.229440253788970949e+03
3.234211632839278378e-16 8.679085643206708272e-17 9.230213169210494016e+03
3.673505484623734187e-16 8.683789382110442792e-17 9.230986138459276845e+03
1.662666738834718585e-16 8.664019511665442414e-17 9.231759161603613393e+03
1.910175003749852061e-16 8.667461773679551427e-17 9.232532238711788523e+03
2.566485136171237866e-16 8.474201896140152528e-17 9.233305369852094373e+03
3.519746214324922067e-16 8.318394515545322079e-17 9.234078555092819443e+03
1.689050262873875208e-16 8.157099458486999058e-17 9.234851794502255871e+03
4.568577060599520792e-16 8.396516767957952001e-17 9.235625088148690338e+03
3.500402582456087142e-16 7.760293657421183091e-17 9.236398436100414983e+03
1.676559423979959341e-16 7.585037689201130087e-17 9.237171838425723763e+03
3.426750955522042356e-16 7.482012537866211227e-17 9.237945295192901540e+03
4.766901300734880510e-16 7.399572849158525212e-17 9.238718806470238633e+03
4.503971933144015537e-16 7.351906021720480747e-17 9.239492372326025361e+03
4.758233043153721791e-16 7.327969309748905337e-17 9.240265992828553863e+03
4.696019096130181986e-16 7.310348186393948860e-17 9.241039668046116276e+03
1.013761400948111213e-16 7.330658846699101023e-17 9.241813398046999282e+03
3.206444728371412074e-16 7.360373530867955485e-17 9.242587182899489562e+03
4.264142235776878696e-16 7.410264282472827197e-17 9.243361022671882893e+03
5.110750356400679413e-17 7.489749127676738400e-17 9.244134917432465954e+03
3.823281963336220383e-16 7.595031712805545911e-17 9.244908867249530886e+03
3.557960958274940824e-16 7.710438207577956903e-17 9.245682872191368006e+03
5.322117581877416608e-16 7.850975770349988346e-17 9.246456932326265814e+03
3.978560685734999041e-16 7.998152331671012782e-17 9.247231047722514631e+03
2.782159969297260850e-16 8.132194486101157375e-17 9.248005218448404776e+03
3.871886260402570583e-16 8.256877282089372923e-17 9.248779444572224747e+03
6.604145191711737659e-17 8.375660073339655108e-17 9.249553726162270323e+03
-4.158087801796132312e-17 8.467087700404463347e-17 9.250328063286826364e+03
3.376543030140263891e-16 8.525424401574139636e-17 9.251102456014181371e+03
4.410184061232423109e-17 8.570077708748402394e-17 9.251876904412627482e+03
1.417010480926159027e-16 8.576972085727679008e-17 9.252651408550462293e+03
4.699858925230832739e-16 8.586548759992655352e-17 9.253425968495965208e+03
4.268457739615197847e-16 8.603485211747224181e-17 9.254200584317426546e+03
3.607865988270955364e-17 8.602400285089918227e-17 9.254975256083143904e+03
2.675399001293210477e-16 8.629950072420835124e-17 9.255749983861402143e+03
1.626466951170279035e-16 8.719284607742961235e-17 9.256524767720493401e+03
1.630436440225825460e-17 8.863220442235674505e-17 9.257299607728706178e+03
6.548510853288315487e-17 9.086211934179831060e-17 9.258074503954328975e+03
8.326529728521447849e-17 9.343220572621574153e-17 9.258849456465657568e+03
3.605165069949271478e-16 9.598470974878347168e-17 9.259624465330976818e+03
1.648300451545782311e-16 9.872553625348794254e-17 9.260399530618578865e+03
4.976120679409223019e-16 1.014094369720119649e-16 9.261174652396752208e+03
4.160256909934899100e-16 1.048335432596920314e-16 9.261949830733792624e+03
1.227295439020508271e-16 1.076553093533107768e-16 9.262725065697981336e+03
-1.238447776252444724e-16 1.101353431209755903e-16 9.263500357357612302e+03
3.321076682234857958e-16 1.119666326060757721e-16 9.264275705780975841e+03
2.094554963069480196e-16 1.145641147300881898e-16 9.265051111036365910e+03
-7.897878450596205337e-17 1.149702628879631487e-16 9.265826573192069191e+03
4.631021981439966408e-17 1.297979379832813952e-16 9.266602092316372364e+03
3.091611842108618715e-16 1.243440674534495865e-16 9.267377668477569387e+03
6.752901594916816440e-16 1.134968760907430010e-16 9.268153301743950578e+03
3.782850956542559176e-16 1.124487784034055856e-16 9.268928992183804439e+03
3.459837579202745390e-16 1.118686222511576071e-16 9.269704739865421288e+03
1.844351151757879027e-16 1.111086796346253268e-16 9.270480544857091445e+03
2.107524849673137645e-16 1.096250314988522993e-16 9.271256407227105228e+03
6.659175798674453586e-16 1.077272759876581426e-16 9.272032327043752957e+03
2.826078608978254848e-16 1.051293829182160088e-16 9.272808304375324951e+03
1.916830244454176512e-17 1.022218499202652181e-16 9.273584339290109710e+03
4.392884406264169738e-17 9.947477518307407644e-17 9.274360431856397554e+03
1.835766256011257738e-16 9.679826453998570467e-17 9.275136582142482439e+03
9.944880057286696874e-17 9.343202614114583720e-17 9.275912790216647409e+03
2.072072539986020152e-16 8.995682485094582023e-17 9.276689056147184601e+03
3.978608427079813696e-16 8.718112708002123952e-17 9.277465380002391612e+03
2.440901454073096046e-16 8.521597574079842524e-17 9.278241761850551484e+03
2.385379263379276745e-16 8.575048969486807046e-17 9.279018201759952717e+03
4.624685016488394678e-16 8.119052918718582361e-17 9.279794699798887450e+03
5.861064684782750046e-17 8.099674049631226254e-17 9.280571256035647821e+03
2.937271768209198948e-16 8.142912655296335781e-17 9.281347870538524148e+03
5.170003825074491639e-16 8.216517007216921744e-17 9.282124543375804933e+03
9.836182973706002691e-17 8.347377666386184847e-17 9.282901274615778675e+03
2.386548838658737579e-16 8.494570878749967497e-17 9.283678064326733875e+03
-7.341551826541129873e-17 8.658718958189322440e-17 9.284454912576971765e+03
1.515181337764184691e-16 8.845916354267470956e-17 9.285231819434768113e+03
2.366619189459199005e-16 8.966886773168916763e-17 9.286008784968420514e+03
2.478536192814013217e-16 9.092301848917255140e-17 9.286785809246219287e+03
5.177724120265900653e-16 9.191659809680562448e-17 9.287562892336452933e+03
-3.309507061205747760e-17 9.254413658187819871e-17 9.288340034307409951e+03
2.859416962951927154e-16 9.424837992160957190e-17 9.289117235227382480e+03
2.396237409140651154e-16 9.450047863254359813e-17 9.289894495164659020e+03
4.675352717220567953e-16 9.522726810809355963e-17 9.290671814187533528e+03
-6.903786342948476526e-17 9.639446440204536572e-17 9.291449192364290866e+03
8.757471336541594936e-17 9.753867052219531015e-17 9.292226629763223173e+03
4.363449973875173529e-16 9.883307182264668862e-17 9.293004126452622586e+03
-5.145793970224429416e-17 9.956791179742175709e-17 9.293781682500779425e+03
1.195727028892199967e-16 9.973648976106331124e-17 9.294559297975980371e+03
8.938438643909699367e-17 9.919498014521203017e-17 9.295336972946515743e+03
5.241851774816234108e-16 9.851791025396945740e-17 9.296114707480677680e+03
1.679497673790358864e-16 9.749333792037758972e-17 9.296892501646754681e+03
2.891702265033207709e-16 9.642661187425217432e-17 9.297670355513037066e+03
2.839383505301372438e-16 9.521935655885048500e-17 9.298448269147815154e+03
-2.846778332843109714e-16 9.413605132579158226e-17 9.299226242619381082e+03
1.885163850685851346e-16 9.338559602803733591e-17 9.300004275996021534e+03
2.573940862103771254e-16 9.325162662879048617e-17 9.300782369346028645e+03
3.392442234912487372e-16 9.448515906893922945e-17 9.301560522737694555e+03
-1.041595220986937619e-16 9.842868526058969252e-17 9.302338736239302307e+03
2.114561578855521339e-16 1.073874115261454100e-16 9.303117009919151315e+03
1.666910185896640130e-16 1.200143561580480371e-16 9.303895343845520983e+03
-1.128575842561220042e-16 1.359707263768573740e-16 9.304673738086710728e+03
-1.338340240472295789e-17 1.511480368435034062e-16 9.305452192711007228e+03
4.140984813105837200e-16 1.660689950893030857e-16 9.306230707786697167e+03
-5.730980571563496467e-16 1.779913295980545293e-16 9.307009283382078138e+03
-3.689234566199065482e-16 1.881659197566230778e-16 9.307787919565435004e+03
-5.998677618463909059e-16 1.966519400354720145e-16 9.308566616405056266e+03
-2.267895233598999206e-16 2.049464023703028256e-16 9.309345373969235879e+03
-1.719237450210718871e-16 2.169808146264914982e-16 9.310124192326262346e+03
-2.295356118824068416e-16 2.328098423955049298e-16 9.310903071544427803e+03
-4.007784494982671679e-16 2.478100656319560923e-16 9.311682011692017113e+03
-6.140104541359943833e-16 2.614701539170514125e-16 9.312461012837326052e+03
1.061761704056544331e-16 2.710711847469249596e-16 9.313240075048641302e+03
4.064254288132521139e-16 2.755647767363370502e-16 9.314019198394255000e+03
-1.081875217234726798e-15 2.774338185620813086e-16 9.314798382942453827e+03
-2.782926626823052580e-16 2.754377098354598983e-16 9.315577628761533560e+03
-4.046791645637010044e-16 2.750006945937375753e-16 9.316356935919779062e+03
-1.320060806491064306e-15 2.748030823789934068e-16 9.317136304485480650e+03
-1.242611703981955654e-15 2.662433224943614261e-16 9.317915734526930464e+03
-5.310927614251640136e-16 2.611928547980859127e-16 9.318695226112420642e+03
1.604927790596985215e-18 2.516355105380001323e-16 9.319474779310236045e+03
-6.320273138465134118e-16 2.464767671134716695e-16 9.320254394188672450e+03
-8.652202850126545455e-16 2.470951188242203758e-16 9.321034070816014719e+03
-6.252872467499398619e-16 2.524557435438819768e-16 9.321813809260554990e+03
3.899836206320169842e-16 2.592322828540713989e-16 9.322593609590585402e+03
-5.593156808629866873e-16 2.654780418170575594e-16 9.323373471874394454e+03
-6.397968000475679649e-16 2.676256685133804941e-16 9.324153396180267009e+03
-1.078558098290002648e-15 2.646721623173875501e-16 9.324933382576502481e+03
1.014837496446679734e-16 2.522293593357198303e-16 9.325713431131383913e+03
8.812201434506761201e-16 2.410215165928400271e-16 9.326493541913205263e+03
1.692498250126875172e-16 2.322880253540607270e-16 9.327273714990255030e+03
-7.735615741639449032e-16 2.227723602896612817e-16 9.328053950430823534e+03
-3.391779183810963603e-17 2.178152760907449773e-16 9.328834248303199274e+03
3.555716175907507380e-16 2.161460828388236101e-16 9.329614608675674390e+03
3.572636679516042724e-16 2.154436932746486215e-16 9.330395031616542838e+03
2.510103167346054287e-17 2.175598494450945381e-16 9.331175517194089480e+03
1.430650771287499533e-16 2.095764091739587009e-16 9.331956065476600997e+03
-5.351722775879619555e-18 2.060644722540815102e-16 9.332736676532371348e+03
-8.474464889116972926e-16 2.021060446412197165e-16 9.333517350429694488e+03
-1.354908048593783963e-15 1.975687984867979326e-16 9.334298087236853462e+03
-1.385093360752223618e-15 1.879498920015126279e-16 9.335078887022145864e+03
-1.333675888551737324e-15 1.761396472846108758e-16 9.335859749853854737e+03
-4.918702801008127676e-16 1.649229814596100616e-16 9.336640675800277677e+03
8.572110864765973185e-16 1.546600398655008430e-16 9.337421664929697727e+03
1.277300250456265337e-15 1.459450220156955552e-16 9.338202717310403386e+03
6.928472208900748309e-16 1.393271784140996770e-16 9.338983833010694070e+03
6.213181965933439544e-16 1.382859543216602958e-16 9.339765012098851003e+03
3.285272317294654588e-16 1.393718459744973522e-16 9.340546254643171778e+03
-9.249330888629898883e-17 1.396919681327868446e-16 9.341327560711939441e+03
-2.399399410320855276e-16 1.397656437850783978e-16 9.342108930373447947e+03
1.046691566407180110e-16 1.400913550294644253e-16 9.342890363695987617e+03
-1.319063921697005039e-16 1.392365732932284793e-16 9.343671860747846949e+03
5.409124902635575340e-16 1.389953587338283889e-16 9.344453421597314446e+03
2.430770183531777132e-17 1.379936647074497064e-16 9.345235046312685881e+03
2.505623077352414790e-16 1.378876490686506622e-16 9.346016734962246119e+03
2.844276475541993281e-16 1.389547534644049411e-16 9.346798487614289115e+03
2.700437085313301915e-16 1.405404677503285424e-16 9.347580304337097914e+03
6.525556771235353729e-17 1.426581527068177808e-16 9.348362185198971929e+03
3.124280343405342822e-18 1.427583639389161387e-16 9.349144130268194203e+03
-1.780834364425950644e-16 1.406011593664650133e-16 9.349926139613060514e+03
1.013411084161154592e-17 1.360417137078117680e-16 9.350708213301855722e+03
-1.143679600950809317e-16 1.316047925518580973e-16 9.351490351402868328e+03
5.801045978705973474e-16 1.284719429701829562e-16 9.352272553984395927e+03
3.758641595813194683e-16 1.204332907096878329e-16 9.353054821114725200e+03
6.853729651051340475e-16 1.167877169840108765e-16 9.353837152862142830e+03
2.377513362870838323e-16 1.156985878883338343e-16 9.354619549294948229e+03
-6.949154762392822502e-17 1.152556760466498150e-16 9.355402010481418984e+03
3.293685344186626457e-16 1.150269784470451127e-16 9.356184536489850871e+03
1.301559258344741472e-16 1.151138853528826540e-16 9.356967127388537847e+03
-2.773654401351052836e-17 1.146577209109306860e-16 9.357749783245762956e+03
-4.202139216735020478e-18 1.147372156328987658e-16 9.358532504129823792e+03
1.382912210051476102e-16 1.149881116416740402e-16 9.359315290109003399e+03
3.398263097453181828e-17 1.150869945470918665e-16 9.360098141251597553e+03
3.334612785451383110e-16 1.153315788980967816e-16 9.360881057625891117e+03
3.970695117908806066e-16 1.150455303781615592e-16 9.361664039300174409e+03
3.117886269801205815e-16 1.148149452744738061e-16 9.362447086342745024e+03
-1.273090187729868852e-16 1.137989465069650675e-16 9.363230198821886006e+03
3.076059949442902625e-16 1.130061009363700782e-16 9.364013376805887674e+03
1.359547045637010864e-16 1.119162973081813005e-16 9.364796620363045804e+03
3.120223097678809504e-16 1.113748280492249468e-16 9.365579929561641620e+03
3.865137692548676317e-16 1.115496486237491697e-16 9.366363304469974537e+03
3.455947446947825120e-16 1.120788262286846364e-16 9.367146745156325778e+03
1.064972481740451785e-16 1.127888992960640195e-16 9.367930251688992939e+03
7.941685407326286433e-16 1.135555738295049504e-16 9.368713824136259063e+03
1.945541766004776754e-16 1.148048347766048261e-16 9.369497462566421746e+03
8.762135773193911731e-17 1.154548343489702030e-16 9.370281167047765848e+03
1.938096419511179314e-16 1.167958151293566804e-16 9.371064937648581690e+03
7.570424911103061357e-17 1.191100824823639167e-16 9.371848774437163229e+03
2.074041920191642686e-16 1.236802867174309435e-16 9.372632677481800783e+03
5.969000883443562890e-17 1.338715628451171144e-16 9.373416646850773759e+03
6.557097211314801672e-16 1.526735432238964367e-16 9.374200682612385208e+03
6.275033176467235281e-16 1.854598583000989547e-16 9.374984784834918173e+03
3.767317710289219647e-16 2.233013119352675534e-16 9.375768953586664793e+03
-1.588935641134192986e-16 2.551709170517068105e-16 9.376553188935915387e+03
-1.477425984768673798e-15 2.806119493235465792e-16 9.377337490950958454e+03
-1.085724909051579082e-15 3.015064921747496244e-16 9.378121859700087953e+03
-9.750544600412490667e-16 3.168686315732529231e-16 9.378906295251588745e+03
-1.577026725459967742e-15 3.233333026024798524e-16 9.379690797673754787e+03
-2.197224705321288232e-15 3.252888189197630365e-16 9.380475367034874580e+03
-2.066002562005531707e-15 3.246951945825774646e-16 9.381260003403240262e+03
-1.518255217980266029e-15 3.254471049811407729e-16 9.382044706847136695e+03
-1.178052536404988705e-15 3.254086947001092855e-16 9.382829477434856017e+03
-1.768407308589689823e-15 3.261347924863657336e-16 9.383614315234692185e+03
-7.933556500001284185e-16 3.270434849520070820e-16 9.384399220314933700e+03
-6.491060258398098184e-16 3.283636684425010874e-16 9.385184192743869062e+03
-1.454564816336325082e-15 3.302265615096925383e-16 9.385969232589786770e+03
-2.077538807838365762e-15 3.295414133117570689e-16 9.386754339920982602e+03
-1.503199825554171712e-15 3.267958969077445359e-16 9.387539514805743238e+03
-3.015107649353098784e-15 3.199906628446967445e-16 9.388324757312355359e+03
-4.515222361349876301e-15 3.038518181848336355e-16 9.389110067509114742e+03
-3.615122662747681197e-15 2.781616184097169325e-16 9.389895445464309887e+03
-4.751092208012170167e-16 2.467978978275520782e-16 9.390680891246227475e+03
-1.386217025945645644e-16 2.152739796572895548e-16 9.391466404923161463e+03
9.839837077751775507e-16 1.842993373901402997e-16 9.392251986563400351e+03
8.675308049749332258e-16 1.532498187163541786e-16 9.393037636235232640e+03
-1.196064467952581512e-18 1.394741984989257240e-16 9.393823354006952286e+03
3.419797846925251196e-16 1.383227021369075684e-16 9.394609139946847790e+03
5.202857154792613024e-16 1.386695355075723625e-16 9.395394994123209472e+03
3.623594803383338932e-16 1.388721407235658386e-16 9.396180916604324011e+03
2.079445786149706508e-16 1.381360097139562165e-16 9.396966907458485366e+03
3.218739567839207523e-16 1.371447254715371768e-16 9.397752966753982037e+03
5.430826000550535836e-16 1.365676103622677848e-16 9.398539094559106161e+03
-5.909952220336352554e-17 1.346704423467027275e-16 9.399325290942146239e+03
-1.427765899172122441e-17 1.332110202721710027e-16 9.400111555971390771e+03
1.601666830745244914e-16 1.323572140275263239e-16 9.400897889715131896e+03
4.153595706968487482e-16 1.343170951977847462e-16 9.401684292241658113e+03
2.759369817336374118e-16 1.390912839599358536e-16 9.402470763619265199e+03
-2.221804764501272633e-16 1.457107398065300831e-16 9.403257303916230740e+03
8.685476725021201698e-16 1.522187365300835282e-16 9.404043913200861425e+03
5.055858652516443140e-16 1.587213413703490867e-16 9.404830591541434842e+03
8.125399367101589322e-16 1.648284159989196722e-16 9.405617339006243128e+03
7.327885841911031912e-16 1.690414811055652738e-16 9.406404155663578422e+03
5.783906533223132402e-16 1.712683962021295173e-16 9.407191041581732861e+03
6.343605040716829084e-16 1.730054635213395486e-16 9.407977996828991309e+03
2.480869207671577803e-16 1.746712040549656304e-16 9.408765021473649540e+03
5.408947563403238152e-16 1.767650909515857103e-16 9.409552115583992418e+03
-2.140655973424552569e-16 1.783805418187096986e-16 9.410339279228312080e+03
8.250345234274537002e-16 1.798601826717070584e-16 9.411126512474900665e+03
5.156524703677039993e-16 1.803371937754809963e-16 9.411913815392048491e+03
1.609089364023290702e-16 1.808871278203592893e-16 9.412701188048038603e+03
1.862823320353035528e-16 1.807407641763018038e-16 9.413488630511170413e+03
-2.302249747822849852e-17 1.798701003155986542e-16 9.414276142849726966e+03
4.147572864115434950e-17 1.780792024084054068e-16 9.415063725132002219e+03
-5.430967475892817819e-16 1.743459539330903039e-16 9.415851377426286490e+03
-5.380011952914902649e-17 1.668608559443498837e-16 9.416639099800864642e+03
-2.249406456575652455e-17 1.576053978702235917e-16 9.417426892324034270e+03
-3.099606620085708070e-16 1.486796697433405717e-16 9.418214755064082055e+03
1.619067305085143326e-16 1.407417467941510029e-16 9.419002688089294679e+03
3.791123148572851409e-16 1.364148113964145102e-16 9.419790691467969737e+03
-5.742823624489154672e-17 1.417818661600551323e-16 9.420578765268386633e+03
7.109818923150032653e-17 1.545394842670234180e-16 9.421366909558848420e+03
9.665248422314757818e-16 1.678250665394942851e-16 9.422155124407636322e+03
5.980810881976620263e-16 1.808979114828329345e-16 9.422943409883042477e+03
1.460174918402886531e-16 1.919338838865356862e-16 9.423731766053355386e+03
3.188653494068364458e-16 2.013098457616906272e-16 9.424520192986869006e+03
3.630189035426862500e-16 2.069793125392910547e-16 9.425308690751870017e+03
3.538715574309971385e-16 2.103846369502801898e-16 9.426097259416652378e+03
1.384484054861896711e-16 2.138961283942101896e-16 9.426885899049502768e+03
-3.530058618015524859e-17 2.166352680599217560e-16 9.427674609718709689e+03
6.190850411996224287e-16 2.183735083167686801e-16 9.428463391492565279e+03
7.166828666600237860e-16 2.202275845779798739e-16 9.429252244439365313e+03
4.866351128600438555e-16 2.206827076020107090e-16 9.430041168627391016e+03
2.568634186620085540e-16 2.203224416976768163e-16 9.430830164124934527e+03
-2.427656434496382461e-17 2.199202156581342955e-16 9.431619231000287982e+03
-1.563696693145391366e-16 2.200539016421204301e-16 9.432408369321741702e+03
-2.843521153094681507e-16 2.168948789007000374e-16 9.433197579157586006e+03
-5.993157068705559796e-16 2.118428480478329230e-16 9.433986860576109393e+03
-3.874554581051743656e-16 2.026830609620799079e-16 9.434776213645602184e+03
3.495599235940090356e-16 1.895377875748594470e-16 9.435565638434356515e+03
-3.539503462700288327e-16 1.757214480994206273e-16 9.436355135010657250e+03
-1.537731245978687231e-16 1.622434863690165176e-16 9.437144703442801983e+03
5.350198493753745038e-16 1.492598257906797627e-16 9.437934343799071939e+03
4.388944432148995326e-16 1.396533893239472813e-16 9.438724056147764713e+03
3.146122484674594461e-16 1.381043443379823051e-16 9.439513840557170624e+03
1.274396183095260943e-17 1.459561490553156834e-16 9.440303697095572716e+03
4.106728578645223850e-17 1.682212729504857920e-16 9.441093625831266763e+03
-5.549211906325669856e-16 2.021551787366689613e-16 9.441883626832539449e+03
-1.659110706885526042e-16 2.333556072313320322e-16 9.442673700167686548e+03
6.919523610374138203e-16 2.592348976506916906e-16 9.443463845904989284e+03
-2.976671333854839778e-16 2.816709297805754104e-16 9.444254064112748893e+03
-9.790751168055560989e-16 2.995675553465608947e-16 9.445044354859244777e+03
-1.112608117747847171e-15 3.083347503367996331e-16 9.445834718212772714e+03
4.437675283468641587e-17 3.086193347319736558e-16 9.446625154241621203e+03
4.293542747162965634e-16 3.090948151108172870e-16 9.447415663014082384e+03
-5.421098403356504313e-16 3.088157698868526739e-16 9.448206244598444755e+03
1.907360561037858778e-16 3.083153489133383816e-16 9.448996899062996818e+03
3.852799071716317551e-16 3.076040245591627082e-16 9.449787626476030709e+03
8.312994156030185640e-17 3.067877042097006272e-16 9.450578426905834931e+03
2.596909975414620393e-16 3.064379276251570071e-16 9.451369300420703439e+03
-9.114522090450998941e-16 3.066164666090907521e-16 9.452160247088922915e+03
-1.063710238867344479e-16 3.064277751449932140e-16 9.452951266978783678e+03
-1.198891363628787374e-15 3.058860533769379623e-16 9.453742360158576048e+03
-1.640623125400216405e-15 3.025639520443803267e-16 9.454533526696590343e+03
-2.239271191596552296e-15 2.917788931143561782e-16 9.455324766661116882e+03
-2.932097442810836563e-15 2.719044807956474486e-16 9.456116080120445986e+03
9.000410601677056497e-16 2.478943773332794460e-16 9.456907467142864334e+03
1.421401897629113689e-15 2.239473092120793791e-16 9.457698927796669523e+03
3.411264174843566294e-15 1.985344977853994945e-16 9.458490462150144594e+03
2.441652595145311405e-15 1.770029198759152203e-16 9.459282070271579869e+03
8.831751560299833114e-16 1.681822865445607468e-16 9.460073752229271122e+03
-2.011500612177868536e-16 1.773884708079673762e-16 9.460865508091505035e+03
1.463072752858253859e-16 1.957827570410839843e-16 9.461657337926570108e+03
3.224446607477462820e-16 2.118822200823106325e-16 9.462449241802758479e+03
-3.746238221776012880e-16 2.256149033398547838e-16 9.463241219788360468e+03
-4.430177304118853934e-16 2.374277198626197361e-16 9.464033271951662755e+03
6.838481877312826676e-16 2.454516992245662611e-16 9.464825398360961117e+03
7.983355876910365495e-16 2.471462095892196900e-16 9.465617599084542235e+03
3.459053535878903486e-16 2.447045280882424696e-16 9.466409874190694609e+03
-1.436323615335979091e-17 2.426262720588504838e-16 9.467202223747710377e+03
6.757018973094240916e-16 2.410188586894581580e-16 9.467994647823883497e+03
1.650900989705888480e-16 2.394977339051427700e-16 9.468787146487495193e+03
1.695837614615954208e-16 2.396031164594157188e-16 9.469579719806843059e+03
-3.575320394219934216e-16 2.407471986333614215e-16 9.470372367850217415e+03
-1.506615387995123230e-16 2.438611994286057743e-16 9.471165090685901305e+03
-3.647122376843735129e-16 2.439900148863757233e-16 9.471957888382188685e+03
-4.748861604482640097e-16 2.455266038766885845e-16 9.472750761007373512e+03
-1.409305817311109802e-15 2.453328721363250748e-16 9.473543708629740649e+03
-1.019681000891900391e-15 2.448147858037286698e-16 9.474336731317580416e+03
-1.708405172142156687e-15 2.376255278477485677e-16 9.475129829139186768e+03
-3.618781617016199702e-16 2.241025717671612483e-16 9.475923002162844568e+03
-3.654297404181728992e-16 2.077999608814847142e-16 9.476716250456849593e+03
1.158625948430635376e-15 1.922467351841440863e-16 9.477509574089488524e+03
2.235168531045353762e-15 1.776030549651150264e-16 9.478302973129051679e+03
1.381518770616099813e-15 1.659658803163645706e-16 9.479096447643831198e+03
4.708456619753806186e-16 1.754061036223087477e-16 9.479889997702110122e+03
2.316243679579007489e-15 2.031081569592095680e-16 9.480683623372187867e+03
1.080609965799559661e-15 2.322266077365082877e-16 9.481477324722352932e+03
-2.052320032443270135e-16 2.580689772196693113e-16 9.482271101820890181e+03
5.762030715902063375e-16 2.789598338357551277e-16 9.483064954736091750e+03
1.125532291587393394e-15 2.945706066026010651e-16 9.483858883536249778e+03
2.445189315290237236e-15 3.025983154014351767e-16 9.484652888289650946e+03
-6.887494517221435069e-16 3.046733940652061961e-16 9.485446969064591030e+03
7.681963705114204988e-16 3.056914841346544667e-16 9.486241125929354894e+03
7.311470299510343197e-16 3.096123815194967576e-16 9.487035358952234674e+03
-1.782306162278395921e-16 3.171350693516715217e-16 9.487829668201520690e+03
9.057721690093645757e-16 3.090703844717565914e-16 9.488624053745501442e+03
-7.389811789878204750e-16 3.130824222032423691e-16 9.489418515652469068e+03
3.483813038435438803e-16 3.174231759458460092e-16 9.490213053990710250e+03
-7.559365815862221194e-16 3.186194358150589183e-16 9.491007668828518945e+03
1.278931100700048979e-16 3.227949210616701742e-16 9.491802360234183652e+03
5.218131320242326838e-16 3.200788825525455028e-16 9.492597128275996511e+03
-6.215237223751929458e-16 3.186319742035214122e-16 9.493391973022242382e+03
3.068770802085748255e-16 3.089975342093993528e-16 9.494186894541213405e+03
-9.998120916317950583e-16 2.887429319787888504e-16 9.494981892901207175e+03
-3.955244866893569653e-16 2.636709591797337806e-16 9.495776968170506734e+03
3.359648310872663849e-16 2.354557187262759113e-16 9.496572120417398764e+03
3.144790564891678064e-18 2.053320974432729064e-16 9.497367349710177223e+03
7.634105870228834220e-16 1.746746459074564918e-16 9.498162656117136066e+03
1.076806631353526411e-15 1.537087887531314407e-16 9.498958039706561976e+03
9.497759653115136378e-16 1.474047984221608589e-16 9.499753500546743453e+03
4.621007716050783128e-17 1.447217713889445506e-16 9.500549038705970815e+03
-4.357463926578940495e-16 1.434696828297479015e-16 9.501344654252538021e+03
3.965068948768462648e-16 1.428457159174954500e-16 9.502140347254728113e+03
5.595603092064055184e-17 1.426150180591204241e-16 9.502936117780840505e+03
4.004967743579672000e-16 1.426541186416569890e-16 9.503731965899160059e+03
1.721020721596597651e-16 1.430173550703654192e-16 9.504527891677973457e+03
7.723094333459220981e-16 1.441522501945851390e-16 9.505323895185578294e+03
6.623326109196297660e-16 1.475843120761398701e-16 9.506119976490259432e+03
